usia,status_income,lama_kerja_bulan,hari_kerja_per_minggu,jam_kerja_per_hari,income_w1,income_w2,income_w3,income_w4,peak_week,app_helpful_score,respondent_id,gig_type,domisili_code,experience_tier,gig_jualan_online,gig_pekerja_harian,gig_freelance_desain,gig_ojek_online,gig_kurir,gig_freelance_it,gig_tutor,gig_content_creator,src_gojek,src_grab,src_shopee,src_tokopedia,src_tiktok,src_instagram,src_upwork,src_fiverr,src_whatsapp,src_langsung,ramai_awal_bulan,ramai_akhir_bulan_gajian,ramai_akhir_pekan,ramai_ramadan_lebaran,ramai_harbolnas_flashsale,ramai_promo_aplikasi,fluk_jumlah_pesanan_project,fluk_jam_kerja,fluk_tanggal_gajian_akhir_bulan,fluk_promo_aplikasi,fluk_rating_ulasan,fluk_akhir_pekan_hari_libur,fluk_kondisi_fisik,fluk_cuaca,fitur_ringkasan_pemasukan_pengeluaran,fitur_pengingat_penghasilan_turun,fitur_saran_menabung,fitur_saran_batas_pengeluaran,fitur_perkiraan_penghasilan_minggu_depan,pref_awal_bulan,pref_payday,pref_weekend,pref_ramadan_lebaran,pref_harbolnas,pref_promo_aplikasi,survey_date,income_w1_date,income_w2_date,income_w3_date,income_w4_date,survey_month,survey_week_of_month,survey_quarter,survey_is_month_start,survey_is_month_end,survey_is_payday_period,survey_is_weekend,survey_is_christmas_year_end,survey_is_new_year,bps_jasa_weekly,total_jam_seminggu,monthly_income,avg_weekly_income,income_std_4w,income_range_4w,income_cv_4w,direction_w1_w2,direction_w2_w3,direction_w3_w4,experience_months_log
26,2,19,7,7,150000,275000,270000,335000,4,5,R0000,pekerja_harian,jawa_timur,1-2 thn,0,1,0,0,0,0,0,0,0,0,0,0,0,0,0,0,1,0,0,0,1,1,0,0,1,0,0,0,0,1,1,0,1,0,1,0,1,0,0,1,1,0,0,2026-05-10 00:49:49,2026-05-03 00:49:49,2026-04-26 00:49:49,2026-04-19 00:49:49,2026-04-12 00:49:49,2026-05,2,2,0,0,0,1,0,0,460955.5,49,1030000,257500.0,77513.4396948899,185000,0.30102306677627144,Up,Stable,Up,2.995732273553991
26,0,72,6,7,300000,16800,325000,330000,4,4,R0001,ojek_online,bandung,> 5 thn,0,0,0,1,0,0,0,0,1,0,0,0,0,0,0,0,0,0,0,0,0,1,0,0,1,1,0,0,0,0,0,0,1,0,0,0,0,0,0,0,1,0,0,2026-05-10 01:06:28,2026-05-03 01:06:28,2026-04-26 01:06:28,2026-04-19 01:06:28,2026-04-12 01:06:28,2026-05,2,2,0,0,0,1,0,0,518297.0,42,971800,242950.0,151336.74372075012,313200,0.6229131250082326,Down,Up,Stable,4.290459441148391
36,1,20,7,11,550000,360000,760000,325000,3,3,R0002,ojek_online,bandung,1-2 thn,0,0,0,1,0,0,0,0,1,0,0,0,0,0,0,0,0,0,0,0,1,0,0,0,1,0,0,0,0,0,0,0,1,0,0,1,0,0,0,1,0,0,0,2026-05-10 04:11:27,2026-05-03 04:11:27,2026-04-26 04:11:27,2026-04-19 04:11:27,2026-04-12 04:11:27,2026-05,2,2,0,0,0,1,0,0,518297.0,77,1995000,498750.0,200265.44884228034,435000,0.40153473452086286,Down,Up,Down,3.044522437723423
22,2,3,3,3,210000,120000,150000,120000,0,5,R0003,tutor,jawa_timur,< 6 bln,0,0,0,0,0,0,1,0,0,0,0,0,1,1,0,0,1,0,1,0,1,0,0,0,1,1,0,0,0,0,0,0,1,1,0,1,0,1,0,1,0,0,0,2026-05-10 05:55:08,2026-05-03 05:55:08,2026-04-26 05:55:08,2026-04-19 05:55:08,2026-04-12 05:55:08,2026-05,2,2,0,0,0,1,0,0,460955.5,9,600000,150000.0,42426.40687119285,90000,0.282842712474619,Down,Up,Down,1.3862943611198906
41,1,14,5,9,400000,335000,440000,300000,3,2,R0004,pekerja_harian,jawa_timur,1-2 thn,0,1,0,0,0,0,0,0,0,0,0,0,0,0,0,0,1,0,1,0,1,1,0,0,1,0,0,0,0,1,0,0,1,0,0,1,0,1,0,1,1,0,0,2026-05-10 06:48:27,2026-05-03 06:48:27,2026-04-26 06:48:27,2026-04-19 06:48:27,2026-04-12 06:48:27,2026-05,2,2,0,0,0,1,0,0,460955.5,45,1475000,368750.0,63031.07699116894,140000,0.17093173421333951,Down,Up,Down,2.70805020110221
30,1,19,5,6,840000,650000,800000,400000,0,3,R0005,jualan_online,sulawesi,1-2 thn,1,0,0,0,0,0,0,0,0,0,0,0,1,1,0,0,1,0,1,1,0,0,0,1,1,0,1,0,0,1,0,0,1,1,1,0,0,1,1,0,0,0,1,2026-05-10 07:05:10,2026-05-03 07:05:10,2026-04-26 07:05:10,2026-04-19 07:05:10,2026-04-12 07:05:10,2026-05,2,2,0,0,0,1,0,0,559306.0,30,2690000,672500.0,199227.67545365443,440000,0.29624933152959765,Down,Up,Down,2.995732273553991
26,0,31,5,6,325000,195000,380000,195000,3,1,R0006,freelance_desain,jawa_timur,2-5 thn,0,0,1,0,0,0,0,0,0,0,0,0,1,1,0,0,1,0,0,1,0,0,0,0,1,1,1,0,0,0,0,0,1,1,1,0,0,0,1,0,0,0,0,2026-05-10 07:37:54,2026-05-03 07:37:54,2026-04-26 07:37:54,2026-04-19 07:37:54,2026-04-12 07:37:54,2026-05,2,2,0,0,0,1,0,0,460955.5,30,1095000,273750.0,93663.84930519707,185000,0.3421510476902176,Down,Up,Down,3.4657359027997265
22,0,24,4,3,400000,250000,200000,280000,1,5,R0007,freelance_desain,jabodetabek,1-2 thn,0,0,1,0,0,0,0,0,0,0,0,0,1,1,0,0,0,0,1,0,0,0,0,0,1,0,1,0,1,0,0,0,0,1,0,0,0,1,0,0,0,0,0,2026-05-10 07:52:12,2026-05-03 07:52:12,2026-04-26 07:52:12,2026-04-19 07:52:12,2026-04-12 07:52:12,2026-05,2,2,0,0,0,1,0,0,739240.8333333334,12,1130000,282500.0,85000.0,200000,0.3008849557522124,Down,Down,Up,3.2188758248682006
17,1,77,5,5,660000,780000,1000000,810000,3,5,R0008,freelance_it,bandung,> 5 thn,0,0,0,0,0,1,0,0,0,0,0,0,0,0,0,1,0,0,1,1,0,0,0,0,1,0,1,0,1,0,0,0,1,1,0,0,1,1,1,0,0,0,0,2026-05-10 08:12:17,2026-05-03 08:12:17,2026-04-26 08:12:17,2026-04-19 08:12:17,2026-04-12 08:12:17,2026-05,2,2,0,0,0,1,0,0,518297.0,25,3250000,812500.0,140801.27840328723,340000,0.17329388111173813,Up,Up,Down,4.356708826689592
27,2,14,5,8,175000,175000,210000,175000,3,3,R0009,freelance_desain,bali,1-2 thn,0,0,1,0,0,0,0,0,0,0,0,0,1,1,0,1,0,0,1,1,1,0,0,0,1,1,0,0,0,0,0,0,1,1,1,0,0,1,1,1,0,0,0,2026-05-10 08:31:43,2026-05-03 08:31:43,2026-04-26 08:31:43,2026-04-19 08:31:43,2026-04-12 08:31:43,2026-05,2,2,0,0,0,1,0,0,548095.6666666666,40,735000,183750.0,17500.0,35000,0.09523809523809523,Stable,Up,Down,2.70805020110221
33,1,10,6,9,500000,640000,575000,630000,4,3,R0010,kurir,jabodetabek,6-12 bln,0,0,0,0,1,0,0,0,1,0,1,0,0,0,0,0,0,0,1,0,1,0,0,0,1,0,0,1,0,0,0,1,1,0,1,1,0,1,0,1,0,0,0,2026-05-10 08:39:33,2026-05-03 08:39:33,2026-04-26 08:39:33,2026-04-19 08:39:33,2026-04-12 08:39:33,2026-05,2,2,0,0,0,1,0,0,739240.8333333334,54,2345000,586250.0,64209.942116985796,140000,0.109526553717673,Up,Down,Up,2.3978952727983707
20,2,17,5,5,750000,600000,575000,975000,2,4,R0011,freelance_it,jawa_tengah,1-2 thn,0,0,0,0,0,1,0,0,0,0,0,0,0,0,0,0,1,0,1,1,0,0,0,0,1,0,0,0,0,0,0,0,0,1,1,0,1,1,1,0,0,0,0,2026-05-10 08:45:58,2026-05-03 08:45:58,2026-04-26 08:45:58,2026-04-19 08:45:58,2026-04-12 08:45:58,2026-05,2,2,0,0,0,1,0,0,442180.75,25,2900000,725000.0,183711.73070873835,400000,0.2533954906327426,Down,Stable,Up,2.8903717578961645
41,2,21,6,7,1040000,1125000,900000,735000,4,5,R0012,kurir,jawa_timur,1-2 thn,0,0,0,0,1,0,0,0,0,0,0,0,0,0,0,0,1,0,0,0,1,0,0,0,1,0,0,0,0,0,0,0,1,0,1,0,1,0,0,1,0,0,0,2026-05-10 08:57:57,2026-05-03 08:57:57,2026-04-26 08:57:57,2026-04-19 08:57:57,2026-04-12 08:57:57,2026-05,2,2,0,0,0,1,0,0,460955.5,42,3800000,950000.0,170733.71078963872,390000,0.17971969556804077,Up,Down,Down,3.091042453358316
22,1,2,5,8,675000,715000,540000,580000,2,2,R0013,freelance_desain,jabodetabek,< 6 bln,0,0,1,0,0,0,0,0,0,0,0,0,1,1,0,0,1,0,1,1,0,0,0,0,1,1,1,0,0,0,0,0,1,1,0,1,0,1,1,0,0,0,0,2026-05-10 09:13:34,2026-05-03 09:13:34,2026-04-26 09:13:34,2026-04-19 09:13:34,2026-04-12 09:13:34,2026-05,2,2,0,0,0,1,0,0,739240.8333333334,40,2510000,627500.0,81291.65598838132,175000,0.1295484557583766,Up,Down,Up,1.0986122886681096
17,0,30,4,5,160000,200000,165000,255000,4,4,R0014,jualan_online,jawa_barat_lainnya,2-5 thn,1,0,0,0,0,0,0,0,0,0,0,0,1,1,0,0,1,0,1,1,0,0,0,0,1,0,0,0,0,1,0,0,0,1,1,0,0,1,1,0,0,0,0,2026-05-10 09:14:22,2026-05-03 09:14:22,2026-04-26 09:14:22,2026-04-19 09:14:22,2026-04-12 09:14:22,2026-05,2,2,0,0,0,1,0,0,518297.0,20,780000,195000.0,43779.751788545655,95000,0.22451154763356745,Up,Down,Up,3.4339872044851463
30,1,17,4,4,425000,400000,745000,425000,1,4,R0015,freelance_desain,jabodetabek,1-2 thn,0,0,1,0,0,0,0,0,0,0,0,0,1,1,0,0,1,0,1,0,0,0,0,0,1,1,0,0,1,0,0,0,1,1,0,0,1,1,0,0,0,0,0,2026-05-10 09:15:32,2026-05-03 09:15:32,2026-04-26 09:15:32,2026-04-19 09:15:32,2026-04-12 09:15:32,2026-05,2,2,0,0,0,1,0,0,739240.8333333334,16,1995000,498750.0,164589.1349188437,345000,0.3300032780327693,Down,Up,Down,2.8903717578961645
27,1,4,3,7,260000,275000,10000,15000,2,5,R0016,pekerja_harian,jawa_timur,< 6 bln,0,1,0,0,0,0,0,0,0,0,0,0,0,0,0,0,1,0,1,0,1,1,0,0,1,0,0,0,0,1,1,0,0,1,0,1,1,1,0,1,1,0,0,2026-05-10 09:18:36,2026-05-03 09:18:36,2026-04-26 09:18:36,2026-04-19 09:18:36,2026-04-12 09:18:36,2026-05,2,2,0,0,0,1,0,0,460955.5,21,560000,140000.0,147365.75812130395,265000,1.052612558009314,Up,Down,Up,1.6094379124341003
35,1,55,5,4,825000,780000,400000,580000,0,3,R0017,freelance_it,bandung,2-5 thn,0,0,0,0,0,1,0,0,0,0,0,0,0,0,0,1,1,0,1,1,1,0,0,0,1,1,0,0,1,0,0,0,1,1,0,0,0,1,1,1,0,0,0,2026-05-10 09:44:03,2026-05-03 09:44:03,2026-04-26 09:44:03,2026-04-19 09:44:03,2026-04-12 09:44:03,2026-05,2,2,0,0,0,1,0,0,518297.0,20,2585000,646250.0,195677.24275789797,425000,0.3027887702249872,Down,Down,Up,4.02535169073515
34,0,9,6,6,640000,380000,725000,710000,3,5,R0018,ojek_online,jawa_timur,6-12 bln,0,0,0,1,0,0,0,0,1,0,0,0,0,0,0,0,0,0,1,0,0,1,0,0,1,0,0,1,0,0,0,1,0,0,0,1,1,1,0,0,1,0,0,2026-05-10 10:00:19,2026-05-03 10:00:19,2026-04-26 10:00:19,2026-04-19 10:00:19,2026-04-12 10:00:19,2026-05,2,2,0,0,0,1,0,0,460955.5,36,2455000,613750.0,160175.68479641346,345000,0.26097871249924803,Down,Up,Stable,2.302585092994046
26,0,35,3,4,325000,600000,315000,270000,2,1,R0019,freelance_it,bali,2-5 thn,0,0,0,0,0,1,0,0,0,0,0,0,0,0,0,0,1,0,1,1,0,0,0,0,1,1,1,0,0,0,0,0,0,1,1,1,0,1,1,0,0,0,0,2026-05-10 10:04:14,2026-05-03 10:04:14,2026-04-26 10:04:14,2026-04-19 10:04:14,2026-04-12 10:04:14,2026-05,2,2,0,0,0,1,0,0,548095.6666666666,12,1510000,377500.0,150249.7920131672,330000,0.3980126940746151,Up,Down,Down,3.58351893845611
26,2,1,7,7,40000,40000,610000,940000,0,5,R0020,kurir,sulawesi,< 6 bln,0,0,0,0,1,0,0,0,0,1,0,0,0,0,0,0,0,0,0,0,0,0,1,1,1,0,0,0,0,0,0,1,0,1,0,1,1,0,0,0,0,1,1,2026-05-10 10:12:59,2026-05-03 10:12:59,2026-04-26 10:12:59,2026-04-19 10:12:59,2026-04-12 10:12:59,2026-05,2,2,0,0,0,1,0,0,559306.0,49,1630000,407500.0,445224.6623896749,900000,1.0925758586249692,Stable,Up,Up,0.6931471805599453
26,2,26,6,7,560000,600000,885000,490000,4,4,R0021,kurir,jawa_timur,2-5 thn,0,0,0,0,1,0,0,0,0,1,0,0,0,0,0,0,0,0,0,0,0,0,1,1,1,1,0,0,0,0,0,0,0,1,1,0,1,0,0,0,0,1,1,2026-05-10 10:31:39,2026-05-03 10:31:39,2026-04-26 10:31:39,2026-04-19 10:31:39,2026-04-12 10:31:39,2026-05,2,2,0,0,0,1,0,0,460955.5,42,2535000,633750.0,173559.5478983126,395000,0.27386121956341236,Up,Up,Down,3.295836866004329
27,0,7,6,5,625000,16800,380000,430000,1,2,R0022,jualan_online,jawa_timur,6-12 bln,1,0,0,0,0,0,0,0,0,0,1,1,1,1,0,0,1,0,0,0,0,0,1,1,1,0,0,0,0,1,0,0,0,1,1,1,0,0,0,0,0,1,1,2026-05-10 10:33:20,2026-05-03 10:33:20,2026-04-26 10:33:20,2026-04-19 10:33:20,2026-04-12 10:33:20,2026-05,2,2,0,0,0,1,0,0,460955.5,30,1451800,362950.0,253821.74191086678,608200,0.6993297752055841,Down,Up,Up,2.0794415416798357
27,2,26,5,6,105000,225000,200000,200000,2,4,R0023,jualan_online,sulawesi,2-5 thn,1,0,0,0,0,0,0,0,0,0,0,0,1,1,0,0,0,0,1,0,0,1,1,0,1,0,1,1,0,0,0,0,0,1,0,1,1,1,0,0,1,1,0,2026-05-10 10:38:19,2026-05-03 10:38:19,2026-04-26 10:38:19,2026-04-19 10:38:19,2026-04-12 10:38:19,2026-05,2,2,0,0,0,1,0,0,559306.0,30,730000,182500.0,52993.710318615485,120000,0.29037649489652323,Up,Down,Stable,3.295836866004329
22,0,45,5,5,260000,275000,275000,350000,1,3,R0024,content_creator,jabodetabek,2-5 thn,0,0,0,0,0,0,0,1,0,0,0,0,1,1,0,0,1,0,0,0,0,0,1,0,1,0,0,1,0,1,0,0,1,0,0,0,0,0,0,0,0,1,0,2026-05-10 10:40:09,2026-05-03 10:40:09,2026-04-26 10:40:09,2026-04-19 10:40:09,2026-04-12 10:40:09,2026-05,2,2,0,0,0,1,0,0,739240.8333333334,25,1160000,290000.0,40620.1920231798,90000,0.14006962766613723,Up,Stable,Up,3.828641396489095
23,1,33,3,2,275000,275000,250000,215000,1,4,R0025,tutor,jabodetabek,2-5 thn,0,0,0,0,0,0,1,0,0,0,0,0,1,1,0,0,1,0,1,1,1,0,0,0,1,1,0,0,0,0,0,0,1,0,1,0,0,1,1,1,0,0,0,2026-05-10 11:07:00,2026-05-03 11:07:00,2026-04-26 11:07:00,2026-04-19 11:07:00,2026-04-12 11:07:00,2026-05,2,2,0,0,0,1,0,0,739240.8333333334,6,1015000,253750.0,28394.54172900137,60000,0.11189967183842904,Stable,Down,Down,3.5263605246161616
28,1,43,6,8,400000,25000,505000,465000,1,2,R0026,freelance_it,sulawesi,2-5 thn,0,0,0,0,0,1,0,0,0,0,0,0,0,0,1,1,0,0,1,1,1,0,0,0,1,1,0,0,0,0,0,0,1,0,1,0,0,1,1,1,0,0,0,2026-05-10 11:07:24,2026-05-03 11:07:24,2026-04-26 11:07:24,2026-04-19 11:07:24,2026-04-12 11:07:24,2026-05,2,2,0,0,0,1,0,0,559306.0,48,1395000,348750.0,220127.80378680018,480000,0.6311908352309683,Down,Up,Down,3.784189633918261
28,0,23,4,2,200000,225000,180000,155000,2,2,R0027,content_creator,bandung,1-2 thn,0,0,0,0,0,0,0,1,0,0,1,1,1,0,0,0,1,0,0,0,1,1,1,0,1,0,1,1,0,0,0,0,0,1,0,0,0,0,0,1,1,1,0,2026-05-10 11:11:28,2026-05-03 11:11:28,2026-04-26 11:11:28,2026-04-19 11:11:28,2026-04-12 11:11:28,2026-05,2,2,0,0,0,1,0,0,518297.0,8,760000,190000.0,29720.924166878343,70000,0.15642591666778075,Up,Down,Down,3.1780538303479458
36,1,15,7,9,1336200,485000,1350000,1342800,0,2,R0028,ojek_online,sumatera,1-2 thn,0,0,0,1,0,0,0,0,1,0,0,0,0,0,0,0,0,0,0,0,0,0,0,1,1,0,0,1,1,0,0,0,0,1,1,1,0,0,0,0,0,0,1,2026-05-10 11:25:55,2026-05-03 11:25:55,2026-04-26 11:25:55,2026-04-19 11:25:55,2026-04-12 11:25:55,2026-05,2,2,0,0,0,1,0,0,517481.9375,63,4514000,1128500.0,429037.0147201754,865000,0.3801834423749893,Down,Up,Stable,2.772588722239781
28,1,3,3,7,375000,200000,290000,175000,1,1,R0029,pekerja_harian,sulawesi,< 6 bln,0,1,0,0,0,0,0,0,0,0,0,0,0,0,0,0,1,0,0,0,1,0,0,0,1,0,0,0,0,0,1,0,0,1,1,1,0,0,0,1,0,0,0,2026-05-10 12:01:18,2026-05-03 12:01:18,2026-04-26 12:01:18,2026-04-19 12:01:18,2026-04-12 12:01:18,2026-05,2,2,0,0,0,1,0,0,559306.0,21,1040000,260000.0,91195.76013536302,200000,0.35075292359755006,Down,Up,Down,1.3862943611198906
17,1,41,6,3,475000,495000,450000,430000,2,5,R0030,jualan_online,bandung,2-5 thn,1,0,0,0,0,0,0,0,0,0,0,0,0,0,0,0,1,0,1,0,0,1,0,1,1,0,1,0,0,0,0,0,0,0,1,1,0,1,0,0,1,0,1,2026-05-10 12:17:29,2026-05-03 12:17:29,2026-04-26 12:17:29,2026-04-19 12:17:29,2026-04-12 12:17:29,2026-05,2,2,0,0,0,1,0,0,518297.0,18,1850000,462500.0,28431.203515386635,65000,0.06147287246570083,Stable,Down,Stable,3.7376696182833684
26,1,13,3,5,775000,730000,620000,35000,3,3,R0031,freelance_desain,jabodetabek,1-2 thn,0,0,1,0,0,0,0,0,0,0,0,0,0,0,0,1,1,0,1,1,0,0,0,0,1,0,0,0,1,0,0,0,1,1,1,0,0,1,1,0,0,0,0,2026-05-10 12:41:27,2026-05-03 12:41:27,2026-04-26 12:41:27,2026-04-19 12:41:27,2026-04-12 12:41:27,2026-05,2,2,0,0,0,1,0,0,739240.8333333334,15,2160000,540000.0,342904.26263511705,740000,0.6350078937687352,Down,Down,Down,2.639057329615259
34,0,3,6,5,370000,400000,320000,275000,2,3,R0032,jualan_online,jawa_tengah,< 6 bln,1,0,0,0,0,0,0,0,0,0,0,0,0,0,0,0,1,0,0,1,0,1,0,1,1,0,0,1,0,1,0,0,0,1,0,1,0,0,1,0,1,0,1,2026-05-10 13:17:28,2026-05-03 13:17:28,2026-04-26 13:17:28,2026-04-19 13:17:28,2026-04-12 13:17:28,2026-05,2,2,0,0,0,1,0,0,442180.75,30,1365000,341250.0,55132.41635674363,125000,0.161560194451996,Up,Down,Down,1.3862943611198906
28,1,56,7,8,450000,520000,640000,575000,3,3,R0033,ojek_online,jawa_barat_lainnya,2-5 thn,0,0,0,1,0,0,0,0,0,1,0,0,0,0,0,0,0,0,0,0,0,0,0,0,1,0,0,1,0,0,0,0,1,0,1,1,0,0,0,0,0,0,0,2026-05-10 13:22:05,2026-05-03 13:22:05,2026-04-26 13:22:05,2026-04-19 13:22:05,2026-04-12 13:22:05,2026-05,2,2,0,0,0,1,0,0,518297.0,56,2185000,546250.0,80764.57556792251,190000,0.1478527699183936,Up,Up,Down,4.04305126783455
25,0,11,4,3,400000,320000,850000,300000,3,3,R0034,tutor,jabodetabek,6-12 bln,0,0,0,0,0,0,1,0,0,0,0,0,1,1,0,0,0,0,1,1,1,0,0,0,1,0,0,0,0,0,1,0,0,0,0,1,0,1,1,1,0,0,0,2026-05-10 13:38:21,2026-05-03 13:38:21,2026-04-26 13:38:21,2026-04-19 13:38:21,2026-04-12 13:38:21,2026-05,2,2,0,0,0,1,0,0,739240.8333333334,12,1870000,467500.0,258634.2333618399,550000,0.553228306656342,Down,Up,Down,2.4849066497880004
34,2,48,6,9,825000,1273200,1350000,530000,3,5,R0035,kurir,sumatera,2-5 thn,0,0,0,0,1,0,0,0,0,0,1,0,0,0,0,0,0,0,1,0,0,0,0,0,1,0,0,1,0,0,0,0,1,0,0,0,0,1,0,0,0,0,0,2026-05-10 13:48:18,2026-05-03 13:48:18,2026-04-26 13:48:18,2026-04-19 13:48:18,2026-04-12 13:48:18,2026-05,2,2,0,0,0,1,0,0,517481.9375,54,3978200,994550.0,386671.44968306104,820000,0.38879035712941634,Up,Up,Down,3.8918202981106265
25,0,39,5,6,260000,260000,205000,185000,1,3,R0036,freelance_desain,jabodetabek,2-5 thn,0,0,1,0,0,0,0,0,0,0,0,0,0,0,0,1,1,0,0,1,0,0,0,0,1,0,1,0,1,0,0,0,1,1,1,0,0,0,1,0,0,0,0,2026-05-10 13:50:23,2026-05-03 13:50:23,2026-04-26 13:50:23,2026-04-19 13:50:23,2026-04-12 13:50:23,2026-05,2,2,0,0,0,1,0,0,739240.8333333334,30,910000,227500.0,38405.72873934304,75000,0.16881639006304633,Stable,Down,Down,3.6888794541139363
31,0,20,3,6,240000,100000,280000,130000,3,5,R0037,pekerja_harian,jawa_barat_lainnya,1-2 thn,0,1,0,0,0,0,0,0,0,0,0,0,0,0,0,0,1,0,1,0,0,1,0,0,1,0,0,0,0,0,0,0,0,1,0,1,1,1,0,0,1,0,0,2026-05-10 14:04:58,2026-05-03 14:04:58,2026-04-26 14:04:58,2026-04-19 14:04:58,2026-04-12 14:04:58,2026-05,2,2,0,0,0,1,0,0,518297.0,18,750000,187500.0,86168.43969807043,180000,0.4595650117230423,Down,Up,Down,3.044522437723423
33,2,15,6,8,500000,930000,775000,760000,1,5,R0038,kurir,sumatera,1-2 thn,0,0,0,0,1,0,0,0,0,0,1,0,0,0,0,0,0,0,1,0,0,0,0,0,1,0,0,0,0,0,0,0,0,0,1,1,1,1,0,0,0,0,0,2026-05-10 14:35:05,2026-05-03 14:35:05,2026-04-26 14:35:05,2026-04-19 14:35:05,2026-04-12 14:35:05,2026-05,2,2,0,0,0,1,0,0,517481.9375,48,2965000,741250.0,178249.5909298719,430000,0.24047162351416107,Up,Down,Stable,2.772588722239781
24,0,10,6,4,300000,175000,195000,250000,1,3,R0039,jualan_online,sumatera,6-12 bln,1,0,0,0,0,0,0,0,0,0,0,0,1,1,0,0,1,0,1,0,0,1,0,1,1,0,1,0,0,1,0,0,1,0,0,1,0,1,0,0,1,0,1,2026-05-10 14:41:13,2026-05-03 14:41:13,2026-04-26 14:41:13,2026-04-19 14:41:13,2026-04-12 14:41:13,2026-05,2,2,0,0,0,1,0,0,517481.9375,24,920000,230000.0,56421.03626603585,125000,0.24530885333059066,Down,Up,Up,2.3978952727983707
37,2,16,7,7,590000,870000,600000,700000,3,4,R0040,ojek_online,bandung,1-2 thn,0,0,0,1,0,0,0,0,1,0,0,0,0,0,0,0,0,0,0,0,0,1,0,0,1,1,0,0,0,0,0,0,0,0,1,1,1,0,0,0,1,0,0,2026-05-10 15:43:03,2026-05-03 15:43:03,2026-04-26 15:43:03,2026-04-19 15:43:03,2026-04-12 15:43:03,2026-05,2,2,0,0,0,1,0,0,518297.0,49,2760000,690000.0,129871.73159185438,280000,0.18821990085775997,Up,Down,Up,2.833213344056216
35,0,11,6,8,650000,380000,575000,780000,4,3,R0041,ojek_online,jabodetabek,6-12 bln,0,0,0,1,0,0,0,0,0,1,0,0,0,0,0,0,0,0,1,0,1,0,0,0,1,1,0,0,0,0,0,0,0,1,0,0,0,1,0,1,0,0,0,2026-05-10 15:58:17,2026-05-03 15:58:17,2026-04-26 15:58:17,2026-04-19 15:58:17,2026-04-12 15:58:17,2026-05,2,2,0,0,0,1,0,0,739240.8333333334,48,2385000,596250.0,167201.22607205965,400000,0.2804213435170812,Down,Up,Up,2.4849066497880004
25,2,28,4,5,425000,390000,510000,470000,0,5,R0042,freelance_desain,jabodetabek,2-5 thn,0,0,1,0,0,0,0,0,0,0,0,0,0,0,0,0,0,0,1,1,0,0,0,0,1,1,1,0,0,0,0,0,0,1,1,1,0,1,1,0,0,0,0,2026-05-10 16:07:52,2026-05-03 16:07:52,2026-04-26 16:07:52,2026-04-19 16:07:52,2026-04-12 16:07:52,2026-05,2,2,0,0,0,1,0,0,739240.8333333334,20,1795000,448750.0,52341.02915814068,120000,0.11663739088165054,Down,Up,Down,3.367295829986474
35,2,3,6,10,1020000,1135000,60000,60000,1,5,R0043,ojek_online,jabodetabek,< 6 bln,0,0,0,1,0,0,0,0,0,1,0,0,0,0,0,0,0,0,1,0,1,0,0,0,1,0,0,0,0,0,0,0,1,0,0,1,0,1,0,1,0,0,0,2026-05-10 16:08:38,2026-05-03 16:08:38,2026-04-26 16:08:38,2026-04-19 16:08:38,2026-04-12 16:08:38,2026-05,2,2,0,0,0,1,0,0,739240.8333333334,60,2275000,568750.0,589326.9466094351,1075000,1.03617924678582,Up,Down,Stable,1.3862943611198906
28,2,12,5,8,360000,500000,370000,530000,4,4,R0044,pekerja_harian,jabodetabek,6-12 bln,0,1,0,0,0,0,0,0,0,0,0,0,0,0,0,0,1,0,1,0,1,1,0,0,1,0,0,0,0,0,0,0,0,0,0,1,0,1,0,1,1,0,0,2026-05-10 16:17:51,2026-05-03 16:17:51,2026-04-26 16:17:51,2026-04-19 16:17:51,2026-04-12 16:17:51,2026-05,2,2,0,0,0,1,0,0,739240.8333333334,40,1760000,440000.0,87559.50357709131,170000,0.1989988717661166,Up,Down,Up,2.5649493574615367
36,2,34,6,7,760000,790000,1130000,1175000,4,3,R0045,ojek_online,sumatera,2-5 thn,0,0,0,1,0,0,0,0,1,0,0,0,0,0,0,0,0,0,1,0,0,0,0,0,1,0,0,0,0,0,0,0,1,1,1,0,0,1,0,0,0,0,0,2026-05-10 16:26:45,2026-05-03 16:26:45,2026-04-26 16:26:45,2026-04-19 16:26:45,2026-04-12 16:26:45,2026-05,2,2,0,0,0,1,0,0,517481.9375,42,3855000,963750.0,219065.24903172874,415000,0.22730505736106743,Stable,Up,Stable,3.5553480614894135
29,2,18,7,9,505000,510000,25000,500000,1,4,R0046,kurir,bali,1-2 thn,0,0,0,0,1,0,0,0,0,0,1,0,0,0,0,0,0,0,0,0,0,0,1,1,1,1,0,1,0,0,0,0,0,1,1,0,0,0,0,0,0,1,1,2026-05-10 16:54:59,2026-05-03 16:54:59,2026-04-26 16:54:59,2026-04-19 16:54:59,2026-04-12 16:54:59,2026-05,2,2,0,0,0,1,0,0,548095.6666666666,63,1540000,385000.0,240034.7197108507,485000,0.6234668044437681,Stable,Down,Up,2.9444389791664403
26,1,38,4,7,1320000,1273200,1200000,630000,1,4,R0047,freelance_desain,jabodetabek,2-5 thn,0,0,1,0,0,0,0,0,0,0,0,0,0,0,0,1,1,0,1,1,0,0,0,0,1,1,1,0,0,0,0,0,1,1,0,1,0,1,1,0,0,0,0,2026-05-10 17:04:03,2026-05-03 17:04:03,2026-04-26 17:04:03,2026-04-19 17:04:03,2026-04-12 17:04:03,2026-05,2,2,0,0,0,1,0,0,739240.8333333334,28,4423200,1105800.0,321021.12080048566,690000,0.2903066746251453,Stable,Down,Down,3.6635616461296463
43,2,31,6,9,890000,560000,1105000,740000,0,3,R0048,ojek_online,jabodetabek,2-5 thn,0,0,0,1,0,0,0,0,0,1,0,0,0,0,0,0,0,0,0,0,0,0,0,0,1,0,0,0,1,0,0,0,1,0,1,1,0,0,0,0,0,0,0,2026-05-10 17:04:33,2026-05-03 17:04:33,2026-04-26 17:04:33,2026-04-19 17:04:33,2026-04-12 17:04:33,2026-05,2,2,0,0,0,1,0,0,739240.8333333334,54,3295000,823750.0,230989.71838590564,545000,0.28041240471733614,Down,Up,Down,3.4657359027997265
27,0,8,5,4,225000,200000,170000,210000,0,3,R0049,tutor,jawa_barat_lainnya,6-12 bln,0,0,0,0,0,0,1,0,0,0,0,0,0,0,0,0,1,0,0,0,1,0,0,0,1,0,1,0,0,0,0,0,0,1,1,0,0,0,0,1,0,0,0,2026-05-10 17:11:02,2026-05-03 17:11:02,2026-04-26 17:11:02,2026-04-19 17:11:02,2026-04-12 17:11:02,2026-05,2,2,0,0,0,1,0,0,518297.0,20,805000,201250.0,23228.93310794392,55000,0.11542327010158471,Down,Down,Up,2.1972245773362196
29,1,1,6,7,525000,625000,715000,760000,2,3,R0050,jualan_online,jabodetabek,< 6 bln,1,0,0,0,0,0,0,0,0,0,0,0,1,1,0,0,0,0,1,0,0,0,1,1,1,0,1,1,0,0,0,0,0,1,1,1,0,1,0,0,0,1,1,2026-05-10 17:18:10,2026-05-03 17:18:10,2026-04-26 17:18:10,2026-04-19 17:18:10,2026-04-12 17:18:10,2026-05,2,2,0,0,0,1,0,0,739240.8333333334,42,2625000,656250.0,103953.11443145896,235000,0.1584047458003184,Up,Up,Up,0.6931471805599453
38,2,16,7,10,450000,970000,550000,300000,4,3,R0051,ojek_online,bandung,1-2 thn,0,0,0,1,0,0,0,0,1,0,0,0,0,0,0,0,0,0,1,0,0,0,0,0,1,1,0,0,0,0,0,0,0,1,0,1,0,1,0,0,0,0,0,2026-05-10 17:21:35,2026-05-03 17:21:35,2026-04-26 17:21:35,2026-04-19 17:21:35,2026-04-12 17:21:35,2026-05,2,2,0,0,0,1,0,0,518297.0,70,2270000,567500.0,287329.6596826254,670000,0.5063077703658597,Up,Down,Down,2.833213344056216
18,2,36,3,4,270000,150000,550000,185000,3,3,R0052,tutor,jawa_barat_lainnya,2-5 thn,0,0,0,0,0,0,1,0,0,0,0,0,1,1,0,0,1,0,1,1,1,0,0,0,1,0,1,0,0,0,0,0,1,1,0,1,0,1,1,1,0,0,0,2026-05-10 17:28:10,2026-05-03 17:28:10,2026-04-26 17:28:10,2026-04-19 17:28:10,2026-04-12 17:28:10,2026-05,2,2,0,0,0,1,0,0,518297.0,12,1155000,288750.0,181308.8984762377,400000,0.6279096051125115,Down,Up,Down,3.6109179126442243
33,2,14,6,9,700000,395000,475000,940000,4,5,R0053,ojek_online,jawa_timur,1-2 thn,0,0,0,1,0,0,0,0,1,1,0,0,0,0,0,0,0,0,0,0,0,1,0,1,1,0,0,0,1,0,0,0,1,1,1,0,0,0,0,0,1,0,1,2026-05-10 17:33:10,2026-05-03 17:33:10,2026-04-26 17:33:10,2026-04-19 17:33:10,2026-04-12 17:33:10,2026-05,2,2,0,0,0,1,0,0,460955.5,54,2510000,627500.0,245102.01957552286,545000,0.39060082800880136,Down,Up,Up,2.70805020110221
26,0,38,4,7,750000,365000,630000,590000,0,4,R0054,freelance_desain,bandung,2-5 thn,0,0,1,0,0,0,0,0,0,0,0,0,1,1,0,1,0,0,1,1,0,1,0,0,1,0,0,0,1,0,0,0,1,1,0,1,0,1,1,0,1,0,0,2026-05-10 17:33:29,2026-05-03 17:33:29,2026-04-26 17:33:29,2026-04-19 17:33:29,2026-04-12 17:33:29,2026-05,2,2,0,0,0,1,0,0,518297.0,28,2335000,583750.0,160902.40313100774,385000,0.27563580836146934,Down,Up,Down,3.6635616461296463
43,2,46,5,7,555000,980000,555000,590000,0,5,R0055,pekerja_harian,bali,2-5 thn,0,1,0,0,0,0,0,0,0,0,0,0,0,0,0,0,1,0,1,0,1,1,0,0,1,0,0,0,0,1,0,0,0,1,1,0,1,1,0,1,1,0,0,2026-05-10 18:08:39,2026-05-03 18:08:39,2026-04-26 18:08:39,2026-04-19 18:08:39,2026-04-12 18:08:39,2026-05,2,2,0,0,0,1,0,0,548095.6666666666,35,2680000,670000.0,207324.22273659517,425000,0.3094391384128286,Up,Down,Up,3.8501476017100584
22,1,8,6,7,750000,250000,450000,225000,0,5,R0056,jualan_online,jawa_barat_lainnya,6-12 bln,1,0,0,0,0,0,0,0,0,0,0,0,1,1,0,0,0,0,0,0,0,1,1,0,1,0,1,0,0,0,0,0,0,1,1,0,1,0,0,0,1,1,0,2026-05-10 18:10:48,2026-05-03 18:10:48,2026-04-26 18:10:48,2026-04-19 18:10:48,2026-04-12 18:10:48,2026-05,2,2,0,0,0,1,0,0,518297.0,42,1675000,418750.0,242706.09798684498,525000,0.5795966519088835,Down,Up,Down,2.1972245773362196
20,2,24,7,6,140000,310000,340000,240000,0,2,R0057,pekerja_harian,jawa_barat_lainnya,1-2 thn,0,1,0,0,0,0,0,0,0,0,0,0,0,0,0,0,1,0,1,0,0,1,0,0,1,0,0,0,0,1,0,0,0,1,0,1,0,1,0,0,1,0,0,2026-05-10 18:25:46,2026-05-03 18:25:46,2026-04-26 18:25:46,2026-04-19 18:25:46,2026-04-12 18:25:46,2026-05,2,2,0,0,0,1,0,0,518297.0,42,1030000,257500.0,88835.0531415762,200000,0.3449904976371891,Up,Up,Down,3.2188758248682006
29,2,29,7,10,330000,250000,225000,660000,3,4,R0058,pekerja_harian,bali,2-5 thn,0,1,0,0,0,0,0,0,0,0,0,0,0,0,0,0,1,0,0,0,1,0,0,0,1,0,0,0,0,0,0,0,0,1,1,0,0,0,0,1,0,0,0,2026-05-10 18:39:52,2026-05-03 18:39:52,2026-04-26 18:39:52,2026-04-19 18:39:52,2026-04-12 18:39:52,2026-05,2,2,0,0,0,1,0,0,548095.6666666666,70,1465000,366250.0,200888.65074961304,435000,0.548501435493824,Down,Down,Up,3.4011973816621555
21,2,21,6,9,440000,480000,450000,475000,1,4,R0059,kurir,jawa_barat_lainnya,1-2 thn,0,0,0,0,1,0,0,0,0,0,1,0,0,0,0,0,0,0,0,0,1,0,1,1,1,0,0,1,0,0,0,0,0,1,0,1,1,0,0,1,0,1,1,2026-05-10 18:48:10,2026-05-03 18:48:10,2026-04-26 18:48:10,2026-04-19 18:48:10,2026-04-12 18:48:10,2026-05,2,2,0,0,0,1,0,0,518297.0,54,1845000,461250.0,19311.05037709411,40000,0.041866775885298885,Up,Down,Up,3.091042453358316
21,1,18,2,5,590000,575000,870000,625000,4,4,R0060,tutor,jabodetabek,1-2 thn,0,0,0,0,0,0,1,0,0,0,0,0,0,0,0,0,1,0,1,0,1,0,0,0,1,0,0,0,0,0,1,0,0,1,0,1,1,1,0,1,0,0,0,2026-05-10 18:48:50,2026-05-03 18:48:50,2026-04-26 18:48:50,2026-04-19 18:48:50,2026-04-12 18:48:50,2026-05,2,2,0,0,0,1,0,0,739240.8333333334,10,2660000,665000.0,138263.03434637425,295000,0.2079143373629688,Stable,Up,Down,2.9444389791664403
51,1,19,5,7,130000,350000,120000,310000,2,5,R0061,pekerja_harian,jawa_timur,1-2 thn,0,1,0,0,0,0,0,0,0,0,0,0,0,0,0,0,1,0,1,0,0,0,0,0,1,0,0,0,0,0,1,0,1,0,1,1,0,1,0,0,0,0,0,2026-05-10 19:09:34,2026-05-03 19:09:34,2026-04-26 19:09:34,2026-04-19 19:09:34,2026-04-12 19:09:34,2026-05,2,2,0,0,0,1,0,0,460955.5,35,910000,227500.0,119547.75893619531,230000,0.5254846546645948,Up,Down,Up,2.995732273553991
21,1,13,3,6,345000,725000,650000,480000,2,4,R0062,freelance_desain,sulawesi,1-2 thn,0,0,1,0,0,0,0,0,0,0,0,0,1,1,0,0,0,0,0,1,0,0,0,0,1,0,0,0,0,0,0,0,1,0,0,1,0,0,1,0,0,0,0,2026-05-10 19:33:30,2026-05-03 19:33:30,2026-04-26 19:33:30,2026-04-19 19:33:30,2026-04-12 19:33:30,2026-05,2,2,0,0,0,1,0,0,559306.0,18,2200000,550000.0,170831.30080091686,380000,0.3106023650925761,Up,Down,Down,2.639057329615259
29,1,46,7,7,510000,900000,375000,1000000,1,5,R0063,ojek_online,jawa_tengah,2-5 thn,0,0,0,1,0,0,0,0,1,0,0,0,0,0,0,0,0,0,0,0,1,0,0,1,1,1,0,0,0,0,0,0,0,0,0,1,1,0,0,1,0,0,1,2026-05-10 19:38:25,2026-05-03 19:38:25,2026-04-26 19:38:25,2026-04-19 19:38:25,2026-04-12 19:38:25,2026-05,2,2,0,0,0,1,0,0,442180.75,49,2785000,696250.0,300925.6552705336,625000,0.43220919967042526,Up,Down,Up,3.8501476017100584
31,2,15,6,11,500000,650000,665000,565000,1,3,R0064,ojek_online,bandung,1-2 thn,0,0,0,1,0,0,0,0,0,1,0,0,0,0,0,0,0,0,1,0,1,0,0,0,1,1,0,0,0,0,0,0,1,0,1,1,0,1,0,1,0,0,0,2026-05-10 19:42:32,2026-05-03 19:42:32,2026-04-26 19:42:32,2026-04-19 19:42:32,2026-04-12 19:42:32,2026-05,2,2,0,0,0,1,0,0,518297.0,66,2380000,595000.0,77136.24310270757,165000,0.12964074471043288,Up,Stable,Down,2.772588722239781
24,0,32,4,7,115000,80000,50000,80000,3,3,R0065,jualan_online,sumatera,2-5 thn,1,0,0,0,0,0,0,0,0,0,1,1,1,1,0,0,0,0,1,0,0,0,1,0,1,0,0,0,0,0,0,0,0,1,0,1,0,1,0,0,0,1,0,2026-05-10 19:46:51,2026-05-03 19:46:51,2026-04-26 19:46:51,2026-04-19 19:46:51,2026-04-12 19:46:51,2026-05,2,2,0,0,0,1,0,0,517481.9375,28,325000,81250.0,26575.364531836625,65000,0.3270814096226046,Down,Down,Up,3.4965075614664802
27,1,6,2,5,230000,16800,300000,200000,4,2,R0066,tutor,sumatera,< 6 bln,0,0,0,0,0,0,1,0,0,0,0,0,1,1,0,0,1,0,1,0,1,0,0,0,1,0,1,0,0,0,0,0,0,0,1,0,0,1,0,1,0,0,0,2026-05-10 20:04:51,2026-05-03 20:04:51,2026-04-26 20:04:51,2026-04-19 20:04:51,2026-04-12 20:04:51,2026-05,2,2,0,0,0,1,0,0,517481.9375,10,746800,186700.0,120767.9317258242,283200,0.6468555528967552,Down,Up,Down,1.9459101490553132
25,1,24,3,8,270000,275000,250000,280000,4,3,R0067,freelance_desain,bali,1-2 thn,0,0,1,0,0,0,0,0,0,0,0,0,0,0,0,0,1,0,1,1,0,0,0,0,1,0,0,0,1,0,0,0,1,0,0,1,0,1,1,0,0,0,0,2026-05-10 20:20:55,2026-05-03 20:20:55,2026-04-26 20:20:55,2026-04-19 20:20:55,2026-04-12 20:20:55,2026-05,2,2,0,0,0,1,0,0,548095.6666666666,24,1075000,268750.0,13149.778198382915,30000,0.04892940724979689,Stable,Down,Up,3.2188758248682006
32,2,65,7,7,1336200,1040000,1350000,1200000,1,4,R0068,ojek_online,jawa_tengah,> 5 thn,0,0,0,1,0,0,0,0,1,1,0,0,0,0,0,0,0,0,1,0,0,0,0,0,1,1,0,0,0,0,0,1,0,1,0,1,1,1,0,0,0,0,0,2026-05-10 20:27:16,2026-05-03 20:27:16,2026-04-26 20:27:16,2026-04-19 20:27:16,2026-04-12 20:27:16,2026-05,2,2,0,0,0,1,0,0,442180.75,49,4926200,1231550.0,144532.38391447088,310000,0.11735811287765083,Down,Up,Down,4.189654742026425
37,1,41,7,10,470000,450000,390000,410000,1,5,R0069,ojek_online,jawa_barat_lainnya,2-5 thn,0,0,0,1,0,0,0,0,1,1,0,0,0,0,0,0,0,0,1,0,1,0,0,0,1,1,0,0,0,0,0,0,0,0,1,1,1,1,0,1,0,0,0,2026-05-10 20:28:51,2026-05-03 20:28:51,2026-04-26 20:28:51,2026-04-19 20:28:51,2026-04-12 20:28:51,2026-05,2,2,0,0,0,1,0,0,518297.0,70,1720000,430000.0,36514.83716701107,80000,0.08491822596979319,Stable,Down,Up,3.7376696182833684
26,1,16,3,4,400000,425000,350000,410000,2,5,R0070,tutor,jabodetabek,1-2 thn,0,0,0,0,0,0,1,0,0,0,0,0,0,0,0,0,1,0,0,0,1,0,0,0,1,0,1,0,0,0,0,0,1,0,1,0,1,0,0,1,0,0,0,2026-05-10 20:29:32,2026-05-03 20:29:32,2026-04-26 20:29:32,2026-04-19 20:29:32,2026-04-12 20:29:32,2026-05,2,2,0,0,0,1,0,0,739240.8333333334,12,1585000,396250.0,32500.0,75000,0.08201892744479496,Up,Down,Up,2.833213344056216
25,0,17,4,4,405000,400000,325000,425000,2,4,R0071,content_creator,bali,1-2 thn,0,0,0,0,0,0,0,1,0,0,1,1,1,0,0,0,1,0,0,0,1,0,1,0,1,0,0,0,0,0,0,0,0,1,1,1,0,0,0,1,0,1,0,2026-05-10 20:49:29,2026-05-03 20:49:29,2026-04-26 20:49:29,2026-04-19 20:49:29,2026-04-12 20:49:29,2026-05,2,2,0,0,0,1,0,0,548095.6666666666,16,1555000,388750.0,43851.07372307623,100000,0.11280018964135365,Stable,Down,Up,2.8903717578961645
23,0,33,6,3,190000,130000,225000,6800,3,4,R0072,freelance_desain,jabodetabek,2-5 thn,0,0,1,0,0,0,0,0,0,0,0,0,1,1,0,0,1,0,0,1,0,0,0,0,1,1,0,0,1,0,0,0,1,0,1,0,1,0,1,0,0,0,0,2026-05-10 20:51:42,2026-05-03 20:51:42,2026-04-26 20:51:42,2026-04-19 20:51:42,2026-04-12 20:51:42,2026-05,2,2,0,0,0,1,0,0,739240.8333333334,18,551800,137950.0,95830.45792787733,218200,0.6946753021230687,Down,Up,Down,3.5263605246161616
23,2,39,6,7,625000,975000,550000,715000,4,5,R0073,freelance_desain,jawa_barat_lainnya,2-5 thn,0,0,1,0,0,0,0,0,0,0,0,0,1,1,0,0,0,0,1,1,0,1,0,0,1,0,1,0,0,0,0,0,1,1,0,0,1,1,1,0,1,0,0,2026-05-10 21:02:28,2026-05-03 21:02:28,2026-04-26 21:02:28,2026-04-19 21:02:28,2026-04-12 21:02:28,2026-05,2,2,0,0,0,1,0,0,518297.0,42,2865000,716250.0,185219.46441991458,425000,0.2585961108829523,Up,Down,Up,3.6888794541139363
24,2,13,6,11,230000,620000,160000,495000,2,4,R0074,kurir,jawa_tengah,1-2 thn,0,0,0,0,1,0,0,0,0,0,1,0,0,0,0,0,0,0,1,0,1,0,1,0,1,0,0,0,0,0,0,1,1,0,1,0,1,1,0,1,0,1,0,2026-05-10 21:03:52,2026-05-03 21:03:52,2026-04-26 21:03:52,2026-04-19 21:03:52,2026-04-12 21:03:52,2026-05,2,2,0,0,0,1,0,0,442180.75,66,1505000,376250.0,217308.34467794068,460000,0.5775637067852244,Up,Down,Up,2.639057329615259
36,0,17,6,3,200000,210000,225000,200000,0,1,R0075,jualan_online,jawa_barat_lainnya,1-2 thn,1,0,0,0,0,0,0,0,0,0,1,1,1,0,0,0,1,0,0,0,0,1,1,0,1,0,0,0,0,0,0,0,0,0,1,1,0,0,0,0,1,1,0,2026-05-10 21:06:16,2026-05-03 21:06:16,2026-04-26 21:06:16,2026-04-19 21:06:16,2026-04-12 21:06:16,2026-05,2,2,0,0,0,1,0,0,518297.0,18,835000,208750.0,11814.53906563152,25000,0.056596594326378535,Stable,Up,Down,2.8903717578961645
25,0,14,4,7,325000,325000,270000,315000,1,4,R0076,freelance_it,bandung,1-2 thn,0,0,0,0,0,1,0,0,0,0,0,0,0,0,1,0,1,0,1,1,0,0,0,0,1,0,0,0,0,0,0,0,1,0,1,0,0,1,1,0,0,0,0,2026-05-10 21:08:26,2026-05-03 21:08:26,2026-04-26 21:08:26,2026-04-19 21:08:26,2026-04-12 21:08:26,2026-05,2,2,0,0,0,1,0,0,518297.0,28,1235000,308750.0,26259.918760981218,55000,0.08505236845661933,Stable,Down,Up,2.70805020110221
41,2,47,7,7,1336200,600000,1350000,1342800,1,5,R0077,ojek_online,jawa_barat_lainnya,2-5 thn,0,0,0,1,0,0,0,0,1,0,0,0,0,0,0,0,0,0,0,0,1,0,0,1,1,0,0,1,0,0,0,1,1,1,1,0,0,0,0,1,0,0,1,2026-05-10 21:20:37,2026-05-03 21:20:37,2026-04-26 21:20:37,2026-04-19 21:20:37,2026-04-12 21:20:37,2026-05,2,2,0,0,0,1,0,0,518297.0,49,4629000,1157250.0,371542.74316692015,750000,0.32105659379297485,Down,Up,Stable,3.8712010109078907
39,2,14,5,9,850000,1075000,1105000,850000,2,3,R0078,ojek_online,jawa_timur,1-2 thn,0,0,0,1,0,0,0,0,1,1,0,0,0,0,0,0,0,0,0,0,0,0,0,1,1,0,0,0,0,0,0,0,0,1,0,1,0,0,0,0,0,0,1,2026-05-10 21:27:39,2026-05-03 21:27:39,2026-04-26 21:27:39,2026-04-19 21:27:39,2026-04-12 21:27:39,2026-05,2,2,0,0,0,1,0,0,460955.5,45,3880000,970000.0,139104.27743243557,255000,0.1434064715798305,Up,Stable,Down,2.70805020110221
21,1,6,2,5,315000,270000,160000,410000,4,3,R0079,tutor,jawa_tengah,< 6 bln,0,0,0,0,0,0,1,0,0,0,0,0,0,0,0,0,1,0,1,1,1,0,0,0,1,0,0,0,0,0,1,0,0,1,0,0,0,1,1,1,0,0,0,2026-05-10 21:41:26,2026-05-03 21:41:26,2026-04-26 21:41:26,2026-04-19 21:41:26,2026-04-12 21:41:26,2026-05,2,2,0,0,0,1,0,0,442180.75,10,1155000,288750.0,103792.66191146013,250000,0.35945510618687493,Down,Down,Up,1.9459101490553132
31,1,15,7,11,360000,530000,745000,480000,4,4,R0080,ojek_online,jawa_tengah,1-2 thn,0,0,0,1,0,0,0,0,1,1,0,0,0,0,0,0,0,0,1,0,0,0,0,0,1,0,0,1,0,0,0,0,0,0,0,1,0,1,0,0,0,0,0,2026-05-10 22:36:02,2026-05-03 22:36:02,2026-04-26 22:36:02,2026-04-19 22:36:02,2026-04-12 22:36:02,2026-05,2,2,0,0,0,1,0,0,442180.75,77,2115000,528750.0,160850.6035632651,385000,0.3042091793158678,Up,Up,Down,2.772588722239781
22,2,3,5,5,670000,725000,590000,575000,2,4,R0081,jualan_online,jawa_barat_lainnya,< 6 bln,1,0,0,0,0,0,0,0,0,0,1,1,1,1,0,0,0,0,0,0,0,1,0,1,1,0,1,0,0,1,0,0,0,1,0,1,1,0,0,0,1,0,1,2026-05-10 22:58:53,2026-05-03 22:58:53,2026-04-26 22:58:53,2026-04-19 22:58:53,2026-04-12 22:58:53,2026-05,2,2,0,0,0,1,0,0,518297.0,25,2560000,640000.0,70356.23639735144,150000,0.10993161937086163,Up,Down,Stable,1.3862943611198906
25,0,9,6,5,200000,16800,735000,790000,2,2,R0082,jualan_online,jabodetabek,6-12 bln,1,0,0,0,0,0,0,0,0,0,1,1,1,1,0,0,1,0,0,1,0,1,0,1,1,0,0,0,0,0,0,0,1,1,0,0,0,0,1,0,1,0,1,2026-05-10 23:17:23,2026-05-03 23:17:23,2026-04-26 23:17:23,2026-04-19 23:17:23,2026-04-12 23:17:23,2026-05,2,2,0,0,0,1,0,0,739240.8333333334,30,1741800,435450.0,385633.8634853877,773200,0.8855984923306641,Down,Up,Up,2.302585092994046
33,0,14,4,5,250000,90000,95000,330000,2,2,R0083,pekerja_harian,jawa_timur,1-2 thn,0,1,0,0,0,0,0,0,0,0,0,0,0,0,0,0,1,0,1,0,0,1,0,0,1,1,0,0,0,0,0,0,1,1,1,0,0,1,0,0,1,0,0,2026-05-10 23:37:42,2026-05-03 23:37:42,2026-04-26 23:37:42,2026-04-19 23:37:42,2026-04-12 23:37:42,2026-05,2,2,0,0,0,1,0,0,460955.5,20,765000,191250.0,118629.32464895291,240000,0.6202840504520414,Down,Up,Up,2.70805020110221
29,0,66,7,9,520000,650000,10000,620000,2,2,R0084,kurir,jabodetabek,> 5 thn,0,0,0,0,1,0,0,0,1,0,1,0,0,0,0,0,0,0,0,0,0,0,0,1,1,1,0,0,0,0,0,0,1,0,0,0,0,0,0,0,0,0,1,2026-05-10 23:41:57,2026-05-03 23:41:57,2026-04-26 23:41:57,2026-04-19 23:41:57,2026-04-12 23:41:57,2026-05,2,2,0,0,0,1,0,0,739240.8333333334,63,1800000,450000.0,298552.0613449743,640000,0.6634490252110541,Up,Down,Up,4.204692619390966
26,0,27,5,7,400000,450000,400000,370000,3,1,R0085,freelance_desain,jawa_barat_lainnya,2-5 thn,0,0,1,0,0,0,0,0,0,0,0,0,0,0,0,0,1,0,1,1,0,0,0,0,1,1,1,0,0,0,0,0,0,1,0,1,0,1,1,0,0,0,0,2026-05-10 23:44:22,2026-05-03 23:44:22,2026-04-26 23:44:22,2026-04-19 23:44:22,2026-04-12 23:44:22,2026-05,2,2,0,0,0,1,0,0,518297.0,35,1620000,405000.0,33166.247903554,80000,0.08189197013223211,Up,Down,Down,3.332204510175204
39,0,55,6,10,810000,220000,425000,425000,4,4,R0086,ojek_online,jawa_timur,2-5 thn,0,0,0,1,0,0,0,0,1,0,0,0,0,0,0,0,0,0,0,0,1,0,0,0,1,1,0,0,0,0,0,1,0,1,0,0,0,0,0,1,0,0,0,2026-05-10 23:49:57,2026-05-03 23:49:57,2026-04-26 23:49:57,2026-04-19 23:49:57,2026-04-12 23:49:57,2026-05,2,2,0,0,0,1,0,0,460955.5,60,1880000,470000.0,246407.52153022168,590000,0.524271322404727,Down,Up,Stable,4.02535169073515
21,0,22,6,5,400000,360000,420000,450000,4,3,R0087,freelance_desain,jawa_barat_lainnya,1-2 thn,0,0,1,0,0,0,0,0,0,0,0,0,1,1,0,0,0,0,1,1,0,0,0,0,1,0,0,0,1,0,0,0,1,0,1,1,0,1,1,0,0,0,0,2026-05-10 23:50:27,2026-05-03 23:50:27,2026-04-26 23:50:27,2026-04-19 23:50:27,2026-04-12 23:50:27,2026-05,2,2,0,0,0,1,0,0,518297.0,30,1630000,407500.0,37749.17217635375,90000,0.0926360053407454,Down,Up,Up,3.1354942159291497
32,2,24,7,7,1336200,900000,1325000,1342800,0,3,R0088,ojek_online,jabodetabek,1-2 thn,0,0,0,1,0,0,0,0,1,0,0,0,0,0,0,0,0,0,0,0,0,0,0,1,1,0,0,0,0,0,0,0,0,0,1,1,0,0,0,0,0,0,1,2026-05-10 23:58:06,2026-05-03 23:58:06,2026-04-26 23:58:06,2026-04-19 23:58:06,2026-04-12 23:58:06,2026-05,2,2,0,0,0,1,0,0,739240.8333333334,49,4904000,1226000.0,217457.49009863974,442800,0.1773715253659378,Down,Up,Stable,3.2188758248682006
24,1,15,3,5,350000,300000,380000,330000,3,4,R0089,tutor,jabodetabek,1-2 thn,0,0,0,0,0,0,1,0,0,0,0,0,1,1,0,0,1,0,1,0,0,0,0,0,1,1,0,0,0,0,1,0,0,1,1,1,0,1,0,0,0,0,0,2026-05-11 00:06:22,2026-05-04 00:06:22,2026-04-27 00:06:22,2026-04-20 00:06:22,2026-04-13 00:06:22,2026-05,2,2,0,0,0,0,0,0,739240.8333333334,15,1360000,340000.0,33665.01646120693,80000,0.09901475429766743,Down,Up,Down,2.772588722239781
38,1,29,7,4,630000,750000,680000,710000,2,5,R0090,jualan_online,jabodetabek,2-5 thn,1,0,0,0,0,0,0,0,0,0,1,1,1,1,0,0,1,0,0,1,0,0,1,0,1,0,0,0,0,1,0,0,0,1,0,0,0,0,1,0,0,1,0,2026-05-11 02:22:25,2026-05-04 02:22:25,2026-04-27 02:22:25,2026-04-20 02:22:25,2026-04-13 02:22:25,2026-05,2,2,0,0,0,0,0,0,739240.8333333334,28,2770000,692500.0,50579.969684978394,120000,0.07303966741513125,Up,Down,Stable,3.4011973816621555
44,1,13,6,9,810000,925000,750000,870000,0,4,R0091,ojek_online,jabodetabek,1-2 thn,0,0,0,1,0,0,0,0,1,1,0,0,0,0,0,0,0,0,0,0,1,0,0,0,1,1,0,0,0,0,0,0,1,1,0,1,0,0,0,1,0,0,0,2026-05-11 03:54:19,2026-05-04 03:54:19,2026-04-27 03:54:19,2026-04-20 03:54:19,2026-04-13 03:54:19,2026-05,2,2,0,0,0,0,0,0,739240.8333333334,54,3355000,838750.0,75539.72464869064,175000,0.09006226485685918,Up,Down,Up,2.639057329615259
34,2,7,5,10,920000,800000,880000,780000,4,5,R0092,ojek_online,jabodetabek,6-12 bln,0,0,0,1,0,0,0,0,0,1,0,0,0,0,0,0,0,0,1,0,1,0,0,1,1,0,0,0,0,0,0,0,1,0,1,0,0,1,0,1,0,0,1,2026-05-11 05:26:55,2026-05-04 05:26:55,2026-04-27 05:26:55,2026-04-20 05:26:55,2026-04-13 05:26:55,2026-05,2,2,0,0,0,0,0,0,739240.8333333334,50,3380000,845000.0,66080.7586719967,140000,0.07820208126863513,Down,Up,Down,2.0794415416798357
21,0,24,4,5,420000,570000,140000,120000,2,4,R0093,freelance_it,bandung,1-2 thn,0,0,0,0,0,1,0,0,0,0,0,0,0,0,1,0,1,0,1,1,0,0,0,0,1,1,1,0,0,0,0,0,0,1,0,1,1,1,1,0,0,0,0,2026-05-11 06:13:00,2026-05-04 06:13:00,2026-04-27 06:13:00,2026-04-20 06:13:00,2026-04-13 06:13:00,2026-05,2,2,0,0,0,0,0,0,518297.0,20,1250000,312500.0,219601.9125599775,450000,0.702726120191928,Up,Down,Down,3.2188758248682006
24,0,31,4,4,850000,410000,860000,300000,1,4,R0094,freelance_it,jawa_tengah,2-5 thn,0,0,0,0,0,1,0,0,0,0,0,0,0,0,0,0,1,0,1,1,0,0,0,0,1,0,1,0,1,0,0,0,0,1,0,0,1,1,1,0,0,0,0,2026-05-11 07:10:29,2026-05-04 07:10:29,2026-04-27 07:10:29,2026-04-20 07:10:29,2026-04-13 07:10:29,2026-05,2,2,0,0,0,0,0,0,442180.75,16,2420000,605000.0,292175.74619852804,560000,0.48293511768351743,Down,Up,Down,3.4657359027997265
22,2,78,4,4,380000,575000,290000,560000,2,3,R0095,freelance_desain,bandung,> 5 thn,0,0,1,0,0,0,0,0,0,0,0,0,1,1,0,0,0,0,1,1,1,0,0,0,1,0,0,0,1,0,0,0,1,1,0,1,0,1,1,1,0,0,0,2026-05-11 08:04:02,2026-05-04 08:04:02,2026-04-27 08:04:02,2026-04-20 08:04:02,2026-04-13 08:04:02,2026-05,2,2,0,0,0,0,0,0,518297.0,16,1805000,451250.0,139306.31715755034,285000,0.308712060182937,Up,Down,Up,4.3694478524670215
26,0,29,2,5,355000,325000,380000,350000,0,3,R0096,tutor,jabodetabek,2-5 thn,0,0,0,0,0,0,1,0,0,0,0,0,1,1,0,0,0,0,1,0,1,0,0,0,1,1,1,0,0,0,0,0,0,0,1,1,0,1,0,1,0,0,0,2026-05-11 08:10:00,2026-05-04 08:10:00,2026-04-27 08:10:00,2026-04-20 08:10:00,2026-04-13 08:10:00,2026-05,2,2,0,0,0,0,0,0,739240.8333333334,10,1410000,352500.0,22546.248764114473,55000,0.06396098940174319,Down,Up,Down,3.4011973816621555
29,0,35,4,5,115000,90000,10000,200000,4,3,R0097,freelance_it,jawa_tengah,2-5 thn,0,0,0,0,0,1,0,0,0,0,0,0,0,0,1,0,1,0,1,1,0,1,0,0,1,1,0,0,1,0,0,0,0,1,0,0,0,1,1,0,1,0,0,2026-05-11 08:30:37,2026-05-04 08:30:37,2026-04-27 08:30:37,2026-04-20 08:30:37,2026-04-13 08:30:37,2026-05,2,2,0,0,0,0,0,0,442180.75,20,415000,103750.0,78249.06815206597,190000,0.7542078858030455,Down,Down,Up,3.58351893845611
37,1,18,7,4,350000,525000,575000,415000,3,5,R0098,jualan_online,bali,1-2 thn,1,0,0,0,0,0,0,0,0,0,1,1,1,1,0,0,1,0,0,1,0,0,0,0,1,0,1,0,0,0,0,0,0,0,1,0,0,0,1,0,0,0,0,2026-05-11 08:43:52,2026-05-04 08:43:52,2026-04-27 08:43:52,2026-04-20 08:43:52,2026-04-13 08:43:52,2026-05,2,2,0,0,0,0,0,0,548095.6666666666,28,1865000,466250.0,102337.26919684083,225000,0.2194901216018034,Up,Up,Down,2.9444389791664403
19,1,15,5,4,150000,270000,100000,295000,4,5,R0099,tutor,bandung,1-2 thn,0,0,0,0,0,0,1,0,0,0,0,0,1,1,0,0,0,0,1,1,1,0,0,0,1,1,0,0,0,0,0,0,0,0,1,1,1,1,1,1,0,0,0,2026-05-11 09:37:40,2026-05-04 09:37:40,2026-04-27 09:37:40,2026-04-20 09:37:40,2026-04-13 09:37:40,2026-05,2,2,0,0,0,0,0,0,518297.0,20,815000,203750.0,93752.77773662673,195000,0.4601363324497017,Up,Down,Up,2.772588722239781
27,0,28,5,6,250000,300000,235000,275000,3,5,R0100,pekerja_harian,bandung,2-5 thn,0,1,0,0,0,0,0,0,0,0,0,0,0,0,0,0,1,0,0,0,1,1,0,0,1,1,0,0,0,1,0,0,1,0,1,0,1,0,0,1,1,0,0,2026-05-11 09:51:44,2026-05-04 09:51:44,2026-04-27 09:51:44,2026-04-20 09:51:44,2026-04-13 09:51:44,2026-05,2,2,0,0,0,0,0,0,518297.0,30,1060000,265000.0,28577.38033247041,65000,0.10783917106592607,Up,Down,Up,3.367295829986474
30,2,22,6,8,680000,800000,665000,580000,2,4,R0101,kurir,kalimantan,1-2 thn,0,0,0,0,1,0,0,0,0,1,0,0,0,0,0,0,0,0,1,0,0,0,1,0,1,1,0,1,0,0,0,0,1,0,1,0,0,1,0,0,0,1,0,2026-05-11 09:59:56,2026-05-04 09:59:56,2026-04-27 09:59:56,2026-04-20 09:59:56,2026-04-13 09:59:56,2026-05,2,2,0,0,0,0,0,0,653189.75,48,2725000,681250.0,90588.3546599672,220000,0.13297373161096102,Up,Down,Down,3.1354942159291497
33,0,14,4,7,230000,225000,290000,245000,1,2,R0102,freelance_it,jabodetabek,1-2 thn,0,0,0,0,0,1,0,0,0,0,0,0,0,0,1,0,1,0,1,1,0,0,0,0,1,0,1,0,1,0,0,0,1,0,0,0,0,1,1,0,0,0,0,2026-05-11 10:14:02,2026-05-04 10:14:02,2026-04-27 10:14:02,2026-04-20 10:14:02,2026-04-13 10:14:02,2026-05,2,2,0,0,0,0,0,0,739240.8333333334,28,990000,247500.0,29580.39891549808,65000,0.11951676329494174,Stable,Up,Down,2.70805020110221
17,1,17,5,3,590000,560000,550000,540000,4,3,R0103,freelance_desain,sulawesi,1-2 thn,0,0,1,0,0,0,0,0,0,0,0,0,0,0,0,1,1,0,1,1,1,0,0,0,1,0,0,0,1,0,0,0,0,0,1,0,0,1,1,1,0,0,0,2026-05-11 10:28:05,2026-05-04 10:28:05,2026-04-27 10:28:05,2026-04-20 10:28:05,2026-04-13 10:28:05,2026-05,2,2,0,0,0,0,0,0,559306.0,15,2240000,560000.0,21602.468994692867,50000,0.03857583749052298,Down,Stable,Stable,2.8903717578961645
47,2,14,7,8,815000,1273200,905000,1342800,1,4,R0104,ojek_online,jabodetabek,1-2 thn,0,0,0,1,0,0,0,0,1,0,0,0,0,0,0,0,0,0,1,0,0,1,0,0,1,0,0,0,0,0,0,0,1,1,0,0,1,1,0,0,1,0,0,2026-05-11 10:48:21,2026-05-04 10:48:21,2026-04-27 10:48:21,2026-04-20 10:48:21,2026-04-13 10:48:21,2026-05,2,2,0,0,0,0,0,0,739240.8333333334,56,4336000,1084000.0,262790.2078338029,527800,0.2424263909905931,Up,Down,Up,2.70805020110221
23,0,5,6,2,360000,800000,790000,6800,0,3,R0105,content_creator,bandung,< 6 bln,0,0,0,0,0,0,0,1,0,0,0,0,1,1,0,0,0,0,0,0,1,0,0,0,1,0,0,1,0,0,0,0,1,1,1,0,0,0,0,1,0,0,0,2026-05-11 11:40:58,2026-05-04 11:40:58,2026-04-27 11:40:58,2026-04-20 11:40:58,2026-04-13 11:40:58,2026-05,2,2,0,0,0,0,0,0,518297.0,12,1956800,489200.0,381435.7438241291,793200,0.77971329481629,Up,Stable,Down,1.791759469228055
24,0,19,4,5,75000,16800,175000,170000,4,5,R0106,content_creator,bali,1-2 thn,0,0,0,0,0,0,0,1,0,0,0,0,0,0,0,0,1,0,0,0,0,1,0,0,1,0,1,0,0,1,0,0,0,1,1,1,0,0,0,0,1,0,0,2026-05-11 11:51:10,2026-05-04 11:51:10,2026-04-27 11:51:10,2026-04-20 11:51:10,2026-04-13 11:51:10,2026-05,2,2,0,0,0,0,0,0,548095.6666666666,20,436800,109200.0,76884.50212277287,158200,0.7040705322598249,Down,Up,Stable,2.995732273553991
28,0,34,4,5,190000,340000,540000,440000,3,5,R0107,tutor,jabodetabek,2-5 thn,0,0,0,0,0,0,1,0,0,0,0,0,1,1,0,0,1,0,1,1,1,0,0,0,1,0,1,0,0,0,1,0,0,1,0,1,0,1,1,1,0,0,0,2026-05-11 11:55:33,2026-05-04 11:55:33,2026-04-27 11:55:33,2026-04-20 11:55:33,2026-04-13 11:55:33,2026-05,2,2,0,0,0,0,0,0,739240.8333333334,20,1510000,377500.0,149303.94055974096,350000,0.3955071273105721,Up,Up,Down,3.5553480614894135
41,0,27,7,6,230000,350000,265000,255000,2,4,R0108,ojek_online,jawa_tengah,2-5 thn,0,0,0,1,0,0,0,0,0,1,0,0,0,0,0,0,0,0,0,0,1,0,0,0,1,0,0,0,0,0,0,0,0,0,1,0,0,0,0,1,0,0,0,2026-05-11 12:05:56,2026-05-04 12:05:56,2026-04-27 12:05:56,2026-04-20 12:05:56,2026-04-13 12:05:56,2026-05,2,2,0,0,0,0,0,0,442180.75,42,1100000,275000.0,52121.652570372964,120000,0.18953328207408351,Up,Down,Stable,3.332204510175204
25,2,59,5,7,850000,730000,900000,875000,3,5,R0109,pekerja_harian,jabodetabek,2-5 thn,0,1,0,0,0,0,0,0,0,0,0,0,0,0,0,0,1,0,0,0,1,0,0,0,1,0,0,0,0,0,0,0,0,0,1,1,1,0,0,1,0,0,0,2026-05-11 12:34:05,2026-05-04 12:34:05,2026-04-27 12:34:05,2026-04-20 12:34:05,2026-04-13 12:34:05,2026-05,2,2,0,0,0,0,0,0,739240.8333333334,35,3355000,838750.0,75318.76702832214,170000,0.08979882805165083,Down,Up,Stable,4.0943445622221
21,2,10,4,8,150000,130000,235000,160000,0,5,R0110,jualan_online,kalimantan,6-12 bln,1,0,0,0,0,0,0,0,0,0,1,1,1,1,0,0,1,0,0,0,0,0,1,0,1,0,1,1,0,0,0,0,0,1,0,0,0,0,0,0,0,1,0,2026-05-11 12:36:58,2026-05-04 12:36:58,2026-04-27 12:36:58,2026-04-20 12:36:58,2026-04-13 12:36:58,2026-05,2,2,0,0,0,0,0,0,653189.75,32,675000,168750.0,45893.89937671455,105000,0.27196384815830843,Down,Up,Down,2.3978952727983707
31,2,5,7,7,520000,725000,560000,675000,0,1,R0111,ojek_online,jawa_timur,< 6 bln,0,0,0,1,0,0,0,0,0,1,0,0,0,0,0,0,0,0,0,0,1,0,0,0,1,1,0,0,0,0,0,0,0,1,1,0,0,0,0,1,0,0,0,2026-05-11 12:47:39,2026-05-04 12:47:39,2026-04-27 12:47:39,2026-04-20 12:47:39,2026-04-13 12:47:39,2026-05,2,2,0,0,0,0,0,0,460955.5,49,2480000,620000.0,96003.47215943111,205000,0.1548443099345663,Up,Down,Up,1.791759469228055
26,1,14,5,9,425000,580000,360000,350000,2,5,R0112,pekerja_harian,jabodetabek,1-2 thn,0,1,0,0,0,0,0,0,0,0,0,0,0,0,0,0,1,0,1,0,0,1,0,0,1,1,0,0,0,0,1,0,0,1,1,0,1,1,0,0,1,0,0,2026-05-11 13:05:15,2026-05-04 13:05:15,2026-04-27 13:05:15,2026-04-20 13:05:15,2026-04-13 13:05:15,2026-05,2,2,0,0,0,0,0,0,739240.8333333334,45,1715000,428750.0,106173.99242124535,230000,0.24763613392710285,Up,Down,Stable,2.70805020110221
35,2,55,7,11,820000,625000,1290000,605000,3,5,R0113,kurir,jawa_tengah,2-5 thn,0,0,0,0,1,0,0,0,1,0,1,0,0,0,0,0,0,0,1,0,0,0,0,0,1,0,0,0,0,0,0,0,1,0,0,0,1,1,0,0,0,0,0,2026-05-11 13:49:51,2026-05-04 13:49:51,2026-04-27 13:49:51,2026-04-20 13:49:51,2026-04-13 13:49:51,2026-05,2,2,0,0,0,0,0,0,442180.75,77,3340000,835000.0,318459.8352487589,685000,0.38138902425001064,Down,Up,Down,4.02535169073515
42,2,51,5,9,970000,1170000,1075000,1060000,0,4,R0114,ojek_online,bali,2-5 thn,0,0,0,1,0,0,0,0,0,1,0,0,0,0,0,0,0,0,1,0,0,1,0,0,1,1,0,1,0,0,0,0,1,0,1,0,0,1,0,0,1,0,0,2026-05-11 14:57:27,2026-05-04 14:57:27,2026-04-27 14:57:27,2026-04-20 14:57:27,2026-04-13 14:57:27,2026-05,2,2,0,0,0,0,0,0,548095.6666666666,45,4275000,1068750.0,81891.696770796,200000,0.07662380984401965,Up,Down,Stable,3.9512437185814275
32,2,27,7,8,500000,510000,550000,565000,4,5,R0115,ojek_online,jabodetabek,2-5 thn,0,0,0,1,0,0,0,0,1,0,0,0,0,0,0,0,0,0,0,0,0,0,0,0,1,1,0,0,0,0,0,0,1,1,0,0,0,0,0,0,0,0,0,2026-05-11 15:14:13,2026-05-04 15:14:13,2026-04-27 15:14:13,2026-04-20 15:14:13,2026-04-13 15:14:13,2026-05,2,2,0,0,0,0,0,0,739240.8333333334,56,2125000,531250.0,31191.612120354835,65000,0.05871362281478557,Stable,Up,Stable,3.332204510175204
27,1,17,3,6,340000,170000,200000,340000,1,3,R0116,pekerja_harian,jabodetabek,1-2 thn,0,1,0,0,0,0,0,0,0,0,0,0,0,0,0,0,1,0,0,0,1,1,0,0,1,0,0,0,0,0,0,0,1,1,0,1,0,0,0,1,1,0,0,2026-05-11 15:54:58,2026-05-04 15:54:58,2026-04-27 15:54:58,2026-04-20 15:54:58,2026-04-13 15:54:58,2026-05,2,2,0,0,0,0,0,0,739240.8333333334,18,1050000,262500.0,90323.49269892818,170000,0.34408949599591687,Down,Up,Up,2.8903717578961645
29,2,9,6,9,280000,250000,275000,275000,1,5,R0117,pekerja_harian,sulawesi,6-12 bln,0,1,0,0,0,0,0,0,0,0,0,0,0,0,0,0,1,0,1,0,1,0,0,0,1,0,0,0,0,0,0,0,1,0,1,1,0,1,0,1,0,0,0,2026-05-11 15:58:05,2026-05-04 15:58:05,2026-04-27 15:58:05,2026-04-20 15:58:05,2026-04-13 15:58:05,2026-05,2,2,0,0,0,0,0,0,559306.0,54,1080000,270000.0,13540.0640077266,30000,0.05014838521380222,Down,Up,Stable,2.302585092994046
19,2,6,3,6,600000,975000,950000,700000,2,4,R0118,freelance_desain,jawa_tengah,< 6 bln,0,0,1,0,0,0,0,0,0,0,0,0,0,0,0,0,1,0,1,1,0,0,0,0,1,0,0,0,1,0,0,0,0,1,0,1,0,1,1,0,0,0,0,2026-05-11 16:08:00,2026-05-04 16:08:00,2026-04-27 16:08:00,2026-04-20 16:08:00,2026-04-13 16:08:00,2026-05,2,2,0,0,0,0,0,0,442180.75,18,3225000,806250.0,185264.45062846423,375000,0.2297853651205758,Up,Stable,Down,1.9459101490553132
17,1,47,4,4,155000,16800,10000,10000,2,4,R0119,content_creator,jawa_tengah,2-5 thn,0,0,0,0,0,0,0,1,0,0,0,0,1,1,0,0,0,0,0,0,0,1,0,0,1,0,1,0,0,1,0,0,0,1,1,0,1,0,0,0,1,0,0,2026-05-11 16:33:08,2026-05-04 16:33:08,2026-04-27 16:33:08,2026-04-20 16:33:08,2026-04-13 16:33:08,2026-05,2,2,0,0,0,0,0,0,442180.75,16,191800,47950.0,71438.62167390036,145000,1.4898565521147102,Down,Down,Stable,3.8712010109078907
41,0,53,3,7,320000,350000,180000,6800,4,5,R0120,pekerja_harian,bandung,2-5 thn,0,1,0,0,0,0,0,0,0,0,0,0,0,0,0,0,1,0,1,0,1,1,0,0,1,1,0,0,0,0,1,0,1,0,0,1,1,1,0,1,1,0,0,2026-05-11 16:43:07,2026-05-04 16:43:07,2026-04-27 16:43:07,2026-04-20 16:43:07,2026-04-13 16:43:07,2026-05,2,2,0,0,0,0,0,0,518297.0,21,856800,214200.0,156864.78253578782,343200,0.7323285832669832,Up,Down,Down,3.9889840465642745
17,1,8,5,6,525000,830000,750000,525000,2,3,R0121,freelance_it,jabodetabek,6-12 bln,0,0,0,0,0,1,0,0,0,0,0,0,0,0,0,0,1,0,1,1,0,0,0,0,1,1,0,0,1,0,0,0,1,1,1,0,0,1,1,0,0,0,0,2026-05-11 17:32:04,2026-05-04 17:32:04,2026-04-27 17:32:04,2026-04-20 17:32:04,2026-04-13 17:32:04,2026-05,2,2,0,0,0,0,0,0,739240.8333333334,30,2630000,657500.0,156444.87847162015,305000,0.23793897866406105,Up,Down,Down,2.1972245773362196
18,1,10,6,8,740000,580000,725000,675000,1,3,R0122,jualan_online,jabodetabek,6-12 bln,1,0,0,0,0,0,0,0,0,0,1,1,1,1,0,0,1,0,0,1,0,1,1,0,1,0,1,1,0,0,0,0,0,0,1,0,0,0,1,0,1,1,0,2026-05-11 17:51:28,2026-05-04 17:51:28,2026-04-27 17:51:28,2026-04-20 17:51:28,2026-04-13 17:51:28,2026-05,2,2,0,0,0,0,0,0,739240.8333333334,48,2720000,680000.0,72226.49560006817,160000,0.1062154347059826,Down,Up,Down,2.3978952727983707
21,0,15,6,3,200000,190000,175000,170000,1,3,R0123,freelance_desain,jawa_barat_lainnya,1-2 thn,0,0,1,0,0,0,0,0,0,0,0,0,1,1,0,0,0,0,1,1,0,0,0,0,1,1,0,0,0,0,0,0,0,1,0,0,0,1,1,0,0,0,0,2026-05-11 18:01:09,2026-05-04 18:01:09,2026-04-27 18:01:09,2026-04-20 18:01:09,2026-04-13 18:01:09,2026-05,2,2,0,0,0,0,0,0,518297.0,18,735000,183750.0,13768.926368215254,30000,0.07493293261613744,Stable,Down,Stable,2.772588722239781
21,2,2,5,8,800000,795000,820000,925000,4,4,R0124,kurir,jawa_tengah,< 6 bln,0,0,0,0,1,0,0,0,0,1,1,0,0,0,0,0,0,0,0,0,1,0,0,1,1,0,0,1,0,0,0,0,1,0,0,0,0,0,0,1,0,0,1,2026-05-11 18:29:29,2026-05-04 18:29:29,2026-04-27 18:29:29,2026-04-20 18:29:29,2026-04-13 18:29:29,2026-05,2,2,0,0,0,0,0,0,442180.75,40,3340000,835000.0,60964.4705272396,130000,0.07301134194878994,Stable,Stable,Up,1.0986122886681096
20,0,13,4,4,520000,365000,410000,245000,1,2,R0125,content_creator,jabodetabek,1-2 thn,0,0,0,0,0,0,0,1,0,0,0,0,1,1,0,0,1,0,0,0,1,0,0,0,1,0,0,0,0,0,0,0,0,1,0,0,0,0,0,1,0,0,0,2026-05-11 18:37:34,2026-05-04 18:37:34,2026-04-27 18:37:34,2026-04-20 18:37:34,2026-04-13 18:37:34,2026-05,2,2,0,0,0,0,0,0,739240.8333333334,16,1540000,385000.0,113798.06676741042,275000,0.29557939420106605,Down,Up,Down,2.639057329615259
30,2,23,7,10,420000,1240000,565000,1240000,4,5,R0126,kurir,jabodetabek,1-2 thn,0,0,0,0,1,0,0,0,0,0,1,0,0,0,0,0,0,0,0,0,0,0,0,1,1,0,0,0,0,0,0,0,1,0,0,1,0,0,0,0,0,0,1,2026-05-11 19:12:23,2026-05-04 19:12:23,2026-04-27 19:12:23,2026-04-20 19:12:23,2026-04-13 19:12:23,2026-05,2,2,0,0,0,0,0,0,739240.8333333334,70,3465000,866250.0,435610.20419636637,820000,0.5028689225932079,Up,Down,Up,3.1780538303479458
19,2,36,5,5,850000,740000,795000,640000,1,5,R0127,freelance_desain,bandung,2-5 thn,0,0,1,0,0,0,0,0,0,0,0,0,1,1,0,0,0,0,1,1,0,1,0,0,1,1,0,0,0,0,0,0,1,1,0,0,1,1,1,0,1,0,0,2026-05-11 19:17:16,2026-05-04 19:17:16,2026-04-27 19:17:16,2026-04-20 19:17:16,2026-04-13 19:17:16,2026-05,2,2,0,0,0,0,0,0,518297.0,25,3025000,756250.0,89570.73554831771,210000,0.11844064204736227,Down,Up,Down,3.6109179126442243
35,1,8,3,8,250000,16800,360000,275000,3,4,R0128,pekerja_harian,bali,6-12 bln,0,1,0,0,0,0,0,0,0,0,0,0,0,0,0,0,1,0,1,0,0,1,0,0,1,0,0,0,0,0,1,0,1,0,1,0,0,1,0,0,1,0,0,2026-05-11 19:18:27,2026-05-04 19:18:27,2026-04-27 19:18:27,2026-04-20 19:18:27,2026-04-13 19:18:27,2026-05,2,2,0,0,0,0,0,0,548095.6666666666,24,901800,225450.0,146851.88683386627,343200,0.6513723079790033,Down,Up,Down,2.1972245773362196
26,1,72,7,6,1110000,300000,545000,440000,1,3,R0129,jualan_online,jawa_tengah,> 5 thn,1,0,0,0,0,0,0,0,0,0,0,0,0,0,0,0,1,0,0,0,0,1,0,0,1,0,0,1,0,1,0,0,1,0,1,0,0,0,0,0,1,0,0,2026-05-11 19:22:45,2026-05-04 19:22:45,2026-04-27 19:22:45,2026-04-20 19:22:45,2026-04-13 19:22:45,2026-05,2,2,0,0,0,0,0,0,442180.75,42,2395000,598750.0,355302.1015042457,810000,0.5934064325749406,Down,Up,Down,4.290459441148391
29,2,19,4,5,435000,575000,1350000,1342800,4,4,R0130,freelance_desain,jabodetabek,1-2 thn,0,0,1,0,0,0,0,0,0,0,0,0,1,1,0,0,1,0,1,1,0,1,0,0,1,0,0,0,0,0,0,0,0,1,0,1,1,1,1,0,1,0,0,2026-05-11 19:23:30,2026-05-04 19:23:30,2026-04-27 19:23:30,2026-04-20 19:23:30,2026-04-13 19:23:30,2026-05,2,2,0,0,0,0,0,0,739240.8333333334,20,3702800,925700.0,489142.06525303057,915000,0.5284023606492715,Up,Up,Stable,2.995732273553991
28,1,13,4,9,500000,525000,490000,490000,3,4,R0131,freelance_it,jabodetabek,1-2 thn,0,0,0,0,0,1,0,0,0,0,0,0,0,0,0,1,0,0,1,1,0,0,0,0,1,1,0,0,1,0,0,0,0,0,1,0,0,1,1,0,0,0,0,2026-05-11 19:26:30,2026-05-04 19:26:30,2026-04-27 19:26:30,2026-04-20 19:26:30,2026-04-13 19:26:30,2026-05,2,2,0,0,0,0,0,0,739240.8333333334,36,2005000,501250.0,16520.189667999173,35000,0.032957984375060694,Stable,Down,Stable,2.639057329615259
25,1,18,4,4,175000,170000,170000,175000,0,2,R0132,content_creator,jawa_barat_lainnya,1-2 thn,0,0,0,0,0,0,0,1,0,0,0,0,0,0,0,0,1,0,0,0,1,0,1,0,1,0,0,0,0,0,0,0,0,1,0,1,0,0,0,1,0,1,0,2026-05-11 19:59:55,2026-05-04 19:59:55,2026-04-27 19:59:55,2026-04-20 19:59:55,2026-04-13 19:59:55,2026-05,2,2,0,0,0,0,0,0,518297.0,16,690000,172500.0,2886.751345948129,5000,0.0167347904112935,Stable,Stable,Stable,2.9444389791664403
40,2,31,7,8,900000,940000,930000,910000,1,5,R0133,ojek_online,jabodetabek,2-5 thn,0,0,0,1,0,0,0,0,1,0,0,0,0,0,0,0,0,0,0,0,0,1,0,1,1,1,0,0,1,0,0,0,1,0,1,0,1,0,0,0,1,0,1,2026-05-11 20:33:37,2026-05-04 20:33:37,2026-04-27 20:33:37,2026-04-20 20:33:37,2026-04-13 20:33:37,2026-05,2,2,0,0,0,0,0,0,739240.8333333334,56,3680000,920000.0,18257.418583505536,40000,0.019845020199462538,Stable,Stable,Stable,3.4657359027997265
31,1,22,6,8,640000,755000,635000,600000,0,1,R0134,kurir,bandung,1-2 thn,0,0,0,0,1,0,0,0,0,1,0,0,0,0,0,0,0,0,1,0,0,0,0,1,1,0,0,1,0,0,0,1,1,1,1,0,0,1,0,0,0,0,1,2026-05-11 20:34:22,2026-05-04 20:34:22,2026-04-27 20:34:22,2026-04-20 20:34:22,2026-04-13 20:34:22,2026-05,2,2,0,0,0,0,0,0,518297.0,48,2630000,657500.0,67391.88873051909,155000,0.10249716917189215,Up,Down,Down,3.1354942159291497
39,2,21,7,7,575000,410000,570000,1240000,1,4,R0135,pekerja_harian,kalimantan,1-2 thn,0,1,0,0,0,0,0,0,0,0,0,0,0,0,0,0,1,0,1,0,1,1,0,0,1,1,0,0,0,0,0,0,1,1,0,0,1,1,0,1,1,0,0,2026-05-11 20:50:06,2026-05-04 20:50:06,2026-04-27 20:50:06,2026-04-20 20:50:06,2026-04-13 20:50:06,2026-05,2,2,0,0,0,0,0,0,653189.75,49,2795000,698750.0,368880.62658083125,830000,0.5279150290960017,Down,Up,Up,3.091042453358316
20,1,30,7,4,825000,685000,670000,650000,1,5,R0136,jualan_online,jabodetabek,2-5 thn,1,0,0,0,0,0,0,0,0,0,1,1,1,1,0,0,1,0,0,0,0,0,1,0,1,0,0,0,0,0,0,0,0,1,0,1,0,0,0,0,0,1,0,2026-05-11 21:07:20,2026-05-04 21:07:20,2026-04-27 21:07:20,2026-04-20 21:07:20,2026-04-13 21:07:20,2026-05,2,2,0,0,0,0,0,0,739240.8333333334,28,2830000,707500.0,79634.5821026686,175000,0.11255771321931958,Down,Stable,Stable,3.4339872044851463
25,1,58,5,8,520000,830000,525000,1025000,4,2,R0137,freelance_desain,jawa_timur,2-5 thn,0,0,1,0,0,0,0,0,0,0,0,0,0,0,0,0,1,0,1,0,0,0,0,0,1,0,0,0,0,0,0,0,1,1,0,0,0,1,0,0,0,0,0,2026-05-11 21:08:52,2026-05-04 21:08:52,2026-04-27 21:08:52,2026-04-20 21:08:52,2026-04-13 21:08:52,2026-05,2,2,0,0,0,0,0,0,460955.5,40,2900000,725000.0,247015.519080617,505000,0.340711060800851,Up,Down,Up,4.07753744390572
21,0,31,5,2,18400,390000,405000,325000,4,2,R0138,content_creator,jawa_timur,2-5 thn,0,0,0,0,0,0,0,1,0,0,1,1,1,1,0,0,0,0,0,0,1,0,1,0,1,0,0,0,0,0,0,0,0,0,0,1,0,0,0,1,0,1,0,2026-05-11 21:13:04,2026-05-04 21:13:04,2026-04-27 21:13:04,2026-04-20 21:13:04,2026-04-13 21:13:04,2026-05,2,2,0,0,0,0,0,0,460955.5,10,1138400,284600.0,180831.33946673438,386600,0.6353877001642108,Up,Stable,Down,3.4657359027997265
27,0,13,4,4,300000,275000,255000,250000,1,5,R0139,tutor,bali,1-2 thn,0,0,0,0,0,0,1,0,0,0,0,0,1,1,0,0,1,0,1,1,1,0,0,0,1,0,0,0,0,0,1,0,0,1,0,0,0,1,1,1,0,0,0,2026-05-11 21:13:45,2026-05-04 21:13:45,2026-04-27 21:13:45,2026-04-20 21:13:45,2026-04-13 21:13:45,2026-05,2,2,0,0,0,0,0,0,548095.6666666666,16,1080000,270000.0,22730.30282830976,50000,0.08418630677151763,Down,Down,Stable,2.639057329615259
32,2,2,7,9,680000,410000,805000,550000,3,4,R0140,ojek_online,jabodetabek,< 6 bln,0,0,0,1,0,0,0,0,1,1,0,0,0,0,0,0,0,0,0,0,0,1,0,0,1,0,0,0,0,0,0,1,0,0,1,0,1,0,0,0,1,0,0,2026-05-11 21:20:26,2026-05-04 21:20:26,2026-04-27 21:20:26,2026-04-20 21:20:26,2026-04-13 21:20:26,2026-05,2,2,0,0,0,0,0,0,739240.8333333334,63,2445000,611250.0,169822.21095408377,395000,0.27782774798214116,Down,Up,Down,1.0986122886681096
44,2,25,7,7,295000,210000,350000,300000,1,3,R0141,pekerja_harian,jawa_tengah,2-5 thn,0,1,0,0,0,0,0,0,0,0,0,0,0,0,0,0,1,0,1,0,1,1,0,0,1,0,0,0,0,1,1,0,1,0,1,0,0,1,0,1,1,0,0,2026-05-11 21:31:04,2026-05-04 21:31:04,2026-04-27 21:31:04,2026-04-20 21:31:04,2026-04-13 21:31:04,2026-05,2,2,0,0,0,0,0,0,442180.75,49,1155000,288750.0,58076.81694675309,140000,0.20113183358182887,Down,Up,Down,3.258096538021482
25,2,5,6,7,600000,610000,700000,280000,4,3,R0142,kurir,sumatera,< 6 bln,0,0,0,0,1,0,0,0,0,0,1,0,0,0,0,0,0,0,0,0,0,0,0,1,1,0,0,0,0,0,0,1,0,1,0,1,0,0,0,0,0,0,1,2026-05-11 21:45:39,2026-05-04 21:45:39,2026-04-27 21:45:39,2026-04-20 21:45:39,2026-04-13 21:45:39,2026-05,2,2,0,0,0,0,0,0,517481.9375,42,2190000,547500.0,183915.7415774952,420000,0.3359191626986214,Stable,Up,Down,1.791759469228055
28,1,16,5,3,400000,450000,340000,375000,4,1,R0143,content_creator,jawa_barat_lainnya,1-2 thn,0,0,0,0,0,0,0,1,0,0,0,0,1,1,0,0,1,0,0,0,0,0,1,0,1,0,0,0,0,1,0,0,1,1,1,0,0,0,0,0,0,1,0,2026-05-11 21:47:39,2026-05-04 21:47:39,2026-04-27 21:47:39,2026-04-20 21:47:39,2026-04-13 21:47:39,2026-05,2,2,0,0,0,0,0,0,518297.0,15,1565000,391250.0,46255.63028792639,110000,0.11822525313208022,Up,Down,Up,2.833213344056216
28,1,19,5,8,530000,675000,525000,1342800,4,5,R0144,freelance_it,jawa_timur,1-2 thn,0,0,0,0,0,1,0,0,0,0,0,0,0,0,0,1,0,0,1,1,0,0,0,0,1,0,0,0,0,0,0,0,1,1,1,0,0,1,1,0,0,0,0,2026-05-11 21:56:42,2026-05-04 21:56:42,2026-04-27 21:56:42,2026-04-20 21:56:42,2026-04-13 21:56:42,2026-05,2,2,0,0,0,0,0,0,460955.5,40,3072800,768200.0,389331.4269359719,817800,0.5068099803904867,Up,Down,Up,2.995732273553991
24,1,42,3,2,325000,820000,825000,400000,4,4,R0145,tutor,jabodetabek,2-5 thn,0,0,0,0,0,0,1,0,0,0,0,0,1,1,0,0,0,0,0,0,1,0,0,0,1,1,1,0,0,0,0,0,1,1,0,1,0,0,0,1,0,0,0,2026-05-11 22:38:38,2026-05-04 22:38:38,2026-04-27 22:38:38,2026-04-20 22:38:38,2026-04-13 22:38:38,2026-05,2,2,0,0,0,0,0,0,739240.8333333334,6,2370000,592500.0,267348.087705897,500000,0.45122040119138734,Up,Stable,Down,3.7612001156935624
26,0,42,5,4,60000,60000,75000,6800,4,5,R0146,jualan_online,jawa_barat_lainnya,2-5 thn,1,0,0,0,0,0,0,0,0,0,1,1,1,1,0,0,1,0,0,0,0,1,0,1,1,0,1,1,0,0,0,0,1,0,0,1,1,0,0,0,1,0,1,2026-05-11 22:46:37,2026-05-04 22:46:37,2026-04-27 22:46:37,2026-04-20 22:46:37,2026-04-13 22:46:37,2026-05,2,2,0,0,0,0,0,0,518297.0,20,201800,50450.0,29946.78613808166,68200,0.5935933823207465,Stable,Up,Down,3.7612001156935624
34,2,1,5,11,930000,660000,710000,450000,2,5,R0147,ojek_online,jawa_timur,< 6 bln,0,0,0,1,0,0,0,0,0,1,0,0,0,0,0,0,0,0,0,0,0,1,0,0,1,1,0,1,0,0,0,0,1,0,0,0,0,0,0,0,1,0,0,2026-05-11 23:15:20,2026-05-04 23:15:20,2026-04-27 23:15:20,2026-04-20 23:15:20,2026-04-13 23:15:20,2026-05,2,2,0,0,0,0,0,0,460955.5,55,2750000,687500.0,197040.60495238032,480000,0.2866045162943714,Down,Up,Down,0.6931471805599453
26,1,56,4,6,1270000,1075000,790000,375000,1,5,R0148,freelance_it,bali,2-5 thn,0,0,0,0,0,1,0,0,0,0,0,0,0,0,1,1,0,0,1,1,0,1,0,0,1,0,0,0,1,0,0,0,1,0,0,0,0,1,1,0,1,0,0,2026-05-11 23:55:51,2026-05-04 23:55:51,2026-04-27 23:55:51,2026-04-20 23:55:51,2026-04-13 23:55:51,2026-05,2,2,0,0,0,0,0,0,548095.6666666666,24,3510000,877500.0,388683.6760143137,895000,0.44294436013027205,Down,Down,Down,4.04305126783455
24,0,36,5,6,420000,360000,450000,6800,0,5,R0149,freelance_desain,bandung,2-5 thn,0,0,1,0,0,0,0,0,0,0,0,0,0,0,0,0,1,0,1,1,0,0,0,0,1,1,1,0,0,0,0,0,0,0,1,1,0,1,1,0,0,0,0,2026-05-12 00:25:05,2026-05-05 00:25:05,2026-04-28 00:25:05,2026-04-21 00:25:05,2026-04-14 00:25:05,2026-05,2,2,0,0,0,0,0,0,518297.0,30,1236800,309200.0,205042.824795212,443200,0.6631397955860672,Down,Up,Down,3.6109179126442243
22,2,6,5,8,725000,550000,740000,725000,1,5,R0150,pekerja_harian,jawa_barat_lainnya,< 6 bln,0,1,0,0,0,0,0,0,0,0,0,0,0,0,0,0,1,0,1,0,0,1,0,0,1,0,0,0,0,1,0,0,1,0,1,0,0,1,0,0,1,0,0,2026-05-12 01:22:05,2026-05-05 01:22:05,2026-04-28 01:22:05,2026-04-21 01:22:05,2026-04-14 01:22:05,2026-05,2,2,0,0,0,0,0,0,518297.0,40,2740000,685000.0,90277.35042633895,190000,0.13179175244721014,Down,Up,Stable,1.9459101490553132
26,1,2,5,9,220000,675000,300000,225000,2,4,R0151,pekerja_harian,bandung,< 6 bln,0,1,0,0,0,0,0,0,0,0,0,0,0,0,0,0,1,0,0,0,0,1,0,0,1,1,0,0,0,0,0,0,0,1,0,1,1,0,0,0,1,0,0,2026-05-12 06:06:22,2026-05-05 06:06:22,2026-04-28 06:06:22,2026-04-21 06:06:22,2026-04-14 06:06:22,2026-05,2,2,0,0,0,0,0,0,518297.0,45,1420000,355000.0,216448.60821913363,455000,0.6097143893496721,Up,Down,Down,1.0986122886681096
17,2,33,6,10,425000,270000,920000,425000,0,5,R0152,pekerja_harian,bali,2-5 thn,0,1,0,0,0,0,0,0,0,0,0,0,0,0,0,0,1,0,1,0,0,1,0,0,1,0,0,0,0,0,1,0,0,0,1,1,0,1,0,0,1,0,0,2026-05-12 08:01:31,2026-05-05 08:01:31,2026-04-28 08:01:31,2026-04-21 08:01:31,2026-04-14 08:01:31,2026-05,2,2,0,0,0,0,0,0,548095.6666666666,60,2040000,510000.0,282931.08701590216,650000,0.5547668372860827,Down,Up,Down,3.5263605246161616
17,1,34,4,2,200000,350000,320000,500000,3,2,R0153,tutor,jawa_tengah,2-5 thn,0,0,0,0,0,0,1,0,0,0,0,0,1,1,0,0,0,0,1,1,1,0,0,0,1,0,1,0,0,0,1,0,1,1,1,0,0,1,1,1,0,0,0,2026-05-12 08:26:14,2026-05-05 08:26:14,2026-04-28 08:26:14,2026-04-21 08:26:14,2026-04-14 08:26:14,2026-05,2,2,0,0,0,0,0,0,442180.75,8,1370000,342500.0,123389.62679253066,300000,0.36026168406578296,Up,Down,Up,3.5553480614894135
44,2,44,6,8,225000,300000,230000,275000,4,4,R0154,pekerja_harian,jabodetabek,2-5 thn,0,1,0,0,0,0,0,0,0,0,0,0,0,0,0,0,1,0,1,0,0,1,0,0,1,1,0,0,0,0,1,0,1,0,0,1,1,1,0,0,1,0,0,2026-05-12 08:46:17,2026-05-05 08:46:17,2026-04-28 08:46:17,2026-04-21 08:46:17,2026-04-14 08:46:17,2026-05,2,2,0,0,0,0,0,0,739240.8333333334,48,1030000,257500.0,36170.890690351174,75000,0.14046947840913077,Up,Down,Up,3.8066624897703196
26,2,63,5,6,220000,715000,175000,625000,2,5,R0155,jualan_online,sulawesi,> 5 thn,1,0,0,0,0,0,0,0,0,0,1,1,1,1,0,0,0,0,0,0,0,1,1,0,1,0,1,0,0,0,0,0,1,0,0,1,0,0,0,0,1,1,0,2026-05-12 09:08:48,2026-05-05 09:08:48,2026-04-28 09:08:48,2026-04-21 09:08:48,2026-04-14 09:08:48,2026-05,2,2,0,0,0,0,0,0,559306.0,30,1735000,433750.0,275873.6123662428,540000,0.636019855599407,Up,Down,Up,4.1588830833596715
25,0,38,4,7,550000,140000,100000,540000,1,3,R0156,jualan_online,bandung,2-5 thn,1,0,0,0,0,0,0,0,0,0,0,0,1,1,0,0,0,0,0,0,0,0,0,1,1,0,0,0,0,0,0,0,0,1,1,1,0,0,0,0,0,0,1,2026-05-12 09:09:57,2026-05-05 09:09:57,2026-04-28 09:09:57,2026-04-21 09:09:57,2026-04-14 09:09:57,2026-05,2,2,0,0,0,0,0,0,518297.0,28,1330000,332500.0,245950.53703268603,450000,0.7397008632561985,Down,Down,Up,3.6635616461296463
17,0,21,4,4,1000000,700000,1180000,650000,3,4,R0157,freelance_it,jabodetabek,1-2 thn,0,0,0,0,0,1,0,0,0,0,0,0,0,0,1,0,0,0,1,1,1,0,0,0,1,0,0,0,0,0,0,0,0,0,1,0,1,1,1,1,0,0,0,2026-05-12 10:21:16,2026-05-05 10:21:16,2026-04-28 10:21:16,2026-04-21 10:21:16,2026-04-14 10:21:16,2026-05,2,2,0,0,0,0,0,0,739240.8333333334,16,3530000,882500.0,251445.81921360316,530000,0.2849244410352444,Down,Up,Down,3.091042453358316
17,0,2,4,6,720000,200000,250000,240000,4,4,R0158,pekerja_harian,jabodetabek,< 6 bln,0,1,0,0,0,0,0,0,0,0,0,0,0,0,0,0,1,0,1,0,0,1,0,0,1,0,0,0,0,1,0,0,0,0,1,0,0,1,0,0,1,0,0,2026-05-12 10:39:43,2026-05-05 10:39:43,2026-04-28 10:39:43,2026-04-21 10:39:43,2026-04-14 10:39:43,2026-05,2,2,0,0,0,0,0,0,739240.8333333334,24,1410000,352500.0,245950.53703268603,520000,0.6977320199508823,Down,Up,Stable,1.0986122886681096
29,2,37,6,10,930000,830000,910000,825000,0,2,R0159,ojek_online,sulawesi,2-5 thn,0,0,0,1,0,0,0,0,0,1,0,0,0,0,0,0,0,0,1,0,0,0,0,1,1,1,0,0,0,0,0,0,0,0,1,1,0,1,0,0,0,0,1,2026-05-12 10:43:00,2026-05-05 10:43:00,2026-04-28 10:43:00,2026-04-21 10:43:00,2026-04-14 10:43:00,2026-05,2,2,0,0,0,0,0,0,559306.0,60,3495000,873750.0,54064.00527769531,105000,0.061875828644000354,Down,Up,Down,3.6375861597263857
33,2,3,7,4,570000,440000,560000,370000,0,4,R0160,jualan_online,jabodetabek,< 6 bln,1,0,0,0,0,0,0,0,0,0,1,1,1,1,0,0,1,0,0,1,0,0,0,0,1,0,0,0,0,1,0,0,1,1,0,0,0,0,1,0,0,0,0,2026-05-12 11:52:11,2026-05-05 11:52:11,2026-04-28 11:52:11,2026-04-21 11:52:11,2026-04-14 11:52:11,2026-05,2,2,0,0,0,0,0,0,739240.8333333334,28,1940000,485000.0,96781.54093971984,200000,0.19954956894787595,Down,Up,Down,1.3862943611198906
25,1,39,6,6,400000,425000,435000,400000,3,5,R0161,jualan_online,bali,2-5 thn,1,0,0,0,0,0,0,0,0,0,0,0,1,1,0,0,1,0,0,0,0,1,0,1,1,0,0,1,0,0,0,0,0,1,1,0,1,0,0,0,1,0,1,2026-05-12 11:53:38,2026-05-05 11:53:38,2026-04-28 11:53:38,2026-04-21 11:53:38,2026-04-14 11:53:38,2026-05,2,2,0,0,0,0,0,0,548095.6666666666,36,1660000,415000.0,17795.130420052184,35000,0.042879832337475145,Up,Stable,Down,3.6888794541139363
30,0,4,6,4,325000,300000,315000,300000,1,3,R0162,jualan_online,jabodetabek,< 6 bln,1,0,0,0,0,0,0,0,0,0,0,0,0,0,0,0,1,0,0,1,0,0,1,0,1,0,0,1,0,1,0,0,1,0,1,1,0,0,1,0,0,1,0,2026-05-12 12:04:12,2026-05-05 12:04:12,2026-04-28 12:04:12,2026-04-21 12:04:12,2026-04-14 12:04:12,2026-05,2,2,0,0,0,0,0,0,739240.8333333334,24,1240000,310000.0,12247.44871391589,25000,0.03950789907714803,Down,Stable,Stable,1.6094379124341003
19,2,2,5,7,440000,470000,570000,330000,3,3,R0163,pekerja_harian,jabodetabek,< 6 bln,0,1,0,0,0,0,0,0,0,0,0,0,0,0,0,0,1,0,1,0,1,0,0,0,1,0,0,0,0,0,0,0,1,0,1,1,0,1,0,1,0,0,0,2026-05-12 12:10:06,2026-05-05 12:10:06,2026-04-28 12:10:06,2026-04-21 12:10:06,2026-04-14 12:10:06,2026-05,2,2,0,0,0,0,0,0,739240.8333333334,35,1810000,452500.0,98784.27675158295,240000,0.21830779392615016,Up,Up,Down,1.0986122886681096
25,0,5,5,3,450000,225000,275000,425000,1,1,R0164,content_creator,jabodetabek,< 6 bln,0,0,0,0,0,0,0,1,0,0,1,1,1,1,0,0,0,0,0,0,1,1,1,0,1,0,1,0,0,0,0,0,1,1,0,0,0,0,0,1,1,1,0,2026-05-12 12:57:46,2026-05-05 12:57:46,2026-04-28 12:57:46,2026-04-21 12:57:46,2026-04-14 12:57:46,2026-05,2,2,0,0,0,0,0,0,739240.8333333334,15,1375000,343750.0,110632.65039459793,225000,0.3218404375115576,Down,Up,Up,1.791759469228055
21,0,64,4,6,490000,455000,315000,930000,1,5,R0165,freelance_desain,jawa_tengah,> 5 thn,0,0,1,0,0,0,0,0,0,0,0,0,0,0,0,1,0,0,0,1,0,0,0,0,1,1,0,0,0,0,0,0,0,1,0,1,0,0,1,0,0,0,0,2026-05-12 13:16:01,2026-05-05 13:16:01,2026-04-28 13:16:01,2026-04-21 13:16:01,2026-04-14 13:16:01,2026-05,2,2,0,0,0,0,0,0,442180.75,24,2190000,547500.0,265973.05627951614,615000,0.48579553658359115,Down,Down,Up,4.174387269895637
26,1,4,4,7,580000,1273200,400000,1342800,4,3,R0166,freelance_it,jabodetabek,< 6 bln,0,0,0,0,0,1,0,0,0,0,0,0,0,0,1,0,0,0,1,1,1,0,0,0,1,0,0,0,0,0,0,0,1,1,0,0,0,1,1,1,0,0,0,2026-05-12 13:33:14,2026-05-05 13:33:14,2026-04-28 13:33:14,2026-04-21 13:33:14,2026-04-14 13:33:14,2026-05,2,2,0,0,0,0,0,0,739240.8333333334,28,3596000,899000.0,478799.22027226957,942800,0.5325909013039706,Up,Down,Up,1.6094379124341003
33,1,20,6,7,360000,355000,325000,425000,4,3,R0167,pekerja_harian,bandung,1-2 thn,0,1,0,0,0,0,0,0,0,0,0,0,0,0,0,0,1,0,1,0,1,1,0,0,1,1,0,0,0,1,0,0,1,0,0,0,0,1,0,1,1,0,0,2026-05-12 13:44:20,2026-05-05 13:44:20,2026-04-28 13:44:20,2026-04-21 13:44:20,2026-04-14 13:44:20,2026-05,2,2,0,0,0,0,0,0,518297.0,42,1465000,366250.0,42106.01698886593,100000,0.11496523409929264,Stable,Down,Up,3.044522437723423
28,2,24,3,4,700000,650000,615000,625000,1,4,R0168,freelance_desain,jawa_barat_lainnya,1-2 thn,0,0,1,0,0,0,0,0,0,0,0,0,1,1,0,1,0,0,1,1,0,0,0,0,1,1,1,0,0,0,0,0,1,0,1,0,1,1,1,0,0,0,0,2026-05-12 14:24:12,2026-05-05 14:24:12,2026-04-28 14:24:12,2026-04-21 14:24:12,2026-04-14 14:24:12,2026-05,2,2,0,0,0,0,0,0,518297.0,12,2590000,647500.0,37969.285832981725,85000,0.05863982368028066,Down,Down,Stable,3.2188758248682006
31,2,45,7,10,325000,720000,490000,765000,4,4,R0169,ojek_online,jabodetabek,2-5 thn,0,0,0,1,0,0,0,0,0,1,0,0,0,0,0,0,0,0,1,0,0,0,0,0,1,0,0,0,0,0,0,0,0,0,1,1,0,1,0,0,0,0,0,2026-05-12 14:44:40,2026-05-05 14:44:40,2026-04-28 14:44:40,2026-04-21 14:44:40,2026-04-14 14:44:40,2026-05,2,2,0,0,0,0,0,0,739240.8333333334,70,2300000,575000.0,205629.115966911,440000,0.3576158538554974,Up,Down,Up,3.828641396489095
29,0,16,5,5,310000,330000,210000,250000,1,5,R0170,jualan_online,jawa_timur,1-2 thn,1,0,0,0,0,0,0,0,0,0,1,1,1,1,0,0,0,0,1,0,0,0,1,0,1,0,1,0,0,0,0,0,1,0,0,0,1,1,0,0,0,1,0,2026-05-12 14:47:37,2026-05-05 14:47:37,2026-04-28 14:47:37,2026-04-21 14:47:37,2026-04-14 14:47:37,2026-05,2,2,0,0,0,0,0,0,460955.5,25,1100000,275000.0,55075.70547286102,120000,0.2002752926285855,Up,Down,Up,2.833213344056216
28,1,22,4,3,340000,310000,400000,170000,3,4,R0171,freelance_desain,jawa_timur,1-2 thn,0,0,1,0,0,0,0,0,0,0,0,0,0,0,0,0,1,0,1,1,0,0,0,0,1,1,0,0,0,0,0,0,1,1,1,0,0,1,1,0,0,0,0,2026-05-12 15:01:42,2026-05-05 15:01:42,2026-04-28 15:01:42,2026-04-21 15:01:42,2026-04-14 15:01:42,2026-05,2,2,0,0,0,0,0,0,460955.5,12,1220000,305000.0,97467.94344808965,230000,0.3195670276986546,Down,Up,Down,3.1354942159291497
23,2,8,5,10,260000,250000,350000,590000,4,3,R0172,kurir,sumatera,6-12 bln,0,0,0,0,1,0,0,0,0,0,1,0,0,0,0,0,0,0,1,0,1,0,0,1,1,0,0,1,0,0,0,0,0,0,0,1,0,1,0,1,0,0,1,2026-05-12 15:08:14,2026-05-05 15:08:14,2026-04-28 15:08:14,2026-04-21 15:08:14,2026-04-14 15:08:14,2026-05,2,2,0,0,0,0,0,0,517481.9375,50,1450000,362500.0,158192.92019556375,340000,0.4363942626084517,Stable,Up,Up,2.1972245773362196
32,1,14,5,6,310000,225000,270000,200000,1,3,R0173,pekerja_harian,sumatera,1-2 thn,0,1,0,0,0,0,0,0,0,0,0,0,0,0,0,0,1,0,1,0,0,0,0,0,1,0,0,0,0,0,0,0,0,0,1,0,0,1,0,0,0,0,0,2026-05-12 16:24:44,2026-05-05 16:24:44,2026-04-28 16:24:44,2026-04-21 16:24:44,2026-04-14 16:24:44,2026-05,2,2,0,0,0,0,0,0,517481.9375,30,1005000,251250.0,48712.592485584944,110000,0.193880965116756,Down,Up,Down,2.70805020110221
35,2,45,6,8,1130000,805000,770000,925000,4,2,R0174,ojek_online,jawa_timur,2-5 thn,0,0,0,1,0,0,0,0,1,0,0,0,0,0,0,0,0,0,1,0,0,1,0,0,1,1,0,0,0,0,0,0,0,1,0,1,0,1,0,0,1,0,0,2026-05-12 18:01:47,2026-05-05 18:01:47,2026-04-28 18:01:47,2026-04-21 18:01:47,2026-04-14 18:01:47,2026-05,2,2,0,0,0,0,0,0,460955.5,48,3630000,907500.0,162506.4101299802,360000,0.17907042438565313,Down,Stable,Up,3.828641396489095
34,2,78,6,10,670000,360000,475000,420000,1,3,R0175,pekerja_harian,jabodetabek,> 5 thn,0,1,0,0,0,0,0,0,0,0,0,0,0,0,0,0,1,0,1,0,1,1,0,0,1,1,0,0,0,0,1,0,0,1,1,1,0,1,0,1,1,0,0,2026-05-12 18:30:59,2026-05-05 18:30:59,2026-04-28 18:30:59,2026-04-21 18:30:59,2026-04-14 18:30:59,2026-05,2,2,0,0,0,0,0,0,739240.8333333334,60,1925000,481250.0,134311.51601159645,310000,0.27908886443968095,Down,Up,Down,4.3694478524670215
21,0,2,3,5,18400,225000,260000,275000,4,5,R0176,tutor,jabodetabek,< 6 bln,0,0,0,0,0,0,1,0,0,0,0,0,1,1,0,0,0,0,1,0,1,0,0,0,1,0,0,0,0,0,0,0,1,1,0,1,0,1,0,1,0,0,0,2026-05-12 18:58:10,2026-05-05 18:58:10,2026-04-28 18:58:10,2026-04-21 18:58:10,2026-04-14 18:58:10,2026-05,2,2,0,0,0,0,0,0,739240.8333333334,15,778400,194600.0,119320.18549544191,256600,0.6131561433475946,Up,Up,Up,1.0986122886681096
30,1,20,5,8,450000,450000,410000,380000,0,5,R0177,pekerja_harian,bali,1-2 thn,0,1,0,0,0,0,0,0,0,0,0,0,0,0,0,0,1,0,1,0,1,1,0,0,1,1,0,0,0,0,0,0,0,0,1,1,0,1,0,1,1,0,0,2026-05-12 19:53:13,2026-05-05 19:53:13,2026-04-28 19:53:13,2026-04-21 19:53:13,2026-04-14 19:53:13,2026-05,2,2,0,0,0,0,0,0,548095.6666666666,40,1690000,422500.0,34034.29642777023,70000,0.08055454775803604,Stable,Down,Down,3.044522437723423
27,2,7,4,5,980000,375000,860000,300000,1,3,R0178,freelance_desain,kalimantan,6-12 bln,0,0,1,0,0,0,0,0,0,0,0,0,0,0,0,0,1,0,1,1,0,1,0,0,1,1,0,0,0,0,0,0,0,1,1,0,0,1,1,0,1,0,0,2026-05-12 19:55:16,2026-05-05 19:55:16,2026-04-28 19:55:16,2026-04-21 19:55:16,2026-04-14 19:55:16,2026-05,2,2,0,0,0,0,0,0,653189.75,20,2515000,628750.0,341232.4476560418,680000,0.5427156225145795,Down,Up,Down,2.0794415416798357
22,1,17,6,5,275000,370000,500000,220000,4,5,R0179,freelance_it,jawa_barat_lainnya,1-2 thn,0,0,0,0,0,1,0,0,0,0,0,0,0,0,1,1,0,0,1,1,0,0,0,0,1,0,0,0,0,0,0,0,0,0,0,1,1,1,1,0,0,0,0,2026-05-12 20:44:17,2026-05-05 20:44:17,2026-04-28 20:44:17,2026-04-21 20:44:17,2026-04-14 20:44:17,2026-05,2,2,0,0,0,0,0,0,518297.0,30,1365000,341250.0,122635.97895125774,280000,0.35937283209159776,Up,Up,Down,2.8903717578961645
45,0,35,6,6,270000,200000,225000,250000,3,4,R0180,ojek_online,bali,2-5 thn,0,0,0,1,0,0,0,0,1,0,0,0,0,0,0,0,0,0,0,0,0,0,0,1,1,0,0,1,0,0,0,0,1,0,1,0,1,0,0,0,0,0,1,2026-05-12 20:47:26,2026-05-05 20:47:26,2026-04-28 20:47:26,2026-04-21 20:47:26,2026-04-14 20:47:26,2026-05,2,2,0,0,0,0,0,0,548095.6666666666,36,945000,236250.0,30379.543555930308,70000,0.12859066055420237,Down,Up,Up,3.58351893845611
31,2,1,5,9,790000,875000,825000,775000,4,3,R0181,freelance_it,jawa_timur,< 6 bln,0,0,0,0,0,1,0,0,0,0,0,0,0,0,0,0,0,0,1,1,0,0,0,0,1,1,0,0,0,0,0,0,0,1,1,1,0,1,1,0,0,0,0,2026-05-12 20:56:15,2026-05-05 20:56:15,2026-04-28 20:56:15,2026-04-21 20:56:15,2026-04-14 20:56:15,2026-05,2,2,0,0,0,0,0,0,460955.5,45,3265000,816250.0,44417.5265707881,100000,0.05441657160280318,Up,Down,Down,0.6931471805599453
25,2,81,6,7,925000,870000,870000,775000,1,4,R0182,pekerja_harian,jabodetabek,> 5 thn,0,1,0,0,0,0,0,0,0,0,0,0,0,0,0,0,1,0,1,0,0,1,0,0,1,0,0,0,0,1,0,0,1,1,1,0,0,1,0,0,1,0,0,2026-05-12 21:12:26,2026-05-05 21:12:26,2026-04-28 21:12:26,2026-04-21 21:12:26,2026-04-14 21:12:26,2026-05,2,2,0,0,0,0,0,0,739240.8333333334,42,3440000,860000.0,62316.396986133055,150000,0.07246092672806169,Down,Stable,Down,4.406719247264253
21,2,20,6,9,875000,830000,800000,950000,4,5,R0183,kurir,bandung,1-2 thn,0,0,0,0,1,0,0,0,1,0,1,0,0,0,0,0,0,0,0,0,1,0,1,0,1,1,0,0,0,0,0,0,1,0,0,0,1,0,0,1,0,1,0,2026-05-12 21:12:29,2026-05-05 21:12:29,2026-04-28 21:12:29,2026-04-21 21:12:29,2026-04-14 21:12:29,2026-05,2,2,0,0,0,0,0,0,518297.0,54,3455000,863750.0,65239.94175349944,150000,0.07553104689261875,Down,Stable,Up,3.044522437723423
21,0,9,3,4,175000,325000,270000,6800,0,3,R0184,tutor,kalimantan,6-12 bln,0,0,0,0,0,0,1,0,0,0,0,0,0,0,0,0,1,0,1,0,1,0,0,0,1,0,0,0,0,0,0,0,0,0,1,0,0,1,0,1,0,0,0,2026-05-12 21:25:19,2026-05-05 21:25:19,2026-04-28 21:25:19,2026-04-21 21:25:19,2026-04-14 21:25:19,2026-05,2,2,0,0,0,0,0,0,653189.75,12,776800,194200.0,139453.31357363533,318200,0.7180912130465259,Up,Down,Down,2.302585092994046
26,1,42,3,9,440000,440000,450000,540000,0,5,R0185,pekerja_harian,jabodetabek,2-5 thn,0,1,0,0,0,0,0,0,0,0,0,0,0,0,0,0,1,0,1,0,1,1,0,0,1,0,0,0,0,1,0,0,0,0,0,1,0,1,0,1,1,0,0,2026-05-12 21:28:15,2026-05-05 21:28:15,2026-04-28 21:28:15,2026-04-21 21:28:15,2026-04-14 21:28:15,2026-05,2,2,0,0,0,0,0,0,739240.8333333334,27,1870000,467500.0,48562.67428111155,100000,0.10387737814141508,Stable,Stable,Up,3.7612001156935624
23,1,65,6,8,805000,365000,510000,905000,4,4,R0186,freelance_desain,jabodetabek,> 5 thn,0,0,1,0,0,0,0,0,0,0,0,0,0,0,0,0,1,0,0,1,0,0,0,0,1,0,1,0,0,0,0,0,0,0,0,1,1,0,1,0,0,0,0,2026-05-12 21:46:34,2026-05-05 21:46:34,2026-04-28 21:46:34,2026-04-21 21:46:34,2026-04-14 21:46:34,2026-05,2,2,0,0,0,0,0,0,739240.8333333334,48,2585000,646250.0,251541.08345689112,540000,0.3892318506102764,Down,Up,Up,4.189654742026425
17,1,5,4,9,310000,425000,350000,430000,4,5,R0187,freelance_it,bali,< 6 bln,0,0,0,0,0,1,0,0,0,0,0,0,0,0,0,0,0,0,0,1,0,0,0,0,1,1,1,0,0,0,0,0,1,0,0,1,1,0,1,0,0,0,0,2026-05-12 22:05:23,2026-05-05 22:05:23,2026-04-28 22:05:23,2026-04-21 22:05:23,2026-04-14 22:05:23,2026-05,2,2,0,0,0,0,0,0,548095.6666666666,36,1515000,378750.0,58647.96103304302,120000,0.15484610173740732,Up,Down,Up,1.791759469228055
31,0,8,6,6,550000,250000,580000,280000,4,5,R0188,freelance_desain,jawa_timur,6-12 bln,0,0,1,0,0,0,0,0,0,0,0,0,0,0,0,1,1,0,1,1,0,1,0,0,1,0,0,0,1,0,0,0,1,0,1,0,0,1,1,0,1,0,0,2026-05-12 23:25:14,2026-05-05 23:25:14,2026-04-28 23:25:14,2026-04-21 23:25:14,2026-04-14 23:25:14,2026-05,2,2,0,0,0,0,0,0,460955.5,36,1660000,415000.0,174068.9518552921,330000,0.41944325748263156,Down,Up,Down,2.1972245773362196
24,1,41,3,2,375000,810000,500000,625000,0,4,R0189,content_creator,bali,2-5 thn,0,0,0,0,0,0,0,1,0,0,0,0,0,0,0,0,1,0,0,0,1,0,1,0,1,0,0,1,0,1,0,0,1,0,0,0,1,0,0,1,0,1,0,2026-05-12 23:47:29,2026-05-05 23:47:29,2026-04-28 23:47:29,2026-04-21 23:47:29,2026-04-14 23:47:29,2026-05,2,2,0,0,0,0,0,0,548095.6666666666,6,2310000,577500.0,185584.6617225321,435000,0.32135872159745815,Up,Down,Up,3.7376696182833684
26,2,44,5,10,1050000,1150000,1075000,680000,4,5,R0190,pekerja_harian,jawa_tengah,2-5 thn,0,1,0,0,0,0,0,0,0,0,0,0,0,0,0,0,1,0,1,0,0,0,0,0,1,1,0,0,0,1,0,0,0,0,1,0,1,1,0,0,0,0,0,2026-05-13 00:33:29,2026-05-06 00:33:29,2026-04-29 00:33:29,2026-04-22 00:33:29,2026-04-15 00:33:29,2026-05,2,2,0,0,0,0,0,0,442180.75,50,3955000,988750.0,210173.5394065263,470000,0.21256489446930601,Up,Down,Down,3.8066624897703196
32,1,52,3,6,705000,300000,700000,325000,1,4,R0191,tutor,jabodetabek,2-5 thn,0,0,0,0,0,0,1,0,0,0,0,0,1,1,0,0,1,0,1,0,1,0,0,0,1,0,1,0,0,0,1,0,0,0,1,1,0,1,0,1,0,0,0,2026-05-13 09:37:23,2026-05-06 09:37:23,2026-04-29 09:37:23,2026-04-22 09:37:23,2026-04-15 09:37:23,2026-05,2,2,0,0,0,0,0,0,739240.8333333334,18,2030000,507500.0,225407.0392275568,405000,0.44415180143360944,Down,Up,Down,3.970291913552122
35,1,29,7,8,700000,850000,930000,790000,0,2,R0192,ojek_online,jabodetabek,2-5 thn,0,0,0,1,0,0,0,0,1,0,0,0,0,0,0,0,0,0,0,0,1,1,0,0,1,0,0,0,1,0,0,0,0,0,0,1,0,0,0,1,1,0,0,2026-05-13 09:40:26,2026-05-06 09:40:26,2026-04-29 09:40:26,2026-04-22 09:40:26,2026-04-15 09:40:26,2026-05,2,2,0,0,0,0,0,0,739240.8333333334,56,3270000,817500.0,97082.43919473799,230000,0.1187552773024318,Up,Up,Down,3.4011973816621555
38,0,28,6,9,125000,200000,10000,150000,2,4,R0193,ojek_online,jabodetabek,2-5 thn,0,0,0,1,0,0,0,0,1,0,0,0,0,0,0,0,0,0,0,0,0,0,0,0,1,1,0,1,0,0,0,0,0,1,1,0,0,0,0,0,0,0,0,2026-05-13 11:30:00,2026-05-06 11:30:00,2026-04-29 11:30:00,2026-04-22 11:30:00,2026-04-15 11:30:00,2026-05,2,2,0,0,0,0,0,0,739240.8333333334,54,485000,121250.0,80454.43845224865,190000,0.6635417604309167,Up,Down,Up,3.367295829986474
40,2,80,7,10,1336200,980000,1175000,760000,1,5,R0194,ojek_online,jabodetabek,> 5 thn,0,0,0,1,0,0,0,0,0,1,0,0,0,0,0,0,0,0,0,0,1,0,0,0,1,0,0,0,0,0,0,1,0,1,1,0,0,0,0,1,0,0,0,2026-05-13 12:20:33,2026-05-06 12:20:33,2026-04-29 12:20:33,2026-04-22 12:20:33,2026-04-15 12:20:33,2026-05,2,2,0,0,0,0,0,0,739240.8333333334,70,4251200,1062800.0,248917.71063278455,576200,0.2342093626578703,Down,Up,Down,4.394449154672439
35,0,38,6,8,18400,260000,250000,150000,0,3,R0195,pekerja_harian,bandung,2-5 thn,0,1,0,0,0,0,0,0,0,0,0,0,0,0,0,0,1,0,1,0,0,1,0,0,1,1,0,0,0,0,1,0,1,0,1,1,0,1,0,0,1,0,0,2026-05-13 12:21:23,2026-05-06 12:21:23,2026-04-29 12:21:23,2026-04-22 12:21:23,2026-04-15 12:21:23,2026-05,2,2,0,0,0,0,0,0,518297.0,48,678400,169600.0,112371.28933436096,241600,0.6625665644714679,Up,Stable,Down,3.6635616461296463
43,2,84,4,5,18400,20000,300000,15000,3,5,R0196,jualan_online,sulawesi,> 5 thn,1,0,0,0,0,0,0,0,0,0,1,1,1,0,0,0,1,0,0,0,0,0,0,1,1,0,0,0,0,0,0,0,0,1,0,1,1,0,0,0,0,0,1,2026-05-13 12:49:11,2026-05-06 12:49:11,2026-04-29 12:49:11,2026-04-22 12:49:11,2026-04-15 12:49:11,2026-05,2,2,0,0,0,0,0,0,559306.0,20,353400,88350.0,141115.40194701168,285000,1.5972314877986606,Up,Up,Down,4.442651256490317
28,2,34,4,5,460000,460000,720000,495000,1,3,R0197,jualan_online,jabodetabek,2-5 thn,1,0,0,0,0,0,0,0,0,0,1,1,1,0,0,0,1,0,0,0,0,1,1,1,1,0,0,1,0,1,0,0,1,0,0,1,0,0,0,0,1,1,1,2026-05-13 12:58:40,2026-05-06 12:58:40,2026-04-29 12:58:40,2026-04-22 12:58:40,2026-04-15 12:58:40,2026-05,2,2,0,0,0,0,0,0,739240.8333333334,20,2135000,533750.0,125258.066939153,260000,0.2346755352489986,Stable,Up,Down,3.5553480614894135
36,1,16,6,5,775000,470000,690000,875000,2,3,R0198,jualan_online,jabodetabek,1-2 thn,1,0,0,0,0,0,0,0,0,0,1,1,1,0,0,0,1,0,0,0,0,1,0,0,1,0,0,1,0,0,0,0,1,1,1,0,0,0,0,0,1,0,0,2026-05-13 13:51:41,2026-05-06 13:51:41,2026-04-29 13:51:41,2026-04-22 13:51:41,2026-04-15 13:51:41,2026-05,2,2,0,0,0,0,0,0,739240.8333333334,30,2810000,702500.0,172457.72428820538,405000,0.24549142247431371,Down,Up,Up,2.833213344056216
34,0,3,5,8,640000,640000,450000,675000,3,4,R0199,ojek_online,sumatera,< 6 bln,0,0,0,1,0,0,0,0,1,1,0,0,0,0,0,0,0,0,0,0,0,0,0,1,1,0,0,1,1,0,0,0,0,1,1,1,0,0,0,0,0,0,1,2026-05-13 13:55:48,2026-05-06 13:55:48,2026-04-29 13:55:48,2026-04-22 13:55:48,2026-04-15 13:55:48,2026-05,2,2,0,0,0,0,0,0,517481.9375,40,2405000,601250.0,102174.27921611843,225000,0.16993643112867932,Stable,Down,Up,1.3862943611198906
20,0,16,4,4,500000,460000,250000,420000,1,5,R0200,freelance_it,jabodetabek,1-2 thn,0,0,0,0,0,1,0,0,0,0,0,0,0,0,0,1,0,0,0,1,0,0,0,0,1,1,0,0,1,0,0,0,0,0,1,1,0,0,1,0,0,0,0,2026-05-13 13:56:41,2026-05-06 13:56:41,2026-04-29 13:56:41,2026-04-22 13:56:41,2026-04-15 13:56:41,2026-05,2,2,0,0,0,0,0,0,739240.8333333334,16,1630000,407500.0,109962.11468804456,250000,0.26984568021606026,Down,Down,Up,2.833213344056216
30,2,11,5,10,790000,685000,940000,950000,4,4,R0201,ojek_online,kalimantan,6-12 bln,0,0,0,1,0,0,0,0,0,1,0,0,0,0,0,0,0,0,0,0,0,1,0,0,1,0,0,0,0,0,0,0,0,1,0,0,1,0,0,0,1,0,0,2026-05-13 14:19:34,2026-05-06 14:19:34,2026-04-29 14:19:34,2026-04-22 14:19:34,2026-04-15 14:19:34,2026-05,2,2,0,0,0,0,0,0,653189.75,50,3365000,841250.0,127303.77056474015,265000,0.15132691894768516,Down,Up,Stable,2.4849066497880004
33,2,69,6,11,1336200,600000,1140000,380000,0,4,R0202,ojek_online,bandung,> 5 thn,0,0,0,1,0,0,0,0,1,0,0,0,0,0,0,0,0,0,1,0,0,0,0,1,1,0,0,1,0,0,0,0,1,0,1,0,1,1,0,0,0,0,1,2026-05-13 14:35:23,2026-05-06 14:35:23,2026-04-29 14:35:23,2026-04-22 14:35:23,2026-04-15 14:35:23,2026-05,2,2,0,0,0,0,0,0,518297.0,66,3456200,864050.0,448367.7173927668,956200,0.5189140876022994,Down,Up,Down,4.248495242049359
22,0,30,6,3,530000,550000,450000,460000,2,1,R0203,jualan_online,jabodetabek,2-5 thn,1,0,0,0,0,0,0,0,0,0,0,0,0,0,0,0,1,0,1,1,0,0,1,0,1,0,0,1,0,0,0,0,1,1,0,1,0,1,1,0,0,1,0,2026-05-13 14:47:23,2026-05-06 14:47:23,2026-04-29 14:47:23,2026-04-22 14:47:23,2026-04-15 14:47:23,2026-05,2,2,0,0,0,0,0,0,739240.8333333334,18,1990000,497500.0,49916.59710623979,100000,0.10033486855525585,Stable,Down,Stable,3.4339872044851463
31,2,20,6,11,870000,1050000,1090000,300000,3,5,R0204,ojek_online,bandung,1-2 thn,0,0,0,1,0,0,0,0,1,0,0,0,0,0,0,0,0,0,0,0,1,0,0,1,1,0,0,0,0,0,0,0,1,0,1,0,1,0,0,1,0,0,1,2026-05-13 15:38:01,2026-05-06 15:38:01,2026-04-29 15:38:01,2026-04-22 15:38:01,2026-04-15 15:38:01,2026-05,2,2,0,0,0,0,0,0,518297.0,66,3310000,827500.0,364451.64288283844,790000,0.44042494608197996,Up,Stable,Down,3.044522437723423
34,2,56,7,9,780000,375000,570000,625000,1,5,R0205,pekerja_harian,jabodetabek,2-5 thn,0,1,0,0,0,0,0,0,0,0,0,0,0,0,0,0,1,0,1,0,1,1,0,0,1,0,0,0,0,1,1,0,0,1,1,0,1,1,0,1,1,0,0,2026-05-13 16:25:10,2026-05-06 16:25:10,2026-04-29 16:25:10,2026-04-22 16:25:10,2026-04-15 16:25:10,2026-05,2,2,0,0,0,0,0,0,739240.8333333334,63,2350000,587500.0,167257.28683677732,405000,0.28469325419025926,Down,Up,Up,4.04305126783455
29,2,13,5,9,430000,635000,745000,375000,3,4,R0206,freelance_it,jabodetabek,1-2 thn,0,0,0,0,0,1,0,0,0,0,0,0,0,0,1,1,0,0,1,0,0,0,0,0,1,0,1,0,0,0,0,0,0,1,0,1,0,1,0,0,0,0,0,2026-05-13 17:01:07,2026-05-06 17:01:07,2026-04-29 17:01:07,2026-04-22 17:01:07,2026-04-15 17:01:07,2026-05,2,2,0,0,0,0,0,0,739240.8333333334,45,2185000,546250.0,173415.4452944335,370000,0.31746534607676613,Up,Up,Down,2.639057329615259
25,0,19,4,5,340000,400000,330000,400000,4,4,R0207,freelance_it,jawa_timur,1-2 thn,0,0,0,0,0,1,0,0,0,0,0,0,0,0,0,0,0,0,1,1,0,0,0,0,1,0,0,0,0,0,0,0,0,0,0,1,1,1,1,0,0,0,0,2026-05-13 17:16:31,2026-05-06 17:16:31,2026-04-29 17:16:31,2026-04-22 17:16:31,2026-04-15 17:16:31,2026-05,2,2,0,0,0,0,0,0,460955.5,20,1470000,367500.0,37749.17217635375,70000,0.1027188358540238,Up,Down,Up,2.995732273553991
26,1,1,4,6,750000,1270000,1350000,1025000,3,5,R0208,freelance_it,sumatera,< 6 bln,0,0,0,0,0,1,0,0,0,0,0,0,0,0,1,1,0,0,0,1,0,0,0,0,1,1,0,0,0,0,0,0,1,0,0,0,0,0,1,0,0,0,0,2026-05-13 18:45:31,2026-05-06 18:45:31,2026-04-29 18:45:31,2026-04-22 18:45:31,2026-04-15 18:45:31,2026-05,2,2,0,0,0,0,0,0,517481.9375,24,4395000,1098750.0,270504.92909865186,600000,0.24619333706361943,Up,Up,Down,0.6931471805599453
19,0,30,3,5,245000,250000,250000,240000,1,5,R0209,tutor,jawa_barat_lainnya,2-5 thn,0,0,0,0,0,0,1,0,0,0,0,0,1,1,0,0,1,0,1,0,1,0,0,0,1,1,1,0,0,0,0,0,1,1,1,0,0,1,0,1,0,0,0,2026-05-13 19:02:01,2026-05-06 19:02:01,2026-04-29 19:02:01,2026-04-22 19:02:01,2026-04-15 19:02:01,2026-05,2,2,0,0,0,0,0,0,518297.0,15,985000,246250.0,4787.13553878169,10000,0.019440144319925644,Stable,Stable,Stable,3.4339872044851463
25,2,25,5,5,625000,475000,725000,425000,3,5,R0210,jualan_online,jawa_timur,2-5 thn,1,0,0,0,0,0,0,0,0,0,1,1,1,1,0,0,1,0,0,1,0,1,0,1,1,0,0,1,0,0,0,0,0,0,1,0,0,0,1,0,1,0,1,2026-05-13 19:02:30,2026-05-06 19:02:30,2026-04-29 19:02:30,2026-04-22 19:02:30,2026-04-15 19:02:30,2026-05,2,2,0,0,0,0,0,0,460955.5,25,2250000,562500.0,137689.26368215255,300000,0.24478091321271564,Down,Up,Down,3.258096538021482
28,1,72,4,3,370000,375000,410000,375000,1,1,R0211,content_creator,sumatera,> 5 thn,0,0,0,0,0,0,0,1,0,0,0,0,0,0,0,0,1,0,0,0,0,0,1,0,1,0,0,1,0,0,0,0,0,0,0,1,0,0,0,0,0,1,0,2026-05-13 19:14:02,2026-05-06 19:14:02,2026-04-29 19:14:02,2026-04-22 19:14:02,2026-04-15 19:14:02,2026-05,2,2,0,0,0,0,0,0,517481.9375,12,1530000,382500.0,18484.22751068236,40000,0.04832477780570552,Stable,Up,Down,4.290459441148391
22,0,4,3,5,230000,100000,190000,230000,1,3,R0212,tutor,sumatera,< 6 bln,0,0,0,0,0,0,1,0,0,0,0,0,1,1,0,0,0,0,1,0,1,0,0,0,1,0,1,0,0,0,1,0,0,1,1,1,0,1,0,1,0,0,0,2026-05-13 19:24:47,2026-05-06 19:24:47,2026-04-29 19:24:47,2026-04-22 19:24:47,2026-04-15 19:24:47,2026-05,2,2,0,0,0,0,0,0,517481.9375,15,750000,187500.0,61305.2471924984,130000,0.3269613183599915,Down,Up,Up,1.6094379124341003
25,1,29,6,4,625000,450000,475000,925000,4,4,R0213,freelance_desain,jabodetabek,2-5 thn,0,0,1,0,0,0,0,0,0,0,0,0,0,0,0,0,1,0,1,0,0,0,0,0,1,0,0,0,0,0,0,0,1,1,0,0,0,1,0,0,0,0,0,2026-05-13 19:41:33,2026-05-06 19:41:33,2026-04-29 19:41:33,2026-04-22 19:41:33,2026-04-15 19:41:33,2026-05,2,2,0,0,0,0,0,0,739240.8333333334,24,2475000,618750.0,218303.11495716227,475000,0.35281311508228247,Down,Up,Up,3.4011973816621555
42,2,77,5,10,910000,975000,400000,370000,0,4,R0214,ojek_online,jawa_tengah,> 5 thn,0,0,0,1,0,0,0,0,0,1,0,0,0,0,0,0,0,0,1,0,0,0,0,0,1,0,0,0,1,0,0,0,1,0,1,0,1,1,0,0,0,0,0,2026-05-13 19:55:01,2026-05-06 19:55:01,2026-04-29 19:55:01,2026-04-22 19:55:01,2026-04-15 19:55:01,2026-05,2,2,0,0,0,0,0,0,442180.75,50,2655000,663750.0,323196.92139622866,605000,0.4869256819528869,Up,Down,Down,4.356708826689592
19,0,17,4,6,18400,630000,240000,175000,3,4,R0215,freelance_it,bandung,1-2 thn,0,0,0,0,0,1,0,0,0,0,0,0,0,0,0,1,1,0,1,1,0,0,0,0,1,0,0,0,1,0,0,0,1,0,1,1,0,1,1,0,0,0,0,2026-05-13 20:08:10,2026-05-06 20:08:10,2026-04-29 20:08:10,2026-04-22 20:08:10,2026-04-15 20:08:10,2026-05,2,2,0,0,0,0,0,0,518297.0,24,1063400,265850.0,259973.50506029135,611600,0.9778954487880058,Up,Down,Down,2.8903717578961645
25,1,21,4,6,220000,205000,220000,150000,1,3,R0216,tutor,kalimantan,1-2 thn,0,0,0,0,0,0,1,0,0,0,0,0,1,1,0,0,0,0,1,0,0,0,0,0,1,0,0,0,0,0,1,0,0,1,0,0,0,1,0,0,0,0,0,2026-05-13 20:15:58,2026-05-06 20:15:58,2026-04-29 20:15:58,2026-04-22 20:15:58,2026-04-15 20:15:58,2026-05,2,2,0,0,0,0,0,0,653189.75,24,795000,198750.0,33260.336739125174,70000,0.16734760623459208,Down,Up,Down,3.091042453358316
36,2,62,6,10,580000,425000,600000,525000,2,5,R0217,kurir,sumatera,> 5 thn,0,0,0,0,1,0,0,0,0,1,1,0,0,0,0,0,0,0,0,0,1,0,1,1,1,1,0,0,0,0,0,1,1,0,0,0,0,0,0,1,0,1,1,2026-05-13 20:33:52,2026-05-06 20:33:52,2026-04-29 20:33:52,2026-04-22 20:33:52,2026-04-15 20:33:52,2026-05,2,2,0,0,0,0,0,0,517481.9375,60,2130000,532500.0,78368.78630339165,175000,0.1471714296777308,Down,Up,Down,4.143134726391533
18,1,63,3,3,170000,345000,260000,230000,1,5,R0218,content_creator,jabodetabek,> 5 thn,0,0,0,0,0,0,0,1,0,0,1,1,1,1,0,0,0,0,0,0,0,1,1,0,1,0,1,0,0,0,0,0,1,0,1,0,1,0,0,0,1,1,0,2026-05-13 20:48:24,2026-05-06 20:48:24,2026-04-29 20:48:24,2026-04-22 20:48:24,2026-04-15 20:48:24,2026-05,2,2,0,0,0,0,0,0,739240.8333333334,9,1005000,251250.0,72844.01142166732,175000,0.2899264136185764,Up,Down,Down,4.1588830833596715
25,2,11,4,6,460000,350000,610000,600000,4,4,R0219,jualan_online,sulawesi,6-12 bln,1,0,0,0,0,0,0,0,0,0,1,1,1,0,0,0,1,0,1,0,0,0,0,0,1,0,0,0,0,0,0,0,0,0,1,1,0,1,0,0,0,0,0,2026-05-13 21:50:19,2026-05-06 21:50:19,2026-04-29 21:50:19,2026-04-22 21:50:19,2026-04-15 21:50:19,2026-05,2,2,0,0,0,0,0,0,559306.0,24,2020000,505000.0,123962.35987858035,260000,0.24547001956154524,Down,Up,Stable,2.4849066497880004
25,1,9,4,5,500000,605000,605000,450000,2,1,R0220,pekerja_harian,jabodetabek,6-12 bln,0,1,0,0,0,0,0,0,0,0,0,0,0,0,0,0,1,0,1,0,0,1,0,0,1,0,0,0,0,0,1,0,1,0,1,1,0,1,0,0,1,0,0,2026-05-13 23:31:36,2026-05-06 23:31:36,2026-04-29 23:31:36,2026-04-22 23:31:36,2026-04-15 23:31:36,2026-05,2,2,0,0,0,0,0,0,739240.8333333334,20,2160000,540000.0,77781.74593052022,155000,0.1440402702417041,Up,Stable,Down,2.302585092994046
21,2,19,5,8,330000,325000,290000,200000,1,5,R0221,freelance_desain,jawa_timur,1-2 thn,0,0,1,0,0,0,0,0,0,0,0,0,0,0,0,0,0,0,1,1,0,1,0,0,1,0,0,0,0,0,0,0,0,0,1,1,1,1,1,0,1,0,0,2026-05-13 23:48:24,2026-05-06 23:48:24,2026-04-29 23:48:24,2026-04-22 23:48:24,2026-04-15 23:48:24,2026-05,2,2,0,0,0,0,0,0,460955.5,40,1145000,286250.0,60190.669265814504,130000,0.21027308040459217,Stable,Down,Down,2.995732273553991
23,2,43,3,5,210000,220000,205000,200000,1,5,R0222,freelance_desain,jawa_tengah,2-5 thn,0,0,1,0,0,0,0,0,0,0,0,0,1,1,0,0,1,0,1,1,0,0,0,0,1,0,1,0,1,0,0,0,1,0,0,1,1,1,1,0,0,0,0,2026-05-14 03:02:19,2026-05-07 03:02:19,2026-04-30 03:02:19,2026-04-23 03:02:19,2026-04-16 03:02:19,2026-05,2,2,0,0,0,0,0,0,442180.75,15,835000,208750.0,8539.125638299665,20000,0.040905991081675044,Stable,Down,Stable,3.784189633918261
21,1,24,4,7,620000,600000,490000,130000,1,2,R0223,freelance_desain,jabodetabek,1-2 thn,0,0,1,0,0,0,0,0,0,0,0,0,1,1,0,1,0,0,0,1,0,0,0,0,1,0,0,0,1,0,0,0,1,1,0,0,0,0,1,0,0,0,0,2026-05-14 03:29:50,2026-05-07 03:29:50,2026-04-30 03:29:50,2026-04-23 03:29:50,2026-04-16 03:29:50,2026-05,2,2,0,0,0,0,0,0,739240.8333333334,28,1840000,460000.0,227303.0282830976,490000,0.49413701800673393,Stable,Down,Down,3.2188758248682006
30,2,23,6,9,380000,1110000,1110000,320000,2,5,R0224,pekerja_harian,bali,1-2 thn,0,1,0,0,0,0,0,0,0,0,0,0,0,0,0,0,1,0,0,0,0,1,0,0,1,1,0,0,0,1,0,0,1,0,0,0,0,0,0,0,1,0,0,2026-05-14 04:29:36,2026-05-07 04:29:36,2026-04-30 04:29:36,2026-04-23 04:29:36,2026-04-16 04:29:36,2026-05,2,2,0,0,0,0,0,0,548095.6666666666,54,2920000,730000.0,439469.37701429584,790000,0.6020128452250628,Up,Stable,Down,3.1780538303479458
34,1,17,6,7,280000,525000,400000,680000,2,3,R0225,kurir,sumatera,1-2 thn,0,0,0,0,1,0,0,0,1,0,1,0,0,0,0,0,0,0,1,0,0,0,1,0,1,0,0,0,0,0,0,0,1,0,0,0,0,1,0,0,0,1,0,2026-05-14 08:06:12,2026-05-07 08:06:12,2026-04-30 08:06:12,2026-04-23 08:06:12,2026-04-16 08:06:12,2026-05,2,2,0,0,0,0,0,0,517481.9375,42,1885000,471250.0,171385.28719428243,400000,0.36368230704357013,Up,Down,Up,2.8903717578961645
24,1,25,4,3,540000,20000,20000,350000,1,5,R0226,freelance_desain,sumatera,2-5 thn,0,0,1,0,0,0,0,0,0,0,0,0,1,1,0,0,0,0,1,1,0,1,0,0,1,0,0,0,1,0,0,0,0,0,1,0,0,1,1,0,1,0,0,2026-05-14 08:06:51,2026-05-07 08:06:51,2026-04-30 08:06:51,2026-04-23 08:06:51,2026-04-16 08:06:51,2026-05,2,2,0,0,0,0,0,0,517481.9375,12,930000,232500.0,257342.18464915542,520000,1.1068481060178728,Down,Stable,Up,3.258096538021482
34,1,15,4,4,225000,215000,100000,100000,1,5,R0227,freelance_desain,jawa_tengah,1-2 thn,0,0,1,0,0,0,0,0,0,0,0,0,1,1,0,0,0,0,1,0,0,0,0,0,1,0,0,0,1,0,0,0,0,1,0,1,1,1,0,0,0,0,0,2026-05-14 08:07:57,2026-05-07 08:07:57,2026-04-30 08:07:57,2026-04-23 08:07:57,2026-04-16 08:07:57,2026-05,2,2,0,0,0,0,0,0,442180.75,16,640000,160000.0,69402.20937885671,125000,0.43376380861785446,Stable,Down,Stable,2.772588722239781
17,0,14,4,7,560000,160000,240000,180000,3,3,R0228,jualan_online,jabodetabek,1-2 thn,1,0,0,0,0,0,0,0,0,0,1,1,1,1,0,0,1,0,0,1,0,0,1,0,1,0,0,0,0,0,0,0,1,0,1,1,0,0,1,0,0,1,0,2026-05-14 09:49:19,2026-05-07 09:49:19,2026-04-30 09:49:19,2026-04-23 09:49:19,2026-04-16 09:49:19,2026-05,2,2,0,0,0,0,0,0,739240.8333333334,28,1140000,285000.0,186458.21694595995,400000,0.6542393577051226,Down,Up,Down,2.70805020110221
23,1,15,4,4,355000,250000,350000,225000,1,3,R0229,jualan_online,jabodetabek,1-2 thn,1,0,0,0,0,0,0,0,0,0,0,0,1,1,0,0,0,0,0,0,0,0,0,1,1,0,1,0,0,1,0,0,0,1,1,1,0,0,0,0,0,0,1,2026-05-14 09:51:10,2026-05-07 09:51:10,2026-04-30 09:51:10,2026-04-23 09:51:10,2026-04-16 09:51:10,2026-05,2,2,0,0,0,0,0,0,739240.8333333334,16,1180000,295000.0,67206.1505121865,130000,0.22781745936334408,Down,Up,Down,2.772588722239781
17,1,55,6,8,740000,700000,550000,640000,1,4,R0230,jualan_online,jawa_tengah,2-5 thn,1,0,0,0,0,0,0,0,0,0,1,1,1,1,0,0,1,0,0,0,0,0,1,1,1,0,0,1,0,0,0,0,0,1,0,1,0,0,0,0,0,1,1,2026-05-14 11:09:27,2026-05-07 11:09:27,2026-04-30 11:09:27,2026-04-23 11:09:27,2026-04-16 11:09:27,2026-05,2,2,0,0,0,0,0,0,442180.75,48,2630000,657500.0,82613.55820929153,190000,0.125647997276489,Down,Down,Up,4.02535169073515
22,1,3,3,4,240000,185000,200000,260000,4,4,R0231,freelance_desain,jawa_timur,< 6 bln,0,0,1,0,0,0,0,0,0,0,0,0,1,1,0,1,0,0,1,0,0,0,0,0,1,1,0,0,1,0,0,0,0,1,1,1,0,1,0,0,0,0,0,2026-05-14 12:04:54,2026-05-07 12:04:54,2026-04-30 12:04:54,2026-04-23 12:04:54,2026-04-16 12:04:54,2026-05,2,2,0,0,0,0,0,0,460955.5,12,885000,221250.0,34731.10997362451,75000,0.15697676824237067,Down,Up,Up,1.3862943611198906
34,2,31,7,6,320000,175000,400000,200000,3,5,R0232,pekerja_harian,jawa_barat_lainnya,2-5 thn,0,1,0,0,0,0,0,0,0,0,0,0,0,0,0,0,1,0,1,0,0,1,0,0,1,0,0,0,0,1,1,0,0,0,1,1,0,1,0,0,1,0,0,2026-05-14 14:53:33,2026-05-07 14:53:33,2026-04-30 14:53:33,2026-04-23 14:53:33,2026-04-16 14:53:33,2026-05,2,2,0,0,0,0,0,0,518297.0,42,1095000,273750.0,105307.0906128041,225000,0.38468343602850813,Down,Up,Down,3.4657359027997265
35,1,48,5,7,600000,25000,30000,670000,0,3,R0233,jualan_online,jawa_timur,2-5 thn,1,0,0,0,0,0,0,0,0,0,1,1,1,1,0,0,1,0,0,0,0,1,1,1,1,0,1,1,0,0,0,0,1,0,1,0,0,0,0,0,1,1,1,2026-05-14 15:40:40,2026-05-07 15:40:40,2026-04-30 15:40:40,2026-04-23 15:40:40,2026-04-16 15:40:40,2026-05,2,2,0,0,0,0,0,0,460955.5,35,1325000,331250.0,351908.4871572911,645000,1.062365244248426,Down,Up,Up,3.8918202981106265
23,0,42,6,3,175000,395000,100000,440000,1,3,R0234,content_creator,jawa_timur,2-5 thn,0,0,0,0,0,0,0,1,0,0,0,0,1,1,0,0,0,0,0,0,1,1,0,0,1,0,0,1,0,1,0,0,0,1,0,0,0,0,0,1,1,0,0,2026-05-14 15:57:50,2026-05-07 15:57:50,2026-04-30 15:57:50,2026-04-23 15:57:50,2026-04-16 15:57:50,2026-05,2,2,0,0,0,0,0,0,460955.5,18,1110000,277500.0,165554.6234127375,340000,0.5965932375233785,Up,Down,Up,3.7612001156935624
35,2,18,5,7,290000,200000,410000,370000,2,4,R0235,pekerja_harian,jawa_tengah,1-2 thn,0,1,0,0,0,0,0,0,0,0,0,0,0,0,0,0,1,0,0,0,0,1,0,0,1,0,0,0,0,0,0,0,1,0,1,1,0,0,0,0,1,0,0,2026-05-14 16:31:13,2026-05-07 16:31:13,2026-04-30 16:31:13,2026-04-23 16:31:13,2026-04-16 16:31:13,2026-05,2,2,0,0,0,0,0,0,442180.75,35,1270000,317500.0,92870.87810503355,210000,0.29250670269301904,Down,Up,Down,2.9444389791664403
24,1,28,6,11,620000,275000,560000,650000,1,3,R0236,kurir,sulawesi,2-5 thn,0,0,0,0,1,0,0,0,0,1,1,0,0,0,0,0,0,0,1,0,1,0,0,0,1,1,0,1,0,0,0,0,1,0,1,1,0,1,0,1,0,0,0,2026-05-14 16:32:16,2026-05-07 16:32:16,2026-04-30 16:32:16,2026-04-23 16:32:16,2026-04-16 16:32:16,2026-05,2,2,0,0,0,0,0,0,559306.0,66,2105000,526250.0,171628.231943349,375000,0.32613440749329975,Down,Up,Up,3.367295829986474
25,1,6,5,9,480000,1100000,800000,1075000,3,4,R0237,freelance_it,sumatera,< 6 bln,0,0,0,0,0,1,0,0,0,0,0,0,0,0,0,0,0,0,1,1,0,0,0,0,1,0,1,0,0,0,0,0,0,0,1,1,0,1,1,0,0,0,0,2026-05-14 17:30:23,2026-05-07 17:30:23,2026-04-30 17:30:23,2026-04-23 17:30:23,2026-04-16 17:30:23,2026-05,2,2,0,0,0,0,0,0,517481.9375,45,3455000,863750.0,289694.5230180693,620000,0.33539163301657804,Up,Down,Up,1.9459101490553132
23,2,18,7,8,240000,1070000,525000,600000,4,4,R0238,kurir,bali,1-2 thn,0,0,0,0,1,0,0,0,0,1,0,0,0,0,0,0,0,0,0,0,1,0,1,1,1,1,0,1,0,0,0,0,1,1,0,0,0,0,0,1,0,1,1,2026-05-14 17:34:00,2026-05-07 17:34:00,2026-04-30 17:34:00,2026-04-23 17:34:00,2026-04-16 17:34:00,2026-05,2,2,0,0,0,0,0,0,548095.6666666666,56,2435000,608750.0,344392.58122090844,830000,0.5657372997468721,Up,Down,Up,2.9444389791664403
17,2,48,7,9,550000,500000,580000,525000,4,4,R0239,pekerja_harian,bandung,2-5 thn,0,1,0,0,0,0,0,0,0,0,0,0,0,0,0,0,1,0,1,0,0,1,0,0,1,0,0,0,0,1,0,0,1,1,0,0,1,1,0,0,1,0,0,2026-05-14 18:36:49,2026-05-07 18:36:49,2026-04-30 18:36:49,2026-04-23 18:36:49,2026-04-16 18:36:49,2026-05,2,2,0,0,0,0,0,0,518297.0,63,2155000,538750.0,34247.87098005752,80000,0.06356913406971235,Down,Up,Down,3.8918202981106265
27,2,3,5,7,625000,875000,570000,725000,0,3,R0240,freelance_desain,bali,< 6 bln,0,0,1,0,0,0,0,0,0,0,0,0,1,1,0,0,1,0,1,1,0,0,0,0,1,0,1,0,1,0,0,0,1,1,0,1,0,1,1,0,0,0,0,2026-05-14 18:52:14,2026-05-07 18:52:14,2026-04-30 18:52:14,2026-04-23 18:52:14,2026-04-16 18:52:14,2026-05,2,2,0,0,0,0,0,0,548095.6666666666,35,2795000,698750.0,133876.49781297188,305000,0.19159427236203488,Up,Down,Up,1.3862943611198906
38,1,12,7,10,660000,575000,805000,410000,3,1,R0241,ojek_online,sulawesi,6-12 bln,0,0,0,1,0,0,0,0,0,1,0,0,0,0,0,0,0,0,1,0,0,1,0,1,1,0,0,0,0,0,0,1,1,0,1,0,0,1,0,0,1,0,1,2026-05-14 19:32:03,2026-05-07 19:32:03,2026-04-30 19:32:03,2026-04-23 19:32:03,2026-04-16 19:32:03,2026-05,2,2,0,0,0,0,0,0,559306.0,70,2450000,612500.0,165050.49732329397,395000,0.2694701997115004,Down,Up,Down,2.5649493574615367
41,0,22,6,3,275000,400000,260000,560000,4,3,R0242,jualan_online,jawa_timur,1-2 thn,1,0,0,0,0,0,0,0,0,0,1,1,1,0,0,0,1,0,0,0,0,1,0,1,1,0,0,0,0,0,0,0,1,0,1,1,0,0,0,0,1,0,1,2026-05-14 19:37:25,2026-05-07 19:37:25,2026-04-30 19:37:25,2026-04-23 19:37:25,2026-04-16 19:37:25,2026-05,2,2,0,0,0,0,0,0,460955.5,18,1495000,373750.0,139126.74077976527,300000,0.3722454602803084,Up,Down,Up,3.1354942159291497
26,2,24,4,8,835000,410000,425000,300000,0,5,R0243,freelance_it,bandung,1-2 thn,0,0,0,0,0,1,0,0,0,0,0,0,0,0,0,0,1,0,1,1,0,0,0,0,1,0,1,0,1,0,0,0,0,1,0,0,0,1,1,0,0,0,0,2026-05-14 20:20:16,2026-05-07 20:20:16,2026-04-30 20:20:16,2026-04-23 20:20:16,2026-04-16 20:20:16,2026-05,2,2,0,0,0,0,0,0,518297.0,32,1970000,492500.0,235035.4583178178,535000,0.477229356990493,Down,Stable,Down,3.2188758248682006
34,0,2,4,6,375000,330000,375000,380000,4,2,R0244,jualan_online,jabodetabek,< 6 bln,1,0,0,0,0,0,0,0,0,0,1,1,1,1,0,0,1,0,0,0,0,0,1,0,1,0,1,1,0,0,0,0,1,1,0,1,0,0,0,0,0,1,0,2026-05-14 20:36:27,2026-05-07 20:36:27,2026-04-30 20:36:27,2026-04-23 20:36:27,2026-04-16 20:36:27,2026-05,2,2,0,0,0,0,0,0,739240.8333333334,24,1460000,365000.0,23452.07879911715,50000,0.06425227068251274,Down,Up,Stable,1.0986122886681096
30,2,76,6,8,320000,910000,1200000,350000,4,5,R0245,jualan_online,kalimantan,> 5 thn,1,0,0,0,0,0,0,0,0,0,1,1,1,0,0,0,1,0,1,0,0,1,0,0,1,0,0,1,0,0,0,0,1,1,0,0,0,1,0,0,1,0,0,2026-05-14 20:45:06,2026-05-07 20:45:06,2026-04-30 20:45:06,2026-04-23 20:45:06,2026-04-16 20:45:06,2026-05,2,2,0,0,0,0,0,0,653189.75,48,2780000,695000.0,432396.4230502684,880000,0.6221531266910336,Up,Up,Down,4.343805421853684
32,1,18,5,6,470000,390000,150000,375000,2,4,R0246,jualan_online,jabodetabek,1-2 thn,1,0,0,0,0,0,0,0,0,0,1,1,1,0,0,0,1,0,0,0,0,0,0,1,1,0,0,0,0,0,0,0,1,1,0,0,0,0,0,0,0,0,1,2026-05-14 21:23:54,2026-05-07 21:23:54,2026-04-30 21:23:54,2026-04-23 21:23:54,2026-04-16 21:23:54,2026-05,2,2,0,0,0,0,0,0,739240.8333333334,30,1385000,346250.0,137318.06144859458,320000,0.3965864590573129,Down,Down,Up,2.9444389791664403
30,0,24,6,7,125000,125000,135000,135000,0,3,R0247,pekerja_harian,sumatera,1-2 thn,0,1,0,0,0,0,0,0,0,0,0,0,0,0,0,0,1,0,1,0,1,1,0,0,1,0,0,0,0,1,0,0,1,0,0,0,0,1,0,1,1,0,0,2026-05-14 21:29:06,2026-05-07 21:29:06,2026-04-30 21:29:06,2026-04-23 21:29:06,2026-04-16 21:29:06,2026-05,2,2,0,0,0,0,0,0,517481.9375,42,520000,130000.0,5773.502691896258,10000,0.04441155916843275,Stable,Up,Stable,3.2188758248682006
28,2,68,5,10,1150000,1273200,740000,545000,1,4,R0248,ojek_online,sumatera,> 5 thn,0,0,0,1,0,0,0,0,0,1,0,0,0,0,0,0,0,0,0,0,0,1,0,0,1,0,0,0,0,0,0,1,1,1,0,0,1,0,0,0,1,0,0,2026-05-14 21:55:13,2026-05-07 21:55:13,2026-04-30 21:55:13,2026-04-23 21:55:13,2026-04-16 21:55:13,2026-05,2,2,0,0,0,0,0,0,517481.9375,50,3708200,927050.0,341797.4205090885,728200,0.3686936200950202,Up,Down,Down,4.23410650459726
23,1,19,3,4,190000,110000,200000,115000,0,3,R0249,tutor,jabodetabek,1-2 thn,0,0,0,0,0,0,1,0,0,0,0,0,1,1,0,0,1,0,1,1,1,0,0,0,1,1,0,0,0,0,1,0,1,1,0,1,0,1,1,1,0,0,0,2026-05-14 22:45:16,2026-05-07 22:45:16,2026-04-30 22:45:16,2026-04-23 22:45:16,2026-04-16 22:45:16,2026-05,2,2,0,0,0,0,0,0,739240.8333333334,12,615000,153750.0,47849.59073318531,90000,0.31121685029714025,Down,Up,Down,2.995732273553991
19,1,82,6,4,720000,705000,630000,625000,1,4,R0250,freelance_it,bandung,> 5 thn,0,0,0,0,0,1,0,0,0,0,0,0,0,0,0,0,1,0,0,1,0,0,0,0,1,0,0,0,0,0,0,0,1,0,1,0,1,0,1,0,0,0,0,2026-05-14 23:10:27,2026-05-07 23:10:27,2026-04-30 23:10:27,2026-04-23 23:10:27,2026-04-16 23:10:27,2026-05,2,2,0,0,0,0,0,0,518297.0,24,2680000,670000.0,49497.474683058324,95000,0.07387682788516167,Stable,Down,Stable,4.418840607796598
26,2,38,5,9,1080000,855000,920000,1025000,1,5,R0251,ojek_online,bandung,2-5 thn,0,0,0,1,0,0,0,0,1,0,0,0,0,0,0,0,0,0,1,0,1,0,0,0,1,0,0,0,0,0,0,0,1,0,0,1,0,1,0,1,0,0,0,2026-05-14 23:41:10,2026-05-07 23:41:10,2026-04-30 23:41:10,2026-04-23 23:41:10,2026-04-16 23:41:10,2026-05,2,2,0,0,0,0,0,0,518297.0,45,3880000,970000.0,101406.77163450838,225000,0.10454306354073029,Down,Up,Up,3.6635616461296463
29,1,1,3,7,375000,150000,650000,150000,4,3,R0252,pekerja_harian,jabodetabek,< 6 bln,0,1,0,0,0,0,0,0,0,0,0,0,0,0,0,0,1,0,1,0,1,0,0,0,1,1,0,0,0,0,1,0,1,1,0,1,0,1,0,1,0,0,0,2026-05-15 01:04:47,2026-05-08 01:04:47,2026-05-01 01:04:47,2026-04-24 01:04:47,2026-04-17 01:04:47,2026-05,3,2,0,0,0,0,0,0,739240.8333333334,21,1325000,331250.0,237500.0,500000,0.7169811320754716,Down,Up,Down,0.6931471805599453
17,1,44,5,5,460000,525000,505000,450000,2,1,R0253,pekerja_harian,jabodetabek,2-5 thn,0,1,0,0,0,0,0,0,0,0,0,0,0,0,0,0,1,0,0,0,1,0,0,0,1,1,0,0,0,0,0,0,1,1,0,1,0,0,0,1,0,0,0,2026-05-15 02:26:34,2026-05-08 02:26:34,2026-05-01 02:26:34,2026-04-24 02:26:34,2026-04-17 02:26:34,2026-05,3,2,0,0,0,0,0,0,739240.8333333334,25,1940000,485000.0,35823.64210034113,75000,0.07386317958833223,Up,Stable,Down,3.8066624897703196
24,2,71,5,9,325000,295000,360000,300000,0,4,R0254,pekerja_harian,jabodetabek,> 5 thn,0,1,0,0,0,0,0,0,0,0,0,0,0,0,0,0,1,0,0,0,1,1,0,0,1,1,0,0,0,0,1,0,0,1,1,1,0,0,0,1,1,0,0,2026-05-15 02:51:23,2026-05-08 02:51:23,2026-05-01 02:51:23,2026-04-24 02:51:23,2026-04-17 02:51:23,2026-05,3,2,0,0,0,0,0,0,739240.8333333334,45,1280000,320000.0,29720.924166878343,65000,0.09287788802149483,Down,Up,Down,4.276666119016055
39,2,14,6,9,535000,600000,550000,750000,0,3,R0255,pekerja_harian,jabodetabek,1-2 thn,0,1,0,0,0,0,0,0,0,0,0,0,0,0,0,0,1,0,1,0,1,1,0,0,1,1,0,0,0,0,1,0,0,1,1,1,0,1,0,1,1,0,0,2026-05-15 02:57:20,2026-05-08 02:57:20,2026-05-01 02:57:20,2026-04-24 02:57:20,2026-04-17 02:57:20,2026-05,3,2,0,0,0,0,0,0,739240.8333333334,54,2435000,608750.0,98181.3797689426,215000,0.16128358072926915,Up,Down,Up,2.70805020110221
34,2,14,6,11,540000,600000,30000,680000,1,4,R0256,kurir,jawa_tengah,1-2 thn,0,0,0,0,1,0,0,0,0,1,0,0,0,0,0,0,0,0,1,0,0,0,1,1,1,1,0,0,0,0,0,0,0,1,1,0,1,1,0,0,0,1,1,2026-05-15 05:19:47,2026-05-08 05:19:47,2026-05-01 05:19:47,2026-04-24 05:19:47,2026-04-17 05:19:47,2026-05,3,2,0,0,0,0,0,0,442180.75,66,1850000,462500.0,293981.291921782,650000,0.635635225776826,Up,Down,Up,2.70805020110221
22,1,19,6,4,475000,770000,430000,400000,2,3,R0257,freelance_desain,bandung,1-2 thn,0,0,1,0,0,0,0,0,0,0,0,0,0,0,0,0,0,0,0,1,0,0,0,0,1,1,0,0,0,0,0,0,0,1,1,1,0,0,1,0,0,0,0,2026-05-15 07:33:12,2026-05-08 07:33:12,2026-05-01 07:33:12,2026-04-24 07:33:12,2026-04-17 07:33:12,2026-05,3,2,0,0,0,0,0,0,518297.0,24,2075000,518750.0,170312.213302511,370000,0.32831270034218984,Up,Down,Down,2.995732273553991
17,0,15,5,3,630000,650000,325000,375000,0,3,R0258,content_creator,jawa_barat_lainnya,1-2 thn,0,0,0,0,0,0,0,1,0,0,0,0,1,1,0,0,1,0,0,0,0,1,0,0,1,0,1,0,0,1,0,0,0,1,1,1,0,0,0,0,1,0,0,2026-05-15 08:01:49,2026-05-08 08:01:49,2026-05-01 08:01:49,2026-04-24 08:01:49,2026-04-17 08:01:49,2026-05,3,2,0,0,0,0,0,0,518297.0,15,1980000,495000.0,168868.78535320453,325000,0.3411490613196051,Stable,Down,Up,2.772588722239781
25,0,24,5,3,370000,110000,10000,150000,1,4,R0259,jualan_online,bandung,1-2 thn,1,0,0,0,0,0,0,0,0,0,0,0,1,1,0,0,0,0,0,0,0,0,1,1,1,0,0,1,0,1,0,0,0,1,1,0,0,0,0,0,0,1,1,2026-05-15 08:31:09,2026-05-08 08:31:09,2026-05-01 08:31:09,2026-04-24 08:31:09,2026-04-17 08:31:09,2026-05,3,2,0,0,0,0,0,0,518297.0,15,640000,160000.0,151877.1433319269,360000,0.9492321458245431,Down,Down,Up,3.2188758248682006
26,0,22,6,5,255000,150000,120000,125000,1,1,R0260,freelance_it,jawa_tengah,1-2 thn,0,0,0,0,0,1,0,0,0,0,0,0,0,0,1,0,0,0,0,1,0,0,0,0,1,0,0,0,0,0,0,0,0,1,0,0,0,0,1,0,0,0,0,2026-05-15 08:43:17,2026-05-08 08:43:17,2026-05-01 08:43:17,2026-04-24 08:43:17,2026-04-17 08:43:17,2026-05,3,2,0,0,0,0,0,0,442180.75,30,650000,162500.0,63047.601064592454,135000,0.38798523732056894,Down,Down,Stable,3.1354942159291497
28,2,14,3,5,360000,380000,515000,295000,3,3,R0261,freelance_desain,jawa_barat_lainnya,1-2 thn,0,0,1,0,0,0,0,0,0,0,0,0,1,1,0,0,0,0,1,1,0,1,0,0,1,1,1,0,0,0,0,0,1,0,1,0,0,1,1,0,1,0,0,2026-05-15 10:49:14,2026-05-08 10:49:14,2026-05-01 10:49:14,2026-04-24 10:49:14,2026-04-17 10:49:14,2026-05,3,2,0,0,0,0,0,0,518297.0,15,1550000,387500.0,92421.13755341181,220000,0.2385061614281595,Up,Up,Down,2.70805020110221
35,2,6,5,11,1090000,610000,800000,675000,1,3,R0262,kurir,jabodetabek,< 6 bln,0,0,0,0,1,0,0,0,0,0,1,0,0,0,0,0,0,0,1,0,0,0,1,0,1,1,0,0,0,0,0,0,1,0,0,1,0,1,0,0,0,1,0,2026-05-15 11:09:24,2026-05-08 11:09:24,2026-05-01 11:09:24,2026-04-24 11:09:24,2026-04-17 11:09:24,2026-05,3,2,0,0,0,0,0,0,739240.8333333334,55,3175000,793750.0,212656.80489151215,480000,0.2679140849026925,Down,Up,Down,1.9459101490553132
22,2,20,4,5,470000,490000,450000,490000,3,5,R0263,freelance_desain,sulawesi,1-2 thn,0,0,1,0,0,0,0,0,0,0,0,0,0,0,0,0,1,0,1,1,0,0,0,0,1,1,0,0,1,0,0,0,1,0,0,0,1,1,1,0,0,0,0,2026-05-15 11:33:20,2026-05-08 11:33:20,2026-05-01 11:33:20,2026-04-24 11:33:20,2026-04-17 11:33:20,2026-05,3,2,0,0,0,0,0,0,559306.0,20,1900000,475000.0,19148.54215512676,40000,0.04031272032658265,Stable,Down,Up,3.044522437723423
28,0,8,2,3,275000,310000,295000,350000,4,4,R0264,tutor,jabodetabek,6-12 bln,0,0,0,0,0,0,1,0,0,0,0,0,1,1,0,0,1,0,1,0,1,0,0,0,1,0,0,0,0,0,1,0,1,0,1,1,0,1,0,1,0,0,0,2026-05-15 11:46:05,2026-05-08 11:46:05,2026-05-01 11:46:05,2026-04-24 11:46:05,2026-04-17 11:46:05,2026-05,3,2,0,0,0,0,0,0,739240.8333333334,6,1230000,307500.0,31754.264805429415,75000,0.10326590180627453,Up,Stable,Up,2.1972245773362196
28,1,10,7,3,550000,680000,625000,610000,2,4,R0265,jualan_online,jawa_tengah,6-12 bln,1,0,0,0,0,0,0,0,0,0,0,0,1,1,0,0,1,0,0,1,0,0,0,1,1,0,0,1,0,1,0,0,0,1,0,0,0,0,1,0,0,0,1,2026-05-15 11:57:04,2026-05-08 11:57:04,2026-05-01 11:57:04,2026-04-24 11:57:04,2026-04-17 11:57:04,2026-05,3,2,0,0,0,0,0,0,442180.75,21,2465000,616250.0,53443.89581607987,130000,0.08672437454941967,Up,Down,Stable,2.3978952727983707
28,1,33,6,6,550000,160000,550000,475000,1,4,R0266,jualan_online,jawa_barat_lainnya,2-5 thn,1,0,0,0,0,0,0,0,0,0,1,1,1,0,0,0,0,0,0,0,0,0,0,1,1,0,0,0,0,0,0,0,0,0,1,1,1,0,0,0,0,0,1,2026-05-15 12:33:19,2026-05-08 12:33:19,2026-05-01 12:33:19,2026-04-24 12:33:19,2026-04-17 12:33:19,2026-05,3,2,0,0,0,0,0,0,518297.0,36,1735000,433750.0,185893.11445021303,390000,0.42857202178723464,Down,Up,Down,3.5263605246161616
32,2,32,7,8,1000000,765000,710000,750000,0,3,R0267,ojek_online,jawa_timur,2-5 thn,0,0,0,1,0,0,0,0,1,1,0,0,0,0,0,0,0,0,1,0,0,0,0,0,1,1,0,0,0,0,0,0,1,0,0,0,0,1,0,0,0,0,0,2026-05-15 12:33:56,2026-05-08 12:33:56,2026-05-01 12:33:56,2026-04-24 12:33:56,2026-04-17 12:33:56,2026-05,3,2,0,0,0,0,0,0,460955.5,56,3225000,806250.0,131236.11037617148,290000,0.16277347023401115,Down,Down,Up,3.4965075614664802
23,0,24,5,3,100000,70000,210000,80000,3,3,R0268,content_creator,jabodetabek,1-2 thn,0,0,0,0,0,0,0,1,0,0,1,1,1,0,0,0,0,0,0,0,0,1,1,0,1,0,0,1,0,0,0,0,1,0,1,1,0,0,0,0,1,1,0,2026-05-15 13:37:24,2026-05-08 13:37:24,2026-05-01 13:37:24,2026-04-24 13:37:24,2026-04-17 13:37:24,2026-05,3,2,0,0,0,0,0,0,739240.8333333334,15,460000,115000.0,64549.72243679028,140000,0.5613019342329589,Down,Up,Down,3.2188758248682006
21,1,8,3,6,125000,100000,260000,125000,3,4,R0269,tutor,bandung,6-12 bln,0,0,0,0,0,0,1,0,0,0,0,0,1,1,0,0,1,0,1,1,1,0,0,0,1,0,1,0,0,0,0,0,1,1,0,0,1,1,1,1,0,0,0,2026-05-15 13:39:34,2026-05-08 13:39:34,2026-05-01 13:39:34,2026-04-24 13:39:34,2026-04-17 13:39:34,2026-05,3,2,0,0,0,0,0,0,518297.0,18,610000,152500.0,72629.19523166976,160000,0.47625701791258856,Down,Up,Down,2.1972245773362196
17,2,21,7,10,635000,675000,660000,770000,4,4,R0270,kurir,jawa_tengah,1-2 thn,0,0,0,0,1,0,0,0,0,0,1,0,0,0,0,0,0,0,1,0,1,0,0,0,1,1,0,1,0,0,0,0,1,1,1,0,0,1,0,1,0,0,0,2026-05-15 14:22:47,2026-05-08 14:22:47,2026-05-01 14:22:47,2026-04-24 14:22:47,2026-04-17 14:22:47,2026-05,3,2,0,0,0,0,0,0,442180.75,70,2740000,685000.0,59019.770698752574,135000,0.08616024919525923,Up,Stable,Up,3.091042453358316
17,0,2,3,2,100000,16800,175000,130000,3,3,R0271,tutor,sulawesi,< 6 bln,0,0,0,0,0,0,1,0,0,0,0,0,1,1,0,0,1,0,0,0,1,0,0,0,1,0,1,0,0,0,0,0,0,1,1,0,0,0,0,1,0,0,0,2026-05-15 15:18:19,2026-05-08 15:18:19,2026-05-01 15:18:19,2026-04-24 15:18:19,2026-04-17 15:18:19,2026-05,3,2,0,0,0,0,0,0,559306.0,6,421800,105450.0,66654.40720612554,158200,0.6320949000106737,Down,Up,Down,1.0986122886681096
36,1,45,5,11,525000,515000,575000,570000,3,3,R0272,kurir,sulawesi,2-5 thn,0,0,0,0,1,0,0,0,0,1,1,0,0,0,0,0,0,0,1,0,1,0,0,0,1,1,0,0,0,0,0,0,1,1,1,0,0,1,0,1,0,0,0,2026-05-15 16:05:50,2026-05-08 16:05:50,2026-05-01 16:05:50,2026-04-24 16:05:50,2026-04-17 16:05:50,2026-05,3,2,0,0,0,0,0,0,559306.0,55,2185000,546250.0,30652.6235962492,60000,0.056114642739128966,Stable,Up,Stable,3.828641396489095
23,0,7,3,4,150000,120000,410000,165000,1,4,R0273,tutor,jabodetabek,6-12 bln,0,0,0,0,0,0,1,0,0,0,0,0,1,1,0,0,1,0,1,1,1,0,0,0,1,0,1,0,0,0,0,0,1,1,1,0,0,1,1,1,0,0,0,2026-05-15 16:26:43,2026-05-08 16:26:43,2026-05-01 16:26:43,2026-04-24 16:26:43,2026-04-17 16:26:43,2026-05,3,2,0,0,0,0,0,0,739240.8333333334,12,845000,211250.0,133814.23691072635,290000,0.6334401747253319,Down,Up,Down,2.0794415416798357
34,2,5,5,11,730000,650000,550000,920000,4,4,R0274,ojek_online,sumatera,< 6 bln,0,0,0,1,0,0,0,0,0,1,0,0,0,0,0,0,0,0,0,0,0,1,0,1,1,0,0,0,0,0,0,0,0,0,0,1,1,0,0,0,1,0,1,2026-05-15 16:45:47,2026-05-08 16:45:47,2026-05-01 16:45:47,2026-04-24 16:45:47,2026-04-17 16:45:47,2026-05,3,2,0,0,0,0,0,0,517481.9375,55,2850000,712500.0,156710.9866388867,370000,0.21994524440545504,Down,Down,Up,1.791759469228055
22,0,13,6,3,515000,525000,370000,450000,2,3,R0275,content_creator,jawa_barat_lainnya,1-2 thn,0,0,0,0,0,0,0,1,0,0,0,0,1,1,0,0,0,0,0,0,1,1,1,0,1,0,1,0,0,0,0,0,1,0,0,0,0,0,0,1,1,1,0,2026-05-15 17:37:03,2026-05-08 17:37:03,2026-05-01 17:37:03,2026-04-24 17:37:03,2026-04-17 17:37:03,2026-05,3,2,0,0,0,0,0,0,518297.0,18,1860000,465000.0,71530.87911291645,155000,0.15382984755465903,Stable,Down,Up,2.639057329615259
35,0,65,6,5,340000,185000,300000,6800,4,4,R0276,jualan_online,kalimantan,> 5 thn,1,0,0,0,0,0,0,0,0,0,0,0,1,1,0,0,1,0,1,1,0,1,0,0,1,0,0,0,0,0,0,0,0,1,1,0,1,1,1,0,1,0,0,2026-05-15 18:10:15,2026-05-08 18:10:15,2026-05-01 18:10:15,2026-04-24 18:10:15,2026-04-17 18:10:15,2026-05,3,2,0,0,0,0,0,0,653189.75,30,831800,207950.0,149330.09297079628,333200,0.7181057608598042,Down,Up,Down,4.189654742026425
27,2,22,6,7,600000,580000,570000,615000,0,4,R0277,kurir,jawa_tengah,1-2 thn,0,0,0,0,1,0,0,0,0,0,1,0,0,0,0,0,0,0,0,0,0,0,1,0,1,0,0,1,0,0,0,1,0,1,0,1,0,0,0,0,0,1,0,2026-05-15 18:55:11,2026-05-08 18:55:11,2026-05-01 18:55:11,2026-04-24 18:55:11,2026-04-17 18:55:11,2026-05,3,2,0,0,0,0,0,0,442180.75,42,2365000,591250.0,20155.644370746373,45000,0.03408988477081839,Stable,Stable,Up,3.1354942159291497
27,2,9,6,7,1325000,1175000,1350000,650000,1,3,R0278,ojek_online,jawa_timur,6-12 bln,0,0,0,1,0,0,0,0,0,1,0,0,0,0,0,0,0,0,0,0,0,0,0,1,1,1,0,0,1,0,0,0,0,1,1,1,0,0,0,0,0,0,1,2026-05-15 19:09:57,2026-05-08 19:09:57,2026-05-01 19:09:57,2026-04-24 19:09:57,2026-04-17 19:09:57,2026-05,3,2,0,0,0,0,0,0,460955.5,42,4500000,1125000.0,325960.1202601324,700000,0.2897423291201177,Down,Up,Down,2.302585092994046
24,2,41,7,9,830000,545000,575000,725000,1,4,R0279,pekerja_harian,jawa_timur,2-5 thn,0,1,0,0,0,0,0,0,0,0,0,0,0,0,0,0,1,0,0,0,0,1,0,0,1,0,0,0,0,0,1,0,1,1,0,1,0,0,0,0,1,0,0,2026-05-15 20:42:25,2026-05-08 20:42:25,2026-05-01 20:42:25,2026-04-24 20:42:25,2026-04-17 20:42:25,2026-05,3,2,0,0,0,0,0,0,460955.5,63,2675000,668750.0,133252.5797123643,285000,0.1992561939624139,Down,Up,Up,3.7376696182833684
25,2,19,6,9,600000,25000,715000,950000,1,4,R0280,kurir,jabodetabek,1-2 thn,0,0,0,0,1,0,0,0,0,1,0,0,0,0,0,0,0,0,0,0,1,0,1,0,1,0,0,1,0,0,0,1,0,0,1,1,0,0,0,1,0,1,0,2026-05-15 21:04:28,2026-05-08 21:04:28,2026-05-01 21:04:28,2026-04-24 21:04:28,2026-04-17 21:04:28,2026-05,3,2,0,0,0,0,0,0,739240.8333333334,54,2290000,572500.0,392990.6699486219,925000,0.686446585063095,Down,Up,Up,2.995732273553991
38,1,68,5,4,375000,325000,330000,330000,4,3,R0281,jualan_online,bandung,> 5 thn,1,0,0,0,0,0,0,0,0,0,1,1,1,0,0,0,1,0,0,1,0,0,0,1,1,0,1,0,0,0,0,0,0,0,0,1,0,0,1,0,0,0,1,2026-05-15 21:13:47,2026-05-08 21:13:47,2026-05-01 21:13:47,2026-04-24 21:13:47,2026-04-17 21:13:47,2026-05,3,2,0,0,0,0,0,0,518297.0,20,1360000,340000.0,23452.07879911715,50000,0.06897670235034456,Down,Stable,Stable,4.23410650459726
22,0,82,6,2,210000,250000,320000,220000,3,5,R0282,content_creator,bandung,> 5 thn,0,0,0,0,0,0,0,1,0,0,1,1,1,0,0,0,0,0,0,0,1,0,1,0,1,0,1,0,0,0,0,0,1,0,1,0,0,0,0,1,0,1,0,2026-05-15 21:50:31,2026-05-08 21:50:31,2026-05-01 21:50:31,2026-04-24 21:50:31,2026-04-17 21:50:31,2026-05,3,2,0,0,0,0,0,0,518297.0,12,1000000,250000.0,49665.5480858378,110000,0.1986621923433512,Up,Up,Down,4.418840607796598
34,2,21,6,6,610000,785000,570000,695000,1,3,R0283,freelance_it,sulawesi,1-2 thn,0,0,0,0,0,1,0,0,0,0,0,0,0,0,1,0,1,0,1,1,0,0,0,0,1,0,0,0,0,0,0,0,1,0,0,1,0,1,1,0,0,0,0,2026-05-15 22:40:58,2026-05-08 22:40:58,2026-05-01 22:40:58,2026-04-24 22:40:58,2026-04-17 22:40:58,2026-05,3,2,0,0,0,0,0,0,559306.0,36,2660000,665000.0,95481.23724935002,215000,0.14358080789375943,Up,Down,Up,3.091042453358316
44,1,36,4,7,890000,960000,300000,750000,1,4,R0284,pekerja_harian,jabodetabek,2-5 thn,0,1,0,0,0,0,0,0,0,0,0,0,0,0,0,0,1,0,0,0,1,1,0,0,1,1,0,0,0,0,0,0,0,0,1,1,0,0,0,1,1,0,0,2026-05-15 22:51:08,2026-05-08 22:51:08,2026-05-01 22:51:08,2026-04-24 22:51:08,2026-04-17 22:51:08,2026-05,3,2,0,0,0,0,0,0,739240.8333333334,28,2900000,725000.0,296479.34160747187,660000,0.40893702290685774,Up,Down,Up,3.6109179126442243
25,0,45,5,8,700000,680000,625000,660000,0,5,R0285,freelance_it,jabodetabek,2-5 thn,0,0,0,0,0,1,0,0,0,0,0,0,0,0,0,1,0,0,1,1,1,0,0,0,1,0,0,0,1,0,0,0,1,0,0,0,0,1,1,1,0,0,0,2026-05-15 22:54:46,2026-05-08 22:54:46,2026-05-01 22:54:46,2026-04-24 22:54:46,2026-04-17 22:54:46,2026-05,3,2,0,0,0,0,0,0,739240.8333333334,40,2665000,666250.0,31983.068437325812,75000,0.04800460553444775,Stable,Down,Up,3.828641396489095
18,1,12,6,4,360000,420000,330000,330000,3,4,R0286,jualan_online,bali,6-12 bln,1,0,0,0,0,0,0,0,0,0,0,0,1,1,0,0,1,0,1,0,0,1,1,0,1,0,0,0,0,1,0,0,1,1,0,0,0,1,0,0,1,1,0,2026-05-15 23:58:00,2026-05-08 23:58:00,2026-05-01 23:58:00,2026-04-24 23:58:00,2026-04-17 23:58:00,2026-05,3,2,0,0,0,0,0,0,548095.6666666666,24,1440000,360000.0,42426.40687119285,90000,0.1178511301977579,Up,Down,Stable,2.5649493574615367
18,2,16,3,3,25000,465000,510000,570000,3,3,R0287,tutor,jabodetabek,1-2 thn,0,0,0,0,0,0,1,0,0,0,0,0,1,1,0,0,1,0,1,1,1,0,0,0,1,1,0,0,0,0,1,0,1,0,0,0,0,1,1,1,0,0,0,2026-05-16 01:07:20,2026-05-09 01:07:20,2026-05-02 01:07:20,2026-04-25 01:07:20,2026-04-18 01:07:20,2026-05,3,2,0,0,0,1,0,0,739240.8333333334,9,1570000,392500.0,248746.85927665498,545000,0.6337499599405223,Up,Up,Up,2.833213344056216
20,0,58,4,6,90000,230000,150000,225000,2,2,R0288,freelance_desain,kalimantan,2-5 thn,0,0,1,0,0,0,0,0,0,0,0,0,1,1,0,1,0,0,1,1,0,0,0,0,1,0,1,0,0,0,0,0,0,0,0,1,0,1,1,0,0,0,0,2026-05-16 01:33:27,2026-05-09 01:33:27,2026-05-02 01:33:27,2026-04-25 01:33:27,2026-04-18 01:33:27,2026-05,3,2,0,0,0,1,0,0,653189.75,24,695000,173750.0,66755.14961409345,140000,0.3842022999372285,Up,Down,Up,4.07753744390572
31,2,15,4,8,835000,740000,820000,720000,0,2,R0289,jualan_online,bandung,1-2 thn,1,0,0,0,0,0,0,0,0,0,1,1,1,1,0,0,0,0,1,1,0,0,0,0,1,0,0,1,0,0,0,0,0,0,0,1,0,1,1,0,0,0,0,2026-05-16 02:20:12,2026-05-09 02:20:12,2026-05-02 02:20:12,2026-04-25 02:20:12,2026-04-18 02:20:12,2026-05,3,2,0,0,0,1,0,0,518297.0,32,3115000,778750.0,57209.410647783,115000,0.07346312763760257,Down,Up,Down,2.772588722239781
20,2,10,3,7,610000,340000,350000,680000,4,4,R0290,freelance_desain,jawa_tengah,6-12 bln,0,0,1,0,0,0,0,0,0,0,0,0,0,0,0,1,0,0,0,1,0,0,0,0,1,1,0,0,0,0,0,0,0,0,0,1,1,0,1,0,0,0,0,2026-05-16 04:27:16,2026-05-09 04:27:16,2026-05-02 04:27:16,2026-04-25 04:27:16,2026-04-18 04:27:16,2026-05,3,2,0,0,0,1,0,0,442180.75,21,1980000,495000.0,175594.2292142123,340000,0.3547358165943683,Down,Stable,Up,2.3978952727983707
31,2,43,7,7,900000,880000,730000,900000,1,3,R0291,kurir,kalimantan,2-5 thn,0,0,0,0,1,0,0,0,0,1,1,0,0,0,0,0,0,0,0,0,0,0,1,0,1,0,0,0,0,0,0,1,0,1,1,0,0,0,0,0,0,1,0,2026-05-16 07:17:18,2026-05-09 07:17:18,2026-05-02 07:17:18,2026-04-25 07:17:18,2026-04-18 07:17:18,2026-05,3,2,0,0,0,1,0,0,653189.75,49,3410000,852500.0,82209.08303425682,170000,0.09643294197566783,Stable,Down,Up,3.784189633918261
17,2,37,5,9,1075000,500000,325000,375000,0,3,R0292,pekerja_harian,bandung,2-5 thn,0,1,0,0,0,0,0,0,0,0,0,0,0,0,0,0,1,0,1,0,1,0,0,0,1,1,0,0,0,0,0,0,1,1,0,0,0,1,0,1,0,0,0,2026-05-16 07:54:37,2026-05-09 07:54:37,2026-05-02 07:54:37,2026-04-25 07:54:37,2026-04-18 07:54:37,2026-05,3,2,0,0,0,1,0,0,518297.0,45,2275000,568750.0,345431.49344937655,750000,0.6073520763945082,Down,Down,Up,3.6375861597263857
25,1,2,4,8,375000,200000,290000,435000,2,5,R0293,freelance_desain,jawa_barat_lainnya,< 6 bln,0,0,1,0,0,0,0,0,0,0,0,0,1,1,0,0,1,0,1,0,0,0,0,0,1,0,0,0,1,0,0,0,0,0,1,1,1,1,0,0,0,0,0,2026-05-16 08:21:52,2026-05-09 08:21:52,2026-05-02 08:21:52,2026-04-25 08:21:52,2026-04-18 08:21:52,2026-05,3,2,0,0,0,1,0,0,518297.0,32,1300000,325000.0,102388.15035605112,235000,0.3150404626340034,Down,Up,Up,1.0986122886681096
36,1,19,5,8,205000,270000,250000,410000,4,2,R0294,pekerja_harian,jabodetabek,1-2 thn,0,1,0,0,0,0,0,0,0,0,0,0,0,0,0,0,1,0,1,0,0,1,0,0,1,0,0,0,0,0,1,0,1,0,0,1,0,1,0,0,1,0,0,2026-05-16 08:22:15,2026-05-09 08:22:15,2026-05-02 08:22:15,2026-04-25 08:22:15,2026-04-18 08:22:15,2026-05,3,2,0,0,0,1,0,0,739240.8333333334,40,1135000,283750.0,88447.25358464595,205000,0.31170838267716633,Up,Down,Up,2.995732273553991
30,2,47,5,8,920000,360000,650000,610000,4,4,R0295,pekerja_harian,bandung,2-5 thn,0,1,0,0,0,0,0,0,0,0,0,0,0,0,0,0,1,0,1,0,1,0,0,0,1,0,0,0,0,0,0,0,0,1,0,1,1,1,0,1,0,0,0,2026-05-16 08:52:37,2026-05-09 08:52:37,2026-05-02 08:52:37,2026-04-25 08:52:37,2026-04-18 08:52:37,2026-05,3,2,0,0,0,1,0,0,518297.0,40,2540000,635000.0,229274.2171869019,560000,0.3610617593494518,Down,Up,Down,3.8712010109078907
22,1,17,5,7,385000,175000,150000,170000,1,4,R0296,jualan_online,jabodetabek,1-2 thn,1,0,0,0,0,0,0,0,0,0,1,1,1,1,0,0,0,0,0,1,0,0,0,0,1,0,1,0,0,0,0,0,1,0,0,1,1,0,1,0,0,0,0,2026-05-16 10:52:30,2026-05-09 10:52:30,2026-05-02 10:52:30,2026-04-25 10:52:30,2026-04-18 10:52:30,2026-05,3,2,0,0,0,1,0,0,739240.8333333334,35,880000,220000.0,110529.03087726168,235000,0.5024046858057349,Down,Down,Up,2.8903717578961645
22,0,21,6,7,475000,225000,295000,6800,4,5,R0297,freelance_desain,bali,1-2 thn,0,0,1,0,0,0,0,0,0,0,0,0,1,1,0,1,0,0,1,1,1,0,0,0,1,0,0,0,1,0,0,0,1,0,1,0,1,1,1,1,0,0,0,2026-05-16 11:02:47,2026-05-09 11:02:47,2026-05-02 11:02:47,2026-04-25 11:02:47,2026-04-18 11:02:47,2026-05,3,2,0,0,0,1,0,0,548095.6666666666,42,1001800,250450.0,193580.67224458815,468200,0.7729314124359679,Down,Up,Down,3.091042453358316
25,1,19,6,7,725000,40000,40000,730000,4,4,R0298,kurir,jabodetabek,1-2 thn,0,0,0,0,1,0,0,0,0,1,1,0,0,0,0,0,0,0,1,0,0,0,1,0,1,0,0,0,0,0,0,1,1,0,0,0,0,1,0,0,0,1,0,2026-05-16 11:30:17,2026-05-09 11:30:17,2026-05-02 11:30:17,2026-04-25 11:30:17,2026-04-18 11:30:17,2026-05,3,2,0,0,0,1,0,0,739240.8333333334,42,1535000,383750.0,396933.55867197725,690000,1.0343545502852827,Down,Stable,Up,2.995732273553991
17,2,51,6,6,990000,825000,775000,1010000,4,4,R0299,pekerja_harian,jawa_tengah,2-5 thn,0,1,0,0,0,0,0,0,0,0,0,0,0,0,0,0,1,0,1,0,1,1,0,0,1,0,0,0,0,0,1,0,1,0,0,0,0,1,0,1,1,0,0,2026-05-16 11:40:33,2026-05-09 11:40:33,2026-05-02 11:40:33,2026-04-25 11:40:33,2026-04-18 11:40:33,2026-05,3,2,0,0,0,1,0,0,442180.75,36,3600000,900000.0,117544.3178833697,235000,0.13060479764818855,Down,Down,Up,3.9512437185814275
25,0,8,4,4,85000,100000,115000,95000,3,3,R0300,freelance_desain,sumatera,6-12 bln,0,0,1,0,0,0,0,0,0,0,0,0,1,1,0,0,0,0,1,0,0,0,0,0,1,1,0,0,0,0,0,0,1,0,0,0,0,1,0,0,0,0,0,2026-05-16 12:03:29,2026-05-09 12:03:29,2026-05-02 12:03:29,2026-04-25 12:03:29,2026-04-18 12:03:29,2026-05,3,2,0,0,0,1,0,0,517481.9375,16,395000,98750.0,12500.0,30000,0.12658227848101267,Up,Up,Down,2.1972245773362196
23,0,13,6,7,75000,105000,90000,70000,2,4,R0301,jualan_online,jawa_tengah,1-2 thn,1,0,0,0,0,0,0,0,0,0,0,0,0,0,0,0,1,0,0,1,0,0,0,0,1,0,0,1,0,1,0,0,0,0,1,1,0,0,1,0,0,0,0,2026-05-16 12:17:38,2026-05-09 12:17:38,2026-05-02 12:17:38,2026-04-25 12:17:38,2026-04-18 12:17:38,2026-05,3,2,0,0,0,1,0,0,442180.75,42,340000,85000.0,15811.388300841896,35000,0.18601633295108114,Up,Down,Down,2.639057329615259
32,1,62,6,8,1336200,600000,680000,510000,0,5,R0302,ojek_online,jawa_timur,> 5 thn,0,0,0,1,0,0,0,0,1,0,0,0,0,0,0,0,0,0,1,0,1,1,0,0,1,0,0,0,0,0,0,0,1,0,0,1,0,1,0,1,1,0,0,2026-05-16 12:27:25,2026-05-09 12:27:25,2026-05-02 12:27:25,2026-04-25 12:27:25,2026-04-18 12:27:25,2026-05,3,2,0,0,0,1,0,0,460955.5,48,3126200,781550.0,376230.79352971626,826200,0.48139056174232775,Down,Up,Down,4.143134726391533
29,0,24,5,3,18400,16800,110000,100000,3,3,R0303,jualan_online,jawa_tengah,1-2 thn,1,0,0,0,0,0,0,0,0,0,1,1,1,0,0,0,0,0,0,1,0,1,0,0,1,0,1,0,0,1,0,0,0,1,1,1,0,0,1,0,1,0,0,2026-05-16 12:27:47,2026-05-09 12:27:47,2026-05-02 12:27:47,2026-04-25 12:27:47,2026-04-18 12:27:47,2026-05,3,2,0,0,0,1,0,0,442180.75,15,245200,61300.0,50629.503914878194,93200,0.8259299170453213,Down,Up,Down,3.2188758248682006
31,1,10,7,9,845000,200000,795000,245000,0,4,R0304,ojek_online,sulawesi,6-12 bln,0,0,0,1,0,0,0,0,1,1,0,0,0,0,0,0,0,0,0,0,0,0,0,0,1,0,0,1,0,0,0,0,1,0,0,0,0,0,0,0,0,0,0,2026-05-16 12:29:00,2026-05-09 12:29:00,2026-05-02 12:29:00,2026-04-25 12:29:00,2026-04-18 12:29:00,2026-05,3,2,0,0,0,1,0,0,559306.0,63,2085000,521250.0,346058.1598517798,645000,0.6639005464782346,Down,Up,Down,2.3978952727983707
22,2,4,6,6,820000,1010000,830000,50000,4,5,R0305,jualan_online,jawa_tengah,< 6 bln,1,0,0,0,0,0,0,0,0,0,0,0,1,1,0,0,1,0,0,0,0,0,1,0,1,0,0,0,0,0,0,0,0,1,0,0,0,0,0,0,0,1,0,2026-05-16 12:31:33,2026-05-09 12:31:33,2026-05-02 12:31:33,2026-04-25 12:31:33,2026-04-18 12:31:33,2026-05,3,2,0,0,0,1,0,0,442180.75,36,2710000,677500.0,427346.46365683194,960000,0.6307696880543645,Up,Down,Down,1.6094379124341003
17,2,53,6,8,920000,780000,610000,430000,1,5,R0306,pekerja_harian,jabodetabek,2-5 thn,0,1,0,0,0,0,0,0,0,0,0,0,0,0,0,0,1,0,1,0,1,1,0,0,1,1,0,0,0,0,0,0,0,0,0,1,0,1,0,1,1,0,0,2026-05-16 12:49:27,2026-05-09 12:49:27,2026-05-02 12:49:27,2026-04-25 12:49:27,2026-04-18 12:49:27,2026-05,3,2,0,0,0,1,0,0,739240.8333333334,48,2740000,685000.0,212053.45238091896,490000,0.3095670837677649,Down,Down,Down,3.9889840465642745
22,0,3,6,6,290000,325000,325000,310000,2,3,R0307,freelance_desain,bali,< 6 bln,0,0,1,0,0,0,0,0,0,0,0,0,0,0,0,0,1,0,0,1,0,0,0,0,1,0,1,0,0,0,0,0,0,1,1,1,0,0,1,0,0,0,0,2026-05-16 13:06:59,2026-05-09 13:06:59,2026-05-02 13:06:59,2026-04-25 13:06:59,2026-04-18 13:06:59,2026-05,3,2,0,0,0,1,0,0,548095.6666666666,36,1250000,312500.0,16583.123951777,35000,0.053065996645686404,Up,Stable,Stable,1.3862943611198906
39,2,13,7,7,670000,675000,570000,605000,3,4,R0308,kurir,jabodetabek,1-2 thn,0,0,0,0,1,0,0,0,0,1,0,0,0,0,0,0,0,0,0,0,0,0,0,1,1,1,0,0,0,0,0,0,1,0,0,0,0,0,0,0,0,0,1,2026-05-16 13:34:05,2026-05-09 13:34:05,2026-05-02 13:34:05,2026-04-25 13:34:05,2026-04-18 13:34:05,2026-05,3,2,0,0,0,1,0,0,739240.8333333334,49,2520000,630000.0,51153.364177409356,105000,0.08119581615461803,Stable,Down,Up,2.639057329615259
30,0,21,5,5,350000,345000,350000,405000,0,3,R0309,content_creator,jabodetabek,1-2 thn,0,0,0,0,0,0,0,1,0,0,1,1,1,0,0,0,1,0,0,0,0,1,0,0,1,0,0,0,0,0,0,0,0,0,1,1,0,0,0,0,1,0,0,2026-05-16 14:36:21,2026-05-09 14:36:21,2026-05-02 14:36:21,2026-04-25 14:36:21,2026-04-18 14:36:21,2026-05,3,2,0,0,0,1,0,0,739240.8333333334,25,1450000,362500.0,28431.203515386635,60000,0.07843090624934244,Stable,Stable,Up,3.091042453358316
34,2,14,7,9,920000,400000,940000,570000,1,5,R0310,kurir,jawa_tengah,1-2 thn,0,0,0,0,1,0,0,0,0,0,1,0,0,0,0,0,0,0,0,0,0,0,1,0,1,1,0,0,0,0,0,1,0,0,1,1,0,0,0,0,0,1,0,2026-05-16 15:02:18,2026-05-09 15:02:18,2026-05-02 15:02:18,2026-04-25 15:02:18,2026-04-18 15:02:18,2026-05,3,2,0,0,0,1,0,0,442180.75,63,2830000,707500.0,266254.89040892123,540000,0.37633200057798055,Down,Up,Down,2.70805020110221
24,2,3,7,11,545000,470000,1350000,1240000,1,4,R0311,ojek_online,sulawesi,< 6 bln,0,0,0,1,0,0,0,0,1,0,0,0,0,0,0,0,0,0,1,0,0,1,0,0,1,0,0,0,0,0,0,0,0,0,1,1,1,1,0,0,1,0,0,2026-05-16 15:28:44,2026-05-09 15:28:44,2026-05-02 15:28:44,2026-04-25 15:28:44,2026-04-18 15:28:44,2026-05,3,2,0,0,0,1,0,0,559306.0,77,3605000,901250.0,457900.5532500115,880000,0.5080727359223429,Down,Up,Down,1.3862943611198906
28,1,57,7,6,390000,240000,250000,190000,4,4,R0312,jualan_online,jabodetabek,2-5 thn,1,0,0,0,0,0,0,0,0,0,1,1,1,0,0,0,0,0,0,0,0,0,1,1,1,0,0,1,0,1,0,0,0,0,1,1,0,0,0,0,0,1,1,2026-05-16 15:31:44,2026-05-09 15:31:44,2026-05-02 15:31:44,2026-04-25 15:31:44,2026-04-18 15:31:44,2026-05,3,2,0,0,0,1,0,0,739240.8333333334,42,1070000,267500.0,85780.72821638513,200000,0.32067561950050516,Down,Stable,Down,4.060443010546419
24,2,18,7,8,820000,825000,245000,500000,2,5,R0313,pekerja_harian,jabodetabek,1-2 thn,0,1,0,0,0,0,0,0,0,0,0,0,0,0,0,0,1,0,0,0,1,0,0,0,1,0,0,0,0,0,1,0,0,1,1,0,0,0,0,1,0,0,0,2026-05-16 15:32:28,2026-05-09 15:32:28,2026-05-02 15:32:28,2026-04-25 15:32:28,2026-04-18 15:32:28,2026-05,3,2,0,0,0,1,0,0,739240.8333333334,56,2390000,597500.0,279895.81394988147,580000,0.46844487690356734,Stable,Down,Up,2.9444389791664403
41,2,18,6,8,525000,550000,570000,600000,0,5,R0314,pekerja_harian,bandung,1-2 thn,0,1,0,0,0,0,0,0,0,0,0,0,0,0,0,0,1,0,1,0,1,1,0,0,1,0,0,0,0,1,1,0,1,0,0,1,1,1,0,1,1,0,0,2026-05-16 17:25:49,2026-05-09 17:25:49,2026-05-02 17:25:49,2026-04-25 17:25:49,2026-04-18 17:25:49,2026-05,3,2,0,0,0,1,0,0,518297.0,48,2245000,561250.0,31721.4438511238,75000,0.05651927634944107,Stable,Stable,Up,2.9444389791664403
32,1,37,6,7,210000,420000,425000,350000,3,3,R0315,jualan_online,bandung,2-5 thn,1,0,0,0,0,0,0,0,0,0,0,0,1,1,0,0,1,0,0,1,0,1,1,0,1,0,1,0,0,0,0,0,1,1,0,0,0,0,1,0,1,1,0,2026-05-16 17:31:26,2026-05-09 17:31:26,2026-05-02 17:31:26,2026-04-25 17:31:26,2026-04-18 17:31:26,2026-05,3,2,0,0,0,1,0,0,518297.0,42,1405000,351250.0,100197.72119830536,215000,0.2852604162229334,Up,Stable,Down,3.6375861597263857
40,2,14,6,11,1080000,1125000,950000,990000,2,5,R0316,ojek_online,jawa_tengah,1-2 thn,0,0,0,1,0,0,0,0,1,0,0,0,0,0,0,0,0,0,0,0,0,1,0,0,1,0,0,0,1,0,0,0,1,1,0,1,0,0,0,0,1,0,0,2026-05-16 18:44:39,2026-05-09 18:44:39,2026-05-02 18:44:39,2026-04-25 18:44:39,2026-04-18 18:44:39,2026-05,3,2,0,0,0,1,0,0,442180.75,66,4145000,1036250.0,80350.79339994099,175000,0.07753996950537127,Stable,Down,Stable,2.70805020110221
25,2,24,5,5,475000,650000,600000,575000,2,3,R0317,jualan_online,sumatera,1-2 thn,1,0,0,0,0,0,0,0,0,0,1,1,1,1,0,0,0,0,0,1,0,0,1,1,1,0,1,1,0,0,0,0,1,1,1,0,0,0,1,0,0,1,1,2026-05-16 19:12:09,2026-05-09 19:12:09,2026-05-02 19:12:09,2026-04-25 19:12:09,2026-04-18 19:12:09,2026-05,3,2,0,0,0,1,0,0,517481.9375,25,2300000,575000.0,73598.00721939871,175000,0.12799653429460647,Up,Down,Stable,3.2188758248682006
23,1,3,5,6,170000,145000,475000,195000,4,5,R0318,jualan_online,bali,< 6 bln,1,0,0,0,0,0,0,0,0,0,1,1,1,1,0,0,1,0,0,0,0,0,1,1,1,0,0,0,0,1,0,0,0,0,1,1,1,0,0,0,0,1,1,2026-05-16 19:23:23,2026-05-09 19:23:23,2026-05-02 19:23:23,2026-04-25 19:23:23,2026-04-18 19:23:23,2026-05,3,2,0,0,0,1,0,0,548095.6666666666,30,985000,246250.0,153860.05546166512,330000,0.6248124079661528,Down,Up,Down,1.3862943611198906
19,1,28,5,5,350000,360000,405000,330000,1,4,R0319,content_creator,sumatera,2-5 thn,0,0,0,0,0,0,0,1,0,0,0,0,1,1,0,0,1,0,0,0,1,0,1,0,1,0,1,0,0,0,0,0,1,0,0,0,0,0,0,1,0,1,0,2026-05-16 19:29:35,2026-05-09 19:29:35,2026-05-02 19:29:35,2026-04-25 19:29:35,2026-04-18 19:29:35,2026-05,3,2,0,0,0,1,0,0,517481.9375,25,1445000,361250.0,31721.4438511238,75000,0.08781022519342228,Stable,Up,Down,3.367295829986474
28,1,6,4,8,410000,360000,400000,315000,4,5,R0320,freelance_desain,bandung,< 6 bln,0,0,1,0,0,0,0,0,0,0,0,0,1,1,0,0,1,0,0,1,0,0,0,0,1,0,0,0,0,0,0,0,1,1,0,0,0,0,1,0,0,0,0,2026-05-16 20:17:49,2026-05-09 20:17:49,2026-05-02 20:17:49,2026-04-25 20:17:49,2026-04-18 20:17:49,2026-05,3,2,0,0,0,1,0,0,518297.0,32,1485000,371250.0,43277.20724199595,95000,0.11657160199864229,Down,Up,Down,1.9459101490553132
30,1,8,3,9,425000,500000,900000,390000,1,3,R0321,freelance_it,jabodetabek,6-12 bln,0,0,0,0,0,1,0,0,0,0,0,0,0,0,0,0,0,0,1,0,0,0,0,0,1,1,1,0,0,0,0,0,1,0,0,1,0,1,0,0,0,0,0,2026-05-16 20:28:12,2026-05-09 20:28:12,2026-05-02 20:28:12,2026-04-25 20:28:12,2026-04-18 20:28:12,2026-05,3,2,0,0,0,1,0,0,739240.8333333334,27,2215000,553750.0,235349.91679058084,510000,0.4250111364163988,Up,Up,Down,2.1972245773362196
21,0,29,3,5,600000,600000,455000,480000,4,4,R0322,freelance_desain,jabodetabek,2-5 thn,0,0,1,0,0,0,0,0,0,0,0,0,0,0,0,0,0,0,1,1,0,0,0,0,1,0,0,0,0,0,0,0,0,0,1,1,0,1,1,0,0,0,0,2026-05-16 20:43:23,2026-05-09 20:43:23,2026-05-02 20:43:23,2026-04-25 20:43:23,2026-04-18 20:43:23,2026-05,3,2,0,0,0,1,0,0,739240.8333333334,15,2135000,533750.0,77176.74520216566,145000,0.14459343363403404,Stable,Down,Up,3.4011973816621555
25,2,11,6,5,850000,715000,1075000,1342800,0,4,R0323,freelance_desain,jabodetabek,6-12 bln,0,0,1,0,0,0,0,0,0,0,0,0,1,1,0,1,0,0,1,1,0,0,0,0,1,0,0,0,1,0,0,0,1,0,1,1,0,1,1,0,0,0,0,2026-05-16 20:55:02,2026-05-09 20:55:02,2026-05-02 20:55:02,2026-04-25 20:55:02,2026-04-18 20:55:02,2026-05,3,2,0,0,0,1,0,0,739240.8333333334,30,3982800,995700.0,274947.19493022654,627800,0.2761345735966923,Down,Up,Up,2.4849066497880004
20,0,2,4,3,175000,220000,490000,490000,4,2,R0324,content_creator,bandung,< 6 bln,0,0,0,0,0,0,0,1,0,0,1,1,1,0,0,0,1,0,0,0,1,1,1,0,1,0,0,0,0,0,0,0,1,0,0,0,0,0,0,1,1,1,0,2026-05-16 20:57:26,2026-05-09 20:57:26,2026-05-02 20:57:26,2026-04-25 20:57:26,2026-04-18 20:57:26,2026-05,3,2,0,0,0,1,0,0,518297.0,12,1375000,343750.0,169871.27479359187,315000,0.4941709812177218,Up,Up,Stable,1.0986122886681096
22,2,13,6,9,855000,700000,900000,825000,3,4,R0325,ojek_online,jawa_barat_lainnya,1-2 thn,0,0,0,1,0,0,0,0,1,0,0,0,0,0,0,0,0,0,1,0,1,1,0,0,1,1,0,0,0,0,0,0,1,1,0,0,1,1,0,1,1,0,0,2026-05-16 21:05:16,2026-05-09 21:05:16,2026-05-02 21:05:16,2026-04-25 21:05:16,2026-04-18 21:05:16,2026-05,3,2,0,0,0,1,0,0,518297.0,54,3280000,820000.0,85732.14099741123,200000,0.1045513914602576,Down,Up,Down,2.639057329615259
29,0,16,5,4,505000,370000,600000,680000,4,3,R0326,jualan_online,jawa_timur,1-2 thn,1,0,0,0,0,0,0,0,0,0,1,1,1,1,0,0,1,0,1,1,0,0,0,1,1,0,0,1,0,1,0,0,1,0,0,0,0,1,1,0,0,0,1,2026-05-16 21:06:26,2026-05-09 21:06:26,2026-05-02 21:06:26,2026-04-25 21:06:26,2026-04-18 21:06:26,2026-05,3,2,0,0,0,1,0,0,460955.5,20,2155000,538750.0,133315.10292036182,310000,0.24745262723036998,Down,Up,Up,2.833213344056216
23,2,31,5,4,425000,380000,340000,420000,1,5,R0327,freelance_desain,bali,2-5 thn,0,0,1,0,0,0,0,0,0,0,0,0,1,1,0,0,1,0,1,0,0,0,0,0,1,0,1,0,1,0,0,0,1,0,0,0,0,1,0,0,0,0,0,2026-05-16 21:18:09,2026-05-09 21:18:09,2026-05-02 21:18:09,2026-04-25 21:18:09,2026-04-18 21:18:09,2026-05,3,2,0,0,0,1,0,0,548095.6666666666,20,1565000,391250.0,39660.013447635974,85000,0.10136744651152965,Down,Down,Up,3.4657359027997265
23,2,69,6,5,785000,900000,1290000,875000,0,4,R0328,freelance_it,jabodetabek,> 5 thn,0,0,0,0,0,1,0,0,0,0,0,0,0,0,0,1,0,0,1,1,0,1,0,0,1,0,1,0,1,0,0,0,1,0,0,1,0,1,1,0,1,0,0,2026-05-16 21:30:07,2026-05-09 21:30:07,2026-05-02 21:30:07,2026-04-25 21:30:07,2026-04-18 21:30:07,2026-05,3,2,0,0,0,1,0,0,739240.8333333334,30,3850000,962500.0,223848.90737578625,505000,0.23257029337744026,Up,Up,Down,4.248495242049359
33,1,16,4,3,525000,570000,590000,530000,3,2,R0329,jualan_online,bandung,1-2 thn,1,0,0,0,0,0,0,0,0,0,1,1,1,0,0,0,0,0,0,0,0,1,0,0,1,0,0,1,0,0,0,0,0,0,1,0,0,0,0,0,1,0,0,2026-05-16 22:03:59,2026-05-09 22:03:59,2026-05-02 22:03:59,2026-04-25 22:03:59,2026-04-18 22:03:59,2026-05,3,2,0,0,0,1,0,0,518297.0,12,2215000,553750.0,31457.643480294788,65000,0.05680838551746237,Up,Stable,Down,2.833213344056216
47,2,39,6,10,1336200,500000,725000,650000,0,4,R0330,kurir,jabodetabek,2-5 thn,0,0,0,0,1,0,0,0,1,0,1,0,0,0,0,0,0,0,1,0,0,0,0,1,1,0,0,1,0,0,0,1,0,1,0,1,1,1,0,0,0,0,1,2026-05-16 22:13:47,2026-05-09 22:13:47,2026-05-02 22:13:47,2026-04-25 22:13:47,2026-04-18 22:13:47,2026-05,3,2,0,0,0,1,0,0,739240.8333333334,60,3211200,802800.0,367697.37556855095,836200,0.4580186541710899,Down,Up,Down,3.6888794541139363
39,2,80,7,10,250000,200000,225000,430000,4,4,R0331,pekerja_harian,sumatera,> 5 thn,0,1,0,0,0,0,0,0,0,0,0,0,0,0,0,0,1,0,1,0,1,1,0,0,1,0,0,0,0,1,0,0,0,1,0,1,0,1,0,1,1,0,0,2026-05-16 23:11:19,2026-05-09 23:11:19,2026-05-02 23:11:19,2026-04-25 23:11:19,2026-04-18 23:11:19,2026-05,3,2,0,0,0,1,0,0,517481.9375,70,1105000,276250.0,104512.75839181869,230000,0.3783267272102034,Down,Up,Up,4.394449154672439
21,0,1,6,6,155000,16800,150000,150000,0,4,R0332,content_creator,jabodetabek,< 6 bln,0,0,0,0,0,0,0,1,0,0,1,1,1,1,0,0,0,0,0,0,1,0,1,0,1,0,0,1,0,1,0,0,1,1,0,0,1,0,0,1,0,1,0,2026-05-16 23:54:39,2026-05-09 23:54:39,2026-05-02 23:54:39,2026-04-25 23:54:39,2026-04-18 23:54:39,2026-05,3,2,0,0,0,1,0,0,739240.8333333334,36,471800,117950.0,67474.51370702867,138200,0.5720603112083822,Down,Up,Stable,0.6931471805599453
36,1,12,7,8,610000,625000,725000,625000,3,4,R0333,ojek_online,jawa_timur,6-12 bln,0,0,0,1,0,0,0,0,1,0,0,0,0,0,0,0,0,0,1,0,0,0,0,1,1,0,0,0,0,0,0,1,0,1,1,1,0,1,0,0,0,0,1,2026-05-17 00:37:07,2026-05-10 00:37:07,2026-05-03 00:37:07,2026-04-26 00:37:07,2026-04-19 00:37:07,2026-05,3,2,0,0,0,1,0,0,460955.5,56,2585000,646250.0,52974.050251042725,115000,0.08197145106544329,Stable,Up,Down,2.5649493574615367
17,0,17,4,6,18400,175000,180000,280000,0,3,R0334,content_creator,jawa_barat_lainnya,1-2 thn,0,0,0,0,0,0,0,1,0,0,1,1,1,0,0,0,1,0,0,0,1,1,0,0,1,0,0,0,0,1,0,0,0,1,1,1,0,0,0,1,1,0,0,2026-05-17 02:13:44,2026-05-10 02:13:44,2026-05-03 02:13:44,2026-04-26 02:13:44,2026-04-19 02:13:44,2026-05,3,2,0,0,0,1,0,0,518297.0,24,653400,163350.0,108059.65944791793,261600,0.6615222494515943,Up,Stable,Up,2.8903717578961645
36,2,23,6,7,775000,835000,900000,820000,2,4,R0335,kurir,bandung,1-2 thn,0,0,0,0,1,0,0,0,0,1,0,0,0,0,0,0,0,0,0,0,1,0,1,0,1,0,0,0,0,0,0,0,0,1,0,1,1,0,0,1,0,1,0,2026-05-17 02:48:32,2026-05-10 02:48:32,2026-05-03 02:48:32,2026-04-26 02:48:32,2026-04-19 02:48:32,2026-05,3,2,0,0,0,1,0,0,518297.0,42,3330000,832500.0,51720.402163943,125000,0.06212660920593754,Up,Up,Down,3.1780538303479458
18,1,38,3,5,310000,310000,405000,225000,0,3,R0336,tutor,bandung,2-5 thn,0,0,0,0,0,0,1,0,0,0,0,0,1,1,0,0,0,0,1,1,1,0,0,0,1,0,1,0,0,0,0,0,0,1,1,1,0,1,1,1,0,0,0,2026-05-17 03:09:55,2026-05-10 03:09:55,2026-05-03 03:09:55,2026-04-26 03:09:55,2026-04-19 03:09:55,2026-05,3,2,0,0,0,1,0,0,518297.0,15,1250000,312500.0,73541.37157636735,180000,0.23533238904437553,Stable,Up,Down,3.6635616461296463
18,1,45,2,2,175000,375000,400000,215000,1,5,R0337,tutor,jawa_timur,2-5 thn,0,0,0,0,0,0,1,0,0,0,0,0,1,1,0,0,1,0,0,0,1,0,0,0,1,0,0,0,0,0,0,0,0,0,1,1,1,0,0,1,0,0,0,2026-05-17 03:12:08,2026-05-10 03:12:08,2026-05-03 03:12:08,2026-04-26 03:12:08,2026-04-19 03:12:08,2026-05,3,2,0,0,0,1,0,0,460955.5,4,1165000,291250.0,112795.90713614863,225000,0.3872820845876348,Up,Up,Down,3.828641396489095
26,0,24,3,5,140000,135000,80000,6800,4,3,R0338,tutor,jawa_tengah,1-2 thn,0,0,0,0,0,0,1,0,0,0,0,0,1,1,0,0,1,0,1,1,1,0,0,0,1,1,1,0,0,0,0,0,1,1,1,0,0,1,1,1,0,0,0,2026-05-17 05:18:10,2026-05-10 05:18:10,2026-05-03 05:18:10,2026-04-26 05:18:10,2026-04-19 05:18:10,2026-05,3,2,0,0,0,1,0,0,442180.75,15,361800,90450.0,62038.778195577,133200,0.6858903061976451,Stable,Down,Down,3.2188758248682006
22,2,75,5,8,1000000,755000,1350000,1200000,1,4,R0339,ojek_online,sumatera,> 5 thn,0,0,0,1,0,0,0,0,1,0,0,0,0,0,0,0,0,0,0,0,1,1,0,1,1,0,0,1,0,0,0,1,0,1,1,0,1,0,0,1,1,0,1,2026-05-17 08:24:40,2026-05-10 08:24:40,2026-05-03 08:24:40,2026-04-26 08:24:40,2026-04-19 08:24:40,2026-05,3,2,0,0,0,1,0,0,517481.9375,40,4305000,1076250.0,257726.43765564033,595000,0.23946707331534525,Down,Up,Down,4.330733340286331
26,1,51,5,7,35000,640000,600000,755000,1,4,R0340,content_creator,jabodetabek,2-5 thn,0,0,0,0,0,0,0,1,0,0,1,1,1,0,0,0,1,0,0,0,1,1,1,0,1,0,1,1,0,0,0,0,0,1,1,1,0,0,0,1,1,1,0,2026-05-17 08:44:30,2026-05-10 08:44:30,2026-05-03 08:44:30,2026-04-26 08:44:30,2026-04-19 08:44:30,2026-05,3,2,0,0,0,1,0,0,739240.8333333334,35,2030000,507500.0,321778.9096051304,720000,0.6340471125224244,Up,Down,Up,3.9512437185814275
28,0,34,4,3,325000,505000,510000,200000,3,4,R0341,content_creator,kalimantan,2-5 thn,0,0,0,0,0,0,0,1,0,0,1,1,1,0,0,0,0,0,0,0,1,1,0,0,1,0,0,1,0,0,0,0,0,1,0,0,0,0,0,1,1,0,0,2026-05-17 09:26:16,2026-05-10 09:26:16,2026-05-03 09:26:16,2026-04-26 09:26:16,2026-04-19 09:26:16,2026-05,3,2,0,0,0,1,0,0,653189.75,12,1540000,385000.0,150388.3860764077,310000,0.390619184614046,Up,Stable,Down,3.5553480614894135
25,0,37,5,7,480000,475000,460000,450000,1,5,R0342,jualan_online,sulawesi,2-5 thn,1,0,0,0,0,0,0,0,0,0,1,1,1,0,0,0,0,0,0,0,0,1,0,0,1,0,1,0,0,0,0,0,0,0,1,0,1,0,0,0,1,0,0,2026-05-17 09:45:39,2026-05-10 09:45:39,2026-05-03 09:45:39,2026-04-26 09:45:39,2026-04-19 09:45:39,2026-05,3,2,0,0,0,1,0,0,559306.0,35,1865000,466250.0,13768.926368215254,30000,0.02953120936882628,Stable,Stable,Stable,3.6375861597263857
23,0,18,4,8,85000,260000,10000,200000,2,5,R0343,freelance_it,jabodetabek,1-2 thn,0,0,0,0,0,1,0,0,0,0,0,0,0,0,0,1,0,0,1,0,0,0,0,0,1,0,0,0,0,0,0,0,0,0,1,1,1,1,0,0,0,0,0,2026-05-17 09:51:57,2026-05-10 09:51:57,2026-05-03 09:51:57,2026-04-26 09:51:57,2026-04-19 09:51:57,2026-05,3,2,0,0,0,1,0,0,739240.8333333334,32,555000,138750.0,112425.90152332927,250000,0.8102767677357064,Up,Down,Up,2.9444389791664403
39,2,20,6,5,265000,275000,515000,570000,4,3,R0344,jualan_online,jabodetabek,1-2 thn,1,0,0,0,0,0,0,0,0,0,0,0,1,1,0,0,0,0,0,1,0,1,1,0,1,0,0,0,0,0,0,0,0,1,0,0,0,0,1,0,1,1,0,2026-05-17 10:29:15,2026-05-10 10:29:15,2026-05-03 10:29:15,2026-04-26 10:29:15,2026-04-19 10:29:15,2026-05,3,2,0,0,0,1,0,0,739240.8333333334,30,1625000,406250.0,158974.57868057606,305000,0.3913220398291103,Stable,Up,Up,3.044522437723423
26,2,12,5,7,605000,830000,375000,675000,2,3,R0345,jualan_online,sumatera,6-12 bln,1,0,0,0,0,0,0,0,0,0,1,1,1,0,0,0,0,0,0,1,0,0,0,0,1,0,1,0,0,0,0,0,1,1,0,1,0,0,1,0,0,0,0,2026-05-17 11:34:33,2026-05-10 11:34:33,2026-05-03 11:34:33,2026-04-26 11:34:33,2026-04-19 11:34:33,2026-05,3,2,0,0,0,1,0,0,517481.9375,35,2485000,621250.0,189181.35038458026,455000,0.3045172642005316,Up,Down,Up,2.5649493574615367
37,2,26,6,5,890000,915000,775000,500000,2,5,R0346,jualan_online,sulawesi,2-5 thn,1,0,0,0,0,0,0,0,0,0,0,0,0,0,0,0,1,0,0,1,0,1,1,0,1,0,0,1,0,1,0,0,0,0,1,1,0,0,1,0,1,1,0,2026-05-17 12:07:16,2026-05-10 12:07:16,2026-05-03 12:07:16,2026-04-26 12:07:16,2026-04-19 12:07:16,2026-05,3,2,0,0,0,1,0,0,559306.0,30,3080000,770000.0,190043.85458800467,415000,0.24681020076364243,Stable,Down,Down,3.295836866004329
32,1,14,4,8,350000,310000,350000,350000,1,4,R0347,freelance_desain,jawa_barat_lainnya,1-2 thn,0,0,1,0,0,0,0,0,0,0,0,0,0,0,0,0,1,0,0,1,0,0,0,0,1,0,0,0,0,0,0,0,1,1,0,0,0,0,1,0,0,0,0,2026-05-17 12:16:14,2026-05-10 12:16:14,2026-05-03 12:16:14,2026-04-26 12:16:14,2026-04-19 12:16:14,2026-05,3,2,0,0,0,1,0,0,518297.0,32,1360000,340000.0,20000.0,40000,0.058823529411764705,Down,Up,Stable,2.70805020110221
31,1,58,5,5,325000,310000,380000,350000,3,4,R0348,freelance_desain,kalimantan,2-5 thn,0,0,1,0,0,0,0,0,0,0,0,0,0,0,0,0,1,0,0,1,0,0,0,0,1,0,0,0,0,0,0,0,1,0,0,0,0,0,1,0,0,0,0,2026-05-17 12:23:12,2026-05-10 12:23:12,2026-05-03 12:23:12,2026-04-26 12:23:12,2026-04-19 12:23:12,2026-05,3,2,0,0,0,1,0,0,653189.75,25,1365000,341250.0,30652.6235962492,70000,0.08982453801098667,Stable,Up,Down,4.07753744390572
38,2,23,5,9,1336200,800000,1040000,1330000,1,4,R0349,ojek_online,kalimantan,1-2 thn,0,0,0,1,0,0,0,0,1,0,0,0,0,0,0,0,0,0,0,0,0,1,0,0,1,0,0,1,1,0,0,0,1,0,0,0,1,0,0,0,1,0,0,2026-05-17 12:54:39,2026-05-10 12:54:39,2026-05-03 12:54:39,2026-04-26 12:54:39,2026-04-19 12:54:39,2026-05,3,2,0,0,0,1,0,0,653189.75,45,4506200,1126550.0,257857.08574066113,536200,0.22889093758879867,Down,Up,Up,3.1780538303479458
26,1,17,5,4,570000,360000,1340000,775000,4,5,R0350,freelance_it,jabodetabek,1-2 thn,0,0,0,0,0,1,0,0,0,0,0,0,0,0,0,1,0,0,0,1,0,0,0,0,1,1,1,0,0,0,0,0,0,0,1,0,1,0,1,0,0,0,0,2026-05-17 13:35:44,2026-05-10 13:35:44,2026-05-03 13:35:44,2026-04-26 13:35:44,2026-04-19 13:35:44,2026-05,3,2,0,0,0,1,0,0,739240.8333333334,20,3045000,761250.0,421394.01593599626,980000,0.5535553575513908,Down,Up,Down,2.8903717578961645
30,1,16,6,6,190000,250000,250000,230000,0,3,R0351,freelance_desain,jawa_barat_lainnya,1-2 thn,0,0,1,0,0,0,0,0,0,0,0,0,0,0,0,0,1,0,1,1,0,1,0,0,1,1,1,0,0,0,0,0,1,1,1,0,0,1,1,0,1,0,0,2026-05-17 13:39:35,2026-05-10 13:39:35,2026-05-03 13:39:35,2026-04-26 13:39:35,2026-04-19 13:39:35,2026-05,3,2,0,0,0,1,0,0,518297.0,36,920000,230000.0,28284.2712474619,60000,0.12297509238026913,Up,Stable,Down,2.833213344056216
35,2,72,7,8,715000,565000,500000,300000,2,5,R0352,pekerja_harian,jawa_barat_lainnya,> 5 thn,0,1,0,0,0,0,0,0,0,0,0,0,0,0,0,0,1,0,0,0,1,1,0,0,1,0,0,0,0,0,1,0,0,1,1,0,1,0,0,1,1,0,0,2026-05-17 13:45:58,2026-05-10 13:45:58,2026-05-03 13:45:58,2026-04-26 13:45:58,2026-04-19 13:45:58,2026-05,3,2,0,0,0,1,0,0,518297.0,56,2080000,520000.0,172094.93504071137,415000,0.3309517981552142,Down,Down,Down,4.290459441148391
24,1,21,6,7,290000,1060000,470000,650000,2,4,R0353,freelance_desain,jawa_tengah,1-2 thn,0,0,1,0,0,0,0,0,0,0,0,0,0,0,0,1,1,0,1,1,0,0,0,0,1,0,1,0,1,0,0,0,0,1,0,0,0,1,1,0,0,0,0,2026-05-17 14:14:06,2026-05-10 14:14:06,2026-05-03 14:14:06,2026-04-26 14:14:06,2026-04-19 14:14:06,2026-05,3,2,0,0,0,1,0,0,442180.75,42,2470000,617500.0,329583.06995353993,770000,0.5337377651069473,Up,Down,Up,3.091042453358316
37,1,53,4,6,500000,350000,1090000,380000,3,4,R0354,pekerja_harian,jawa_timur,2-5 thn,0,1,0,0,0,0,0,0,0,0,0,0,0,0,0,0,1,0,0,0,1,0,0,0,1,0,0,0,0,1,0,0,1,0,1,0,1,0,0,1,0,0,0,2026-05-17 14:20:19,2026-05-10 14:20:19,2026-05-03 14:20:19,2026-04-26 14:20:19,2026-04-19 14:20:19,2026-05,3,2,0,0,0,1,0,0,460955.5,24,2320000,580000.0,346121.3659975356,740000,0.59676097585782,Down,Up,Down,3.9889840465642745
26,0,30,3,4,100000,220000,170000,100000,2,5,R0355,tutor,sulawesi,2-5 thn,0,0,0,0,0,0,1,0,0,0,0,0,0,0,0,0,1,0,1,0,1,0,0,0,1,1,1,0,0,0,0,0,0,1,1,1,0,1,0,1,0,0,0,2026-05-17 15:18:05,2026-05-10 15:18:05,2026-05-03 15:18:05,2026-04-26 15:18:05,2026-04-19 15:18:05,2026-05,3,2,0,0,0,1,0,0,559306.0,12,590000,147500.0,58523.49955359813,120000,0.39676948849897037,Up,Down,Down,3.4339872044851463
17,0,4,5,6,355000,335000,300000,300000,1,5,R0356,content_creator,bandung,< 6 bln,0,0,0,0,0,0,0,1,0,0,0,0,0,0,0,0,1,0,0,0,1,1,1,0,1,0,1,0,0,1,0,0,0,1,1,0,1,0,0,1,1,1,0,2026-05-17 15:29:34,2026-05-10 15:29:34,2026-05-03 15:29:34,2026-04-26 15:29:34,2026-04-19 15:29:34,2026-05,3,2,0,0,0,1,0,0,518297.0,30,1290000,322500.0,27233.55773061365,55000,0.08444514024996481,Down,Down,Stable,1.6094379124341003
30,0,12,4,7,30000,30000,775000,25000,3,3,R0357,freelance_it,jawa_tengah,6-12 bln,0,0,0,0,0,1,0,0,0,0,0,0,0,0,0,1,1,0,1,1,0,0,0,0,1,1,0,0,1,0,0,0,0,0,0,1,0,1,1,0,0,0,0,2026-05-17 15:34:34,2026-05-10 15:34:34,2026-05-03 15:34:34,2026-04-26 15:34:34,2026-04-19 15:34:34,2026-05,3,2,0,0,0,1,0,0,442180.75,28,860000,215000.0,373340.7737353815,750000,1.736468715048286,Stable,Up,Down,2.5649493574615367
25,1,31,3,9,25000,25000,30000,650000,4,5,R0358,freelance_it,jawa_tengah,2-5 thn,0,0,0,0,0,1,0,0,0,0,0,0,0,0,0,1,0,0,1,1,0,0,0,0,1,0,0,0,0,0,0,0,1,1,0,1,0,1,1,0,0,0,0,2026-05-17 15:42:30,2026-05-10 15:42:30,2026-05-03 15:42:30,2026-04-26 15:42:30,2026-04-19 15:42:30,2026-05,3,2,0,0,0,1,0,0,442180.75,27,730000,182500.0,311675.57919520524,625000,1.7078113928504397,Stable,Up,Up,3.4657359027997265
34,1,22,7,10,675000,675000,1350000,575000,4,2,R0359,kurir,jabodetabek,1-2 thn,0,0,0,0,1,0,0,0,0,1,1,0,0,0,0,0,0,0,1,0,0,0,1,1,1,0,0,1,0,0,0,1,1,0,1,1,0,1,0,0,0,1,1,2026-05-17 16:39:03,2026-05-10 16:39:03,2026-05-03 16:39:03,2026-04-26 16:39:03,2026-04-19 16:39:03,2026-05,3,2,0,0,0,1,0,0,739240.8333333334,70,3275000,818750.0,357290.1481989113,775000,0.43638491383073136,Stable,Up,Down,3.1354942159291497
31,0,36,5,7,445000,420000,395000,575000,4,4,R0360,freelance_it,jawa_tengah,2-5 thn,0,0,0,0,0,1,0,0,0,0,0,0,0,0,0,1,0,0,1,1,0,0,0,0,1,0,0,0,0,0,0,0,0,1,0,1,0,1,1,0,0,0,0,2026-05-17 16:53:12,2026-05-10 16:53:12,2026-05-03 16:53:12,2026-04-26 16:53:12,2026-04-19 16:53:12,2026-05,3,2,0,0,0,1,0,0,442180.75,35,1835000,458750.0,80143.10117949433,180000,0.17469885815693587,Down,Down,Up,3.6109179126442243
21,0,82,4,4,90000,75000,80000,80000,4,5,R0361,freelance_desain,sulawesi,> 5 thn,0,0,1,0,0,0,0,0,0,0,0,0,0,0,0,1,0,0,0,1,0,0,0,0,1,1,0,0,1,0,0,0,0,0,1,1,1,0,1,0,0,0,0,2026-05-17 16:53:31,2026-05-10 16:53:31,2026-05-03 16:53:31,2026-04-26 16:53:31,2026-04-19 16:53:31,2026-05,3,2,0,0,0,1,0,0,559306.0,16,325000,81250.0,6291.528696058957,15000,0.07743419933611025,Down,Up,Stable,4.418840607796598
48,2,48,7,9,625000,540000,500000,505000,4,2,R0362,pekerja_harian,jawa_timur,2-5 thn,0,1,0,0,0,0,0,0,0,0,0,0,0,0,0,0,1,0,0,0,0,1,0,0,1,1,0,0,0,0,1,0,1,0,0,0,0,0,0,0,1,0,0,2026-05-17 17:29:39,2026-05-10 17:29:39,2026-05-03 17:29:39,2026-04-26 17:29:39,2026-04-19 17:29:39,2026-05,3,2,0,0,0,1,0,0,460955.5,63,2170000,542500.0,57807.15065341542,125000,0.106556959729798,Down,Down,Stable,3.8918202981106265
34,0,8,4,5,380000,555000,520000,350000,0,2,R0363,jualan_online,kalimantan,6-12 bln,1,0,0,0,0,0,0,0,0,0,0,0,0,0,0,0,1,0,1,0,0,0,0,1,1,0,0,0,0,1,0,0,1,0,1,1,0,1,0,0,0,0,1,2026-05-17 17:36:24,2026-05-10 17:36:24,2026-05-03 17:36:24,2026-04-26 17:36:24,2026-04-19 17:36:24,2026-05,3,2,0,0,0,1,0,0,653189.75,20,1805000,451250.0,101355.39781712006,205000,0.2246102998717342,Up,Down,Down,2.1972245773362196
30,2,2,7,11,1000000,700000,540000,420000,1,3,R0364,kurir,sulawesi,< 6 bln,0,0,0,0,1,0,0,0,0,0,1,0,0,0,0,0,0,0,1,0,0,0,0,1,1,0,0,1,0,0,0,1,0,1,1,1,0,1,0,0,0,0,1,2026-05-17 17:43:06,2026-05-10 17:43:06,2026-05-03 17:43:06,2026-04-26 17:43:06,2026-04-19 17:43:06,2026-05,3,2,0,0,0,1,0,0,559306.0,77,2660000,665000.0,251064.40076867395,580000,0.37754045228372024,Down,Down,Down,1.0986122886681096
30,0,55,6,8,220000,200000,210000,210000,1,2,R0365,pekerja_harian,jabodetabek,2-5 thn,0,1,0,0,0,0,0,0,0,0,0,0,0,0,0,0,1,0,1,0,0,1,0,0,1,0,0,0,0,1,0,0,0,1,0,0,0,1,0,0,1,0,0,2026-05-17 18:07:11,2026-05-10 18:07:11,2026-05-03 18:07:11,2026-04-26 18:07:11,2026-04-19 18:07:11,2026-05,3,2,0,0,0,1,0,0,739240.8333333334,48,840000,210000.0,8164.96580927726,20000,0.03888078956798695,Down,Stable,Stable,4.02535169073515
31,2,65,7,11,470000,320000,475000,520000,4,5,R0366,kurir,bali,> 5 thn,0,0,0,0,1,0,0,0,0,0,0,0,0,0,0,0,1,0,1,0,1,0,0,1,1,0,0,0,0,0,0,0,0,1,0,0,1,1,0,1,0,0,1,2026-05-17 18:10:24,2026-05-10 18:10:24,2026-05-03 18:10:24,2026-04-26 18:10:24,2026-04-19 18:10:24,2026-05,3,2,0,0,0,1,0,0,548095.6666666666,77,1785000,446250.0,87118.21470469498,200000,0.1952228900945546,Down,Up,Up,4.189654742026425
20,0,18,5,3,110000,75000,100000,50000,1,3,R0367,content_creator,jabodetabek,1-2 thn,0,0,0,0,0,0,0,1,0,0,1,1,1,0,0,0,1,0,0,0,1,0,1,0,1,0,1,0,0,0,0,0,0,1,1,1,0,0,0,1,0,1,0,2026-05-17 18:21:32,2026-05-10 18:21:32,2026-05-03 18:21:32,2026-04-26 18:21:32,2026-04-19 18:21:32,2026-05,3,2,0,0,0,1,0,0,739240.8333333334,15,335000,83750.0,26887.10967483613,60000,0.32104011552043143,Down,Up,Down,2.9444389791664403
29,1,54,3,5,725000,310000,725000,250000,1,3,R0368,pekerja_harian,bali,2-5 thn,0,1,0,0,0,0,0,0,0,0,0,0,0,0,0,0,1,0,0,0,1,1,0,0,1,0,0,0,0,0,1,0,1,1,0,1,0,0,0,1,1,0,0,2026-05-17 18:42:13,2026-05-10 18:42:13,2026-05-03 18:42:13,2026-04-26 18:42:13,2026-04-19 18:42:13,2026-05,3,2,0,0,0,1,0,0,548095.6666666666,15,2010000,502500.0,258085.90301163937,475000,0.5136037870878395,Down,Up,Down,4.007333185232471
43,2,14,6,8,525000,450000,665000,650000,4,5,R0369,jualan_online,jabodetabek,1-2 thn,1,0,0,0,0,0,0,0,0,0,0,0,1,1,0,0,1,0,0,0,0,0,0,1,1,0,0,0,0,0,0,0,1,0,1,0,1,0,0,0,0,0,1,2026-05-17 18:48:04,2026-05-10 18:48:04,2026-05-03 18:48:04,2026-04-26 18:48:04,2026-04-19 18:48:04,2026-05,3,2,0,0,0,1,0,0,739240.8333333334,48,2290000,572500.0,102996.7637032025,215000,0.1799070108352882,Down,Up,Stable,2.70805020110221
22,0,20,3,3,205000,200000,200000,6800,2,3,R0370,tutor,bandung,1-2 thn,0,0,0,0,0,0,1,0,0,0,0,0,0,0,0,0,1,0,1,0,0,0,0,0,1,1,0,0,0,0,1,0,0,0,1,1,0,1,0,0,0,0,0,2026-05-17 18:48:28,2026-05-10 18:48:28,2026-05-03 18:48:28,2026-04-26 18:48:28,2026-04-19 18:48:28,2026-05,3,2,0,0,0,1,0,0,518297.0,9,611800,152950.0,97461.83868571329,198200,0.6372137213841993,Stable,Stable,Down,3.044522437723423
21,2,4,3,4,570000,125000,475000,375000,1,4,R0371,freelance_desain,jabodetabek,< 6 bln,0,0,1,0,0,0,0,0,0,0,0,0,0,0,0,1,0,0,1,1,0,0,0,0,1,0,1,0,1,0,0,0,1,1,0,1,0,1,1,0,0,0,0,2026-05-17 19:09:46,2026-05-10 19:09:46,2026-05-03 19:09:46,2026-04-26 19:09:46,2026-04-19 19:09:46,2026-05,3,2,0,0,0,1,0,0,739240.8333333334,12,1545000,386250.0,191501.74063612754,445000,0.49579738676020074,Down,Up,Down,1.6094379124341003
23,0,42,5,5,325000,275000,220000,200000,2,5,R0372,freelance_desain,jawa_timur,2-5 thn,0,0,1,0,0,0,0,0,0,0,0,0,1,1,0,1,0,0,1,1,0,0,0,0,1,0,1,0,0,0,0,0,0,1,0,1,1,1,1,0,0,0,0,2026-05-17 19:36:49,2026-05-10 19:36:49,2026-05-03 19:36:49,2026-04-26 19:36:49,2026-04-19 19:36:49,2026-05,3,2,0,0,0,1,0,0,460955.5,25,1020000,255000.0,56421.03626603585,125000,0.2212589657491602,Down,Down,Down,3.7612001156935624
25,0,44,5,6,550000,510000,300000,200000,4,3,R0373,content_creator,bandung,2-5 thn,0,0,0,0,0,0,0,1,0,0,1,1,1,1,0,0,0,0,0,0,0,1,1,0,1,0,0,1,0,1,0,0,0,1,1,1,0,0,0,0,1,1,0,2026-05-17 20:19:30,2026-05-10 20:19:30,2026-05-03 20:19:30,2026-04-26 20:19:30,2026-04-19 20:19:30,2026-05,3,2,0,0,0,1,0,0,518297.0,30,1560000,390000.0,167531.09164172082,350000,0.429566901645438,Down,Down,Down,3.8066624897703196
31,2,78,5,7,615000,625000,590000,630000,4,3,R0374,ojek_online,jawa_timur,> 5 thn,0,0,0,1,0,0,0,0,0,1,0,0,0,0,0,0,0,0,1,0,0,0,0,0,1,0,0,0,1,0,0,1,0,1,0,0,0,1,0,0,0,0,0,2026-05-17 20:23:09,2026-05-10 20:23:09,2026-05-03 20:23:09,2026-04-26 20:23:09,2026-04-19 20:23:09,2026-05,3,2,0,0,0,1,0,0,460955.5,35,2460000,615000.0,17795.130420052184,40000,0.028935171414718998,Stable,Down,Up,4.3694478524670215
22,0,65,5,6,18400,75000,40000,40000,1,3,R0375,content_creator,jabodetabek,> 5 thn,0,0,0,0,0,0,0,1,0,0,1,1,1,0,0,0,1,0,0,0,1,0,0,0,1,0,1,1,0,0,0,0,0,0,1,0,0,0,0,1,0,0,0,2026-05-17 20:33:41,2026-05-10 20:33:41,2026-05-03 20:33:41,2026-04-26 20:33:41,2026-04-19 20:33:41,2026-05,3,2,0,0,0,1,0,0,739240.8333333334,30,173400,43350.0,23428.40156732849,56600,0.5404475563397575,Up,Down,Stable,4.189654742026425
27,0,31,3,6,75000,115000,140000,125000,3,2,R0376,freelance_desain,jawa_timur,2-5 thn,0,0,1,0,0,0,0,0,0,0,0,0,1,1,0,0,0,0,1,1,0,0,0,0,1,0,1,0,1,0,0,0,0,1,0,1,0,1,1,0,0,0,0,2026-05-17 20:49:44,2026-05-10 20:49:44,2026-05-03 20:49:44,2026-04-26 20:49:44,2026-04-19 20:49:44,2026-05,3,2,0,0,0,1,0,0,460955.5,18,455000,113750.0,27801.37886268713,65000,0.24440772626538135,Up,Up,Down,3.4657359027997265
28,1,82,5,6,320000,675000,630000,290000,4,4,R0377,freelance_desain,jabodetabek,> 5 thn,0,0,1,0,0,0,0,0,0,0,0,0,0,0,0,1,1,0,1,0,0,0,0,0,1,1,0,0,0,0,0,0,1,0,1,0,1,1,0,0,0,0,0,2026-05-17 20:51:32,2026-05-10 20:51:32,2026-05-03 20:51:32,2026-04-26 20:51:32,2026-04-19 20:51:32,2026-05,3,2,0,0,0,1,0,0,739240.8333333334,30,1915000,478750.0,201840.48982633124,385000,0.421598934363094,Up,Down,Down,4.418840607796598
34,0,19,3,6,80000,50000,150000,130000,1,4,R0378,pekerja_harian,sulawesi,1-2 thn,0,1,0,0,0,0,0,0,0,0,0,0,0,0,0,0,1,0,1,0,1,1,0,0,1,1,0,0,0,1,0,0,0,0,1,0,1,1,0,1,1,0,0,2026-05-17 21:01:19,2026-05-10 21:01:19,2026-05-03 21:01:19,2026-04-26 21:01:19,2026-04-19 21:01:19,2026-05,3,2,0,0,0,1,0,0,559306.0,18,410000,102500.0,45734.742446707474,100000,0.4461926092361705,Down,Up,Down,2.995732273553991
34,2,3,7,9,610000,425000,440000,540000,1,5,R0379,ojek_online,jawa_timur,< 6 bln,0,0,0,1,0,0,0,0,1,0,0,0,0,0,0,0,0,0,0,0,0,0,0,1,1,0,0,1,0,0,0,0,1,0,1,0,1,0,0,0,0,0,1,2026-05-17 21:33:38,2026-05-10 21:33:38,2026-05-03 21:33:38,2026-04-26 21:33:38,2026-04-19 21:33:38,2026-05,3,2,0,0,0,1,0,0,460955.5,63,2015000,503750.0,87309.31603595728,185000,0.17331874151058518,Down,Stable,Up,1.3862943611198906
45,2,19,7,6,380000,370000,320000,330000,3,3,R0380,pekerja_harian,sumatera,1-2 thn,0,1,0,0,0,0,0,0,0,0,0,0,0,0,0,0,1,0,1,0,1,0,0,0,1,0,0,0,0,0,1,0,0,0,1,0,0,1,0,1,0,0,0,2026-05-17 21:36:27,2026-05-10 21:36:27,2026-05-03 21:36:27,2026-04-26 21:36:27,2026-04-19 21:36:27,2026-05,3,2,0,0,0,1,0,0,517481.9375,42,1400000,350000.0,29439.20288775949,60000,0.0841120082507414,Stable,Down,Stable,2.995732273553991
22,1,35,6,9,925000,840000,270000,210000,0,4,R0381,kurir,jawa_timur,2-5 thn,0,0,0,0,1,0,0,0,0,0,1,0,0,0,0,0,0,0,0,0,1,0,0,0,1,0,0,0,0,0,0,1,1,0,0,1,1,0,0,1,0,0,0,2026-05-17 21:42:08,2026-05-10 21:42:08,2026-05-03 21:42:08,2026-04-26 21:42:08,2026-04-19 21:42:08,2026-05,3,2,0,0,0,1,0,0,460955.5,54,2245000,561250.0,373371.4638265758,715000,0.66524982418989,Down,Down,Down,3.58351893845611
28,2,33,7,6,75000,340000,295000,125000,4,3,R0382,jualan_online,jawa_tengah,2-5 thn,1,0,0,0,0,0,0,0,0,0,0,0,1,1,0,0,1,0,1,0,0,1,0,1,1,0,1,0,0,0,0,0,1,0,1,1,0,1,0,0,1,0,1,2026-05-17 23:10:38,2026-05-10 23:10:38,2026-05-03 23:10:38,2026-04-26 23:10:38,2026-04-19 23:10:38,2026-05,3,2,0,0,0,1,0,0,442180.75,42,835000,208750.0,128541.49783889507,265000,0.6157676543180602,Up,Down,Down,3.5263605246161616
22,1,36,5,4,360000,275000,320000,300000,1,5,R0383,jualan_online,jawa_timur,2-5 thn,1,0,0,0,0,0,0,0,0,0,0,0,1,1,0,0,1,0,0,0,0,0,1,1,1,0,0,0,0,0,0,0,0,1,1,0,1,0,0,0,0,1,1,2026-05-18 09:13:44,2026-05-11 09:13:44,2026-05-04 09:13:44,2026-04-27 09:13:44,2026-04-20 09:13:44,2026-05,3,2,0,0,0,0,0,0,460955.5,20,1255000,313750.0,35910.7690440254,85000,0.11445663440326821,Down,Up,Down,3.6109179126442243
26,2,6,7,6,290000,775000,350000,300000,0,5,R0384,pekerja_harian,jabodetabek,< 6 bln,0,1,0,0,0,0,0,0,0,0,0,0,0,0,0,0,1,0,1,0,1,1,0,0,1,0,0,0,0,0,0,0,1,0,0,0,1,1,0,1,1,0,0,2026-05-18 09:51:46,2026-05-11 09:51:46,2026-05-04 09:51:46,2026-04-27 09:51:46,2026-04-20 09:51:46,2026-05,3,2,0,0,0,0,0,0,739240.8333333334,42,1715000,428750.0,232320.7194088953,485000,0.5418559053268694,Up,Down,Down,1.9459101490553132
24,0,12,4,4,500000,200000,320000,475000,1,3,R0385,freelance_desain,jabodetabek,6-12 bln,0,0,1,0,0,0,0,0,0,0,0,0,0,0,0,0,1,0,1,1,1,0,0,0,1,0,1,0,1,0,0,0,0,1,1,1,0,1,1,1,0,0,0,2026-05-18 10:17:33,2026-05-11 10:17:33,2026-05-04 10:17:33,2026-04-27 10:17:33,2026-04-20 10:17:33,2026-05,3,2,0,0,0,0,0,0,739240.8333333334,16,1495000,373750.0,140556.92796870598,300000,0.3760720480768053,Down,Up,Up,2.5649493574615367
26,0,13,5,6,270000,350000,400000,325000,4,3,R0386,freelance_it,jabodetabek,1-2 thn,0,0,0,0,0,1,0,0,0,0,0,0,0,0,0,0,0,0,1,1,0,0,0,0,1,0,1,0,1,0,0,0,1,1,1,0,0,1,1,0,0,0,0,2026-05-18 10:32:29,2026-05-11 10:32:29,2026-05-04 10:32:29,2026-04-27 10:32:29,2026-04-20 10:32:29,2026-05,3,2,0,0,0,0,0,0,739240.8333333334,30,1345000,336250.0,54064.00527769531,130000,0.1607851458072723,Up,Up,Down,2.639057329615259
31,1,1,3,5,535000,280000,350000,400000,4,5,R0387,pekerja_harian,bandung,< 6 bln,0,1,0,0,0,0,0,0,0,0,0,0,0,0,0,0,1,0,1,0,1,1,0,0,1,1,0,0,0,0,1,0,1,0,1,1,0,1,0,1,1,0,0,2026-05-18 12:48:04,2026-05-11 12:48:04,2026-05-04 12:48:04,2026-04-27 12:48:04,2026-04-20 12:48:04,2026-05,3,2,0,0,0,0,0,0,518297.0,15,1565000,391250.0,107732.30713207621,255000,0.27535413963469957,Down,Up,Up,0.6931471805599453
27,2,4,6,6,480000,490000,350000,450000,4,5,R0388,jualan_online,jabodetabek,< 6 bln,1,0,0,0,0,0,0,0,0,0,0,0,1,1,0,0,0,0,0,1,0,1,0,0,1,0,0,0,0,0,0,0,1,1,0,1,0,0,1,0,1,0,0,2026-05-18 12:54:04,2026-05-11 12:54:04,2026-05-04 12:54:04,2026-04-27 12:54:04,2026-04-20 12:54:04,2026-05,3,2,0,0,0,0,0,0,739240.8333333334,36,1770000,442500.0,63966.136874651624,140000,0.14455624152463645,Stable,Down,Up,1.6094379124341003
23,2,8,5,4,675000,700000,875000,825000,4,4,R0389,freelance_desain,bali,6-12 bln,0,0,1,0,0,0,0,0,0,0,0,0,0,0,0,0,1,0,1,1,0,1,0,0,1,0,1,0,0,0,0,0,0,1,0,1,0,1,1,0,1,0,0,2026-05-18 12:58:10,2026-05-11 12:58:10,2026-05-04 12:58:10,2026-04-27 12:58:10,2026-04-20 12:58:10,2026-05,3,2,0,0,0,0,0,0,548095.6666666666,20,3075000,768750.0,96555.25188547056,200000,0.12560032765589665,Stable,Up,Down,2.1972245773362196
26,2,1,5,4,815000,665000,680000,720000,2,1,R0390,jualan_online,jawa_timur,< 6 bln,1,0,0,0,0,0,0,0,0,0,1,1,1,0,0,0,1,0,0,0,0,1,0,1,1,0,0,0,0,0,0,0,1,1,1,0,0,0,0,0,1,0,1,2026-05-18 13:08:28,2026-05-11 13:08:28,2026-05-04 13:08:28,2026-04-27 13:08:28,2026-04-20 13:08:28,2026-05,3,2,0,0,0,0,0,0,460955.5,20,2880000,720000.0,67453.6878161602,150000,0.09368567752244474,Down,Stable,Up,0.6931471805599453
19,1,32,5,5,25000,290000,300000,400000,1,4,R0391,content_creator,bandung,2-5 thn,0,0,0,0,0,0,0,1,0,0,0,0,1,1,0,0,1,0,0,0,0,1,1,0,1,0,1,0,0,1,0,0,1,0,1,1,0,0,0,0,1,1,0,2026-05-18 14:25:02,2026-05-11 14:25:02,2026-05-04 14:25:02,2026-04-27 14:25:02,2026-04-20 14:25:02,2026-05,3,2,0,0,0,0,0,0,518297.0,25,1015000,253750.0,160383.654611892,375000,0.6320538112783921,Up,Stable,Up,3.4965075614664802
30,2,2,6,10,540000,710000,570000,25000,2,5,R0392,pekerja_harian,sumatera,< 6 bln,0,1,0,0,0,0,0,0,0,0,0,0,0,0,0,0,1,0,1,0,1,0,0,0,1,0,0,0,0,0,1,0,0,0,1,0,0,1,0,1,0,0,0,2026-05-18 15:12:04,2026-05-11 15:12:04,2026-05-04 15:12:04,2026-04-27 15:12:04,2026-04-20 15:12:04,2026-05,3,2,0,0,0,0,0,0,517481.9375,60,1845000,461250.0,300121.5031727428,685000,0.6506699255777622,Up,Down,Down,1.0986122886681096
32,2,21,6,8,585000,1273200,1350000,1070000,0,5,R0393,kurir,jabodetabek,1-2 thn,0,0,0,0,1,0,0,0,0,1,1,0,0,0,0,0,0,0,1,0,1,0,0,0,1,1,0,0,0,0,0,1,0,1,1,0,1,1,0,1,0,0,0,2026-05-18 15:15:25,2026-05-11 15:15:25,2026-05-04 15:15:25,2026-04-27 15:15:25,2026-04-20 15:15:25,2026-05,3,2,0,0,0,0,0,0,739240.8333333334,48,4278200,1069550.0,343954.6627100729,765000,0.3215882031789752,Up,Up,Down,3.091042453358316
37,1,21,5,10,395000,460000,480000,475000,1,3,R0394,pekerja_harian,sumatera,1-2 thn,0,1,0,0,0,0,0,0,0,0,0,0,0,0,0,0,1,0,1,0,1,1,0,0,1,1,0,0,0,0,0,0,0,1,1,1,0,1,0,1,1,0,0,2026-05-18 15:49:20,2026-05-11 15:49:20,2026-05-04 15:49:20,2026-04-27 15:49:20,2026-04-20 15:49:20,2026-05,3,2,0,0,0,0,0,0,517481.9375,50,1810000,452500.0,39264.06329796582,85000,0.08677141060323938,Up,Stable,Stable,3.091042453358316
24,0,20,5,6,270000,440000,275000,500000,3,2,R0395,freelance_desain,jabodetabek,1-2 thn,0,0,1,0,0,0,0,0,0,0,0,0,1,1,0,0,0,0,1,1,0,0,0,0,1,0,1,0,1,0,0,0,1,1,0,0,0,1,1,0,0,0,0,2026-05-18 16:08:28,2026-05-11 16:08:28,2026-05-04 16:08:28,2026-04-27 16:08:28,2026-04-20 16:08:28,2026-05,3,2,0,0,0,0,0,0,739240.8333333334,30,1485000,371250.0,116645.83147288204,230000,0.3141975258528809,Up,Down,Up,3.044522437723423
34,2,28,5,11,1336200,400000,1350000,655000,2,5,R0396,ojek_online,jabodetabek,2-5 thn,0,0,0,1,0,0,0,0,0,1,0,0,0,0,0,0,0,0,0,0,0,0,0,1,1,0,0,0,0,0,0,1,0,0,1,1,1,0,0,0,0,0,1,2026-05-18 18:25:23,2026-05-11 18:25:23,2026-05-04 18:25:23,2026-04-27 18:25:23,2026-04-20 18:25:23,2026-05,3,2,0,0,0,0,0,0,739240.8333333334,55,3741200,935300.0,482290.05104121036,950000,0.5156527863158455,Down,Up,Down,3.367295829986474
33,1,23,7,10,1140000,1273200,1125000,695000,3,2,R0397,ojek_online,jabodetabek,1-2 thn,0,0,0,1,0,0,0,0,1,0,0,0,0,0,0,0,0,0,1,0,0,0,0,0,1,1,0,0,0,0,0,0,1,1,1,0,0,1,0,0,0,0,0,2026-05-18 19:32:26,2026-05-11 19:32:26,2026-05-04 19:32:26,2026-04-27 19:32:26,2026-04-20 19:32:26,2026-05,3,2,0,0,0,0,0,0,739240.8333333334,70,4233200,1058300.0,251192.2769513426,578200,0.23735450907242048,Up,Down,Down,3.1780538303479458
23,2,15,3,8,1090000,530000,1350000,1342800,1,2,R0398,freelance_it,sumatera,1-2 thn,0,0,0,0,0,1,0,0,0,0,0,0,0,0,0,0,0,0,1,1,0,0,0,0,1,1,0,0,0,0,0,0,1,1,0,1,0,1,1,0,0,0,0,2026-05-18 20:16:21,2026-05-11 20:16:21,2026-05-04 20:16:21,2026-04-27 20:16:21,2026-04-20 20:16:21,2026-05,3,2,0,0,0,0,0,0,517481.9375,24,4312800,1078200.0,384946.26464828395,820000,0.35702677114476344,Down,Up,Stable,2.772588722239781
26,1,2,4,2,240000,170000,205000,325000,1,5,R0399,tutor,sulawesi,< 6 bln,0,0,0,0,0,0,1,0,0,0,0,0,1,1,0,0,0,0,1,0,1,0,0,0,1,0,0,0,0,0,1,0,0,1,1,0,1,1,0,1,0,0,0,2026-05-18 20:35:05,2026-05-11 20:35:05,2026-05-04 20:35:05,2026-04-27 20:35:05,2026-04-20 20:35:05,2026-05,3,2,0,0,0,0,0,0,559306.0,8,940000,235000.0,66458.00679125628,155000,0.2828000288989629,Down,Up,Up,1.0986122886681096
21,1,43,5,6,470000,350000,495000,280000,0,4,R0400,content_creator,sumatera,2-5 thn,0,0,0,0,0,0,0,1,0,0,1,1,1,1,0,0,0,0,0,0,0,1,1,0,1,0,0,1,0,0,0,0,1,0,0,0,0,0,0,0,1,1,0,2026-05-18 21:12:31,2026-05-11 21:12:31,2026-05-04 21:12:31,2026-04-27 21:12:31,2026-04-20 21:12:31,2026-05,3,2,0,0,0,0,0,0,517481.9375,30,1595000,398750.0,101355.39781712006,215000,0.25418281584230734,Down,Up,Down,3.784189633918261
28,0,34,4,5,310000,375000,360000,400000,4,5,R0401,content_creator,bandung,2-5 thn,0,0,0,0,0,0,0,1,0,0,0,0,1,1,0,0,0,0,0,0,0,1,0,0,1,0,0,1,0,0,0,0,0,0,1,0,0,0,0,0,1,0,0,2026-05-18 21:21:45,2026-05-11 21:21:45,2026-05-04 21:21:45,2026-04-27 21:21:45,2026-04-20 21:21:45,2026-05,3,2,0,0,0,0,0,0,518297.0,20,1445000,361250.0,37941.8414594407,90000,0.10502931891886699,Up,Stable,Up,3.5553480614894135
51,2,20,5,7,250000,320000,920000,790000,3,5,R0402,pekerja_harian,jawa_barat_lainnya,1-2 thn,0,1,0,0,0,0,0,0,0,0,0,0,0,0,0,0,1,0,1,0,1,1,0,0,1,1,0,0,0,0,1,0,1,1,0,0,0,1,0,1,1,0,0,2026-05-18 21:47:44,2026-05-11 21:47:44,2026-05-04 21:47:44,2026-04-27 21:47:44,2026-04-20 21:47:44,2026-05,3,2,0,0,0,0,0,0,518297.0,35,2280000,570000.0,334564.3934033228,670000,0.5869550761461804,Up,Up,Down,3.044522437723423
22,0,66,5,7,255000,320000,325000,270000,0,3,R0403,freelance_desain,bali,> 5 thn,0,0,1,0,0,0,0,0,0,0,0,0,1,1,0,0,0,0,1,1,0,1,0,0,1,0,1,0,0,0,0,0,0,1,1,1,0,1,1,0,1,0,0,2026-05-18 22:22:24,2026-05-11 22:22:24,2026-05-04 22:22:24,2026-04-27 22:22:24,2026-04-20 22:22:24,2026-05,3,2,0,0,0,0,0,0,548095.6666666666,35,1170000,292500.0,35237.29085310995,70000,0.12046937043798274,Up,Stable,Down,4.204692619390966
37,1,17,5,8,280000,290000,285000,345000,0,5,R0404,pekerja_harian,sumatera,1-2 thn,0,1,0,0,0,0,0,0,0,0,0,0,0,0,0,0,1,0,0,0,1,0,0,0,1,0,0,0,0,0,1,0,0,1,1,1,0,0,0,1,0,0,0,2026-05-18 22:35:38,2026-05-11 22:35:38,2026-05-04 22:35:38,2026-04-27 22:35:38,2026-04-20 22:35:38,2026-05,3,2,0,0,0,0,0,0,517481.9375,40,1200000,300000.0,30276.503540974914,65000,0.10092167846991638,Stable,Stable,Up,2.8903717578961645
26,1,19,4,6,710000,620000,600000,625000,1,4,R0405,freelance_desain,kalimantan,1-2 thn,0,0,1,0,0,0,0,0,0,0,0,0,0,0,0,0,0,0,1,1,0,0,0,0,1,1,1,0,0,0,0,0,0,0,0,1,0,1,1,0,0,0,0,2026-05-18 22:48:30,2026-05-11 22:48:30,2026-05-04 22:48:30,2026-04-27 22:48:30,2026-04-20 22:48:30,2026-05,3,2,0,0,0,0,0,0,653189.75,24,2555000,638750.0,48712.592485584944,110000,0.07626237571128758,Down,Stable,Stable,2.995732273553991
24,2,23,6,8,640000,270000,360000,595000,3,3,R0406,pekerja_harian,jawa_timur,1-2 thn,0,1,0,0,0,0,0,0,0,0,0,0,0,0,0,0,1,0,1,0,0,1,0,0,1,0,0,0,0,1,0,0,1,1,1,0,0,1,0,0,1,0,0,2026-05-18 23:03:27,2026-05-11 23:03:27,2026-05-04 23:03:27,2026-04-27 23:03:27,2026-04-20 23:03:27,2026-05,3,2,0,0,0,0,0,0,460955.5,48,1865000,466250.0,179414.55719459703,370000,0.38480333982755394,Down,Up,Up,3.1780538303479458
25,1,29,3,4,175000,150000,195000,555000,4,3,R0407,tutor,bandung,2-5 thn,0,0,0,0,0,0,1,0,0,0,0,0,1,1,0,0,1,0,1,0,0,0,0,0,1,0,0,0,0,0,1,0,1,0,0,0,0,1,0,0,0,0,0,2026-05-19 00:01:21,2026-05-12 00:01:21,2026-05-05 00:01:21,2026-04-28 00:01:21,2026-04-21 00:01:21,2026-05,3,2,0,0,0,0,0,0,518297.0,12,1075000,268750.0,191719.19570037842,405000,0.7133737514432685,Down,Up,Up,3.4011973816621555
23,2,3,4,8,810000,750000,700000,1342800,1,4,R0408,freelance_desain,jawa_barat_lainnya,< 6 bln,0,0,1,0,0,0,0,0,0,0,0,0,1,1,0,0,0,0,1,1,0,0,0,0,1,1,0,0,1,0,0,0,1,0,0,1,1,1,1,0,0,0,0,2026-05-19 06:37:55,2026-05-12 06:37:55,2026-05-05 06:37:55,2026-04-28 06:37:55,2026-04-21 06:37:55,2026-05,3,2,0,0,0,0,0,0,518297.0,32,3602800,900700.0,298144.19330250256,642800,0.3310138706589348,Down,Down,Up,1.3862943611198906
17,0,18,2,3,350000,340000,350000,340000,1,3,R0409,tutor,jabodetabek,1-2 thn,0,0,0,0,0,0,1,0,0,0,0,0,1,1,0,0,1,0,0,0,1,0,0,0,1,0,0,0,0,0,0,0,0,0,1,0,0,0,0,1,0,0,0,2026-05-19 08:01:43,2026-05-12 08:01:43,2026-05-05 08:01:43,2026-04-28 08:01:43,2026-04-21 08:01:43,2026-05,3,2,0,0,0,0,0,0,739240.8333333334,6,1380000,345000.0,5773.502691896258,10000,0.0167347904112935,Stable,Stable,Stable,2.9444389791664403
21,2,21,4,8,980000,1030000,1000000,1015000,1,4,R0410,freelance_desain,jabodetabek,1-2 thn,0,0,1,0,0,0,0,0,0,0,0,0,1,1,0,0,0,0,1,1,0,0,0,0,1,0,1,0,0,0,0,0,0,0,1,0,0,1,1,0,0,0,0,2026-05-19 09:12:55,2026-05-12 09:12:55,2026-05-05 09:12:55,2026-04-28 09:12:55,2026-04-21 09:12:55,2026-05,3,2,0,0,0,0,0,0,739240.8333333334,32,4025000,1006250.0,21360.00936329383,50000,0.02122733849768331,Up,Stable,Stable,3.091042453358316
37,1,12,5,6,325000,270000,270000,325000,4,5,R0411,pekerja_harian,jawa_barat_lainnya,6-12 bln,0,1,0,0,0,0,0,0,0,0,0,0,0,0,0,0,1,0,1,0,1,0,0,0,1,0,0,0,0,1,0,0,0,0,0,1,0,1,0,1,0,0,0,2026-05-19 09:33:46,2026-05-12 09:33:46,2026-05-05 09:33:46,2026-04-28 09:33:46,2026-04-21 09:33:46,2026-05,3,2,0,0,0,0,0,0,518297.0,30,1190000,297500.0,31754.264805429415,55000,0.10673702455606526,Down,Stable,Up,2.5649493574615367
38,1,19,4,4,210000,305000,175000,280000,0,1,R0412,jualan_online,sulawesi,1-2 thn,1,0,0,0,0,0,0,0,0,0,1,1,1,1,0,0,1,0,1,1,0,1,0,0,1,0,0,1,0,1,0,0,0,0,0,1,0,1,1,0,1,0,0,2026-05-19 09:45:21,2026-05-12 09:45:21,2026-05-05 09:45:21,2026-04-28 09:45:21,2026-04-21 09:45:21,2026-05,3,2,0,0,0,0,0,0,559306.0,16,970000,242500.0,60346.22330077224,130000,0.24885040536400924,Up,Down,Up,2.995732273553991
22,1,16,5,5,80000,160000,100000,130000,1,3,R0413,jualan_online,bandung,1-2 thn,1,0,0,0,0,0,0,0,0,0,0,0,1,1,0,0,1,0,0,1,0,1,0,0,1,0,0,0,0,0,0,0,1,0,0,0,0,0,1,0,1,0,0,2026-05-19 10:51:38,2026-05-12 10:51:38,2026-05-05 10:51:38,2026-04-28 10:51:38,2026-04-21 10:51:38,2026-05,3,2,0,0,0,0,0,0,518297.0,25,470000,117500.0,35000.0,80000,0.2978723404255319,Up,Down,Up,2.833213344056216
20,1,74,5,3,175000,130000,125000,150000,0,4,R0414,jualan_online,jabodetabek,> 5 thn,1,0,0,0,0,0,0,0,0,0,1,1,1,0,0,0,0,0,0,0,0,1,0,1,1,0,0,1,0,1,0,0,0,1,0,1,1,0,0,0,1,0,1,2026-05-19 11:50:50,2026-05-12 11:50:50,2026-05-05 11:50:50,2026-04-28 11:50:50,2026-04-21 11:50:50,2026-05,3,2,0,0,0,0,0,0,739240.8333333334,15,580000,145000.0,22730.30282830976,50000,0.15676070916075696,Down,Stable,Up,4.31748811353631
29,2,48,6,8,365000,415000,425000,350000,0,4,R0415,pekerja_harian,bandung,2-5 thn,0,1,0,0,0,0,0,0,0,0,0,0,0,0,0,0,1,0,1,0,0,1,0,0,1,0,0,0,0,0,0,0,0,1,0,1,1,1,0,0,1,0,0,2026-05-19 11:59:23,2026-05-12 11:59:23,2026-05-05 11:59:23,2026-04-28 11:59:23,2026-04-21 11:59:23,2026-05,3,2,0,0,0,0,0,0,518297.0,48,1555000,388750.0,36827.299656640585,75000,0.09473260361836806,Up,Stable,Down,3.8918202981106265
25,2,40,4,7,925000,960000,725000,310000,2,4,R0416,freelance_desain,jabodetabek,2-5 thn,0,0,1,0,0,0,0,0,0,0,0,0,1,1,0,0,0,0,0,1,0,0,0,0,1,0,0,0,0,0,0,0,0,0,1,0,0,0,1,0,0,0,0,2026-05-19 14:16:48,2026-05-12 14:16:48,2026-05-05 14:16:48,2026-04-28 14:16:48,2026-04-21 14:16:48,2026-05,3,2,0,0,0,0,0,0,739240.8333333334,28,2920000,730000.0,298524.1475436563,650000,0.40893718841596755,Stable,Down,Down,3.713572066704308
34,2,23,5,6,500000,500000,525000,575000,0,3,R0417,pekerja_harian,bandung,1-2 thn,0,1,0,0,0,0,0,0,0,0,0,0,0,0,0,0,1,0,1,0,1,0,0,0,1,0,0,0,0,0,0,0,1,0,1,1,0,1,0,1,0,0,0,2026-05-19 18:26:41,2026-05-12 18:26:41,2026-05-05 18:26:41,2026-04-28 18:26:41,2026-04-21 18:26:41,2026-05,3,2,0,0,0,0,0,0,518297.0,30,2100000,525000.0,35355.33905932738,75000,0.06734350297014739,Stable,Stable,Up,3.1780538303479458
26,0,37,5,6,110000,245000,250000,140000,3,3,R0418,content_creator,jawa_tengah,2-5 thn,0,0,0,0,0,0,0,1,0,0,1,1,1,0,0,0,1,0,0,0,1,0,1,0,1,0,1,0,0,1,0,0,1,0,0,1,0,0,0,1,0,1,0,2026-05-19 19:11:25,2026-05-12 19:11:25,2026-05-05 19:11:25,2026-04-28 19:11:25,2026-04-21 19:11:25,2026-05,3,2,0,0,0,0,0,0,442180.75,30,745000,186250.0,71807.03308172536,140000,0.3855411172173174,Up,Stable,Down,3.6375861597263857
33,2,26,5,11,1075000,1273200,1095000,1150000,1,5,R0419,ojek_online,bandung,2-5 thn,0,0,0,1,0,0,0,0,1,1,0,0,0,0,0,0,0,0,0,0,1,0,0,0,1,0,0,0,0,0,0,0,0,1,1,1,0,0,0,1,0,0,0,2026-05-19 19:53:19,2026-05-12 19:53:19,2026-05-05 19:53:19,2026-04-28 19:53:19,2026-04-21 19:53:19,2026-05,3,2,0,0,0,0,0,0,518297.0,55,4593200,1148300.0,89100.46763812934,198200,0.0775933707551418,Up,Down,Up,3.295836866004329
20,1,78,4,5,350000,310000,340000,210000,1,4,R0420,tutor,bandung,> 5 thn,0,0,0,0,0,0,1,0,0,0,0,0,1,1,0,0,1,0,1,1,1,0,0,0,1,1,0,0,0,0,0,0,1,1,0,0,0,1,1,1,0,0,0,2026-05-19 21:13:58,2026-05-12 21:13:58,2026-05-05 21:13:58,2026-04-28 21:13:58,2026-04-21 21:13:58,2026-05,3,2,0,0,0,0,0,0,518297.0,20,1210000,302500.0,63966.136874651624,140000,0.2114583037178566,Down,Up,Down,4.3694478524670215
18,2,23,6,8,590000,550000,625000,650000,4,2,R0421,kurir,bali,1-2 thn,0,0,0,0,1,0,0,0,1,0,1,0,0,0,0,0,0,0,1,0,0,0,0,0,1,0,0,1,0,0,0,0,1,1,0,1,0,1,0,0,0,0,0,2026-05-19 23:30:04,2026-05-12 23:30:04,2026-05-05 23:30:04,2026-04-28 23:30:04,2026-04-21 23:30:04,2026-05,3,2,0,0,0,0,0,0,548095.6666666666,48,2415000,603750.0,43469.33785248325,100000,0.07199890327533458,Down,Up,Stable,3.1780538303479458
31,2,2,6,11,850000,1010000,645000,500000,2,5,R0422,ojek_online,sulawesi,< 6 bln,0,0,0,1,0,0,0,0,1,0,0,0,0,0,0,0,0,0,0,0,1,0,0,1,1,1,0,0,0,0,0,0,1,1,0,0,1,0,0,1,0,0,1,2026-05-19 23:36:55,2026-05-12 23:36:55,2026-05-05 23:36:55,2026-04-28 23:36:55,2026-04-21 23:36:55,2026-05,3,2,0,0,0,0,0,0,559306.0,66,3005000,751250.0,224439.11572332185,510000,0.2987542305801289,Up,Down,Down,1.0986122886681096
19,1,11,6,7,175000,215000,150000,200000,1,3,R0423,freelance_desain,bali,6-12 bln,0,0,1,0,0,0,0,0,0,0,0,0,0,0,0,0,0,0,1,1,0,0,0,0,1,1,1,0,0,0,0,0,1,0,1,1,0,1,1,0,0,0,0,2026-05-20 07:44:31,2026-05-13 07:44:31,2026-05-06 07:44:31,2026-04-29 07:44:31,2026-04-22 07:44:31,2026-05,3,2,0,0,0,0,0,0,548095.6666666666,42,740000,185000.0,28577.38033247041,65000,0.15447232612146167,Up,Down,Up,2.4849066497880004
24,0,68,4,4,18400,810000,770000,680000,2,3,R0424,freelance_desain,jabodetabek,> 5 thn,0,0,1,0,0,0,0,0,0,0,0,0,0,0,0,1,0,0,1,1,0,1,0,0,1,0,0,0,0,0,0,0,0,1,0,0,0,1,1,0,1,0,0,2026-05-20 08:20:11,2026-05-13 08:20:11,2026-05-06 08:20:11,2026-04-29 08:20:11,2026-04-22 08:20:11,2026-05,3,2,0,0,0,0,0,0,739240.8333333334,16,2278400,569600.0,371466.427374893,791600,0.6521531379474947,Up,Stable,Down,4.23410650459726
33,2,20,6,6,320000,450000,415000,505000,1,5,R0425,jualan_online,kalimantan,1-2 thn,1,0,0,0,0,0,0,0,0,0,1,1,1,1,0,0,1,0,1,0,0,0,1,0,1,0,1,0,0,0,0,0,0,1,1,0,0,1,0,0,0,1,0,2026-05-20 09:00:54,2026-05-13 09:00:54,2026-05-06 09:00:54,2026-04-29 09:00:54,2026-04-22 09:00:54,2026-05,3,2,0,0,0,0,0,0,653189.75,36,1690000,422500.0,77728.15877574013,185000,0.18397197343370444,Up,Down,Up,3.044522437723423
25,0,69,2,4,140000,110000,200000,140000,0,3,R0426,tutor,bandung,> 5 thn,0,0,0,0,0,0,1,0,0,0,0,0,0,0,0,0,1,0,0,0,1,0,0,0,1,0,1,0,0,0,1,0,1,0,1,1,0,0,0,1,0,0,0,2026-05-20 09:41:53,2026-05-13 09:41:53,2026-05-06 09:41:53,2026-04-29 09:41:53,2026-04-22 09:41:53,2026-05,3,2,0,0,0,0,0,0,518297.0,8,590000,147500.0,37749.17217635375,90000,0.25592659102612714,Down,Up,Down,4.248495242049359
28,1,49,5,7,475000,600000,620000,630000,4,4,R0427,pekerja_harian,bali,2-5 thn,0,1,0,0,0,0,0,0,0,0,0,0,0,0,0,0,1,0,1,0,1,1,0,0,1,0,0,0,0,0,0,0,1,1,0,0,1,1,0,1,1,0,0,2026-05-20 10:04:08,2026-05-13 10:04:08,2026-05-06 10:04:08,2026-04-29 10:04:08,2026-04-22 10:04:08,2026-05,3,2,0,0,0,0,0,0,548095.6666666666,35,2325000,581250.0,71922.99122441075,155000,0.12373847952586796,Up,Stable,Stable,3.912023005428146
24,0,1,3,6,360000,455000,475000,450000,0,4,R0428,freelance_desain,bali,< 6 bln,0,0,1,0,0,0,0,0,0,0,0,0,1,1,0,0,0,0,1,1,0,1,0,0,1,0,1,0,0,0,0,0,1,0,1,1,0,1,1,0,1,0,0,2026-05-20 11:54:27,2026-05-13 11:54:27,2026-05-06 11:54:27,2026-04-29 11:54:27,2026-04-22 11:54:27,2026-05,3,2,0,0,0,0,0,0,548095.6666666666,18,1740000,435000.0,51153.364177409356,115000,0.11759394063772266,Up,Stable,Down,0.6931471805599453
20,2,11,3,6,585000,1273200,480000,685000,1,5,R0429,freelance_it,jawa_timur,6-12 bln,0,0,0,0,0,1,0,0,0,0,0,0,0,0,1,0,0,0,1,1,0,0,0,0,1,0,1,0,1,0,0,0,0,1,0,1,1,1,1,0,0,0,0,2026-05-20 14:27:12,2026-05-13 14:27:12,2026-05-06 14:27:12,2026-04-29 14:27:12,2026-04-22 14:27:12,2026-05,3,2,0,0,0,0,0,0,460955.5,18,3023200,755800.0,354943.03768351336,793200,0.46962561217718096,Up,Down,Up,2.4849066497880004
26,0,7,7,8,150000,225000,160000,190000,1,3,R0430,kurir,kalimantan,6-12 bln,0,0,0,0,1,0,0,0,1,0,1,0,0,0,0,0,0,0,0,0,0,0,0,1,1,0,0,0,0,0,0,1,1,0,1,0,0,0,0,0,0,0,1,2026-05-20 16:12:05,2026-05-13 16:12:05,2026-05-06 16:12:05,2026-04-29 16:12:05,2026-04-22 16:12:05,2026-05,3,2,0,0,0,0,0,0,653189.75,56,725000,181250.0,33757.715167548486,75000,0.18624946299337095,Up,Down,Up,2.0794415416798357
46,1,23,7,8,575000,1050000,650000,950000,1,4,R0431,ojek_online,bandung,1-2 thn,0,0,0,1,0,0,0,0,1,1,0,0,0,0,0,0,0,0,0,0,0,1,0,0,1,1,0,0,1,0,0,0,1,0,0,1,1,0,0,0,1,0,0,2026-05-20 16:42:44,2026-05-13 16:42:44,2026-05-06 16:42:44,2026-04-29 16:42:44,2026-04-22 16:42:44,2026-05,3,2,0,0,0,0,0,0,518297.0,56,3225000,806250.0,229469.49688357275,475000,0.2846133294679972,Up,Down,Up,3.1780538303479458
21,1,14,5,7,675000,620000,470000,570000,1,4,R0432,freelance_desain,sumatera,1-2 thn,0,0,1,0,0,0,0,0,0,0,0,0,0,0,0,1,0,0,0,1,0,0,0,0,1,0,0,0,1,0,0,0,1,1,1,0,0,0,1,0,0,0,0,2026-05-20 17:26:17,2026-05-13 17:26:17,2026-05-06 17:26:17,2026-04-29 17:26:17,2026-04-22 17:26:17,2026-05,3,2,0,0,0,0,0,0,517481.9375,35,2335000,583750.0,87118.21470469498,205000,0.1492389116996916,Down,Down,Up,2.70805020110221
47,2,21,6,6,520000,420000,25000,500000,0,3,R0433,pekerja_harian,sumatera,1-2 thn,0,1,0,0,0,0,0,0,0,0,0,0,0,0,0,0,1,0,0,0,0,1,0,0,1,0,0,0,0,0,1,0,1,0,1,1,0,0,0,0,1,0,0,2026-05-20 18:41:16,2026-05-13 18:41:16,2026-05-06 18:41:16,2026-04-29 18:41:16,2026-04-22 18:41:16,2026-05,3,2,0,0,0,0,0,0,517481.9375,36,1465000,366250.0,231566.2252286949,495000,0.6322627309998495,Down,Down,Up,3.091042453358316
27,0,8,6,5,680000,30000,675000,650000,1,2,R0434,freelance_it,jabodetabek,6-12 bln,0,0,0,0,0,1,0,0,0,0,0,0,0,0,0,0,0,0,1,1,1,0,0,0,1,1,0,0,0,0,0,0,0,0,0,1,0,1,1,1,0,0,0,2026-05-20 19:18:16,2026-05-13 19:18:16,2026-05-06 19:18:16,2026-04-29 19:18:16,2026-04-22 19:18:16,2026-05,3,2,0,0,0,0,0,0,739240.8333333334,30,2035000,508750.0,319436.35255451646,650000,0.62788472246588,Down,Up,Stable,2.1972245773362196
17,2,63,5,7,430000,530000,300000,325000,0,4,R0435,pekerja_harian,jabodetabek,> 5 thn,0,1,0,0,0,0,0,0,0,0,0,0,0,0,0,0,1,0,1,0,1,1,0,0,1,0,0,0,0,1,1,0,1,1,0,0,0,1,0,1,1,0,0,2026-05-20 20:19:53,2026-05-13 20:19:53,2026-05-06 20:19:53,2026-04-29 20:19:53,2026-04-22 20:19:53,2026-05,3,2,0,0,0,0,0,0,739240.8333333334,35,1585000,396250.0,105465.23913909581,230000,0.2661583322122292,Up,Down,Up,4.1588830833596715
31,1,80,6,9,875000,700000,730000,825000,1,2,R0436,ojek_online,kalimantan,> 5 thn,0,0,0,1,0,0,0,0,1,0,0,0,0,0,0,0,0,0,0,0,1,1,0,1,1,0,0,0,0,0,0,0,0,1,0,1,0,0,0,1,1,0,1,2026-05-20 20:39:32,2026-05-13 20:39:32,2026-05-06 20:39:32,2026-04-29 20:39:32,2026-04-22 20:39:32,2026-05,3,2,0,0,0,0,0,0,653189.75,54,3130000,782500.0,81496.42118931767,175000,0.10414878107261044,Down,Stable,Up,4.394449154672439
39,1,84,6,7,945000,1030000,1100000,700000,3,2,R0437,jualan_online,jabodetabek,> 5 thn,1,0,0,0,0,0,0,0,0,0,1,1,1,0,0,0,0,0,0,0,0,0,1,0,1,0,0,1,0,1,0,0,0,0,0,1,0,0,0,0,0,1,0,2026-05-20 23:09:39,2026-05-13 23:09:39,2026-05-06 23:09:39,2026-04-29 23:09:39,2026-04-22 23:09:39,2026-05,3,2,0,0,0,0,0,0,739240.8333333334,42,3775000,943750.0,174421.66340987195,400000,0.1848176565932418,Up,Up,Down,4.442651256490317
25,2,12,4,5,575000,500000,475000,475000,2,3,R0438,freelance_it,sulawesi,6-12 bln,0,0,0,0,0,1,0,0,0,0,0,0,0,0,0,1,0,0,0,1,0,0,0,0,1,1,1,0,0,0,0,0,0,0,1,1,0,0,1,0,0,0,0,2026-05-21 00:45:07,2026-05-14 00:45:07,2026-05-07 00:45:07,2026-04-30 00:45:07,2026-04-23 00:45:07,2026-05,3,2,0,0,0,0,0,0,559306.0,20,2025000,506250.0,47324.236215002275,100000,0.09347997277037487,Down,Stable,Stable,2.5649493574615367
28,2,5,6,5,730000,350000,290000,230000,0,4,R0439,jualan_online,sumatera,< 6 bln,1,0,0,0,0,0,0,0,0,0,1,1,1,0,0,0,1,0,1,0,0,1,0,1,1,0,0,1,0,0,0,0,1,0,1,0,1,1,0,0,1,0,1,2026-05-21 03:27:57,2026-05-14 03:27:57,2026-05-07 03:27:57,2026-04-30 03:27:57,2026-04-23 03:27:57,2026-05,3,2,0,0,0,0,0,0,517481.9375,30,1600000,400000.0,225388.5533916929,500000,0.5634713834792322,Down,Down,Down,1.791759469228055
32,1,2,7,5,500000,340000,325000,605000,4,5,R0440,jualan_online,jawa_timur,< 6 bln,1,0,0,0,0,0,0,0,0,0,1,1,1,1,0,0,1,0,1,1,0,1,0,0,1,0,1,0,0,0,0,0,0,1,0,0,1,1,1,0,1,0,0,2026-05-21 03:40:39,2026-05-14 03:40:39,2026-05-07 03:40:39,2026-04-30 03:40:39,2026-04-23 03:40:39,2026-05,3,2,0,0,0,0,0,0,460955.5,35,1770000,442500.0,134195.1315560044,280000,0.30326583402486873,Down,Stable,Up,1.0986122886681096
42,1,30,6,9,590000,770000,790000,870000,4,4,R0441,ojek_online,bandung,2-5 thn,0,0,0,1,0,0,0,0,0,1,0,0,0,0,0,0,0,0,0,0,0,1,0,1,1,0,0,0,1,0,0,0,1,0,1,0,1,0,0,0,1,0,1,2026-05-21 08:13:32,2026-05-14 08:13:32,2026-05-07 08:13:32,2026-04-30 08:13:32,2026-04-23 08:13:32,2026-05,3,2,0,0,0,0,0,0,518297.0,54,3020000,755000.0,118180.65267490558,280000,0.15653066579457692,Up,Stable,Up,3.4339872044851463
17,1,35,5,6,330000,375000,380000,255000,3,5,R0442,jualan_online,jawa_timur,2-5 thn,1,0,0,0,0,0,0,0,0,0,0,0,0,0,0,0,1,0,0,1,0,1,1,0,1,0,1,0,0,0,0,0,1,0,1,0,0,0,1,0,1,1,0,2026-05-21 09:14:42,2026-05-14 09:14:42,2026-05-07 09:14:42,2026-04-30 09:14:42,2026-04-23 09:14:42,2026-05,3,2,0,0,0,0,0,0,460955.5,30,1340000,335000.0,57879.18451395113,125000,0.17277368511627203,Up,Stable,Down,3.58351893845611
28,1,14,4,5,850000,850000,850000,370000,1,4,R0443,tutor,sumatera,1-2 thn,0,0,0,0,0,0,1,0,0,0,0,0,1,1,0,0,1,0,1,0,1,0,0,0,1,1,0,0,0,0,1,0,0,0,0,1,1,1,0,1,0,0,0,2026-05-21 09:51:20,2026-05-14 09:51:20,2026-05-07 09:51:20,2026-04-30 09:51:20,2026-04-23 09:51:20,2026-05,3,2,0,0,0,0,0,0,517481.9375,20,2920000,730000.0,240000.0,480000,0.3287671232876712,Stable,Stable,Down,2.70805020110221
29,1,24,7,8,545000,760000,880000,1150000,4,3,R0444,kurir,jabodetabek,1-2 thn,0,0,0,0,1,0,0,0,1,0,1,0,0,0,0,0,0,0,0,0,1,0,0,0,1,0,0,0,0,0,0,0,0,0,0,1,0,0,0,1,0,0,0,2026-05-21 11:34:50,2026-05-14 11:34:50,2026-05-07 11:34:50,2026-04-30 11:34:50,2026-04-23 11:34:50,2026-05,3,2,0,0,0,0,0,0,739240.8333333334,56,3335000,833750.0,252301.9024898544,605000,0.30261097749907573,Up,Up,Up,3.2188758248682006
21,0,53,2,3,100000,60000,10000,70000,3,5,R0445,tutor,jabodetabek,2-5 thn,0,0,0,0,0,0,1,0,0,0,0,0,0,0,0,0,1,0,1,0,1,0,0,0,1,1,0,0,0,0,0,0,1,0,1,1,0,1,0,1,0,0,0,2026-05-21 12:17:46,2026-05-14 12:17:46,2026-05-07 12:17:46,2026-04-30 12:17:46,2026-04-23 12:17:46,2026-05,3,2,0,0,0,0,0,0,739240.8333333334,6,240000,60000.0,37416.57386773941,90000,0.6236095644623235,Down,Down,Up,3.9889840465642745
36,2,68,5,8,1336200,1273200,1350000,1342800,4,4,R0446,ojek_online,jabodetabek,> 5 thn,0,0,0,1,0,0,0,0,1,0,0,0,0,0,0,0,0,0,0,0,0,0,0,1,1,0,0,0,0,0,0,1,1,0,1,0,1,0,0,0,0,0,1,2026-05-21 12:41:25,2026-05-14 12:41:25,2026-05-07 12:41:25,2026-04-30 12:41:25,2026-04-23 12:41:25,2026-05,3,2,0,0,0,0,0,0,739240.8333333334,40,5302200,1325550.0,35352.086218496355,76800,0.026669749325560224,Stable,Up,Stable,4.23410650459726
34,2,45,7,7,275000,260000,10000,220000,0,3,R0447,pekerja_harian,jawa_timur,2-5 thn,0,1,0,0,0,0,0,0,0,0,0,0,0,0,0,0,1,0,1,0,0,0,0,0,1,0,0,0,0,0,0,0,1,0,1,1,0,1,0,0,0,0,0,2026-05-21 12:47:52,2026-05-14 12:47:52,2026-05-07 12:47:52,2026-04-30 12:47:52,2026-04-23 12:47:52,2026-05,3,2,0,0,0,0,0,0,460955.5,49,765000,191250.0,123043.01415900592,265000,0.6433621655372859,Down,Down,Up,3.828641396489095
27,2,14,5,5,450000,350000,500000,500000,1,4,R0448,freelance_it,sulawesi,1-2 thn,0,0,0,0,0,1,0,0,0,0,0,0,0,0,1,1,0,0,1,1,0,0,0,0,1,1,0,0,0,0,0,0,1,0,1,0,0,1,1,0,0,0,0,2026-05-21 13:47:37,2026-05-14 13:47:37,2026-05-07 13:47:37,2026-04-30 13:47:37,2026-04-23 13:47:37,2026-05,3,2,0,0,0,0,0,0,559306.0,25,1800000,450000.0,70710.67811865476,150000,0.15713484026367724,Down,Up,Stable,2.70805020110221
20,1,75,6,8,675000,860000,875000,860000,4,4,R0449,jualan_online,jawa_tengah,> 5 thn,1,0,0,0,0,0,0,0,0,0,1,1,1,1,0,0,1,0,0,0,0,0,1,0,1,0,0,1,0,1,0,0,1,1,0,1,0,0,0,0,0,1,0,2026-05-21 15:08:23,2026-05-14 15:08:23,2026-05-07 15:08:23,2026-04-30 15:08:23,2026-04-23 15:08:23,2026-05,3,2,0,0,0,0,0,0,442180.75,48,3270000,817500.0,95262.79441628825,200000,0.1165294121300162,Up,Stable,Stable,4.330733340286331
22,2,36,6,8,520000,650000,520000,650000,2,5,R0450,kurir,sulawesi,2-5 thn,0,0,0,0,1,0,0,0,0,0,1,0,0,0,0,0,0,0,0,0,1,0,0,0,1,0,0,0,0,0,0,1,0,0,0,1,1,0,0,1,0,0,0,2026-05-21 15:21:58,2026-05-14 15:21:58,2026-05-07 15:21:58,2026-04-30 15:21:58,2026-04-23 15:21:58,2026-05,3,2,0,0,0,0,0,0,559306.0,48,2340000,585000.0,75055.53499465135,130000,0.12830005981991682,Up,Down,Up,3.6109179126442243
18,0,16,5,6,320000,400000,250000,255000,1,4,R0451,jualan_online,jabodetabek,1-2 thn,1,0,0,0,0,0,0,0,0,0,1,1,1,0,0,0,1,0,1,0,0,0,1,1,1,0,0,1,0,1,0,0,0,0,0,1,1,1,0,0,0,1,1,2026-05-21 15:35:43,2026-05-14 15:35:43,2026-05-07 15:35:43,2026-04-30 15:35:43,2026-04-23 15:35:43,2026-05,3,2,0,0,0,0,0,0,739240.8333333334,30,1225000,306250.0,70163.49953263924,150000,0.22910530459637302,Up,Down,Stable,2.833213344056216
27,1,24,3,5,740000,700000,680000,575000,1,4,R0452,freelance_it,jabodetabek,1-2 thn,0,0,0,0,0,1,0,0,0,0,0,0,0,0,0,0,1,0,1,1,1,0,0,0,1,0,0,0,1,0,0,0,1,0,1,1,0,1,1,1,0,0,0,2026-05-21 16:07:23,2026-05-14 16:07:23,2026-05-07 16:07:23,2026-04-30 16:07:23,2026-04-23 16:07:23,2026-05,3,2,0,0,0,0,0,0,739240.8333333334,15,2695000,673750.0,70400.63920164361,165000,0.10449074464065843,Down,Stable,Down,3.2188758248682006
34,2,18,6,9,420000,1273200,1130000,1290000,1,4,R0453,ojek_online,jabodetabek,1-2 thn,0,0,0,1,0,0,0,0,1,1,0,0,0,0,0,0,0,0,0,0,0,0,0,0,1,1,0,0,1,0,0,0,0,1,0,1,1,0,0,0,0,0,0,2026-05-21 16:31:21,2026-05-14 16:31:21,2026-05-07 16:31:21,2026-04-30 16:31:21,2026-04-23 16:31:21,2026-05,3,2,0,0,0,0,0,0,739240.8333333334,54,4113200,1028300.0,411839.24048104015,870000,0.40050495038514067,Up,Down,Up,2.9444389791664403
26,0,8,5,8,1020000,490000,340000,470000,1,2,R0454,freelance_it,jawa_barat_lainnya,6-12 bln,0,0,0,0,0,1,0,0,0,0,0,0,0,0,0,0,1,0,1,1,0,0,0,0,1,1,1,0,0,0,0,0,1,0,0,0,0,1,1,0,0,0,0,2026-05-21 16:59:02,2026-05-14 16:59:02,2026-05-07 16:59:02,2026-04-30 16:59:02,2026-04-23 16:59:02,2026-05,3,2,0,0,0,0,0,0,518297.0,40,2320000,580000.0,300776.7721528154,680000,0.5185806416427852,Down,Down,Up,2.1972245773362196
43,2,22,6,8,700000,605000,500000,680000,1,4,R0455,ojek_online,bandung,1-2 thn,0,0,0,1,0,0,0,0,1,1,0,0,0,0,0,0,0,0,0,0,1,0,0,1,1,1,0,0,1,0,0,0,0,1,1,0,1,0,0,1,0,0,1,2026-05-21 17:06:58,2026-05-14 17:06:58,2026-05-07 17:06:58,2026-04-30 17:06:58,2026-04-23 17:06:58,2026-05,3,2,0,0,0,0,0,0,518297.0,48,2485000,621250.0,90588.3546599672,200000,0.14581626504622486,Down,Down,Up,3.1354942159291497
34,2,16,6,7,430000,325000,225000,275000,1,4,R0456,pekerja_harian,sumatera,1-2 thn,0,1,0,0,0,0,0,0,0,0,0,0,0,0,0,0,1,0,0,0,0,1,0,0,1,1,0,0,0,0,1,0,0,1,0,1,0,0,0,0,1,0,0,2026-05-21 17:50:19,2026-05-14 17:50:19,2026-05-07 17:50:19,2026-04-30 17:50:19,2026-04-23 17:50:19,2026-05,3,2,0,0,0,0,0,0,517481.9375,42,1255000,313750.0,87595.18632131943,205000,0.27918784484882686,Down,Down,Up,2.833213344056216
29,2,44,6,10,500000,500000,480000,450000,1,4,R0457,kurir,kalimantan,2-5 thn,0,0,0,0,1,0,0,0,0,0,1,0,0,0,0,0,0,0,0,0,1,0,1,1,1,1,0,1,0,0,0,0,0,0,1,1,0,0,0,1,0,1,1,2026-05-21 18:10:51,2026-05-14 18:10:51,2026-05-07 18:10:51,2026-04-30 18:10:51,2026-04-23 18:10:51,2026-05,3,2,0,0,0,0,0,0,653189.75,60,1930000,482500.0,23629.07813126304,50000,0.04897218265546744,Stable,Stable,Down,3.8066624897703196
41,0,24,7,7,18400,575000,600000,430000,1,4,R0458,kurir,jawa_timur,1-2 thn,0,0,0,0,1,0,0,0,1,0,1,0,0,0,0,0,0,0,1,0,1,0,0,0,1,0,0,0,0,0,0,0,0,0,1,1,0,1,0,1,0,0,0,2026-05-21 18:13:49,2026-05-14 18:13:49,2026-05-07 18:13:49,2026-04-30 18:13:49,2026-04-23 18:13:49,2026-05,3,2,0,0,0,0,0,0,460955.5,49,1623400,405850.0,268952.7034009263,581600,0.6626899184450569,Up,Stable,Down,3.2188758248682006
41,2,29,5,9,920000,925000,925000,275000,1,3,R0459,pekerja_harian,jawa_timur,2-5 thn,0,1,0,0,0,0,0,0,0,0,0,0,0,0,0,0,1,0,1,0,1,0,0,0,1,0,0,0,0,1,1,0,1,0,0,1,0,1,0,1,0,0,0,2026-05-21 18:20:31,2026-05-14 18:20:31,2026-05-07 18:20:31,2026-04-30 18:20:31,2026-04-23 18:20:31,2026-05,3,2,0,0,0,0,0,0,460955.5,45,3045000,761250.0,324175.23553370533,650000,0.4258459580081515,Stable,Stable,Down,3.4011973816621555
41,1,14,7,8,720000,230000,450000,465000,1,3,R0460,jualan_online,kalimantan,1-2 thn,1,0,0,0,0,0,0,0,0,0,0,0,1,1,0,0,1,0,0,1,0,0,1,0,1,0,0,1,0,0,0,0,0,0,0,1,0,0,1,0,0,1,0,2026-05-21 19:07:03,2026-05-14 19:07:03,2026-05-07 19:07:03,2026-04-30 19:07:03,2026-04-23 19:07:03,2026-05,3,2,0,0,0,0,0,0,653189.75,56,1865000,466250.0,200390.24427351746,490000,0.4297914086295281,Down,Up,Stable,2.70805020110221
26,1,14,5,5,955000,725000,1235000,770000,4,3,R0461,freelance_it,bali,1-2 thn,0,0,0,0,0,1,0,0,0,0,0,0,0,0,0,1,1,0,1,1,1,0,0,0,1,0,0,0,0,0,0,0,0,1,1,1,0,1,1,1,0,0,0,2026-05-21 19:11:05,2026-05-14 19:11:05,2026-05-07 19:11:05,2026-04-30 19:11:05,2026-04-23 19:11:05,2026-05,3,2,0,0,0,0,0,0,548095.6666666666,25,3685000,921250.0,231638.18769797005,510000,0.2514390097128576,Down,Up,Down,2.70805020110221
22,2,44,5,8,100000,150000,155000,100000,0,3,R0462,jualan_online,jawa_tengah,2-5 thn,1,0,0,0,0,0,0,0,0,0,0,0,1,1,0,0,1,0,1,0,0,0,0,1,1,0,0,0,0,1,0,0,0,0,0,1,0,1,0,0,0,0,1,2026-05-21 19:18:19,2026-05-14 19:18:19,2026-05-07 19:18:19,2026-04-30 19:18:19,2026-04-23 19:18:19,2026-05,3,2,0,0,0,0,0,0,442180.75,40,505000,126250.0,30379.543555930308,55000,0.24063004796776483,Up,Stable,Down,3.8066624897703196
29,0,21,5,6,465000,435000,365000,460000,4,3,R0463,freelance_it,jawa_timur,1-2 thn,0,0,0,0,0,1,0,0,0,0,0,0,0,0,1,0,0,0,1,1,0,1,0,0,1,0,1,0,0,0,0,0,0,1,1,1,0,1,1,0,1,0,0,2026-05-21 19:19:40,2026-05-14 19:19:40,2026-05-07 19:19:40,2026-04-30 19:19:40,2026-04-23 19:19:40,2026-05,3,2,0,0,0,0,0,0,460955.5,30,1725000,431250.0,46075.11982259695,100000,0.1068408575596451,Down,Down,Up,3.091042453358316
45,2,29,6,9,510000,500000,650000,625000,3,4,R0464,ojek_online,kalimantan,2-5 thn,0,0,0,1,0,0,0,0,1,0,0,0,0,0,0,0,0,0,0,0,1,1,0,1,1,0,0,1,0,0,0,0,1,0,0,1,0,0,0,1,1,0,1,2026-05-21 20:17:27,2026-05-14 20:17:27,2026-05-07 20:17:27,2026-04-30 20:17:27,2026-04-23 20:17:27,2026-05,3,2,0,0,0,0,0,0,653189.75,54,2285000,571250.0,77284.64703074386,150000,0.13529041055710084,Stable,Up,Stable,3.4011973816621555
30,0,57,5,9,135000,100000,290000,150000,1,5,R0465,pekerja_harian,jawa_timur,2-5 thn,0,1,0,0,0,0,0,0,0,0,0,0,0,0,0,0,1,0,1,0,1,0,0,0,1,1,0,0,0,0,0,0,0,1,0,1,0,1,0,1,0,0,0,2026-05-21 20:18:14,2026-05-14 20:18:14,2026-05-07 20:18:14,2026-04-30 20:18:14,2026-04-23 20:18:14,2026-05,3,2,0,0,0,0,0,0,460955.5,45,675000,168750.0,83503.99192054632,190000,0.49483847064027453,Down,Up,Down,4.060443010546419
21,2,5,6,4,275000,300000,350000,300000,3,5,R0466,freelance_desain,jawa_tengah,< 6 bln,0,0,1,0,0,0,0,0,0,0,0,0,0,0,0,0,1,0,1,1,0,0,0,0,1,0,0,0,1,0,0,0,1,0,1,1,0,1,1,0,0,0,0,2026-05-21 20:35:07,2026-05-14 20:35:07,2026-05-07 20:35:07,2026-04-30 20:35:07,2026-04-23 20:35:07,2026-05,3,2,0,0,0,0,0,0,442180.75,24,1225000,306250.0,31457.643480294788,75000,0.10271883585402379,Up,Up,Down,1.791759469228055
26,2,55,4,6,480000,425000,320000,280000,1,4,R0467,jualan_online,jawa_tengah,2-5 thn,1,0,0,0,0,0,0,0,0,0,1,1,1,1,0,0,1,0,1,1,0,0,0,0,1,0,0,1,0,1,0,0,0,1,1,0,0,1,1,0,0,0,0,2026-05-21 21:19:16,2026-05-14 21:19:16,2026-05-07 21:19:16,2026-04-30 21:19:16,2026-04-23 21:19:16,2026-05,3,2,0,0,0,0,0,0,442180.75,24,1505000,376250.0,92319.64399122576,200000,0.24536782456139739,Down,Down,Down,4.02535169073515
22,0,9,5,6,400000,350000,320000,380000,1,4,R0468,content_creator,bali,6-12 bln,0,0,0,0,0,0,0,1,0,0,0,0,0,0,0,0,1,0,0,0,1,1,0,0,1,0,0,0,0,0,0,0,1,0,1,1,0,0,0,1,1,0,0,2026-05-22 05:37:38,2026-05-15 05:37:38,2026-05-08 05:37:38,2026-05-01 05:37:38,2026-04-24 05:37:38,2026-05,4,2,0,0,0,0,0,0,548095.6666666666,30,1450000,362500.0,35000.0,80000,0.09655172413793103,Down,Down,Up,2.302585092994046
17,1,5,5,4,360000,440000,350000,425000,0,3,R0469,freelance_desain,sulawesi,< 6 bln,0,0,1,0,0,0,0,0,0,0,0,0,1,1,0,1,0,0,1,1,0,1,0,0,1,0,0,0,1,0,0,0,0,0,1,0,0,1,1,0,1,0,0,2026-05-22 07:04:48,2026-05-15 07:04:48,2026-05-08 07:04:48,2026-05-01 07:04:48,2026-04-24 07:04:48,2026-05,4,2,0,0,0,0,0,0,559306.0,20,1575000,393750.0,45345.89286804263,90000,0.11516417236328287,Up,Down,Up,1.791759469228055
31,2,50,5,8,250000,275000,340000,290000,3,4,R0470,pekerja_harian,sumatera,2-5 thn,0,1,0,0,0,0,0,0,0,0,0,0,0,0,0,0,1,0,1,0,1,1,0,0,1,1,0,0,0,0,0,0,0,1,0,1,1,1,0,1,1,0,0,2026-05-22 07:43:43,2026-05-15 07:43:43,2026-05-08 07:43:43,2026-05-01 07:43:43,2026-04-24 07:43:43,2026-05,4,2,0,0,0,0,0,0,517481.9375,40,1155000,288750.0,37941.8414594407,90000,0.13140031674265176,Up,Up,Down,3.9318256327243257
52,1,84,5,4,685000,650000,775000,625000,3,1,R0471,jualan_online,jabodetabek,> 5 thn,1,0,0,0,0,0,0,0,0,0,1,1,1,1,0,0,0,0,1,1,0,0,1,0,1,0,0,0,0,1,0,0,0,1,0,1,0,1,1,0,0,1,0,2026-05-22 09:29:37,2026-05-15 09:29:37,2026-05-08 09:29:37,2026-05-01 09:29:37,2026-04-24 09:29:37,2026-05,4,2,0,0,0,0,0,0,739240.8333333334,20,2735000,683750.0,65622.02374203343,150000,0.09597370931193189,Down,Up,Down,4.442651256490317
36,0,25,7,8,660000,25000,30000,700000,4,4,R0472,ojek_online,jabodetabek,2-5 thn,0,0,0,1,0,0,0,0,1,1,0,0,0,0,0,0,0,0,1,0,0,1,0,0,1,0,0,0,0,0,0,0,1,1,1,0,0,1,0,0,1,0,0,2026-05-22 09:51:04,2026-05-15 09:51:04,2026-05-08 09:51:04,2026-05-01 09:51:04,2026-04-24 09:51:04,2026-05,4,2,0,0,0,0,0,0,739240.8333333334,56,1415000,353750.0,377080.34068794054,675000,1.065951493110786,Down,Up,Up,3.258096538021482
41,1,27,7,7,775000,440000,960000,960000,3,4,R0473,ojek_online,bali,2-5 thn,0,0,0,1,0,0,0,0,1,0,0,0,0,0,0,0,0,0,1,0,0,1,0,0,1,0,0,1,0,0,0,1,0,1,1,0,1,1,0,0,1,0,0,2026-05-22 10:01:31,2026-05-15 10:01:31,2026-05-08 10:01:31,2026-05-01 10:01:31,2026-04-24 10:01:31,2026-05,4,2,0,0,0,0,0,0,548095.6666666666,49,3135000,783750.0,245199.7485044931,520000,0.3128545435464027,Down,Up,Stable,3.332204510175204
43,1,18,5,6,300000,450000,925000,350000,3,4,R0474,pekerja_harian,bali,1-2 thn,0,1,0,0,0,0,0,0,0,0,0,0,0,0,0,0,1,0,0,0,1,1,0,0,1,1,0,0,0,1,0,0,1,1,0,1,0,0,0,1,1,0,0,2026-05-22 11:05:40,2026-05-15 11:05:40,2026-05-08 11:05:40,2026-05-01 11:05:40,2026-04-24 11:05:40,2026-05,4,2,0,0,0,0,0,0,548095.6666666666,30,2025000,506250.0,286047.053238915,625000,0.5650312162744,Up,Up,Down,2.9444389791664403
29,2,22,7,11,475000,390000,425000,415000,1,5,R0475,kurir,jawa_tengah,1-2 thn,0,0,0,0,1,0,0,0,0,1,0,0,0,0,0,0,0,0,1,0,1,0,0,1,1,0,0,0,0,0,0,1,0,0,1,0,0,1,0,1,0,0,1,2026-05-22 11:15:40,2026-05-15 11:15:40,2026-05-08 11:15:40,2026-05-01 11:15:40,2026-04-24 11:15:40,2026-05,4,2,0,0,0,0,0,0,442180.75,77,1705000,426250.0,35677.95771434607,85000,0.08370195358204356,Down,Up,Stable,3.1354942159291497
25,2,6,6,8,695000,325000,320000,375000,3,4,R0476,kurir,jawa_timur,< 6 bln,0,0,0,0,1,0,0,0,0,1,1,0,0,0,0,0,0,0,0,0,0,0,1,1,1,1,0,0,0,0,0,1,0,1,0,1,0,0,0,0,0,1,1,2026-05-22 13:02:41,2026-05-15 13:02:41,2026-05-08 13:02:41,2026-05-01 13:02:41,2026-04-24 13:02:41,2026-05,4,2,0,0,0,0,0,0,460955.5,48,1715000,428750.0,179228.67144144842,375000,0.41802605584011293,Down,Stable,Up,1.9459101490553132
35,1,10,7,7,140000,170000,175000,185000,4,4,R0477,jualan_online,sumatera,6-12 bln,1,0,0,0,0,0,0,0,0,0,1,1,1,1,0,0,1,0,1,0,0,0,1,1,1,0,0,1,0,0,0,0,0,1,1,0,1,1,0,0,0,1,1,2026-05-22 14:09:17,2026-05-15 14:09:17,2026-05-08 14:09:17,2026-05-01 14:09:17,2026-04-24 14:09:17,2026-05,4,2,0,0,0,0,0,0,517481.9375,49,670000,167500.0,19364.916731037083,45000,0.11561144317037064,Up,Stable,Up,2.3978952727983707
42,2,18,5,9,430000,930000,470000,910000,2,5,R0478,kurir,bali,1-2 thn,0,0,0,0,1,0,0,0,0,1,0,0,0,0,0,0,0,0,0,0,0,0,1,0,1,1,0,0,0,0,0,1,1,0,1,0,0,0,0,0,0,1,0,2026-05-22 14:10:05,2026-05-15 14:10:05,2026-05-08 14:10:05,2026-05-01 14:10:05,2026-04-24 14:10:05,2026-05,4,2,0,0,0,0,0,0,548095.6666666666,45,2740000,685000.0,271968.13538844336,500000,0.3970337742896983,Up,Down,Up,2.9444389791664403
24,0,20,4,5,450000,435000,105000,530000,1,3,R0479,tutor,jabodetabek,1-2 thn,0,0,0,0,0,0,1,0,0,0,0,0,0,0,0,0,1,0,1,0,1,0,0,0,1,0,0,0,0,0,0,0,1,1,0,0,0,1,0,1,0,0,0,2026-05-22 14:12:41,2026-05-15 14:12:41,2026-05-08 14:12:41,2026-05-01 14:12:41,2026-04-24 14:12:41,2026-05,4,2,0,0,0,0,0,0,739240.8333333334,20,1520000,380000.0,188015.95676963165,425000,0.4947788336042938,Stable,Down,Up,3.044522437723423
18,0,37,5,5,195000,170000,160000,180000,0,2,R0480,tutor,bandung,2-5 thn,0,0,0,0,0,0,1,0,0,0,0,0,1,1,0,0,1,0,1,0,0,0,0,0,1,1,1,0,0,0,0,0,0,0,1,1,0,1,0,0,0,0,0,2026-05-22 14:58:00,2026-05-15 14:58:00,2026-05-08 14:58:00,2026-05-01 14:58:00,2026-04-24 14:58:00,2026-05,4,2,0,0,0,0,0,0,518297.0,25,705000,176250.0,14930.394055974097,35000,0.08471145563673246,Down,Down,Up,3.6375861597263857
20,1,9,4,5,525000,380000,260000,390000,1,5,R0481,tutor,jabodetabek,6-12 bln,0,0,0,0,0,0,1,0,0,0,0,0,1,1,0,0,1,0,1,1,1,0,0,0,1,0,1,0,0,0,1,0,1,0,1,1,0,1,1,1,0,0,0,2026-05-22 15:31:28,2026-05-15 15:31:28,2026-05-08 15:31:28,2026-05-01 15:31:28,2026-04-24 15:31:28,2026-05,4,2,0,0,0,0,0,0,739240.8333333334,20,1555000,388750.0,108349.35778920581,265000,0.2787121743773783,Down,Down,Up,2.302585092994046
23,0,20,3,3,20000,305000,425000,20000,3,4,R0482,content_creator,jabodetabek,1-2 thn,0,0,0,0,0,0,0,1,0,0,0,0,1,1,0,0,1,0,0,0,0,0,1,0,1,0,0,1,0,1,0,0,1,0,1,1,0,0,0,0,0,1,0,2026-05-22 15:39:51,2026-05-15 15:39:51,2026-05-08 15:39:51,2026-05-01 15:39:51,2026-04-24 15:39:51,2026-05,4,2,0,0,0,0,0,0,739240.8333333334,9,770000,192500.0,205121.91496766015,405000,1.0655683894423904,Up,Up,Down,3.044522437723423
27,2,35,6,8,865000,210000,525000,330000,1,5,R0483,kurir,jabodetabek,2-5 thn,0,0,0,0,1,0,0,0,0,1,0,0,0,0,0,0,0,0,1,0,0,0,0,1,1,0,0,0,0,0,0,0,1,0,0,0,0,1,0,0,0,0,1,2026-05-22 16:02:22,2026-05-15 16:02:22,2026-05-08 16:02:22,2026-05-01 16:02:22,2026-04-24 16:02:22,2026-05,4,2,0,0,0,0,0,0,739240.8333333334,48,1930000,482500.0,286138.0785564899,655000,0.5930322871637096,Down,Up,Down,3.58351893845611
27,2,32,5,6,190000,265000,370000,170000,0,5,R0484,freelance_desain,sumatera,2-5 thn,0,0,1,0,0,0,0,0,0,0,0,0,0,0,0,1,1,0,0,1,0,0,0,0,1,0,0,0,1,0,0,0,1,0,1,1,0,0,1,0,0,0,0,2026-05-22 16:47:20,2026-05-15 16:47:20,2026-05-08 16:47:20,2026-05-01 16:47:20,2026-04-24 16:47:20,2026-05,4,2,0,0,0,0,0,0,517481.9375,30,995000,248750.0,90588.3546599672,200000,0.3641742900903204,Up,Up,Down,3.4965075614664802
21,2,1,4,4,180000,160000,10000,230000,1,3,R0485,jualan_online,bali,< 6 bln,1,0,0,0,0,0,0,0,0,0,1,1,1,0,0,0,1,0,1,1,0,0,1,0,1,0,0,0,0,0,0,0,0,1,0,1,0,1,1,0,0,1,0,2026-05-22 16:57:04,2026-05-15 16:57:04,2026-05-08 16:57:04,2026-05-01 16:57:04,2026-04-24 16:57:04,2026-05,4,2,0,0,0,0,0,0,548095.6666666666,16,580000,145000.0,94692.4847422786,220000,0.6530516189122662,Down,Down,Up,0.6931471805599453
38,0,48,6,3,25000,20000,375000,375000,1,4,R0486,jualan_online,jawa_timur,2-5 thn,1,0,0,0,0,0,0,0,0,0,1,1,1,1,0,0,1,0,0,1,0,0,0,1,1,0,0,0,0,1,0,0,0,0,0,1,0,0,1,0,0,0,1,2026-05-22 17:24:51,2026-05-15 17:24:51,2026-05-08 17:24:51,2026-05-01 17:24:51,2026-04-24 17:24:51,2026-05,4,2,0,0,0,0,0,0,460955.5,18,795000,198750.0,203526.20633880704,355000,1.0240312268619223,Down,Up,Stable,3.8918202981106265
34,0,7,6,4,400000,375000,380000,355000,2,5,R0487,jualan_online,jawa_timur,6-12 bln,1,0,0,0,0,0,0,0,0,0,0,0,1,1,0,0,0,0,0,0,0,0,1,0,1,0,1,1,0,0,0,0,0,0,0,1,1,0,0,0,0,1,0,2026-05-22 18:20:48,2026-05-15 18:20:48,2026-05-08 18:20:48,2026-05-01 18:20:48,2026-04-24 18:20:48,2026-05,4,2,0,0,0,0,0,0,460955.5,24,1510000,377500.0,18484.22751068236,45000,0.04896484108790029,Down,Stable,Down,2.0794415416798357
26,1,17,2,6,620000,400000,150000,570000,1,3,R0488,tutor,kalimantan,1-2 thn,0,0,0,0,0,0,1,0,0,0,0,0,0,0,0,0,1,0,1,0,0,0,0,0,1,1,0,0,0,0,0,0,1,0,1,0,0,1,0,0,0,0,0,2026-05-22 18:21:34,2026-05-15 18:21:34,2026-05-08 18:21:34,2026-05-01 18:21:34,2026-04-24 18:21:34,2026-05,4,2,0,0,0,0,0,0,653189.75,12,1740000,435000.0,212053.45238091896,470000,0.48747920087567576,Down,Down,Up,2.8903717578961645
30,2,14,7,11,1250000,875000,620000,465000,2,4,R0489,kurir,jawa_timur,1-2 thn,0,0,0,0,1,0,0,0,0,1,0,0,0,0,0,0,0,0,0,0,0,0,1,1,1,1,0,0,0,0,0,1,1,0,1,1,0,0,0,0,0,1,1,2026-05-22 18:29:53,2026-05-15 18:29:53,2026-05-08 18:29:53,2026-05-01 18:29:53,2026-04-24 18:29:53,2026-05,4,2,0,0,0,0,0,0,460955.5,77,3210000,802500.0,342892.11131199857,785000,0.42727988948535645,Down,Down,Down,2.70805020110221
31,0,15,3,5,200000,160000,185000,6800,0,4,R0490,pekerja_harian,jawa_timur,1-2 thn,0,1,0,0,0,0,0,0,0,0,0,0,0,0,0,0,1,0,1,0,1,1,0,0,1,1,0,0,0,0,0,0,1,0,1,0,0,1,0,1,1,0,0,2026-05-22 20:18:47,2026-05-15 20:18:47,2026-05-08 20:18:47,2026-05-01 20:18:47,2026-04-24 20:18:47,2026-05,4,2,0,0,0,0,0,0,460955.5,15,551800,137950.0,88976.45756041314,193200,0.6449906311012188,Down,Up,Down,2.772588722239781
19,1,24,4,4,870000,50000,710000,1020000,2,5,R0491,freelance_desain,jabodetabek,1-2 thn,0,0,1,0,0,0,0,0,0,0,0,0,1,1,0,0,0,0,1,1,0,0,0,0,1,0,0,0,0,0,0,0,1,1,0,1,0,1,1,0,0,0,0,2026-05-22 20:40:44,2026-05-15 20:40:44,2026-05-08 20:40:44,2026-05-01 20:40:44,2026-04-24 20:40:44,2026-05,4,2,0,0,0,0,0,0,739240.8333333334,16,2650000,662500.0,427502.43664022937,970000,0.6452866968154406,Down,Up,Up,3.2188758248682006
30,2,35,6,7,440000,465000,500000,475000,3,3,R0492,jualan_online,sumatera,2-5 thn,1,0,0,0,0,0,0,0,0,0,0,0,0,0,0,0,1,0,1,0,0,0,0,0,1,0,1,0,0,1,0,0,1,1,1,0,0,1,0,0,0,0,0,2026-05-22 21:02:41,2026-05-15 21:02:41,2026-05-08 21:02:41,2026-05-01 21:02:41,2026-04-24 21:02:41,2026-05,4,2,0,0,0,0,0,0,517481.9375,42,1880000,470000.0,24832.7740429189,60000,0.05283568945301893,Up,Up,Stable,3.58351893845611
17,1,62,6,6,1200000,1050000,930000,1080000,1,4,R0493,jualan_online,bali,> 5 thn,1,0,0,0,0,0,0,0,0,0,1,1,1,1,0,0,0,0,0,0,0,1,0,0,1,0,0,0,0,0,0,0,1,0,0,1,0,0,0,0,1,0,0,2026-05-22 21:31:08,2026-05-15 21:31:08,2026-05-08 21:31:08,2026-05-01 21:31:08,2026-04-24 21:31:08,2026-05,4,2,0,0,0,0,0,0,548095.6666666666,36,4260000,1065000.0,110905.36506409418,270000,0.10413649301792881,Down,Down,Up,4.143134726391533
28,2,70,3,5,530000,425000,480000,525000,2,2,R0494,freelance_desain,jawa_tengah,> 5 thn,0,0,1,0,0,0,0,0,0,0,0,0,1,1,0,0,0,0,0,1,0,0,0,0,1,0,1,0,0,0,0,0,0,0,0,1,0,0,1,0,0,0,0,2026-05-22 21:32:18,2026-05-15 21:32:18,2026-05-08 21:32:18,2026-05-01 21:32:18,2026-04-24 21:32:18,2026-05,4,2,0,0,0,0,0,0,442180.75,15,1960000,490000.0,48819.39505292269,105000,0.09963141847535244,Down,Up,Up,4.2626798770413155
39,2,22,5,9,1100000,495000,1150000,990000,3,5,R0495,ojek_online,kalimantan,1-2 thn,0,0,0,1,0,0,0,0,0,1,0,0,0,0,0,0,0,0,1,0,0,0,0,1,1,1,0,1,0,0,0,0,1,1,0,1,0,1,0,0,0,0,1,2026-05-22 21:38:10,2026-05-15 21:38:10,2026-05-08 21:38:10,2026-05-01 21:38:10,2026-04-24 21:38:10,2026-05,4,2,0,0,0,0,0,0,653189.75,45,3735000,933750.0,300038.1920133946,655000,0.3213260423168885,Down,Up,Down,3.1354942159291497
27,0,15,3,4,400000,660000,475000,520000,3,1,R0496,freelance_it,jawa_barat_lainnya,1-2 thn,0,0,0,0,0,1,0,0,0,0,0,0,0,0,1,0,0,0,1,1,0,0,0,0,1,1,0,0,1,0,0,0,0,0,1,1,0,1,1,0,0,0,0,2026-05-22 22:38:43,2026-05-15 22:38:43,2026-05-08 22:38:43,2026-05-01 22:38:43,2026-04-24 22:38:43,2026-05,4,2,0,0,0,0,0,0,518297.0,12,2055000,513750.0,109344.63864314518,260000,0.2128362795973629,Up,Down,Up,2.772588722239781
40,1,22,7,9,500000,555000,565000,1200000,4,4,R0497,ojek_online,sumatera,1-2 thn,0,0,0,1,0,0,0,0,1,0,0,0,0,0,0,0,0,0,0,0,0,0,0,0,1,0,0,0,0,0,0,1,0,1,1,0,0,0,0,0,0,0,0,2026-05-22 22:45:46,2026-05-15 22:45:46,2026-05-08 22:45:46,2026-05-01 22:45:46,2026-04-24 22:45:46,2026-05,4,2,0,0,0,0,0,0,517481.9375,63,2820000,705000.0,331235.06255628593,700000,0.4698369681649446,Up,Stable,Up,3.1354942159291497
17,1,83,2,2,530000,550000,480000,530000,3,3,R0498,tutor,jawa_timur,> 5 thn,0,0,0,0,0,0,1,0,0,0,0,0,1,1,0,0,1,0,1,1,1,0,0,0,1,1,1,0,0,0,0,0,0,0,0,1,0,1,1,1,0,0,0,2026-05-22 23:02:40,2026-05-15 23:02:40,2026-05-08 23:02:40,2026-05-01 23:02:40,2026-04-24 23:02:40,2026-05,4,2,0,0,0,0,0,0,460955.5,4,2090000,522500.0,29860.788111948194,70000,0.05714983370707788,Stable,Down,Up,4.430816798843313
31,1,32,5,5,200000,200000,270000,240000,2,5,R0499,jualan_online,jabodetabek,2-5 thn,1,0,0,0,0,0,0,0,0,0,1,1,1,1,0,0,1,0,0,1,0,0,0,1,1,0,0,0,0,0,0,0,1,0,0,1,1,0,1,0,0,0,1,2026-05-23 01:06:20,2026-05-16 01:06:20,2026-05-09 01:06:20,2026-05-02 01:06:20,2026-04-25 01:06:20,2026-05,4,2,0,0,0,1,0,0,739240.8333333334,25,910000,227500.0,34034.29642777023,70000,0.1496013029792098,Stable,Up,Down,3.4965075614664802
19,2,21,7,6,425000,460000,370000,460000,3,5,R0500,pekerja_harian,jabodetabek,1-2 thn,0,1,0,0,0,0,0,0,0,0,0,0,0,0,0,0,1,0,0,0,1,1,0,0,1,0,0,0,0,1,0,0,1,0,1,0,0,0,0,1,1,0,0,2026-05-23 07:43:37,2026-05-16 07:43:37,2026-05-09 07:43:37,2026-05-02 07:43:37,2026-04-25 07:43:37,2026-05,4,2,0,0,0,1,0,0,739240.8333333334,42,1715000,428750.0,42500.0,90000,0.09912536443148688,Up,Down,Up,3.091042453358316
41,2,33,6,4,1050000,1000000,870000,875000,1,4,R0501,jualan_online,jabodetabek,2-5 thn,1,0,0,0,0,0,0,0,0,0,1,1,1,1,0,0,0,0,1,0,0,1,0,0,1,0,0,0,0,0,0,0,0,0,1,0,1,1,0,0,1,0,0,2026-05-23 08:23:51,2026-05-16 08:23:51,2026-05-09 08:23:51,2026-05-02 08:23:51,2026-04-25 08:23:51,2026-05,4,2,0,0,0,1,0,0,739240.8333333334,24,3795000,948750.0,90404.18500637382,180000,0.09528767853109231,Stable,Down,Stable,3.5263605246161616
24,2,47,6,10,395000,420000,1300000,500000,3,5,R0502,pekerja_harian,kalimantan,2-5 thn,0,1,0,0,0,0,0,0,0,0,0,0,0,0,0,0,1,0,1,0,0,1,0,0,1,1,0,0,0,1,0,0,1,0,0,0,0,1,0,0,1,0,0,2026-05-23 08:25:07,2026-05-16 08:25:07,2026-05-09 08:25:07,2026-05-02 08:25:07,2026-04-25 08:25:07,2026-05,4,2,0,0,0,1,0,0,653189.75,60,2615000,653750.0,433154.6105799483,905000,0.662569194003745,Up,Up,Down,3.8712010109078907
17,2,17,4,3,200000,190000,250000,150000,3,4,R0503,tutor,jabodetabek,1-2 thn,0,0,0,0,0,0,1,0,0,0,0,0,1,1,0,0,1,0,1,0,1,0,0,0,1,0,1,0,0,0,1,0,0,0,1,0,0,1,0,1,0,0,0,2026-05-23 08:56:36,2026-05-16 08:56:36,2026-05-09 08:56:36,2026-05-02 08:56:36,2026-04-25 08:56:36,2026-05,4,2,0,0,0,1,0,0,739240.8333333334,12,790000,197500.0,41129.87559751022,100000,0.20825253467093782,Stable,Up,Down,2.8903717578961645
17,0,56,5,7,580000,260000,10000,690000,4,4,R0504,jualan_online,jawa_timur,2-5 thn,1,0,0,0,0,0,0,0,0,0,1,1,1,1,0,0,0,0,1,0,0,0,0,1,1,0,0,1,0,1,0,0,1,0,0,0,0,1,0,0,0,0,1,2026-05-23 09:37:43,2026-05-16 09:37:43,2026-05-09 09:37:43,2026-05-02 09:37:43,2026-04-25 09:37:43,2026-05,4,2,0,0,0,1,0,0,460955.5,35,1540000,385000.0,309461.8985701901,680000,0.8037971391433509,Down,Down,Up,4.04305126783455
17,1,4,3,5,160000,440000,360000,445000,1,2,R0505,pekerja_harian,bali,< 6 bln,0,1,0,0,0,0,0,0,0,0,0,0,0,0,0,0,1,0,1,0,1,1,0,0,1,1,0,0,0,0,0,0,0,1,1,1,0,1,0,1,1,0,0,2026-05-23 09:53:17,2026-05-16 09:53:17,2026-05-09 09:53:17,2026-05-02 09:53:17,2026-04-25 09:53:17,2026-05,4,2,0,0,0,1,0,0,548095.6666666666,15,1405000,351250.0,133315.10292036182,285000,0.3795447769974714,Up,Down,Up,1.6094379124341003
27,1,10,6,6,375000,325000,425000,380000,3,4,R0506,jualan_online,bandung,6-12 bln,1,0,0,0,0,0,0,0,0,0,1,1,1,1,0,0,1,0,1,0,0,0,0,0,1,0,0,0,0,0,0,0,0,0,0,1,0,1,0,0,0,0,0,2026-05-23 09:56:10,2026-05-16 09:56:10,2026-05-09 09:56:10,2026-05-02 09:56:10,2026-04-25 09:56:10,2026-05,4,2,0,0,0,1,0,0,518297.0,36,1505000,376250.0,40901.30397269342,100000,0.10870778464503235,Down,Up,Down,2.3978952727983707
49,2,16,6,9,750000,630000,800000,1190000,4,3,R0507,ojek_online,sumatera,1-2 thn,0,0,0,1,0,0,0,0,1,0,0,0,0,0,0,0,0,0,1,0,0,0,0,1,1,0,0,0,1,0,0,0,0,0,1,0,0,1,0,0,0,0,1,2026-05-23 10:10:34,2026-05-16 10:10:34,2026-05-09 10:10:34,2026-05-02 10:10:34,2026-04-25 10:10:34,2026-05,4,2,0,0,0,1,0,0,517481.9375,54,3370000,842500.0,242401.18261537695,560000,0.2877165372289341,Down,Up,Up,2.833213344056216
29,2,39,7,4,1050000,930000,1065000,1075000,4,4,R0508,jualan_online,bali,2-5 thn,1,0,0,0,0,0,0,0,0,0,1,1,1,1,0,0,0,0,0,0,0,0,0,1,1,0,0,0,0,0,0,0,0,1,1,0,0,0,0,0,0,0,1,2026-05-23 10:21:06,2026-05-16 10:21:06,2026-05-09 10:21:06,2026-05-02 10:21:06,2026-04-25 10:21:06,2026-05,4,2,0,0,0,1,0,0,548095.6666666666,28,4120000,1030000.0,67453.6878161602,145000,0.06548901729724292,Down,Up,Stable,3.6888794541139363
23,2,10,6,8,675000,570000,710000,575000,3,5,R0509,freelance_desain,jawa_barat_lainnya,6-12 bln,0,0,1,0,0,0,0,0,0,0,0,0,1,1,0,0,0,0,1,1,0,0,0,0,1,0,0,0,1,0,0,0,1,1,0,0,0,1,1,0,0,0,0,2026-05-23 10:37:24,2026-05-16 10:37:24,2026-05-09 10:37:24,2026-05-02 10:37:24,2026-04-25 10:37:24,2026-05,4,2,0,0,0,1,0,0,518297.0,48,2530000,632500.0,70769.57915187381,140000,0.11188866269070959,Down,Up,Down,2.3978952727983707
17,1,52,4,9,210000,250000,275000,740000,4,4,R0510,pekerja_harian,jawa_timur,2-5 thn,0,1,0,0,0,0,0,0,0,0,0,0,0,0,0,0,1,0,1,0,0,1,0,0,1,0,0,0,0,0,1,0,0,1,0,0,0,1,0,0,1,0,0,2026-05-23 10:56:51,2026-05-16 10:56:51,2026-05-09 10:56:51,2026-05-02 10:56:51,2026-04-25 10:56:51,2026-05,4,2,0,0,0,1,0,0,460955.5,36,1475000,368750.0,248943.60137723296,530000,0.6751012918704623,Up,Up,Up,3.970291913552122
22,2,17,6,11,905000,725000,810000,830000,0,2,R0511,kurir,bali,1-2 thn,0,0,0,0,1,0,0,0,1,0,1,0,0,0,0,0,0,0,0,0,1,0,0,1,1,1,0,0,0,0,0,0,1,0,1,1,0,0,0,1,0,0,1,2026-05-23 11:24:25,2026-05-16 11:24:25,2026-05-09 11:24:25,2026-05-02 11:24:25,2026-04-25 11:24:25,2026-05,4,2,0,0,0,1,0,0,548095.6666666666,66,3270000,817500.0,73993.24293474371,180000,0.0905116121525917,Down,Up,Stable,2.8903717578961645
27,2,29,4,6,250000,360000,200000,395000,0,5,R0512,freelance_desain,sumatera,2-5 thn,0,0,1,0,0,0,0,0,0,0,0,0,0,0,0,0,1,0,1,1,0,0,0,0,1,0,0,0,1,0,0,0,0,1,0,1,1,1,1,0,0,0,0,2026-05-23 11:36:01,2026-05-16 11:36:01,2026-05-09 11:36:01,2026-05-02 11:36:01,2026-04-25 11:36:01,2026-05,4,2,0,0,0,1,0,0,517481.9375,24,1205000,301250.0,91503.64291473136,195000,0.30374653249703354,Up,Down,Up,3.4011973816621555
19,1,20,5,7,365000,255000,200000,350000,1,3,R0513,pekerja_harian,jawa_barat_lainnya,1-2 thn,0,1,0,0,0,0,0,0,0,0,0,0,0,0,0,0,1,0,1,0,0,0,0,0,1,0,0,0,0,1,0,0,1,1,1,0,0,1,0,0,0,0,0,2026-05-23 12:42:15,2026-05-16 12:42:15,2026-05-09 12:42:15,2026-05-02 12:42:15,2026-04-25 12:42:15,2026-05,4,2,0,0,0,1,0,0,518297.0,35,1170000,292500.0,78581.16822750855,165000,0.2686535665897728,Down,Down,Up,3.044522437723423
25,0,9,5,9,18400,16800,165000,175000,1,3,R0514,pekerja_harian,sulawesi,6-12 bln,0,1,0,0,0,0,0,0,0,0,0,0,0,0,0,0,1,0,1,0,1,1,0,0,1,0,0,0,0,0,0,0,1,0,0,1,0,1,0,1,1,0,0,2026-05-23 12:55:38,2026-05-16 12:55:38,2026-05-09 12:55:38,2026-05-02 12:55:38,2026-04-25 12:55:38,2026-05,4,2,0,0,0,1,0,0,559306.0,45,375200,93800.0,88085.26172597396,158200,0.9390752849250955,Down,Up,Up,2.302585092994046
28,1,19,5,6,320000,300000,220000,330000,4,3,R0515,jualan_online,bandung,1-2 thn,1,0,0,0,0,0,0,0,0,0,1,1,1,0,0,0,1,0,0,1,0,0,0,0,1,0,0,0,0,0,0,0,0,0,1,0,0,0,1,0,0,0,0,2026-05-23 13:00:15,2026-05-16 13:00:15,2026-05-09 13:00:15,2026-05-02 13:00:15,2026-04-25 13:00:15,2026-05,4,2,0,0,0,1,0,0,518297.0,30,1170000,292500.0,49916.59710623979,110000,0.17065503284184544,Down,Down,Up,2.995732273553991
30,1,42,5,3,150000,120000,140000,125000,0,5,R0516,jualan_online,bali,2-5 thn,1,0,0,0,0,0,0,0,0,0,1,1,1,1,0,0,1,0,0,0,0,0,0,1,1,0,0,0,0,1,0,0,0,0,1,0,1,0,0,0,0,0,1,2026-05-23 13:04:57,2026-05-16 13:04:57,2026-05-09 13:04:57,2026-05-02 13:04:57,2026-04-25 13:04:57,2026-05,4,2,0,0,0,1,0,0,548095.6666666666,15,535000,133750.0,13768.926368215254,30000,0.10294524387450657,Down,Up,Down,3.7612001156935624
28,2,28,5,11,30000,700000,460000,30000,1,4,R0517,ojek_online,jabodetabek,2-5 thn,0,0,0,1,0,0,0,0,1,1,0,0,0,0,0,0,0,0,1,0,1,1,0,0,1,0,0,1,0,0,0,0,0,1,1,0,1,1,0,1,1,0,0,2026-05-23 13:13:10,2026-05-16 13:13:10,2026-05-09 13:13:10,2026-05-02 13:13:10,2026-04-25 13:13:10,2026-05,4,2,0,0,0,1,0,0,739240.8333333334,55,1220000,305000.0,332315.11150312336,670000,1.0895577426331913,Up,Down,Down,3.367295829986474
25,0,31,3,3,270000,425000,370000,300000,0,4,R0518,freelance_desain,bali,2-5 thn,0,0,1,0,0,0,0,0,0,0,0,0,0,0,0,0,1,0,1,1,0,0,0,0,1,1,1,0,0,0,0,0,1,1,0,0,1,1,1,0,0,0,0,2026-05-23 13:42:05,2026-05-16 13:42:05,2026-05-09 13:42:05,2026-05-02 13:42:05,2026-04-25 13:42:05,2026-05,4,2,0,0,0,1,0,0,548095.6666666666,9,1365000,341250.0,69806.27956471156,155000,0.20456052619695694,Up,Down,Down,3.4657359027997265
26,0,36,6,8,525000,540000,400000,525000,1,4,R0519,pekerja_harian,jawa_tengah,2-5 thn,0,1,0,0,0,0,0,0,0,0,0,0,0,0,0,0,1,0,1,0,1,1,0,0,1,0,0,0,0,0,0,0,0,1,1,1,0,1,0,1,1,0,0,2026-05-23 14:27:29,2026-05-16 14:27:29,2026-05-09 14:27:29,2026-05-02 14:27:29,2026-04-25 14:27:29,2026-05,4,2,0,0,0,1,0,0,442180.75,48,1990000,497500.0,65383.484153110105,140000,0.13142408874997005,Stable,Down,Up,3.6109179126442243
32,0,12,6,7,75000,40000,50000,45000,1,2,R0520,jualan_online,bandung,6-12 bln,1,0,0,0,0,0,0,0,0,0,1,1,1,0,0,0,0,0,1,0,0,0,0,0,1,0,1,1,0,0,0,0,0,1,0,1,0,1,0,0,0,0,0,2026-05-23 15:27:03,2026-05-16 15:27:03,2026-05-09 15:27:03,2026-05-02 15:27:03,2026-04-25 15:27:03,2026-05,4,2,0,0,0,1,0,0,518297.0,42,210000,52500.0,15545.631755148024,35000,0.296107271526629,Down,Up,Down,2.5649493574615367
25,1,54,5,6,395000,375000,425000,400000,3,5,R0521,freelance_desain,bali,2-5 thn,0,0,1,0,0,0,0,0,0,0,0,0,0,0,0,1,0,0,1,0,0,0,0,0,1,0,0,0,0,0,0,0,0,1,0,1,1,1,0,0,0,0,0,2026-05-23 15:39:09,2026-05-16 15:39:09,2026-05-09 15:39:09,2026-05-02 15:39:09,2026-04-25 15:39:09,2026-05,4,2,0,0,0,1,0,0,548095.6666666666,30,1595000,398750.0,20564.93779875511,50000,0.051573511721015944,Down,Up,Down,4.007333185232471
26,1,9,7,7,700000,650000,695000,650000,1,4,R0522,kurir,sumatera,6-12 bln,0,0,0,0,1,0,0,0,0,0,1,0,0,0,0,0,0,0,0,0,1,0,0,0,1,1,0,0,0,0,0,0,0,0,1,0,1,0,0,1,0,0,0,2026-05-23 16:06:43,2026-05-16 16:06:43,2026-05-09 16:06:43,2026-05-02 16:06:43,2026-04-25 16:06:43,2026-05,4,2,0,0,0,1,0,0,517481.9375,49,2695000,673750.0,27500.0,50000,0.04081632653061224,Down,Up,Down,2.302585092994046
20,2,16,7,8,600000,715000,670000,540000,2,3,R0523,kurir,bandung,1-2 thn,0,0,0,0,1,0,0,0,0,0,1,0,0,0,0,0,0,0,0,0,1,0,1,0,1,0,0,0,0,0,0,0,1,0,1,0,0,0,0,1,0,1,0,2026-05-23 17:01:48,2026-05-16 17:01:48,2026-05-09 17:01:48,2026-05-02 17:01:48,2026-04-25 17:01:48,2026-05,4,2,0,0,0,1,0,0,518297.0,56,2525000,631250.0,77068.692303252,175000,0.12208901751010218,Up,Down,Down,2.833213344056216
17,0,22,6,4,220000,200000,10000,200000,1,5,R0524,freelance_desain,jabodetabek,1-2 thn,0,0,1,0,0,0,0,0,0,0,0,0,1,1,0,1,0,0,0,1,0,0,0,0,1,0,1,0,0,0,0,0,1,0,0,0,1,0,1,0,0,0,0,2026-05-23 18:14:03,2026-05-16 18:14:03,2026-05-09 18:14:03,2026-05-02 18:14:03,2026-04-25 18:14:03,2026-05,4,2,0,0,0,1,0,0,739240.8333333334,24,630000,157500.0,98784.27675158295,210000,0.6272017571529076,Down,Down,Up,3.1354942159291497
22,2,16,5,6,300000,175000,260000,450000,4,4,R0525,pekerja_harian,bandung,1-2 thn,0,1,0,0,0,0,0,0,0,0,0,0,0,0,0,0,1,0,0,0,1,0,0,0,1,1,0,0,0,1,0,0,0,0,1,1,1,0,0,1,0,0,0,2026-05-23 19:01:50,2026-05-16 19:01:50,2026-05-09 19:01:50,2026-05-02 19:01:50,2026-04-25 19:01:50,2026-05,4,2,0,0,0,1,0,0,518297.0,30,1185000,296250.0,114990.94167223202,275000,0.38815507737462285,Down,Up,Up,2.833213344056216
38,2,21,6,4,850000,760000,850000,705000,0,4,R0526,jualan_online,jawa_barat_lainnya,1-2 thn,1,0,0,0,0,0,0,0,0,0,1,1,1,0,0,0,0,0,0,1,0,1,0,0,1,0,0,1,0,0,0,0,1,0,0,1,1,0,1,0,1,0,0,2026-05-23 19:33:07,2026-05-16 19:33:07,2026-05-09 19:33:07,2026-05-02 19:33:07,2026-04-25 19:33:07,2026-05,4,2,0,0,0,1,0,0,518297.0,24,3165000,791250.0,71458.02963978225,145000,0.09031030602184172,Down,Up,Down,3.091042453358316
34,1,54,7,10,640000,605000,570000,660000,4,3,R0527,ojek_online,jawa_tengah,2-5 thn,0,0,0,1,0,0,0,0,1,0,0,0,0,0,0,0,0,0,0,0,1,1,0,0,1,1,0,0,0,0,0,1,0,1,0,0,0,0,0,1,1,0,0,2026-05-23 20:18:55,2026-05-16 20:18:55,2026-05-09 20:18:55,2026-05-02 20:18:55,2026-04-25 20:18:55,2026-05,4,2,0,0,0,1,0,0,442180.75,70,2475000,618750.0,39660.013447635974,90000,0.06409699143052279,Down,Down,Up,4.007333185232471
31,0,7,5,6,300000,300000,295000,300000,1,2,R0528,pekerja_harian,jabodetabek,6-12 bln,0,1,0,0,0,0,0,0,0,0,0,0,0,0,0,0,1,0,1,0,1,1,0,0,1,0,0,0,0,0,0,0,1,1,1,0,0,1,0,1,1,0,0,2026-05-23 20:44:19,2026-05-16 20:44:19,2026-05-09 20:44:19,2026-05-02 20:44:19,2026-04-25 20:44:19,2026-05,4,2,0,0,0,1,0,0,739240.8333333334,30,1195000,298750.0,2500.0,5000,0.008368200836820083,Stable,Stable,Stable,2.0794415416798357
32,1,21,7,7,625000,575000,575000,640000,1,4,R0529,kurir,bali,1-2 thn,0,0,0,0,1,0,0,0,0,0,1,0,0,0,0,0,0,0,1,0,1,0,0,1,1,1,0,0,0,0,0,1,1,0,0,1,1,1,0,1,0,0,1,2026-05-23 20:51:34,2026-05-16 20:51:34,2026-05-09 20:51:34,2026-05-02 20:51:34,2026-04-25 20:51:34,2026-05,4,2,0,0,0,1,0,0,548095.6666666666,49,2415000,603750.0,33757.715167548486,65000,0.05591339986343435,Down,Stable,Up,3.091042453358316
28,2,21,5,7,230000,270000,250000,250000,1,5,R0530,content_creator,jawa_tengah,1-2 thn,0,0,0,0,0,0,0,1,0,0,0,0,1,1,0,0,1,0,0,0,1,0,0,0,1,0,0,1,0,0,0,0,0,1,0,0,1,0,0,1,0,0,0,2026-05-23 21:12:41,2026-05-16 21:12:41,2026-05-09 21:12:41,2026-05-02 21:12:41,2026-04-25 21:12:41,2026-05,4,2,0,0,0,1,0,0,442180.75,35,1000000,250000.0,16329.93161855452,40000,0.06531972647421808,Up,Down,Stable,3.091042453358316
20,1,14,4,6,150000,150000,360000,140000,3,5,R0531,content_creator,sulawesi,1-2 thn,0,0,0,0,0,0,0,1,0,0,0,0,0,0,0,0,1,0,0,0,1,1,1,0,1,0,1,1,0,0,0,0,1,1,0,0,1,0,0,1,1,1,0,2026-05-23 21:27:48,2026-05-16 21:27:48,2026-05-09 21:27:48,2026-05-02 21:27:48,2026-04-25 21:27:48,2026-05,4,2,0,0,0,1,0,0,559306.0,24,800000,200000.0,106770.7825203131,220000,0.5338539126015656,Stable,Up,Down,2.70805020110221
23,0,24,2,4,320000,700000,200000,575000,2,1,R0532,tutor,jabodetabek,1-2 thn,0,0,0,0,0,0,1,0,0,0,0,0,1,1,0,0,1,0,1,1,1,0,0,0,1,0,0,0,0,0,0,0,0,0,1,0,0,1,1,1,0,0,0,2026-05-23 21:34:18,2026-05-16 21:34:18,2026-05-09 21:34:18,2026-05-02 21:34:18,2026-04-25 21:34:18,2026-05,4,2,0,0,0,1,0,0,739240.8333333334,8,1795000,448750.0,229142.42296004464,500000,0.5106237837549741,Up,Down,Up,3.2188758248682006
30,2,22,6,8,525000,525000,625000,600000,1,3,R0533,kurir,jabodetabek,1-2 thn,0,0,0,0,1,0,0,0,1,0,1,0,0,0,0,0,0,0,0,0,1,0,0,0,1,0,0,1,0,0,0,0,0,1,1,0,0,0,0,1,0,0,0,2026-05-23 21:37:57,2026-05-16 21:37:57,2026-05-09 21:37:57,2026-05-02 21:37:57,2026-04-25 21:37:57,2026-05,4,2,0,0,0,1,0,0,739240.8333333334,48,2275000,568750.0,51538.82032022076,100000,0.090617706057531,Stable,Up,Stable,3.1354942159291497
18,1,38,6,6,240000,260000,270000,190000,4,3,R0534,jualan_online,jawa_timur,2-5 thn,1,0,0,0,0,0,0,0,0,0,1,1,1,1,0,0,1,0,0,1,0,0,0,1,1,0,0,0,0,0,0,0,0,0,1,1,0,0,1,0,0,0,1,2026-05-23 23:44:29,2026-05-16 23:44:29,2026-05-09 23:44:29,2026-05-02 23:44:29,2026-04-25 23:44:29,2026-05,4,2,0,0,0,1,0,0,460955.5,36,960000,240000.0,35590.26084010437,80000,0.14829275350043486,Up,Stable,Down,3.6635616461296463
