user_id,gig_type,age,is_main_income,tenure_months,days_per_week,hours_per_day,income_week1,income_week2,income_week3,income_week4,target_income,peak_week,data_source,gig_type_encoded,rolling_mean_4w,rolling_std_4w,income_volatility,income_growth_1w,income_trend_slope,weekly_work_hours,income_per_hour,is_payday_week,lag_1w,lag_2w,lag_3w,lag_4w,recent_vs_avg
REAL_0000,pekerja_harian,26,2,19,7,7,150000,275000,270000,335000,150000,4,survey,5,257500.0,77513.4396948899,0.301,-0.4545,-55000.0,49,5150.0,1,150000,275000,270000,335000,0.5825
REAL_0001,driver_online,26,0,72,6,7,300000,0,325000,330000,300000,4,survey,1,238750.0,159706.76253684438,0.6689,300000.0,-41500.0,42,5552.0,1,300000,0,325000,330000,1.2565
REAL_0002,driver_online,36,1,20,7,11,550000,360000,760000,325000,550000,3,survey,1,498750.0,200265.44884228034,0.4015,0.5278,27500.0,77,6394.0,0,550000,360000,760000,325000,1.1028
REAL_0003,tutor,22,2,3,3,3,210000,120000,150000,120000,210000,0,survey,7,150000.0,42426.40687119285,0.2828,0.75,24000.0,9,15000.0,0,210000,120000,150000,120000,1.4
REAL_0004,pekerja_harian,41,1,14,5,9,400000,335000,440000,300000,400000,3,survey,5,368750.0,63031.07699116894,0.1709,0.194,19500.0,45,8016.0,0,400000,335000,440000,300000,1.0847
REAL_0005,seller_online,30,1,19,5,6,840000,650000,800000,400000,840000,0,survey,6,672500.0,199227.67545365443,0.2962,0.2923,117000.0,30,21694.0,0,840000,650000,800000,400000,1.2491
REAL_0006,freelance_creative,26,0,31,5,6,325000,195000,380000,195000,325000,3,survey,2,273750.0,93663.84930519707,0.3421,0.6667,20500.0,30,8831.0,0,325000,195000,380000,195000,1.1872
REAL_0007,freelance_creative,22,0,24,4,3,400000,250000,200000,280000,400000,1,survey,2,282500.0,85000.0,0.3009,0.6,41000.0,12,21731.0,1,400000,250000,200000,280000,1.4159
REAL_0008,freelance_it,17,1,77,5,5,660000,780000,1000000,810000,660000,3,survey,3,812500.0,140801.27840328723,0.1733,-0.1538,-67000.0,25,31250.0,0,660000,780000,1000000,810000,0.8123
REAL_0009,freelance_creative,27,2,14,5,8,175000,175000,210000,175000,175000,3,survey,2,183750.0,17500.0,0.0952,0.0,-3500.0,40,4482.0,0,175000,175000,210000,175000,0.9524
REAL_0010,kurir,33,1,10,6,9,500000,640000,575000,630000,500000,4,survey,4,586250.0,64209.942116985796,0.1095,-0.2187,-32500.0,54,10659.0,1,500000,640000,575000,630000,0.8529
REAL_0011,freelance_it,20,2,17,5,5,750000,600000,575000,975000,750000,2,survey,3,725000.0,183711.73070873835,0.2534,0.25,-65000.0,25,27885.0,0,750000,600000,575000,975000,1.0345
REAL_0012,kurir,41,2,21,6,7,1040000,1125000,900000,735000,1040000,4,survey,4,950000.0,170733.71078963872,0.1797,-0.0756,114000.0,42,22093.0,1,1040000,1125000,900000,735000,1.0947
REAL_0013,freelance_creative,22,1,2,5,8,675000,715000,540000,580000,675000,2,survey,2,627500.0,81291.65598838132,0.1295,-0.0559,46000.0,40,15305.0,0,675000,715000,540000,580000,1.0757
REAL_0014,seller_online,17,0,30,4,5,160000,200000,165000,255000,160000,4,survey,6,195000.0,43779.751788545655,0.2245,-0.2,-25000.0,20,9286.0,1,160000,200000,165000,255000,0.8205
REAL_0015,freelance_creative,30,1,17,4,4,425000,400000,745000,425000,425000,1,survey,2,498750.0,164589.1349188437,0.33,0.0625,-34500.0,16,29338.0,1,425000,400000,745000,425000,0.8521
REAL_0016,pekerja_harian,27,1,4,3,7,260000,275000,10000,15000,260000,2,survey,5,140000.0,147365.75812130395,1.0526,-0.0545,100000.0,21,6364.0,0,260000,275000,10000,15000,1.8571
REAL_0017,freelance_it,35,1,55,5,4,825000,780000,400000,580000,825000,0,survey,3,646250.0,195677.24275789797,0.3028,0.0577,111500.0,20,30774.0,0,825000,780000,400000,580000,1.2766
REAL_0018,driver_online,34,0,9,6,6,640000,380000,725000,710000,640000,3,survey,1,613750.0,160175.68479641346,0.261,0.6842,-55500.0,36,16588.0,0,640000,380000,725000,710000,1.0428
REAL_0019,freelance_it,26,0,35,3,4,325000,600000,315000,270000,325000,2,survey,3,377500.0,150249.7920131672,0.398,-0.4583,45000.0,12,29038.0,0,325000,600000,315000,270000,0.8609
REAL_0020,kurir,26,2,1,7,7,40000,40000,610000,940000,40000,0,survey,4,407500.0,445224.6623896749,1.0926,0.0,-327000.0,49,8150.0,0,40000,40000,610000,940000,0.0982
REAL_0021,kurir,26,2,26,6,7,560000,600000,885000,490000,560000,4,survey,4,633750.0,173559.5478983126,0.2739,-0.0667,-7500.0,42,14738.0,1,560000,600000,885000,490000,0.8836
REAL_0022,seller_online,27,0,7,6,5,625000,0,380000,430000,625000,1,survey,6,358750.0,261482.15362939527,0.7289,625000.0,20500.0,30,11573.0,1,625000,0,380000,430000,1.7422
REAL_0023,seller_online,27,2,26,5,6,105000,225000,200000,200000,105000,2,survey,6,182500.0,52993.710318615485,0.2904,-0.5333,-26000.0,30,5887.0,0,105000,225000,200000,200000,0.5753
REAL_0024,content_creator,22,0,45,5,5,260000,275000,275000,350000,260000,1,survey,0,290000.0,40620.1920231798,0.1401,-0.0545,-27000.0,25,11154.0,1,260000,275000,275000,350000,0.8965
REAL_0025,tutor,23,1,33,3,2,275000,275000,250000,215000,275000,1,survey,7,253750.0,28394.54172900137,0.1119,0.0,20500.0,6,36250.0,1,275000,275000,250000,215000,1.0837
REAL_0026,freelance_it,28,1,43,6,8,400000,25000,505000,465000,400000,1,survey,3,348750.0,220127.80378680018,0.6312,14.9994,-67500.0,48,7117.0,1,400000,25000,505000,465000,1.147
REAL_0027,content_creator,28,0,23,4,2,200000,225000,180000,155000,200000,2,survey,0,190000.0,29720.924166878343,0.1564,-0.1111,18000.0,8,21111.0,0,200000,225000,180000,155000,1.0526
REAL_0028,driver_online,36,1,15,7,9,1419600,485000,1389900,1422300,1419600,0,survey,1,1179200.0,463032.7202261197,0.3927,1.927,-91300.0,63,18425.0,0,1419600,485000,1389900,1422300,1.2039
REAL_0029,pekerja_harian,28,1,3,3,7,375000,200000,290000,175000,375000,1,survey,5,260000.0,91195.76013536302,0.3508,0.875,51000.0,21,11818.0,1,375000,200000,290000,175000,1.4423
REAL_0030,seller_online,17,1,41,6,3,475000,495000,450000,430000,475000,2,survey,6,462500.0,28431.203515386635,0.0615,-0.0404,18000.0,18,24342.0,0,475000,495000,450000,430000,1.027
REAL_0031,freelance_creative,26,1,13,3,5,775000,730000,620000,35000,775000,3,survey,2,540000.0,342904.26263511705,0.635,0.0616,233000.0,15,33750.0,0,775000,730000,620000,35000,1.4352
REAL_0032,seller_online,34,0,3,6,5,370000,400000,320000,275000,370000,2,survey,6,341250.0,55132.41635674363,0.1616,-0.075,36500.0,30,11008.0,0,370000,400000,320000,275000,1.0842
REAL_0033,driver_online,28,1,56,7,8,450000,520000,640000,575000,450000,3,survey,1,546250.0,80764.57556792251,0.1479,-0.1346,-49500.0,56,9583.0,0,450000,520000,640000,575000,0.8238
REAL_0034,tutor,25,0,11,4,3,400000,320000,850000,300000,400000,3,survey,7,467500.0,258634.2333618399,0.5532,0.25,-23000.0,12,35962.0,0,400000,320000,850000,300000,0.8556
REAL_0035,kurir,34,2,48,6,9,825000,1293800,1389900,530000,825000,3,survey,4,1009675.0,403935.23717711645,0.4001,-0.3623,78890.0,54,18358.0,0,825000,1293800,1389900,530000,0.8171
REAL_0036,freelance_creative,25,0,39,5,6,260000,260000,205000,185000,260000,1,survey,2,227500.0,38405.72873934304,0.1688,0.0,28000.0,30,7339.0,1,260000,260000,205000,185000,1.1429
REAL_0037,pekerja_harian,31,0,20,3,6,240000,100000,280000,130000,240000,3,survey,5,187500.0,86168.43969807043,0.4596,1.4,15000.0,18,9868.0,0,240000,100000,280000,130000,1.28
REAL_0038,kurir,33,2,15,6,8,500000,930000,775000,760000,500000,1,survey,4,741250.0,178249.5909298719,0.2405,-0.4624,-62500.0,48,15128.0,1,500000,930000,775000,760000,0.6745
REAL_0039,seller_online,24,0,10,6,4,300000,175000,195000,250000,300000,1,survey,6,230000.0,56421.03626603585,0.2453,0.7143,13000.0,24,9200.0,1,300000,175000,195000,250000,1.3043
REAL_0040,driver_online,37,2,16,7,7,590000,870000,600000,700000,590000,3,survey,1,690000.0,129871.73159185438,0.1882,-0.3218,-6000.0,49,13800.0,0,590000,870000,600000,700000,0.8551
REAL_0041,driver_online,35,0,11,6,8,650000,380000,575000,780000,650000,4,survey,1,596250.0,167201.22607205965,0.2804,0.7105,-58500.0,48,12168.0,1,650000,380000,575000,780000,1.0901
REAL_0042,freelance_creative,25,2,28,4,5,425000,390000,510000,470000,425000,0,survey,2,448750.0,52341.02915814068,0.1166,0.0897,-25500.0,20,21369.0,0,425000,390000,510000,470000,0.9471
REAL_0043,driver_online,35,2,3,6,10,1020000,1135000,60000,60000,1020000,1,survey,1,568750.0,589326.9466094351,1.0362,-0.1013,395500.0,60,9324.0,1,1020000,1135000,60000,60000,1.7934
REAL_0044,pekerja_harian,28,2,12,5,8,360000,500000,370000,530000,360000,4,survey,5,440000.0,87559.50357709131,0.199,-0.28,-38000.0,40,10732.0,1,360000,500000,370000,530000,0.8182
REAL_0045,driver_online,36,2,34,6,7,760000,790000,1130000,1175000,760000,4,survey,1,963750.0,219065.24903172874,0.2273,-0.038,-158500.0,42,22413.0,1,760000,790000,1130000,1175000,0.7886
REAL_0046,kurir,29,2,18,7,9,505000,510000,25000,500000,505000,1,survey,4,385000.0,240034.7197108507,0.6235,-0.0098,50000.0,63,6016.0,1,505000,510000,25000,500000,1.3117
REAL_0047,freelance_creative,26,1,38,4,7,1320000,1293800,1200000,630000,1320000,1,survey,2,1110950.0,324745.4541637188,0.2923,0.0203,216380.0,28,38309.0,1,1320000,1293800,1200000,630000,1.1882
REAL_0048,driver_online,43,2,31,6,9,890000,560000,1105000,740000,890000,0,survey,1,823750.0,230989.71838590564,0.2804,0.5893,-9500.0,54,14977.0,0,890000,560000,1105000,740000,1.0804
REAL_0049,tutor,27,0,8,5,4,225000,200000,170000,210000,225000,0,survey,7,201250.0,23228.93310794392,0.1154,0.125,7500.0,20,9583.0,0,225000,200000,170000,210000,1.118
REAL_0050,seller_online,29,1,1,6,7,525000,625000,715000,760000,525000,2,survey,6,656250.0,103953.11443145896,0.1584,-0.16,-79500.0,42,15262.0,0,525000,625000,715000,760000,0.8
REAL_0051,driver_online,38,2,16,7,10,450000,970000,550000,300000,450000,4,survey,1,567500.0,287329.6596826254,0.5063,-0.5361,87000.0,70,7993.0,1,450000,970000,550000,300000,0.793
REAL_0052,tutor,18,2,36,3,4,270000,150000,550000,185000,270000,3,survey,7,288750.0,181308.8984762377,0.6279,0.8,-14500.0,12,22212.0,0,270000,150000,550000,185000,0.9351
REAL_0053,driver_online,33,2,14,6,9,700000,395000,475000,940000,700000,4,survey,1,627500.0,245102.01957552286,0.3906,0.7721,-80000.0,54,11409.0,1,700000,395000,475000,940000,1.1155
REAL_0054,freelance_creative,26,0,38,4,7,750000,365000,630000,590000,750000,0,survey,2,583750.0,160902.40313100774,0.2756,1.0548,21500.0,28,20129.0,0,750000,365000,630000,590000,1.2848
REAL_0055,pekerja_harian,43,2,46,5,7,555000,980000,555000,590000,555000,0,survey,5,670000.0,207324.22273659517,0.3094,-0.4337,32000.0,35,18611.0,0,555000,980000,555000,590000,0.8284
REAL_0056,seller_online,22,1,8,6,7,750000,250000,450000,225000,750000,0,survey,6,418750.0,242706.09798684498,0.5796,2.0,137500.0,42,9738.0,0,750000,250000,450000,225000,1.791
REAL_0057,pekerja_harian,20,2,24,7,6,140000,310000,340000,240000,140000,0,survey,5,257500.0,88835.0531415762,0.345,-0.5484,-33000.0,42,5988.0,0,140000,310000,340000,240000,0.5437
REAL_0058,pekerja_harian,29,2,29,7,10,330000,250000,225000,660000,330000,3,survey,5,366250.0,200888.65074961304,0.5485,0.32,-96500.0,70,5158.0,0,330000,250000,225000,660000,0.901
REAL_0059,kurir,21,2,21,6,9,440000,480000,450000,475000,440000,1,survey,4,461250.0,19311.05037709411,0.0419,-0.0833,-7500.0,54,8386.0,1,440000,480000,450000,475000,0.9539
REAL_0060,tutor,21,1,18,2,5,590000,575000,870000,625000,590000,4,survey,7,665000.0,138263.03434637425,0.2079,0.0261,-40000.0,10,60455.0,1,590000,575000,870000,625000,0.8872
REAL_0061,pekerja_harian,51,1,19,5,7,130000,350000,120000,310000,130000,2,survey,5,227500.0,119547.75893619531,0.5255,-0.6286,-31000.0,35,6319.0,0,130000,350000,120000,310000,0.5714
REAL_0062,freelance_creative,21,1,13,3,6,345000,725000,650000,480000,345000,2,survey,2,550000.0,170831.30080091686,0.3106,-0.5241,-33000.0,18,28947.0,0,345000,725000,650000,480000,0.6273
REAL_0063,driver_online,29,1,46,7,7,510000,900000,375000,1000000,510000,1,survey,1,696250.0,300925.6552705336,0.4322,-0.4333,-94500.0,49,13925.0,1,510000,900000,375000,1000000,0.7325
REAL_0064,driver_online,31,2,15,6,11,500000,650000,665000,565000,500000,1,survey,1,595000.0,77136.24310270757,0.1296,-0.2308,-21000.0,66,8881.0,1,500000,650000,665000,565000,0.8403
REAL_0065,seller_online,24,0,32,4,7,115000,80000,50000,80000,115000,3,survey,6,81250.0,26575.364531836625,0.3271,0.4375,13500.0,28,2802.0,0,115000,80000,50000,80000,1.4154
REAL_0066,tutor,27,1,6,2,5,230000,0,300000,200000,230000,4,survey,7,182500.0,128679.1876463841,0.7051,230000.0,-21000.0,10,16591.0,1,230000,0,300000,200000,1.2603
REAL_0067,freelance_creative,25,1,24,3,8,270000,275000,250000,280000,270000,4,survey,2,268750.0,13149.778198382915,0.0489,-0.0182,-500.0,24,10750.0,1,270000,275000,250000,280000,1.0046
REAL_0068,driver_online,32,2,65,7,7,1419600,1040000,1350000,1200000,1419600,1,survey,1,1252400.0,168662.50324242195,0.1347,0.365,34880.0,49,25048.0,1,1419600,1040000,1350000,1200000,1.1335
REAL_0069,driver_online,37,1,41,7,10,470000,450000,390000,410000,470000,1,survey,1,430000.0,36514.83716701107,0.0849,0.0444,24000.0,70,6056.0,1,470000,450000,390000,410000,1.093
REAL_0070,tutor,26,1,16,3,4,400000,425000,350000,410000,400000,2,survey,7,396250.0,32500.0,0.082,-0.0588,4500.0,12,30481.0,0,400000,425000,350000,410000,1.0095
REAL_0071,content_creator,25,0,17,4,4,405000,400000,325000,425000,405000,2,survey,0,388750.0,43851.07372307623,0.1128,0.0125,1500.0,16,22868.0,0,405000,400000,325000,425000,1.0418
REAL_0072,freelance_creative,23,0,33,6,3,190000,130000,225000,0,190000,3,survey,2,136250.0,98942.32326630162,0.7262,0.4615,47500.0,18,7171.0,0,190000,130000,225000,0,1.3945
REAL_0073,freelance_creative,23,2,39,6,7,625000,975000,550000,715000,625000,4,survey,2,716250.0,185219.46441991458,0.2586,-0.359,15500.0,42,16657.0,1,625000,975000,550000,715000,0.8726
REAL_0074,kurir,24,2,13,6,11,230000,620000,160000,495000,230000,2,survey,4,376250.0,217308.34467794068,0.5776,-0.629,-33500.0,66,5616.0,0,230000,620000,160000,495000,0.6113
REAL_0075,seller_online,36,0,17,6,3,200000,210000,225000,200000,200000,0,survey,6,208750.0,11814.53906563152,0.0566,-0.0476,-1500.0,18,10987.0,0,200000,210000,225000,200000,0.9581
REAL_0076,freelance_it,25,0,14,4,7,325000,325000,270000,315000,325000,1,survey,3,308750.0,26259.918760981218,0.0851,0.0,8500.0,28,10647.0,1,325000,325000,270000,315000,1.0526
REAL_0077,driver_online,41,2,47,7,7,1419600,600000,1389900,1422300,1419600,1,survey,1,1207950.0,405565.7160066664,0.3357,1.366,-79800.0,49,24159.0,1,1419600,600000,1389900,1422300,1.1752
REAL_0078,driver_online,39,2,14,5,9,850000,1075000,1105000,850000,850000,2,survey,1,970000.0,139104.27743243557,0.1434,-0.2093,-3000.0,45,21087.0,0,850000,1075000,1105000,850000,0.8763
REAL_0079,tutor,21,1,6,2,5,315000,270000,160000,410000,315000,4,survey,7,288750.0,103792.66191146013,0.3595,0.1667,-17500.0,10,26250.0,1,315000,270000,160000,410000,1.0909
REAL_0080,driver_online,31,1,15,7,11,360000,530000,745000,480000,360000,4,survey,1,528750.0,160850.6035632651,0.3042,-0.3208,-57500.0,77,6779.0,1,360000,530000,745000,480000,0.6808
REAL_0081,seller_online,22,2,3,5,5,670000,725000,590000,575000,670000,2,survey,6,640000.0,70356.23639735144,0.1099,-0.0759,42000.0,25,24615.0,0,670000,725000,590000,575000,1.0469
REAL_0082,seller_online,25,0,9,6,5,200000,0,735000,790000,200000,2,survey,6,431250.0,391756.1954413314,0.9084,200000.0,-250500.0,30,13911.0,0,200000,0,735000,790000,0.4638
REAL_0083,pekerja_harian,33,0,14,4,5,250000,90000,95000,330000,250000,2,survey,5,191250.0,118629.32464895291,0.6203,1.7778,-24500.0,20,9107.0,0,250000,90000,95000,330000,1.3072
REAL_0084,kurir,29,0,66,7,9,520000,650000,0,620000,520000,2,survey,4,447500.0,303466.0881658223,0.6781,-0.2,35000.0,63,6992.0,0,520000,650000,0,620000,1.162
REAL_0085,freelance_creative,26,0,27,5,7,400000,450000,400000,370000,400000,3,survey,2,405000.0,33166.247903554,0.0819,-0.1111,14000.0,35,11250.0,0,400000,450000,400000,370000,0.9877
REAL_0086,driver_online,39,0,55,6,10,810000,220000,425000,425000,810000,4,survey,1,470000.0,246407.52153022168,0.5243,2.6818,95000.0,60,7705.0,1,810000,220000,425000,425000,1.7234
REAL_0087,freelance_creative,21,0,22,6,5,400000,360000,420000,450000,400000,4,survey,2,407500.0,37749.17217635375,0.0926,0.1111,-21000.0,30,13145.0,1,400000,360000,420000,450000,0.9816
REAL_0088,driver_online,32,2,24,7,7,1419600,900000,1325000,1422300,1419600,0,survey,1,1266725.0,248634.63656538283,0.1963,0.5773,-43310.0,49,25334.0,0,1419600,900000,1325000,1422300,1.1207
REAL_0089,tutor,24,1,15,3,5,350000,300000,380000,330000,350000,3,survey,7,340000.0,33665.01646120693,0.099,0.1667,-2000.0,15,21250.0,0,350000,300000,380000,330000,1.0294
REAL_0090,seller_online,38,1,29,7,4,630000,750000,680000,710000,630000,2,survey,6,692500.0,50579.969684978394,0.073,-0.16,-17000.0,28,23879.0,0,630000,750000,680000,710000,0.9097
REAL_0091,driver_online,44,1,13,6,9,810000,925000,750000,870000,810000,0,survey,1,838750.0,75539.72464869064,0.0901,-0.1243,-500.0,54,15250.0,0,810000,925000,750000,870000,0.9657
REAL_0092,driver_online,34,2,7,5,10,920000,800000,880000,780000,920000,4,survey,1,845000.0,66080.7586719967,0.0782,0.15,34000.0,50,16569.0,1,920000,800000,880000,780000,1.0888
REAL_0093,freelance_it,21,0,24,4,5,420000,570000,140000,120000,420000,2,survey,3,312500.0,219601.9125599775,0.7027,-0.2632,133000.0,20,14881.0,0,420000,570000,140000,120000,1.344
REAL_0094,freelance_it,24,0,31,4,4,850000,410000,860000,300000,850000,1,survey,3,605000.0,292175.74619852804,0.4829,1.0732,120000.0,16,35588.0,1,850000,410000,860000,300000,1.405
REAL_0095,freelance_creative,22,2,78,4,4,380000,575000,290000,560000,380000,2,survey,2,451250.0,139306.31715755034,0.3087,-0.3391,-25500.0,16,26544.0,0,380000,575000,290000,560000,0.8421
REAL_0096,tutor,26,0,29,2,5,355000,325000,380000,350000,355000,0,survey,7,352500.0,22546.248764114473,0.064,0.0923,-4000.0,10,32045.0,0,355000,325000,380000,350000,1.0071
REAL_0097,freelance_it,29,0,35,4,5,115000,90000,0,200000,115000,4,survey,3,101250.0,82297.73184399838,0.8128,0.2778,-16500.0,20,4821.0,1,115000,90000,0,200000,1.1358
REAL_0098,seller_online,37,1,18,7,4,350000,525000,575000,415000,350000,3,survey,6,466250.0,102337.26919684083,0.2195,-0.3333,-24500.0,28,16078.0,0,350000,525000,575000,415000,0.7507
REAL_0099,tutor,19,1,15,5,4,150000,270000,100000,295000,150000,4,survey,7,203750.0,93752.77773662673,0.4601,-0.4444,-26500.0,20,9702.0,1,150000,270000,100000,295000,0.7362
REAL_0100,pekerja_harian,27,0,28,5,6,250000,300000,235000,275000,250000,3,survey,5,265000.0,28577.38033247041,0.1078,-0.1667,-1000.0,30,8548.0,0,250000,300000,235000,275000,0.9434
REAL_0101,kurir,30,2,22,6,8,680000,800000,665000,580000,680000,2,survey,4,681250.0,90588.3546599672,0.133,-0.15,43500.0,48,13903.0,0,680000,800000,665000,580000,0.9982
REAL_0102,freelance_it,33,0,14,4,7,230000,225000,290000,245000,230000,1,survey,3,247500.0,29580.39891549808,0.1195,0.0222,-11000.0,28,8534.0,1,230000,225000,290000,245000,0.9293
REAL_0103,freelance_creative,17,1,17,5,3,590000,560000,550000,540000,590000,4,survey,2,560000.0,21602.468994692867,0.0386,0.0536,16000.0,15,35000.0,1,590000,560000,550000,540000,1.0536
REAL_0104,driver_online,47,2,14,7,8,815000,1293800,905000,1422300,815000,1,survey,1,1109025.0,294595.7272263126,0.2656,-0.3701,-143310.0,56,19457.0,1,815000,1293800,905000,1422300,0.7349
REAL_0105,content_creator,23,0,5,6,2,360000,800000,790000,0,360000,0,survey,0,487500.0,384306.7351305031,0.7883,-0.55,109000.0,12,37500.0,0,360000,800000,790000,0,0.7385
REAL_0106,content_creator,24,0,19,4,5,75000,0,175000,170000,75000,4,survey,0,105000.0,83765.54582086041,0.7978,75000.0,-46000.0,20,5000.0,1,75000,0,175000,170000,0.7143
REAL_0107,tutor,28,0,34,4,5,190000,340000,540000,440000,190000,3,survey,7,377500.0,149303.94055974096,0.3955,-0.4412,-95000.0,20,17976.0,0,190000,340000,540000,440000,0.5033
REAL_0108,driver_online,41,0,27,7,6,230000,350000,265000,255000,230000,2,survey,1,275000.0,52121.652570372964,0.1895,-0.3429,1000.0,42,6395.0,0,230000,350000,265000,255000,0.8364
REAL_0109,pekerja_harian,25,2,59,5,7,850000,730000,900000,875000,850000,3,survey,5,838750.0,75318.76702832214,0.0898,0.1644,-24500.0,35,23299.0,0,850000,730000,900000,875000,1.0134
REAL_0110,seller_online,21,2,10,4,8,150000,130000,235000,160000,150000,0,survey,6,168750.0,45893.89937671455,0.272,0.1538,-13500.0,32,5114.0,0,150000,130000,235000,160000,0.8889
REAL_0111,driver_online,31,2,5,7,7,520000,725000,560000,675000,520000,0,survey,1,620000.0,96003.47215943111,0.1548,-0.2828,-30000.0,49,12400.0,0,520000,725000,560000,675000,0.8387
REAL_0112,pekerja_harian,26,1,14,5,9,425000,580000,360000,350000,425000,2,survey,5,428750.0,106173.99242124535,0.2476,-0.2672,44500.0,45,9321.0,0,425000,580000,360000,350000,0.9913
REAL_0113,kurir,35,2,55,7,11,820000,625000,1290000,605000,820000,3,survey,4,835000.0,318459.8352487589,0.3814,0.312,-2000.0,77,10705.0,0,820000,625000,1290000,605000,0.982
REAL_0114,driver_online,42,2,51,5,9,970000,1170000,1075000,1060000,970000,0,survey,1,1068750.0,81891.696770796,0.0766,-0.1709,-17500.0,45,23234.0,0,970000,1170000,1075000,1060000,0.9076
REAL_0115,driver_online,32,2,27,7,8,500000,510000,550000,565000,500000,4,survey,1,531250.0,31191.612120354835,0.0587,-0.0196,-23500.0,56,9320.0,1,500000,510000,550000,565000,0.9412
REAL_0116,pekerja_harian,27,1,17,3,6,340000,170000,200000,340000,340000,1,survey,5,262500.0,90323.49269892818,0.3441,1.0,-3000.0,18,13816.0,1,340000,170000,200000,340000,1.2952
REAL_0117,pekerja_harian,29,2,9,6,9,280000,250000,275000,275000,280000,1,survey,5,270000.0,13540.0640077266,0.0501,0.12,-1000.0,54,4909.0,1,280000,250000,275000,275000,1.037
REAL_0118,freelance_creative,19,2,6,3,6,600000,975000,950000,700000,600000,2,survey,2,806250.0,185264.45062846423,0.2298,-0.3846,-27500.0,18,42434.0,0,600000,975000,950000,700000,0.7442
REAL_0119,content_creator,17,1,47,4,4,155000,0,10000,10000,155000,2,survey,0,43750.0,74316.32839872182,1.6986,155000.0,42500.0,16,2574.0,0,155000,0,10000,10000,3.5428
REAL_0120,pekerja_harian,41,0,53,3,7,320000,350000,180000,0,320000,4,survey,5,212500.0,159869.7386415995,0.7523,-0.0857,113000.0,21,9659.0,1,320000,350000,180000,0,1.5059
REAL_0121,freelance_it,17,1,8,5,6,525000,830000,750000,525000,525000,2,survey,3,657500.0,156444.87847162015,0.2379,-0.3675,8000.0,30,21210.0,0,525000,830000,750000,525000,0.7985
REAL_0122,seller_online,18,1,10,6,8,740000,580000,725000,675000,740000,1,survey,6,680000.0,72226.49560006817,0.1062,0.2759,5000.0,48,13878.0,1,740000,580000,725000,675000,1.0882
REAL_0123,freelance_creative,21,0,15,6,3,200000,190000,175000,170000,200000,1,survey,2,183750.0,13768.926368215254,0.0749,0.0526,10500.0,18,9671.0,1,200000,190000,175000,170000,1.0884
REAL_0124,kurir,21,2,2,5,8,800000,795000,820000,925000,800000,4,survey,4,835000.0,60964.4705272396,0.073,0.0063,-40000.0,40,20366.0,1,800000,795000,820000,925000,0.9581
REAL_0125,content_creator,20,0,13,4,4,520000,365000,410000,245000,520000,1,survey,0,385000.0,113798.06676741042,0.2956,0.4247,78000.0,16,22647.0,1,520000,365000,410000,245000,1.3506
REAL_0126,kurir,30,2,23,7,10,420000,1240000,565000,1240000,420000,4,survey,4,866250.0,435610.20419636637,0.5029,-0.6613,-178500.0,70,12201.0,1,420000,1240000,565000,1240000,0.4848
REAL_0127,freelance_creative,19,2,36,5,5,850000,740000,795000,640000,850000,1,survey,2,756250.0,89570.73554831771,0.1184,0.1486,57500.0,25,29087.0,1,850000,740000,795000,640000,1.124
REAL_0128,pekerja_harian,35,1,8,3,8,250000,10000,360000,275000,250000,3,survey,5,223750.0,150076.36944791363,0.6707,23.9976,-42500.0,24,8950.0,0,250000,10000,360000,275000,1.1173
REAL_0129,seller_online,26,1,72,7,6,1110000,300000,545000,440000,1110000,1,survey,6,598750.0,355302.1015042457,0.5934,2.7,176500.0,42,13924.0,1,1110000,300000,545000,440000,1.8539
REAL_0130,freelance_creative,29,2,19,4,5,435000,575000,1389900,1422300,435000,4,survey,2,955550.0,523547.54320882837,0.5479,-0.2435,-377680.0,20,45502.0,1,435000,575000,1389900,1422300,0.4552
REAL_0131,freelance_it,28,1,13,4,9,500000,525000,490000,490000,500000,3,survey,3,501250.0,16520.189667999173,0.033,-0.0476,6500.0,36,13547.0,0,500000,525000,490000,490000,0.9975
REAL_0132,content_creator,25,1,18,4,4,175000,170000,170000,175000,175000,0,survey,0,172500.0,2886.751345948129,0.0167,0.0294,0.0,16,10147.0,0,175000,170000,170000,175000,1.0145
REAL_0133,driver_online,40,2,31,7,8,900000,940000,930000,910000,900000,1,survey,1,920000.0,18257.418583505536,0.0198,-0.0426,-2000.0,56,16140.0,1,900000,940000,930000,910000,0.9783
REAL_0134,kurir,31,1,22,6,8,640000,755000,635000,600000,640000,0,survey,4,657500.0,67391.88873051909,0.1025,-0.1523,24000.0,48,13418.0,0,640000,755000,635000,600000,0.9734
REAL_0135,pekerja_harian,39,2,21,7,7,575000,410000,570000,1240000,575000,1,survey,5,698750.0,368880.62658083125,0.5279,0.4024,-215500.0,49,13975.0,1,575000,410000,570000,1240000,0.8229
REAL_0136,seller_online,20,1,30,7,4,825000,685000,670000,650000,825000,1,survey,6,707500.0,79634.5821026686,0.1126,0.2044,54000.0,28,24397.0,1,825000,685000,670000,650000,1.1661
REAL_0137,freelance_creative,25,1,58,5,8,520000,830000,525000,1025000,520000,4,survey,2,725000.0,247015.519080617,0.3407,-0.3735,-121000.0,40,17683.0,1,520000,830000,525000,1025000,0.7172
REAL_0138,content_creator,21,0,31,5,2,0,390000,405000,325000,0,4,survey,0,280000.0,189868.37546047525,0.6781,-1.0,-99000.0,10,25455.0,1,0,390000,405000,325000,0.0
REAL_0139,tutor,27,0,13,4,4,300000,275000,255000,250000,300000,1,survey,7,270000.0,22730.30282830976,0.0842,0.0909,17000.0,16,15882.0,1,300000,275000,255000,250000,1.1111
REAL_0140,driver_online,32,2,2,7,9,680000,410000,805000,550000,680000,3,survey,1,611250.0,169822.21095408377,0.2778,0.6585,-500.0,63,9551.0,0,680000,410000,805000,550000,1.1125
REAL_0141,pekerja_harian,44,2,25,7,7,295000,210000,350000,300000,295000,1,survey,5,288750.0,58076.81694675309,0.2011,0.4048,-15500.0,49,5775.0,1,295000,210000,350000,300000,1.0216
REAL_0142,kurir,25,2,5,6,7,600000,610000,700000,280000,600000,4,survey,4,547500.0,183915.7415774952,0.3359,-0.0164,87000.0,42,12733.0,1,600000,610000,700000,280000,1.0959
REAL_0143,content_creator,28,1,16,5,3,400000,450000,340000,375000,400000,4,survey,0,391250.0,46255.63028792639,0.1182,-0.1111,18500.0,15,24453.0,1,400000,450000,340000,375000,1.0224
REAL_0144,freelance_it,28,1,19,5,8,530000,675000,525000,1370000,530000,4,survey,3,775000.0,402719.91921598976,0.5196,-0.2148,-237000.0,40,18902.0,1,530000,675000,525000,1370000,0.6839
REAL_0145,tutor,24,1,42,3,2,325000,820000,825000,400000,325000,4,survey,7,592500.0,267348.087705897,0.4512,-0.6037,-23000.0,6,84643.0,1,325000,820000,825000,400000,0.5485
REAL_0146,seller_online,26,0,42,5,4,60000,60000,75000,0,60000,4,survey,6,48750.0,33260.336739125174,0.6822,0.0,16500.0,20,2321.0,1,60000,60000,75000,0,1.2307
REAL_0147,driver_online,34,2,1,5,11,930000,660000,710000,450000,930000,2,survey,1,687500.0,197040.60495238032,0.2866,0.4091,139000.0,55,12277.0,0,930000,660000,710000,450000,1.3527
REAL_0148,freelance_it,26,1,56,4,6,1270000,1075000,790000,375000,1270000,1,survey,3,877500.0,388683.6760143137,0.4429,0.1814,297000.0,24,35100.0,1,1270000,1075000,790000,375000,1.4473
REAL_0149,freelance_creative,24,0,36,5,6,420000,360000,450000,0,420000,0,survey,2,307500.0,208386.65984174708,0.6777,0.1667,117000.0,30,9919.0,0,420000,360000,450000,0,1.3658
REAL_0150,pekerja_harian,22,2,6,5,8,725000,550000,740000,725000,725000,1,survey,5,685000.0,90277.35042633895,0.1318,0.3182,-19000.0,40,16707.0,1,725000,550000,740000,725000,1.0584
REAL_0151,pekerja_harian,26,1,2,5,9,220000,675000,300000,225000,220000,2,survey,5,355000.0,216448.60821913363,0.6097,-0.6741,36000.0,45,7717.0,0,220000,675000,300000,225000,0.6197
REAL_0152,pekerja_harian,17,2,33,6,10,425000,270000,920000,425000,425000,0,survey,5,510000.0,282931.08701590216,0.5548,0.5741,-65000.0,60,8361.0,0,425000,270000,920000,425000,0.8333
REAL_0153,tutor,17,1,34,4,2,200000,350000,320000,500000,200000,3,survey,7,342500.0,123389.62679253066,0.3603,-0.4286,-87000.0,8,38056.0,0,200000,350000,320000,500000,0.5839
REAL_0154,pekerja_harian,44,2,44,6,8,225000,300000,230000,275000,225000,4,survey,5,257500.0,36170.890690351174,0.1405,-0.25,-8000.0,48,5255.0,1,225000,300000,230000,275000,0.8738
REAL_0155,seller_online,26,2,63,5,6,220000,715000,175000,625000,220000,2,survey,6,433750.0,275873.6123662428,0.636,-0.6923,-67500.0,30,13992.0,0,220000,715000,175000,625000,0.5072
REAL_0156,seller_online,25,0,38,4,7,550000,140000,100000,540000,550000,1,survey,6,332500.0,245950.53703268603,0.7397,2.9286,7000.0,28,11466.0,1,550000,140000,100000,540000,1.6541
REAL_0157,freelance_it,17,0,21,4,4,1000000,700000,1180000,650000,1000000,3,survey,3,882500.0,251445.81921360316,0.2849,0.4286,57000.0,16,51912.0,0,1000000,700000,1180000,650000,1.1331
REAL_0158,pekerja_harian,17,0,2,4,6,720000,200000,250000,240000,720000,4,survey,5,352500.0,245950.53703268603,0.6977,2.6,139000.0,24,14100.0,1,720000,200000,250000,240000,2.0425
REAL_0159,driver_online,29,2,37,6,10,930000,830000,910000,825000,930000,0,survey,1,873750.0,54064.00527769531,0.0619,0.1205,23500.0,60,14324.0,0,930000,830000,910000,825000,1.0644
REAL_0160,seller_online,33,2,3,7,4,570000,440000,560000,370000,570000,0,survey,6,485000.0,96781.54093971984,0.1995,0.2955,48000.0,28,16724.0,0,570000,440000,560000,370000,1.1753
REAL_0161,seller_online,25,1,39,6,6,400000,425000,435000,400000,400000,3,survey,6,415000.0,17795.130420052184,0.0429,-0.0588,-1000.0,36,11216.0,0,400000,425000,435000,400000,0.9639
REAL_0162,seller_online,30,0,4,6,4,325000,300000,315000,300000,325000,1,survey,6,310000.0,12247.44871391589,0.0395,0.0833,6000.0,24,12400.0,1,325000,300000,315000,300000,1.0484
REAL_0163,pekerja_harian,19,2,2,5,7,440000,470000,570000,330000,440000,3,survey,5,452500.0,98784.27675158295,0.2183,-0.0638,23000.0,35,12569.0,0,440000,470000,570000,330000,0.9724
REAL_0164,content_creator,25,0,5,5,3,450000,225000,275000,425000,450000,1,survey,0,343750.0,110632.65039459793,0.3218,1.0,2500.0,15,21484.0,1,450000,225000,275000,425000,1.3091
REAL_0165,freelance_creative,21,0,64,4,6,490000,455000,315000,930000,490000,1,survey,2,547500.0,265973.05627951614,0.4858,0.0769,-118000.0,24,21900.0,1,490000,455000,315000,930000,0.895
REAL_0166,freelance_it,26,1,4,4,7,580000,1293800,400000,1422300,580000,4,survey,3,924025.0,509236.98723351455,0.5511,-0.5517,-163310.0,28,31863.0,1,580000,1293800,400000,1422300,0.6277
REAL_0167,pekerja_harian,33,1,20,6,7,360000,355000,325000,425000,360000,4,survey,5,366250.0,42106.01698886593,0.115,0.0141,-16500.0,42,8517.0,1,360000,355000,325000,425000,0.9829
REAL_0168,freelance_creative,28,2,24,3,4,700000,650000,615000,625000,700000,1,survey,2,647500.0,37969.285832981725,0.0586,0.0769,26000.0,12,49808.0,1,700000,650000,615000,625000,1.0811
REAL_0169,driver_online,31,2,45,7,10,325000,720000,490000,765000,325000,4,survey,1,575000.0,205629.115966911,0.3576,-0.5486,-109000.0,70,8099.0,1,325000,720000,490000,765000,0.5652
REAL_0170,seller_online,29,0,16,5,5,310000,330000,210000,250000,310000,1,survey,6,275000.0,55075.70547286102,0.2003,-0.0606,30000.0,25,10577.0,1,310000,330000,210000,250000,1.1273
REAL_0171,freelance_creative,28,1,22,4,3,340000,310000,400000,170000,340000,3,survey,2,305000.0,97467.94344808965,0.3196,0.0968,42000.0,12,23462.0,0,340000,310000,400000,170000,1.1148
REAL_0172,kurir,23,2,8,5,10,260000,250000,350000,590000,260000,4,survey,4,362500.0,158192.92019556375,0.4364,0.04,-109000.0,50,7108.0,1,260000,250000,350000,590000,0.7172
REAL_0173,pekerja_harian,32,1,14,5,6,310000,225000,270000,200000,310000,1,survey,5,251250.0,48712.592485584944,0.1939,0.3778,28500.0,30,8105.0,1,310000,225000,270000,200000,1.2338
REAL_0174,driver_online,35,2,45,6,8,1130000,805000,770000,925000,1130000,4,survey,1,907500.0,162506.4101299802,0.1791,0.4037,65000.0,48,18520.0,1,1130000,805000,770000,925000,1.2452
REAL_0175,pekerja_harian,34,2,78,6,10,670000,360000,475000,420000,670000,1,survey,5,481250.0,134311.51601159645,0.2791,0.8611,63500.0,60,7889.0,1,670000,360000,475000,420000,1.3922
REAL_0176,tutor,21,0,2,3,5,0,225000,260000,275000,0,4,survey,7,190000.0,128387.43448380505,0.6757,-1.0,-86000.0,15,11875.0,1,0,225000,260000,275000,0.0
REAL_0177,pekerja_harian,30,1,20,5,8,450000,450000,410000,380000,450000,0,survey,5,422500.0,34034.29642777023,0.0806,0.0,25000.0,40,10305.0,0,450000,450000,410000,380000,1.0651
REAL_0178,freelance_creative,27,2,7,4,5,980000,375000,860000,300000,980000,1,survey,2,628750.0,341232.4476560418,0.5427,1.6133,155500.0,20,29940.0,1,980000,375000,860000,300000,1.5586
REAL_0179,freelance_it,22,1,17,6,5,275000,370000,500000,220000,275000,4,survey,3,341250.0,122635.97895125774,0.3594,-0.2568,3500.0,30,11008.0,1,275000,370000,500000,220000,0.8059
REAL_0180,driver_online,45,0,35,6,6,270000,200000,225000,250000,270000,3,survey,1,236250.0,30379.543555930308,0.1286,0.35,3500.0,36,6385.0,0,270000,200000,225000,250000,1.1429
REAL_0181,freelance_it,31,2,1,5,9,790000,875000,825000,775000,790000,4,survey,3,816250.0,44417.5265707881,0.0544,-0.0971,9500.0,45,17745.0,1,790000,875000,825000,775000,0.9678
REAL_0182,pekerja_harian,25,2,81,6,7,925000,870000,870000,775000,925000,1,survey,5,860000.0,62316.396986133055,0.0725,0.0632,45000.0,42,20000.0,1,925000,870000,870000,775000,1.0756
REAL_0183,kurir,21,2,20,6,9,875000,830000,800000,950000,875000,4,survey,4,863750.0,65239.94175349944,0.0755,0.0542,-19500.0,54,15705.0,1,875000,830000,800000,950000,1.013
REAL_0184,tutor,21,0,9,3,4,175000,325000,270000,0,175000,0,survey,7,192500.0,142507.309754038,0.7403,-0.4615,58000.0,12,14808.0,0,175000,325000,270000,0,0.9091
REAL_0185,pekerja_harian,26,1,42,3,9,440000,440000,450000,540000,440000,0,survey,5,467500.0,48562.67428111155,0.1039,0.0,-31000.0,27,16696.0,0,440000,440000,450000,540000,0.9412
REAL_0186,freelance_creative,23,1,65,6,8,805000,365000,510000,905000,805000,4,survey,2,646250.0,251541.08345689112,0.3892,1.2055,-44500.0,48,13189.0,1,805000,365000,510000,905000,1.2456
REAL_0187,freelance_it,17,1,5,4,9,310000,425000,350000,430000,310000,4,survey,3,378750.0,58647.96103304302,0.1548,-0.2706,-28500.0,36,10236.0,1,310000,425000,350000,430000,0.8185
REAL_0188,freelance_creative,31,0,8,6,6,550000,250000,580000,280000,550000,4,survey,2,415000.0,174068.9518552921,0.4194,1.2,48000.0,36,11216.0,1,550000,250000,580000,280000,1.3253
REAL_0189,content_creator,24,1,41,3,2,375000,810000,500000,625000,375000,0,survey,0,577500.0,185584.6617225321,0.3214,-0.537,-44000.0,6,82500.0,0,375000,810000,500000,625000,0.6493
REAL_0190,pekerja_harian,26,2,44,5,10,1050000,1150000,1075000,680000,1050000,4,survey,5,988750.0,210173.5394065263,0.2126,-0.087,118500.0,50,19387.0,1,1050000,1150000,1075000,680000,1.0619
REAL_0191,tutor,32,1,52,3,6,705000,300000,700000,325000,705000,1,survey,7,507500.0,225407.0392275568,0.4442,1.35,74000.0,18,26711.0,1,705000,300000,700000,325000,1.3892
REAL_0192,driver_online,35,1,29,7,8,700000,850000,930000,790000,700000,0,survey,1,817500.0,97082.43919473799,0.1188,-0.1765,-35000.0,56,14342.0,0,700000,850000,930000,790000,0.8563
REAL_0193,driver_online,38,0,28,6,9,125000,200000,0,150000,125000,2,survey,1,118750.0,85085.74106942557,0.7165,-0.375,12500.0,54,2159.0,0,125000,200000,0,150000,1.0526
REAL_0194,driver_online,40,2,80,7,10,1419600,980000,1175000,760000,1419600,1,survey,1,1083650.0,280891.3609683763,0.2592,0.4486,178380.0,70,15263.0,1,1419600,980000,1175000,760000,1.31
REAL_0195,pekerja_harian,35,0,38,6,8,0,260000,250000,150000,0,0,survey,5,165000.0,120692.44660154448,0.7315,-1.0,-44000.0,48,3367.0,0,0,260000,250000,150000,0.0
REAL_0196,seller_online,43,2,84,4,5,15000,20000,300000,15000,15000,3,survey,6,87500.0,141686.27315304754,1.6193,-0.25,-28000.0,20,4167.0,0,15000,20000,300000,15000,0.1714
REAL_0197,seller_online,28,2,34,4,5,460000,460000,720000,495000,460000,1,survey,6,533750.0,125258.066939153,0.2347,0.0,-36500.0,20,25417.0,1,460000,460000,720000,495000,0.8618
REAL_0198,seller_online,36,1,16,6,5,775000,470000,690000,875000,775000,2,survey,6,702500.0,172457.72428820538,0.2455,0.6489,-52000.0,30,22661.0,0,775000,470000,690000,875000,1.1032
REAL_0199,driver_online,34,0,3,5,8,640000,640000,450000,675000,640000,3,survey,1,601250.0,102174.27921611843,0.1699,0.0,8500.0,40,14665.0,0,640000,640000,450000,675000,1.0644
REAL_0200,freelance_it,20,0,16,4,4,500000,460000,250000,420000,500000,1,survey,3,407500.0,109962.11468804456,0.2698,0.087,45000.0,16,23971.0,1,500000,460000,250000,420000,1.227
REAL_0201,driver_online,30,2,11,5,10,790000,685000,940000,950000,790000,4,survey,1,841250.0,127303.77056474015,0.1513,0.1533,-73500.0,50,16495.0,1,790000,685000,940000,950000,0.9391
REAL_0202,driver_online,33,2,69,6,11,1419600,600000,1140000,380000,1419600,0,survey,1,884900.0,478564.5619976473,0.5408,1.366,257880.0,66,13207.0,0,1419600,600000,1140000,380000,1.6042
REAL_0203,seller_online,22,0,30,6,3,530000,550000,450000,460000,530000,2,survey,6,497500.0,49916.59710623979,0.1003,-0.0364,31000.0,18,26184.0,0,530000,550000,450000,460000,1.0653
REAL_0204,driver_online,31,2,20,6,11,870000,1050000,1090000,300000,870000,3,survey,1,827500.0,364451.64288283844,0.4404,-0.1714,167000.0,66,12351.0,0,870000,1050000,1090000,300000,1.0514
REAL_0205,pekerja_harian,34,2,56,7,9,780000,375000,570000,625000,780000,1,survey,5,587500.0,167257.28683677732,0.2847,1.08,27000.0,63,9180.0,1,780000,375000,570000,625000,1.3277
REAL_0206,freelance_it,29,2,13,5,9,430000,635000,745000,375000,430000,3,survey,3,546250.0,173415.4452944335,0.3175,-0.3228,5500.0,45,11875.0,0,430000,635000,745000,375000,0.7872
REAL_0207,freelance_it,25,0,19,4,5,340000,400000,330000,400000,340000,4,survey,3,367500.0,37749.17217635375,0.1027,-0.15,-11000.0,20,17500.0,1,340000,400000,330000,400000,0.9252
REAL_0208,freelance_it,26,1,1,4,6,750000,1270000,1389900,1025000,750000,3,survey,3,1108725.0,283291.66801490413,0.2555,-0.4094,-94490.0,24,44349.0,0,750000,1270000,1389900,1025000,0.6765
REAL_0209,tutor,19,0,30,3,5,245000,250000,250000,240000,245000,1,survey,7,246250.0,4787.13553878169,0.0194,-0.02,1500.0,15,15391.0,1,245000,250000,250000,240000,0.9949
REAL_0210,seller_online,25,2,25,5,5,625000,475000,725000,425000,625000,3,survey,6,562500.0,137689.26368215255,0.2448,0.3158,35000.0,25,21635.0,0,625000,475000,725000,425000,1.1111
REAL_0211,content_creator,28,1,72,4,3,370000,375000,410000,375000,370000,1,survey,0,382500.0,18484.22751068236,0.0483,-0.0133,-5000.0,12,29423.0,1,370000,375000,410000,375000,0.9673
REAL_0212,tutor,22,0,4,3,5,230000,100000,190000,230000,230000,1,survey,7,187500.0,61305.2471924984,0.327,1.3,-9000.0,15,11719.0,1,230000,100000,190000,230000,1.2267
REAL_0213,freelance_creative,25,1,29,6,4,625000,450000,475000,925000,625000,4,survey,2,618750.0,218303.11495716227,0.3528,0.3889,-92500.0,24,24750.0,1,625000,450000,475000,925000,1.0101
REAL_0214,driver_online,42,2,77,5,10,910000,975000,400000,370000,910000,0,survey,1,663750.0,323196.92139622866,0.4869,-0.0667,219500.0,50,13015.0,0,910000,975000,400000,370000,1.371
REAL_0215,freelance_it,19,0,17,4,6,0,630000,240000,175000,0,3,survey,3,261250.0,265906.4685185375,1.0178,-1.0,-13500.0,24,10450.0,0,0,630000,240000,175000,0.0
REAL_0216,tutor,25,1,21,4,6,220000,205000,220000,150000,220000,1,survey,7,198750.0,33260.336739125174,0.1673,0.0732,19500.0,24,7950.0,1,220000,205000,220000,150000,1.1069
REAL_0217,kurir,36,2,62,6,10,580000,425000,600000,525000,580000,2,survey,4,532500.0,78368.78630339165,0.1472,0.3647,-1000.0,60,8730.0,0,580000,425000,600000,525000,1.0892
REAL_0218,content_creator,18,1,63,3,3,170000,345000,260000,230000,170000,1,survey,0,251250.0,72844.01142166732,0.2899,-0.5072,-9500.0,9,25125.0,1,170000,345000,260000,230000,0.6766
REAL_0219,seller_online,25,2,11,4,6,460000,350000,610000,600000,460000,4,survey,6,505000.0,123962.35987858035,0.2455,0.3143,-68000.0,24,20200.0,1,460000,350000,610000,600000,0.9109
REAL_0220,pekerja_harian,25,1,9,4,5,500000,605000,605000,450000,500000,2,survey,5,540000.0,77781.74593052022,0.144,-0.1736,15000.0,20,25714.0,0,500000,605000,605000,450000,0.9259
REAL_0221,freelance_creative,21,2,19,5,8,330000,325000,290000,200000,330000,1,survey,2,286250.0,60190.669265814504,0.2103,0.0154,42500.0,40,6982.0,1,330000,325000,290000,200000,1.1528
REAL_0222,freelance_creative,23,2,43,3,5,210000,220000,205000,200000,210000,1,survey,2,208750.0,8539.125638299665,0.0409,-0.0455,4500.0,15,13047.0,1,210000,220000,205000,200000,1.006
REAL_0223,freelance_creative,21,1,24,4,7,620000,600000,490000,130000,620000,1,survey,2,460000.0,227303.0282830976,0.4941,0.0333,158000.0,28,15862.0,1,620000,600000,490000,130000,1.3478
REAL_0224,pekerja_harian,30,2,23,6,9,380000,1110000,1110000,320000,380000,2,survey,5,730000.0,439469.37701429584,0.602,-0.6577,18000.0,54,13273.0,0,380000,1110000,1110000,320000,0.5205
REAL_0225,kurir,34,1,17,6,7,280000,525000,400000,680000,280000,2,survey,4,471250.0,171385.28719428243,0.3637,-0.4667,-107500.0,42,10959.0,0,280000,525000,400000,680000,0.5942
REAL_0226,freelance_creative,24,1,25,4,3,540000,20000,20000,350000,540000,1,survey,2,232500.0,257342.18464915542,1.1068,25.9987,57000.0,12,17885.0,1,540000,20000,20000,350000,2.3226
REAL_0227,freelance_creative,34,1,15,4,4,225000,215000,100000,100000,225000,1,survey,2,160000.0,69402.20937885671,0.4338,0.0465,49000.0,16,9412.0,1,225000,215000,100000,100000,1.4062
REAL_0228,seller_online,17,0,14,4,7,560000,160000,240000,180000,560000,3,survey,6,285000.0,186458.21694595995,0.6542,2.5,106000.0,28,9828.0,0,560000,160000,240000,180000,1.9649
REAL_0229,seller_online,23,1,15,4,4,355000,250000,350000,225000,355000,1,survey,6,295000.0,67206.1505121865,0.2278,0.42,29000.0,16,17353.0,1,355000,250000,350000,225000,1.2034
REAL_0230,seller_online,17,1,55,6,8,740000,700000,550000,640000,740000,1,survey,6,657500.0,82613.55820929153,0.1256,0.0571,45000.0,48,13418.0,1,740000,700000,550000,640000,1.1255
REAL_0231,freelance_creative,22,1,3,3,4,240000,185000,200000,260000,240000,4,survey,2,221250.0,34731.10997362451,0.157,0.2973,-7500.0,12,17019.0,1,240000,185000,200000,260000,1.0847
REAL_0232,pekerja_harian,34,2,31,7,6,320000,175000,400000,200000,320000,3,survey,5,273750.0,105307.0906128041,0.3847,0.8286,13500.0,42,6366.0,0,320000,175000,400000,200000,1.1689
REAL_0233,seller_online,35,1,48,5,7,600000,25000,30000,670000,600000,0,survey,6,331250.0,351908.4871572911,1.0624,22.9991,-21500.0,35,9201.0,0,600000,25000,30000,670000,1.8113
REAL_0234,content_creator,23,0,42,6,3,175000,395000,100000,440000,175000,1,survey,0,277500.0,165554.6234127375,0.5966,-0.557,-50000.0,18,14605.0,1,175000,395000,100000,440000,0.6306
REAL_0235,pekerja_harian,35,2,18,5,7,290000,200000,410000,370000,290000,2,survey,5,317500.0,92870.87810503355,0.2925,0.45,-45000.0,35,8819.0,0,290000,200000,410000,370000,0.9134
REAL_0236,kurir,24,1,28,6,11,620000,275000,560000,650000,620000,1,survey,4,526250.0,171628.231943349,0.3261,1.2545,-37500.0,66,7854.0,1,620000,275000,560000,650000,1.1781
REAL_0237,freelance_it,25,1,6,5,9,480000,1100000,800000,1075000,480000,3,survey,3,863750.0,289694.5230180693,0.3354,-0.5636,-148500.0,45,18777.0,0,480000,1100000,800000,1075000,0.5557
REAL_0238,kurir,23,2,18,7,8,240000,1070000,525000,600000,240000,4,survey,4,608750.0,344392.58122090844,0.5657,-0.7757,-53500.0,56,10680.0,1,240000,1070000,525000,600000,0.3942
REAL_0239,pekerja_harian,17,2,48,7,9,550000,500000,580000,525000,550000,4,survey,5,538750.0,34247.87098005752,0.0636,0.1,-500.0,63,8418.0,1,550000,500000,580000,525000,1.0209
REAL_0240,freelance_creative,27,2,3,5,7,625000,875000,570000,725000,625000,0,survey,2,698750.0,133876.49781297188,0.1916,-0.2857,500.0,35,19410.0,0,625000,875000,570000,725000,0.8945
REAL_0241,driver_online,38,1,12,7,10,660000,575000,805000,410000,660000,3,survey,1,612500.0,165050.49732329397,0.2695,0.1478,52000.0,70,8627.0,0,660000,575000,805000,410000,1.0775
REAL_0242,seller_online,41,0,22,6,3,275000,400000,260000,560000,275000,4,survey,6,373750.0,139126.74077976527,0.3722,-0.3125,-71500.0,18,19671.0,1,275000,400000,260000,560000,0.7358
REAL_0243,freelance_it,26,2,24,4,8,835000,410000,425000,300000,835000,0,survey,3,492500.0,235035.4583178178,0.4772,1.0366,159000.0,32,14924.0,0,835000,410000,425000,300000,1.6954
REAL_0244,seller_online,34,0,2,4,6,375000,330000,375000,380000,375000,4,survey,6,365000.0,23452.07879911715,0.0643,0.1364,-6000.0,24,14600.0,1,375000,330000,375000,380000,1.0274
REAL_0245,seller_online,30,2,76,6,8,320000,910000,1200000,350000,320000,4,survey,6,695000.0,432396.4230502684,0.6222,-0.6484,-38000.0,48,14184.0,1,320000,910000,1200000,350000,0.4604
REAL_0246,seller_online,32,1,18,5,6,470000,390000,150000,375000,470000,2,survey,6,346250.0,137318.06144859458,0.3966,0.2051,52500.0,30,11169.0,0,470000,390000,150000,375000,1.3574
REAL_0247,pekerja_harian,30,0,24,6,7,125000,125000,135000,135000,125000,0,survey,5,130000.0,5773.502691896258,0.0444,0.0,-4000.0,42,3023.0,0,125000,125000,135000,135000,0.9615
REAL_0248,driver_online,28,2,68,5,10,1150000,1293800,740000,545000,1150000,1,survey,1,932200.0,348834.28730559157,0.3742,-0.1111,236880.0,50,18278.0,1,1150000,1293800,740000,545000,1.2336
REAL_0249,tutor,23,1,19,3,4,190000,110000,200000,115000,190000,0,survey,7,153750.0,47849.59073318531,0.3112,0.7273,13500.0,12,11827.0,0,190000,110000,200000,115000,1.2358
REAL_0250,freelance_it,19,1,82,6,4,720000,705000,630000,625000,720000,1,survey,3,670000.0,49497.474683058324,0.0739,0.0213,36000.0,24,26800.0,1,720000,705000,630000,625000,1.0746
REAL_0251,driver_online,26,2,38,5,9,1080000,855000,920000,1025000,1080000,1,survey,1,970000.0,101406.77163450838,0.1045,0.2632,10000.0,45,21087.0,1,1080000,855000,920000,1025000,1.1134
REAL_0252,pekerja_harian,29,1,1,3,7,375000,150000,650000,150000,375000,4,survey,5,331250.0,237500.0,0.717,1.5,17500.0,21,15057.0,1,375000,150000,650000,150000,1.1321
REAL_0253,pekerja_harian,17,1,44,5,5,460000,525000,505000,450000,460000,2,survey,5,485000.0,35823.64210034113,0.0739,-0.1238,5000.0,25,18654.0,0,460000,525000,505000,450000,0.9485
REAL_0254,pekerja_harian,24,2,71,5,9,325000,295000,360000,300000,325000,0,survey,5,320000.0,29720.924166878343,0.0929,0.1017,1000.0,45,6957.0,0,325000,295000,360000,300000,1.0156
REAL_0255,pekerja_harian,39,2,14,6,9,535000,600000,550000,750000,535000,0,survey,5,608750.0,98181.3797689426,0.1613,-0.1083,-59500.0,54,11068.0,0,535000,600000,550000,750000,0.8788
REAL_0256,kurir,34,2,14,6,11,540000,600000,30000,680000,540000,1,survey,4,462500.0,293981.291921782,0.6356,-0.1,15000.0,66,6903.0,1,540000,600000,30000,680000,1.1676
REAL_0257,freelance_creative,22,1,19,6,4,475000,770000,430000,400000,475000,2,survey,2,518750.0,170312.213302511,0.3283,-0.3831,56500.0,24,20750.0,0,475000,770000,430000,400000,0.9157
REAL_0258,content_creator,17,0,15,5,3,630000,650000,325000,375000,630000,0,survey,0,495000.0,168868.78535320453,0.3411,-0.0308,109000.0,15,30938.0,0,630000,650000,325000,375000,1.2727
REAL_0259,seller_online,25,0,24,5,3,370000,110000,0,150000,370000,1,survey,6,157500.0,155214.90478258414,0.9855,2.3636,77000.0,15,9844.0,1,370000,110000,0,150000,2.3492
REAL_0260,freelance_it,26,0,22,6,5,255000,150000,120000,125000,255000,1,survey,3,162500.0,63047.601064592454,0.388,0.7,42000.0,30,5242.0,1,255000,150000,120000,125000,1.5692
REAL_0261,freelance_creative,28,2,14,3,5,360000,380000,515000,295000,360000,3,survey,2,387500.0,92421.13755341181,0.2385,-0.0526,6000.0,15,24219.0,0,360000,380000,515000,295000,0.929
REAL_0262,kurir,35,2,6,5,11,1090000,610000,800000,675000,1090000,1,survey,4,793750.0,212656.80489151215,0.2679,0.7869,105500.0,55,14174.0,1,1090000,610000,800000,675000,1.3732
REAL_0263,freelance_creative,22,2,20,4,5,470000,490000,450000,490000,470000,3,survey,2,475000.0,19148.54215512676,0.0403,-0.0408,-2000.0,20,22619.0,0,470000,490000,450000,490000,0.9895
REAL_0264,tutor,28,0,8,2,3,275000,310000,295000,350000,275000,4,survey,7,307500.0,31754.264805429415,0.1033,-0.1129,-21000.0,6,43929.0,1,275000,310000,295000,350000,0.8943
REAL_0265,seller_online,28,1,10,7,3,550000,680000,625000,610000,550000,2,survey,6,616250.0,53443.89581607987,0.0867,-0.1912,-12500.0,21,28011.0,0,550000,680000,625000,610000,0.8925
REAL_0266,seller_online,28,1,33,6,6,550000,160000,550000,475000,550000,1,survey,6,433750.0,185893.11445021303,0.4286,2.4375,-16500.0,36,11723.0,1,550000,160000,550000,475000,1.268
REAL_0267,driver_online,32,2,32,7,8,1000000,765000,710000,750000,1000000,0,survey,1,806250.0,131236.11037617148,0.1628,0.3072,80500.0,56,14145.0,0,1000000,765000,710000,750000,1.2403
REAL_0268,content_creator,23,0,24,5,3,100000,70000,210000,80000,100000,3,survey,0,115000.0,64549.72243679028,0.5613,0.4286,-8000.0,15,7188.0,0,100000,70000,210000,80000,0.8696
REAL_0269,tutor,21,1,8,3,6,125000,100000,260000,125000,125000,3,survey,7,152500.0,72629.19523166976,0.4763,0.25,-16000.0,18,8026.0,0,125000,100000,260000,125000,0.8197
REAL_0270,kurir,17,2,21,7,10,635000,675000,660000,770000,635000,4,survey,4,685000.0,59019.770698752574,0.0862,-0.0593,-39000.0,70,9648.0,1,635000,675000,660000,770000,0.927
REAL_0271,tutor,17,0,2,3,2,100000,0,175000,130000,100000,3,survey,7,101250.0,74204.11039827915,0.7329,100000.0,-26500.0,6,14464.0,0,100000,0,175000,130000,0.9876
REAL_0272,kurir,36,1,45,5,11,525000,515000,575000,570000,525000,3,survey,4,546250.0,30652.6235962492,0.0561,0.0194,-19500.0,55,9754.0,0,525000,515000,575000,570000,0.9611
REAL_0273,tutor,23,0,7,3,4,150000,120000,410000,165000,150000,1,survey,7,211250.0,133814.23691072635,0.6334,0.25,-33500.0,12,16250.0,1,150000,120000,410000,165000,0.7101
REAL_0274,driver_online,34,2,5,5,11,730000,650000,550000,920000,730000,4,survey,1,712500.0,156710.9866388867,0.2199,0.1231,-47000.0,55,12723.0,1,730000,650000,550000,920000,1.0246
REAL_0275,content_creator,22,0,13,6,3,515000,525000,370000,450000,515000,2,survey,0,465000.0,71530.87911291645,0.1538,-0.019,35000.0,18,24474.0,0,515000,525000,370000,450000,1.1075
REAL_0276,seller_online,35,0,65,6,5,340000,185000,300000,0,340000,4,survey,6,206250.0,152390.6711930447,0.7389,0.8378,90500.0,30,6653.0,1,340000,185000,300000,0,1.6485
REAL_0277,kurir,27,2,22,6,7,600000,580000,570000,615000,600000,0,survey,4,591250.0,20155.644370746373,0.0341,0.0345,-3500.0,42,13750.0,0,600000,580000,570000,615000,1.0148
REAL_0278,driver_online,27,2,9,6,7,1325000,1175000,1389900,650000,1325000,1,survey,1,1134975.0,335608.4064799331,0.2957,0.1277,181010.0,42,26395.0,1,1325000,1175000,1389900,650000,1.1674
REAL_0279,pekerja_harian,24,2,41,7,9,830000,545000,575000,725000,830000,1,survey,5,668750.0,133252.5797123643,0.1993,0.5229,28500.0,63,10449.0,1,830000,545000,575000,725000,1.2411
REAL_0280,kurir,25,2,19,6,9,600000,25000,715000,950000,600000,1,survey,4,572500.0,392990.6699486219,0.6864,22.9991,-174000.0,54,10409.0,1,600000,25000,715000,950000,1.048
REAL_0281,seller_online,38,1,68,5,4,375000,325000,330000,330000,375000,4,survey,6,340000.0,23452.07879911715,0.069,0.1538,13000.0,20,16190.0,1,375000,325000,330000,330000,1.1029
REAL_0282,content_creator,22,0,82,6,2,210000,250000,320000,220000,210000,3,survey,0,250000.0,49665.5480858378,0.1987,-0.16,-10000.0,12,19231.0,0,210000,250000,320000,220000,0.84
REAL_0283,freelance_it,34,2,21,6,6,610000,785000,570000,695000,610000,1,survey,3,665000.0,95481.23724935002,0.1436,-0.2229,-4000.0,36,17973.0,1,610000,785000,570000,695000,0.9173
REAL_0284,pekerja_harian,44,1,36,4,7,890000,960000,300000,750000,890000,1,survey,5,725000.0,296479.34160747187,0.4089,-0.0729,108000.0,28,25000.0,1,890000,960000,300000,750000,1.2276
REAL_0285,freelance_it,25,0,45,5,8,700000,680000,625000,660000,700000,0,survey,3,666250.0,31983.068437325812,0.048,0.0294,17500.0,40,16250.0,0,700000,680000,625000,660000,1.0507
REAL_0286,seller_online,18,1,12,6,4,360000,420000,330000,330000,360000,3,survey,6,360000.0,42426.40687119285,0.1179,-0.1429,18000.0,24,14400.0,0,360000,420000,330000,330000,1.0
REAL_0287,tutor,18,2,16,3,3,25000,465000,510000,570000,25000,3,survey,7,392500.0,248746.85927665498,0.6337,-0.9462,-168000.0,9,39250.0,0,25000,465000,510000,570000,0.0637
REAL_0288,freelance_creative,20,0,58,4,6,90000,230000,150000,225000,90000,2,survey,2,173750.0,66755.14961409345,0.3842,-0.6087,-32500.0,24,6950.0,0,90000,230000,150000,225000,0.518
REAL_0289,seller_online,31,2,15,4,8,835000,740000,820000,720000,835000,0,survey,6,778750.0,57209.410647783,0.0735,0.1284,26500.0,32,23598.0,0,835000,740000,820000,720000,1.0722
REAL_0290,freelance_creative,20,2,10,3,7,610000,340000,350000,680000,610000,4,survey,2,495000.0,175594.2292142123,0.3547,0.7941,-22000.0,21,22500.0,1,610000,340000,350000,680000,1.2323
REAL_0291,kurir,31,2,43,7,7,900000,880000,730000,900000,900000,1,survey,4,852500.0,82209.08303425682,0.0964,0.0227,15000.0,49,17050.0,1,900000,880000,730000,900000,1.0557
REAL_0292,pekerja_harian,17,2,37,5,9,1075000,500000,325000,375000,1075000,0,survey,5,568750.0,345431.49344937655,0.6074,1.15,227500.0,45,12364.0,0,1075000,500000,325000,375000,1.8901
REAL_0293,freelance_creative,25,1,2,4,8,375000,200000,290000,435000,375000,2,survey,2,325000.0,102388.15035605112,0.315,0.875,-27000.0,32,9848.0,0,375000,200000,290000,435000,1.1538
REAL_0294,pekerja_harian,36,1,19,5,8,205000,270000,250000,410000,205000,4,survey,5,283750.0,88447.25358464595,0.3117,-0.2407,-59500.0,40,6921.0,1,205000,270000,250000,410000,0.7225
REAL_0295,pekerja_harian,30,2,47,5,8,920000,360000,650000,610000,920000,4,survey,5,635000.0,229274.2171869019,0.3611,1.5556,64000.0,40,15488.0,1,920000,360000,650000,610000,1.4488
REAL_0296,seller_online,22,1,17,5,7,385000,175000,150000,170000,385000,1,survey,6,220000.0,110529.03087726168,0.5024,1.2,67000.0,35,6111.0,1,385000,175000,150000,170000,1.75
REAL_0297,freelance_creative,22,0,21,6,7,475000,225000,295000,0,475000,4,survey,2,248750.0,196442.31553647836,0.7897,1.1111,135500.0,42,5785.0,1,475000,225000,295000,0,1.9095
REAL_0298,kurir,25,1,19,6,7,725000,40000,40000,730000,725000,4,survey,4,383750.0,396933.55867197725,1.0344,17.1246,-1500.0,42,8924.0,1,725000,40000,40000,730000,1.8892
REAL_0299,pekerja_harian,17,2,51,6,6,990000,825000,775000,1010000,990000,4,survey,5,900000.0,117544.3178833697,0.1306,0.2,-1000.0,36,24324.0,1,990000,825000,775000,1010000,1.1
REAL_0300,freelance_creative,25,0,8,4,4,85000,100000,115000,95000,85000,3,survey,2,98750.0,12500.0,0.1266,-0.15,-4500.0,16,5809.0,0,85000,100000,115000,95000,0.8608
REAL_0301,seller_online,23,0,13,6,7,75000,105000,90000,70000,75000,2,survey,6,85000.0,15811.388300841896,0.186,-0.2857,3000.0,42,1977.0,0,75000,105000,90000,70000,0.8823
REAL_0302,driver_online,32,1,62,6,8,1419600,600000,680000,510000,1419600,0,survey,1,802400.0,417285.32205195044,0.52,1.366,264880.0,48,16376.0,0,1419600,600000,680000,510000,1.7692
REAL_0303,seller_online,29,0,24,5,3,0,0,110000,100000,0,3,survey,6,52500.0,60759.087111860616,1.1573,0.0,-41000.0,15,3281.0,0,0,0,110000,100000,0.0
REAL_0304,driver_online,31,1,10,7,9,845000,200000,795000,245000,845000,0,survey,1,521250.0,346058.1598517798,0.6639,3.225,120500.0,63,8145.0,0,845000,200000,795000,245000,1.6211
REAL_0305,seller_online,22,2,4,6,6,820000,1010000,830000,50000,820000,4,survey,6,677500.0,427346.46365683194,0.6308,-0.1881,249000.0,36,18311.0,1,820000,1010000,830000,50000,1.2103
REAL_0306,pekerja_harian,17,2,53,6,8,920000,780000,610000,430000,920000,1,survey,5,685000.0,212053.45238091896,0.3096,0.1795,164000.0,48,13980.0,1,920000,780000,610000,430000,1.3431
REAL_0307,freelance_creative,22,0,3,6,6,290000,325000,325000,310000,290000,2,survey,2,312500.0,16583.123951777,0.0531,-0.1077,-6000.0,36,8446.0,0,290000,325000,325000,310000,0.928
REAL_0308,kurir,39,2,13,7,7,670000,675000,570000,605000,670000,3,survey,4,630000.0,51153.364177409356,0.0812,-0.0074,30000.0,49,12600.0,0,670000,675000,570000,605000,1.0635
REAL_0309,content_creator,30,0,21,5,5,350000,345000,350000,405000,350000,0,survey,0,362500.0,28431.203515386635,0.0784,0.0145,-17000.0,25,13942.0,0,350000,345000,350000,405000,0.9655
REAL_0310,kurir,34,2,14,7,9,920000,400000,940000,570000,920000,1,survey,4,707500.0,266254.89040892123,0.3763,1.3,51000.0,63,11055.0,1,920000,400000,940000,570000,1.3004
REAL_0311,driver_online,24,2,3,7,11,545000,470000,1389900,1240000,545000,1,survey,1,911225.0,471176.8979551806,0.5171,0.1596,-300490.0,77,11682.0,1,545000,470000,1389900,1240000,0.5981
REAL_0312,seller_online,28,1,57,7,6,390000,240000,250000,190000,390000,4,survey,6,267500.0,85780.72821638513,0.3207,0.625,59000.0,42,6221.0,1,390000,240000,250000,190000,1.4579
REAL_0313,pekerja_harian,24,2,18,7,8,820000,825000,245000,500000,820000,2,survey,5,597500.0,279895.81394988147,0.4684,-0.0061,154000.0,56,10482.0,0,820000,825000,245000,500000,1.3724
REAL_0314,pekerja_harian,41,2,18,6,8,525000,550000,570000,600000,525000,0,survey,5,561250.0,31721.4438511238,0.0565,-0.0455,-24500.0,48,11454.0,0,525000,550000,570000,600000,0.9354
REAL_0315,seller_online,32,1,37,6,7,210000,420000,425000,350000,210000,3,survey,6,351250.0,100197.72119830536,0.2853,-0.5,-42500.0,42,8169.0,0,210000,420000,425000,350000,0.5979
REAL_0316,driver_online,40,2,14,6,11,1080000,1125000,950000,990000,1080000,2,survey,1,1036250.0,80350.79339994099,0.0775,-0.04,44500.0,66,15466.0,0,1080000,1125000,950000,990000,1.0422
REAL_0317,seller_online,25,2,24,5,5,475000,650000,600000,575000,475000,2,survey,6,575000.0,73598.00721939871,0.128,-0.2692,-25000.0,25,22115.0,0,475000,650000,600000,575000,0.8261
REAL_0318,seller_online,23,1,3,5,6,170000,145000,475000,195000,170000,4,survey,6,246250.0,153860.05546166512,0.6248,0.1724,-40500.0,30,7944.0,1,170000,145000,475000,195000,0.6904
REAL_0319,content_creator,19,1,28,5,5,350000,360000,405000,330000,350000,1,survey,0,361250.0,31721.4438511238,0.0878,-0.0278,1500.0,25,13894.0,1,350000,360000,405000,330000,0.9689
REAL_0320,freelance_creative,28,1,6,4,8,410000,360000,400000,315000,410000,4,survey,2,371250.0,43277.20724199595,0.1166,0.1389,24500.0,32,11250.0,1,410000,360000,400000,315000,1.1044
REAL_0321,freelance_it,30,1,8,3,9,425000,500000,900000,390000,425000,1,survey,3,553750.0,235349.91679058084,0.425,-0.15,-29500.0,27,19777.0,1,425000,500000,900000,390000,0.7675
REAL_0322,freelance_creative,21,0,29,3,5,600000,600000,455000,480000,600000,4,survey,2,533750.0,77176.74520216566,0.1446,0.0,50500.0,15,33359.0,1,600000,600000,455000,480000,1.1241
REAL_0323,freelance_creative,25,2,11,6,5,850000,715000,1075000,1420000,850000,0,survey,2,1015000.0,308139.5787626121,0.3036,0.1888,-207000.0,30,32742.0,0,850000,715000,1075000,1420000,0.8374
REAL_0324,content_creator,20,0,2,4,3,175000,220000,490000,490000,175000,4,survey,0,343750.0,169871.27479359187,0.4942,-0.2045,-121500.0,12,26442.0,1,175000,220000,490000,490000,0.5091
REAL_0325,driver_online,22,2,13,6,9,855000,700000,900000,825000,855000,3,survey,1,820000.0,85732.14099741123,0.1046,0.2214,-11000.0,54,14909.0,0,855000,700000,900000,825000,1.0427
REAL_0326,seller_online,29,0,16,5,4,505000,370000,600000,680000,505000,4,survey,6,538750.0,133315.10292036182,0.2475,0.3649,-75500.0,20,25655.0,1,505000,370000,600000,680000,0.9374
REAL_0327,freelance_creative,23,2,31,5,4,425000,380000,340000,420000,425000,1,survey,2,391250.0,39660.013447635974,0.1014,0.1184,5500.0,20,18631.0,1,425000,380000,340000,420000,1.0863
REAL_0328,freelance_it,23,2,69,6,5,785000,900000,1290000,875000,785000,0,survey,3,962500.0,223848.90737578625,0.2326,-0.1278,-66000.0,30,31048.0,0,785000,900000,1290000,875000,0.8156
REAL_0329,seller_online,33,1,16,4,3,525000,570000,590000,530000,525000,3,survey,6,553750.0,31457.643480294788,0.0568,-0.0789,-3500.0,12,42596.0,0,525000,570000,590000,530000,0.9481
REAL_0330,kurir,47,2,39,6,10,1419600,500000,725000,650000,1419600,0,survey,4,823650.0,408163.3129030584,0.4956,1.8392,208380.0,60,13502.0,0,1419600,500000,725000,650000,1.7235
REAL_0331,pekerja_harian,39,2,80,7,10,250000,200000,225000,430000,250000,4,survey,5,276250.0,104512.75839181869,0.3783,0.25,-56500.0,70,3891.0,1,250000,200000,225000,430000,0.905
REAL_0332,content_creator,21,0,1,6,6,155000,0,150000,150000,155000,0,survey,0,113750.0,75869.95452746759,0.667,155000.0,-13500.0,36,3074.0,0,155000,0,150000,150000,1.3626
REAL_0333,driver_online,36,1,12,7,8,610000,625000,725000,625000,610000,3,survey,1,646250.0,52974.050251042725,0.082,-0.024,-14500.0,56,11338.0,0,610000,625000,725000,625000,0.9439
REAL_0334,content_creator,17,0,17,4,6,0,175000,180000,280000,0,0,survey,0,158750.0,116359.71525116987,0.733,-1.0,-84500.0,24,6350.0,0,0,175000,180000,280000,0.0
REAL_0335,kurir,36,2,23,6,7,775000,835000,900000,820000,775000,2,survey,4,832500.0,51720.402163943,0.0621,-0.0719,-20000.0,42,19360.0,0,775000,835000,900000,820000,0.9309
REAL_0336,tutor,18,1,38,3,5,310000,310000,405000,225000,310000,0,survey,7,312500.0,73541.37157636735,0.2353,0.0,16000.0,15,19531.0,0,310000,310000,405000,225000,0.992
REAL_0337,tutor,18,1,45,2,2,175000,375000,400000,215000,175000,1,survey,7,291250.0,112795.90713614863,0.3873,-0.5333,-14500.0,4,58250.0,1,175000,375000,400000,215000,0.6009
REAL_0338,tutor,26,0,24,3,5,140000,135000,80000,0,140000,4,survey,7,88750.0,65112.08285205852,0.7336,0.037,47500.0,15,5547.0,1,140000,135000,80000,0,1.5774
REAL_0339,driver_online,22,2,75,5,8,1000000,755000,1350000,1200000,1000000,1,survey,1,1076250.0,257726.43765564033,0.2395,0.3245,-119500.0,40,26250.0,1,1000000,755000,1350000,1200000,0.9292
REAL_0340,content_creator,26,1,51,5,7,35000,640000,600000,755000,35000,1,survey,0,507500.0,321778.9096051304,0.634,-0.9453,-212000.0,35,14097.0,1,35000,640000,600000,755000,0.069
REAL_0341,content_creator,28,0,34,4,3,325000,505000,510000,200000,325000,3,survey,0,385000.0,150388.3860764077,0.3906,-0.3564,37000.0,12,29615.0,0,325000,505000,510000,200000,0.8442
REAL_0342,seller_online,25,0,37,5,7,480000,475000,460000,450000,480000,1,survey,6,466250.0,13768.926368215254,0.0295,0.0105,10500.0,35,12951.0,1,480000,475000,460000,450000,1.0295
REAL_0343,freelance_it,23,0,18,4,8,85000,260000,0,200000,85000,2,survey,3,136250.0,116288.07620158941,0.8535,-0.6731,-8500.0,32,4129.0,0,85000,260000,0,200000,0.6238
REAL_0344,seller_online,39,2,20,6,5,265000,275000,515000,570000,265000,4,survey,6,406250.0,158974.57868057606,0.3913,-0.0364,-115500.0,30,13105.0,1,265000,275000,515000,570000,0.6523
REAL_0345,seller_online,26,2,12,5,7,605000,830000,375000,675000,605000,2,survey,6,621250.0,189181.35038458026,0.3045,-0.2711,24500.0,35,17257.0,0,605000,830000,375000,675000,0.9738
REAL_0346,seller_online,37,2,26,6,5,890000,915000,775000,500000,890000,2,survey,6,770000.0,190043.85458800467,0.2468,-0.0273,131000.0,30,24839.0,0,890000,915000,775000,500000,1.1558
REAL_0347,freelance_creative,32,1,14,4,8,350000,310000,350000,350000,350000,1,survey,2,340000.0,20000.0,0.0588,0.129,-4000.0,32,10303.0,1,350000,310000,350000,350000,1.0294
REAL_0348,freelance_creative,31,1,58,5,5,325000,310000,380000,350000,325000,3,survey,2,341250.0,30652.6235962492,0.0898,0.0484,-14500.0,25,13125.0,0,325000,310000,380000,350000,0.9524
REAL_0349,driver_online,38,2,23,5,9,1415000,800000,1040000,1330000,1415000,1,survey,1,1146250.0,281169.4329047878,0.2453,0.7687,1500.0,45,24918.0,1,1415000,800000,1040000,1330000,1.2345
REAL_0350,freelance_it,26,1,17,5,4,570000,360000,1340000,775000,570000,4,survey,3,761250.0,421394.01593599626,0.5536,0.5833,-159500.0,20,36250.0,1,570000,360000,1340000,775000,0.7488
REAL_0351,freelance_creative,30,1,16,6,6,190000,250000,250000,230000,190000,0,survey,2,230000.0,28284.2712474619,0.123,-0.24,-12000.0,36,6216.0,0,190000,250000,250000,230000,0.8261
REAL_0352,pekerja_harian,35,2,72,7,8,715000,565000,500000,300000,715000,2,survey,5,520000.0,172094.93504071137,0.331,0.2655,131000.0,56,9123.0,0,715000,565000,500000,300000,1.375
REAL_0353,freelance_creative,24,1,21,6,7,290000,1060000,470000,650000,290000,2,survey,2,617500.0,329583.06995353993,0.5337,-0.7264,-49000.0,42,14360.0,0,290000,1060000,470000,650000,0.4696
REAL_0354,pekerja_harian,37,1,53,4,6,500000,350000,1090000,380000,500000,3,survey,5,580000.0,346121.3659975356,0.5968,0.4286,-38000.0,24,23200.0,0,500000,350000,1090000,380000,0.8621
REAL_0355,tutor,26,0,30,3,4,100000,220000,170000,100000,100000,2,survey,7,147500.0,58523.49955359813,0.3968,-0.5455,5000.0,12,11346.0,0,100000,220000,170000,100000,0.678
REAL_0356,content_creator,17,0,4,5,6,355000,335000,300000,300000,355000,1,survey,0,322500.0,27233.55773061365,0.0844,0.0597,20000.0,30,10403.0,1,355000,335000,300000,300000,1.1008
REAL_0357,freelance_it,30,0,12,4,7,30000,30000,775000,25000,30000,3,survey,3,215000.0,373340.7737353815,1.7365,0.0,-73000.0,28,7414.0,0,30000,30000,775000,25000,0.1395
REAL_0358,freelance_it,25,1,31,3,9,25000,25000,30000,650000,25000,4,survey,3,182500.0,311675.57919520524,1.7078,0.0,-188000.0,27,6518.0,1,25000,25000,30000,650000,0.137
REAL_0359,kurir,34,1,22,7,10,675000,675000,1389900,575000,675000,4,survey,4,828725.0,377074.9295564477,0.455,0.0,-41490.0,70,11672.0,1,675000,675000,1389900,575000,0.8145
REAL_0360,freelance_it,31,0,36,5,7,445000,420000,395000,575000,445000,4,survey,3,458750.0,80143.10117949433,0.1747,0.0595,-36500.0,35,12743.0,1,445000,420000,395000,575000,0.97
REAL_0361,freelance_creative,21,0,82,4,4,90000,75000,80000,80000,90000,4,survey,2,81250.0,6291.528696058957,0.0774,0.2,2500.0,16,4779.0,1,90000,75000,80000,80000,1.1077
REAL_0362,pekerja_harian,48,2,48,7,9,625000,540000,500000,505000,625000,4,survey,5,542500.0,57807.15065341542,0.1066,0.1574,40000.0,63,8477.0,1,625000,540000,500000,505000,1.1521
REAL_0363,seller_online,34,0,8,4,5,380000,555000,520000,350000,380000,0,survey,6,451250.0,101355.39781712006,0.2246,-0.3153,12500.0,20,21488.0,0,380000,555000,520000,350000,0.8421
REAL_0364,kurir,30,2,2,7,11,1000000,700000,540000,420000,1000000,1,survey,4,665000.0,251064.40076867395,0.3775,0.4286,190000.0,77,8526.0,1,1000000,700000,540000,420000,1.5038
REAL_0365,pekerja_harian,30,0,55,6,8,220000,200000,210000,210000,220000,1,survey,5,210000.0,8164.96580927726,0.0389,0.1,2000.0,48,4286.0,1,220000,200000,210000,210000,1.0476
REAL_0366,kurir,31,2,65,7,11,470000,320000,475000,520000,470000,4,survey,4,446250.0,87118.21470469498,0.1952,0.4687,-30500.0,77,5721.0,1,470000,320000,475000,520000,1.0532
REAL_0367,content_creator,20,0,18,5,3,110000,75000,100000,50000,110000,1,survey,0,83750.0,26887.10967483613,0.321,0.4667,15500.0,15,5234.0,1,110000,75000,100000,50000,1.3134
REAL_0368,pekerja_harian,29,1,54,3,5,725000,310000,725000,250000,725000,1,survey,5,502500.0,258085.90301163937,0.5136,1.3387,101000.0,15,31406.0,1,725000,310000,725000,250000,1.4428
REAL_0369,seller_online,43,2,14,6,8,525000,450000,665000,650000,525000,4,survey,6,572500.0,102996.7637032025,0.1799,0.1667,-59000.0,48,11684.0,1,525000,450000,665000,650000,0.917
REAL_0370,tutor,22,0,20,3,3,205000,200000,200000,0,205000,2,survey,7,151250.0,100860.87778056796,0.6668,0.025,61500.0,9,15125.0,0,205000,200000,200000,0,1.3554
REAL_0371,freelance_creative,21,2,4,3,4,570000,125000,475000,375000,570000,1,survey,2,386250.0,191501.74063612754,0.4958,3.56,23500.0,12,29712.0,1,570000,125000,475000,375000,1.4757
REAL_0372,freelance_creative,23,0,42,5,5,325000,275000,220000,200000,325000,2,survey,2,255000.0,56421.03626603585,0.2213,0.1818,43000.0,25,9808.0,0,325000,275000,220000,200000,1.2745
REAL_0373,content_creator,25,0,44,5,6,550000,510000,300000,200000,550000,4,survey,0,390000.0,167531.09164172082,0.4296,0.0784,126000.0,30,12581.0,1,550000,510000,300000,200000,1.4103
REAL_0374,driver_online,31,2,78,5,7,615000,625000,590000,630000,615000,4,survey,1,615000.0,17795.130420052184,0.0289,-0.016,-1000.0,35,17083.0,1,615000,625000,590000,630000,1.0
REAL_0375,content_creator,22,0,65,5,6,0,75000,40000,40000,0,1,survey,0,38750.0,30652.6235962492,0.791,-1.0,-8500.0,30,1250.0,1,0,75000,40000,40000,0.0
REAL_0376,freelance_creative,27,0,31,3,6,75000,115000,140000,125000,75000,3,survey,2,113750.0,27801.37886268713,0.2444,-0.3478,-17500.0,18,5987.0,0,75000,115000,140000,125000,0.6593
REAL_0377,freelance_creative,28,1,82,5,6,320000,675000,630000,290000,320000,4,survey,2,478750.0,201840.48982633124,0.4216,-0.5259,13500.0,30,15444.0,1,320000,675000,630000,290000,0.6684
REAL_0378,pekerja_harian,34,0,19,3,6,80000,50000,150000,130000,80000,1,survey,5,102500.0,45734.742446707474,0.4462,0.6,-25000.0,18,5395.0,1,80000,50000,150000,130000,0.7805
REAL_0379,driver_online,34,2,3,7,9,610000,425000,440000,540000,610000,1,survey,1,503750.0,87309.31603595728,0.1733,0.4353,19500.0,63,7871.0,1,610000,425000,440000,540000,1.2109
REAL_0380,pekerja_harian,45,2,19,7,6,380000,370000,320000,330000,380000,3,survey,5,350000.0,29439.20288775949,0.0841,0.027,20000.0,42,8140.0,0,380000,370000,320000,330000,1.0857
REAL_0381,kurir,22,1,35,6,9,925000,840000,270000,210000,925000,0,survey,4,561250.0,373371.4638265758,0.6652,0.1012,271500.0,54,10205.0,0,925000,840000,270000,210000,1.6481
REAL_0382,seller_online,28,2,33,7,6,75000,340000,295000,125000,75000,4,survey,6,208750.0,128541.49783889507,0.6158,-0.7794,-10500.0,42,4855.0,1,75000,340000,295000,125000,0.3593
REAL_0383,seller_online,22,1,36,5,4,360000,275000,320000,300000,360000,1,survey,6,313750.0,35910.7690440254,0.1145,0.3091,13500.0,20,14940.0,1,360000,275000,320000,300000,1.1474
REAL_0384,pekerja_harian,26,2,6,7,6,290000,775000,350000,300000,290000,0,survey,5,428750.0,232320.7194088953,0.5419,-0.6258,39500.0,42,9971.0,0,290000,775000,350000,300000,0.6764
REAL_0385,freelance_creative,24,0,12,4,4,500000,200000,320000,475000,500000,1,survey,2,373750.0,140556.92796870598,0.3761,1.5,-4500.0,16,21985.0,1,500000,200000,320000,475000,1.3378
REAL_0386,freelance_it,26,0,13,5,6,270000,350000,400000,325000,270000,4,survey,3,336250.0,54064.00527769531,0.1608,-0.2286,-21500.0,30,10847.0,1,270000,350000,400000,325000,0.803
REAL_0387,pekerja_harian,31,1,1,3,5,535000,280000,350000,400000,535000,4,survey,5,391250.0,107732.30713207621,0.2754,0.9107,33500.0,15,24453.0,1,535000,280000,350000,400000,1.3674
REAL_0388,seller_online,27,2,4,6,6,480000,490000,350000,450000,480000,4,survey,6,442500.0,63966.136874651624,0.1446,-0.0204,23000.0,36,11959.0,1,480000,490000,350000,450000,1.0847
REAL_0389,freelance_creative,23,2,8,5,4,675000,700000,875000,825000,675000,4,survey,2,768750.0,96555.25188547056,0.1256,-0.0357,-62500.0,20,36607.0,1,675000,700000,875000,825000,0.878
REAL_0390,seller_online,26,2,1,5,4,815000,665000,680000,720000,815000,2,survey,6,720000.0,67453.6878161602,0.0937,0.2256,27000.0,20,34286.0,0,815000,665000,680000,720000,1.1319
REAL_0391,content_creator,19,1,32,5,5,25000,290000,300000,400000,25000,1,survey,0,253750.0,160383.654611892,0.6321,-0.9138,-113500.0,25,9760.0,1,25000,290000,300000,400000,0.0985
REAL_0392,pekerja_harian,30,2,2,6,10,540000,710000,570000,25000,540000,2,survey,5,461250.0,300121.5031727428,0.6507,-0.2394,168500.0,60,7561.0,0,540000,710000,570000,25000,1.1707
REAL_0393,kurir,32,2,21,6,8,585000,1280000,1350000,1070000,585000,0,survey,4,1071250.0,345310.8502977185,0.3223,-0.543,-152500.0,48,21862.0,0,585000,1280000,1350000,1070000,0.5461
REAL_0394,pekerja_harian,37,1,21,5,10,395000,460000,480000,475000,395000,1,survey,5,452500.0,39264.06329796582,0.0868,-0.1413,-26000.0,50,8873.0,1,395000,460000,480000,475000,0.8729
REAL_0395,freelance_creative,24,0,20,5,6,270000,440000,275000,500000,270000,3,survey,2,371250.0,116645.83147288204,0.3142,-0.3864,-52500.0,30,11976.0,0,270000,440000,275000,500000,0.7273
REAL_0396,driver_online,34,2,28,5,11,1360000,400000,1360000,655000,1360000,2,survey,1,943750.0,491788.8266319193,0.5211,2.4,115500.0,55,16853.0,0,1360000,400000,1360000,655000,1.4411
REAL_0397,driver_online,33,1,23,7,10,1140000,1293800,1125000,695000,1140000,3,survey,1,1063450.0,257206.03284785783,0.2419,-0.1189,150380.0,70,14978.0,0,1140000,1293800,1125000,695000,1.072
REAL_0398,freelance_it,23,2,15,3,8,1090000,530000,1350000,1422300,1090000,1,survey,3,1098075.0,404706.6705240558,0.3686,1.0566,-181690.0,24,43923.0,1,1090000,530000,1350000,1422300,0.9926
REAL_0399,tutor,26,1,2,4,2,240000,170000,205000,325000,240000,1,survey,7,235000.0,66458.00679125628,0.2828,0.4118,-29000.0,8,26111.0,1,240000,170000,205000,325000,1.0213
REAL_0400,content_creator,21,1,43,5,6,470000,350000,495000,280000,470000,0,survey,0,398750.0,101355.39781712006,0.2542,0.3429,42500.0,30,12863.0,0,470000,350000,495000,280000,1.1787
REAL_0401,content_creator,28,0,34,4,5,310000,375000,360000,400000,310000,4,survey,0,361250.0,37941.8414594407,0.105,-0.1733,-25500.0,20,17202.0,1,310000,375000,360000,400000,0.8581
REAL_0402,pekerja_harian,51,2,20,5,7,250000,320000,920000,790000,250000,3,survey,5,570000.0,334564.3934033228,0.587,-0.2187,-222000.0,35,15833.0,0,250000,320000,920000,790000,0.4386
REAL_0403,freelance_creative,22,0,66,5,7,255000,320000,325000,270000,255000,0,survey,2,292500.0,35237.29085310995,0.1205,-0.2031,-5000.0,35,8125.0,0,255000,320000,325000,270000,0.8718
REAL_0404,pekerja_harian,37,1,17,5,8,280000,290000,285000,345000,280000,0,survey,5,300000.0,30276.503540974914,0.1009,-0.0345,-19000.0,40,7317.0,0,280000,290000,285000,345000,0.9333
REAL_0405,freelance_creative,26,1,19,4,6,710000,620000,600000,625000,710000,1,survey,2,638750.0,48712.592485584944,0.0763,0.1452,27500.0,24,25550.0,1,710000,620000,600000,625000,1.1115
REAL_0406,pekerja_harian,24,2,23,6,8,640000,270000,360000,595000,640000,3,survey,5,466250.0,179414.55719459703,0.3848,1.3704,4500.0,48,9515.0,0,640000,270000,360000,595000,1.3727
REAL_0407,tutor,25,1,29,3,4,175000,150000,195000,555000,175000,4,survey,7,268750.0,191719.19570037842,0.7134,0.1667,-118500.0,12,20673.0,1,175000,150000,195000,555000,0.6512
REAL_0408,freelance_creative,23,2,3,4,8,810000,750000,700000,1422300,810000,1,survey,2,920575.0,337492.69992105017,0.3666,0.08,-178690.0,32,27896.0,1,810000,750000,700000,1422300,0.8799
REAL_0409,tutor,17,0,18,2,3,350000,340000,350000,340000,350000,1,survey,7,345000.0,5773.502691896258,0.0167,0.0294,2000.0,6,49286.0,1,350000,340000,350000,340000,1.0145
REAL_0410,freelance_creative,21,2,21,4,8,980000,1030000,1000000,1015000,980000,1,survey,2,1006250.0,21360.00936329383,0.0212,-0.0485,-7500.0,32,30492.0,1,980000,1030000,1000000,1015000,0.9739
REAL_0411,pekerja_harian,37,1,12,5,6,325000,270000,270000,325000,325000,4,survey,5,297500.0,31754.264805429415,0.1067,0.2037,0.0,30,9597.0,1,325000,270000,270000,325000,1.0924
REAL_0412,seller_online,38,1,19,4,4,210000,305000,175000,280000,210000,0,survey,6,242500.0,60346.22330077224,0.2488,-0.3115,-8000.0,16,14265.0,0,210000,305000,175000,280000,0.866
REAL_0413,seller_online,22,1,16,5,5,80000,160000,100000,130000,80000,1,survey,6,117500.0,35000.0,0.2979,-0.5,-9000.0,25,4519.0,1,80000,160000,100000,130000,0.6808
REAL_0414,seller_online,20,1,74,5,3,175000,130000,125000,150000,175000,0,survey,6,145000.0,22730.30282830976,0.1568,0.3462,8000.0,15,9062.0,0,175000,130000,125000,150000,1.2069
REAL_0415,pekerja_harian,29,2,48,6,8,365000,415000,425000,350000,365000,0,survey,5,388750.0,36827.299656640585,0.0947,-0.1205,3500.0,48,7934.0,0,365000,415000,425000,350000,0.9389
REAL_0416,freelance_creative,25,2,40,4,7,925000,960000,725000,310000,925000,2,survey,2,730000.0,298524.1475436563,0.4089,-0.0365,208000.0,28,25172.0,0,925000,960000,725000,310000,1.2671
REAL_0417,pekerja_harian,34,2,23,5,6,500000,500000,525000,575000,500000,0,survey,5,525000.0,35355.33905932738,0.0673,0.0,-25000.0,30,16935.0,0,500000,500000,525000,575000,0.9524
REAL_0418,content_creator,26,0,37,5,6,110000,245000,250000,140000,110000,3,survey,0,186250.0,71807.03308172536,0.3855,-0.551,-9500.0,30,6008.0,0,110000,245000,250000,140000,0.5906
REAL_0419,driver_online,33,2,26,5,11,1075000,1293800,1095000,1150000,1075000,1,survey,1,1153450.0,98794.11251014235,0.0857,-0.1691,-2620.0,55,20597.0,1,1075000,1293800,1095000,1150000,0.932
REAL_0420,tutor,20,1,78,4,5,350000,310000,340000,210000,350000,1,survey,7,302500.0,63966.136874651624,0.2115,0.129,39000.0,20,14405.0,1,350000,310000,340000,210000,1.157
REAL_0421,kurir,18,2,23,6,8,590000,550000,625000,650000,590000,4,survey,4,603750.0,43469.33785248325,0.072,0.0727,-25500.0,48,12321.0,1,590000,550000,625000,650000,0.9772
REAL_0422,driver_online,31,2,2,6,11,850000,1010000,645000,500000,850000,2,survey,1,751250.0,224439.11572332185,0.2988,-0.1584,141500.0,66,11213.0,0,850000,1010000,645000,500000,1.1314
REAL_0423,freelance_creative,19,1,11,6,7,175000,215000,150000,200000,175000,1,survey,2,185000.0,28577.38033247041,0.1545,-0.186,-1000.0,42,4302.0,1,175000,215000,150000,200000,0.9459
REAL_0424,freelance_creative,24,0,68,4,4,0,810000,770000,680000,0,2,survey,2,565000.0,380569.74831603904,0.6736,-1.0,-200000.0,16,33235.0,0,0,810000,770000,680000,0.0
REAL_0425,seller_online,33,2,20,6,6,320000,450000,415000,505000,320000,1,survey,6,422500.0,77728.15877574013,0.184,-0.2889,-52000.0,36,11419.0,1,320000,450000,415000,505000,0.7574
REAL_0426,tutor,25,0,69,2,4,140000,110000,200000,140000,140000,0,survey,7,147500.0,37749.17217635375,0.2559,0.2727,-9000.0,8,16389.0,0,140000,110000,200000,140000,0.9491
REAL_0427,pekerja_harian,28,1,49,5,7,475000,600000,620000,630000,475000,4,survey,5,581250.0,71922.99122441075,0.1237,-0.2083,-48500.0,35,16146.0,1,475000,600000,620000,630000,0.8172
REAL_0428,freelance_creative,24,0,1,3,6,360000,455000,475000,450000,360000,0,survey,2,435000.0,51153.364177409356,0.1176,-0.2088,-29000.0,18,22895.0,0,360000,455000,475000,450000,0.8276
REAL_0429,freelance_it,20,2,11,3,6,585000,1293800,480000,685000,585000,1,survey,3,760950.0,364960.6508470011,0.4796,-0.5478,51380.0,18,40050.0,1,585000,1293800,480000,685000,0.7688
REAL_0430,kurir,26,0,7,7,8,150000,225000,160000,190000,150000,1,survey,4,181250.0,33757.715167548486,0.1862,-0.3333,-5500.0,56,3180.0,1,150000,225000,160000,190000,0.8276
REAL_0431,driver_online,46,1,23,7,8,575000,1050000,650000,950000,575000,1,survey,1,806250.0,229469.49688357275,0.2846,-0.4524,-72500.0,56,14145.0,1,575000,1050000,650000,950000,0.7132
REAL_0432,freelance_creative,21,1,14,5,7,675000,620000,470000,570000,675000,1,survey,2,583750.0,87118.21470469498,0.1492,0.0887,46500.0,35,16215.0,1,675000,620000,470000,570000,1.1563
REAL_0433,pekerja_harian,47,2,21,6,6,520000,420000,25000,500000,520000,0,survey,5,366250.0,231566.2252286949,0.6323,0.2381,45500.0,36,9899.0,0,520000,420000,25000,500000,1.4198
REAL_0434,freelance_it,27,0,8,6,5,680000,30000,675000,650000,680000,1,survey,3,508750.0,319436.35255451646,0.6279,21.6659,-55500.0,30,16411.0,1,680000,30000,675000,650000,1.3366
REAL_0435,pekerja_harian,17,2,63,5,7,430000,530000,300000,325000,430000,0,survey,5,396250.0,105465.23913909581,0.2662,-0.1887,54500.0,35,11007.0,0,430000,530000,300000,325000,1.0852
REAL_0436,driver_online,31,1,80,6,9,875000,700000,730000,825000,875000,1,survey,1,782500.0,81496.42118931767,0.1041,0.25,12000.0,54,14227.0,1,875000,700000,730000,825000,1.1182
REAL_0437,seller_online,39,1,84,6,7,945000,1030000,1100000,700000,945000,3,survey,6,943750.0,174421.66340987195,0.1848,-0.0825,66500.0,42,21948.0,0,945000,1030000,1100000,700000,1.0013
REAL_0438,freelance_it,25,2,12,4,5,575000,500000,475000,475000,575000,2,survey,3,506250.0,47324.236215002275,0.0935,0.15,32500.0,20,24107.0,0,575000,500000,475000,475000,1.1358
REAL_0439,seller_online,28,2,5,6,5,730000,350000,290000,230000,730000,0,survey,6,400000.0,225388.5533916929,0.5635,1.0857,156000.0,30,12903.0,0,730000,350000,290000,230000,1.825
REAL_0440,seller_online,32,1,2,7,5,500000,340000,325000,605000,500000,4,survey,6,442500.0,134195.1315560044,0.3033,0.4706,-30000.0,35,12292.0,1,500000,340000,325000,605000,1.1299
REAL_0441,driver_online,42,1,30,6,9,590000,770000,790000,870000,590000,4,survey,1,755000.0,118180.65267490558,0.1565,-0.2338,-86000.0,54,13727.0,1,590000,770000,790000,870000,0.7815
REAL_0442,seller_online,17,1,35,5,6,330000,375000,380000,255000,330000,3,survey,6,335000.0,57879.18451395113,0.1728,-0.12,22000.0,30,10806.0,0,330000,375000,380000,255000,0.9851
REAL_0443,tutor,28,1,14,4,5,850000,850000,850000,370000,850000,1,survey,7,730000.0,240000.0,0.3288,0.0,144000.0,20,34762.0,1,850000,850000,850000,370000,1.1644
REAL_0444,kurir,29,1,24,7,8,545000,760000,880000,1150000,545000,4,survey,4,833750.0,252301.9024898544,0.3026,-0.2829,-193500.0,56,14627.0,1,545000,760000,880000,1150000,0.6537
REAL_0445,tutor,21,0,53,2,3,100000,60000,0,70000,100000,3,survey,7,57500.0,41932.48541803041,0.7292,0.6667,15000.0,6,8214.0,0,100000,60000,0,70000,1.7391
REAL_0446,driver_online,36,2,68,5,8,1419600,1293800,1389900,1422300,1419600,4,survey,1,1381400.0,60216.44293712474,0.0436,0.0972,-10420.0,40,33693.0,1,1419600,1293800,1389900,1422300,1.0277
REAL_0447,pekerja_harian,34,2,45,7,7,275000,260000,10000,220000,275000,0,survey,5,191250.0,123043.01415900592,0.6434,0.0577,41500.0,49,3825.0,0,275000,260000,10000,220000,1.4379
REAL_0448,freelance_it,27,2,14,5,5,450000,350000,500000,500000,450000,1,survey,3,450000.0,70710.67811865476,0.1571,0.2857,-30000.0,25,17308.0,1,450000,350000,500000,500000,1.0
REAL_0449,seller_online,20,1,75,6,8,675000,860000,875000,860000,675000,4,survey,6,817500.0,95262.79441628825,0.1165,-0.2151,-57000.0,48,16684.0,1,675000,860000,875000,860000,0.8257
REAL_0450,kurir,22,2,36,6,8,520000,650000,520000,650000,520000,2,survey,4,585000.0,75055.53499465135,0.1283,-0.2,-26000.0,48,11939.0,0,520000,650000,520000,650000,0.8889
REAL_0451,seller_online,18,0,16,5,6,320000,400000,250000,255000,320000,1,survey,6,306250.0,70163.49953263924,0.2291,-0.2,34500.0,30,9879.0,1,320000,400000,250000,255000,1.0449
REAL_0452,freelance_it,27,1,24,3,5,740000,700000,680000,575000,740000,1,survey,3,673750.0,70400.63920164361,0.1045,0.0571,51500.0,15,42109.0,1,740000,700000,680000,575000,1.0983
REAL_0453,driver_online,34,2,18,6,9,420000,1280000,1130000,1290000,420000,1,survey,1,1030000.0,413198.9028704376,0.4012,-0.6719,-246000.0,54,18727.0,1,420000,1280000,1130000,1290000,0.4078
REAL_0454,freelance_it,26,0,8,5,8,1020000,490000,340000,470000,1020000,1,survey,3,580000.0,300776.7721528154,0.5186,1.0816,180000.0,40,14146.0,1,1020000,490000,340000,470000,1.7586
REAL_0455,driver_online,43,2,22,6,8,700000,605000,500000,680000,700000,1,survey,1,621250.0,90588.3546599672,0.1458,0.157,16500.0,48,12679.0,1,700000,605000,500000,680000,1.1268
REAL_0456,pekerja_harian,34,2,16,6,7,430000,325000,225000,275000,430000,1,survey,5,313750.0,87595.18632131943,0.2792,0.3231,56500.0,42,7297.0,1,430000,325000,225000,275000,1.3705
REAL_0457,kurir,29,2,44,6,10,500000,500000,480000,450000,500000,1,survey,4,482500.0,23629.07813126304,0.049,0.0,17000.0,60,7910.0,1,500000,500000,480000,450000,1.0363
REAL_0458,kurir,41,0,24,7,7,0,575000,600000,430000,0,1,survey,4,401250.0,277800.1379889266,0.6923,-1.0,-131500.0,49,8025.0,1,0,575000,600000,430000,0.0
REAL_0459,pekerja_harian,41,2,29,5,9,920000,925000,925000,275000,920000,1,survey,5,761250.0,324175.23553370533,0.4258,-0.0054,193500.0,45,16549.0,1,920000,925000,925000,275000,1.2085
REAL_0460,seller_online,41,1,14,7,8,720000,230000,450000,465000,720000,1,survey,6,466250.0,200390.24427351746,0.4298,2.1304,54500.0,56,8180.0,1,720000,230000,450000,465000,1.5442
REAL_0461,freelance_it,26,1,14,5,5,955000,725000,1235000,770000,955000,4,survey,3,921250.0,231638.18769797005,0.2514,0.3172,4500.0,25,35433.0,1,955000,725000,1235000,770000,1.0366
REAL_0462,seller_online,22,2,44,5,8,100000,150000,155000,100000,100000,0,survey,6,126250.0,30379.543555930308,0.2406,-0.3333,-500.0,40,3079.0,0,100000,150000,155000,100000,0.7921
REAL_0463,freelance_it,29,0,21,5,6,465000,435000,365000,460000,465000,4,survey,3,431250.0,46075.11982259695,0.1068,0.069,8500.0,30,13911.0,1,465000,435000,365000,460000,1.0783
REAL_0464,driver_online,45,2,29,6,9,510000,500000,650000,625000,510000,3,survey,1,571250.0,77284.64703074386,0.1353,0.02,-49500.0,54,10386.0,0,510000,500000,650000,625000,0.8928
REAL_0465,pekerja_harian,30,0,57,5,9,135000,100000,290000,150000,135000,1,survey,5,168750.0,83503.99192054632,0.4948,0.35,-23500.0,45,3668.0,1,135000,100000,290000,150000,0.8
REAL_0466,freelance_creative,21,2,5,6,4,275000,300000,350000,300000,275000,3,survey,2,306250.0,31457.643480294788,0.1027,-0.0833,-12500.0,24,12250.0,0,275000,300000,350000,300000,0.898
REAL_0467,seller_online,26,2,55,4,6,480000,425000,320000,280000,480000,1,survey,6,376250.0,92319.64399122576,0.2454,0.1294,70500.0,24,15050.0,1,480000,425000,320000,280000,1.2757
REAL_0468,content_creator,22,0,9,5,6,400000,350000,320000,380000,400000,1,survey,0,362500.0,35000.0,0.0966,0.1429,9000.0,30,11694.0,1,400000,350000,320000,380000,1.1034
REAL_0469,freelance_creative,17,1,5,5,4,360000,440000,350000,425000,360000,0,survey,2,393750.0,45345.89286804263,0.1152,-0.1818,-10500.0,20,18750.0,0,360000,440000,350000,425000,0.9143
REAL_0470,pekerja_harian,31,2,50,5,8,250000,275000,340000,290000,250000,3,survey,5,288750.0,37941.8414594407,0.1314,-0.0909,-18500.0,40,7043.0,0,250000,275000,340000,290000,0.8658
REAL_0471,seller_online,52,1,84,5,4,685000,650000,775000,625000,685000,3,survey,6,683750.0,65622.02374203343,0.096,0.0538,5500.0,20,32560.0,0,685000,650000,775000,625000,1.0018
REAL_0472,driver_online,36,0,25,7,8,660000,25000,30000,700000,660000,4,survey,1,353750.0,377080.34068794054,1.0659,25.399,-12500.0,56,6206.0,1,660000,25000,30000,700000,1.8657
REAL_0473,driver_online,41,1,27,7,7,775000,440000,960000,960000,775000,3,survey,1,783750.0,245199.7485044931,0.3129,0.7614,-107500.0,49,15675.0,0,775000,440000,960000,960000,0.9888
REAL_0474,pekerja_harian,43,1,18,5,6,300000,450000,925000,350000,300000,3,survey,5,506250.0,286047.053238915,0.565,-0.3333,-62500.0,30,16331.0,0,300000,450000,925000,350000,0.5926
REAL_0475,kurir,29,2,22,7,11,475000,390000,425000,415000,475000,1,survey,4,426250.0,35677.95771434607,0.0837,0.2179,14500.0,77,5465.0,1,475000,390000,425000,415000,1.1144
REAL_0476,kurir,25,2,6,6,8,695000,325000,320000,375000,695000,3,survey,4,428750.0,179228.67144144842,0.418,1.1385,96500.0,48,8750.0,0,695000,325000,320000,375000,1.621
REAL_0477,seller_online,35,1,10,7,7,140000,170000,175000,185000,140000,4,survey,6,167500.0,19364.916731037083,0.1156,-0.1765,-14000.0,49,3350.0,1,140000,170000,175000,185000,0.8358
REAL_0478,kurir,42,2,18,5,9,430000,930000,470000,910000,430000,2,survey,4,685000.0,271968.13538844336,0.397,-0.5376,-98000.0,45,14891.0,0,430000,930000,470000,910000,0.6277
REAL_0479,tutor,24,0,20,4,5,450000,435000,105000,530000,450000,1,survey,7,380000.0,188015.95676963165,0.4948,0.0345,9000.0,20,18095.0,1,450000,435000,105000,530000,1.1842
REAL_0480,tutor,18,0,37,5,5,195000,170000,160000,180000,195000,0,survey,7,176250.0,14930.394055974097,0.0847,0.1471,5500.0,25,6779.0,0,195000,170000,160000,180000,1.1064
REAL_0481,tutor,20,1,9,4,5,525000,380000,260000,390000,525000,1,survey,7,388750.0,108349.35778920581,0.2787,0.3816,52500.0,20,18512.0,1,525000,380000,260000,390000,1.3505
REAL_0482,content_creator,23,0,20,3,3,20000,305000,425000,20000,20000,3,survey,0,192500.0,205121.91496766015,1.0656,-0.9344,-12000.0,9,19250.0,0,20000,305000,425000,20000,0.1039
REAL_0483,kurir,27,2,35,6,8,865000,210000,525000,330000,865000,1,survey,4,482500.0,286138.0785564899,0.593,3.119,129000.0,48,9847.0,1,865000,210000,525000,330000,1.7927
REAL_0484,freelance_creative,27,2,32,5,6,190000,265000,370000,170000,190000,0,survey,2,248750.0,90588.3546599672,0.3642,-0.283,-4500.0,30,8024.0,0,190000,265000,370000,170000,0.7638
REAL_0485,seller_online,21,2,1,4,4,180000,160000,10000,230000,180000,1,survey,6,145000.0,94692.4847422786,0.653,0.125,0.0,16,8529.0,1,180000,160000,10000,230000,1.2414
REAL_0486,seller_online,38,0,48,6,3,25000,20000,375000,375000,25000,1,survey,6,198750.0,203526.20633880704,1.024,0.25,-140500.0,18,10461.0,1,25000,20000,375000,375000,0.1258
REAL_0487,seller_online,34,0,7,6,4,400000,375000,380000,355000,400000,2,survey,6,377500.0,18484.22751068236,0.049,0.0667,13000.0,24,15100.0,0,400000,375000,380000,355000,1.0596
REAL_0488,tutor,26,1,17,2,6,620000,400000,150000,570000,620000,1,survey,7,435000.0,212053.45238091896,0.4875,0.55,40000.0,12,33462.0,1,620000,400000,150000,570000,1.4253
REAL_0489,kurir,30,2,14,7,11,1250000,875000,620000,465000,1250000,2,survey,4,802500.0,342892.11131199857,0.4273,0.4286,261000.0,77,10288.0,0,1250000,875000,620000,465000,1.5576
REAL_0490,pekerja_harian,31,0,15,3,5,200000,160000,185000,0,200000,0,survey,5,136250.0,92319.64399122576,0.6776,0.25,57500.0,15,8516.0,0,200000,160000,185000,0,1.4679
REAL_0491,freelance_creative,19,1,24,4,4,870000,50000,710000,1020000,870000,2,survey,2,662500.0,427502.43664022937,0.6453,16.3997,-111000.0,16,38971.0,0,870000,50000,710000,1020000,1.3132
REAL_0492,seller_online,30,2,35,6,7,440000,465000,500000,475000,440000,3,survey,6,470000.0,24832.7740429189,0.0528,-0.0538,-14000.0,42,10930.0,0,440000,465000,500000,475000,0.9362
REAL_0493,seller_online,17,1,62,6,6,1200000,1050000,930000,1080000,1200000,1,survey,6,1065000.0,110905.36506409418,0.1041,0.1429,48000.0,36,28784.0,1,1200000,1050000,930000,1080000,1.1268
REAL_0494,freelance_creative,28,2,70,3,5,530000,425000,480000,525000,530000,2,survey,2,490000.0,48819.39505292269,0.0996,0.2471,-4000.0,15,30625.0,0,530000,425000,480000,525000,1.0816
REAL_0495,driver_online,39,2,22,5,9,1100000,495000,1150000,990000,1100000,3,survey,1,933750.0,300038.1920133946,0.3213,1.2222,-32500.0,45,20299.0,0,1100000,495000,1150000,990000,1.178
REAL_0496,freelance_it,27,0,15,3,4,400000,660000,475000,520000,400000,3,survey,3,513750.0,109344.63864314518,0.2128,-0.3939,-17500.0,12,39519.0,0,400000,660000,475000,520000,0.7786
REAL_0497,driver_online,40,1,22,7,9,500000,555000,565000,1200000,500000,4,survey,1,705000.0,331235.06255628593,0.4698,-0.0991,-211000.0,63,11016.0,1,500000,555000,565000,1200000,0.7092
REAL_0498,tutor,17,1,83,2,2,530000,550000,480000,530000,530000,3,survey,7,522500.0,29860.788111948194,0.0571,-0.0364,7000.0,4,104500.0,0,530000,550000,480000,530000,1.0144
REAL_0499,seller_online,31,1,32,5,5,200000,200000,270000,240000,200000,2,survey,6,227500.0,34034.29642777023,0.1496,0.0,-19000.0,25,8750.0,0,200000,200000,270000,240000,0.8791
REAL_0500,pekerja_harian,19,2,21,7,6,425000,460000,370000,460000,425000,3,survey,5,428750.0,42500.0,0.0991,-0.0761,-1500.0,42,9971.0,0,425000,460000,370000,460000,0.9913
REAL_0501,seller_online,41,2,33,6,4,1050000,1000000,870000,875000,1050000,1,survey,6,948750.0,90404.18500637382,0.0953,0.05,65500.0,24,37950.0,1,1050000,1000000,870000,875000,1.1067
REAL_0502,pekerja_harian,24,2,47,6,10,395000,420000,1300000,500000,395000,3,survey,5,653750.0,433154.6105799483,0.6626,-0.0595,-119500.0,60,10717.0,0,395000,420000,1300000,500000,0.6042
REAL_0503,tutor,17,2,17,4,3,200000,190000,250000,150000,200000,3,survey,7,197500.0,41129.87559751022,0.2083,0.0526,9000.0,12,15192.0,0,200000,190000,250000,150000,1.0127
REAL_0504,seller_online,17,0,56,5,7,580000,260000,0,690000,580000,4,survey,6,382500.0,313515.01824739855,0.8196,1.2308,-7000.0,35,10625.0,1,580000,260000,0,690000,1.5163
REAL_0505,pekerja_harian,17,1,4,3,5,160000,440000,360000,445000,160000,1,survey,5,351250.0,133315.10292036182,0.3795,-0.6364,-77500.0,15,21953.0,1,160000,440000,360000,445000,0.4555
REAL_0506,seller_online,27,1,10,6,6,375000,325000,425000,380000,375000,3,survey,6,376250.0,40901.30397269342,0.1087,0.1538,-11500.0,36,10169.0,0,375000,325000,425000,380000,0.9967
REAL_0507,driver_online,49,2,16,6,9,750000,630000,800000,1190000,750000,4,survey,1,842500.0,242401.18261537695,0.2877,0.1905,-149000.0,54,15318.0,1,750000,630000,800000,1190000,0.8902
REAL_0508,seller_online,29,2,39,7,4,1050000,930000,1065000,1075000,1050000,4,survey,6,1030000.0,67453.6878161602,0.0655,0.129,-21000.0,28,35517.0,1,1050000,930000,1065000,1075000,1.0194
REAL_0509,freelance_creative,23,2,10,6,8,675000,570000,710000,575000,675000,3,survey,2,632500.0,70769.57915187381,0.1119,0.1842,16000.0,48,12908.0,0,675000,570000,710000,575000,1.0672
REAL_0510,pekerja_harian,17,1,52,4,9,210000,250000,275000,740000,210000,4,survey,5,368750.0,248943.60137723296,0.6751,-0.16,-161500.0,36,9966.0,1,210000,250000,275000,740000,0.5695
REAL_0511,kurir,22,2,17,6,11,905000,725000,810000,830000,905000,0,survey,4,817500.0,73993.24293474371,0.0905,0.2483,14000.0,66,12201.0,0,905000,725000,810000,830000,1.107
REAL_0512,freelance_creative,27,2,29,4,6,250000,360000,200000,395000,250000,0,survey,2,301250.0,91503.64291473136,0.3037,-0.3056,-27500.0,24,12050.0,0,250000,360000,200000,395000,0.8299
REAL_0513,pekerja_harian,19,1,20,5,7,365000,255000,200000,350000,365000,1,survey,5,292500.0,78581.16822750855,0.2687,0.4314,10000.0,35,8125.0,1,365000,255000,200000,350000,1.2479
REAL_0514,pekerja_harian,25,0,9,5,9,10000,10000,165000,175000,10000,1,survey,5,90000.0,92466.21004453464,1.0274,0.0,-65000.0,45,1957.0,1,10000,10000,165000,175000,0.1111
REAL_0515,seller_online,28,1,19,5,6,320000,300000,220000,330000,320000,4,survey,6,292500.0,49916.59710623979,0.1707,0.0667,5000.0,30,9435.0,1,320000,300000,220000,330000,1.094
REAL_0516,seller_online,30,1,42,5,3,150000,120000,140000,125000,150000,0,survey,6,133750.0,13768.926368215254,0.1029,0.25,5500.0,15,8359.0,0,150000,120000,140000,125000,1.1215
REAL_0517,driver_online,28,2,28,5,11,30000,700000,460000,30000,30000,1,survey,1,305000.0,332315.11150312336,1.0896,-0.9571,24000.0,55,5446.0,1,30000,700000,460000,30000,0.0984
REAL_0518,freelance_creative,25,0,31,3,3,270000,425000,370000,300000,270000,0,survey,2,341250.0,69806.27956471156,0.2046,-0.3647,-3500.0,9,34125.0,0,270000,425000,370000,300000,0.7912
REAL_0519,pekerja_harian,26,0,36,6,8,525000,540000,400000,525000,525000,1,survey,5,497500.0,65383.484153110105,0.1314,-0.0278,14000.0,48,10153.0,1,525000,540000,400000,525000,1.0553
REAL_0520,seller_online,32,0,12,6,7,75000,40000,50000,45000,75000,1,survey,6,52500.0,15545.631755148024,0.2961,0.875,8000.0,42,1221.0,1,75000,40000,50000,45000,1.4285
REAL_0521,freelance_creative,25,1,54,5,6,395000,375000,425000,400000,395000,3,survey,2,398750.0,20564.93779875511,0.0516,0.0533,-6500.0,30,12863.0,0,395000,375000,425000,400000,0.9906
REAL_0522,kurir,26,1,9,7,7,700000,650000,695000,650000,700000,1,survey,4,673750.0,27500.0,0.0408,0.0769,10500.0,49,13475.0,1,700000,650000,695000,650000,1.039
REAL_0523,kurir,20,2,16,7,8,600000,715000,670000,540000,600000,2,survey,4,631250.0,77068.692303252,0.1221,-0.1608,22500.0,56,11075.0,0,600000,715000,670000,540000,0.9505
REAL_0524,freelance_creative,17,0,22,6,4,220000,200000,0,200000,220000,1,survey,2,155000.0,103762.54944182253,0.6694,0.1,26000.0,24,6200.0,1,220000,200000,0,200000,1.4193
REAL_0525,pekerja_harian,22,2,16,5,6,300000,175000,260000,450000,300000,4,survey,5,296250.0,114990.94167223202,0.3882,0.7143,-53500.0,30,9556.0,1,300000,175000,260000,450000,1.0127
REAL_0526,seller_online,38,2,21,6,4,850000,760000,850000,705000,850000,0,survey,6,791250.0,71458.02963978225,0.0903,0.1184,34500.0,24,31650.0,0,850000,760000,850000,705000,1.0742
REAL_0527,driver_online,34,1,54,7,10,640000,605000,570000,660000,640000,4,survey,1,618750.0,39660.013447635974,0.0641,0.0579,-2500.0,70,8715.0,1,640000,605000,570000,660000,1.0343
REAL_0528,pekerja_harian,31,0,7,5,6,300000,300000,295000,300000,300000,1,survey,5,298750.0,2500.0,0.0084,0.0,500.0,30,9637.0,1,300000,300000,295000,300000,1.0042
REAL_0529,kurir,32,1,21,7,7,625000,575000,575000,640000,625000,1,survey,4,603750.0,33757.715167548486,0.0559,0.087,-4500.0,49,12075.0,1,625000,575000,575000,640000,1.0352
REAL_0530,content_creator,28,2,21,5,7,230000,270000,250000,250000,230000,1,survey,0,250000.0,16329.93161855452,0.0653,-0.1481,-4000.0,35,6944.0,1,230000,270000,250000,250000,0.92
REAL_0531,content_creator,20,1,14,4,6,150000,150000,360000,140000,150000,3,survey,0,200000.0,106770.7825203131,0.5339,0.0,-18000.0,24,8000.0,0,150000,150000,360000,140000,0.75
REAL_0532,tutor,23,0,24,2,4,320000,700000,200000,575000,320000,2,survey,7,448750.0,229142.42296004464,0.5106,-0.5429,-26500.0,8,49861.0,0,320000,700000,200000,575000,0.7131
REAL_0533,kurir,30,2,22,6,8,525000,525000,625000,600000,525000,1,survey,4,568750.0,51538.82032022076,0.0906,0.0,-32500.0,48,11607.0,1,525000,525000,625000,600000,0.9231
REAL_0534,seller_online,18,1,38,6,6,240000,260000,270000,190000,240000,4,survey,6,240000.0,35590.26084010437,0.1483,-0.0769,14000.0,36,6486.0,1,240000,260000,270000,190000,1.0
SYN_0000,content_creator,25,2,40,4,5,268000,311000,384000,339500,278000,0,synthetic,0,325625.0,48767.09102116576,0.1498,-0.1383,-28750.0,20,15506.0,0,268000,311000,384000,339500,0.823
SYN_0001,content_creator,31,2,40,4,10,277500,265000,275500,285500,322000,1,synthetic,0,275875.0,8439.7373576828,0.0306,0.0472,-3450.0,40,6729.0,1,277500,265000,275500,285500,1.0059
SYN_0002,content_creator,24,2,46,2,9,275000,313000,318500,316500,263000,4,synthetic,0,305750.0,20625.63130346964,0.0675,-0.1214,-13000.0,18,16092.0,1,275000,313000,318500,316500,0.8994
SYN_0003,content_creator,45,1,2,2,6,335000,268500,294500,336000,302000,1,synthetic,0,308500.0,32936.80818375292,0.1068,0.2477,-2900.0,12,23731.0,1,335000,268500,294500,336000,1.0859
SYN_0004,content_creator,23,1,31,6,4,256000,296500,310500,298000,245000,1,synthetic,0,290250.0,23680.160472429237,0.0816,-0.1366,-14000.0,24,11610.0,1,256000,296500,310500,298000,0.882
SYN_0005,content_creator,30,0,3,4,10,224500,259000,268500,324500,328500,4,synthetic,0,269125.0,41475.64546413554,0.1541,-0.1332,-30950.0,40,6564.0,1,224500,259000,268500,324500,0.8342
SYN_0006,content_creator,44,0,34,7,1,229500,287000,285500,364000,290500,2,synthetic,0,291500.0,55246.4176817526,0.1895,-0.2003,-40200.0,7,36438.0,0,229500,287000,285500,364000,0.7873
SYN_0007,content_creator,33,2,52,7,6,307000,372000,377000,377000,363000,1,synthetic,0,358250.0,34247.87098005752,0.0956,-0.1747,-21500.0,42,8331.0,1,307000,372000,377000,377000,0.8569
SYN_0008,content_creator,17,1,61,4,3,319000,262000,265000,356000,381500,1,synthetic,0,300500.0,45332.107826572545,0.1509,0.2176,-11400.0,12,23115.0,1,319000,262000,265000,356000,1.0616
SYN_0009,content_creator,33,0,59,3,9,296000,256000,222000,271500,278500,4,synthetic,0,261375.0,30987.564710165054,0.1186,0.1562,10750.0,27,9335.0,1,296000,256000,222000,271500,1.1325
SYN_0010,content_creator,28,2,10,5,5,282500,287000,295000,334000,280500,0,synthetic,0,299625.0,23492.463330466926,0.0784,-0.0157,-16250.0,25,11524.0,0,282500,287000,295000,334000,0.9428
SYN_0011,content_creator,28,0,56,7,8,316500,320500,404500,446500,344500,4,synthetic,0,372000.0,64132.67497929585,0.1724,-0.0125,-47400.0,56,6526.0,1,316500,320500,404500,446500,0.8508
SYN_0012,content_creator,21,2,59,2,5,287000,302500,392500,440000,422000,2,synthetic,0,355500.0,73053.63326579543,0.2055,-0.0512,-54900.0,10,32318.0,0,287000,302500,392500,440000,0.8073
SYN_0013,content_creator,23,2,66,2,6,254500,299000,342500,449000,388500,4,synthetic,0,336250.0,83311.16371771552,0.2478,-0.1488,-62700.0,12,25865.0,1,254500,299000,342500,449000,0.7569
SYN_0014,content_creator,25,2,21,4,6,219000,213000,270000,385500,323500,1,synthetic,0,271875.0,79950.37523364103,0.2941,0.0282,-55650.0,24,10875.0,1,219000,213000,270000,385500,0.8055
SYN_0015,content_creator,42,0,18,5,1,309000,404500,336500,349000,328500,0,synthetic,0,349750.0,40142.454666682585,0.1148,-0.2361,-5200.0,5,58292.0,0,309000,404500,336500,349000,0.8835
SYN_0016,content_creator,30,1,21,2,1,284000,309500,384500,441000,415000,4,synthetic,0,354750.0,71594.3433519716,0.2018,-0.0824,-54600.0,2,118250.0,1,284000,309500,384500,441000,0.8006
SYN_0017,content_creator,51,1,38,3,6,282000,278000,312500,262000,291000,4,synthetic,0,283625.0,21100.45418152573,0.0744,0.0144,2550.0,18,14928.0,1,282000,278000,312500,262000,0.9943
SYN_0018,content_creator,49,0,57,7,7,145500,155500,184000,192500,110000,4,synthetic,0,169375.0,22443.911572332185,0.1325,-0.0643,-16950.0,49,3388.0,1,145500,155500,184000,192500,0.859
SYN_0019,content_creator,37,0,35,5,8,375000,440500,476500,569500,493500,0,synthetic,0,465375.0,81142.23622750361,0.1744,-0.1487,-61950.0,40,11351.0,0,375000,440500,476500,569500,0.8058
SYN_0020,content_creator,35,1,35,4,7,206000,159500,168500,290500,291500,3,synthetic,0,206125.0,59745.81575307178,0.2899,0.2915,-26250.0,28,7108.0,0,206000,159500,168500,290500,0.9994
SYN_0021,content_creator,45,2,55,5,3,381500,278500,292500,388000,302500,1,synthetic,0,335125.0,57647.4558559757,0.172,0.3698,-3350.0,15,20945.0,1,381500,278500,292500,388000,1.1384
SYN_0022,content_creator,21,2,61,7,5,279500,297000,367500,360000,333000,1,synthetic,0,326000.0,44277.53380666091,0.1358,-0.0589,-31200.0,35,9056.0,1,279500,297000,367500,360000,0.8574
SYN_0023,content_creator,18,0,61,4,10,201500,291000,297000,356500,387500,4,synthetic,0,286500.0,63915.308547066146,0.2231,-0.3076,-47100.0,40,6988.0,1,201500,291000,297000,356500,0.7033
SYN_0024,content_creator,18,0,2,2,2,287000,310000,333000,413500,379000,4,synthetic,0,335875.0,55052.05869598944,0.1639,-0.0742,-40250.0,4,67175.0,1,287000,310000,333000,413500,0.8545
SYN_0025,content_creator,18,0,44,6,8,163500,87000,110500,210000,202500,0,synthetic,0,142750.0,55079.48801504967,0.3858,0.8793,-16300.0,48,2913.0,0,163500,87000,110500,210000,1.1454
SYN_0026,content_creator,39,1,40,6,3,307000,367000,311500,379500,306000,4,synthetic,0,341250.0,37346.35189680513,0.1094,-0.1635,-16200.0,18,17961.0,1,307000,367000,311500,379500,0.8996
SYN_0027,content_creator,39,0,42,2,4,367000,337000,297000,414000,370500,2,synthetic,0,353750.0,49351.62949015294,0.1395,0.089,-10100.0,8,39306.0,0,367000,337000,297000,414000,1.0375
SYN_0028,content_creator,40,2,40,5,6,310500,324000,315000,299500,219500,3,synthetic,0,312250.0,10185.77439373168,0.0326,-0.0417,4200.0,30,10073.0,0,310500,324000,315000,299500,0.9944
SYN_0029,content_creator,18,2,24,4,5,318500,259500,291000,470000,420500,0,synthetic,0,334750.0,93333.18452369088,0.2788,0.2274,-48600.0,20,15940.0,0,318500,259500,291000,470000,0.9515
SYN_0030,content_creator,30,1,48,2,6,373500,375500,385000,464500,411500,2,synthetic,0,399625.0,43539.97205633768,0.109,-0.0053,-28250.0,12,30740.0,0,373500,375500,385000,464500,0.9346
SYN_0031,content_creator,24,2,69,7,6,442000,414000,480000,480000,451500,4,synthetic,0,454000.0,32124.75680841802,0.0708,0.0676,-18000.0,42,10558.0,1,442000,414000,480000,480000,0.9736
SYN_0032,content_creator,38,0,15,4,10,358000,417500,422500,557500,505000,3,synthetic,0,438875.0,84336.0095095802,0.1922,-0.1425,-60350.0,40,10704.0,0,358000,417500,422500,557500,0.8157
SYN_0033,content_creator,30,2,36,6,9,183000,170000,225000,270500,254500,2,synthetic,0,212125.0,45446.626204079585,0.2142,0.0765,-31750.0,54,3857.0,0,183000,170000,225000,270500,0.8627
SYN_0034,content_creator,38,1,31,3,2,246500,214000,201000,225000,238000,2,synthetic,0,221625.0,19267.308236146186,0.0869,0.1519,7750.0,6,31661.0,0,246500,214000,201000,225000,1.1122
SYN_0035,content_creator,40,2,2,6,5,271500,290000,260000,394500,419000,2,synthetic,0,304000.0,61585.98325376752,0.2026,-0.0638,-33900.0,30,9806.0,0,271500,290000,260000,394500,0.8931
SYN_0036,content_creator,36,2,47,2,3,372000,302500,345500,489000,367500,2,synthetic,0,377250.0,79814.89000597988,0.2116,0.2298,-39400.0,6,53893.0,0,372000,302500,345500,489000,0.9861
SYN_0037,content_creator,25,0,58,2,7,354000,363000,311000,403500,337500,4,synthetic,0,357875.0,37948.15542289243,0.106,-0.0248,-9650.0,14,23858.0,1,354000,363000,311000,403500,0.9892
SYN_0038,content_creator,48,0,10,3,6,306500,278000,332500,360000,324000,4,synthetic,0,319250.0,35120.032270296484,0.11,0.1025,-21500.0,18,16803.0,1,306500,278000,332500,360000,0.9601
SYN_0039,content_creator,19,0,15,2,4,346500,279500,353500,514000,464000,0,synthetic,0,373375.0,99507.43272071019,0.2665,0.2397,-57650.0,8,41486.0,0,346500,279500,353500,514000,0.928
SYN_0040,driver_online,43,2,23,5,10,873000,789500,903500,1189000,1058000,1,synthetic,1,938750.0,173653.1504657104,0.185,0.1058,-106200.0,50,18407.0,1,873000,789500,903500,1189000,0.93
SYN_0041,driver_online,26,2,43,6,10,747500,652000,848500,1040000,1176500,3,synthetic,1,822000.0,166008.5339171855,0.202,0.1465,-107400.0,60,13475.0,0,747500,652000,848500,1040000,0.9094
SYN_0042,driver_online,28,1,20,5,8,791000,899500,887500,961500,917000,0,synthetic,1,884875.0,70485.66639159103,0.0797,-0.1206,-49950.0,40,21582.0,0,791000,899500,887500,961500,0.8939
SYN_0043,driver_online,31,1,5,2,4,654000,746000,699500,730500,757000,2,synthetic,1,707500.0,40568.871482126946,0.0573,-0.1233,-18300.0,8,78611.0,0,654000,746000,699500,730500,0.9244
SYN_0044,driver_online,21,0,44,2,4,649000,667000,864000,755000,620500,0,synthetic,1,733750.0,98411.97420368451,0.1341,-0.027,-51500.0,8,81528.0,0,649000,667000,864000,755000,0.8845
SYN_0045,driver_online,27,2,66,7,9,863000,912500,811500,735500,840000,1,synthetic,1,830625.0,75644.31571506216,0.0911,-0.0542,48350.0,63,12979.0,1,863000,912500,811500,735500,1.039
SYN_0046,driver_online,17,0,53,4,4,655500,858500,1076000,1289000,1046000,3,synthetic,1,969750.0,273458.8634511597,0.282,-0.2365,-211800.0,16,57044.0,0,655500,858500,1076000,1289000,0.6759
SYN_0047,driver_online,37,0,13,5,10,775500,881000,1015500,1106500,1080000,2,synthetic,1,944625.0,145920.28360261183,0.1545,-0.1198,-112750.0,50,18522.0,0,775500,881000,1015500,1106500,0.821
SYN_0048,driver_online,26,0,61,7,9,800500,798000,852000,884000,839500,3,synthetic,1,833625.0,41799.87041447218,0.0501,0.0031,-30450.0,63,13025.0,0,800500,798000,852000,884000,0.9603
SYN_0049,driver_online,40,0,44,6,9,682500,706500,881500,1089500,947000,1,synthetic,1,840000.0,188503.75769906197,0.2244,-0.034,-139600.0,54,15273.0,1,682500,706500,881500,1089500,0.8125
SYN_0050,driver_online,20,2,68,5,5,829500,724000,777500,1092000,906000,3,synthetic,1,855750.0,163283.2406178499,0.1908,0.1457,-84100.0,25,32913.0,0,829500,724000,777500,1092000,0.9693
SYN_0051,driver_online,17,1,65,4,5,614000,609000,832500,1138000,975000,3,synthetic,1,798375.0,249243.31318345666,0.3122,0.0082,-179550.0,20,38018.0,0,614000,609000,832500,1138000,0.7691
SYN_0052,driver_online,24,2,26,3,5,693500,785000,850000,1008000,927500,4,synthetic,1,834125.0,132505.5816434412,0.1589,-0.1166,-100850.0,15,52133.0,1,693500,785000,850000,1008000,0.8314
SYN_0053,driver_online,39,2,15,2,10,680500,691500,800000,830500,863500,4,synthetic,1,750625.0,75787.39451034497,0.101,-0.0159,-55850.0,20,35744.0,1,680500,691500,800000,830500,0.9066
SYN_0054,driver_online,27,1,38,6,8,548500,601500,793500,853500,574000,4,synthetic,1,699250.0,147147.03530822496,0.2104,-0.0881,-110700.0,48,14270.0,1,548500,601500,793500,853500,0.7844
SYN_0055,driver_online,21,0,27,7,8,831500,816000,1050500,1114000,1204500,4,synthetic,1,953000.0,151611.89487196135,0.1591,0.019,-108200.0,56,16719.0,1,831500,816000,1050500,1114000,0.8725
SYN_0056,driver_online,51,0,27,2,2,988500,1092500,974000,1124500,995500,0,synthetic,1,1044875.0,74854.72040336979,0.0716,-0.0952,-28950.0,4,208975.0,0,988500,1092500,974000,1124500,0.946
SYN_0057,driver_online,22,0,35,7,10,994000,1037000,1008500,1186000,1201500,4,synthetic,1,1056375.0,88243.38974299056,0.0835,-0.0415,-54750.0,70,14879.0,1,994000,1037000,1008500,1186000,0.941
SYN_0058,driver_online,17,1,22,5,8,209000,292500,388500,335000,280000,2,synthetic,1,306250.0,75802.92430594834,0.2475,-0.2855,-47400.0,40,7470.0,0,209000,292500,388500,335000,0.6824
SYN_0059,driver_online,35,1,71,5,10,684000,783000,853000,956500,885000,1,synthetic,1,819125.0,114866.86133665066,0.1402,-0.1264,-88750.0,50,16061.0,1,684000,783000,853000,956500,0.835
SYN_0060,driver_online,35,1,12,6,6,867500,881000,1003500,987000,960500,3,synthetic,1,934750.0,70399.45549031848,0.0753,-0.0153,-48100.0,36,25264.0,0,867500,881000,1003500,987000,0.9281
SYN_0061,driver_online,44,2,65,7,9,867500,806000,869000,1110000,1039000,1,synthetic,1,913125.0,134491.86778389243,0.1473,0.0763,-79050.0,63,14268.0,1,867500,806000,869000,1110000,0.95
SYN_0062,driver_online,52,1,6,3,8,664500,639500,678500,871500,837500,2,synthetic,1,713500.0,106561.40639712547,0.1494,0.0391,-66000.0,24,28540.0,0,664500,639500,678500,871500,0.9313
SYN_0063,driver_online,51,0,29,4,10,762000,704000,779500,1016000,879000,4,synthetic,1,815375.0,137587.16933881104,0.1687,0.0824,-83750.0,40,19887.0,1,762000,704000,779500,1016000,0.9345
SYN_0064,driver_online,47,0,48,6,3,705500,587000,653000,800000,971500,2,synthetic,1,686375.0,89936.4358866861,0.131,0.2019,-34950.0,18,36125.0,0,705500,587000,653000,800000,1.0279
SYN_0065,driver_online,39,2,13,3,10,678000,745000,965500,1080500,970500,0,synthetic,1,867250.0,187873.4059590837,0.2166,-0.0899,-142800.0,30,27976.0,0,678000,745000,965500,1080500,0.7818
SYN_0066,driver_online,35,2,3,7,1,797500,791500,871000,963000,781500,0,synthetic,1,855750.0,80117.10179481033,0.0936,0.0076,-57600.0,7,106969.0,0,797500,791500,871000,963000,0.9319
SYN_0067,driver_online,23,2,8,6,9,918500,1000500,1153000,1332500,1235000,2,synthetic,1,1101125.0,182302.57586404713,0.1656,-0.082,-139450.0,54,20020.0,0,918500,1000500,1153000,1332500,0.8341
SYN_0068,driver_online,22,2,25,3,1,759000,763000,942500,1024500,972500,0,synthetic,1,872250.0,132760.74972169547,0.1522,-0.0052,-97600.0,3,218062.0,0,759000,763000,942500,1024500,0.8702
SYN_0069,driver_online,51,0,62,5,8,652000,599500,815500,911000,951000,0,synthetic,1,744500.0,144157.89954074664,0.1936,0.0876,-99300.0,40,18159.0,0,652000,599500,815500,911000,0.8758
SYN_0070,driver_online,40,0,45,3,5,799000,897000,1063000,1211500,1181000,4,synthetic,1,992625.0,182111.40134544022,0.1835,-0.1093,-140350.0,15,62039.0,1,799000,897000,1063000,1211500,0.8049
SYN_0071,driver_online,44,1,22,2,4,519000,470500,795000,1072000,896000,1,synthetic,1,714125.0,278113.99790973007,0.3894,0.1031,-198350.0,8,79347.0,1,519000,470500,795000,1072000,0.7268
SYN_0072,driver_online,24,2,35,2,4,711500,819500,827500,1058000,987500,2,synthetic,1,854125.0,145847.7373838895,0.1708,-0.1318,-104750.0,8,94903.0,0,711500,819500,827500,1058000,0.833
SYN_0073,driver_online,32,0,43,7,7,556500,708500,655000,642500,598500,1,synthetic,1,640625.0,62966.09537415089,0.0983,-0.2145,-20450.0,49,12812.0,1,556500,708500,655000,642500,0.8687
SYN_0074,driver_online,51,1,6,3,5,694500,484000,491500,497500,381000,0,synthetic,1,541875.0,101899.76692809458,0.188,0.4349,58350.0,15,33867.0,0,694500,484000,491500,497500,1.2817
SYN_0075,driver_online,32,0,42,6,5,795500,712500,714500,912500,920000,2,synthetic,1,783750.0,94139.52411182033,0.1201,0.1165,-35300.0,30,25282.0,0,795500,712500,714500,912500,1.015
SYN_0076,driver_online,43,0,23,2,6,750000,604500,708500,716000,820500,4,synthetic,1,694750.0,62817.85839499252,0.0904,0.2407,-200.0,12,53442.0,1,750000,604500,708500,716000,1.0795
SYN_0077,driver_online,50,0,29,5,1,830500,838000,921000,1000000,1018000,3,synthetic,1,897375.0,79765.67244121997,0.0889,-0.0089,-59150.0,5,149562.0,0,830500,838000,921000,1000000,0.9255
SYN_0078,driver_online,34,0,32,6,2,800500,909500,764500,728500,824500,1,synthetic,1,800750.0,78232.02668984103,0.0977,-0.1198,36100.0,12,61596.0,1,800500,909500,764500,728500,0.9997
SYN_0079,driver_online,21,0,39,2,5,739000,722500,735000,832500,850000,0,synthetic,1,757250.0,50656.52310742747,0.0669,0.0228,-29300.0,10,68841.0,0,739000,722500,735000,832500,0.9759
SYN_0080,freelance_creative,35,0,42,4,10,482500,525000,623000,869000,753000,4,synthetic,2,624875.0,173057.01131900627,0.2769,-0.081,-125750.0,40,15241.0,1,482500,525000,623000,869000,0.7722
SYN_0081,freelance_creative,24,1,17,4,1,495000,347500,331000,511000,509500,2,synthetic,2,421125.0,95005.59194068526,0.2256,0.4245,-3150.0,4,84225.0,0,495000,347500,331000,511000,1.1754
SYN_0082,freelance_creative,31,2,62,5,8,520000,494500,442000,577500,504000,3,synthetic,2,508500.0,56307.193146169164,0.1107,0.0516,-12000.0,40,12402.0,0,520000,494500,442000,577500,1.0226
SYN_0083,freelance_creative,27,0,33,7,8,418500,515500,546000,685000,562500,2,synthetic,2,541250.0,110177.50829154439,0.2036,-0.1882,-83000.0,56,9496.0,0,418500,515500,546000,685000,0.7732
SYN_0084,freelance_creative,18,2,60,5,1,491500,589000,703500,519000,482500,1,synthetic,2,575750.0,94541.43712327062,0.1642,-0.1655,-19700.0,5,95958.0,1,491500,589000,703500,519000,0.8537
SYN_0085,freelance_creative,45,1,13,5,7,410000,413000,396500,482000,322000,1,synthetic,2,425375.0,38426.065372348494,0.0903,-0.0073,-19950.0,35,11816.0,1,410000,413000,396500,482000,0.9639
SYN_0086,freelance_creative,41,0,14,5,2,572000,415000,554000,730000,576000,0,synthetic,2,567750.0,128924.71963643486,0.2271,0.3783,-61300.0,10,51614.0,0,572000,415000,554000,730000,1.0075
SYN_0087,freelance_creative,43,1,32,7,1,587000,625500,639000,653500,558500,2,synthetic,2,626250.0,28555.501513135197,0.0456,-0.0616,-21300.0,7,78281.0,0,587000,625500,639000,653500,0.9373
SYN_0088,freelance_creative,29,2,55,5,4,579000,602500,838000,1044000,886000,2,synthetic,2,765875.0,219217.69051181368,0.2862,-0.039,-163050.0,20,36470.0,0,579000,602500,838000,1044000,0.756
SYN_0089,freelance_creative,43,2,48,3,9,494000,449000,561000,751000,692000,1,synthetic,2,563750.0,133044.79195619296,0.236,0.1002,-88300.0,27,20134.0,1,494000,449000,561000,751000,0.8763
SYN_0090,freelance_creative,21,0,19,3,4,548500,552000,771500,920000,879000,3,synthetic,2,698000.0,181063.98500714233,0.2594,-0.0063,-133400.0,12,53692.0,0,548500,552000,771500,920000,0.7858
SYN_0091,freelance_creative,23,0,40,7,8,329500,259500,341500,317500,378500,1,synthetic,2,312000.0,36345.5636907725,0.1165,0.2697,-4600.0,56,5474.0,1,329500,259500,341500,317500,1.0561
SYN_0092,freelance_creative,45,2,60,7,6,472000,509000,615000,516500,383500,1,synthetic,2,528125.0,61096.06506696373,0.1157,-0.0727,-23950.0,42,12282.0,1,472000,509000,615000,516500,0.8937
SYN_0093,freelance_creative,22,2,34,2,9,555000,408500,549500,712500,690500,1,synthetic,2,556375.0,124219.14439140745,0.2233,0.3586,-61350.0,18,29283.0,1,555000,408500,549500,712500,0.9975
SYN_0094,freelance_creative,23,2,48,3,8,469500,567500,576000,505500,440500,1,synthetic,2,529625.0,50931.93988058966,0.0962,-0.1727,-11650.0,24,21185.0,1,469500,567500,576000,505500,0.8865
SYN_0095,freelance_creative,43,2,58,5,4,413500,431500,414500,410500,353500,4,synthetic,2,417500.0,9486.832980505138,0.0227,-0.0417,2600.0,20,19881.0,1,413500,431500,414500,410500,0.9904
SYN_0096,freelance_creative,34,0,41,4,5,338500,410000,255500,365000,440000,3,synthetic,2,342250.0,64928.80716600298,0.1897,-0.1744,7500.0,20,16298.0,0,338500,410000,255500,365000,0.989
SYN_0097,freelance_creative,23,1,62,3,3,387000,429000,510000,613000,577500,3,synthetic,2,484750.0,99580.36955143318,0.2054,-0.0979,-75900.0,9,48475.0,0,387000,429000,510000,613000,0.7983
SYN_0098,freelance_creative,24,1,32,6,2,407500,435500,459000,538500,512500,1,synthetic,2,460125.0,56331.42255142033,0.1224,-0.0643,-41650.0,12,35394.0,1,407500,435500,459000,538500,0.8856
SYN_0099,freelance_creative,52,2,66,3,6,396000,557000,643000,832500,665500,3,synthetic,2,607125.0,181812.34602376886,0.2995,-0.289,-139550.0,18,31954.0,0,396000,557000,643000,832500,0.6523
SYN_0100,freelance_creative,45,1,57,3,4,332000,428500,380500,504500,495500,2,synthetic,2,411375.0,73528.19753899406,0.1787,-0.2252,-46950.0,12,31644.0,0,332000,428500,380500,504500,0.807
SYN_0101,freelance_creative,45,2,69,4,9,534000,699000,626500,706500,778500,1,synthetic,2,641500.0,80234.03267940607,0.1251,-0.2361,-44500.0,36,17338.0,1,534000,699000,626500,706500,0.8324
SYN_0102,freelance_creative,51,0,60,4,5,320000,423500,497000,512500,469000,4,synthetic,2,438250.0,87873.48860720167,0.2005,-0.2444,-65100.0,20,20869.0,1,320000,423500,497000,512500,0.7302
SYN_0103,freelance_creative,21,1,5,2,5,210500,202000,160500,280000,255500,2,synthetic,2,213250.0,49572.33771637834,0.2325,0.0421,-16700.0,10,19386.0,0,210500,202000,160500,280000,0.9871
SYN_0104,freelance_creative,19,0,15,2,4,551000,518000,512000,410500,476000,0,synthetic,2,497875.0,60721.186582608876,0.122,0.0637,42750.0,8,55319.0,0,551000,518000,512000,410500,1.1067
SYN_0105,freelance_creative,45,0,71,4,8,567000,499000,528000,651500,626500,1,synthetic,2,561375.0,66228.61290006507,0.118,0.1363,-28250.0,32,17011.0,1,567000,499000,528000,651500,1.01
SYN_0106,freelance_creative,36,1,19,3,4,522000,526500,442000,578500,476000,1,synthetic,2,517250.0,56339.003659395086,0.1089,-0.0085,-8500.0,12,39788.0,1,522000,526500,442000,578500,1.0092
SYN_0107,freelance_creative,33,0,45,7,9,594500,621000,607500,685000,635500,2,synthetic,2,627000.0,40151.79531062922,0.064,-0.0427,-25800.0,63,9797.0,0,594500,621000,607500,685000,0.9482
SYN_0108,freelance_creative,51,1,41,4,10,370500,517500,637000,726500,552000,2,synthetic,2,562875.0,154201.91038591793,0.274,-0.2841,-118750.0,40,13729.0,0,370500,517500,637000,726500,0.6582
SYN_0109,freelance_creative,28,0,33,4,7,554000,416500,479500,599500,543500,2,synthetic,2,512375.0,80821.17606172283,0.1577,0.3301,-19950.0,28,17668.0,0,554000,416500,479500,599500,1.0812
SYN_0110,freelance_creative,40,2,9,5,4,328500,402500,462500,558500,597500,3,synthetic,2,438000.0,97247.10792614863,0.222,-0.1839,-75000.0,20,20857.0,0,328500,402500,462500,558500,0.75
SYN_0111,freelance_creative,37,1,62,3,6,612500,632000,592500,744000,739000,3,synthetic,2,645250.0,67779.66755106824,0.105,-0.0309,-35500.0,18,33961.0,0,612500,632000,592500,744000,0.9492
SYN_0112,freelance_creative,26,0,19,5,9,534000,440000,435500,521500,556000,3,synthetic,2,482750.0,52243.81941116735,0.1082,0.2136,4200.0,45,10495.0,0,534000,440000,435500,521500,1.1062
SYN_0113,freelance_creative,41,2,6,4,6,450500,453000,594500,712000,550000,0,synthetic,2,552500.0,125841.83194258841,0.2278,-0.0055,-92600.0,24,22100.0,0,450500,453000,594500,712000,0.8154
SYN_0114,freelance_creative,40,0,24,4,6,497000,465500,443000,475500,365500,1,synthetic,2,470250.0,22422.087324778662,0.0477,0.0677,8700.0,24,18810.0,1,497000,465500,443000,475500,1.0569
SYN_0115,freelance_creative,38,2,44,4,3,363500,434500,570000,583000,470500,4,synthetic,2,487750.0,106632.15587554565,0.2186,-0.1634,-79400.0,12,37519.0,1,363500,434500,570000,583000,0.7453
SYN_0116,freelance_creative,22,1,46,5,6,486000,391500,450000,549500,484500,3,synthetic,2,469250.0,66172.12404026336,0.141,0.2414,-24900.0,30,15137.0,0,486000,391500,450000,549500,1.0357
SYN_0117,freelance_creative,51,2,53,2,3,424500,267500,409500,466000,348000,4,synthetic,2,391875.0,86291.5358923844,0.2202,0.5869,-26650.0,6,55982.0,1,424500,267500,409500,466000,1.0833
SYN_0118,freelance_creative,27,1,54,6,2,370000,347000,354000,352500,389000,2,synthetic,2,355875.0,9885.806323546232,0.0278,0.0663,4550.0,12,27375.0,0,370000,347000,354000,352500,1.0397
SYN_0119,freelance_creative,24,0,25,4,2,408500,332000,455500,423000,394000,2,synthetic,2,404750.0,52329.88311344357,0.1293,0.2304,-16700.0,8,44972.0,0,408500,332000,455500,423000,1.0093
SYN_0120,freelance_it,38,0,61,5,3,634000,615000,698500,986500,778000,0,synthetic,3,733500.0,172410.8465265454,0.2351,0.0309,-114100.0,15,45844.0,0,634000,615000,698500,986500,0.8643
SYN_0121,freelance_it,30,2,3,6,1,526500,480000,442500,621500,656000,2,synthetic,3,517625.0,77304.99660435929,0.1493,0.0969,-24750.0,6,73946.0,0,526500,480000,442500,621500,1.0171
SYN_0122,freelance_it,20,0,57,5,1,634500,514500,699000,799000,653500,2,synthetic,3,661750.0,119234.01360350157,0.1802,0.2332,-67800.0,5,110292.0,0,634500,514500,699000,799000,0.9588
SYN_0123,freelance_it,31,0,31,3,1,620000,555500,643500,756500,607000,1,synthetic,3,643875.0,83794.7641562407,0.1301,0.1161,-49750.0,3,160969.0,1,620000,555500,643500,756500,0.9629
SYN_0124,freelance_it,18,2,32,4,8,609000,701000,665000,820000,842500,2,synthetic,3,698750.0,89257.58604548224,0.1277,-0.1312,-59700.0,32,21174.0,0,609000,701000,665000,820000,0.8716
SYN_0125,freelance_it,29,0,36,4,7,923500,884000,961000,1008500,767000,0,synthetic,3,944250.0,53132.695521056834,0.0563,0.0447,-33200.0,28,32560.0,0,923500,884000,961000,1008500,0.978
SYN_0126,freelance_it,44,0,17,3,3,608500,585500,531500,479500,501500,2,synthetic,3,551250.0,57702.54182731757,0.1047,0.0393,44100.0,9,55125.0,0,608500,585500,531500,479500,1.1039
SYN_0127,freelance_it,33,0,71,7,10,643500,607500,626500,806500,775500,3,synthetic,3,671000.0,91522.3105768934,0.1364,0.0593,-50800.0,70,9451.0,0,643500,607500,626500,806500,0.959
SYN_0128,freelance_it,48,0,61,4,1,324500,404000,412500,434000,532000,0,synthetic,3,393750.0,47861.7801591207,0.1216,-0.1968,-33700.0,4,78750.0,0,324500,404000,412500,434000,0.8241
SYN_0129,freelance_it,34,2,20,2,8,653000,679000,721500,740000,700500,4,synthetic,3,698375.0,39588.24530926657,0.0567,-0.0383,-30350.0,16,41081.0,1,653000,679000,721500,740000,0.935
SYN_0130,freelance_it,35,2,2,2,6,452500,481000,604500,712000,744500,1,synthetic,3,562500.0,119521.96450862076,0.2125,-0.0593,-90200.0,12,43269.0,1,452500,481000,604500,712000,0.8044
SYN_0131,freelance_it,49,2,20,7,1,577500,511000,626500,817500,793000,0,synthetic,3,633125.0,131715.2072971581,0.208,0.1301,-83550.0,7,79141.0,0,577500,511000,626500,817500,0.9121
SYN_0132,freelance_it,20,0,43,5,5,323000,291000,274500,263500,275000,3,synthetic,3,288000.0,25926.177247459113,0.09,0.11,19500.0,25,11077.0,0,323000,291000,274500,263500,1.1215
SYN_0133,freelance_it,25,1,68,3,4,380500,370500,368500,641500,607500,1,synthetic,3,440250.0,134269.3189079322,0.305,0.027,-78100.0,12,33865.0,1,380500,370500,368500,641500,0.8643
SYN_0134,freelance_it,21,0,33,5,1,494500,506000,611500,802000,690000,3,synthetic,3,603500.0,142423.66376413716,0.236,-0.0227,-102800.0,5,100583.0,0,494500,506000,611500,802000,0.8194
SYN_0135,freelance_it,49,1,54,2,2,504000,399500,499500,545500,555500,1,synthetic,3,487125.0,61977.65054168048,0.1272,0.2616,-22450.0,4,97425.0,1,504000,399500,499500,545500,1.0346
SYN_0136,freelance_it,17,2,45,2,9,663000,601000,703000,847500,741500,4,synthetic,3,703625.0,104694.29704302586,0.1488,0.1032,-65550.0,18,37033.0,1,663000,601000,703000,847500,0.9423
SYN_0137,freelance_it,22,0,53,6,4,448500,505000,327000,539000,418000,1,synthetic,3,454875.0,93063.03867092814,0.2046,-0.1119,-9350.0,24,18195.0,1,448500,505000,327000,539000,0.986
SYN_0138,freelance_it,30,1,60,5,2,615500,471000,531000,714500,601500,1,synthetic,3,583000.0,105824.5403171369,0.1815,0.3068,-35700.0,10,53000.0,1,615500,471000,531000,714500,1.0557
SYN_0139,freelance_it,19,2,59,6,9,634000,652500,761500,1076000,1011000,0,synthetic,3,781000.0,204553.5789632307,0.2619,-0.0284,-143500.0,54,14200.0,0,634000,652500,761500,1076000,0.8118
SYN_0140,freelance_it,40,1,8,7,2,494500,434500,264500,372500,451000,4,synthetic,3,391500.0,98231.02021934482,0.2509,0.1381,53600.0,14,26100.0,1,494500,434500,264500,372500,1.2631
SYN_0141,freelance_it,20,2,49,7,9,569000,740000,722500,840500,851000,1,synthetic,3,718000.0,112118.24115637918,0.1562,-0.2311,-79700.0,63,11219.0,1,569000,740000,722500,840500,0.7925
SYN_0142,freelance_it,23,2,69,3,4,592500,553500,630000,1012500,955000,2,synthetic,3,697125.0,212557.1981843946,0.3049,0.0705,-133650.0,12,53625.0,0,592500,553500,630000,1012500,0.8499
SYN_0143,freelance_it,50,1,10,3,6,701000,735500,776500,905000,732000,2,synthetic,3,779500.0,89176.79070251407,0.1144,-0.0469,-65300.0,18,41026.0,0,701000,735500,776500,905000,0.8993
SYN_0144,freelance_it,46,1,20,6,1,817500,759000,745500,964500,804000,4,synthetic,3,821625.0,100245.01234475459,0.122,0.0771,-42750.0,6,117375.0,1,817500,759000,745500,964500,0.995
SYN_0145,freelance_it,34,1,52,2,1,360000,428000,407500,330500,406000,2,synthetic,3,381500.0,44352.752639116625,0.1163,-0.1589,10900.0,2,127167.0,0,360000,428000,407500,330500,0.9436
SYN_0146,freelance_it,43,1,14,3,1,545500,495000,632500,738000,609500,4,synthetic,3,602750.0,106560.23335810284,0.1768,0.102,-71500.0,3,150688.0,1,545500,495000,632500,738000,0.905
SYN_0147,freelance_it,51,1,59,7,3,653500,620000,768000,676000,536500,0,synthetic,3,679375.0,63405.27712002106,0.0933,0.054,-21550.0,21,30881.0,0,653500,620000,768000,676000,0.9619
SYN_0148,freelance_it,18,2,49,4,2,595500,628500,686000,727500,633000,3,synthetic,3,659375.0,58830.79550711515,0.0892,-0.0525,-45350.0,8,73264.0,0,595500,628500,686000,727500,0.9031
SYN_0149,freelance_it,17,2,49,4,2,716500,653000,681500,859000,729500,1,synthetic,3,727500.0,91432.12418692531,0.1257,0.0972,-45600.0,8,80833.0,1,716500,653000,681500,859000,0.9849
SYN_0150,freelance_it,17,1,37,6,6,428500,412000,597000,742500,668500,0,synthetic,3,545000.0,155960.99939835386,0.2862,0.04,-112700.0,36,14730.0,0,428500,412000,597000,742500,0.7862
SYN_0151,freelance_it,20,1,69,3,5,489500,481500,517500,593500,566000,3,synthetic,3,520500.0,51055.52532945544,0.0981,0.0166,-34800.0,15,32531.0,0,489500,481500,517500,593500,0.9404
SYN_0152,freelance_it,40,0,52,2,5,286000,399000,465500,534500,555000,0,synthetic,3,421250.0,105784.76575890626,0.2511,-0.2832,-81200.0,10,38295.0,0,286000,399000,465500,534500,0.6789
SYN_0153,freelance_it,24,1,71,7,4,533000,548000,741500,886000,655500,0,synthetic,3,677125.0,168540.98166321448,0.2489,-0.0274,-125250.0,28,23349.0,0,533000,548000,741500,886000,0.7872
SYN_0154,freelance_it,18,1,51,6,5,735000,741500,812000,914000,931500,0,synthetic,3,800625.0,83237.98712126573,0.104,-0.0088,-60750.0,30,25827.0,0,735000,741500,812000,914000,0.918
SYN_0155,freelance_it,49,2,12,4,9,645000,727500,669500,834500,785000,4,synthetic,3,719125.0,84337.98570829951,0.1173,-0.1134,-51050.0,36,19436.0,1,645000,727500,669500,834500,0.8969
SYN_0156,freelance_it,24,1,18,4,7,840500,736500,832500,1011500,786000,1,synthetic,3,855250.0,114383.49239874315,0.1337,0.1412,-60900.0,28,29491.0,1,840500,736500,832500,1011500,0.9828
SYN_0157,freelance_it,19,2,59,4,8,538500,508000,573500,692000,703000,2,synthetic,3,578000.0,80573.98256674834,0.1394,0.06,-52600.0,32,17515.0,0,538500,508000,573500,692000,0.9317
SYN_0158,freelance_it,39,1,29,4,4,724000,562000,756500,835000,909000,2,synthetic,3,719375.0,114797.92027732906,0.1596,0.2883,-52750.0,16,42316.0,0,724000,562000,756500,835000,1.0064
SYN_0159,freelance_it,43,2,33,4,3,374500,364500,453500,660000,557000,3,synthetic,3,463125.0,137154.03445275192,0.2961,0.0274,-94550.0,12,35625.0,0,374500,364500,453500,660000,0.8086
SYN_0160,kurir,33,2,41,6,1,635000,573500,646000,769500,797000,2,synthetic,4,656000.0,82116.78675317652,0.1252,0.1072,-47600.0,6,93714.0,0,635000,573500,646000,769500,0.968
SYN_0161,kurir,41,2,64,3,4,734500,761500,999000,1038000,841000,2,synthetic,4,883250.0,157369.25790424677,0.1782,-0.0355,-114800.0,12,67942.0,0,734500,761500,999000,1038000,0.8316
SYN_0162,kurir,37,1,19,6,1,518500,518500,607000,698500,654000,4,synthetic,4,585625.0,86041.05124880797,0.1469,0.0,-62850.0,6,83661.0,1,518500,518500,607000,698500,0.8854
SYN_0163,kurir,49,2,8,4,8,744500,708500,833000,891000,734500,4,synthetic,4,794250.0,83046.6736239327,0.1046,0.0508,-56400.0,32,24068.0,1,744500,708500,833000,891000,0.9374
SYN_0164,kurir,48,0,22,6,3,740500,740000,830500,890500,888500,0,synthetic,4,800375.0,73621.0737493009,0.092,0.0007,-54050.0,18,42125.0,0,740500,740000,830500,890500,0.9252
SYN_0165,kurir,33,1,5,5,10,558000,570000,650500,780500,744500,1,synthetic,4,639750.0,102427.61671866951,0.1601,-0.0211,-74800.0,50,12544.0,1,558000,570000,650500,780500,0.8722
SYN_0166,kurir,25,1,44,2,3,705500,657500,677500,976500,890000,3,synthetic,4,754250.0,149468.78157885233,0.1982,0.073,-83300.0,6,107750.0,0,705500,657500,677500,976500,0.9354
SYN_0167,kurir,48,2,25,5,1,790500,743000,801000,989000,934000,4,synthetic,4,830875.0,108394.63009454543,0.1305,0.0639,-65350.0,5,138479.0,1,790500,743000,801000,989000,0.9514
SYN_0168,kurir,18,0,38,4,7,470000,533500,540500,584500,449000,0,synthetic,4,532125.0,47168.8014829011,0.0886,-0.119,-35050.0,28,18349.0,0,470000,533500,540500,584500,0.8832
SYN_0169,kurir,33,2,57,3,10,609500,719000,731000,892000,890500,3,synthetic,4,737875.0,116387.55302866368,0.1577,-0.1523,-85950.0,30,23802.0,0,609500,719000,731000,892000,0.826
SYN_0170,kurir,25,1,3,2,5,763000,785000,825500,995000,874000,4,synthetic,4,842125.0,105152.5677289908,0.1249,-0.028,-73650.0,10,76557.0,1,763000,785000,825500,995000,0.906
SYN_0171,kurir,23,0,10,6,2,559500,541000,573000,691000,626000,0,synthetic,4,591125.0,67863.06678402718,0.1148,0.0342,-42650.0,12,45471.0,0,559500,541000,573000,691000,0.9465
SYN_0172,kurir,51,0,48,5,3,899000,763000,1012000,1065000,1039500,2,synthetic,4,934750.0,133801.78125371374,0.1431,0.1782,-74700.0,15,58422.0,0,899000,763000,1012000,1065000,0.9618
SYN_0173,kurir,21,0,6,7,2,652000,600500,653000,752500,782000,3,synthetic,4,664500.0,63583.278724310316,0.0957,0.0858,-35400.0,14,44300.0,0,652000,600500,653000,752500,0.9812
SYN_0174,kurir,17,0,65,3,7,472000,537000,546500,884000,721000,0,synthetic,4,609875.0,185724.87492704543,0.3045,-0.121,-124550.0,21,27722.0,0,472000,537000,546500,884000,0.7739
SYN_0175,kurir,41,1,71,3,4,493500,453000,549000,672500,683000,0,synthetic,4,542000.0,95485.60100873848,0.1762,0.0894,-63300.0,12,41692.0,0,493500,453000,549000,672500,0.9105
SYN_0176,kurir,35,0,20,7,10,585500,557000,554500,762500,726000,2,synthetic,4,614875.0,99416.10784978459,0.1617,0.0512,-52850.0,70,8660.0,0,585500,557000,554500,762500,0.9522
SYN_0177,kurir,50,1,59,5,8,647500,771000,817000,767500,762000,4,synthetic,4,750750.0,72434.45312832837,0.0965,-0.1602,-40600.0,40,18311.0,1,647500,771000,817000,767500,0.8625
SYN_0178,kurir,20,2,47,5,6,754500,756500,725500,840500,755000,1,synthetic,4,769250.0,49567.29432465188,0.0644,-0.0026,-22700.0,30,24815.0,1,754500,756500,725500,840500,0.9808
SYN_0179,kurir,31,1,7,3,4,617500,614500,698000,931500,868000,0,synthetic,4,715375.0,149183.5418759947,0.2085,0.0049,-102550.0,12,55029.0,0,617500,614500,698000,931500,0.8632
SYN_0180,kurir,50,1,64,4,3,766500,654000,715500,856500,749500,3,synthetic,4,748125.0,85647.89839803426,0.1145,0.172,-33150.0,12,57548.0,0,766500,654000,715500,856500,1.0246
SYN_0181,kurir,45,0,55,3,6,611500,618000,652500,952500,859000,2,synthetic,4,708625.0,163575.86160555598,0.2308,-0.0105,-105750.0,18,37296.0,0,611500,618000,652500,952500,0.8629
SYN_0182,kurir,38,2,48,4,1,761000,907500,918500,991000,850000,0,synthetic,4,894500.0,96401.07191658538,0.1078,-0.1614,-70100.0,4,178900.0,0,761000,907500,918500,991000,0.8508
SYN_0183,kurir,26,1,44,7,1,656000,786000,783000,847500,783500,0,synthetic,4,768125.0,80442.91454192843,0.1047,-0.1654,-57150.0,7,96016.0,0,656000,786000,783000,847500,0.854
SYN_0184,kurir,40,0,28,6,6,620000,664500,625500,687000,683500,0,synthetic,4,649250.0,32027.33207746159,0.0493,-0.067,-16200.0,36,17547.0,0,620000,664500,625500,687000,0.9549
SYN_0185,kurir,21,2,33,6,10,569500,556000,647000,741000,735000,2,synthetic,4,628375.0,85118.91192130375,0.1355,0.0243,-60550.0,60,10301.0,0,569500,556000,647000,741000,0.9063
SYN_0186,kurir,43,2,30,5,1,554000,547000,696000,813500,897500,0,synthetic,4,652625.0,127339.03237682728,0.1951,0.0128,-92750.0,5,108771.0,0,554000,547000,696000,813500,0.8489
SYN_0187,kurir,18,2,51,7,2,683500,698500,665500,732500,797000,3,synthetic,4,695000.0,28407.745422683583,0.0409,-0.0215,-11400.0,14,46333.0,0,683500,698500,665500,732500,0.9835
SYN_0188,kurir,35,0,50,2,1,693000,762000,776500,1049000,885500,3,synthetic,4,820125.0,156871.6965123622,0.1913,-0.0906,-108250.0,2,273375.0,0,693000,762000,776500,1049000,0.845
SYN_0189,kurir,26,1,67,6,4,565500,539500,643500,861000,894000,2,synthetic,4,652375.0,145935.13113709117,0.2237,0.0482,-99050.0,24,26095.0,0,565500,539500,643500,861000,0.8668
SYN_0190,kurir,45,0,14,6,10,692000,721500,776000,926000,807000,4,synthetic,4,778875.0,104072.39067110932,0.1336,-0.0409,-75650.0,60,12768.0,1,692000,721500,776000,926000,0.8885
SYN_0191,kurir,23,1,43,4,5,801500,733000,785000,853000,805000,2,synthetic,4,793125.0,49450.94370518457,0.0623,0.0935,-20650.0,20,37768.0,0,801500,733000,785000,853000,1.0106
SYN_0192,kurir,29,0,63,5,3,833000,749500,811000,983000,976000,1,synthetic,4,844125.0,99097.91033787408,0.1174,0.1114,-51150.0,15,52758.0,1,833000,749500,811000,983000,0.9868
SYN_0193,kurir,17,2,58,3,1,683500,562500,700500,830500,810500,2,synthetic,4,694250.0,109661.22073610767,0.158,0.2151,-57900.0,3,173562.0,0,683500,562500,700500,830500,0.9845
SYN_0194,kurir,20,1,11,3,10,436500,412500,496000,519000,513000,3,synthetic,4,466000.0,49804.61825975579,0.1069,0.0582,-33100.0,30,15032.0,0,436500,412500,496000,519000,0.9367
SYN_0195,kurir,30,1,48,2,10,691500,747500,760500,884000,816500,3,synthetic,4,770875.0,81141.20921784031,0.1053,-0.0749,-59050.0,20,36708.0,0,691500,747500,760500,884000,0.897
SYN_0196,kurir,27,1,57,5,5,387000,436000,460500,500000,496000,2,synthetic,4,445875.0,47283.49782605626,0.106,-0.1124,-36350.0,25,17149.0,0,387000,436000,460500,500000,0.868
SYN_0197,kurir,34,0,6,2,10,607500,535500,608000,724000,698000,1,synthetic,4,618750.0,77996.26059412507,0.1261,0.1345,-42200.0,20,29464.0,1,607500,535500,608000,724000,0.9818
SYN_0198,kurir,38,2,60,6,2,621500,733000,724000,821500,780000,4,synthetic,4,725000.0,81832.1452731138,0.1129,-0.1521,-59100.0,12,55769.0,1,621500,733000,724000,821500,0.8572
SYN_0199,kurir,21,1,56,7,6,596000,486500,503000,715500,558500,1,synthetic,4,575250.0,105193.86864261625,0.1829,0.2251,-37500.0,42,13378.0,1,596000,486500,503000,715500,1.0361
SYN_0200,pekerja_harian,27,1,22,7,1,330000,335500,404500,446000,461000,0,synthetic,5,379000.0,56072.869256590275,0.1479,-0.0164,-41700.0,7,47375.0,0,330000,335500,404500,446000,0.8707
SYN_0201,pekerja_harian,43,2,62,7,1,489000,521000,489000,546000,491000,0,synthetic,5,511250.0,27645.07189355817,0.0541,-0.0614,-13900.0,7,63906.0,0,489000,521000,489000,546000,0.9565
SYN_0202,pekerja_harian,18,0,39,5,6,406500,448500,534500,611500,581000,2,synthetic,5,500250.0,91317.66897302332,0.1825,-0.0936,-70100.0,30,16137.0,0,406500,448500,534500,611500,0.8126
SYN_0203,pekerja_harian,43,2,22,4,9,243500,251500,354000,536000,522000,2,synthetic,5,346250.0,136137.49177455367,0.3932,-0.0318,-98000.0,36,9358.0,0,243500,251500,354000,536000,0.7032
SYN_0204,pekerja_harian,44,0,3,6,7,238000,249000,288500,313500,347500,1,synthetic,5,272250.0,35020.232247468986,0.1286,-0.0442,-26600.0,42,6331.0,1,238000,249000,288500,313500,0.8742
SYN_0205,pekerja_harian,43,0,24,4,3,217000,209000,260000,285500,326500,3,synthetic,5,242875.0,36180.968754305075,0.149,0.0383,-25650.0,12,18683.0,0,217000,209000,260000,285500,0.8935
SYN_0206,pekerja_harian,32,2,22,5,3,293000,290000,281500,254000,246500,1,synthetic,5,279625.0,17764.078923490517,0.0635,0.0103,12550.0,15,17477.0,1,293000,290000,281500,254000,1.0478
SYN_0207,pekerja_harian,51,2,51,7,5,232000,294500,433500,508000,444500,2,synthetic,5,367000.0,126206.8408077259,0.3439,-0.2122,-96700.0,35,10194.0,0,232000,294500,433500,508000,0.6322
SYN_0208,pekerja_harian,23,2,66,5,9,415000,478500,445500,721000,653000,0,synthetic,5,515000.0,139759.9131844798,0.2714,-0.1327,-88500.0,45,11196.0,0,415000,478500,445500,721000,0.8058
SYN_0209,pekerja_harian,39,1,40,2,2,412500,528500,674500,724000,639500,3,synthetic,5,584875.0,141750.58788825767,0.2424,-0.2195,-108050.0,4,116975.0,0,412500,528500,674500,724000,0.7053
SYN_0210,pekerja_harian,48,0,19,7,5,561000,487000,547000,566000,526000,3,synthetic,5,540250.0,36399.40475703781,0.0674,0.152,-7500.0,35,15007.0,0,561000,487000,547000,566000,1.0384
SYN_0211,pekerja_harian,17,2,40,6,9,284500,353000,406500,359000,377500,2,synthetic,5,350750.0,50233.62087951322,0.1432,-0.1941,-27700.0,54,6377.0,0,284500,353000,406500,359000,0.8111
SYN_0212,pekerja_harian,43,2,45,4,6,493000,493500,522500,526500,456500,1,synthetic,5,508875.0,18117.095977740657,0.0356,-0.001,-12950.0,24,20355.0,1,493000,493500,522500,526500,0.9688
SYN_0213,pekerja_harian,17,0,66,3,2,338500,431000,429000,510000,487500,2,synthetic,5,427125.0,70097.99688055762,0.1641,-0.2146,-51250.0,6,61018.0,0,338500,431000,429000,510000,0.7925
SYN_0214,pekerja_harian,28,0,26,2,9,429500,444500,478000,461500,411000,1,synthetic,5,453375.0,20985.610149179207,0.0463,-0.0337,-12950.0,18,23862.0,1,429500,444500,478000,461500,0.9473
SYN_0215,pekerja_harian,27,1,69,4,6,474000,529500,519000,625500,606500,0,synthetic,5,537000.0,63722.05269763365,0.1187,-0.1048,-44400.0,24,21480.0,0,474000,529500,519000,625500,0.8827
SYN_0216,pekerja_harian,24,2,55,3,10,402000,485500,523000,605000,597500,4,synthetic,5,503875.0,84277.69080051177,0.1673,-0.172,-64650.0,30,16254.0,1,402000,485500,523000,605000,0.7978
SYN_0217,pekerja_harian,20,0,23,7,4,528500,561500,616000,687500,592000,2,synthetic,5,598375.0,69513.0383453349,0.1162,-0.0588,-53150.0,28,20634.0,0,528500,561500,616000,687500,0.8832
SYN_0218,pekerja_harian,20,1,8,3,8,518500,548000,561500,642000,620000,2,synthetic,5,567500.0,52812.5616370449,0.0931,-0.0538,-38400.0,24,22700.0,0,518500,548000,561500,642000,0.9137
SYN_0219,pekerja_harian,36,1,26,7,7,398000,377000,445000,372500,440000,0,synthetic,5,398125.0,33167.190113122335,0.0833,0.0557,850.0,49,7962.0,0,398000,377000,445000,372500,0.9997
SYN_0220,pekerja_harian,39,2,43,4,2,432500,456000,459000,485500,535000,2,synthetic,5,458250.0,21689.09095989656,0.0473,-0.0515,-16200.0,8,50917.0,0,432500,456000,459000,485500,0.9438
SYN_0221,pekerja_harian,34,2,38,3,3,306000,388000,420000,375000,269000,3,synthetic,5,372250.0,48044.25043644661,0.1291,-0.2113,-23900.0,9,37225.0,0,306000,388000,420000,375000,0.822
SYN_0222,pekerja_harian,44,1,55,4,2,490000,517000,583000,672500,589500,3,synthetic,5,565625.0,81256.15361312643,0.1437,-0.0522,-61350.0,8,62847.0,0,490000,517000,583000,672500,0.8663
SYN_0223,pekerja_harian,40,2,34,3,7,295000,321000,375500,458000,295000,4,synthetic,5,362375.0,72036.30450451124,0.1988,-0.081,-54350.0,21,16472.0,1,295000,321000,375500,458000,0.8141
SYN_0224,pekerja_harian,51,1,50,7,2,355500,280500,355500,603500,602500,2,synthetic,5,398750.0,141004.43255444136,0.3536,0.2674,-81900.0,14,26583.0,0,355500,280500,355500,603500,0.8915
SYN_0225,pekerja_harian,35,0,10,2,4,309500,277000,363000,415500,386000,0,synthetic,5,341250.0,60888.559407056644,0.1784,0.1173,-40400.0,8,37917.0,0,309500,277000,363000,415500,0.907
SYN_0226,pekerja_harian,47,0,12,6,9,481500,490000,530500,658000,651000,3,synthetic,5,540000.0,81519.93621194757,0.151,-0.0173,-57000.0,54,9818.0,0,481500,490000,530500,658000,0.8917
SYN_0227,pekerja_harian,42,0,55,2,5,400500,380000,531500,553500,488000,3,synthetic,5,466375.0,88754.69471150996,0.1903,0.0539,-61050.0,10,42398.0,0,400500,380000,531500,553500,0.8587
SYN_0228,pekerja_harian,38,0,61,4,5,362500,363500,460000,514000,451000,1,synthetic,5,425000.0,74909.94593510263,0.1763,-0.0028,-55100.0,20,20238.0,1,362500,363500,460000,514000,0.8529
SYN_0229,pekerja_harian,47,1,17,2,4,509000,536500,535500,520500,525000,1,synthetic,5,525375.0,13142.64686684789,0.025,-0.0513,-3350.0,8,58375.0,1,509000,536500,535500,520500,0.9688
SYN_0230,pekerja_harian,50,2,8,7,9,631000,529000,559500,662000,724000,2,synthetic,5,595375.0,61645.998788783254,0.1035,0.1928,-12350.0,63,9303.0,0,631000,529000,559500,662000,1.0598
SYN_0231,pekerja_harian,35,1,19,2,4,353000,353500,422000,565500,363000,3,synthetic,5,423500.0,100060.81484110883,0.2363,-0.0014,-70600.0,8,47056.0,0,353000,353500,422000,565500,0.8335
SYN_0232,pekerja_harian,48,1,36,3,9,361000,372500,506500,536000,540000,0,synthetic,5,444000.0,90132.31015198342,0.203,-0.0309,-65900.0,27,15857.0,0,361000,372500,506500,536000,0.8131
SYN_0233,pekerja_harian,31,0,26,3,7,362500,458500,505500,611500,542000,2,synthetic,5,484500.0,103489.12986396204,0.2136,-0.2094,-79400.0,21,22023.0,0,362500,458500,505500,611500,0.7482
SYN_0234,pekerja_harian,19,2,54,6,2,441000,489000,490500,493500,471500,0,synthetic,5,478500.0,25069.90227344335,0.0524,-0.0982,-15900.0,12,36808.0,0,441000,489000,490500,493500,0.9216
SYN_0235,pekerja_harian,52,2,43,5,2,361000,450000,477500,561500,495000,2,synthetic,5,462500.0,82632.72152523276,0.1787,-0.1978,-62900.0,10,42045.0,0,361000,450000,477500,561500,0.7805
SYN_0236,pekerja_harian,52,0,11,4,1,548000,614000,599500,698000,590500,2,synthetic,5,614875.0,62233.93366966289,0.1012,-0.1075,-43550.0,4,122975.0,0,548000,614000,599500,698000,0.8912
SYN_0237,pekerja_harian,37,0,71,3,6,390500,422000,490000,439500,406000,0,synthetic,5,435500.0,41607.29102773535,0.0955,-0.0746,-21500.0,18,22921.0,0,390500,422000,490000,439500,0.8967
SYN_0238,pekerja_harian,23,2,64,3,10,234500,220500,210000,281500,294500,2,synthetic,5,236625.0,31555.17654310726,0.1334,0.0635,-13050.0,30,7633.0,0,234500,220500,210000,281500,0.991
SYN_0239,pekerja_harian,18,2,24,5,4,499500,557000,612500,701500,704000,4,synthetic,5,592625.0,86004.23923660198,0.1451,-0.1032,-66150.0,20,28220.0,1,499500,557000,612500,701500,0.8429
SYN_0240,seller_online,27,2,24,7,2,237500,236000,206500,456500,387500,1,synthetic,6,284125.0,115799.66537084639,0.4076,0.0064,-62750.0,14,18942.0,1,237500,236000,206500,456500,0.8359
SYN_0241,seller_online,52,1,68,5,5,344500,292500,278500,327000,277500,0,synthetic,6,310625.0,30420.319415373226,0.0979,0.1778,6650.0,25,11947.0,0,344500,292500,278500,327000,1.1091
SYN_0242,seller_online,23,1,12,2,7,434000,414500,365000,403000,374500,2,synthetic,6,404125.0,29052.753742115394,0.0719,0.047,14250.0,14,26942.0,0,434000,414500,365000,403000,1.0739
SYN_0243,seller_online,51,2,9,6,1,354500,282000,368000,526500,507000,3,synthetic,6,382750.0,103005.25876543067,0.2691,0.2571,-60200.0,6,54679.0,0,354500,282000,368000,526500,0.9262
SYN_0244,seller_online,48,2,40,6,6,591000,579500,751000,919000,795000,2,synthetic,6,710125.0,159742.6967553342,0.2249,0.0198,-115550.0,36,19193.0,0,591000,579500,751000,919000,0.8322
SYN_0245,seller_online,23,2,28,6,8,278000,327500,399500,387000,375000,3,synthetic,6,348000.0,56253.88875446746,0.1616,-0.1511,-39900.0,48,7102.0,0,278000,327500,399500,387000,0.7988
SYN_0246,seller_online,19,0,30,7,1,367500,367000,421500,573500,516500,3,synthetic,6,432375.0,97497.32902324384,0.2255,0.0014,-67250.0,7,54047.0,0,367500,367000,421500,573500,0.85
SYN_0247,seller_online,42,2,33,3,3,376500,401000,367000,433000,406000,3,synthetic,6,394375.0,29465.72868039524,0.0747,-0.0611,-13550.0,9,39438.0,0,376500,401000,367000,433000,0.9547
SYN_0248,seller_online,19,0,68,4,3,451000,487000,504500,528500,552500,2,synthetic,6,492750.0,32620.290209213854,0.0662,-0.0739,-25000.0,12,37904.0,0,451000,487000,504500,528500,0.9153
SYN_0249,seller_online,41,2,52,3,2,528000,541000,555500,683000,631500,0,synthetic,6,576875.0,71636.08843778858,0.1242,-0.024,-47950.0,6,82411.0,0,528000,541000,555500,683000,0.9153
SYN_0250,seller_online,22,0,54,4,5,400000,333500,330500,501000,526500,4,synthetic,6,391250.0,79890.02858096038,0.2042,0.1994,-30000.0,20,18631.0,1,400000,333500,330500,501000,1.0224
SYN_0251,seller_online,52,2,17,5,8,402000,328500,389000,440500,335500,4,synthetic,6,390000.0,46466.83405039197,0.1191,0.2237,-17600.0,40,9512.0,1,402000,328500,389000,440500,1.0308
SYN_0252,seller_online,33,0,60,2,6,259500,394500,378500,266500,235000,2,synthetic,6,324750.0,71658.33284878086,0.2207,-0.3422,-500.0,12,24981.0,0,259500,394500,378500,266500,0.7991
SYN_0253,seller_online,35,0,68,7,1,378000,390000,478500,477500,405000,2,synthetic,6,431000.0,54493.11883164699,0.1264,-0.0308,-38700.0,7,53875.0,0,378000,390000,478500,477500,0.877
SYN_0254,seller_online,19,0,20,2,2,175500,274500,293000,212000,379000,3,synthetic,6,238750.0,54580.97959301695,0.2286,-0.3607,-12800.0,4,47750.0,0,175500,274500,293000,212000,0.7351
SYN_0255,seller_online,17,0,43,6,10,364000,245500,148500,275000,240500,3,synthetic,6,258250.0,88828.01735188434,0.344,0.4827,36400.0,60,4234.0,0,364000,245500,148500,275000,1.4095
SYN_0256,seller_online,19,0,64,5,4,487000,466500,498500,694000,703500,0,synthetic,6,536500.0,105830.83986563966,0.1973,0.0439,-65300.0,20,25548.0,0,487000,466500,498500,694000,0.9077
SYN_0257,seller_online,20,0,53,6,6,422500,483500,544500,508000,560500,1,synthetic,6,489625.0,51290.63429776109,0.1048,-0.1262,-31750.0,36,13233.0,1,422500,483500,544500,508000,0.8629
SYN_0258,seller_online,43,0,50,4,7,274000,304500,340000,420500,426500,3,synthetic,6,334750.0,63209.30838623902,0.1888,-0.1002,-47500.0,28,11543.0,0,274000,304500,340000,420500,0.8185
SYN_0259,seller_online,43,0,18,4,8,407500,478500,461000,598500,489000,0,synthetic,6,486375.0,80620.89782845801,0.1658,-0.1484,-55550.0,32,14739.0,0,407500,478500,461000,598500,0.8378
SYN_0260,seller_online,40,2,20,5,3,438500,406500,412000,406000,496500,0,synthetic,6,415750.0,15408.331079862824,0.0371,0.0787,9200.0,15,25984.0,0,438500,406500,412000,406000,1.0547
SYN_0261,seller_online,34,2,27,6,2,430000,409000,462000,489500,400500,1,synthetic,6,447625.0,35415.09800447638,0.0791,0.0513,-23150.0,12,34433.0,1,430000,409000,462000,489500,0.9606
SYN_0262,seller_online,21,0,40,3,6,289000,360500,429500,527500,521500,0,synthetic,6,401625.0,101648.39316650968,0.2531,-0.1983,-78450.0,18,21138.0,0,289000,360500,429500,527500,0.7196
SYN_0263,seller_online,37,2,18,6,10,452500,463500,525500,433000,543500,0,synthetic,6,468625.0,39959.093666732064,0.0853,-0.0237,-350.0,60,7682.0,0,452500,463500,525500,433000,0.9656
SYN_0264,seller_online,32,0,51,6,8,518500,487000,505500,643000,546000,3,synthetic,6,538500.0,70855.48673179798,0.1316,0.0647,-39200.0,48,10990.0,0,518500,487000,505500,643000,0.9629
SYN_0265,seller_online,49,2,31,4,6,514500,498500,535000,556000,462500,1,synthetic,6,526000.0,24963.306404934956,0.0475,0.0321,-16100.0,24,21040.0,1,514500,498500,535000,556000,0.9781
SYN_0266,seller_online,20,2,16,7,8,350500,292000,380500,461000,382500,0,synthetic,6,371000.0,70359.78965289763,0.1896,0.2003,-42000.0,56,6509.0,0,350500,292000,380500,461000,0.9447
SYN_0267,seller_online,44,2,20,2,4,465000,423500,416500,564000,561000,2,synthetic,6,467250.0,67958.93367811671,0.1454,0.098,-29000.0,8,51917.0,0,465000,423500,416500,564000,0.9952
SYN_0268,seller_online,43,2,4,5,1,440000,325000,504500,572500,585000,4,synthetic,6,460500.0,105294.03275273168,0.2287,0.3538,-57700.0,5,76750.0,1,440000,325000,504500,572500,0.9555
SYN_0269,seller_online,22,2,49,6,5,379500,376500,293500,350000,241500,1,synthetic,6,349875.0,39852.59297293799,0.1139,0.008,17150.0,30,11286.0,1,379500,376500,293500,350000,1.0847
SYN_0270,seller_online,52,0,27,6,7,304000,346000,338500,455500,380500,4,synthetic,6,361000.0,65601.06706449218,0.1817,-0.1214,-44700.0,42,8395.0,1,304000,346000,338500,455500,0.8421
SYN_0271,seller_online,50,0,18,3,9,357500,384000,455500,521000,558500,0,synthetic,6,429500.0,73716.80043698767,0.1716,-0.069,-56200.0,27,15339.0,0,357500,384000,455500,521000,0.8324
SYN_0272,seller_online,24,1,69,6,1,456000,505000,574500,621000,637500,2,synthetic,6,539125.0,73096.2550340303,0.1356,-0.097,-56450.0,6,77018.0,0,456000,505000,574500,621000,0.8458
SYN_0273,seller_online,22,0,16,2,10,520500,488500,495500,652500,537000,4,synthetic,6,539250.0,76739.27720969664,0.1423,0.0655,-40300.0,20,25679.0,1,520500,488500,495500,652500,0.9652
SYN_0274,seller_online,47,0,46,5,3,421000,378500,499000,574000,537000,4,synthetic,6,468125.0,86441.09265852672,0.1847,0.1123,-57950.0,15,29258.0,1,421000,378500,499000,574000,0.8993
SYN_0275,seller_online,32,0,25,2,5,441000,449000,573000,546000,501000,0,synthetic,6,502250.0,67098.80773903512,0.1336,-0.0178,-43900.0,10,45659.0,0,441000,449000,573000,546000,0.878
SYN_0276,seller_online,41,1,33,2,3,373000,443000,569500,662500,471000,4,synthetic,6,512000.0,129149.13859565614,0.2522,-0.158,-99500.0,6,73143.0,1,373000,443000,569500,662500,0.7285
SYN_0277,seller_online,45,0,66,6,1,696000,687000,757000,911500,727000,4,synthetic,6,762875.0,103847.94573477769,0.1361,0.0131,-71650.0,6,108982.0,1,696000,687000,757000,911500,0.9123
SYN_0278,seller_online,34,2,31,4,2,370000,353500,508500,574500,534000,1,synthetic,6,451625.0,107430.88863698993,0.2379,0.0467,-76850.0,8,50181.0,1,370000,353500,508500,574500,0.8193
SYN_0279,seller_online,32,0,38,7,4,499000,591500,480000,532500,570500,2,synthetic,6,525750.0,48912.3365488367,0.093,-0.1564,1100.0,28,18129.0,0,499000,591500,480000,532500,0.9491
SYN_0280,tutor,25,2,10,4,7,294500,320000,339000,402000,323500,4,synthetic,7,338875.0,45862.79356224753,0.1353,-0.0797,-34150.0,28,11685.0,1,294500,320000,339000,402000,0.869
SYN_0281,tutor,50,2,65,7,2,483000,425500,476500,568000,572000,0,synthetic,7,488250.0,59057.17568594014,0.121,0.1351,-30600.0,14,32550.0,0,483000,425500,476500,568000,0.9892
SYN_0282,tutor,40,1,49,3,6,259500,136000,157000,219000,220500,0,synthetic,7,192875.0,56695.6421017818,0.2939,0.9081,10050.0,18,10151.0,0,259500,136000,157000,219000,1.3454
SYN_0283,tutor,24,2,41,7,10,372500,346500,390500,451000,383000,2,synthetic,7,390125.0,44421.04418703669,0.1139,0.075,-27950.0,70,5495.0,0,372500,346500,390500,451000,0.9548
SYN_0284,tutor,32,2,41,6,6,424000,364500,268000,324500,354500,0,synthetic,7,345250.0,65752.69322747675,0.1904,0.1632,39500.0,36,9331.0,0,424000,364500,268000,324500,1.2281
SYN_0285,tutor,42,0,16,3,3,224500,177000,147000,205500,194000,2,synthetic,7,188500.0,33860.00590667403,0.1796,0.2684,8700.0,9,18850.0,0,224500,177000,147000,205500,1.191
SYN_0286,tutor,43,0,4,6,7,319500,245500,315000,426000,426500,0,synthetic,7,326500.0,74481.54133743474,0.2281,0.3014,-38900.0,42,7593.0,0,319500,245500,315000,426000,0.9786
SYN_0287,tutor,18,0,25,6,8,286000,289000,178500,200000,219500,1,synthetic,7,238375.0,57412.7961927188,0.2408,-0.0104,36850.0,48,4865.0,1,286000,289000,178500,200000,1.1998
SYN_0288,tutor,27,2,65,2,6,144500,149500,130000,215500,235500,1,synthetic,7,159875.0,37994.2429849576,0.2376,-0.0334,-19350.0,12,12298.0,1,144500,149500,130000,215500,0.9038
SYN_0289,tutor,29,1,18,6,7,357000,376000,334000,500000,427000,1,synthetic,7,391750.0,74181.64642731156,0.1894,-0.0505,-38700.0,42,9110.0,1,357000,376000,334000,500000,0.9113
SYN_0290,tutor,34,2,51,6,8,283000,202000,312000,357500,203000,3,synthetic,7,288625.0,65385.23661092515,0.2265,0.401,-33350.0,48,5890.0,0,283000,202000,312000,357500,0.9805
SYN_0291,tutor,21,2,22,4,8,316000,246000,228000,305000,395500,3,synthetic,7,273750.0,43300.30792808137,0.1582,0.2846,5100.0,32,8295.0,0,316000,246000,228000,305000,1.1543
SYN_0292,tutor,39,2,20,3,5,249000,256000,312000,357500,374000,3,synthetic,7,293625.0,51070.8250047585,0.1739,-0.0273,-38150.0,15,18352.0,0,249000,256000,312000,357500,0.848
SYN_0293,tutor,27,2,12,5,3,238500,206500,238500,182500,153000,3,synthetic,7,216500.0,27227.437142216182,0.1258,0.155,13600.0,15,13531.0,0,238500,206500,238500,182500,1.1016
SYN_0294,tutor,28,0,2,4,1,130500,109000,64000,79000,19500,2,synthetic,7,95625.0,29842.293812641146,0.3121,0.1972,19950.0,4,19125.0,0,130500,109000,64000,79000,1.3647
SYN_0295,tutor,25,0,4,6,2,252000,237000,255500,413500,286500,1,synthetic,7,289500.0,83055.20252619138,0.2869,0.0633,-50300.0,12,22269.0,1,252000,237000,255500,413500,0.8705
SYN_0296,tutor,24,0,41,5,4,246500,205500,222000,389000,349500,2,synthetic,7,265750.0,83875.40362545705,0.3156,0.1995,-44400.0,20,12655.0,0,246500,205500,222000,389000,0.9276
SYN_0297,tutor,45,0,48,7,6,282500,278500,338500,377500,367500,2,synthetic,7,319250.0,47521.04796824245,0.1489,0.0144,-34500.0,42,7424.0,0,282500,278500,338500,377500,0.8849
SYN_0298,tutor,35,2,6,2,8,382500,358500,296000,385500,381500,1,synthetic,7,355625.0,41545.90834245895,0.1168,0.0669,5350.0,16,20919.0,1,382500,358500,296000,385500,1.0756
SYN_0299,tutor,46,0,45,5,10,370000,291500,342500,434500,457000,1,synthetic,7,359625.0,59576.80616929153,0.1657,0.2693,-24450.0,50,7051.0,1,370000,291500,342500,434500,1.0288
SYN_0300,tutor,39,2,21,5,10,294500,383500,432000,463000,395000,0,synthetic,7,393250.0,73514.73775146496,0.1869,-0.2321,-55400.0,50,7711.0,0,294500,383500,432000,463000,0.7489
SYN_0301,tutor,29,1,27,4,5,314500,352500,430500,431000,393000,0,synthetic,7,382125.0,58251.43059759706,0.1524,-0.1078,-42750.0,20,18196.0,0,314500,352500,430500,431000,0.823
SYN_0302,tutor,48,1,44,6,10,236500,251000,261000,255500,243500,1,synthetic,7,251000.0,10496.030995889192,0.0418,-0.0578,-6700.0,60,4115.0,1,236500,251000,261000,255500,0.9422
SYN_0303,tutor,23,0,41,2,10,338000,259000,401500,379000,382500,3,synthetic,7,344375.0,62694.1982961741,0.1821,0.305,-26550.0,20,16399.0,0,338000,259000,401500,379000,0.9815
SYN_0304,tutor,24,0,67,3,7,309000,300500,278500,318500,292000,1,synthetic,7,301625.0,17080.080991220933,0.0566,0.0283,-650.0,21,13710.0,1,309000,300500,278500,318500,1.0244
SYN_0305,tutor,18,2,35,6,3,409500,386000,381500,435000,369500,3,synthetic,7,403000.0,24613.68183213014,0.0611,0.0609,-7200.0,18,21211.0,0,409500,386000,381500,435000,1.0161
SYN_0306,tutor,30,1,23,6,6,234500,255500,318000,330000,331000,1,synthetic,7,284500.0,46667.26190096579,0.164,-0.0822,-34900.0,36,7689.0,1,234500,255500,318000,330000,0.8243
SYN_0307,tutor,29,0,54,3,7,301500,315500,407500,490000,454000,0,synthetic,7,378625.0,87884.7493406374,0.2321,-0.0444,-65750.0,21,17210.0,0,301500,315500,407500,490000,0.7963
SYN_0308,tutor,26,2,16,5,10,227000,216500,262500,192500,245500,3,synthetic,7,224625.0,29087.1535217869,0.1295,0.0485,5750.0,50,4404.0,0,227000,216500,262500,192500,1.0106
SYN_0309,tutor,38,1,14,3,4,210000,195000,238500,280000,303500,0,synthetic,7,230875.0,37390.67397092489,0.162,0.0769,-25350.0,12,17760.0,0,210000,195000,238500,280000,0.9096
SYN_0310,tutor,31,2,16,4,4,327500,416000,366000,353500,292500,3,synthetic,7,365750.0,37140.499009392246,0.1015,-0.2127,-2800.0,16,21515.0,0,327500,416000,366000,353500,0.8954
SYN_0311,tutor,20,0,51,6,9,330500,393000,428500,509000,436000,2,synthetic,7,415250.0,74480.98191261086,0.1794,-0.159,-57100.0,54,7550.0,0,330500,393000,428500,509000,0.7959
SYN_0312,tutor,28,0,19,2,8,313500,271000,311500,374000,294000,4,synthetic,7,317500.0,42451.9336033904,0.1337,0.1568,-22200.0,16,18676.0,1,313500,271000,311500,374000,0.9874
SYN_0313,tutor,23,0,62,7,10,371500,316500,343500,327000,392000,1,synthetic,7,339625.0,23980.460796239924,0.0706,0.1738,10650.0,70,4783.0,1,371500,316500,343500,327000,1.0939
SYN_0314,tutor,20,0,24,3,9,278500,265000,228000,228500,138000,3,synthetic,7,250000.0,25713.161351079852,0.1029,0.0509,18700.0,27,8929.0,0,278500,265000,228000,228500,1.114
SYN_0315,tutor,18,0,40,2,10,161500,140500,167500,206500,335000,2,synthetic,7,169000.0,27549.954627911822,0.163,0.1495,-16200.0,20,8048.0,0,161500,140500,167500,206500,0.9556
SYN_0316,tutor,29,0,33,2,5,420000,410500,383500,426500,402000,1,synthetic,7,410125.0,18926.94287693252,0.0461,0.0231,750.0,10,37284.0,1,420000,410500,383500,426500,1.0241
SYN_0317,tutor,31,0,56,4,10,314000,302000,370500,395000,343000,3,synthetic,7,345375.0,44570.87053222093,0.1291,0.0397,-31150.0,40,8424.0,0,314000,302000,370500,395000,0.9092
SYN_0318,tutor,45,2,18,4,4,294500,275500,346500,306500,274000,0,synthetic,7,305750.0,30015.273889582728,0.0982,0.069,-10700.0,16,17985.0,0,294500,275500,346500,306500,0.9632
SYN_0319,tutor,18,0,59,3,3,363500,505500,558500,615000,499000,3,synthetic,7,510625.0,107793.30143071662,0.2111,-0.2809,-80750.0,9,51062.0,0,363500,505500,558500,615000,0.7119
