usia,status_income,lama_kerja_bulan,hari_kerja_per_minggu,jam_kerja_per_hari,income_w1,income_w2,income_w3,income_w4,peak_week,app_helpful_score,src_gojek,src_grab,src_instagram___tiktok___youtube,src_maxim,src_projects_co_id,src_shopee___tokopedia___tiktok_shop,src_shopeefood,src_upwork,src_website_freelance_seperti_fiverr,src_whatsapp___kenalan___pelanggan_langsung,ramai_akhir_bulan___tanggal_gajian,ramai_akhir_pekan___sabtu_minggu,ramai_awal_bulan,ramai_harbolnas___flash_sale_online___tanggal_,ramai_ramadan___menjelang_lebaran,ramai_saat_ada_promo_dari_aplikasi,ramai_saat_cuaca_bagus,fluk_ada_atau_tidaknya_promo_dari_aplikasi,fluk_akhir_pekan_atau_hari_libur,fluk_cuaca,fluk_jam_saya_bekerja,fluk_jumlah_pesanan_atau_project_yang_masuk,fluk_kondisi_fisik___capek___sakit,fluk_rating_atau_ulasan_pelanggan,fluk_tanggal_gajian___akhir_bulan,monthly_income,income_volatility,income_cv,income_trend,is_income_growing,total_jam_seminggu,income_per_jam_est,experience_months_log,gig_type_content_creator,gig_type_freelancer_desain,gig_type_freelancer_it,gig_type_jualan_online,gig_type_kurir,gig_type_ojek_online,gig_type_pekerja_harian,gig_type_tutor,domisili_code_bali,domisili_code_bandung,domisili_code_jabodetabek,domisili_code_jawa_barat_lainnya,domisili_code_jawa_tengah,domisili_code_jawa_timur,domisili_code_kalimantan,domisili_code_sulawesi,domisili_code_sumatera,experience_tier_junior,experience_tier_mid,experience_tier_senior
26,2,19,7,7,150000,275000,270000,335000,4,5,0,0,0,0,0,0,0,0,0,1,0,1,0,0,1,0,0,0,1,0,0,1,1,0,0,1030000,77513.4396948899,0.30102189775919275,185000,1,49,761.4213197969543,2.995732273553991,0,0,0,0,0,0,1,0,0,0,0,0,0,1,0,0,0,0,1,0
26,0,72,6,7,300000,16800,325000,330000,4,4,1,0,0,0,0,0,0,0,0,0,0,0,0,0,1,0,1,0,0,0,1,1,0,0,0,971800,151336.74372075012,0.6229105610627251,30000,1,42,1775.1479289940828,4.290459441148391,0,0,0,0,0,1,0,0,0,1,0,0,0,0,0,0,0,0,0,1
36,1,20,7,11,550000,360000,760000,325000,3,3,1,0,0,0,0,0,0,0,0,0,0,1,0,0,0,0,1,0,0,0,0,1,0,0,0,1995000,200265.44884228034,0.4015339294403026,-225000,0,77,1779.9352750809062,3.044522437723423,0,0,0,0,0,1,0,0,0,1,0,0,0,0,0,0,0,0,1,0
22,2,3,3,3,210000,120000,150000,120000,0,5,0,0,1,0,0,0,0,0,0,1,0,1,1,0,0,0,0,0,0,0,1,1,0,0,0,600000,42426.40687119285,0.28284082686910655,-90000,0,9,5675.675675675676,1.3862943611198906,0,0,0,0,0,0,0,1,0,0,0,0,0,1,0,0,0,1,0,0
41,1,14,5,9,400000,335000,440000,300000,3,2,0,0,0,0,0,0,0,0,0,1,0,1,1,0,1,0,0,0,1,0,0,1,0,0,0,1475000,63031.07699116894,0.17093127067091057,-100000,0,45,2209.9447513812156,2.70805020110221,0,0,0,0,0,0,1,0,0,0,0,0,0,1,0,0,0,0,1,0
30,1,19,5,6,840000,650000,800000,400000,0,3,0,0,1,0,0,0,0,0,0,1,1,0,1,0,0,1,0,0,1,0,0,1,0,0,1,2690000,199227.67545365443,0.29624889101080065,-440000,0,30,6942.148760330579,2.995732273553991,0,0,0,1,0,0,0,0,0,0,0,0,0,0,0,1,0,0,1,0
26,0,31,5,6,325000,195000,380000,195000,3,1,0,0,1,0,0,0,0,0,0,1,1,0,0,0,0,0,0,0,0,0,1,1,0,0,1,1095000,93663.84930519707,0.34214979782794247,-130000,0,30,2685.9504132231405,3.4657359027997265,0,1,0,0,0,0,0,0,0,0,0,0,0,1,0,0,0,0,1,0
22,0,24,4,3,400000,250000,200000,280000,1,5,0,0,1,0,1,0,0,0,0,0,0,0,1,0,0,0,0,0,0,0,0,1,0,1,1,1130000,85000.0,0.3008838906764932,-120000,0,12,8163.265306122449,3.2188758248682006,0,1,0,0,0,0,0,0,0,0,1,0,0,0,0,0,0,0,1,0
17,1,77,5,5,660000,780000,1000000,810000,3,5,0,0,0,0,0,0,0,0,1,0,1,0,1,0,0,0,0,0,0,0,0,1,0,1,1,3250000,140801.27840328723,0.17329366782722389,150000,1,25,6534.653465346535,4.356708826689592,0,0,1,0,0,0,0,0,0,1,0,0,0,0,0,0,0,0,0,1
27,2,14,5,8,175000,175000,210000,175000,3,3,0,0,1,0,0,0,0,0,1,0,1,1,1,0,0,0,0,0,0,0,1,1,0,0,0,735000,17500.0,0.0952375769383568,0,0,40,1086.9565217391305,2.70805020110221,0,1,0,0,0,0,0,0,1,0,0,0,0,0,0,0,0,0,1,0
33,1,10,6,9,500000,640000,575000,630000,4,3,1,0,0,0,0,0,1,0,0,0,0,1,1,0,0,0,0,1,0,1,0,1,0,0,0,2345000,64209.942116985796,0.1095263668923137,130000,1,54,2304.147465437788,2.3978952727983707,0,0,0,0,1,0,0,0,0,0,1,0,0,0,0,0,0,1,0,0
20,2,17,5,5,750000,600000,575000,975000,2,4,0,0,0,0,1,0,0,0,0,1,1,0,1,0,0,0,0,0,0,0,0,1,0,0,0,2900000,183711.73070873835,0.25339514112220307,225000,1,25,7425.742574257426,2.8903717578961645,0,0,1,0,0,0,0,0,0,0,0,0,1,0,0,0,0,0,1,0
41,2,21,6,7,1040000,1125000,900000,735000,4,5,0,0,0,0,0,0,0,0,0,1,0,1,0,0,0,0,0,0,0,0,0,1,0,0,0,3800000,170733.71078963872,0.17971950638961298,-305000,0,42,6153.846153846154,3.091042453358316,0,0,0,0,1,0,0,0,0,0,0,0,0,1,0,0,0,0,1,0
22,1,2,5,8,675000,715000,540000,580000,2,2,0,0,1,0,0,0,0,0,0,1,1,0,1,0,0,0,0,0,0,0,1,1,0,0,1,2510000,81291.65598838132,0.12954824930698328,-95000,0,40,4192.546583850932,1.0986122886681096,0,1,0,0,0,0,0,0,0,0,1,0,0,0,0,0,0,1,0,0
17,0,30,4,5,160000,200000,165000,255000,4,4,0,0,1,0,0,0,0,0,0,1,1,0,1,0,0,0,0,0,1,0,0,1,0,0,0,780000,43779.751788545655,0.22451039629820183,95000,1,20,1975.3086419753085,3.4339872044851463,0,0,0,1,0,0,0,0,0,0,0,1,0,0,0,0,0,0,1,0
30,1,17,4,4,425000,400000,745000,425000,1,4,0,0,1,0,0,0,0,0,0,1,0,0,1,0,0,0,0,0,0,0,1,1,0,1,0,1995000,164589.1349188437,0.3300026163733881,0,0,16,6538.461538461538,2.8903717578961645,0,1,0,0,0,0,0,0,0,0,1,0,0,0,0,0,0,0,1,0
27,1,4,3,7,260000,275000,10000,15000,2,5,0,0,0,0,0,0,0,0,0,1,0,1,1,0,1,0,0,0,1,0,0,1,1,0,0,560000,147365.75812130395,1.0526050394018895,-245000,0,21,3058.823529411765,1.6094379124341003,0,0,0,0,0,0,1,0,0,0,0,0,0,1,0,0,0,1,0,0
35,1,55,5,4,825000,780000,400000,580000,0,3,0,0,0,0,0,0,0,0,1,1,1,1,1,0,0,0,0,0,0,0,1,1,0,1,0,2585000,195677.24275789797,0.30278830169376597,-245000,0,20,10185.185185185184,4.02535169073515,0,0,1,0,0,0,0,0,0,1,0,0,0,0,0,0,0,0,0,1
34,0,9,6,6,640000,380000,725000,710000,3,5,1,0,0,1,0,0,0,0,0,0,0,0,1,0,1,0,0,1,0,1,0,1,0,0,0,2455000,160175.68479641346,0.2609782872800427,70000,1,36,4413.793103448276,2.302585092994046,0,0,0,0,0,1,0,0,0,0,0,0,0,1,0,0,0,1,0,0
26,0,35,3,4,325000,600000,315000,270000,2,1,0,0,0,0,0,0,0,0,0,1,1,0,1,0,0,0,0,0,0,0,1,1,0,0,1,1510000,150249.7920131672,0.3980116397391456,-55000,0,12,6632.65306122449,3.58351893845611,0,0,1,0,0,0,0,0,1,0,0,0,0,0,0,0,0,0,1,0
26,2,1,7,7,40000,40000,610000,940000,0,5,0,1,0,0,0,0,0,0,0,0,0,0,0,1,0,1,0,0,0,1,0,1,0,0,0,1630000,445224.6623896749,1.0925731774637975,900000,1,49,203.0456852791878,0.6931471805599453,0,0,0,0,1,0,0,0,0,0,0,0,0,0,0,1,0,1,0,0
26,2,26,6,7,560000,600000,885000,490000,4,4,0,1,0,0,0,0,0,0,0,0,0,0,0,1,0,1,0,0,0,0,1,1,0,0,0,2535000,173559.5478983126,0.2738607874359371,-70000,0,42,3313.609467455621,3.295836866004329,0,0,0,0,1,0,0,0,0,0,0,0,0,1,0,0,0,0,1,0
27,0,7,6,5,625000,16800,380000,430000,1,2,0,0,1,0,0,1,0,0,0,1,0,0,0,1,0,1,0,0,1,0,0,1,0,0,0,1451800,253821.74191086678,0.699327848417188,-195000,0,30,5165.289256198347,2.0794415416798357,0,0,0,1,0,0,0,0,0,0,0,0,0,1,0,0,0,1,0,0
27,2,26,5,6,105000,225000,200000,200000,2,4,0,0,1,0,0,0,0,0,0,0,0,0,1,1,1,0,0,1,0,0,0,1,0,0,1,730000,52993.710318615485,0.29037490380115993,95000,1,30,867.7685950413223,3.295836866004329,0,0,0,1,0,0,0,0,0,0,0,0,0,0,0,1,0,0,1,0
22,0,45,5,5,260000,275000,275000,350000,1,3,0,0,1,0,0,0,0,0,0,1,0,0,0,1,0,0,0,1,1,0,0,1,0,0,0,1160000,40620.1920231798,0.14006914466908665,90000,1,25,2574.2574257425745,3.828641396489095,1,0,0,0,0,0,0,0,0,0,1,0,0,0,0,0,0,0,0,1
23,1,33,3,2,275000,275000,250000,215000,1,4,0,0,1,0,0,0,0,0,0,1,1,1,1,0,0,0,0,0,0,0,1,1,0,0,0,1015000,28394.54172900137,0.11189923085623847,-60000,0,6,11000.0,3.5263605246161616,0,0,0,0,0,0,0,1,0,0,1,0,0,0,0,0,0,0,1,0
28,1,43,6,8,400000,25000,505000,465000,1,2,0,0,0,0,0,0,0,1,1,0,1,1,1,0,0,0,0,0,0,0,1,1,0,0,0,1395000,220127.80378680018,0.6311890253699636,65000,1,48,2072.538860103627,3.784189633918261,0,0,1,0,0,0,0,0,0,0,0,0,0,0,0,1,0,0,0,1
28,0,23,4,2,200000,225000,180000,155000,2,2,0,0,0,0,0,1,0,0,0,1,0,1,0,1,1,0,0,1,0,0,0,1,0,0,1,760000,29720.924166878343,0.1564250933778156,-45000,0,8,6060.606060606061,3.1780538303479458,1,0,0,0,0,0,0,0,0,1,0,0,0,0,0,0,0,0,1,0
36,1,15,7,9,1336200,485000,1350000,1342800,0,2,1,0,0,1,0,0,0,0,0,0,0,0,0,0,0,1,1,1,0,0,0,1,0,1,0,4514000,429037.0147201754,0.38018310548256085,6600,1,63,5281.422924901186,2.772588722239781,0,0,0,0,0,1,0,0,0,0,0,0,0,0,0,0,1,0,1,0
28,1,3,3,7,375000,200000,290000,175000,1,1,0,0,0,0,0,0,0,0,0,1,0,1,0,0,0,0,0,0,0,0,0,1,1,0,0,1040000,91195.76013536302,0.3507515745530326,-200000,0,21,4411.764705882353,1.3862943611198906,0,0,0,0,0,0,1,0,0,0,0,0,0,0,0,1,0,1,0,0
17,1,41,6,3,475000,495000,450000,430000,2,5,0,0,0,0,0,0,0,0,0,1,0,0,1,0,1,1,0,0,0,0,0,1,0,0,1,1850000,28431.203515386635,0.06147273955166937,-45000,0,18,6506.8493150684935,3.7376696182833684,0,0,0,1,0,0,0,0,0,1,0,0,0,0,0,0,0,0,0,1
26,1,13,3,5,775000,730000,620000,35000,3,3,0,0,0,0,0,0,0,0,1,1,1,0,1,0,0,0,0,0,0,0,0,1,0,1,0,2160000,342904.26263511705,0.6350067178303689,-740000,0,15,12704.918032786885,2.639057329615259,0,1,0,0,0,0,0,0,0,0,1,0,0,0,0,0,0,0,1,0
34,0,3,6,5,370000,400000,320000,275000,2,3,0,0,0,0,0,0,0,0,0,1,1,0,0,0,1,1,0,1,1,0,0,1,0,0,0,1365000,55132.41635674363,0.1615597210169161,-95000,0,30,3057.8512396694214,1.3862943611198906,0,0,0,1,0,0,0,0,0,0,0,0,1,0,0,0,0,1,0,0
28,1,56,7,8,450000,520000,640000,575000,3,3,0,1,0,0,0,0,0,0,0,0,0,0,0,0,0,0,1,1,0,0,0,1,0,0,0,2185000,80764.57556792251,0.14785249925020277,125000,1,56,2000.0,4.04305126783455,0,0,0,0,0,1,0,0,0,0,0,1,0,0,0,0,0,0,0,1
25,0,11,4,3,400000,320000,850000,300000,3,3,0,0,1,0,0,0,0,0,0,0,1,1,1,0,0,0,0,0,0,0,0,1,1,0,0,1870000,258634.2333618399,0.5532271232828163,-100000,0,12,8163.265306122449,2.4849066497880004,0,0,0,0,0,0,0,1,0,0,1,0,0,0,0,0,0,1,0,0
34,2,48,6,9,825000,1273200,1350000,530000,3,5,0,0,0,0,0,0,1,0,0,0,0,0,1,0,0,0,0,1,0,0,0,1,0,0,0,3978200,386671.44968306104,0.3887899662089335,-295000,0,54,3801.84331797235,3.8918202981106265,0,0,0,0,1,0,0,0,0,0,0,0,0,0,0,0,1,0,0,1
25,0,39,5,6,260000,260000,205000,185000,1,3,0,0,0,0,0,0,0,0,1,1,1,0,0,0,0,0,0,0,0,0,0,1,0,1,1,910000,38405.72873934304,0.16881564801624185,-75000,0,30,2148.7603305785124,3.6888794541139363,0,1,0,0,0,0,0,0,0,0,1,0,0,0,0,0,0,0,0,1
31,0,20,3,6,240000,100000,280000,130000,3,5,0,0,0,0,0,0,0,0,0,1,0,0,1,0,1,0,0,0,0,0,0,1,0,0,0,750000,86168.43969807043,0.45956256072271845,-110000,0,18,3287.671232876712,3.044522437723423,0,0,0,0,0,0,1,0,0,0,0,1,0,0,0,0,0,0,1,0
33,2,15,6,8,500000,930000,775000,760000,1,5,0,0,0,0,0,0,1,0,0,0,0,0,1,0,0,0,0,0,0,0,0,1,0,0,0,2965000,178249.5909298719,0.24047129910094137,260000,1,48,2590.6735751295337,2.772588722239781,0,0,0,0,1,0,0,0,0,0,0,0,0,0,0,0,1,0,1,0
24,0,10,6,4,300000,175000,195000,250000,1,3,0,0,1,0,0,0,0,0,0,1,0,0,1,0,1,1,0,0,1,0,0,1,0,0,1,920000,56421.03626603585,0.24530778677499598,-50000,0,24,3092.783505154639,2.3978952727983707,0,0,0,1,0,0,0,0,0,0,0,0,0,0,0,0,1,1,0,0
37,2,16,7,7,590000,870000,600000,700000,3,4,1,0,0,0,0,0,0,0,0,0,0,0,0,0,1,0,0,0,0,0,1,1,0,0,0,2760000,129871.73159185438,0.1882196280756903,110000,1,49,2994.92385786802,2.833213344056216,0,0,0,0,0,1,0,0,0,1,0,0,0,0,0,0,0,0,1,0
35,0,11,6,8,650000,380000,575000,780000,4,3,0,1,0,0,0,0,0,0,0,0,0,1,1,0,0,0,0,0,0,0,1,1,0,0,0,2385000,167201.22607205965,0.280420873209537,130000,1,48,3367.875647668394,2.4849066497880004,0,0,0,0,0,1,0,0,0,0,1,0,0,0,0,0,0,1,0,0
25,2,28,4,5,425000,390000,510000,470000,0,5,0,0,0,0,1,0,0,0,0,0,1,0,1,0,0,0,0,0,0,0,1,1,0,0,1,1795000,52341.02915814068,0.11663713096603835,45000,1,20,5246.913580246914,3.367295829986474,0,1,0,0,0,0,0,0,0,0,1,0,0,0,0,0,0,0,1,0
35,2,3,6,10,1020000,1135000,60000,60000,1,5,0,1,0,0,0,0,0,0,0,0,0,1,1,0,0,0,0,0,0,0,0,1,0,0,0,2275000,589326.9466094351,1.0361774249354025,-960000,0,60,4232.365145228216,1.3862943611198906,0,0,0,0,0,1,0,0,0,0,1,0,0,0,0,0,0,1,0,0
28,2,12,5,8,360000,500000,370000,530000,4,4,0,0,0,0,0,0,0,0,0,1,0,1,1,0,1,0,0,0,0,0,0,1,0,0,0,1760000,87559.50357709131,0.19899841949698138,170000,1,40,2236.0248447204967,2.5649493574615367,0,0,0,0,0,0,1,0,0,0,1,0,0,0,0,0,0,0,1,0
36,2,34,6,7,760000,790000,1130000,1175000,4,3,1,0,0,0,0,0,0,0,0,0,0,0,1,0,0,0,0,0,0,0,0,1,0,0,0,3855000,219065.24903172874,0.22730482150651854,415000,1,42,4497.041420118343,3.5553480614894135,0,0,0,0,0,1,0,0,0,0,0,0,0,0,0,0,1,0,1,0
29,2,18,7,9,505000,510000,25000,500000,1,4,0,0,0,0,0,0,1,0,0,0,0,0,0,1,0,1,0,1,0,0,1,1,0,0,0,1540000,240034.7197108507,0.623465185053677,-5000,0,63,1996.0474308300395,2.9444389791664403,0,0,0,0,1,0,0,0,1,0,0,0,0,0,0,0,0,0,1,0
26,1,38,4,7,1320000,1273200,1200000,630000,1,4,0,0,0,0,0,0,0,0,1,1,1,0,1,0,0,0,0,0,0,0,1,1,0,0,1,4423200,321021.12080048566,0.29030641209447783,-690000,0,28,11681.41592920354,3.6635616461296463,0,1,0,0,0,0,0,0,0,0,1,0,0,0,0,0,0,0,0,1
43,2,31,6,9,890000,560000,1105000,740000,0,3,0,1,0,0,0,0,0,0,0,0,0,0,0,0,0,0,1,0,0,0,0,1,0,1,0,3295000,230989.71838590564,0.28041206430815335,-150000,0,54,4101.382488479263,3.4657359027997265,0,0,0,0,0,1,0,0,0,0,1,0,0,0,0,0,0,0,1,0
27,0,8,5,4,225000,200000,170000,210000,0,3,0,0,0,0,0,0,0,0,0,1,0,1,0,0,0,0,0,0,0,0,0,1,0,0,1,805000,23228.93310794392,0.11542269657265763,-15000,0,20,2777.777777777778,2.1972245773362196,0,0,0,0,0,0,0,1,0,0,0,1,0,0,0,0,0,1,0,0
29,1,1,6,7,525000,625000,715000,760000,2,3,0,0,1,0,0,0,0,0,0,0,0,0,1,1,0,1,0,1,0,0,0,1,0,0,1,2625000,103953.11443145896,0.15840450442202597,235000,1,42,3106.508875739645,0.6931471805599453,0,0,0,1,0,0,0,0,0,0,1,0,0,0,0,0,0,1,0,0
38,2,16,7,10,450000,970000,550000,300000,4,3,1,0,0,0,0,0,0,0,0,0,0,0,1,0,0,0,0,0,0,0,1,1,0,0,0,2270000,287329.6596826254,0.5063068781951492,-150000,0,70,1601.423487544484,2.833213344056216,0,0,0,0,0,1,0,0,0,1,0,0,0,0,0,0,0,0,1,0
18,2,36,3,4,270000,150000,550000,185000,3,3,0,0,1,0,0,0,0,0,0,1,1,1,1,0,0,0,0,0,0,0,0,1,0,0,1,1155000,181308.8984762377,0.6279074305413235,-85000,0,12,5510.2040816326535,3.6109179126442243,0,0,0,0,0,0,0,1,0,0,0,1,0,0,0,0,0,0,0,1
33,2,14,6,9,700000,395000,475000,940000,4,5,1,1,0,0,0,0,0,0,0,0,0,0,0,0,1,1,0,0,0,0,0,1,0,1,0,2510000,245102.01957552286,0.3906002055383543,240000,1,54,3225.8064516129034,2.70805020110221,0,0,0,0,0,1,0,0,0,0,0,0,0,1,0,0,0,0,1,0
26,0,38,4,7,750000,365000,630000,590000,0,4,0,0,1,0,0,0,0,0,1,0,1,0,1,0,1,0,0,0,0,0,0,1,0,1,0,2335000,160902.40313100774,0.27563533618102193,-160000,0,28,6637.168141592921,3.6635616461296463,0,1,0,0,0,0,0,0,0,1,0,0,0,0,0,0,0,0,0,1
43,2,46,5,7,555000,980000,555000,590000,0,5,0,0,0,0,0,0,0,0,0,1,0,1,1,0,1,0,0,0,1,0,0,1,0,0,0,2680000,207324.22273659517,0.3094386765640576,35000,1,35,3936.1702127659573,3.8501476017100584,0,0,0,0,0,0,1,0,1,0,0,0,0,0,0,0,0,0,0,1
22,1,8,6,7,750000,250000,450000,225000,0,5,0,0,1,0,0,0,0,0,0,0,0,0,0,1,1,0,0,0,0,0,0,1,0,0,1,1675000,242706.09798684498,0.5795952678007813,-525000,0,42,4437.869822485207,2.1972245773362196,0,0,0,1,0,0,0,0,0,0,0,1,0,0,0,0,0,1,0,0
20,2,24,7,6,140000,310000,340000,240000,0,2,0,0,0,0,0,0,0,0,0,1,0,0,1,0,1,0,0,0,1,0,0,1,0,0,0,1030000,88835.0531415762,0.34498915787346923,100000,1,42,828.4023668639053,3.2188758248682006,0,0,0,0,0,0,1,0,0,0,0,1,0,0,0,0,0,0,1,0
29,2,29,7,10,330000,250000,225000,660000,3,4,0,0,0,0,0,0,0,0,0,1,0,1,0,0,0,0,0,0,0,0,0,1,0,0,0,1465000,200888.65074961304,0.548499937883072,330000,1,70,1174.3772241992883,3.4011973816621555,0,0,0,0,0,0,1,0,1,0,0,0,0,0,0,0,0,0,1,0
21,2,21,6,9,440000,480000,450000,475000,1,4,0,0,0,0,0,0,1,0,0,0,0,1,0,1,0,1,0,1,0,0,0,1,0,0,0,1845000,19311.05037709411,0.04186668511741787,35000,1,54,2027.6497695852534,3.091042453358316,0,0,0,0,1,0,0,0,0,0,0,1,0,0,0,0,0,0,1,0
21,1,18,2,5,590000,575000,870000,625000,4,4,0,0,0,0,0,0,0,0,0,1,0,1,1,0,0,0,0,0,0,0,0,1,1,0,0,2660000,138263.03434637425,0.20791402471030004,35000,1,10,14390.243902439024,2.9444389791664403,0,0,0,0,0,0,0,1,0,0,1,0,0,0,0,0,0,0,1,0
51,1,19,5,7,130000,350000,120000,310000,2,5,0,0,0,0,0,0,0,0,0,1,0,0,1,0,0,0,0,0,0,0,0,1,1,0,0,910000,119547.75893619531,0.5254823448520899,180000,1,35,921.9858156028369,2.995732273553991,0,0,0,0,0,0,1,0,0,0,0,0,0,1,0,0,0,0,1,0
21,1,13,3,6,345000,725000,650000,480000,2,4,0,0,1,0,1,0,0,0,0,0,1,0,0,0,0,0,0,0,0,0,0,1,0,0,0,2200000,170831.30080091686,0.31060180036203,135000,1,18,4726.027397260274,2.639057329615259,0,1,0,0,0,0,0,0,0,0,0,0,0,0,0,1,0,0,1,0
29,1,46,7,7,510000,900000,375000,1000000,1,5,1,0,0,0,0,0,0,0,0,0,0,1,0,0,0,1,1,0,0,0,1,1,0,0,0,2785000,300925.6552705336,0.43220857890406417,490000,1,49,2588.832487309645,3.8501476017100584,0,0,0,0,0,1,0,0,0,0,0,0,1,0,0,0,0,0,0,1
31,2,15,6,11,500000,650000,665000,565000,1,3,0,1,0,0,0,0,0,0,0,0,0,1,1,0,0,0,0,0,0,0,1,1,0,0,0,2380000,77136.24310270757,0.1296405268271945,65000,1,66,1886.7924528301887,2.772588722239781,0,0,0,0,0,1,0,0,0,1,0,0,0,0,0,0,0,0,1,0
24,0,32,4,7,115000,80000,50000,80000,3,3,0,0,1,0,0,1,0,0,0,0,0,0,1,1,0,0,0,0,0,0,0,1,0,0,0,325000,26575.364531836625,0.32707738405480086,-35000,0,28,1017.6991150442478,3.4965075614664802,0,0,0,1,0,0,0,0,0,0,0,0,0,0,0,0,1,0,1,0
27,1,6,2,5,230000,16800,300000,200000,4,2,0,0,1,0,0,0,0,0,0,1,0,1,1,0,0,0,0,0,0,0,0,1,0,0,1,746800,120767.9317258242,0.6468520882364004,-30000,0,10,5609.756097560976,1.9459101490553132,0,0,0,0,0,0,0,1,0,0,0,0,0,0,0,0,1,1,0,0
25,1,24,3,8,270000,275000,250000,280000,4,3,0,0,0,0,0,0,0,0,0,1,1,0,1,0,0,0,0,0,0,0,0,1,0,1,0,1075000,13149.778198382915,0.04892922518756364,10000,1,24,2783.505154639175,3.2188758248682006,0,1,0,0,0,0,0,0,1,0,0,0,0,0,0,0,0,0,1,0
32,2,65,7,7,1336200,1040000,1350000,1200000,1,4,1,1,0,0,0,0,0,0,0,0,0,0,1,0,0,0,0,0,0,1,1,1,0,0,0,4926200,144532.38391447088,0.117358017584713,-136200,0,49,6782.741116751269,4.189654742026425,0,0,0,0,0,1,0,0,0,0,0,0,1,0,0,0,0,0,0,1
37,1,41,7,10,470000,450000,390000,410000,1,5,1,1,0,0,0,0,0,0,0,0,0,1,1,0,0,0,0,0,0,0,1,1,0,0,0,1720000,36514.83716701107,0.08491802848600602,-60000,0,70,1672.5978647686832,3.7376696182833684,0,0,0,0,0,1,0,0,0,0,0,1,0,0,0,0,0,0,0,1
26,1,16,3,4,400000,425000,350000,410000,2,5,0,0,0,0,0,0,0,0,0,1,0,1,0,0,0,0,0,0,0,0,0,1,0,0,1,1585000,32500.0,0.0820187204574878,10000,1,12,8163.265306122449,2.833213344056216,0,0,0,0,0,0,0,1,0,0,1,0,0,0,0,0,0,0,1,0
25,0,17,4,4,405000,400000,325000,425000,2,4,0,0,0,0,0,1,0,0,0,1,0,1,0,1,0,0,0,0,0,0,0,1,0,0,0,1555000,43851.07372307623,0.11279989948084052,20000,1,16,6230.7692307692305,2.8903717578961645,1,0,0,0,0,0,0,0,1,0,0,0,0,0,0,0,0,0,1,0
23,0,33,6,3,190000,130000,225000,6800,3,4,0,0,1,0,0,0,0,0,0,1,1,0,0,0,0,0,0,0,0,0,1,1,0,1,0,551800,95830.45792787733,0.6946702664560411,-183200,0,18,2602.7397260273974,3.5263605246161616,0,1,0,0,0,0,0,0,0,0,1,0,0,0,0,0,0,0,1,0
23,2,39,6,7,625000,975000,550000,715000,4,5,0,0,1,0,1,0,0,0,0,0,1,0,1,0,1,0,0,0,0,0,0,1,0,0,1,2865000,185219.46441991458,0.2585957498417658,90000,1,42,3698.224852071006,3.6888794541139363,0,1,0,0,0,0,0,0,0,0,0,1,0,0,0,0,0,0,0,1
24,2,13,6,11,230000,620000,160000,495000,2,4,0,0,0,0,0,0,1,0,0,0,0,1,1,1,0,0,0,0,0,1,0,1,0,0,0,1505000,217308.34467794068,0.577562171736263,265000,1,66,867.9245283018868,2.639057329615259,0,0,0,0,1,0,0,0,0,0,0,0,1,0,0,0,0,0,1,0
36,0,17,6,3,200000,210000,225000,200000,0,1,0,0,0,0,0,1,0,0,0,1,0,0,0,1,1,0,0,0,0,0,0,1,0,0,0,835000,11814.53906563152,0.05659632320626737,0,0,18,2739.72602739726,2.8903717578961645,0,0,0,1,0,0,0,0,0,0,0,1,0,0,0,0,0,0,1,0
25,0,14,4,7,325000,325000,270000,315000,1,4,0,0,0,0,0,0,0,1,0,1,1,0,1,0,0,0,0,0,0,0,0,1,0,0,0,1235000,26259.918760981218,0.08505209298425338,-10000,0,28,2876.1061946902655,2.70805020110221,0,0,1,0,0,0,0,0,0,1,0,0,0,0,0,0,0,0,1,0
41,2,47,7,7,1336200,600000,1350000,1342800,1,5,1,0,0,1,0,0,0,0,0,0,0,1,0,0,0,1,0,1,0,1,0,1,0,0,0,4629000,371542.74316692015,0.32105631636258697,6600,1,49,6782.741116751269,3.8712010109078907,0,0,0,0,0,1,0,0,0,0,0,1,0,0,0,0,0,0,0,1
39,2,14,5,9,850000,1075000,1105000,850000,2,3,1,1,0,0,0,0,0,0,0,0,0,0,0,0,0,1,1,0,0,0,0,1,0,0,0,3880000,139104.27743243557,0.14340632373825962,0,0,45,4696.132596685083,2.70805020110221,0,0,0,0,0,1,0,0,0,0,0,0,0,1,0,0,0,0,1,0
21,1,6,2,5,315000,270000,160000,410000,4,3,0,0,0,0,0,0,0,0,0,1,1,1,1,0,0,0,0,0,0,0,0,1,1,0,0,1155000,103792.66191146013,0.3594538613250175,95000,1,10,7682.926829268293,1.9459101490553132,0,0,0,0,0,0,0,1,0,0,0,0,1,0,0,0,0,1,0,0
31,1,15,7,11,360000,530000,745000,480000,4,4,1,1,0,0,0,0,0,0,0,0,0,0,1,0,0,0,0,1,0,0,0,1,0,0,0,2115000,160850.6035632651,0.3042086039804465,120000,1,77,1165.0485436893205,2.772588722239781,0,0,0,0,0,1,0,0,0,0,0,0,1,0,0,0,0,0,1,0
22,2,3,5,5,670000,725000,590000,575000,2,4,0,0,1,0,0,1,0,0,0,0,0,0,0,0,1,1,0,0,1,0,0,1,0,0,1,2560000,70356.23639735144,0.10993144760297476,-95000,0,25,6633.663366336634,1.3862943611198906,0,0,0,1,0,0,0,0,0,0,0,1,0,0,0,0,0,1,0,0
25,0,9,6,5,200000,16800,735000,790000,2,2,0,0,1,0,0,1,0,0,0,1,1,0,0,0,1,1,0,0,0,0,0,1,0,0,0,1741800,385633.8634853877,0.8855964585806158,590000,1,30,1652.892561983471,2.302585092994046,0,0,0,1,0,0,0,0,0,0,1,0,0,0,0,0,0,1,0,0
33,0,14,4,5,250000,90000,95000,330000,2,2,0,0,0,0,0,0,0,0,0,1,0,0,1,0,1,0,0,0,0,0,1,1,0,0,0,765000,118629.32464895291,0.6202808071537033,80000,1,20,3086.41975308642,2.70805020110221,0,0,0,0,0,0,1,0,0,0,0,0,0,1,0,0,0,0,1,0
29,0,66,7,9,520000,650000,10000,620000,2,2,1,0,0,0,0,0,1,0,0,0,0,0,0,0,0,1,0,0,0,0,1,1,0,0,0,1800000,298552.0613449743,0.6634475508831632,100000,1,63,2055.3359683794465,4.204692619390966,0,0,0,0,1,0,0,0,0,0,1,0,0,0,0,0,0,0,0,1
26,0,27,5,7,400000,450000,400000,370000,3,1,0,0,0,0,1,0,0,0,0,1,1,0,1,0,0,0,0,0,0,0,1,1,0,0,1,1620000,33166.247903554,0.08189176793033598,-30000,0,35,2836.8794326241136,3.332204510175204,0,1,0,0,0,0,0,0,0,0,0,1,0,0,0,0,0,0,1,0
39,0,55,6,10,810000,220000,425000,425000,4,4,1,0,0,0,0,0,0,0,0,0,0,1,0,0,0,0,0,0,0,1,1,1,0,0,0,1880000,246407.52153022168,0.5242702069362016,-385000,0,60,3360.9958506224066,4.02535169073515,0,0,0,0,0,1,0,0,0,0,0,0,0,1,0,0,0,0,0,1
21,0,22,6,5,400000,360000,420000,450000,4,3,0,0,1,0,1,0,0,0,0,0,1,0,1,0,0,0,0,0,0,0,0,1,0,1,0,1630000,37749.17217635375,0.09263577801368279,50000,1,30,3305.785123966942,3.1354942159291497,0,1,0,0,0,0,0,0,0,0,0,1,0,0,0,0,0,0,1,0
32,2,24,7,7,1336200,900000,1325000,1342800,0,3,1,0,0,0,0,0,0,0,0,0,0,0,0,0,0,1,1,0,0,0,0,1,0,0,0,4904000,217457.49009863974,0.17737138069107589,6600,1,49,6782.741116751269,3.2188758248682006,0,0,0,0,0,1,0,0,0,0,1,0,0,0,0,0,0,0,1,0
24,1,15,3,5,350000,300000,380000,330000,3,4,0,0,1,0,0,0,0,0,0,1,0,0,1,0,0,0,0,0,0,0,1,1,1,0,0,1360000,33665.01646120693,0.09901446307865838,-20000,0,15,5737.704918032787,2.772588722239781,0,0,0,0,0,0,0,1,0,0,1,0,0,0,0,0,0,0,1,0
38,1,29,7,4,630000,750000,680000,710000,2,5,0,0,1,0,0,1,0,0,0,1,1,0,0,1,0,0,0,0,1,0,0,1,0,0,0,2770000,50579.969684978394,0.07303956194283964,80000,1,28,5575.221238938053,3.4011973816621555,0,0,0,1,0,0,0,0,0,0,1,0,0,0,0,0,0,0,1,0
44,1,13,6,9,810000,925000,750000,870000,0,4,1,1,0,0,0,0,0,0,0,0,0,1,0,0,0,0,1,0,0,0,1,1,0,0,0,3355000,75539.72464869064,0.09006215748021837,60000,1,54,3732.7188940092165,2.639057329615259,0,0,0,0,0,1,0,0,0,0,1,0,0,0,0,0,0,0,1,0
34,2,7,5,10,920000,800000,880000,780000,4,5,0,1,0,1,0,0,0,0,0,0,0,1,1,0,0,1,0,0,0,0,0,1,0,0,0,3380000,66080.7586719967,0.07820198872190293,-140000,0,50,4577.114427860696,2.0794415416798357,0,0,0,0,0,1,0,0,0,0,1,0,0,0,0,0,0,1,0,0
21,0,24,4,5,420000,570000,140000,120000,2,4,0,0,0,0,0,0,0,1,0,1,1,0,1,0,0,0,0,0,0,0,1,1,0,0,1,1250000,219601.9125599775,0.7027238714755393,-300000,0,20,5185.185185185185,3.2188758248682006,0,0,1,0,0,0,0,0,0,1,0,0,0,0,0,0,0,0,1,0
24,0,31,4,4,850000,410000,860000,300000,1,4,0,0,0,0,0,0,0,0,0,1,1,0,1,0,0,0,0,0,0,0,0,1,0,1,1,2420000,292175.74619852804,0.4829343194449729,-550000,0,16,13076.923076923076,3.4657359027997265,0,0,1,0,0,0,0,0,0,0,0,0,1,0,0,0,0,0,1,0
22,2,78,4,4,380000,575000,290000,560000,2,3,0,0,1,0,1,0,0,0,0,0,1,1,1,0,0,0,0,0,0,0,0,1,0,1,0,1805000,139306.31715755034,0.3087113760580039,180000,1,16,5846.153846153846,4.3694478524670215,0,1,0,0,0,0,0,0,0,1,0,0,0,0,0,0,0,0,0,1
26,0,29,2,5,355000,325000,380000,350000,0,3,0,0,1,0,0,0,0,0,0,0,0,1,1,0,0,0,0,0,0,0,1,1,0,0,1,1410000,22546.248764114473,0.06396080795264261,-5000,0,10,8658.536585365853,3.4011973816621555,0,0,0,0,0,0,0,1,0,0,1,0,0,0,0,0,0,0,1,0
29,0,35,4,5,115000,90000,10000,200000,4,3,0,0,0,0,0,0,0,1,0,1,1,0,1,0,1,0,0,0,0,0,1,1,0,1,0,415000,78249.06815206597,0.754200616399514,85000,1,20,1419.7530864197531,3.58351893845611,0,0,1,0,0,0,0,0,0,0,0,0,1,0,0,0,0,0,1,0
37,1,18,7,4,350000,525000,575000,415000,3,5,0,0,1,0,0,1,0,0,0,1,1,0,0,0,0,0,0,0,0,0,0,1,0,0,1,1865000,102337.26919684083,0.21948965084652008,65000,1,28,3097.3451327433627,2.9444389791664403,0,0,0,1,0,0,0,0,1,0,0,0,0,0,0,0,0,0,1,0
19,1,15,5,4,150000,270000,100000,295000,4,5,0,0,1,0,0,0,0,0,0,0,1,1,1,0,0,0,0,0,0,0,1,1,0,0,0,815000,93752.77773662673,0.46013407412295754,145000,1,20,1851.851851851852,2.772588722239781,0,0,0,0,0,0,0,1,0,1,0,0,0,0,0,0,0,0,1,0
27,0,28,5,6,250000,300000,235000,275000,3,5,0,0,0,0,0,0,0,0,0,1,0,1,0,0,1,0,0,0,1,0,1,1,0,0,0,1060000,28577.38033247041,0.10783876412719352,25000,1,30,2066.115702479339,3.367295829986474,0,0,0,0,0,0,1,0,0,1,0,0,0,0,0,0,0,0,1,0
30,2,22,6,8,680000,800000,665000,580000,2,4,0,1,0,0,0,0,0,0,0,0,0,0,1,1,0,0,0,1,0,0,1,1,0,0,0,2725000,90588.3546599672,0.13297353642044885,-100000,0,48,3523.316062176166,3.1354942159291497,0,0,0,0,1,0,0,0,0,0,0,0,0,0,1,0,0,0,1,0
33,0,14,4,7,230000,225000,290000,245000,1,2,0,0,0,0,0,0,0,1,0,1,1,0,1,0,0,0,0,0,0,0,0,1,0,1,1,990000,29580.39891549808,0.11951628040087951,15000,1,28,2035.3982300884957,2.70805020110221,0,0,1,0,0,0,0,0,0,0,1,0,0,0,0,0,0,0,1,0
17,1,17,5,3,590000,560000,550000,540000,4,3,0,0,0,0,0,0,0,0,1,1,1,1,1,0,0,0,0,0,0,0,0,1,0,1,0,2240000,21602.468994692867,0.0385757686052219,-50000,0,15,9672.131147540984,2.8903717578961645,0,1,0,0,0,0,0,0,0,0,0,0,0,0,0,1,0,0,1,0
47,2,14,7,8,815000,1273200,905000,1342800,1,4,1,0,0,1,0,0,0,0,0,0,0,0,1,0,1,0,1,0,0,0,0,1,0,0,0,4336000,262790.2078338029,0.2424261673502173,527800,1,56,3622.222222222222,2.70805020110221,0,0,0,0,0,1,0,0,0,0,1,0,0,0,0,0,0,0,1,0
23,0,5,6,2,360000,800000,790000,6800,0,3,0,0,1,0,0,0,0,0,0,0,0,1,0,0,0,0,0,1,0,0,0,1,0,0,0,1956800,381435.7438241291,0.7797117009657157,-353200,0,12,7346.938775510204,1.791759469228055,1,0,0,0,0,0,0,0,0,1,0,0,0,0,0,0,0,1,0,0
24,0,19,4,5,75000,16800,175000,170000,4,5,0,0,0,0,0,0,0,0,0,1,0,0,0,0,1,0,0,0,1,0,0,1,0,0,1,436800,76884.50212277287,0.7040640847865209,95000,1,20,925.925925925926,2.995732273553991,1,0,0,0,0,0,0,0,1,0,0,0,0,0,0,0,0,0,1,0
28,0,34,4,5,190000,340000,540000,440000,3,5,0,0,1,0,0,0,0,0,0,1,1,1,1,0,0,0,0,0,0,0,0,1,1,0,1,1510000,149303.94055974096,0.39550607961234796,250000,1,20,2345.679012345679,3.5553480614894135,0,0,0,0,0,0,0,1,0,0,1,0,0,0,0,0,0,0,1,0
41,0,27,7,6,230000,350000,265000,255000,2,4,0,1,0,1,0,0,0,0,0,0,0,1,0,0,0,0,0,0,0,0,0,1,0,0,0,1100000,52121.652570372964,0.1895325928646549,25000,1,42,1360.9467455621302,3.332204510175204,0,0,0,0,0,1,0,0,0,0,0,0,1,0,0,0,0,0,1,0
25,2,59,5,7,850000,730000,900000,875000,3,5,0,0,0,0,0,0,0,0,0,1,0,1,0,0,0,0,0,0,0,0,0,1,0,0,0,3355000,75318.76702832214,0.08979872098909228,25000,1,35,6028.368794326241,4.0943445622221,0,0,0,0,0,0,1,0,0,0,1,0,0,0,0,0,0,0,0,1
21,2,10,4,8,150000,130000,235000,160000,0,5,0,0,1,0,0,1,0,0,0,1,0,0,0,1,0,0,0,1,0,0,0,1,0,0,1,675000,45893.89937671455,0.2719622365302401,10000,1,32,1162.7906976744187,2.3978952727983707,0,0,0,1,0,0,0,0,0,0,0,0,0,0,1,0,0,1,0,0
31,2,5,7,7,520000,725000,560000,675000,0,1,0,1,0,0,0,0,0,0,0,0,0,1,0,0,0,0,0,0,0,0,1,1,0,0,0,2480000,96003.47215943111,0.15484406018608213,155000,1,49,2639.5939086294416,1.791759469228055,0,0,0,0,0,1,0,0,0,0,0,0,0,1,0,0,0,1,0,0
26,1,14,5,9,425000,580000,360000,350000,2,5,0,0,0,0,0,0,0,0,0,1,0,0,1,0,1,0,0,0,0,0,1,1,1,0,0,1715000,106173.99242124535,0.24763555635146123,-75000,0,45,2348.0662983425414,2.70805020110221,0,0,0,0,0,0,1,0,0,0,1,0,0,0,0,0,0,0,1,0
35,2,55,7,11,820000,625000,1290000,605000,3,5,1,0,0,0,0,0,1,0,0,0,0,0,1,0,0,0,0,0,0,0,0,1,0,0,0,3340000,318459.8352487589,0.3813885674972352,-215000,0,77,2653.7216828478963,4.02535169073515,0,0,0,0,1,0,0,0,0,0,0,0,1,0,0,0,0,0,0,1
42,2,51,5,9,970000,1170000,1075000,1060000,0,4,0,1,0,1,0,0,0,0,0,0,0,0,1,0,1,0,0,1,0,0,1,1,0,0,0,4275000,81891.696770796,0.0766237381492939,90000,1,45,5359.116022099448,3.9512437185814275,0,0,0,0,0,1,0,0,1,0,0,0,0,0,0,0,0,0,0,1
32,2,27,7,8,500000,510000,550000,565000,4,5,1,0,0,0,0,0,0,0,0,0,0,0,0,0,0,0,1,0,0,0,1,1,0,0,0,2125000,31191.612120354835,0.058713512295233014,65000,1,56,2222.222222222222,3.332204510175204,0,0,0,0,0,1,0,0,0,0,1,0,0,0,0,0,0,0,1,0
27,1,17,3,6,340000,170000,200000,340000,1,3,0,0,0,0,0,0,0,0,0,1,0,1,0,0,1,0,0,0,0,0,0,1,0,0,0,1050000,90323.49269892818,0.34408818518378287,0,0,18,4657.534246575343,2.8903717578961645,0,0,0,0,0,0,1,0,0,0,1,0,0,0,0,0,0,0,1,0
29,2,9,6,9,280000,250000,275000,275000,1,5,0,0,0,0,0,0,0,0,0,1,0,1,1,0,0,0,0,0,0,0,0,1,0,0,0,1080000,13540.0640077266,0.05014819947973007,-5000,0,54,1290.3225806451612,2.302585092994046,0,0,0,0,0,0,1,0,0,0,0,0,0,0,0,1,0,1,0,0
19,2,6,3,6,600000,975000,950000,700000,2,4,0,0,0,0,0,0,0,0,0,1,1,0,1,0,0,0,0,0,0,0,0,1,0,1,0,3225000,185264.45062846423,0.22978508011582524,100000,1,18,8219.17808219178,1.9459101490553132,0,1,0,0,0,0,0,0,0,0,0,0,1,0,0,0,0,1,0,0
17,1,47,4,4,155000,16800,10000,10000,2,4,0,0,1,0,0,0,0,0,0,0,0,0,0,0,1,0,0,0,1,0,0,1,0,0,1,191800,71438.62167390036,1.4898254817188454,-145000,0,16,2384.6153846153848,3.8712010109078907,1,0,0,0,0,0,0,0,0,0,0,0,1,0,0,0,0,0,0,1
41,0,53,3,7,320000,350000,180000,6800,4,5,0,0,0,0,0,0,0,0,0,1,0,1,1,0,1,0,0,0,0,0,1,1,1,0,0,856800,156864.78253578782,0.7323251643819955,-313200,0,21,3764.705882352941,3.9889840465642745,0,0,0,0,0,0,1,0,0,1,0,0,0,0,0,0,0,0,0,1
17,1,8,5,6,525000,830000,750000,525000,2,3,0,0,0,0,1,0,0,0,0,1,1,0,1,0,0,0,0,0,0,0,1,1,0,1,0,2630000,156444.87847162015,0.23793861678023326,0,0,30,4338.842975206611,2.1972245773362196,0,0,1,0,0,0,0,0,0,0,1,0,0,0,0,0,0,1,0,0
18,1,10,6,8,740000,580000,725000,675000,1,3,0,0,1,0,0,1,0,0,0,1,1,0,0,1,1,0,0,1,0,0,0,1,0,0,1,2720000,72226.49560006817,0.10621527850704363,-65000,0,48,3834.1968911917097,2.3978952727983707,0,0,0,1,0,0,0,0,0,0,1,0,0,0,0,0,0,1,0,0
21,0,15,6,3,200000,190000,175000,170000,1,3,0,0,1,0,1,0,0,0,0,0,1,0,1,0,0,0,0,0,0,0,1,1,0,0,0,735000,13768.926368215254,0.074932524820084,-30000,0,18,2739.72602739726,2.772588722239781,0,1,0,0,0,0,0,0,0,0,0,1,0,0,0,0,0,0,1,0
21,2,2,5,8,800000,795000,820000,925000,4,4,0,1,0,0,0,0,1,0,0,0,0,1,0,0,0,1,0,1,0,0,0,1,0,0,0,3340000,60964.4705272396,0.07301125451016179,125000,1,40,4968.944099378882,1.0986122886681096,0,0,0,0,1,0,0,0,0,0,0,0,1,0,0,0,0,1,0,0
20,0,13,4,4,520000,365000,410000,245000,1,2,0,0,1,0,0,0,0,0,0,1,0,1,0,0,0,0,0,0,0,0,0,1,0,0,0,1540000,113798.06676741042,0.2955786264643739,-275000,0,16,8000.0,2.639057329615259,1,0,0,0,0,0,0,0,0,0,1,0,0,0,0,0,0,0,1,0
30,2,23,7,10,420000,1240000,565000,1240000,4,5,0,0,0,0,0,0,1,0,0,0,0,0,0,0,0,1,0,0,0,0,0,1,0,0,0,3465000,435610.20419636637,0.5028683420814133,820000,1,70,1494.661921708185,3.1780538303479458,0,0,0,0,1,0,0,0,0,0,1,0,0,0,0,0,0,0,1,0
19,2,36,5,5,850000,740000,795000,640000,1,5,0,0,1,0,0,0,0,0,0,0,1,0,1,0,1,0,0,0,0,0,1,1,0,0,0,3025000,89570.73554831771,0.11844048543184434,-210000,0,25,8415.841584158416,3.6109179126442243,0,1,0,0,0,0,0,0,0,1,0,0,0,0,0,0,0,0,0,1
35,1,8,3,8,250000,16800,360000,275000,3,4,0,0,0,0,0,0,0,0,0,1,0,0,1,0,1,0,0,0,0,0,0,1,1,0,0,901800,146851.88683386627,0.6513694187822022,25000,1,24,2577.319587628866,2.1972245773362196,0,0,0,0,0,0,1,0,1,0,0,0,0,0,0,0,0,1,0,0
26,1,72,7,6,1110000,300000,545000,440000,1,3,0,0,0,0,0,0,0,0,0,1,0,0,0,0,1,0,0,1,1,0,0,1,0,0,0,2395000,355302.1015042457,0.5934054415011344,-670000,0,42,6568.047337278106,4.290459441148391,0,0,0,1,0,0,0,0,0,0,0,0,1,0,0,0,0,0,0,1
29,2,19,4,5,435000,575000,1350000,1342800,4,4,0,0,1,0,0,0,0,0,0,1,1,0,1,0,1,0,0,0,0,0,0,1,0,0,0,3702800,489142.06525303057,0.52840178983606,907800,1,20,5370.37037037037,2.995732273553991,0,1,0,0,0,0,0,0,0,0,1,0,0,0,0,0,0,0,1,0
28,1,13,4,9,500000,525000,490000,490000,3,4,0,0,0,0,1,0,0,0,1,0,1,0,1,0,0,0,0,0,0,0,1,1,0,1,0,2005000,16520.189667999173,0.032957918623602096,-10000,0,36,3448.2758620689656,2.639057329615259,0,0,1,0,0,0,0,0,0,0,1,0,0,0,0,0,0,0,1,0
25,1,18,4,4,175000,170000,170000,175000,0,2,0,0,0,0,0,0,0,0,0,1,0,1,0,1,0,0,0,0,0,0,0,1,0,0,0,690000,2886.751345948129,0.016734693398578145,0,0,16,2692.3076923076924,2.9444389791664403,1,0,0,0,0,0,0,0,0,0,0,1,0,0,0,0,0,0,1,0
40,2,31,7,8,900000,940000,930000,910000,1,5,1,0,0,0,0,0,0,0,0,0,0,0,0,0,1,1,0,0,0,0,1,1,0,1,0,3680000,18257.418583505536,0.019844998628811856,10000,1,56,4000.0,3.4657359027997265,0,0,0,0,0,1,0,0,0,0,1,0,0,0,0,0,0,0,1,0
31,1,22,6,8,640000,755000,635000,600000,0,1,0,1,0,0,0,0,0,0,0,0,0,0,1,0,0,1,0,1,0,1,0,1,0,0,0,2630000,67391.88873051909,0.10249701328289856,-40000,0,48,3316.062176165803,3.1354942159291497,0,0,0,0,1,0,0,0,0,1,0,0,0,0,0,0,0,0,1,0
39,2,21,7,7,575000,410000,570000,1240000,1,4,0,0,0,0,0,0,0,0,0,1,0,1,1,0,1,0,0,0,0,0,1,1,0,0,0,2795000,368880.62658083125,0.5279142735836245,665000,1,49,2918.7817258883247,3.091042453358316,0,0,0,0,0,0,1,0,0,0,0,0,0,0,1,0,0,0,1,0
20,1,30,7,4,825000,685000,670000,650000,1,5,0,0,1,0,0,1,0,0,0,1,0,0,0,1,0,0,0,0,0,0,0,1,0,0,0,2830000,79634.5821026686,0.11255755412737029,-175000,0,28,7300.884955752213,3.4339872044851463,0,0,0,1,0,0,0,0,0,0,1,0,0,0,0,0,0,0,1,0
25,1,58,5,8,520000,830000,525000,1025000,4,2,0,0,0,0,0,0,0,0,0,1,0,0,1,0,0,0,0,0,0,0,0,1,0,0,0,2900000,247015.519080617,0.3407105908552085,505000,1,40,3229.813664596273,4.07753744390572,0,1,0,0,0,0,0,0,0,0,0,0,0,1,0,0,0,0,0,1
21,0,31,5,2,18400,390000,405000,325000,4,2,0,0,1,0,0,1,0,0,0,0,0,1,0,1,0,0,0,0,0,0,0,1,0,0,0,1138400,180831.33946673438,0.6353854676081053,306600,1,10,448.780487804878,3.4657359027997265,1,0,0,0,0,0,0,0,0,0,0,0,0,1,0,0,0,0,1,0
27,0,13,4,4,300000,275000,255000,250000,1,5,0,0,1,0,0,0,0,0,0,1,1,1,1,0,0,0,0,0,0,0,0,1,1,0,0,1080000,22730.30282830976,0.08418599497153625,-50000,0,16,4615.384615384615,2.639057329615259,0,0,0,0,0,0,0,1,1,0,0,0,0,0,0,0,0,0,1,0
32,2,2,7,9,680000,410000,805000,550000,3,4,1,1,0,0,0,0,0,0,0,0,0,0,0,0,1,0,0,0,0,1,0,1,0,0,0,2445000,169822.21095408377,0.2778272934589617,-130000,0,63,2687.7470355731225,1.0986122886681096,0,0,0,0,0,1,0,0,0,0,1,0,0,0,0,0,0,1,0,0
44,2,25,7,7,295000,210000,350000,300000,1,3,0,0,0,0,0,0,0,0,0,1,0,1,1,0,1,0,0,0,1,0,0,1,1,0,0,1155000,58076.81694675309,0.20113113702377858,5000,1,49,1497.46192893401,3.258096538021482,0,0,0,0,0,0,1,0,0,0,0,0,1,0,0,0,0,0,1,0
25,2,5,6,7,600000,610000,700000,280000,4,3,0,0,0,0,0,0,1,0,0,0,0,0,0,0,0,1,0,0,0,1,0,1,0,0,0,2190000,183915.7415774952,0.3359185491487599,-320000,0,42,3550.2958579881656,1.791759469228055,0,0,0,0,1,0,0,0,0,0,0,0,0,0,0,0,1,1,0,0
28,1,16,5,3,400000,450000,340000,375000,4,1,0,0,1,0,0,0,0,0,0,1,0,0,0,1,0,0,0,0,1,0,0,1,0,0,0,1565000,46255.63028792639,0.11822495095968161,-25000,0,15,6557.377049180328,2.833213344056216,1,0,0,0,0,0,0,0,0,0,0,1,0,0,0,0,0,0,1,0
28,1,19,5,8,530000,675000,525000,1342800,4,5,0,0,0,0,0,0,0,0,1,0,1,0,1,0,0,0,0,0,0,0,0,1,0,0,0,3072800,389331.4269359719,0.5068093206543234,812800,1,40,3291.9254658385094,2.995732273553991,0,0,1,0,0,0,0,0,0,0,0,0,0,1,0,0,0,0,1,0
24,1,42,3,2,325000,820000,825000,400000,4,4,0,0,1,0,0,0,0,0,0,0,0,1,0,0,0,0,0,0,0,0,1,1,0,0,1,2370000,267348.087705897,0.45121963963925293,75000,1,6,13000.0,3.7612001156935624,0,0,0,0,0,0,0,1,0,0,1,0,0,0,0,0,0,0,0,1
26,0,42,5,4,60000,60000,75000,6800,4,5,0,0,1,0,0,1,0,0,0,1,0,0,0,0,1,1,0,1,0,0,0,1,0,0,1,201800,29946.78613808166,0.5935816165800809,-53200,0,20,740.7407407407408,3.7612001156935624,0,0,0,1,0,0,0,0,0,0,0,1,0,0,0,0,0,0,0,1
34,2,1,5,11,930000,660000,710000,450000,2,5,0,1,0,0,0,0,0,0,0,0,0,0,0,0,1,0,0,1,0,0,1,1,0,0,0,2750000,197040.60495238032,0.2866040994156813,-480000,0,55,4208.14479638009,0.6931471805599453,0,0,0,0,0,1,0,0,0,0,0,0,0,1,0,0,0,1,0,0
26,1,56,4,6,1270000,1075000,790000,375000,1,5,0,0,0,0,0,0,0,1,1,0,1,0,1,0,1,0,0,0,0,0,0,1,0,1,0,3510000,388683.6760143137,0.4429438553509497,-895000,0,24,13092.783505154639,4.04305126783455,0,0,1,0,0,0,0,0,1,0,0,0,0,0,0,0,0,0,0,1
24,0,36,5,6,420000,360000,450000,6800,0,5,0,0,0,0,1,0,0,0,0,1,1,0,1,0,0,0,0,0,0,0,1,1,0,0,1,1236800,205042.824795212,0.663137650897675,-413200,0,30,3471.0743801652893,3.6109179126442243,0,1,0,0,0,0,0,0,0,1,0,0,0,0,0,0,0,0,0,1
22,2,6,5,8,725000,550000,740000,725000,1,5,0,0,0,0,0,0,0,0,0,1,0,0,1,0,1,0,0,0,1,0,0,1,0,0,0,2740000,90277.35042633895,0.1317915600507721,0,0,40,4503.105590062112,1.9459101490553132,0,0,0,0,0,0,1,0,0,0,0,1,0,0,0,0,0,1,0,0
26,1,2,5,9,220000,675000,300000,225000,2,4,0,0,0,0,0,0,0,0,0,1,0,0,0,0,1,0,0,0,0,0,1,1,0,0,0,1420000,216448.60821913363,0.6097126718491881,5000,1,45,1215.4696132596684,1.0986122886681096,0,0,0,0,0,0,1,0,0,1,0,0,0,0,0,0,0,1,0,0
17,2,33,6,10,425000,270000,920000,425000,0,5,0,0,0,0,0,0,0,0,0,1,0,0,1,0,1,0,0,0,0,0,0,1,1,0,0,2040000,282931.08701590216,0.5547657495101033,0,0,60,1763.4854771784233,3.5263605246161616,0,0,0,0,0,0,1,0,1,0,0,0,0,0,0,0,0,0,1,0
17,1,34,4,2,200000,350000,320000,500000,3,2,0,0,1,0,0,0,0,0,0,0,1,1,1,0,0,0,0,0,0,0,0,1,1,0,1,1370000,123389.62679253066,0.3602606322099225,300000,1,8,6060.606060606061,3.5553480614894135,0,0,0,0,0,0,0,1,0,0,0,0,1,0,0,0,0,0,1,0
44,2,44,6,8,225000,300000,230000,275000,4,4,0,0,0,0,0,0,0,0,0,1,0,0,1,0,1,0,0,0,0,0,1,1,1,0,0,1030000,36170.890690351174,0.14046893289871176,50000,1,48,1165.80310880829,3.8066624897703196,0,0,0,0,0,0,1,0,0,0,1,0,0,0,0,0,0,0,0,1
26,2,63,5,6,220000,715000,175000,625000,2,5,0,0,1,0,0,1,0,0,0,0,0,0,0,1,1,0,0,0,0,0,0,1,0,0,1,1735000,275873.6123662428,0.6360183892745903,405000,1,30,1818.1818181818182,4.1588830833596715,0,0,0,1,0,0,0,0,0,0,0,0,0,0,0,1,0,0,0,1
25,0,38,4,7,550000,140000,100000,540000,1,3,0,0,1,0,0,0,0,0,0,0,0,0,0,0,0,1,0,0,0,0,0,1,0,0,0,1330000,245950.53703268603,0.7396986385986389,-10000,0,28,4867.256637168141,3.6635616461296463,0,0,0,1,0,0,0,0,0,1,0,0,0,0,0,0,0,0,0,1
17,0,21,4,4,1000000,700000,1180000,650000,3,4,0,0,0,0,1,0,0,1,0,0,1,1,1,0,0,0,0,0,0,0,0,1,0,0,0,3530000,251445.81921360316,0.2849241181750538,-350000,0,16,15384.615384615385,3.091042453358316,0,0,1,0,0,0,0,0,0,0,1,0,0,0,0,0,0,0,1,0
17,0,2,4,6,720000,200000,250000,240000,4,4,0,0,0,0,0,0,0,0,0,1,0,0,1,0,1,0,0,0,1,0,0,1,0,0,0,1410000,245950.53703268603,0.6977300405748807,-480000,0,24,7422.680412371134,1.0986122886681096,0,0,0,0,0,0,1,0,0,0,1,0,0,0,0,0,0,1,0,0
29,2,37,6,10,930000,830000,910000,825000,0,2,0,1,0,0,0,0,0,0,0,0,0,0,1,0,0,1,1,0,0,0,1,1,0,0,0,3495000,54064.00527769531,0.061875757827682384,-105000,0,60,3858.9211618257264,3.6375861597263857,0,0,0,0,0,1,0,0,0,0,0,0,0,0,0,1,0,0,0,1
33,2,3,7,4,570000,440000,560000,370000,0,4,0,0,1,0,0,1,0,0,0,1,1,0,0,0,0,0,0,0,1,0,0,1,0,0,0,1940000,96781.54093971984,0.19954915750631408,-200000,0,28,5044.2477876106195,1.3862943611198906,0,0,0,1,0,0,0,0,0,0,1,0,0,0,0,0,0,1,0,0
25,1,39,6,6,400000,425000,435000,400000,3,5,0,0,1,0,0,0,0,0,0,1,0,0,0,0,1,1,0,1,0,0,0,1,0,0,0,1660000,17795.130420052184,0.04287972901282692,0,0,36,2758.6206896551726,3.6888794541139363,0,0,0,1,0,0,0,0,1,0,0,0,0,0,0,0,0,0,0,1
30,0,4,6,4,325000,300000,315000,300000,1,3,0,0,0,0,0,0,0,0,0,1,1,0,0,1,0,0,0,1,1,0,0,1,0,0,0,1240000,12247.44871391589,0.03950777163272341,-25000,0,24,3350.5154639175257,1.6094379124341003,0,0,0,1,0,0,0,0,0,0,1,0,0,0,0,0,0,1,0,0
19,2,2,5,7,440000,470000,570000,330000,3,3,0,0,0,0,0,0,0,0,0,1,0,1,1,0,0,0,0,0,0,0,0,1,0,0,0,1810000,98784.27675158295,0.21830731147905297,-110000,0,35,3120.567375886525,1.0986122886681096,0,0,0,0,0,0,1,0,0,0,1,0,0,0,0,0,0,1,0,0
25,0,5,5,3,450000,225000,275000,425000,1,1,0,0,1,0,0,1,0,0,0,0,0,1,0,1,1,0,0,0,0,0,0,1,0,0,1,1375000,110632.65039459793,0.3218395012511904,-25000,0,15,7377.049180327869,1.791759469228055,1,0,0,0,0,0,0,0,0,0,1,0,0,0,0,0,0,1,0,0
21,0,64,4,6,490000,455000,315000,930000,1,5,0,0,0,0,0,0,0,0,1,0,1,0,0,0,0,0,0,0,0,0,1,1,0,0,0,2190000,265973.05627951614,0.48579464928742805,440000,1,24,5051.546391752578,4.174387269895637,0,1,0,0,0,0,0,0,0,0,0,0,1,0,0,0,0,0,0,1
26,1,4,4,7,580000,1273200,400000,1342800,4,3,0,0,0,0,0,0,0,1,0,0,1,1,1,0,0,0,0,0,0,0,0,1,0,0,0,3596000,478799.22027226957,0.5325903088787104,762800,1,28,5132.743362831859,1.6094379124341003,0,0,1,0,0,0,0,0,0,0,1,0,0,0,0,0,0,1,0,0
33,1,20,6,7,360000,355000,325000,425000,4,3,0,0,0,0,0,0,0,0,0,1,0,1,1,0,1,0,0,0,1,0,1,1,0,0,0,1465000,42106.01698886593,0.11496492020189959,65000,1,42,2130.1775147928993,3.044522437723423,0,0,0,0,0,0,1,0,0,1,0,0,0,0,0,0,0,0,1,0
28,2,24,3,4,700000,650000,615000,625000,1,4,0,0,1,0,0,0,0,0,1,0,1,0,1,0,0,0,0,0,0,0,1,1,0,0,1,2590000,37969.285832981725,0.05863973311698627,-75000,0,12,14285.714285714286,3.2188758248682006,0,1,0,0,0,0,0,0,0,0,0,1,0,0,0,0,0,0,1,0
31,2,45,7,10,325000,720000,490000,765000,4,4,0,1,0,0,0,0,0,0,0,0,0,0,1,0,0,0,1,0,0,0,0,1,0,0,0,2300000,205629.115966911,0.3576152319159636,440000,1,70,1156.5836298932384,3.828641396489095,0,0,0,0,0,1,0,0,0,0,1,0,0,0,0,0,0,0,0,1
29,0,16,5,5,310000,330000,210000,250000,1,5,0,0,1,0,0,1,0,0,0,0,0,0,1,1,0,0,0,0,0,0,0,1,0,0,1,1100000,55075.70547286102,0.2002745643574424,-60000,0,25,3069.3069306930693,2.833213344056216,0,0,0,1,0,0,0,0,0,0,0,0,0,1,0,0,0,0,1,0
28,1,22,4,3,340000,310000,400000,170000,3,4,0,0,0,0,1,0,0,0,0,1,1,0,1,0,0,0,0,0,0,0,1,1,0,0,0,1220000,97467.94344808965,0.3195659799413433,-170000,0,12,6938.775510204082,3.1354942159291497,0,1,0,0,0,0,0,0,0,0,0,0,0,1,0,0,0,0,1,0
23,2,8,5,10,260000,250000,350000,590000,4,3,0,0,0,0,0,0,1,0,0,0,0,1,1,0,0,1,0,1,0,0,0,1,0,0,0,1450000,158192.92019556375,0.43639305876553103,330000,1,50,1293.5323383084576,2.1972245773362196,0,0,0,0,1,0,0,0,0,0,0,0,0,0,0,0,1,1,0,0
32,1,14,5,6,310000,225000,270000,200000,1,3,0,0,0,0,0,0,0,0,0,1,0,0,1,0,0,0,0,0,0,0,0,1,0,0,0,1005000,48712.592485584944,0.1938801934542945,-110000,0,30,2561.9834710743803,2.70805020110221,0,0,0,0,0,0,1,0,0,0,0,0,0,0,0,0,1,0,1,0
35,2,45,6,8,1130000,805000,770000,925000,4,2,1,0,0,1,0,0,0,0,0,0,0,0,1,0,1,0,0,0,0,0,1,1,0,0,0,3630000,162506.4101299802,0.17907022706308887,-205000,0,48,5854.922279792746,3.828641396489095,0,0,0,0,0,1,0,0,0,0,0,0,0,1,0,0,0,0,0,1
34,2,78,6,10,670000,360000,475000,420000,1,3,0,0,0,0,0,0,0,0,0,1,0,1,1,0,1,0,0,0,0,0,1,1,1,0,0,1925000,134311.51601159645,0.27908828451597284,-250000,0,60,2780.082987551867,4.3694478524670215,0,0,0,0,0,0,1,0,0,0,1,0,0,0,0,0,0,0,0,1
21,0,2,3,5,18400,225000,260000,275000,4,5,0,0,1,0,0,0,0,0,0,0,0,1,1,0,0,0,0,0,0,0,0,1,0,0,0,778400,119320.18549544191,0.6131529925100174,256600,1,15,301.6393442622951,1.0986122886681096,0,0,0,0,0,0,0,1,0,0,1,0,0,0,0,0,0,1,0,0
30,1,20,5,8,450000,450000,410000,380000,0,5,0,0,0,0,0,0,0,0,0,1,0,1,1,0,1,0,0,0,0,0,1,1,0,0,0,1690000,34034.29642777023,0.08055435709683581,-70000,0,40,2795.031055900621,3.044522437723423,0,0,0,0,0,0,1,0,1,0,0,0,0,0,0,0,0,0,1,0
27,2,7,4,5,980000,375000,860000,300000,1,3,0,0,0,0,0,0,0,0,0,1,1,0,1,0,1,0,0,0,0,0,1,1,0,0,0,2515000,341232.4476560418,0.5427147593499523,-680000,0,20,12098.765432098766,2.0794415416798357,0,1,0,0,0,0,0,0,0,0,0,0,0,0,1,0,0,1,0,0
22,1,17,6,5,275000,370000,500000,220000,4,5,0,0,0,0,0,0,0,1,1,0,1,0,1,0,0,0,0,0,0,0,0,1,0,0,0,1365000,122635.97895125774,0.3593717789874835,-55000,0,30,2272.7272727272725,2.8903717578961645,0,0,1,0,0,0,0,0,0,0,0,1,0,0,0,0,0,0,1,0
45,0,35,6,6,270000,200000,225000,250000,3,4,1,0,0,0,0,0,0,0,0,0,0,0,0,0,0,1,1,1,0,0,0,1,0,0,0,945000,30379.543555930308,0.12859011625741398,-20000,0,36,1862.0689655172414,3.58351893845611,0,0,0,0,0,1,0,0,1,0,0,0,0,0,0,0,0,0,1,0
31,2,1,5,9,790000,875000,825000,775000,4,3,0,0,0,0,1,0,0,0,0,0,1,0,1,0,0,0,0,0,0,0,1,1,0,0,0,3265000,44417.5265707881,0.05441650493633465,-15000,0,45,4364.640883977901,0.6931471805599453,0,0,1,0,0,0,0,0,0,0,0,0,0,1,0,0,0,1,0,0
25,2,81,6,7,925000,870000,870000,775000,1,4,0,0,0,0,0,0,0,0,0,1,0,0,1,0,1,0,0,0,1,0,0,1,0,0,0,3440000,62316.396986133055,0.07246084247126812,-150000,0,42,5473.372781065089,4.406719247264253,0,0,0,0,0,0,1,0,0,0,1,0,0,0,0,0,0,0,0,1
21,2,20,6,9,875000,830000,800000,950000,4,5,1,0,0,0,0,0,1,0,0,0,0,1,0,1,0,0,0,0,0,0,1,1,0,0,0,3455000,65239.94175349944,0.07553095944722431,75000,1,54,4032.2580645161293,3.044522437723423,0,0,0,0,1,0,0,0,0,1,0,0,0,0,0,0,0,0,1,0
21,0,9,3,4,175000,325000,270000,6800,0,3,0,0,0,0,0,0,0,0,0,1,0,1,1,0,0,0,0,0,0,0,0,1,0,0,0,776800,139453.31357363533,0.7180875153765188,-168200,0,12,3571.4285714285716,2.302585092994046,0,0,0,0,0,0,0,1,0,0,0,0,0,0,1,0,0,1,0,0
26,1,42,3,9,440000,440000,450000,540000,0,5,0,0,0,0,0,0,0,0,0,1,0,1,1,0,1,0,0,0,1,0,0,1,0,0,0,1870000,48562.67428111155,0.10387715594429006,100000,1,27,4036.697247706422,3.7612001156935624,0,0,0,0,0,0,1,0,0,0,1,0,0,0,0,0,0,0,0,1
23,1,65,6,8,805000,365000,510000,905000,4,4,0,0,0,0,1,0,0,0,0,1,1,0,0,0,0,0,0,0,0,0,0,1,0,0,1,2585000,251541.08345689112,0.3892312483182094,100000,1,48,4170.984455958549,4.189654742026425,0,1,0,0,0,0,0,0,0,0,1,0,0,0,0,0,0,0,0,1
17,1,5,4,9,310000,425000,350000,430000,4,5,0,0,0,0,1,0,0,0,0,0,1,0,0,0,0,0,0,0,0,0,1,1,0,0,1,1515000,58647.96103304302,0.1548456929038947,120000,1,36,2137.9310344827586,1.791759469228055,0,0,1,0,0,0,0,0,1,0,0,0,0,0,0,0,0,1,0,0
31,0,8,6,6,550000,250000,580000,280000,4,5,0,0,0,0,0,0,0,0,1,1,1,0,1,0,1,0,0,0,0,0,0,1,0,1,0,1660000,174068.9518552921,0.41944224677842246,-270000,0,36,3793.103448275862,2.1972245773362196,0,1,0,0,0,0,0,0,0,0,0,0,0,1,0,0,0,1,0,0
24,1,41,3,2,375000,810000,500000,625000,0,4,0,0,0,0,0,0,0,0,0,1,0,1,0,1,0,0,0,1,1,0,0,1,0,0,0,2310000,185584.6617225321,0.32135816513310295,250000,1,6,15000.0,3.7376696182833684,1,0,0,0,0,0,0,0,1,0,0,0,0,0,0,0,0,0,0,1
26,2,44,5,10,1050000,1150000,1075000,680000,4,5,0,0,0,0,0,0,0,0,0,1,0,0,1,0,0,0,0,0,1,0,1,1,0,0,0,3955000,210173.5394065263,0.21256467948606506,-370000,0,50,5223.880597014925,3.8066624897703196,0,0,0,0,0,0,1,0,0,0,0,0,1,0,0,0,0,0,0,1
32,1,52,3,6,705000,300000,700000,325000,1,4,0,0,1,0,0,0,0,0,0,1,0,1,1,0,0,0,0,0,0,0,0,1,1,0,1,2030000,225407.0392275568,0.44415092625937047,-380000,0,18,9657.534246575342,3.970291913552122,0,0,0,0,0,0,0,1,0,0,1,0,0,0,0,0,0,0,0,1
35,1,29,7,8,700000,850000,930000,790000,0,2,1,0,0,0,0,0,0,0,0,0,0,1,0,0,1,0,0,0,0,0,0,1,0,1,0,3270000,97082.43919473799,0.11875513203621524,90000,1,56,3111.1111111111113,3.4011973816621555,0,0,0,0,0,1,0,0,0,0,1,0,0,0,0,0,0,0,1,0
38,0,28,6,9,125000,200000,10000,150000,2,4,1,0,0,1,0,0,0,0,0,0,0,0,0,0,0,0,1,1,0,0,1,1,0,0,0,485000,80454.43845224865,0.6635362879666861,25000,1,54,576.036866359447,3.367295829986474,0,0,0,0,0,1,0,0,0,0,1,0,0,0,0,0,0,0,1,0
40,2,80,7,10,1336200,980000,1175000,760000,1,5,0,1,0,0,0,0,0,0,0,0,0,1,0,0,0,0,0,0,0,1,0,1,0,0,0,4251200,248917.71063278455,0.23420914228795847,-576200,0,70,4755.160142348755,4.394449154672439,0,0,0,0,0,1,0,0,0,0,1,0,0,0,0,0,0,0,0,1
35,0,38,6,8,18400,260000,250000,150000,0,3,0,0,0,0,0,0,0,0,0,1,0,0,1,0,1,0,0,0,0,0,1,1,1,0,0,678400,112371.28933436096,0.6625626578520231,131600,1,48,95.33678756476684,3.6635616461296463,0,0,0,0,0,0,1,0,0,1,0,0,0,0,0,0,0,0,0,1
43,2,84,4,5,18400,20000,300000,15000,3,5,0,0,0,0,0,1,0,0,0,1,0,0,0,0,0,1,0,0,0,0,0,1,0,0,0,353400,141115.40194701168,1.5972134095484112,-3400,0,20,227.1604938271605,4.442651256490317,0,0,0,1,0,0,0,0,0,0,0,0,0,0,0,1,0,0,0,1
28,2,34,4,5,460000,460000,720000,495000,1,3,0,0,0,0,0,1,0,0,0,1,0,0,0,1,1,1,0,1,1,0,0,1,0,0,0,2135000,125258.066939153,0.23467509557668836,35000,1,20,5679.0123456790125,3.5553480614894135,0,0,0,1,0,0,0,0,0,0,1,0,0,0,0,0,0,0,1,0
36,1,16,6,5,775000,470000,690000,875000,2,3,0,0,0,0,0,1,0,0,0,1,0,0,0,0,1,0,0,1,0,0,0,1,0,0,0,2810000,172457.72428820538,0.24549107302082898,100000,1,30,6404.9586776859505,2.833213344056216,0,0,0,1,0,0,0,0,0,0,1,0,0,0,0,0,0,0,1,0
34,0,3,5,8,640000,640000,450000,675000,3,4,1,1,0,0,0,0,0,0,0,0,0,0,0,0,0,1,0,1,0,0,0,1,0,1,0,2405000,102174.27921611843,0.1699361484905945,35000,1,40,3975.1552795031057,1.3862943611198906,0,0,0,0,0,1,0,0,0,0,0,0,0,0,0,0,1,1,0,0
20,0,16,4,4,500000,460000,250000,420000,1,5,0,0,0,0,0,0,0,0,1,0,1,0,0,0,0,0,0,0,0,0,1,1,0,1,0,1630000,109962.11468804456,0.269845018019697,-80000,0,16,7692.307692307692,2.833213344056216,0,0,1,0,0,0,0,0,0,0,1,0,0,0,0,0,0,0,1,0
30,2,11,5,10,790000,685000,940000,950000,4,4,0,1,0,0,0,0,0,0,0,0,0,0,0,0,1,0,0,0,0,0,0,1,0,0,0,3365000,127303.77056474015,0.15132673906448865,160000,1,50,3930.3482587064677,2.4849066497880004,0,0,0,0,0,1,0,0,0,0,0,0,0,0,1,0,0,1,0,0
33,2,69,6,11,1336200,600000,1140000,380000,0,4,1,0,0,0,0,0,0,0,0,0,0,0,1,0,0,1,1,1,0,0,0,1,0,0,0,3456200,448367.7173927668,0.5189134870427403,-956200,0,66,5042.264150943396,4.248495242049359,0,0,0,0,0,1,0,0,0,1,0,0,0,0,0,0,0,0,0,1
22,0,30,6,3,530000,550000,450000,460000,2,1,0,0,0,0,0,0,0,0,0,1,1,0,1,1,0,0,0,1,0,0,0,1,0,0,0,1990000,49916.59710623979,0.1003346668775335,-70000,0,18,7260.273972602739,3.4339872044851463,0,0,0,1,0,0,0,0,0,0,1,0,0,0,0,0,0,0,1,0
31,2,20,6,11,870000,1050000,1090000,300000,3,5,1,0,0,0,0,0,0,0,0,0,0,1,0,0,0,1,0,0,0,0,0,1,0,0,0,3310000,364451.64288283844,0.4404244138470388,-570000,0,66,3283.0188679245284,3.044522437723423,0,0,0,0,0,1,0,0,0,1,0,0,0,0,0,0,0,0,1,0
34,2,56,7,9,780000,375000,570000,625000,1,5,0,0,0,0,0,0,0,0,0,1,0,1,1,0,1,0,0,0,1,0,0,1,1,0,0,2350000,167257.28683677732,0.28469276960682166,-155000,0,63,3083.00395256917,4.04305126783455,0,0,0,0,0,0,1,0,0,0,1,0,0,0,0,0,0,0,0,1
29,2,13,5,9,430000,635000,745000,375000,3,4,0,0,0,0,0,0,0,1,1,0,0,0,1,0,0,0,0,0,0,0,0,1,0,0,1,2185000,173415.4452944335,0.3174647649055718,-55000,0,45,2375.6906077348067,2.639057329615259,0,0,1,0,0,0,0,0,0,0,1,0,0,0,0,0,0,0,1,0
25,0,19,4,5,340000,400000,330000,400000,4,4,0,0,0,0,1,0,0,0,0,0,1,0,1,0,0,0,0,0,0,0,0,1,0,0,0,1470000,37749.17217635375,0.10271855634774803,60000,1,20,4197.530864197531,2.995732273553991,0,0,1,0,0,0,0,0,0,0,0,0,0,1,0,0,0,0,1,0
26,1,1,4,6,750000,1270000,1350000,1025000,3,5,0,0,0,0,0,0,0,1,1,0,1,0,0,0,0,0,0,0,0,0,1,1,0,0,0,4395000,270504.92909865186,0.24619311299707747,275000,1,24,7731.958762886598,0.6931471805599453,0,0,1,0,0,0,0,0,0,0,0,0,0,0,0,0,1,1,0,0
19,0,30,3,5,245000,250000,250000,240000,1,5,0,0,1,0,0,0,0,0,0,1,0,1,1,0,0,0,0,0,0,0,1,1,0,0,1,985000,4787.13553878169,0.019440065375497726,-5000,0,15,4016.3934426229507,3.4339872044851463,0,0,0,0,0,0,0,1,0,0,0,1,0,0,0,0,0,0,1,0
25,2,25,5,5,625000,475000,725000,425000,3,5,0,0,1,0,0,1,0,0,0,1,1,0,0,0,1,1,0,1,0,0,0,1,0,0,0,2250000,137689.26368215255,0.24478047804742134,-200000,0,25,6188.118811881188,3.258096538021482,0,0,0,1,0,0,0,0,0,0,0,0,0,1,0,0,0,0,1,0
28,1,72,4,3,370000,375000,410000,375000,1,1,0,0,0,0,0,0,0,0,0,1,0,0,0,1,0,0,0,1,0,0,0,1,0,0,0,1530000,18484.22751068236,0.048324651466747436,5000,1,12,7551.0204081632655,4.290459441148391,1,0,0,0,0,0,0,0,0,0,0,0,0,0,0,0,1,0,0,1
22,0,4,3,5,230000,100000,190000,230000,1,3,0,0,1,0,0,0,0,0,0,0,0,1,1,0,0,0,0,0,0,0,0,1,1,0,1,750000,61305.2471924984,0.3269595745755937,0,0,15,3770.4918032786886,1.6094379124341003,0,0,0,0,0,0,0,1,0,0,0,0,0,0,0,0,1,1,0,0
25,1,29,6,4,625000,450000,475000,925000,4,4,0,0,0,0,0,0,0,0,0,1,0,0,1,0,0,0,0,0,0,0,0,1,0,0,0,2475000,218303.11495716227,0.3528125448801897,300000,1,24,6443.298969072165,3.4011973816621555,0,1,0,0,0,0,0,0,0,0,1,0,0,0,0,0,0,0,1,0
42,2,77,5,10,910000,975000,400000,370000,0,4,0,1,0,0,0,0,0,0,0,0,0,0,1,0,0,0,1,0,0,0,0,1,0,1,0,2655000,323196.92139622866,0.4869249483559779,-540000,0,50,4527.363184079602,4.356708826689592,0,0,0,0,0,1,0,0,0,0,0,0,1,0,0,0,0,0,0,1
19,0,17,4,6,18400,630000,240000,175000,3,4,0,0,0,0,0,0,0,0,1,1,1,0,1,0,0,0,0,0,0,0,0,1,0,1,0,1063400,259973.50506029135,0.977891770428892,156600,1,24,189.69072164948454,2.8903717578961645,0,0,1,0,0,0,0,0,0,1,0,0,0,0,0,0,0,0,1,0
25,1,21,4,6,220000,205000,220000,150000,1,3,0,0,1,0,0,0,0,0,0,0,0,0,1,0,0,0,0,0,0,0,0,1,1,0,0,795000,33260.336739125174,0.167346764238294,-70000,0,24,2268.041237113402,3.091042453358316,0,0,0,0,0,0,0,1,0,0,0,0,0,0,1,0,0,0,1,0
36,2,62,6,10,580000,425000,600000,525000,2,5,0,1,0,0,0,0,1,0,0,0,0,1,0,1,0,1,0,0,0,1,1,1,0,0,0,2130000,78368.78630339165,0.14717115329997812,-55000,0,60,2406.639004149378,4.143134726391533,0,0,0,0,1,0,0,0,0,0,0,0,0,0,0,0,1,0,0,1
18,1,63,3,3,170000,345000,260000,230000,1,5,0,0,1,0,0,1,0,0,0,0,0,0,0,1,1,0,0,0,0,0,0,1,0,0,1,1005000,72844.01142166732,0.28992525968719457,60000,1,9,4594.594594594595,4.1588830833596715,1,0,0,0,0,0,0,0,0,0,1,0,0,0,0,0,0,0,0,1
25,2,11,4,6,460000,350000,610000,600000,4,4,0,0,0,0,0,1,0,0,0,1,0,0,1,0,0,0,0,0,0,0,0,1,0,0,0,2020000,123962.35987858035,0.24546953348326112,140000,1,24,4742.268041237114,2.4849066497880004,0,0,0,1,0,0,0,0,0,0,0,0,0,0,0,1,0,1,0,0
25,1,9,4,5,500000,605000,605000,450000,2,1,0,0,0,0,0,0,0,0,0,1,0,0,1,0,1,0,0,0,0,0,0,1,1,0,0,2160000,77781.74593052022,0.1440400035009569,-50000,0,20,6172.83950617284,2.302585092994046,0,0,0,0,0,0,1,0,0,0,1,0,0,0,0,0,0,1,0,0
21,2,19,5,8,330000,325000,290000,200000,1,5,0,0,0,0,1,0,0,0,0,0,1,0,1,0,1,0,0,0,0,0,0,1,0,0,0,1145000,60190.669265814504,0.21027234582871152,-130000,0,40,2049.6894409937886,2.995732273553991,0,1,0,0,0,0,0,0,0,0,0,0,0,1,0,0,0,0,1,0
23,2,43,3,5,210000,220000,205000,200000,1,5,0,0,1,0,0,0,0,0,0,1,1,0,1,0,0,0,0,0,0,0,0,1,0,1,1,835000,8539.125638299665,0.04090579512577025,-10000,0,15,3442.622950819672,3.784189633918261,0,1,0,0,0,0,0,0,0,0,0,0,1,0,0,0,0,0,0,1
21,1,24,4,7,620000,600000,490000,130000,1,2,0,0,1,0,0,0,0,0,1,0,1,0,0,0,0,0,0,0,0,0,0,1,0,1,0,1840000,227303.0282830976,0.49413594379816045,-490000,0,28,5486.725663716814,3.2188758248682006,0,1,0,0,0,0,0,0,0,0,1,0,0,0,0,0,0,0,1,0
30,2,23,6,9,380000,1110000,1110000,320000,2,5,0,0,0,0,0,0,0,0,0,1,0,0,0,0,1,0,0,0,1,0,1,1,0,0,0,2920000,439469.37701429584,0.6020120205510621,-60000,0,54,1751.152073732719,3.1780538303479458,0,0,0,0,0,0,1,0,1,0,0,0,0,0,0,0,0,0,1,0
34,1,17,6,7,280000,525000,400000,680000,2,3,1,0,0,0,0,0,1,0,0,0,0,0,1,1,0,0,0,0,0,0,0,1,0,0,0,1885000,171385.28719428243,0.3636815353055642,400000,1,42,1656.8047337278106,2.8903717578961645,0,0,0,0,1,0,0,0,0,0,0,0,0,0,0,0,1,0,1,0
24,1,25,4,3,540000,20000,20000,350000,1,5,0,0,1,0,0,0,0,0,0,0,1,0,1,0,1,0,0,0,0,0,0,1,0,1,0,930000,257342.18464915542,1.1068433454013333,-190000,0,12,11020.408163265307,3.258096538021482,0,1,0,0,0,0,0,0,0,0,0,0,0,0,0,0,1,0,1,0
34,1,15,4,4,225000,215000,100000,100000,1,5,0,0,1,0,0,0,0,0,0,0,0,0,1,0,0,0,0,0,0,0,0,1,0,1,0,640000,69402.20937885671,0.4337610976109944,-125000,0,16,3461.5384615384614,2.772588722239781,0,1,0,0,0,0,0,0,0,0,0,0,1,0,0,0,0,0,1,0
17,0,14,4,7,560000,160000,240000,180000,3,3,0,0,1,0,0,1,0,0,0,1,1,0,0,1,0,0,0,0,0,0,0,1,0,0,0,1140000,186458.21694595995,0.6542370621364836,-380000,0,28,4955.7522123893805,2.70805020110221,0,0,0,1,0,0,0,0,0,0,1,0,0,0,0,0,0,0,1,0
23,1,15,4,4,355000,250000,350000,225000,1,3,0,0,1,0,0,0,0,0,0,0,0,0,0,0,0,1,0,0,1,0,0,1,0,0,1,1180000,67206.1505121865,0.2278166871033878,-130000,0,16,5461.538461538462,2.772588722239781,0,0,0,1,0,0,0,0,0,0,1,0,0,0,0,0,0,0,1,0
17,1,55,6,8,740000,700000,550000,640000,1,4,0,0,1,0,0,1,0,0,0,1,0,0,0,1,0,1,0,1,0,0,0,1,0,0,0,2630000,82613.55820929153,0.12564780617716403,-100000,0,48,3834.1968911917097,4.02535169073515,0,0,0,1,0,0,0,0,0,0,0,0,1,0,0,0,0,0,0,1
22,1,3,3,4,240000,185000,200000,260000,4,4,0,0,1,0,0,0,0,0,1,0,0,0,1,0,0,0,0,0,0,0,1,1,0,1,0,885000,34731.10997362451,0.15697605874605994,20000,1,12,4897.959183673469,1.3862943611198906,0,1,0,0,0,0,0,0,0,0,0,0,0,1,0,0,0,1,0,0
34,2,31,7,6,320000,175000,400000,200000,3,5,0,0,0,0,0,0,0,0,0,1,0,0,1,0,1,0,0,0,1,0,0,1,1,0,0,1095000,105307.0906128041,0.38468203079734536,-120000,0,42,1893.491124260355,3.4657359027997265,0,0,0,0,0,0,1,0,0,0,0,1,0,0,0,0,0,0,1,0
35,1,48,5,7,600000,25000,30000,670000,0,3,0,0,1,0,0,1,0,0,0,1,0,0,0,1,1,1,0,1,0,0,0,1,0,0,1,1325000,351908.4871572911,1.0623620371177478,70000,1,35,4255.31914893617,3.8918202981106265,0,0,0,1,0,0,0,0,0,0,0,0,0,1,0,0,0,0,0,1
23,0,42,6,3,175000,395000,100000,440000,1,3,0,0,1,0,0,0,0,0,0,0,0,1,0,0,1,0,0,1,1,0,0,1,0,0,0,1110000,165554.6234127375,0.5965910876455851,265000,1,18,2397.2602739726026,3.7612001156935624,1,0,0,0,0,0,0,0,0,0,0,0,0,1,0,0,0,0,0,1
35,2,18,5,7,290000,200000,410000,370000,2,4,0,0,0,0,0,0,0,0,0,1,0,0,0,0,1,0,0,0,0,0,0,1,0,0,0,1270000,92870.87810503355,0.29250578141496736,80000,1,35,2056.7375886524824,2.9444389791664403,0,0,0,0,0,0,1,0,0,0,0,0,1,0,0,0,0,0,1,0
24,1,28,6,11,620000,275000,560000,650000,1,3,0,1,0,0,0,0,1,0,0,0,0,1,1,0,0,0,0,1,0,0,1,1,0,0,0,2105000,171628.231943349,0.32613378776163654,30000,1,66,2339.622641509434,3.367295829986474,0,0,0,0,1,0,0,0,0,0,0,0,0,0,0,1,0,0,1,0
25,1,6,5,9,480000,1100000,800000,1075000,3,4,0,0,0,0,1,0,0,0,0,0,1,0,1,0,0,0,0,0,0,0,0,1,0,0,1,3455000,289694.5230180693,0.33539124471991266,595000,1,45,2651.9337016574586,1.9459101490553132,0,0,1,0,0,0,0,0,0,0,0,0,0,0,0,0,1,1,0,0
23,2,18,7,8,240000,1070000,525000,600000,4,4,0,1,0,0,0,0,0,0,0,0,0,1,0,1,0,1,0,1,0,0,1,1,0,0,0,2435000,344392.58122090844,0.5657363704058119,360000,1,56,1066.6666666666667,2.9444389791664403,0,0,0,0,1,0,0,0,1,0,0,0,0,0,0,0,0,0,1,0
17,2,48,7,9,550000,500000,580000,525000,4,4,0,0,0,0,0,0,0,0,0,1,0,0,1,0,1,0,0,0,1,0,0,1,0,0,0,2155000,34247.87098005752,0.06356901607617901,-25000,0,63,2173.913043478261,3.8918202981106265,0,0,0,0,0,0,1,0,0,1,0,0,0,0,0,0,0,0,0,1
27,2,3,5,7,625000,875000,570000,725000,0,3,0,0,1,0,0,0,0,0,0,1,1,0,1,0,0,0,0,0,0,0,0,1,0,1,1,2795000,133876.49781297188,0.19159399816668868,100000,1,35,4432.624113475177,1.3862943611198906,0,1,0,0,0,0,0,0,1,0,0,0,0,0,0,0,0,1,0,0
38,1,12,7,10,660000,575000,805000,410000,3,1,0,1,0,0,0,0,0,0,0,0,0,0,1,0,1,1,0,0,0,1,0,1,0,0,0,2450000,165050.49732329397,0.2694697597608722,-250000,0,70,2348.7544483985766,2.5649493574615367,0,0,0,0,0,1,0,0,0,0,0,0,0,0,0,1,0,0,1,0
41,0,22,6,3,275000,400000,260000,560000,4,3,0,0,0,0,0,1,0,0,0,1,0,0,0,0,1,1,0,0,0,0,0,1,0,0,0,1495000,139126.74077976527,0.37224446430849756,285000,1,18,3767.123287671233,3.1354942159291497,0,0,0,1,0,0,0,0,0,0,0,0,0,1,0,0,0,0,1,0
26,2,24,4,8,835000,410000,425000,300000,0,5,0,0,0,0,0,0,0,0,0,1,1,0,1,0,0,0,0,0,0,0,0,1,0,1,1,1970000,235035.4583178178,0.47722838799884226,-535000,0,32,6472.868217054263,3.2188758248682006,0,0,1,0,0,0,0,0,0,1,0,0,0,0,0,0,0,0,1,0
34,0,2,4,6,375000,330000,375000,380000,4,2,0,0,1,0,0,1,0,0,0,1,0,0,0,1,0,0,0,1,0,0,0,1,0,0,1,1460000,23452.07879911715,0.06425209464937671,5000,1,24,3865.979381443299,1.0986122886681096,0,0,0,1,0,0,0,0,0,0,1,0,0,0,0,0,0,1,0,0
30,2,76,6,8,320000,910000,1200000,350000,4,5,0,0,0,0,0,1,0,0,0,1,0,0,1,0,1,0,0,1,0,0,0,1,0,0,0,2780000,432396.4230502684,0.6221522315079667,30000,1,48,1658.0310880829015,4.343805421853684,0,0,0,1,0,0,0,0,0,0,0,0,0,0,1,0,0,0,0,1
32,1,18,5,6,470000,390000,150000,375000,2,4,0,0,0,0,0,1,0,0,0,1,0,0,0,0,0,1,0,0,0,0,0,1,0,0,0,1385000,137318.06144859458,0.3965853136845658,-95000,0,30,3884.2975206611573,2.9444389791664403,0,0,0,1,0,0,0,0,0,0,1,0,0,0,0,0,0,0,1,0
30,0,24,6,7,125000,125000,135000,135000,0,3,0,0,0,0,0,0,0,0,0,1,0,1,1,0,1,0,0,0,1,0,0,1,0,0,0,520000,5773.502691896258,0.044411217543682414,10000,1,42,739.6449704142012,3.2188758248682006,0,0,0,0,0,0,1,0,0,0,0,0,0,0,0,0,1,0,1,0
28,2,68,5,10,1150000,1273200,740000,545000,1,4,0,1,0,0,0,0,0,0,0,0,0,0,0,0,1,0,1,0,0,1,0,1,0,0,0,3708200,341797.4205090885,0.368693222389155,-605000,0,50,5721.393034825871,4.23410650459726,0,0,0,0,0,1,0,0,0,0,0,0,0,0,0,0,1,0,0,1
23,1,19,3,4,190000,110000,200000,115000,0,3,0,0,1,0,0,0,0,0,0,1,1,1,1,0,0,0,0,0,0,0,1,1,1,0,0,615000,47849.59073318531,0.3112148261356694,-75000,0,12,3877.5510204081634,2.995732273553991,0,0,0,0,0,0,0,1,0,0,1,0,0,0,0,0,0,0,1,0
19,1,82,6,4,720000,705000,630000,625000,1,4,0,0,0,0,0,0,0,0,0,1,1,0,0,0,0,0,0,0,0,0,0,1,0,0,0,2680000,49497.474683058324,0.07387671762140403,-95000,0,24,7422.680412371134,4.418840607796598,0,0,1,0,0,0,0,0,0,1,0,0,0,0,0,0,0,0,0,1
26,2,38,5,9,1080000,855000,920000,1025000,1,5,1,0,0,1,0,0,0,0,0,0,0,1,1,0,0,0,0,0,0,0,0,1,0,0,0,3880000,101406.77163450838,0.10454295576448723,-55000,0,45,5966.850828729282,3.6635616461296463,0,0,0,0,0,1,0,0,0,1,0,0,0,0,0,0,0,0,0,1
29,1,1,3,7,375000,150000,650000,150000,4,3,0,0,0,0,0,0,0,0,0,1,0,1,1,0,0,0,0,0,0,0,1,1,1,0,0,1325000,237500.0,0.7169789676106638,-225000,0,21,4411.764705882353,0.6931471805599453,0,0,0,0,0,0,1,0,0,0,1,0,0,0,0,0,0,1,0,0
17,1,44,5,5,460000,525000,505000,450000,2,1,0,0,0,0,0,0,0,0,0,1,0,1,0,0,0,0,0,0,0,0,1,1,0,0,0,1940000,35823.64210034113,0.0738630272934306,-10000,0,25,4554.455445544554,3.8066624897703196,0,0,0,0,0,0,1,0,0,0,1,0,0,0,0,0,0,0,0,1
24,2,71,5,9,325000,295000,360000,300000,0,4,0,0,0,0,0,0,0,0,0,1,0,1,0,0,1,0,0,0,0,0,1,1,1,0,0,1280000,29720.924166878343,0.09287759777900176,-25000,0,45,1795.5801104972375,4.276666119016055,0,0,0,0,0,0,1,0,0,0,1,0,0,0,0,0,0,0,0,1
39,2,14,6,9,535000,600000,550000,750000,0,3,0,0,0,0,0,0,0,0,0,1,0,1,1,0,1,0,0,0,0,0,1,1,1,0,0,2435000,98181.3797689426,0.16128331578747732,215000,1,54,2465.4377880184334,2.70805020110221,0,0,0,0,0,0,1,0,0,0,1,0,0,0,0,0,0,0,1,0
34,2,14,6,11,540000,600000,30000,680000,1,4,0,1,0,0,0,0,0,0,0,0,0,0,1,1,0,1,0,0,0,0,1,1,0,0,0,1850000,293981.291921782,0.6356338514333634,140000,1,66,2037.7358490566037,2.70805020110221,0,0,0,0,1,0,0,0,0,0,0,0,1,0,0,0,0,0,1,0
22,1,19,6,4,475000,770000,430000,400000,2,3,0,0,0,0,1,0,0,0,0,0,1,0,0,0,0,0,0,0,0,0,1,1,0,0,0,2075000,170312.213302511,0.3283120674514574,-75000,0,24,4896.907216494846,2.995732273553991,0,1,0,0,0,0,0,0,0,1,0,0,0,0,0,0,0,0,1,0
17,0,15,5,3,630000,650000,325000,375000,0,3,0,0,1,0,0,0,0,0,0,1,0,0,0,0,1,0,0,0,1,0,0,1,0,0,1,1980000,168868.78535320453,0.34114837213097454,-255000,0,15,10327.868852459016,2.772588722239781,1,0,0,0,0,0,0,0,0,0,0,1,0,0,0,0,0,0,1,0
25,0,24,5,3,370000,110000,10000,150000,1,4,0,0,1,0,0,0,0,0,0,0,0,0,0,1,0,1,0,1,1,0,0,1,0,0,0,640000,151877.1433319269,0.9492262131607109,-220000,0,15,6065.573770491803,3.2188758248682006,0,0,0,1,0,0,0,0,0,1,0,0,0,0,0,0,0,0,1,0
26,0,22,6,5,255000,150000,120000,125000,1,1,0,0,0,0,0,0,0,1,0,0,1,0,0,0,0,0,0,0,0,0,0,1,0,0,0,650000,63047.601064592454,0.38798284973380137,-130000,0,30,2107.438016528926,3.1354942159291497,0,0,1,0,0,0,0,0,0,0,0,0,1,0,0,0,0,0,1,0
28,2,14,3,5,360000,380000,515000,295000,3,3,0,0,1,0,1,0,0,0,0,0,1,0,1,0,1,0,0,0,0,0,1,1,0,0,1,1550000,92421.13755341181,0.23850554592997647,-65000,0,15,5901.639344262295,2.70805020110221,0,1,0,0,0,0,0,0,0,0,0,1,0,0,0,0,0,0,1,0
35,2,6,5,11,1090000,610000,800000,675000,1,3,0,0,0,0,0,0,1,0,0,0,0,0,1,1,0,0,0,0,0,0,1,1,0,0,0,3175000,212656.80489151215,0.26791374737356194,-415000,0,55,4932.126696832579,1.9459101490553132,0,0,0,0,1,0,0,0,0,0,1,0,0,0,0,0,0,1,0,0
22,2,20,4,5,470000,490000,450000,490000,3,5,0,0,0,0,1,0,0,0,0,1,1,0,1,0,0,0,0,0,0,0,1,1,0,1,0,1900000,19148.54215512676,0.04031263545787643,20000,1,20,5802.469135802469,3.044522437723423,0,1,0,0,0,0,0,0,0,0,0,0,0,0,0,1,0,0,1,0
28,0,8,2,3,275000,310000,295000,350000,4,4,0,0,1,0,0,0,0,0,0,1,0,1,1,0,0,0,0,0,0,0,0,1,1,0,0,1230000,31754.264805429415,0.10326556598329571,75000,1,6,11000.0,2.1972245773362196,0,0,0,0,0,0,0,1,0,0,1,0,0,0,0,0,0,1,0,0
28,1,10,7,3,550000,680000,625000,610000,2,4,0,0,1,0,0,0,0,0,0,1,1,0,0,0,0,1,0,1,1,0,0,1,0,0,0,2465000,53443.89581607987,0.08672423382043984,60000,1,21,6470.588235294118,2.3978952727983707,0,0,0,1,0,0,0,0,0,0,0,0,1,0,0,0,0,1,0,0
28,1,33,6,6,550000,160000,550000,475000,1,4,0,0,0,0,0,1,0,0,0,0,0,0,0,0,0,1,0,0,0,0,0,1,0,0,0,1735000,185893.11445021303,0.42857103372721456,-75000,0,36,3793.103448275862,3.5263605246161616,0,0,0,1,0,0,0,0,0,0,0,1,0,0,0,0,0,0,1,0
32,2,32,7,8,1000000,765000,710000,750000,0,3,1,1,0,0,0,0,0,0,0,0,0,0,1,0,0,0,1,0,0,0,1,1,0,0,0,3225000,131236.11037617148,0.16277326834468606,-250000,0,56,4444.444444444444,3.4965075614664802,0,0,0,0,0,1,0,0,0,0,0,0,0,1,0,0,0,0,1,0
23,0,24,5,3,100000,70000,210000,80000,3,3,0,0,0,0,0,1,0,0,0,0,0,0,0,1,1,0,0,1,0,0,0,1,0,0,0,460000,64549.72243679028,0.5612970533890165,-20000,0,15,1639.344262295082,3.2188758248682006,1,0,0,0,0,0,0,0,0,0,1,0,0,0,0,0,0,0,1,0
21,1,8,3,6,125000,100000,260000,125000,3,4,0,0,1,0,0,0,0,0,0,1,1,1,1,0,0,0,0,0,0,0,0,1,0,0,1,610000,72629.19523166976,0.47625389493622833,0,0,18,1712.3287671232877,2.1972245773362196,0,0,0,0,0,0,0,1,0,1,0,0,0,0,0,0,0,1,0,0
17,2,21,7,10,635000,675000,660000,770000,4,4,0,0,0,0,0,0,1,0,0,0,0,1,1,0,0,0,0,1,0,0,1,1,0,0,0,2740000,59019.770698752574,0.08616012341405717,135000,1,70,2259.7864768683276,3.091042453358316,0,0,0,0,1,0,0,0,0,0,0,0,1,0,0,0,0,0,1,0
17,0,2,3,2,100000,16800,175000,130000,3,3,0,0,1,0,0,0,0,0,0,1,0,1,0,0,0,0,0,0,0,0,0,1,0,0,1,421800,66654.40720612554,0.6320889058057823,30000,1,6,4000.0,1.0986122886681096,0,0,0,0,0,0,0,1,0,0,0,0,0,0,0,1,0,1,0,0
36,1,45,5,11,525000,515000,575000,570000,3,3,0,1,0,0,0,0,1,0,0,0,0,1,1,0,0,0,0,0,0,0,1,1,0,0,0,2185000,30652.6235962492,0.05611454001228226,45000,1,55,2375.5656108597286,3.828641396489095,0,0,0,0,1,0,0,0,0,0,0,0,0,0,0,1,0,0,0,1
23,0,7,3,4,150000,120000,410000,165000,1,4,0,0,1,0,0,0,0,0,0,1,1,1,1,0,0,0,0,0,0,0,0,1,0,0,1,845000,133814.23691072635,0.6334371762061546,15000,1,12,3061.2244897959185,2.0794415416798357,0,0,0,0,0,0,0,1,0,0,1,0,0,0,0,0,0,1,0,0
34,2,5,5,11,730000,650000,550000,920000,4,4,0,1,0,0,0,0,0,0,0,0,0,0,0,0,1,1,0,0,0,0,0,1,0,0,0,2850000,156710.9866388867,0.21994493571080842,190000,1,55,3303.1674208144796,1.791759469228055,0,0,0,0,0,1,0,0,0,0,0,0,0,0,0,0,1,1,0,0
22,0,13,6,3,515000,525000,370000,450000,2,3,0,0,1,0,0,0,0,0,0,0,0,1,0,1,1,0,0,0,0,0,0,1,0,0,1,1860000,71530.87911291645,0.153829516738494,-65000,0,18,7054.7945205479455,2.639057329615259,1,0,0,0,0,0,0,0,0,0,0,1,0,0,0,0,0,0,1,0
35,0,65,6,5,340000,185000,300000,6800,4,4,0,0,1,0,0,0,0,0,0,1,1,0,1,0,1,0,0,0,0,0,0,1,0,0,0,831800,149330.09297079628,0.7181023076147567,-333200,0,30,2809.9173553719006,4.189654742026425,0,0,0,1,0,0,0,0,0,0,0,0,0,0,1,0,0,0,0,1
27,2,22,6,7,600000,580000,570000,615000,0,4,0,0,0,0,0,0,1,0,0,0,0,0,0,1,0,0,0,1,0,1,0,1,0,0,0,2365000,20155.644370746373,0.03408982711360551,15000,1,42,3550.2958579881656,3.1354942159291497,0,0,0,0,1,0,0,0,0,0,0,0,1,0,0,0,0,0,1,0
27,2,9,6,7,1325000,1175000,1350000,650000,1,3,0,1,0,0,0,0,0,0,0,0,0,0,0,0,0,1,0,0,0,0,1,1,0,1,0,4500000,325960.1202601324,0.28974207157160964,-675000,0,42,7840.236686390533,2.302585092994046,0,0,0,0,0,1,0,0,0,0,0,0,0,1,0,0,0,1,0,0
24,2,41,7,9,830000,545000,575000,725000,1,4,0,0,0,0,0,0,0,0,0,1,0,0,0,0,1,0,0,0,0,0,0,1,1,0,0,2675000,133252.5797123643,0.1992558960096722,-105000,0,63,3280.6324110671935,3.7376696182833684,0,0,0,0,0,0,1,0,0,0,0,0,0,1,0,0,0,0,0,1
25,2,19,6,9,600000,25000,715000,950000,1,4,0,1,0,0,0,0,0,0,0,0,0,1,0,1,0,0,0,1,0,1,0,1,0,0,0,2290000,392990.6699486219,0.686445386031853,350000,1,54,2764.9769585253457,2.995732273553991,0,0,0,0,1,0,0,0,0,0,1,0,0,0,0,0,0,0,1,0
38,1,68,5,4,375000,325000,330000,330000,4,3,0,0,0,0,0,1,0,0,0,1,1,0,0,0,0,1,0,0,0,0,0,1,0,0,1,1360000,23452.07879911715,0.06897649947828727,-45000,0,20,4629.62962962963,4.23410650459726,0,0,0,1,0,0,0,0,0,1,0,0,0,0,0,0,0,0,0,1
22,0,82,6,2,210000,250000,320000,220000,3,5,0,0,0,0,0,1,0,0,0,0,0,1,0,1,0,0,0,0,0,0,0,1,0,0,1,1000000,49665.5480858378,0.1986613976977604,10000,1,12,4285.714285714285,4.418840607796598,1,0,0,0,0,0,0,0,0,1,0,0,0,0,0,0,0,0,0,1
34,2,21,6,6,610000,785000,570000,695000,1,3,0,0,0,0,0,0,0,1,0,1,1,0,1,0,0,0,0,0,0,0,0,1,0,0,0,2660000,95481.23724935002,0.14358059198309478,85000,1,36,4206.896551724138,3.091042453358316,0,0,1,0,0,0,0,0,0,0,0,0,0,0,0,1,0,0,1,0
44,1,36,4,7,890000,960000,300000,750000,1,4,0,0,0,0,0,0,0,0,0,1,0,1,0,0,1,0,0,0,0,0,1,1,0,0,0,2900000,296479.34160747187,0.40893645885656965,-140000,0,28,7876.1061946902655,3.6109179126442243,0,0,0,0,0,0,1,0,0,0,1,0,0,0,0,0,0,0,0,1
25,0,45,5,8,700000,680000,625000,660000,0,5,0,0,0,0,1,0,0,0,1,0,1,1,1,0,0,0,0,0,0,0,0,1,0,1,0,2665000,31983.068437325812,0.04800453348261513,-40000,0,40,4347.826086956522,3.828641396489095,0,0,1,0,0,0,0,0,0,0,1,0,0,0,0,0,0,0,0,1
18,1,12,6,4,360000,420000,330000,330000,3,4,0,0,1,0,0,0,0,0,0,1,0,0,1,1,1,0,0,0,1,0,0,1,0,0,0,1440000,42426.40687119285,0.1178508028344167,-30000,0,24,3711.340206185567,2.5649493574615367,0,0,0,1,0,0,0,0,1,0,0,0,0,0,0,0,0,0,1,0
18,2,16,3,3,25000,465000,510000,570000,3,3,0,0,1,0,0,0,0,0,0,1,1,1,1,0,0,0,0,0,0,0,1,1,1,0,0,1570000,248746.85927665498,0.6337483452950565,545000,1,9,675.6756756756756,2.833213344056216,0,0,0,0,0,0,0,1,0,0,1,0,0,0,0,0,0,0,1,0
20,0,58,4,6,90000,230000,150000,225000,2,2,0,0,1,0,0,0,0,0,1,0,1,0,1,0,0,0,0,0,0,0,0,1,0,0,1,695000,66755.14961409345,0.3842000887136963,135000,1,24,927.8350515463917,4.07753744390572,0,1,0,0,0,0,0,0,0,0,0,0,0,0,1,0,0,0,0,1
31,2,15,4,8,835000,740000,820000,720000,0,2,0,0,1,0,0,1,0,0,0,0,1,0,1,0,0,0,0,1,0,0,0,1,0,0,0,3115000,57209.410647783,0.07346303330304937,-115000,0,32,6472.868217054263,2.772588722239781,0,0,0,1,0,0,0,0,0,1,0,0,0,0,0,0,0,0,1,0
20,2,10,3,7,610000,340000,350000,680000,4,4,0,0,0,0,0,0,0,0,1,0,1,0,0,0,0,0,0,0,0,0,1,1,0,0,0,1980000,175594.2292142123,0.3547350999578027,70000,1,21,7176.470588235294,2.3978952727983707,0,1,0,0,0,0,0,0,0,0,0,0,1,0,0,0,0,1,0,0
31,2,43,7,7,900000,880000,730000,900000,1,3,0,1,0,0,0,0,1,0,0,0,0,0,0,1,0,0,0,0,0,1,0,1,0,0,0,3410000,82209.08303425682,0.09643282885798002,0,0,49,4568.527918781726,3.784189633918261,0,0,0,0,1,0,0,0,0,0,0,0,0,0,1,0,0,0,0,1
17,2,37,5,9,1075000,500000,325000,375000,0,3,0,0,0,0,0,0,0,0,0,1,0,1,1,0,0,0,0,0,0,0,1,1,0,0,0,2275000,345431.49344937655,0.6073510085246031,-700000,0,45,5939.226519337017,3.6375861597263857,0,0,0,0,0,0,1,0,0,1,0,0,0,0,0,0,0,0,0,1
25,1,2,4,8,375000,200000,290000,435000,2,5,0,0,1,0,0,0,0,0,0,1,0,0,1,0,0,0,0,0,0,0,0,1,0,1,0,1300000,102388.15035605112,0.31503949328171643,60000,1,32,2906.9767441860463,1.0986122886681096,0,1,0,0,0,0,0,0,0,0,0,1,0,0,0,0,0,1,0,0
36,1,19,5,8,205000,270000,250000,410000,4,2,0,0,0,0,0,0,0,0,0,1,0,0,1,0,1,0,0,0,0,0,0,1,1,0,0,1135000,88447.25358464595,0.3117072841492927,205000,1,40,1273.2919254658384,2.995732273553991,0,0,0,0,0,0,1,0,0,0,1,0,0,0,0,0,0,0,1,0
30,2,47,5,8,920000,360000,650000,610000,4,4,0,0,0,0,0,0,0,0,0,1,0,1,1,0,0,0,0,0,0,0,0,1,0,0,0,2540000,229274.2171869019,0.3610611907491514,-310000,0,40,5714.285714285715,3.8712010109078907,0,0,0,0,0,0,1,0,0,1,0,0,0,0,0,0,0,0,0,1
22,1,17,5,7,385000,175000,150000,170000,1,4,0,0,1,0,0,1,0,0,0,0,1,0,0,0,0,0,0,0,0,0,0,1,0,0,1,880000,110529.03087726168,0.5024024021584524,-215000,0,35,2730.496453900709,2.8903717578961645,0,0,0,1,0,0,0,0,0,0,1,0,0,0,0,0,0,0,1,0
22,0,21,6,7,475000,225000,295000,6800,4,5,0,0,1,0,0,0,0,0,1,0,1,1,1,0,0,0,0,0,0,0,0,1,0,1,0,1001800,193580.67224458815,0.7729283262777475,-468200,0,42,2810.6508875739646,3.091042453358316,0,1,0,0,0,0,0,0,1,0,0,0,0,0,0,0,0,0,1,0
25,1,19,6,7,725000,40000,40000,730000,4,4,0,1,0,0,0,0,1,0,0,0,0,0,1,1,0,0,0,0,0,1,0,1,0,0,0,1535000,396933.55867197725,1.0343518549058563,5000,1,42,4289.940828402367,2.995732273553991,0,0,0,0,1,0,0,0,0,0,1,0,0,0,0,0,0,0,1,0
17,2,51,6,6,990000,825000,775000,1010000,4,4,0,0,0,0,0,0,0,0,0,1,0,1,1,0,1,0,0,0,0,0,0,1,1,0,0,3600000,117544.3178833697,0.13060465253190798,20000,1,36,6827.586206896552,3.9512437185814275,0,0,0,0,0,0,1,0,0,0,0,0,1,0,0,0,0,0,0,1
25,0,8,4,4,85000,100000,115000,95000,3,3,0,0,1,0,1,0,0,0,0,0,0,0,1,0,0,0,0,0,0,0,1,1,0,0,0,395000,12500.0,0.1265809966481352,10000,1,16,1307.6923076923076,2.1972245773362196,0,1,0,0,0,0,0,0,0,0,0,0,0,0,0,0,1,1,0,0
23,0,13,6,7,75000,105000,90000,70000,2,4,0,0,0,0,0,0,0,0,0,1,1,0,0,0,0,0,0,1,1,0,0,1,0,0,0,340000,15811.388300841896,0.18601414454938056,-5000,0,42,443.7869822485207,2.639057329615259,0,0,0,1,0,0,0,0,0,0,0,0,1,0,0,0,0,0,1,0
32,1,62,6,8,1336200,600000,680000,510000,0,5,1,0,0,0,0,0,0,0,0,0,0,1,1,0,1,0,0,0,0,0,0,1,0,0,0,3126200,376230.79352971626,0.4813899457997191,-826200,0,48,6923.316062176165,4.143134726391533,0,0,0,0,0,1,0,0,0,0,0,0,0,1,0,0,0,0,0,1
29,0,24,5,3,18400,16800,110000,100000,3,3,0,0,0,0,0,1,0,0,0,0,1,0,0,0,1,0,0,0,1,0,0,1,0,0,1,245200,50629.503914878194,0.8259164436938744,81600,1,15,301.6393442622951,3.2188758248682006,0,0,0,1,0,0,0,0,0,0,0,0,1,0,0,0,0,0,1,0
31,1,10,7,9,845000,200000,795000,245000,0,4,1,1,0,0,0,0,0,0,0,0,0,0,0,0,0,0,1,1,0,0,0,1,0,0,0,2085000,346058.1598517798,0.663899272810565,-600000,0,63,3339.920948616601,2.3978952727983707,0,0,0,0,0,1,0,0,0,0,0,0,0,0,0,1,0,1,0,0
22,2,4,6,6,820000,1010000,830000,50000,4,5,0,0,1,0,0,0,0,0,0,1,0,0,0,1,0,0,0,0,0,0,0,1,0,0,0,2710000,427346.46365683194,0.6307687570303688,-770000,0,36,5655.172413793103,1.6094379124341003,0,0,0,1,0,0,0,0,0,0,0,0,1,0,0,0,0,1,0,0
17,2,53,6,8,920000,780000,610000,430000,1,5,0,0,0,0,0,0,0,0,0,1,0,1,1,0,1,0,0,0,0,0,1,1,0,0,0,2740000,212053.45238091896,0.3095666318456746,-490000,0,48,4766.839378238342,3.9889840465642745,0,0,0,0,0,0,1,0,0,0,1,0,0,0,0,0,0,0,0,1
22,0,3,6,6,290000,325000,325000,310000,2,3,0,0,0,0,1,0,0,0,0,1,1,0,0,0,0,0,0,0,0,0,0,1,0,0,1,1250000,16583.123951777,0.05306582683504053,20000,1,36,2000.0,1.3862943611198906,0,1,0,0,0,0,0,0,1,0,0,0,0,0,0,0,0,1,0,0
39,2,13,7,7,670000,675000,570000,605000,3,4,0,1,0,0,0,0,0,0,0,0,0,0,0,0,0,1,0,0,0,0,1,1,0,0,0,2520000,51153.364177409356,0.08119568727257473,-65000,0,49,3401.015228426396,2.639057329615259,0,0,0,0,1,0,0,0,0,0,1,0,0,0,0,0,0,0,1,0
30,0,21,5,5,350000,345000,350000,405000,0,3,0,0,0,0,0,1,0,0,0,1,0,0,0,0,1,0,0,0,0,0,0,1,0,0,0,1450000,28431.203515386635,0.07843068988881861,55000,1,25,3465.3465346534654,3.091042453358316,1,0,0,0,0,0,0,0,0,0,1,0,0,0,0,0,0,0,1,0
34,2,14,7,9,920000,400000,940000,570000,1,5,0,0,0,0,0,0,1,0,0,0,0,0,0,1,0,0,0,0,0,1,1,1,0,0,0,2830000,266254.89040892123,0.3763314686607103,-350000,0,63,3636.3636363636365,2.70805020110221,0,0,0,0,1,0,0,0,0,0,0,0,1,0,0,0,0,0,1,0
24,2,3,7,11,545000,470000,1350000,1240000,1,4,1,0,0,1,0,0,0,0,0,0,0,0,1,0,1,0,0,0,0,0,0,1,0,0,0,3605000,457900.5532500115,0.5080721721806817,695000,1,77,1763.7540453074434,1.3862943611198906,0,0,0,0,0,1,0,0,0,0,0,0,0,0,0,1,0,1,0,0
28,1,57,7,6,390000,240000,250000,190000,4,4,0,0,0,0,0,1,0,0,0,0,0,0,0,1,0,1,0,1,1,0,0,1,0,0,0,1070000,85780.72821638513,0.320674420717624,-200000,0,42,2307.6923076923076,4.060443010546419,0,0,0,1,0,0,0,0,0,0,1,0,0,0,0,0,0,0,0,1
24,2,18,7,8,820000,825000,245000,500000,2,5,0,0,0,0,0,0,0,0,0,1,0,1,0,0,0,0,0,0,0,0,0,1,1,0,0,2390000,279895.81394988147,0.4684440928967173,-320000,0,56,3644.4444444444443,2.9444389791664403,0,0,0,0,0,0,1,0,0,0,1,0,0,0,0,0,0,0,1,0
41,2,18,6,8,525000,550000,570000,600000,0,5,0,0,0,0,0,0,0,0,0,1,0,1,1,0,1,0,0,0,1,0,0,1,1,0,0,2245000,31721.4438511238,0.05651917564712366,75000,1,48,2720.20725388601,2.9444389791664403,0,0,0,0,0,0,1,0,0,1,0,0,0,0,0,0,0,0,1,0
32,1,37,6,7,210000,420000,425000,350000,3,3,0,0,1,0,0,0,0,0,0,1,1,0,0,1,1,0,0,0,0,0,0,1,0,0,1,1405000,100197.72119830536,0.28525960409594664,140000,1,42,1242.603550295858,3.6375861597263857,0,0,0,1,0,0,0,0,0,1,0,0,0,0,0,0,0,0,0,1
40,2,14,6,11,1080000,1125000,950000,990000,2,5,1,0,0,0,0,0,0,0,0,0,0,0,0,0,1,0,0,0,0,0,0,1,0,1,0,4145000,80350.79339994099,0.0775398946779699,-90000,0,66,4075.4716981132074,2.70805020110221,0,0,0,0,0,1,0,0,0,0,0,0,1,0,0,0,0,0,1,0
25,2,24,5,5,475000,650000,600000,575000,2,3,0,0,1,0,0,1,0,0,0,0,1,0,0,1,0,1,0,1,0,0,0,1,0,0,1,2300000,73598.00721939871,0.12799631169232525,100000,1,25,4702.970297029703,3.2188758248682006,0,0,0,1,0,0,0,0,0,0,0,0,0,0,0,0,1,0,1,0
23,1,3,5,6,170000,145000,475000,195000,4,5,0,0,1,0,0,1,0,0,0,1,0,0,0,1,0,1,0,0,1,0,0,1,0,0,0,985000,153860.05546166512,0.6248098706671856,25000,1,30,1404.9586776859503,1.3862943611198906,0,0,0,1,0,0,0,0,1,0,0,0,0,0,0,0,0,1,0,0
19,1,28,5,5,350000,360000,405000,330000,1,4,0,0,1,0,0,0,0,0,0,1,0,1,0,1,0,0,0,0,0,0,0,1,0,0,1,1445000,31721.4438511238,0.08780998212080741,-20000,0,25,3465.3465346534654,3.367295829986474,1,0,0,0,0,0,0,0,0,0,0,0,0,0,0,0,1,0,1,0
28,1,6,4,8,410000,360000,400000,315000,4,5,0,0,1,0,0,0,0,0,0,1,1,0,0,0,0,0,0,0,0,0,0,1,0,0,0,1485000,43277.20724199595,0.11657128800190693,-95000,0,32,3178.294573643411,1.9459101490553132,0,1,0,0,0,0,0,0,0,1,0,0,0,0,0,0,0,1,0,0
30,1,8,3,9,425000,500000,900000,390000,1,3,0,0,0,0,1,0,0,0,0,0,0,0,1,0,0,0,0,0,0,0,1,1,0,0,1,2215000,235349.91679058084,0.4250103689033173,-35000,0,27,3899.0825688073396,2.1972245773362196,0,0,1,0,0,0,0,0,0,0,1,0,0,0,0,0,0,1,0,0
21,0,29,3,5,600000,600000,455000,480000,4,4,0,0,0,0,1,0,0,0,0,0,1,0,1,0,0,0,0,0,0,0,0,1,0,0,0,2135000,77176.74520216566,0.14459316273349496,-120000,0,15,9836.065573770491,3.4011973816621555,0,1,0,0,0,0,0,0,0,0,1,0,0,0,0,0,0,0,1,0
25,2,11,6,5,850000,715000,1075000,1342800,0,4,0,0,1,0,0,0,0,0,1,0,1,0,1,0,0,0,0,0,0,0,0,1,0,1,0,3982800,274947.19493022654,0.2761342962698908,492800,1,30,7024.793388429752,2.4849066497880004,0,1,0,0,0,0,0,0,0,0,1,0,0,0,0,0,0,1,0,0
20,0,2,4,3,175000,220000,490000,490000,4,2,0,0,0,0,0,1,0,0,0,1,0,1,0,1,1,0,0,0,0,0,0,1,0,0,0,1375000,169871.27479359187,0.4941695436335949,315000,1,12,3571.4285714285716,1.0986122886681096,1,0,0,0,0,0,0,0,0,1,0,0,0,0,0,0,0,1,0,0
22,2,13,6,9,855000,700000,900000,825000,3,4,1,0,0,0,0,0,0,0,0,0,0,1,1,0,1,0,0,0,0,0,1,1,0,0,0,3280000,85732.14099741123,0.10455126395871618,-30000,0,54,3940.0921658986176,2.639057329615259,0,0,0,0,0,1,0,0,0,0,0,1,0,0,0,0,0,0,1,0
29,0,16,5,4,505000,370000,600000,680000,4,3,0,0,1,0,0,1,0,0,0,1,1,0,1,0,0,1,0,1,1,0,0,1,0,0,0,2155000,133315.10292036182,0.24745216792240168,175000,1,20,6234.567901234568,2.833213344056216,0,0,0,1,0,0,0,0,0,0,0,0,0,1,0,0,0,0,1,0
23,2,31,5,4,425000,380000,340000,420000,1,5,0,0,1,0,0,0,0,0,0,1,0,0,1,0,0,0,0,0,0,0,0,1,0,1,1,1565000,39660.013447635974,0.10136718742606658,-5000,0,20,5246.913580246914,3.4657359027997265,0,1,0,0,0,0,0,0,1,0,0,0,0,0,0,0,0,0,1,0
23,2,69,6,5,785000,900000,1290000,875000,0,4,0,0,0,0,0,0,0,0,1,0,1,0,1,0,1,0,0,0,0,0,0,1,0,1,1,3850000,223848.90737578625,0.23257005174621767,90000,1,30,6487.603305785124,4.248495242049359,0,0,1,0,0,0,0,0,0,0,1,0,0,0,0,0,0,0,0,1
33,1,16,4,3,525000,570000,590000,530000,3,2,0,0,0,0,0,1,0,0,0,0,0,0,0,0,1,0,0,1,0,0,0,1,0,0,0,2215000,31457.643480294788,0.05680828292914106,5000,1,12,10714.285714285714,2.833213344056216,0,0,0,1,0,0,0,0,0,1,0,0,0,0,0,0,0,0,1,0
47,2,39,6,10,1336200,500000,725000,650000,0,4,1,0,0,0,0,0,1,0,0,0,0,0,1,0,0,1,0,1,0,1,0,1,0,0,0,3211200,367697.37556855095,0.4580180836453255,-686200,0,60,5544.398340248963,3.6888794541139363,0,0,0,0,1,0,0,0,0,0,1,0,0,0,0,0,0,0,0,1
39,2,80,7,10,250000,200000,225000,430000,4,4,0,0,0,0,0,0,0,0,0,1,0,1,1,0,1,0,0,0,1,0,0,1,0,0,0,1105000,104512.75839181869,0.3783253577066461,180000,1,70,889.6797153024911,4.394449154672439,0,0,0,0,0,0,1,0,0,0,0,0,0,0,0,0,1,0,0,1
21,0,1,6,6,155000,16800,150000,150000,0,4,0,0,1,0,0,1,0,0,0,0,0,1,0,1,0,0,0,1,1,0,0,1,0,0,0,471800,67474.51370702867,0.5720554612256672,-5000,0,36,1068.9655172413793,0.6931471805599453,1,0,0,0,0,0,0,0,0,0,1,0,0,0,0,0,0,1,0,0
36,1,12,7,8,610000,625000,725000,625000,3,4,1,0,0,1,0,0,0,0,0,0,0,0,1,0,0,1,0,0,0,1,0,1,0,0,0,2585000,52974.050251042725,0.08197132422393578,15000,1,56,2711.1111111111113,2.5649493574615367,0,0,0,0,0,1,0,0,0,0,0,0,0,1,0,0,0,0,1,0
17,0,17,4,6,18400,175000,180000,280000,0,3,0,0,0,0,0,1,0,0,0,1,0,1,0,0,1,0,0,0,1,0,0,1,0,0,0,653400,108059.65944791793,0.6615181997534018,261600,1,24,189.69072164948454,2.8903717578961645,1,0,0,0,0,0,0,0,0,0,0,1,0,0,0,0,0,0,1,0
36,2,23,6,7,775000,835000,900000,820000,2,4,0,1,0,0,0,0,0,0,0,0,0,1,0,1,0,0,0,0,0,0,0,1,0,0,0,3330000,51720.402163943,0.062126534579469574,45000,1,42,4585.798816568047,3.1780538303479458,0,0,0,0,1,0,0,0,0,1,0,0,0,0,0,0,0,0,1,0
18,1,38,3,5,310000,310000,405000,225000,0,3,0,0,1,0,0,0,0,0,0,0,1,1,1,0,0,0,0,0,0,0,0,1,0,0,1,1250000,73541.37157636735,0.23533163598314039,-85000,0,15,5081.9672131147545,3.6635616461296463,0,0,0,0,0,0,0,1,0,1,0,0,0,0,0,0,0,0,0,1
18,1,45,2,2,175000,375000,400000,215000,1,5,0,0,1,0,0,0,0,0,0,1,0,1,0,0,0,0,0,0,0,0,0,1,0,0,0,1165000,112795.90713614863,0.38728075486830477,40000,1,4,10294.117647058823,3.828641396489095,0,0,0,0,0,0,0,1,0,0,0,0,0,1,0,0,0,0,0,1
26,0,24,3,5,140000,135000,80000,6800,4,3,0,0,1,0,0,0,0,0,0,1,1,1,1,0,0,0,0,0,0,0,1,1,0,0,1,361800,62038.778195577,0.6858827231935191,-133200,0,15,2295.0819672131147,3.2188758248682006,0,0,0,0,0,0,0,1,0,0,0,0,1,0,0,0,0,0,1,0
22,2,75,5,8,1000000,755000,1350000,1200000,1,4,1,0,0,0,0,0,0,0,0,0,0,1,0,0,1,1,0,1,0,1,0,1,0,0,0,4305000,257726.43765564033,0.2394668508142063,200000,1,40,6211.180124223602,4.330733340286331,0,0,0,0,0,1,0,0,0,0,0,0,0,0,0,0,1,0,0,1
26,1,51,5,7,35000,640000,600000,755000,1,4,0,0,0,0,0,1,0,0,0,1,0,1,0,1,1,0,0,1,0,0,0,1,0,0,1,2030000,321778.9096051304,0.6340458631709699,720000,1,35,248.22695035460993,3.9512437185814275,1,0,0,0,0,0,0,0,0,0,1,0,0,0,0,0,0,0,0,1
28,0,34,4,3,325000,505000,510000,200000,3,4,0,0,0,0,0,1,0,0,0,0,0,1,0,0,1,0,0,1,0,0,0,1,0,0,0,1540000,150388.3860764077,0.3906181700213966,-125000,0,12,6632.65306122449,3.5553480614894135,1,0,0,0,0,0,0,0,0,0,0,0,0,0,1,0,0,0,1,0
25,0,37,5,7,480000,475000,460000,450000,1,5,0,0,0,0,0,1,0,0,0,0,0,0,0,0,1,0,0,0,0,0,0,1,0,0,1,1865000,13768.926368215254,0.029531146031247662,-30000,0,35,3404.255319148936,3.6375861597263857,0,0,0,1,0,0,0,0,0,0,0,0,0,0,0,1,0,0,0,1
23,0,18,4,8,85000,260000,10000,200000,2,5,0,0,0,0,1,0,0,0,1,0,0,0,1,0,0,0,0,0,0,0,0,1,0,0,0,555000,112425.90152332927,0.8102709279452348,115000,1,32,658.9147286821706,2.9444389791664403,0,0,1,0,0,0,0,0,0,0,1,0,0,0,0,0,0,0,1,0
39,2,20,6,5,265000,275000,515000,570000,4,3,0,0,1,0,0,0,0,0,0,0,1,0,0,1,1,0,0,0,0,0,0,1,0,0,0,1625000,158974.57868057606,0.3913210765772295,305000,1,30,2190.0826446280994,3.044522437723423,0,0,0,1,0,0,0,0,0,0,1,0,0,0,0,0,0,0,1,0
26,2,12,5,7,605000,830000,375000,675000,2,3,0,0,0,0,0,1,0,0,0,0,1,0,0,0,0,0,0,0,0,0,0,1,0,0,1,2485000,189181.35038458026,0.30451677403268607,70000,1,35,4290.780141843971,2.5649493574615367,0,0,0,1,0,0,0,0,0,0,0,0,0,0,0,0,1,0,1,0
37,2,26,6,5,890000,915000,775000,500000,2,5,0,0,0,0,0,0,0,0,0,1,1,0,0,1,1,0,0,1,1,0,0,1,0,0,0,3080000,190043.85458800467,0.24680988023133044,-390000,0,30,7355.371900826446,3.295836866004329,0,0,0,1,0,0,0,0,0,0,0,0,0,0,0,1,0,0,1,0
32,1,14,4,8,350000,310000,350000,350000,1,4,0,0,0,0,1,0,0,0,0,1,1,0,0,0,0,0,0,0,0,0,0,1,0,0,0,1360000,20000.0,0.058823356401892936,0,0,32,2713.1782945736436,2.70805020110221,0,1,0,0,0,0,0,0,0,0,0,1,0,0,0,0,0,0,1,0
31,1,58,5,5,325000,310000,380000,350000,3,4,0,0,0,0,1,0,0,0,0,1,1,0,0,0,0,0,0,0,0,0,0,1,0,0,0,1365000,30652.6235962492,0.0898242747896686,25000,1,25,3217.8217821782177,4.07753744390572,0,1,0,0,0,0,0,0,0,0,0,0,0,0,1,0,0,0,0,1
38,2,23,5,9,1336200,800000,1040000,1330000,1,4,1,0,0,0,0,0,0,0,0,0,0,0,0,0,1,0,0,1,0,0,0,1,0,1,0,4506200,257857.08574066113,0.2288907344103029,-6200,0,45,7382.32044198895,3.1780538303479458,0,0,0,0,0,1,0,0,0,0,0,0,0,0,1,0,0,0,1,0
26,1,17,5,4,570000,360000,1340000,775000,4,5,0,0,0,0,1,0,0,0,1,0,1,0,0,0,0,0,0,0,0,0,1,1,0,0,1,3045000,421394.01593599626,0.5535546303860307,205000,1,20,7037.037037037037,2.8903717578961645,0,0,1,0,0,0,0,0,0,0,1,0,0,0,0,0,0,0,1,0
30,1,16,6,6,190000,250000,250000,230000,0,3,0,0,0,0,1,0,0,0,0,1,1,0,1,0,1,0,0,0,0,0,1,1,0,0,1,920000,28284.2712474619,0.1229745577082791,40000,1,36,1310.344827586207,2.833213344056216,0,1,0,0,0,0,0,0,0,0,0,1,0,0,0,0,0,0,1,0
35,2,72,7,8,715000,565000,500000,300000,2,5,0,0,0,0,0,0,0,0,0,1,0,1,0,0,1,0,0,0,0,0,0,1,1,0,0,2080000,172094.93504071137,0.3309511617106724,-415000,0,56,3177.777777777778,4.290459441148391,0,0,0,0,0,0,1,0,0,0,0,1,0,0,0,0,0,0,0,1
24,1,21,6,7,290000,1060000,470000,650000,2,4,0,0,0,0,0,0,0,0,1,1,1,0,1,0,0,0,0,0,0,0,0,1,0,1,1,2470000,329583.06995353993,0.533736900755691,360000,1,42,1715.9763313609467,3.091042453358316,0,1,0,0,0,0,0,0,0,0,0,0,1,0,0,0,0,0,1,0
37,1,53,4,6,500000,350000,1090000,380000,3,4,0,0,0,0,0,0,0,0,0,1,0,1,0,0,0,0,0,0,1,0,0,1,0,0,0,2320000,346121.3659975356,0.5967599469613597,-120000,0,24,5154.639175257732,3.9889840465642745,0,0,0,0,0,0,1,0,0,0,0,0,0,1,0,0,0,0,0,1
26,0,30,3,4,100000,220000,170000,100000,2,5,0,0,0,0,0,0,0,0,0,1,0,1,1,0,0,0,0,0,0,0,1,1,0,0,1,590000,58523.49955359813,0.39676679855457336,0,0,12,2040.8163265306123,3.4339872044851463,0,0,0,0,0,0,0,1,0,0,0,0,0,0,0,1,0,0,1,0
17,0,4,5,6,355000,335000,300000,300000,1,5,0,0,0,0,0,0,0,0,0,1,0,1,0,1,1,0,0,0,1,0,0,1,0,0,1,1290000,27233.55773061365,0.0844448784053806,-55000,0,30,2933.884297520661,1.6094379124341003,1,0,0,0,0,0,0,0,0,1,0,0,0,0,0,0,0,1,0,0
30,0,12,4,7,30000,30000,775000,25000,3,3,0,0,0,0,0,0,0,0,1,1,1,0,1,0,0,0,0,0,0,0,1,1,0,1,0,860000,373340.7737353815,1.7364606384871768,-5000,0,28,265.4867256637168,2.5649493574615367,0,0,1,0,0,0,0,0,0,0,0,0,1,0,0,0,0,0,1,0
25,1,31,3,9,25000,25000,30000,650000,4,5,0,0,0,0,1,0,0,0,1,0,1,0,1,0,0,0,0,0,0,0,0,1,0,0,0,730000,311675.57919520524,1.7078020350310696,625000,1,27,229.3577981651376,3.4657359027997265,0,0,1,0,0,0,0,0,0,0,0,0,1,0,0,0,0,0,1,0
34,1,22,7,10,675000,675000,1350000,575000,4,2,0,1,0,0,0,0,1,0,0,0,0,0,1,1,0,1,0,1,0,1,0,1,0,0,0,3275000,357290.1481989113,0.43638438084217457,-100000,0,70,2402.135231316726,3.1354942159291497,0,0,0,0,1,0,0,0,0,0,1,0,0,0,0,0,0,0,1,0
31,0,36,5,7,445000,420000,395000,575000,4,4,0,0,0,0,0,0,0,0,1,0,1,0,1,0,0,0,0,0,0,0,0,1,0,0,0,1835000,80143.10117949433,0.17469847734281632,130000,1,35,3156.028368794326,3.6109179126442243,0,0,1,0,0,0,0,0,0,0,0,0,1,0,0,0,0,0,0,1
21,0,82,4,4,90000,75000,80000,80000,4,5,0,0,0,0,1,0,0,0,1,0,1,0,0,0,0,0,0,0,0,0,1,1,0,1,0,325000,6291.528696058957,0.07743324631154026,-10000,0,16,1384.6153846153845,4.418840607796598,0,1,0,0,0,0,0,0,0,0,0,0,0,0,0,1,0,0,0,1
48,2,48,7,9,625000,540000,500000,505000,4,2,0,0,0,0,0,0,0,0,0,1,0,0,0,0,1,0,0,0,0,0,1,1,1,0,0,2170000,57807.15065341542,0.10655676331180111,-120000,0,63,2470.3557312252965,3.8918202981106265,0,0,0,0,0,0,1,0,0,0,0,0,0,1,0,0,0,0,0,1
34,0,8,4,5,380000,555000,520000,350000,0,2,0,0,0,0,0,0,0,0,0,1,0,0,1,0,0,1,0,0,1,0,0,1,0,0,0,1805000,101355.39781712006,0.22460980212148018,-30000,0,20,4691.358024691358,2.1972245773362196,0,0,0,1,0,0,0,0,0,0,0,0,0,0,1,0,0,1,0,0
30,2,2,7,11,1000000,700000,540000,420000,1,3,0,0,0,0,0,0,1,0,0,0,0,0,1,0,0,1,0,1,0,1,0,1,0,0,0,2660000,251064.40076867395,0.3775398845545705,-580000,0,77,3236.2459546925566,1.0986122886681096,0,0,0,0,1,0,0,0,0,0,0,0,0,0,0,1,0,1,0,0
30,0,55,6,8,220000,200000,210000,210000,1,2,0,0,0,0,0,0,0,0,0,1,0,0,1,0,1,0,0,0,1,0,0,1,0,0,0,840000,8164.96580927726,0.03888060442225161,-10000,0,48,1139.896373056995,4.02535169073515,0,0,0,0,0,0,1,0,0,0,1,0,0,0,0,0,0,0,0,1
31,2,65,7,11,470000,320000,475000,520000,4,5,0,0,0,0,0,0,0,0,0,1,0,1,1,0,0,1,0,0,0,0,0,1,0,0,0,1785000,87118.21470469498,0.1952224526212714,50000,1,77,1521.0355987055016,4.189654742026425,0,0,0,0,1,0,0,0,1,0,0,0,0,0,0,0,0,0,0,1
20,0,18,5,3,110000,75000,100000,50000,1,3,0,0,0,0,0,1,0,0,0,1,0,1,0,1,0,0,0,0,0,0,0,1,0,0,1,335000,26887.10967483613,0.3210362822513896,-60000,0,15,1803.27868852459,2.9444389791664403,1,0,0,0,0,0,0,0,0,0,1,0,0,0,0,0,0,0,1,0
29,1,54,3,5,725000,310000,725000,250000,1,3,0,0,0,0,0,0,0,0,0,1,0,1,0,0,1,0,0,0,0,0,0,1,1,0,0,2010000,258085.90301163937,0.5136027649927848,-475000,0,15,11885.245901639344,4.007333185232471,0,0,0,0,0,0,1,0,1,0,0,0,0,0,0,0,0,0,0,1
43,2,14,6,8,525000,450000,665000,650000,4,5,0,0,1,0,0,0,0,0,0,1,0,0,0,0,0,1,0,0,0,0,0,1,0,0,0,2290000,102996.7637032025,0.17990669658778324,125000,1,48,2720.20725388601,2.70805020110221,0,0,0,1,0,0,0,0,0,0,1,0,0,0,0,0,0,0,1,0
22,0,20,3,3,205000,200000,200000,6800,2,3,0,0,0,0,0,0,0,0,0,1,0,0,1,0,0,0,0,0,0,0,1,1,1,0,0,611800,97461.83868571329,0.6372095552543839,-198200,0,9,5540.540540540541,3.044522437723423,0,0,0,0,0,0,0,1,0,1,0,0,0,0,0,0,0,0,1,0
21,2,4,3,4,570000,125000,475000,375000,1,4,0,0,0,0,0,0,0,0,1,0,1,0,1,0,0,0,0,0,0,0,0,1,0,1,1,1545000,191501.74063612754,0.4957961031456942,-195000,0,12,11632.65306122449,1.6094379124341003,0,1,0,0,0,0,0,0,0,0,1,0,0,0,0,0,0,1,0,0
23,0,42,5,5,325000,275000,220000,200000,2,5,0,0,1,0,0,0,0,0,1,0,1,0,1,0,0,0,0,0,0,0,0,1,0,0,1,1020000,56421.03626603585,0.22125809807034424,-125000,0,25,3217.8217821782177,3.7612001156935624,0,1,0,0,0,0,0,0,0,0,0,0,0,1,0,0,0,0,0,1
25,0,44,5,6,550000,510000,300000,200000,4,3,0,0,1,0,0,1,0,0,0,0,0,0,0,1,1,0,0,1,1,0,0,1,0,0,0,1560000,167531.09164172082,0.4295658001946683,-350000,0,30,4545.454545454545,3.8066624897703196,1,0,0,0,0,0,0,0,0,1,0,0,0,0,0,0,0,0,0,1
31,2,78,5,7,615000,625000,590000,630000,4,3,0,1,0,1,0,0,0,0,0,0,0,0,1,0,0,0,0,0,0,1,0,1,0,1,0,2460000,17795.130420052184,0.02893512436573629,15000,1,35,4361.702127659574,4.3694478524670215,0,0,0,0,0,1,0,0,0,0,0,0,0,1,0,0,0,0,0,1
22,0,65,5,6,18400,75000,40000,40000,1,3,0,0,0,0,0,1,0,0,0,1,0,1,0,0,0,0,0,1,0,0,0,1,0,0,1,173400,23428.40156732849,0.5404350895556848,21600,1,30,152.06611570247935,4.189654742026425,1,0,0,0,0,0,0,0,0,0,1,0,0,0,0,0,0,0,0,1
27,0,31,3,6,75000,115000,140000,125000,3,2,0,0,1,0,0,0,0,0,0,0,1,0,1,0,0,0,0,0,0,0,0,1,0,1,1,455000,27801.37886268713,0.24440557764491855,50000,1,18,1027.3972602739725,3.4657359027997265,0,1,0,0,0,0,0,0,0,0,0,0,0,1,0,0,0,0,1,0
28,1,82,5,6,320000,675000,630000,290000,4,4,0,0,0,0,0,0,0,0,1,1,0,0,1,0,0,0,0,0,0,0,1,1,0,0,0,1915000,201840.48982633124,0.4215980537405274,-30000,0,30,2644.628099173554,4.418840607796598,0,1,0,0,0,0,0,0,0,0,1,0,0,0,0,0,0,0,0,1
34,0,19,3,6,80000,50000,150000,130000,1,4,0,0,0,0,0,0,0,0,0,1,0,1,1,0,1,0,0,0,1,0,1,1,0,0,0,410000,45734.742446707474,0.4461882561800126,50000,1,18,1095.890410958904,2.995732273553991,0,0,0,0,0,0,1,0,0,0,0,0,0,0,0,1,0,0,1,0
34,2,3,7,9,610000,425000,440000,540000,1,5,1,0,0,1,0,0,0,0,0,0,0,0,0,0,0,1,0,1,0,0,0,1,0,0,0,2015000,87309.31603595728,0.17331839745421304,-70000,0,63,2411.0671936758895,1.3862943611198906,0,0,0,0,0,1,0,0,0,0,0,0,0,1,0,0,0,1,0,0
45,2,19,7,6,380000,370000,320000,330000,3,3,0,0,0,0,0,0,0,0,0,1,0,1,1,0,0,0,0,0,0,0,0,1,1,0,0,1400000,29439.20288775949,0.08411176793140446,-50000,0,42,2248.5207100591715,2.995732273553991,0,0,0,0,0,0,1,0,0,0,0,0,0,0,0,0,1,0,1,0
22,1,35,6,9,925000,840000,270000,210000,0,4,0,0,0,0,0,0,1,0,0,0,0,1,0,0,0,0,0,0,0,1,0,1,0,0,0,2245000,373371.4638265758,0.665248638891647,-715000,0,54,4262.672811059908,3.58351893845611,0,0,0,0,1,0,0,0,0,0,0,0,0,1,0,0,0,0,1,0
28,2,33,7,6,75000,340000,295000,125000,4,3,0,0,1,0,0,0,0,0,0,1,0,0,1,0,1,1,0,0,0,0,0,1,0,0,1,835000,128541.49783889507,0.6157647045470205,50000,1,42,443.7869822485207,3.5263605246161616,0,0,0,1,0,0,0,0,0,0,0,0,1,0,0,0,0,0,1,0
22,1,36,5,4,360000,275000,320000,300000,1,5,0,0,1,0,0,0,0,0,0,1,0,0,0,1,0,1,0,0,0,0,0,1,0,0,0,1255000,35910.7690440254,0.11445626960240891,-60000,0,20,4444.444444444444,3.6109179126442243,0,0,0,1,0,0,0,0,0,0,0,0,0,1,0,0,0,0,0,1
26,2,6,7,6,290000,775000,350000,300000,0,5,0,0,0,0,0,0,0,0,0,1,0,1,1,0,1,0,0,0,0,0,0,1,0,0,0,1715000,232320.7194088953,0.5418546415259563,10000,1,42,1715.9763313609467,1.9459101490553132,0,0,0,0,0,0,1,0,0,0,1,0,0,0,0,0,0,1,0,0
24,0,12,4,4,500000,200000,320000,475000,1,3,0,0,0,0,0,0,0,0,0,1,1,1,1,0,0,0,0,0,0,0,0,1,0,1,1,1495000,140556.92796870598,0.37607104186665985,-25000,0,16,7692.307692307692,2.5649493574615367,0,1,0,0,0,0,0,0,0,0,1,0,0,0,0,0,0,0,1,0
26,0,13,5,6,270000,350000,400000,325000,4,3,0,0,0,0,1,0,0,0,0,0,1,0,1,0,0,0,0,0,0,0,0,1,0,1,1,1345000,54064.00527769531,0.16078466763725702,55000,1,30,2231.404958677686,2.639057329615259,0,0,1,0,0,0,0,0,0,0,1,0,0,0,0,0,0,0,1,0
31,1,1,3,5,535000,280000,350000,400000,4,5,0,0,0,0,0,0,0,0,0,1,0,1,1,0,1,0,0,0,0,0,1,1,1,0,0,1565000,107732.30713207621,0.2753534358559498,-135000,0,15,8770.491803278688,0.6931471805599453,0,0,0,0,0,0,1,0,0,1,0,0,0,0,0,0,0,1,0,0
27,2,4,6,6,480000,490000,350000,450000,4,5,0,0,1,0,0,0,0,0,0,0,1,0,0,0,1,0,0,0,0,0,0,1,0,0,0,1770000,63966.136874651624,0.1445559148446029,-30000,0,36,3310.344827586207,1.6094379124341003,0,0,0,1,0,0,0,0,0,0,1,0,0,0,0,0,0,1,0,0
23,2,8,5,4,675000,700000,875000,825000,4,4,0,0,0,0,0,0,0,0,0,1,1,0,1,0,1,0,0,0,0,0,0,1,0,0,1,3075000,96555.25188547056,0.12560016427356915,150000,1,20,8333.333333333334,2.1972245773362196,0,1,0,0,0,0,0,0,1,0,0,0,0,0,0,0,0,1,0,0
26,2,1,5,4,815000,665000,680000,720000,2,1,0,0,0,0,0,1,0,0,0,1,0,0,0,0,1,1,0,0,0,0,0,1,0,0,0,2880000,67453.6878161602,0.09368554740362889,-95000,0,20,10061.728395061727,0.6931471805599453,0,0,0,1,0,0,0,0,0,0,0,0,0,1,0,0,0,1,0,0
19,1,32,5,5,25000,290000,300000,400000,1,4,0,0,1,0,0,0,0,0,0,1,0,0,0,1,1,0,0,0,1,0,0,1,0,0,1,1015000,160383.654611892,0.6320513204357501,375000,1,25,247.52475247524754,3.4965075614664802,1,0,0,0,0,0,0,0,0,1,0,0,0,0,0,0,0,0,1,0
30,2,2,6,10,540000,710000,570000,25000,2,5,0,0,0,0,0,0,0,0,0,1,0,1,1,0,0,0,0,0,0,0,0,1,1,0,0,1845000,300121.5031727428,0.6506685149143152,-515000,0,60,2240.663900414938,1.0986122886681096,0,0,0,0,0,0,1,0,0,0,0,0,0,0,0,0,1,1,0,0
32,2,21,6,8,585000,1273200,1350000,1070000,0,5,0,1,0,0,0,0,1,0,0,0,0,1,1,0,0,0,0,0,0,1,1,1,0,0,0,4278200,343954.6627100729,0.3215879025030811,485000,1,48,3031.0880829015546,3.091042453358316,0,0,0,0,1,0,0,0,0,0,1,0,0,0,0,0,0,0,1,0
37,1,21,5,10,395000,460000,480000,475000,1,3,0,0,0,0,0,0,0,0,0,1,0,1,1,0,1,0,0,0,0,0,1,1,0,0,0,1810000,39264.06329796582,0.08677121884363972,80000,1,50,1965.1741293532339,3.091042453358316,0,0,0,0,0,0,1,0,0,0,0,0,0,0,0,0,1,0,1,0
24,0,20,5,6,270000,440000,275000,500000,3,2,0,0,1,0,1,0,0,0,0,0,1,0,1,0,0,0,0,0,0,0,0,1,0,1,1,1485000,116645.83147288204,0.3141966795318586,230000,1,30,2231.404958677686,3.044522437723423,0,1,0,0,0,0,0,0,0,0,1,0,0,0,0,0,0,0,1,0
34,2,28,5,11,1336200,400000,1350000,655000,2,5,0,1,0,0,0,0,0,0,0,0,0,0,0,0,0,1,0,0,0,1,0,1,0,0,0,3741200,482290.05104121036,0.515652234993024,-681200,0,55,6046.153846153846,3.367295829986474,0,0,0,0,0,1,0,0,0,0,1,0,0,0,0,0,0,0,1,0
33,1,23,7,10,1140000,1273200,1125000,695000,3,2,1,0,0,0,0,0,0,0,0,0,0,0,1,0,0,0,0,0,0,0,1,1,0,0,0,4233200,251192.2769513426,0.2373542847935914,-445000,0,70,4056.9395017793595,3.1780538303479458,0,0,0,0,0,1,0,0,0,0,1,0,0,0,0,0,0,0,1,0
23,2,15,3,8,1090000,530000,1350000,1342800,1,2,0,0,0,0,1,0,0,0,0,0,1,0,1,0,0,0,0,0,0,0,1,1,0,0,0,4312800,384946.26464828395,0.35702644001283984,252800,1,24,11237.113402061856,2.772588722239781,0,0,1,0,0,0,0,0,0,0,0,0,0,0,0,0,1,0,1,0
26,1,2,4,2,240000,170000,205000,325000,1,5,0,0,1,0,0,0,0,0,0,0,0,1,1,0,0,0,0,0,0,0,0,1,1,0,0,940000,66458.00679125628,0.2827988254997055,85000,1,8,7272.727272727273,1.0986122886681096,0,0,0,0,0,0,0,1,0,0,0,0,0,0,0,1,0,1,0,0
21,1,43,5,6,470000,350000,495000,280000,0,4,0,0,1,0,0,1,0,0,0,0,0,0,0,1,1,0,0,1,0,0,0,1,0,0,0,1595000,101355.39781712006,0.25418217839483803,-190000,0,30,3884.2975206611573,3.784189633918261,1,0,0,0,0,0,0,0,0,0,0,0,0,0,0,0,1,0,0,1
28,0,34,4,5,310000,375000,360000,400000,4,5,0,0,1,0,0,0,0,0,0,0,0,0,0,0,1,0,0,1,0,0,0,1,0,0,0,1445000,37941.8414594407,0.10502902818107272,90000,1,20,3827.1604938271603,3.5553480614894135,1,0,0,0,0,0,0,0,0,1,0,0,0,0,0,0,0,0,1,0
51,2,20,5,7,250000,320000,920000,790000,3,5,0,0,0,0,0,0,0,0,0,1,0,1,1,0,1,0,0,0,0,0,1,1,1,0,0,2280000,334564.3934033228,0.5869540464022392,540000,1,35,1773.049645390071,3.044522437723423,0,0,0,0,0,0,1,0,0,0,0,1,0,0,0,0,0,0,1,0
22,0,66,5,7,255000,320000,325000,270000,0,3,0,0,1,0,0,0,0,0,0,0,1,0,1,0,1,0,0,0,0,0,0,1,0,0,1,1170000,35237.29085310995,0.1204689585782953,15000,1,35,1808.5106382978724,4.204692619390966,0,1,0,0,0,0,0,0,1,0,0,0,0,0,0,0,0,0,0,1
37,1,17,5,8,280000,290000,285000,345000,0,5,0,0,0,0,0,0,0,0,0,1,0,1,0,0,0,0,0,0,0,0,0,1,1,0,0,1200000,30276.503540974914,0.10092134206544283,65000,1,40,1739.1304347826087,2.8903717578961645,0,0,0,0,0,0,1,0,0,0,0,0,0,0,0,0,1,0,1,0
26,1,19,4,6,710000,620000,600000,625000,1,4,0,0,0,0,1,0,0,0,0,0,1,0,1,0,0,0,0,0,0,0,1,1,0,0,1,2555000,48712.592485584944,0.0762622563183227,-85000,0,24,7319.587628865979,2.995732273553991,0,1,0,0,0,0,0,0,0,0,0,0,0,0,1,0,0,0,1,0
24,2,23,6,8,640000,270000,360000,595000,3,3,0,0,0,0,0,0,0,0,0,1,0,0,1,0,1,0,0,0,1,0,0,1,0,0,0,1865000,179414.55719459703,0.3848025145138499,-45000,0,48,3316.062176165803,3.1780538303479458,0,0,0,0,0,0,1,0,0,0,0,0,0,1,0,0,0,0,1,0
25,1,29,3,4,175000,150000,195000,555000,4,3,0,0,1,0,0,0,0,0,0,1,0,0,1,0,0,0,0,0,0,0,0,1,1,0,0,1075000,191719.19570037842,0.7133710970391866,380000,1,12,3571.4285714285716,3.4011973816621555,0,0,0,0,0,0,0,1,0,1,0,0,0,0,0,0,0,0,1,0
23,2,3,4,8,810000,750000,700000,1342800,1,4,0,0,1,0,1,0,0,0,0,0,1,0,1,0,0,0,0,0,0,0,1,1,0,1,0,3602800,298144.19330250256,0.33101350315199224,532800,1,32,6279.069767441861,1.3862943611198906,0,1,0,0,0,0,0,0,0,0,0,1,0,0,0,0,0,1,0,0
17,0,18,2,3,350000,340000,350000,340000,1,3,0,0,1,0,0,0,0,0,0,1,0,1,0,0,0,0,0,0,0,0,0,1,0,0,0,1380000,5773.502691896258,0.016734741904795226,-10000,0,6,14000.0,2.9444389791664403,0,0,0,0,0,0,0,1,0,0,1,0,0,0,0,0,0,0,1,0
21,2,21,4,8,980000,1030000,1000000,1015000,1,4,0,0,1,0,1,0,0,0,0,0,1,0,1,0,0,0,0,0,0,0,0,1,0,0,1,4025000,21360.00936329383,0.0212273174022126,35000,1,32,7596.899224806201,3.091042453358316,0,1,0,0,0,0,0,0,0,0,1,0,0,0,0,0,0,0,1,0
37,1,12,5,6,325000,270000,270000,325000,4,5,0,0,0,0,0,0,0,0,0,1,0,1,1,0,0,0,0,0,1,0,0,1,0,0,0,1190000,31754.264805429415,0.10673666577735677,0,0,30,2685.9504132231405,2.5649493574615367,0,0,0,0,0,0,1,0,0,0,0,1,0,0,0,0,0,0,1,0
38,1,19,4,4,210000,305000,175000,280000,0,1,0,0,1,0,0,1,0,0,0,1,1,0,1,0,1,0,0,1,1,0,0,1,0,0,0,970000,60346.22330077224,0.2488493791810023,70000,1,16,3230.769230769231,2.995732273553991,0,0,0,1,0,0,0,0,0,0,0,0,0,0,0,1,0,0,1,0
22,1,16,5,5,80000,160000,100000,130000,1,3,0,0,1,0,0,0,0,0,0,1,1,0,0,0,1,0,0,0,0,0,0,1,0,0,0,470000,35000.0,0.2978698053633586,50000,1,25,792.0792079207921,2.833213344056216,0,0,0,1,0,0,0,0,0,1,0,0,0,0,0,0,0,0,1,0
20,1,74,5,3,175000,130000,125000,150000,0,4,0,0,0,0,0,1,0,0,0,0,0,0,0,0,1,1,0,1,1,0,0,1,0,0,0,580000,22730.30282830976,0.15675962805987378,-25000,0,15,2868.8524590163934,4.31748811353631,0,0,0,1,0,0,0,0,0,0,1,0,0,0,0,0,0,0,0,1
29,2,48,6,8,365000,415000,425000,350000,0,4,0,0,0,0,0,0,0,0,0,1,0,0,1,0,1,0,0,0,0,0,0,1,0,0,0,1555000,36827.299656640585,0.09473235993384091,-15000,0,48,1891.1917098445597,3.8918202981106265,0,0,0,0,0,0,1,0,0,1,0,0,0,0,0,0,0,0,0,1
25,2,40,4,7,925000,960000,725000,310000,2,4,0,0,1,0,1,0,0,0,0,0,1,0,0,0,0,0,0,0,0,0,0,1,0,0,0,2920000,298524.1475436563,0.40893662822880555,-615000,0,28,8185.840707964602,3.713572066704308,0,1,0,0,0,0,0,0,0,0,1,0,0,0,0,0,0,0,0,1
34,2,23,5,6,500000,500000,525000,575000,0,3,0,0,0,0,0,0,0,0,0,1,0,1,1,0,0,0,0,0,0,0,0,1,0,0,0,2100000,35355.33905932738,0.06734337469705273,75000,1,30,4132.231404958678,3.1780538303479458,0,0,0,0,0,0,1,0,0,1,0,0,0,0,0,0,0,0,1,0
26,0,37,5,6,110000,245000,250000,140000,3,3,0,0,0,0,0,1,0,0,0,1,0,1,0,1,0,0,0,0,1,0,0,1,0,0,1,745000,71807.03308172536,0.38553904720901017,30000,1,30,909.0909090909091,3.6375861597263857,1,0,0,0,0,0,0,0,0,0,0,0,1,0,0,0,0,0,0,1
33,2,26,5,11,1075000,1273200,1095000,1150000,1,5,1,1,0,0,0,0,0,0,0,0,0,1,0,0,0,0,0,0,0,0,0,1,0,0,0,4593200,89100.46763812934,0.07759330318281474,75000,1,55,4864.253393665158,3.295836866004329,0,0,0,0,0,1,0,0,0,1,0,0,0,0,0,0,0,0,1,0
20,1,78,4,5,350000,310000,340000,210000,1,4,0,0,1,0,0,0,0,0,0,1,1,1,1,0,0,0,0,0,0,0,1,1,0,0,0,1210000,63966.136874651624,0.21145760468445268,-140000,0,20,4320.9876543209875,4.3694478524670215,0,0,0,0,0,0,0,1,0,1,0,0,0,0,0,0,0,0,0,1
18,2,23,6,8,590000,550000,625000,650000,4,2,1,0,0,0,0,0,1,0,0,0,0,0,1,0,0,0,0,1,0,0,0,1,0,0,0,2415000,43469.33785248325,0.07199878402269023,60000,1,48,3056.9948186528495,3.1780538303479458,0,0,0,0,1,0,0,0,1,0,0,0,0,0,0,0,0,0,1,0
31,2,2,6,11,850000,1010000,645000,500000,2,5,1,0,0,0,0,0,0,0,0,0,0,1,0,0,0,1,0,0,0,0,1,1,0,0,0,3005000,224439.11572332185,0.2987538329044778,-350000,0,66,3207.5471698113206,1.0986122886681096,0,0,0,0,0,1,0,0,0,0,0,0,0,0,0,1,0,1,0,0
19,1,11,6,7,175000,215000,150000,200000,1,3,0,0,0,0,1,0,0,0,0,0,1,0,1,0,0,0,0,0,0,0,1,1,0,0,1,740000,28577.38033247041,0.1544714911404285,25000,1,42,1035.5029585798816,2.4849066497880004,0,1,0,0,0,0,0,0,1,0,0,0,0,0,0,0,0,1,0,0
24,0,68,4,4,18400,810000,770000,680000,2,3,0,0,0,0,0,0,0,0,1,0,1,0,1,0,1,0,0,0,0,0,0,1,0,0,0,2278400,371466.427374893,0.6521519930177316,661600,1,16,283.0769230769231,4.23410650459726,0,1,0,0,0,0,0,0,0,0,1,0,0,0,0,0,0,0,0,1
33,2,20,6,6,320000,450000,415000,505000,1,5,0,0,1,0,0,1,0,0,0,1,0,0,1,1,0,0,0,0,0,0,0,1,0,0,1,1690000,77728.15877574013,0.18397153799811156,185000,1,36,2206.896551724138,3.044522437723423,0,0,0,1,0,0,0,0,0,0,0,0,0,0,1,0,0,0,1,0
25,0,69,2,4,140000,110000,200000,140000,0,3,0,0,0,0,0,0,0,0,0,1,0,1,0,0,0,0,0,0,0,0,0,1,1,0,1,590000,37749.17217635375,0.25592485594235803,0,0,8,4242.424242424242,4.248495242049359,0,0,0,0,0,0,0,1,0,1,0,0,0,0,0,0,0,0,0,1
28,1,49,5,7,475000,600000,620000,630000,4,4,0,0,0,0,0,0,0,0,0,1,0,1,1,0,1,0,0,0,0,0,0,1,0,0,0,2325000,71922.99122441075,0.12373826664282858,155000,1,35,3368.794326241135,3.912023005428146,0,0,0,0,0,0,1,0,1,0,0,0,0,0,0,0,0,0,0,1
24,0,1,3,6,360000,455000,475000,450000,0,4,0,0,1,0,1,0,0,0,0,0,1,0,1,0,1,0,0,0,0,0,0,1,0,0,1,1740000,51153.364177409356,0.1175936703074461,90000,1,18,4931.506849315068,0.6931471805599453,0,1,0,0,0,0,0,0,1,0,0,0,0,0,0,0,0,1,0,0
20,2,11,3,6,585000,1273200,480000,685000,1,5,0,0,0,0,1,0,0,1,0,0,1,0,1,0,0,0,0,0,0,0,0,1,0,1,1,3023200,354943.03768351336,0.46962499081572184,100000,1,18,8013.698630136986,2.4849066497880004,0,0,1,0,0,0,0,0,0,0,0,0,0,1,0,0,0,1,0,0
26,0,7,7,8,150000,225000,160000,190000,1,3,1,0,0,0,0,0,1,0,0,0,0,0,0,0,0,1,0,0,0,1,0,1,0,0,0,725000,33757.715167548486,0.18624843541579625,40000,1,56,666.6666666666666,2.0794415416798357,0,0,0,0,1,0,0,0,0,0,0,0,0,0,1,0,0,1,0,0
46,1,23,7,8,575000,1050000,650000,950000,1,4,1,1,0,0,0,0,0,0,0,0,0,0,0,0,1,0,0,0,0,0,1,1,0,1,0,3225000,229469.49688357275,0.28461297645965433,375000,1,56,2555.5555555555557,3.1780538303479458,0,0,0,0,0,1,0,0,0,1,0,0,0,0,0,0,0,0,1,0
21,1,14,5,7,675000,620000,470000,570000,1,4,0,0,0,0,1,0,0,0,1,0,1,0,0,0,0,0,0,0,0,0,0,1,0,1,0,2335000,87118.21470469498,0.14923865604460632,-105000,0,35,4787.234042553191,2.70805020110221,0,1,0,0,0,0,0,0,0,0,0,0,0,0,0,0,1,0,1,0
47,2,21,6,6,520000,420000,25000,500000,0,3,0,0,0,0,0,0,0,0,0,1,0,0,0,0,1,0,0,0,0,0,0,1,1,0,0,1465000,231566.2252286949,0.6322610046899392,-20000,0,36,3586.206896551724,3.091042453358316,0,0,0,0,0,0,1,0,0,0,0,0,0,0,0,0,1,0,1,0
27,0,8,6,5,680000,30000,675000,650000,1,2,0,0,0,0,1,0,0,0,0,0,1,1,1,0,0,0,0,0,0,0,1,1,0,0,0,2035000,319436.35255451646,0.6278834882968612,-30000,0,30,5619.834710743801,2.1972245773362196,0,0,1,0,0,0,0,0,0,0,1,0,0,0,0,0,0,1,0,0
17,2,63,5,7,430000,530000,300000,325000,0,4,0,0,0,0,0,0,0,0,0,1,0,1,1,0,1,0,0,0,1,0,0,1,1,0,0,1585000,105465.23913909581,0.26615766052097234,-105000,0,35,3049.645390070922,4.1588830833596715,0,0,0,0,0,0,1,0,0,0,1,0,0,0,0,0,0,0,0,1
31,1,80,6,9,875000,700000,730000,825000,1,2,1,0,0,0,0,0,0,0,0,0,0,1,0,0,1,1,0,0,0,0,0,1,0,0,0,3130000,81496.42118931767,0.10414864797529673,-50000,0,54,4032.2580645161293,4.394449154672439,0,0,0,0,0,1,0,0,0,0,0,0,0,0,1,0,0,0,0,1
39,1,84,6,7,945000,1030000,1100000,700000,3,2,0,0,0,0,0,1,0,0,0,0,0,0,0,1,0,0,0,1,1,0,0,1,0,0,0,3775000,174421.66340987195,0.1848174607601708,-245000,0,42,5591.715976331361,4.442651256490317,0,0,0,1,0,0,0,0,0,0,1,0,0,0,0,0,0,0,0,1
25,2,12,4,5,575000,500000,475000,475000,2,3,0,0,0,0,0,0,0,0,1,0,1,0,0,0,0,0,0,0,0,0,1,1,0,0,1,2025000,47324.236215002275,0.09347978811894155,-100000,0,20,7098.765432098766,2.5649493574615367,0,0,1,0,0,0,0,0,0,0,0,0,0,0,0,1,0,0,1,0
28,2,5,6,5,730000,350000,290000,230000,0,4,0,0,0,0,0,1,0,0,0,1,0,0,1,0,1,1,0,1,0,0,0,1,0,0,0,1600000,225388.5533916929,0.5634699748042953,-500000,0,30,6033.05785123967,1.791759469228055,0,0,0,1,0,0,0,0,0,0,0,0,0,0,0,0,1,1,0,0
32,1,2,7,5,500000,340000,325000,605000,4,5,0,0,1,0,0,1,0,0,0,1,1,0,1,0,1,0,0,0,0,0,0,1,0,0,1,1770000,134195.1315560044,0.30326514867989995,105000,1,35,3546.099290780142,1.0986122886681096,0,0,0,1,0,0,0,0,0,0,0,0,0,1,0,0,0,1,0,0
42,1,30,6,9,590000,770000,790000,870000,4,4,0,1,0,1,0,0,0,0,0,0,0,0,0,0,1,1,0,0,0,0,0,1,0,1,0,3020000,118180.65267490558,0.15653045846946637,280000,1,54,2718.89400921659,3.4339872044851463,0,0,0,0,0,1,0,0,0,1,0,0,0,0,0,0,0,0,1,0
17,1,35,5,6,330000,375000,380000,255000,3,5,0,0,0,0,0,0,0,0,0,1,1,0,0,1,1,0,0,0,0,0,0,1,0,0,1,1340000,57879.18451395113,0.1727731693754679,-75000,0,30,2727.2727272727275,3.58351893845611,0,0,0,1,0,0,0,0,0,0,0,0,0,1,0,0,0,0,1,0
28,1,14,4,5,850000,850000,850000,370000,1,4,0,0,1,0,0,0,0,0,0,1,0,1,1,0,0,0,0,0,0,0,1,1,1,0,0,2920000,240000.0,0.32876667292236583,-480000,0,20,10493.827160493827,2.70805020110221,0,0,0,0,0,0,0,1,0,0,0,0,0,0,0,0,1,0,1,0
29,1,24,7,8,545000,760000,880000,1150000,4,3,1,0,0,0,0,0,1,0,0,0,0,1,0,0,0,0,0,0,0,0,0,1,0,0,0,3335000,252301.9024898544,0.3026106145478139,605000,1,56,2422.222222222222,3.2188758248682006,0,0,0,0,1,0,0,0,0,0,1,0,0,0,0,0,0,0,1,0
21,0,53,2,3,100000,60000,10000,70000,3,5,0,0,0,0,0,0,0,0,0,1,0,1,1,0,0,0,0,0,0,0,1,1,0,0,0,240000,37416.57386773941,0.6235991711428045,-30000,0,6,4000.0,3.9889840465642745,0,0,0,0,0,0,0,1,0,0,1,0,0,0,0,0,0,0,0,1
36,2,68,5,8,1336200,1273200,1350000,1342800,4,4,1,0,0,1,0,0,0,0,0,0,0,0,0,0,0,1,0,0,0,1,0,1,0,0,0,5302200,35352.086218496355,0.026669729205814303,6600,1,40,8299.378881987577,4.23410650459726,0,0,0,0,0,1,0,0,0,0,1,0,0,0,0,0,0,0,0,1
34,2,45,7,7,275000,260000,10000,220000,0,3,0,0,0,0,0,0,0,0,0,1,0,0,1,0,0,0,0,0,0,0,0,1,0,0,0,765000,123043.01415900592,0.6433588015696959,-55000,0,49,1395.9390862944163,3.828641396489095,0,0,0,0,0,0,1,0,0,0,0,0,0,1,0,0,0,0,0,1
27,2,14,5,5,450000,350000,500000,500000,1,4,0,0,0,0,0,0,0,1,1,0,1,0,1,0,0,0,0,0,0,0,1,1,0,0,0,1800000,70710.67811865476,0.15713449107591929,50000,1,25,4455.445544554455,2.70805020110221,0,0,1,0,0,0,0,0,0,0,0,0,0,0,0,1,0,0,1,0
20,1,75,6,8,675000,860000,875000,860000,4,4,0,0,1,0,0,1,0,0,0,1,0,0,0,1,0,0,0,1,1,0,0,1,0,0,0,3270000,95262.79441628825,0.11652926958656717,185000,1,48,3497.4093264248704,4.330733340286331,0,0,0,1,0,0,0,0,0,0,0,0,1,0,0,0,0,0,0,1
22,2,36,6,8,520000,650000,520000,650000,2,5,0,0,0,0,0,0,1,0,0,0,0,1,0,0,0,0,0,0,0,1,0,1,0,0,0,2340000,75055.53499465135,0.12829984050395016,130000,1,48,2694.300518134715,3.6109179126442243,0,0,0,0,1,0,0,0,0,0,0,0,0,0,0,1,0,0,0,1
18,0,16,5,6,320000,400000,250000,255000,1,4,0,0,0,0,0,1,0,0,0,1,0,0,1,1,0,1,0,1,1,0,0,1,0,0,0,1225000,70163.49953263924,0.229104556499862,-65000,0,30,2644.628099173554,2.833213344056216,0,0,0,1,0,0,0,0,0,0,1,0,0,0,0,0,0,0,1,0
27,1,24,3,5,740000,700000,680000,575000,1,4,0,0,0,0,1,0,0,0,0,1,1,1,1,0,0,0,0,0,0,0,0,1,0,1,0,2695000,70400.63920164361,0.10449058955258488,-165000,0,15,12131.147540983606,3.2188758248682006,0,0,1,0,0,0,0,0,0,0,1,0,0,0,0,0,0,0,1,0
34,2,18,6,9,420000,1273200,1130000,1290000,1,4,1,1,0,0,0,0,0,0,0,0,0,0,0,0,0,0,1,0,0,0,1,1,0,1,0,4113200,411839.24048104015,0.4005045609029264,870000,1,54,1935.483870967742,2.9444389791664403,0,0,0,0,0,1,0,0,0,0,1,0,0,0,0,0,0,0,1,0
26,0,8,5,8,1020000,490000,340000,470000,1,2,0,0,0,0,0,0,0,0,0,1,1,0,1,0,0,0,0,0,0,0,1,1,0,0,1,2320000,300776.7721528154,0.5185797475397722,-550000,0,40,6335.403726708075,2.1972245773362196,0,0,1,0,0,0,0,0,0,0,0,1,0,0,0,0,0,1,0,0
43,2,22,6,8,700000,605000,500000,680000,1,4,1,1,0,0,0,0,0,0,0,0,0,1,0,0,0,1,1,0,0,0,1,1,0,1,0,2485000,90588.3546599672,0.14581603033229273,-20000,0,48,3626.943005181347,3.1354942159291497,0,0,0,0,0,1,0,0,0,1,0,0,0,0,0,0,0,0,1,0
34,2,16,6,7,430000,325000,225000,275000,1,4,0,0,0,0,0,0,0,0,0,1,0,0,0,0,1,0,0,0,0,0,1,1,1,0,0,1255000,87595.18632131943,0.27918695500992646,-155000,0,42,2544.378698224852,2.833213344056216,0,0,0,0,0,0,1,0,0,0,0,0,0,0,0,0,1,0,1,0
29,2,44,6,10,500000,500000,480000,450000,1,4,0,0,0,0,0,0,1,0,0,0,0,1,0,1,0,1,0,1,0,0,1,1,0,0,0,1930000,23629.07813126304,0.04897208115892618,-50000,0,60,2074.688796680498,3.8066624897703196,0,0,0,0,1,0,0,0,0,0,0,0,0,0,1,0,0,0,0,1
41,0,24,7,7,18400,575000,600000,430000,1,4,1,0,0,0,0,0,1,0,0,0,0,1,1,0,0,0,0,0,0,0,0,1,0,0,0,1623400,268952.7034009263,0.662688285604634,411600,1,49,93.4010152284264,3.2188758248682006,0,0,0,0,1,0,0,0,0,0,0,0,0,1,0,0,0,0,1,0
41,2,29,5,9,920000,925000,925000,275000,1,3,0,0,0,0,0,0,0,0,0,1,0,1,1,0,0,0,0,0,1,0,0,1,1,0,0,3045000,324175.23553370533,0.42584539860532905,-645000,0,45,5082.8729281767955,3.4011973816621555,0,0,0,0,0,0,1,0,0,0,0,0,0,1,0,0,0,0,1,0
41,1,14,7,8,720000,230000,450000,465000,1,3,0,0,1,0,0,0,0,0,0,1,1,0,0,1,0,0,0,1,0,0,0,1,0,0,0,1865000,200390.24427351746,0.4297904868268753,-255000,0,56,3200.0,2.70805020110221,0,0,0,1,0,0,0,0,0,0,0,0,0,0,1,0,0,0,1,0
26,1,14,5,5,955000,725000,1235000,770000,4,3,0,0,0,0,0,0,0,0,1,1,1,1,1,0,0,0,0,0,0,0,0,1,0,0,0,3685000,231638.18769797005,0.25143873678071454,-185000,0,25,9455.445544554455,2.70805020110221,0,0,1,0,0,0,0,0,1,0,0,0,0,0,0,0,0,0,1,0
22,2,44,5,8,100000,150000,155000,100000,0,3,0,0,1,0,0,0,0,0,0,1,0,0,1,0,0,1,0,0,1,0,0,1,0,0,0,505000,30379.543555930308,0.2406281420022836,0,0,40,621.1180124223603,3.8066624897703196,0,0,0,1,0,0,0,0,0,0,0,0,1,0,0,0,0,0,0,1
29,0,21,5,6,465000,435000,365000,460000,4,3,0,0,0,0,1,0,0,1,0,0,1,0,1,0,1,0,0,0,0,0,0,1,0,0,1,1725000,46075.11982259695,0.1068406098133035,-5000,0,30,3842.9752066115702,3.091042453358316,0,0,1,0,0,0,0,0,0,0,0,0,0,1,0,0,0,0,1,0
45,2,29,6,9,510000,500000,650000,625000,3,4,1,0,0,1,0,0,0,0,0,0,0,1,0,0,1,1,0,1,0,0,0,1,0,0,0,2285000,77284.64703074386,0.13529017372528687,115000,1,54,2350.230414746544,3.4011973816621555,0,0,0,0,0,1,0,0,0,0,0,0,0,0,1,0,0,0,1,0
30,0,57,5,9,135000,100000,290000,150000,1,5,0,0,0,0,0,0,0,0,0,1,0,1,1,0,0,0,0,0,0,0,1,1,0,0,0,675000,83503.99192054632,0.49483553828152915,15000,1,45,745.8563535911602,4.060443010546419,0,0,0,0,0,0,1,0,0,0,0,0,0,1,0,0,0,0,0,1
21,2,5,6,4,275000,300000,350000,300000,3,5,0,0,0,0,0,0,0,0,0,1,1,0,1,0,0,0,0,0,0,0,0,1,0,1,0,1225000,31457.643480294788,0.1027185004466754,25000,1,24,2835.0515463917527,1.791759469228055,0,1,0,0,0,0,0,0,0,0,0,0,1,0,0,0,0,1,0,0
26,2,55,4,6,480000,425000,320000,280000,1,4,0,0,1,0,0,1,0,0,0,1,1,0,1,0,0,0,0,1,1,0,0,1,0,0,0,1505000,92319.64399122576,0.24536717242273312,-200000,0,24,4948.453608247422,4.02535169073515,0,0,0,1,0,0,0,0,0,0,0,0,1,0,0,0,0,0,0,1
22,0,9,5,6,400000,350000,320000,380000,1,4,0,0,0,0,0,0,0,0,0,1,0,1,0,0,1,0,0,0,0,0,0,1,0,0,0,1450000,35000.0,0.09655145778908196,-20000,0,30,3305.785123966942,2.302585092994046,1,0,0,0,0,0,0,0,1,0,0,0,0,0,0,0,0,1,0,0
17,1,5,5,4,360000,440000,350000,425000,0,3,0,0,1,0,0,0,0,0,1,0,1,0,1,0,1,0,0,0,0,0,0,1,0,1,0,1575000,45345.89286804263,0.11516387988358794,65000,1,20,4444.444444444444,1.791759469228055,0,1,0,0,0,0,0,0,0,0,0,0,0,0,0,1,0,1,0,0
31,2,50,5,8,250000,275000,340000,290000,3,4,0,0,0,0,0,0,0,0,0,1,0,1,1,0,1,0,0,0,0,0,1,1,0,0,0,1155000,37941.8414594407,0.13139986167819576,40000,1,40,1552.7950310559006,3.9318256327243257,0,0,0,0,0,0,1,0,0,0,0,0,0,0,0,0,1,0,0,1
52,1,84,5,4,685000,650000,775000,625000,3,1,0,0,1,0,0,1,0,0,0,0,1,0,1,1,0,0,0,0,1,0,0,1,0,0,0,2735000,65622.02374203343,0.09597356894839412,-60000,0,20,8456.79012345679,4.442651256490317,0,0,0,1,0,0,0,0,0,0,1,0,0,0,0,0,0,0,0,1
36,0,25,7,8,660000,25000,30000,700000,4,4,1,1,0,0,0,0,0,0,0,0,0,0,1,0,1,0,0,0,0,0,0,1,0,0,0,1415000,377080.34068794054,1.065948479828864,40000,1,56,2933.3333333333335,3.258096538021482,0,0,0,0,0,1,0,0,0,0,1,0,0,0,0,0,0,0,1,0
41,1,27,7,7,775000,440000,960000,960000,3,4,1,0,0,1,0,0,0,0,0,0,0,0,1,0,1,0,0,1,0,1,0,1,0,0,0,3135000,245199.7485044931,0.3128541443704609,185000,1,49,3934.0101522842638,3.332204510175204,0,0,0,0,0,1,0,0,1,0,0,0,0,0,0,0,0,0,1,0
43,1,18,5,6,300000,450000,925000,350000,3,4,0,0,0,0,0,0,0,0,0,1,0,1,0,0,1,0,0,0,1,0,1,1,0,0,0,2025000,286047.053238915,0.5650301001655601,50000,1,30,2479.3388429752067,2.9444389791664403,0,0,0,0,0,0,1,0,1,0,0,0,0,0,0,0,0,0,1,0
29,2,22,7,11,475000,390000,425000,415000,1,5,0,1,0,0,0,0,0,0,0,0,0,1,1,0,0,1,0,0,0,1,0,1,0,0,0,1705000,35677.95771434607,0.0837017572142847,-60000,0,77,1537.2168284789643,3.1354942159291497,0,0,0,0,1,0,0,0,0,0,0,0,1,0,0,0,0,0,1,0
25,2,6,6,8,695000,325000,320000,375000,3,4,0,1,0,0,0,0,1,0,0,0,0,0,0,1,0,1,0,0,0,1,1,1,0,0,0,1715000,179228.67144144842,0.4180250808545016,-320000,0,48,3601.036269430052,1.9459101490553132,0,0,0,0,1,0,0,0,0,0,0,0,0,1,0,0,0,1,0,0
35,1,10,7,7,140000,170000,175000,185000,4,4,0,0,1,0,0,1,0,0,0,1,0,0,1,1,0,1,0,1,0,0,0,1,0,0,0,670000,19364.916731037083,0.11561075295692015,45000,1,49,710.6598984771574,2.3978952727983707,0,0,0,1,0,0,0,0,0,0,0,0,0,0,0,0,1,1,0,0
42,2,18,5,9,430000,930000,470000,910000,2,5,0,1,0,0,0,0,0,0,0,0,0,0,0,1,0,0,0,0,0,1,1,1,0,0,0,2740000,271968.13538844336,0.3970331946791952,480000,1,45,2375.6906077348067,2.9444389791664403,0,0,0,0,1,0,0,0,1,0,0,0,0,0,0,0,0,0,1,0
24,0,20,4,5,450000,435000,105000,530000,1,3,0,0,0,0,0,0,0,0,0,1,0,1,1,0,0,0,0,0,0,0,0,1,0,0,0,1520000,188015.95676963165,0.4947775315581581,80000,1,20,5555.555555555556,3.044522437723423,0,0,0,0,0,0,0,1,0,0,1,0,0,0,0,0,0,0,1,0
18,0,37,5,5,195000,170000,160000,180000,0,2,0,0,1,0,0,0,0,0,0,1,0,0,1,0,0,0,0,0,0,0,1,1,0,0,1,705000,14930.394055974097,0.08471097500708703,-15000,0,25,1930.6930693069307,3.6375861597263857,0,0,0,0,0,0,0,1,0,1,0,0,0,0,0,0,0,0,0,1
20,1,9,4,5,525000,380000,260000,390000,1,5,0,0,1,0,0,0,0,0,0,1,1,1,1,0,0,0,0,0,0,0,0,1,1,0,1,1555000,108349.35778920581,0.27871145743472253,-135000,0,20,6481.481481481482,2.302585092994046,0,0,0,0,0,0,0,1,0,0,1,0,0,0,0,0,0,1,0,0
23,0,20,3,3,20000,305000,425000,20000,3,4,0,0,1,0,0,0,0,0,0,1,0,0,0,1,0,0,0,1,1,0,0,1,0,0,0,770000,205121.91496766015,1.0655628540509408,0,0,9,540.5405405405405,3.044522437723423,1,0,0,0,0,0,0,0,0,0,1,0,0,0,0,0,0,0,1,0
27,2,35,6,8,865000,210000,525000,330000,1,5,0,1,0,0,0,0,0,0,0,0,0,0,1,0,0,1,0,0,0,0,0,1,0,0,0,1930000,286138.0785564899,0.5930310580837965,-535000,0,48,4481.865284974093,3.58351893845611,0,0,0,0,1,0,0,0,0,0,1,0,0,0,0,0,0,0,1,0
27,2,32,5,6,190000,265000,370000,170000,0,5,0,0,0,0,0,0,0,0,1,1,1,0,0,0,0,0,0,0,0,0,0,1,0,1,0,995000,90588.3546599672,0.3641728260789593,-20000,0,30,1570.2479338842975,3.4965075614664802,0,1,0,0,0,0,0,0,0,0,0,0,0,0,0,0,1,0,1,0
21,2,1,4,4,180000,160000,10000,230000,1,3,0,0,0,0,0,1,0,0,0,1,1,0,1,1,0,0,0,0,0,0,0,1,0,0,0,580000,94692.4847422786,0.6530471151390583,50000,1,16,2769.230769230769,0.6931471805599453,0,0,0,1,0,0,0,0,1,0,0,0,0,0,0,0,0,1,0,0
38,0,48,6,3,25000,20000,375000,375000,1,4,0,0,1,0,0,1,0,0,0,1,1,0,0,0,0,1,0,0,1,0,0,1,0,0,0,795000,203526.20633880704,1.0240260745294718,350000,1,18,342.4657534246575,3.8918202981106265,0,0,0,1,0,0,0,0,0,0,0,0,0,1,0,0,0,0,0,1
34,0,7,6,4,400000,375000,380000,355000,2,5,0,0,1,0,0,0,0,0,0,0,0,0,0,1,0,0,0,1,0,0,0,1,0,0,1,1510000,18484.22751068236,0.04896471138005558,-45000,0,24,4123.711340206186,2.0794415416798357,0,0,0,1,0,0,0,0,0,0,0,0,0,1,0,0,0,1,0,0
26,1,17,2,6,620000,400000,150000,570000,1,3,0,0,0,0,0,0,0,0,0,1,0,0,1,0,0,0,0,0,0,0,1,1,0,0,0,1740000,212053.45238091896,0.48747808023641087,-50000,0,12,12653.061224489797,2.8903717578961645,0,0,0,0,0,0,0,1,0,0,0,0,0,0,1,0,0,0,1,0
30,2,14,7,11,1250000,875000,620000,465000,2,4,0,1,0,0,0,0,0,0,0,0,0,0,0,1,0,1,0,0,0,1,1,1,0,0,0,3210000,342892.11131199857,0.42727935705002057,-785000,0,77,4045.3074433656957,2.70805020110221,0,0,0,0,1,0,0,0,0,0,0,0,0,1,0,0,0,0,1,0
31,0,15,3,5,200000,160000,185000,6800,0,4,0,0,0,0,0,0,0,0,0,1,0,1,1,0,1,0,0,0,0,0,1,1,0,0,0,551800,88976.45756041314,0.6449859555959228,-193200,0,15,3278.688524590164,2.772588722239781,0,0,0,0,0,0,1,0,0,0,0,0,0,1,0,0,0,0,1,0
19,1,24,4,4,870000,50000,710000,1020000,2,5,0,0,1,0,1,0,0,0,0,0,1,0,1,0,0,0,0,0,0,0,0,1,0,0,0,2650000,427502.43664022937,0.6452857227992552,150000,1,16,13384.615384615385,3.2188758248682006,0,1,0,0,0,0,0,0,0,0,1,0,0,0,0,0,0,0,1,0
30,2,35,6,7,440000,465000,500000,475000,3,3,0,0,0,0,0,0,0,0,0,1,0,0,1,0,0,0,0,0,1,0,0,1,0,0,1,1880000,24832.7740429189,0.052835577036897584,35000,1,42,2603.550295857988,3.58351893845611,0,0,0,1,0,0,0,0,0,0,0,0,0,0,0,0,1,0,1,0
17,1,62,6,6,1200000,1050000,930000,1080000,1,4,0,0,1,0,0,1,0,0,0,0,0,0,0,0,1,0,0,0,0,0,0,1,0,0,0,4260000,110905.36506409418,0.104136395237276,-120000,0,36,8275.862068965518,4.143134726391533,0,0,0,1,0,0,0,0,1,0,0,0,0,0,0,0,0,0,0,1
28,2,70,3,5,530000,425000,480000,525000,2,2,0,0,1,0,0,0,0,0,0,0,1,0,0,0,0,0,0,0,0,0,0,1,0,0,1,1960000,48819.39505292269,0.09963121514634193,-5000,0,15,8688.524590163934,4.2626798770413155,0,1,0,0,0,0,0,0,0,0,0,0,1,0,0,0,0,0,0,1
39,2,22,5,9,1100000,495000,1150000,990000,3,5,0,1,0,0,0,0,0,0,0,0,0,0,1,0,0,1,1,1,0,0,1,1,0,0,0,3735000,300038.1920133946,0.32132569819298146,-110000,0,45,6077.348066298343,3.1354942159291497,0,0,0,0,0,1,0,0,0,0,0,0,0,0,1,0,0,0,1,0
27,0,15,3,4,400000,660000,475000,520000,3,1,0,0,0,0,0,0,0,1,0,0,1,0,1,0,0,0,0,0,0,0,1,1,0,1,0,2055000,109344.63864314518,0.2128358653183063,120000,1,12,8163.265306122449,2.772588722239781,0,0,1,0,0,0,0,0,0,0,0,1,0,0,0,0,0,0,1,0
40,1,22,7,9,500000,555000,565000,1200000,4,4,1,0,0,1,0,0,0,0,0,0,0,0,0,0,0,0,1,0,0,1,0,1,0,0,0,2820000,331235.06255628593,0.469836301730474,700000,1,63,1976.2845849802372,3.1354942159291497,0,0,0,0,0,1,0,0,0,0,0,0,0,0,0,0,1,0,1,0
17,1,83,2,2,530000,550000,480000,530000,3,3,0,0,1,0,0,0,0,0,0,1,1,1,1,0,0,0,0,0,0,0,1,1,0,0,1,2090000,29860.788111948194,0.05714972432961505,0,0,4,31176.470588235294,4.430816798843313,0,0,0,0,0,0,0,1,0,0,0,0,0,1,0,0,0,0,0,1
31,1,32,5,5,200000,200000,270000,240000,2,5,0,0,1,0,0,1,0,0,0,1,1,0,0,0,0,1,0,0,0,0,0,1,0,0,0,910000,34034.29642777023,0.14960064539395532,40000,1,25,1980.1980198019803,3.4965075614664802,0,0,0,1,0,0,0,0,0,0,1,0,0,0,0,0,0,0,1,0
19,2,21,7,6,425000,460000,370000,460000,3,5,0,0,0,0,0,0,0,0,0,1,0,1,0,0,1,0,0,0,1,0,0,1,0,0,0,1715000,42500.0,0.09912513323584085,35000,1,42,2514.792899408284,3.091042453358316,0,0,0,0,0,0,1,0,0,0,1,0,0,0,0,0,0,0,1,0
41,2,33,6,4,1050000,1000000,870000,875000,1,4,0,0,1,0,0,1,0,0,0,0,0,0,1,0,1,0,0,0,0,0,0,1,0,0,0,3795000,90404.18500637382,0.09528757809622738,-175000,0,24,10824.742268041236,3.5263605246161616,0,0,0,1,0,0,0,0,0,0,1,0,0,0,0,0,0,0,1,0
24,2,47,6,10,395000,420000,1300000,500000,3,5,0,0,0,0,0,0,0,0,0,1,0,0,1,0,1,0,0,0,1,0,1,1,0,0,0,2615000,433154.6105799483,0.6625681805151323,105000,1,60,1639.0041493775934,3.8712010109078907,0,0,0,0,0,0,1,0,0,0,0,0,0,0,1,0,0,0,0,1
17,2,17,4,3,200000,190000,250000,150000,3,4,0,0,1,0,0,0,0,0,0,1,0,1,1,0,0,0,0,0,0,0,0,1,1,0,1,790000,41129.87559751022,0.20825148023306322,-50000,0,12,4081.6326530612246,2.8903717578961645,0,0,0,0,0,0,0,1,0,0,1,0,0,0,0,0,0,0,1,0
17,0,56,5,7,580000,260000,10000,690000,4,4,0,0,1,0,0,1,0,0,0,0,0,0,1,0,0,1,0,1,1,0,0,1,0,0,0,1540000,309461.8985701901,0.8037950513639968,110000,1,35,4113.475177304965,4.04305126783455,0,0,0,1,0,0,0,0,0,0,0,0,0,1,0,0,0,0,0,1
17,1,4,3,5,160000,440000,360000,445000,1,2,0,0,0,0,0,0,0,0,0,1,0,1,1,0,1,0,0,0,0,0,1,1,0,0,0,1405000,133315.10292036182,0.3795436964460224,285000,1,15,2622.9508196721313,1.6094379124341003,0,0,0,0,0,0,1,0,1,0,0,0,0,0,0,0,0,1,0,0
27,1,10,6,6,375000,325000,425000,380000,3,4,0,0,1,0,0,1,0,0,0,1,0,0,1,0,0,0,0,0,0,0,0,1,0,0,0,1505000,40901.30397269342,0.10870749572145569,5000,1,36,2586.206896551724,2.3978952727983707,0,0,0,1,0,0,0,0,0,1,0,0,0,0,0,0,0,1,0,0
49,2,16,6,9,750000,630000,800000,1190000,4,3,1,0,0,0,0,0,0,0,0,0,0,0,1,0,0,1,0,0,0,0,0,1,0,1,0,3370000,242401.18261537695,0.28771619572603113,440000,1,54,3456.221198156682,2.833213344056216,0,0,0,0,0,1,0,0,0,0,0,0,0,0,0,0,1,0,1,0
29,2,39,7,4,1050000,930000,1065000,1075000,4,4,0,0,1,0,0,1,0,0,0,0,0,0,0,0,0,1,0,0,0,0,0,1,0,0,0,4120000,67453.6878161602,0.06548895371573446,25000,1,28,9292.035398230088,3.6888794541139363,0,0,0,1,0,0,0,0,1,0,0,0,0,0,0,0,0,0,0,1
23,2,10,6,8,675000,570000,710000,575000,3,5,0,0,1,0,1,0,0,0,0,0,1,0,1,0,0,0,0,0,0,0,0,1,0,1,0,2530000,70769.57915187381,0.11188848579191782,-100000,0,48,3497.4093264248704,2.3978952727983707,0,1,0,0,0,0,0,0,0,0,0,1,0,0,0,0,0,1,0,0
17,1,52,4,9,210000,250000,275000,740000,4,4,0,0,0,0,0,0,0,0,0,1,0,0,1,0,1,0,0,0,0,0,0,1,1,0,0,1475000,248943.60137723296,0.6750994610922627,530000,1,36,1448.2758620689656,3.970291913552122,0,0,0,0,0,0,1,0,0,0,0,0,0,1,0,0,0,0,0,1
22,2,17,6,11,905000,725000,810000,830000,0,2,1,0,0,0,0,0,1,0,0,0,0,1,0,0,0,1,0,0,0,0,1,1,0,0,0,3270000,73993.24293474371,0.09051150143515875,-75000,0,66,3415.0943396226417,2.8903717578961645,0,0,0,0,1,0,0,0,1,0,0,0,0,0,0,0,0,0,1,0
27,2,29,4,6,250000,360000,200000,395000,0,5,0,0,0,0,0,0,0,0,0,1,1,0,1,0,0,0,0,0,0,0,0,1,0,1,0,1205000,91503.64291473136,0.3037455242131358,145000,1,24,2577.319587628866,3.4011973816621555,0,1,0,0,0,0,0,0,0,0,0,0,0,0,0,0,1,0,1,0
19,1,20,5,7,365000,255000,200000,350000,1,3,0,0,0,0,0,0,0,0,0,1,0,0,1,0,0,0,0,0,1,0,0,1,0,0,0,1170000,78581.16822750855,0.26865264811918094,-15000,0,35,2588.6524822695037,3.044522437723423,0,0,0,0,0,0,1,0,0,0,0,1,0,0,0,0,0,0,1,0
25,0,9,5,9,18400,16800,165000,175000,1,3,0,0,0,0,0,0,0,0,0,1,0,1,1,0,1,0,0,0,0,0,0,1,0,0,0,375200,88085.26172597396,0.9390652735682344,156600,1,45,101.65745856353591,2.302585092994046,0,0,0,0,0,0,1,0,0,0,0,0,0,0,0,1,0,1,0,0
28,1,19,5,6,320000,300000,220000,330000,4,3,0,0,0,0,0,1,0,0,0,1,1,0,0,0,0,0,0,0,0,0,0,1,0,0,0,1170000,49916.59710623979,0.17065444940783037,10000,1,30,2644.628099173554,2.995732273553991,0,0,0,1,0,0,0,0,0,1,0,0,0,0,0,0,0,0,1,0
30,1,42,5,3,150000,120000,140000,125000,0,5,0,0,1,0,0,1,0,0,0,1,0,0,0,0,0,1,0,0,1,0,0,1,0,0,0,535000,13768.926368215254,0.10294447419619483,-25000,0,15,2459.0163934426228,3.7612001156935624,0,0,0,1,0,0,0,0,1,0,0,0,0,0,0,0,0,0,0,1
28,2,28,5,11,30000,700000,460000,30000,1,4,1,1,0,0,0,0,0,0,0,0,0,1,1,0,1,0,0,1,0,0,0,1,0,0,0,1220000,332315.11150312336,1.0895541703244362,0,0,55,135.74660633484163,3.367295829986474,0,0,0,0,0,1,0,0,0,0,1,0,0,0,0,0,0,0,1,0
25,0,31,3,3,270000,425000,370000,300000,0,4,0,0,0,0,1,0,0,0,0,1,1,0,1,0,0,0,0,0,0,0,1,1,0,0,1,1365000,69806.27956471156,0.20455992675394813,30000,1,9,7297.2972972972975,3.4657359027997265,0,1,0,0,0,0,0,0,1,0,0,0,0,0,0,0,0,0,1,0
26,0,36,6,8,525000,540000,400000,525000,1,4,0,0,0,0,0,0,0,0,0,1,0,1,1,0,1,0,0,0,0,0,0,1,0,0,0,1990000,65383.484153110105,0.13142382458147844,0,0,48,2720.20725388601,3.6109179126442243,0,0,0,0,0,0,1,0,0,0,0,0,1,0,0,0,0,0,0,1
32,0,12,6,7,75000,40000,50000,45000,1,2,0,0,0,0,0,1,0,0,0,0,0,0,1,0,0,0,0,1,0,0,0,1,0,0,1,210000,15545.631755148024,0.2961016314955529,-30000,0,42,443.7869822485207,2.5649493574615367,0,0,0,1,0,0,0,0,0,1,0,0,0,0,0,0,0,0,1,0
25,1,54,5,6,395000,375000,425000,400000,3,5,0,0,0,0,1,0,0,0,1,0,0,0,1,0,0,0,0,0,0,0,0,1,0,0,0,1595000,20564.93779875511,0.05157338238337988,5000,1,30,3264.4628099173556,4.007333185232471,0,1,0,0,0,0,0,0,1,0,0,0,0,0,0,0,0,0,0,1
26,1,9,7,7,700000,650000,695000,650000,1,4,0,0,0,0,0,0,1,0,0,0,0,1,0,0,0,0,0,0,0,0,1,1,0,0,0,2695000,27500.0,0.040816265949883565,-50000,0,49,3553.299492385787,2.302585092994046,0,0,0,0,1,0,0,0,0,0,0,0,0,0,0,0,1,1,0,0
20,2,16,7,8,600000,715000,670000,540000,2,3,0,0,0,0,0,0,1,0,0,0,0,1,0,1,0,0,0,0,0,0,0,1,0,0,0,2525000,77068.692303252,0.122088824102064,-60000,0,56,2666.6666666666665,2.833213344056216,0,0,0,0,1,0,0,0,0,1,0,0,0,0,0,0,0,0,1,0
17,0,22,6,4,220000,200000,10000,200000,1,5,0,0,1,0,0,0,0,0,1,0,1,0,0,0,0,0,0,0,0,0,0,1,0,0,1,630000,98784.27675158295,0.6271977749448128,-20000,0,24,2268.041237113402,3.1354942159291497,0,1,0,0,0,0,0,0,0,0,1,0,0,0,0,0,0,0,1,0
22,2,16,5,6,300000,175000,260000,450000,4,4,0,0,0,0,0,0,0,0,0,1,0,1,0,0,0,0,0,0,1,0,1,1,0,0,0,1185000,114990.94167223202,0.38815376715093625,150000,1,30,2479.3388429752067,2.833213344056216,0,0,0,0,0,0,1,0,0,1,0,0,0,0,0,0,0,0,1,0
38,2,21,6,4,850000,760000,850000,705000,0,4,0,0,0,0,0,1,0,0,0,0,1,0,0,0,1,0,0,1,0,0,0,1,0,0,0,3165000,71458.02963978225,0.09031019188573822,-145000,0,24,8762.886597938144,3.091042453358316,0,0,0,1,0,0,0,0,0,0,0,1,0,0,0,0,0,0,1,0
34,1,54,7,10,640000,605000,570000,660000,4,3,1,0,0,0,0,0,0,0,0,0,0,1,0,0,1,0,0,0,0,1,1,1,0,0,0,2475000,39660.013447635974,0.06409688783959294,20000,1,70,2277.5800711743773,4.007333185232471,0,0,0,0,0,1,0,0,0,0,0,0,1,0,0,0,0,0,0,1
31,0,7,5,6,300000,300000,295000,300000,1,2,0,0,0,0,0,0,0,0,0,1,0,1,1,0,1,0,0,0,0,0,0,1,0,0,0,1195000,2500.0,0.008368172826199744,0,0,30,2479.3388429752067,2.0794415416798357,0,0,0,0,0,0,1,0,0,0,1,0,0,0,0,0,0,1,0,0
32,1,21,7,7,625000,575000,575000,640000,1,4,0,0,0,0,0,0,1,0,0,0,0,1,1,0,0,1,0,0,0,1,1,1,0,0,0,2415000,33757.715167548486,0.05591330725340163,15000,1,49,3172.5888324873094,3.091042453358316,0,0,0,0,1,0,0,0,1,0,0,0,0,0,0,0,0,0,1,0
28,2,21,5,7,230000,270000,250000,250000,1,5,0,0,1,0,0,0,0,0,0,1,0,1,0,0,0,0,0,1,0,0,0,1,0,0,0,1000000,16329.93161855452,0.0653194651963573,20000,1,35,1631.2056737588653,3.091042453358316,1,0,0,0,0,0,0,0,0,0,0,0,1,0,0,0,0,0,1,0
20,1,14,4,6,150000,150000,360000,140000,3,5,0,0,0,0,0,0,0,0,0,1,0,1,0,1,1,0,0,1,0,0,0,1,0,0,1,800000,106770.7825203131,0.5338512433453488,-10000,0,24,1546.3917525773195,2.70805020110221,1,0,0,0,0,0,0,0,0,0,0,0,0,0,0,1,0,0,1,0
23,0,24,2,4,320000,700000,200000,575000,2,1,0,0,1,0,0,0,0,0,0,1,1,1,1,0,0,0,0,0,0,0,0,1,0,0,0,1795000,229142.42296004464,0.5106226458772117,255000,1,8,9696.969696969696,3.2188758248682006,0,0,0,0,0,0,0,1,0,0,1,0,0,0,0,0,0,0,1,0
30,2,22,6,8,525000,525000,625000,600000,1,3,1,0,0,0,0,0,1,0,0,0,0,1,0,0,0,0,0,1,0,0,0,1,0,0,0,2275000,51538.82032022076,0.09061754672997631,75000,1,48,2720.20725388601,3.1354942159291497,0,0,0,0,1,0,0,0,0,0,1,0,0,0,0,0,0,0,1,0
18,1,38,6,6,240000,260000,270000,190000,4,3,0,0,1,0,0,1,0,0,0,1,1,0,0,0,0,1,0,0,0,0,0,1,0,0,0,960000,35590.26084010437,0.14829213561653648,-50000,0,36,1655.1724137931035,3.6635616461296463,0,0,0,1,0,0,0,0,0,0,0,0,0,1,0,0,0,0,0,1
