respondent_id,gig_type,domisili_code,relative_week,income_col,weekly_income,period_start,period_end,calendar_year,calendar_month,week_of_month,iso_week
R0000,freelance_it,jateng_yogya,-1,income_w1,260000,2026-05-09 12:14:43,2026-05-15 12:14:43,2026,5,3,20
R0000,freelance_it,jateng_yogya,-2,income_w2,0,2026-05-02 12:14:43,2026-05-08 12:14:43,2026,5,2,19
R0000,freelance_it,jateng_yogya,-3,income_w3,180000,2026-04-25 12:14:43,2026-05-01 12:14:43,2026,5,1,18
R0000,freelance_it,jateng_yogya,-4,income_w4,200000,2026-04-18 12:14:43,2026-04-24 12:14:43,2026,4,4,17
R0001,freelance_desain,jabodetabek,-1,income_w1,235000,2026-05-09 22:20:53,2026-05-15 22:20:53,2026,5,3,20
R0001,freelance_desain,jabodetabek,-2,income_w2,180000,2026-05-02 22:20:53,2026-05-08 22:20:53,2026,5,2,19
R0001,freelance_desain,jabodetabek,-3,income_w3,210000,2026-04-25 22:20:53,2026-05-01 22:20:53,2026,5,1,18
R0001,freelance_desain,jabodetabek,-4,income_w4,0,2026-04-18 22:20:53,2026-04-24 22:20:53,2026,4,4,17
R0002,freelance_it,bandung,-1,income_w1,260000,2026-05-09 19:49:49,2026-05-15 19:49:49,2026,5,3,20
R0002,freelance_it,bandung,-2,income_w2,0,2026-05-02 19:49:49,2026-05-08 19:49:49,2026,5,2,19
R0002,freelance_it,bandung,-3,income_w3,215000,2026-04-25 19:49:49,2026-05-01 19:49:49,2026,5,1,18
R0002,freelance_it,bandung,-4,income_w4,330000,2026-04-18 19:49:49,2026-04-24 19:49:49,2026,4,4,17
R0003,freelance_desain,jabar_lainnya,-1,income_w1,135000,2026-05-09 16:03:14,2026-05-15 16:03:14,2026,5,3,20
R0003,freelance_desain,jabar_lainnya,-2,income_w2,140000,2026-05-02 16:03:14,2026-05-08 16:03:14,2026,5,2,19
R0003,freelance_desain,jabar_lainnya,-3,income_w3,145000,2026-04-25 16:03:14,2026-05-01 16:03:14,2026,5,1,18
R0003,freelance_desain,jabar_lainnya,-4,income_w4,170000,2026-04-18 16:03:14,2026-04-24 16:03:14,2026,4,4,17
R0004,content_creator,jabodetabek,-1,income_w1,355000,2026-05-09 09:52:02,2026-05-15 09:52:02,2026,5,3,20
R0004,content_creator,jabodetabek,-2,income_w2,280000,2026-05-02 09:52:02,2026-05-08 09:52:02,2026,5,2,19
R0004,content_creator,jabodetabek,-3,income_w3,320000,2026-04-25 09:52:02,2026-05-01 09:52:02,2026,5,1,18
R0004,content_creator,jabodetabek,-4,income_w4,375000,2026-04-18 09:52:02,2026-04-24 09:52:02,2026,4,4,17
R0005,content_creator,jabodetabek,-1,income_w1,150000,2026-05-09 09:51:20,2026-05-15 09:51:20,2026,5,3,20
R0005,content_creator,jabodetabek,-2,income_w2,130000,2026-05-02 09:51:20,2026-05-08 09:51:20,2026,5,2,19
R0005,content_creator,jabodetabek,-3,income_w3,110000,2026-04-25 09:51:20,2026-05-01 09:51:20,2026,5,1,18
R0005,content_creator,jabodetabek,-4,income_w4,135000,2026-04-18 09:51:20,2026-04-24 09:51:20,2026,4,4,17
R0006,pekerja_harian,jabodetabek,-1,income_w1,375000,2026-05-09 08:25:17,2026-05-15 08:25:17,2026,5,3,20
R0006,pekerja_harian,jabodetabek,-2,income_w2,350000,2026-05-02 08:25:17,2026-05-08 08:25:17,2026,5,2,19
R0006,pekerja_harian,jabodetabek,-3,income_w3,0,2026-04-25 08:25:17,2026-05-01 08:25:17,2026,5,1,18
R0006,pekerja_harian,jabodetabek,-4,income_w4,295000,2026-04-18 08:25:17,2026-04-24 08:25:17,2026,4,4,17
R0007,pekerja_harian,bandung,-1,income_w1,650000,2026-05-09 21:04:13,2026-05-15 21:04:13,2026,5,3,20
R0007,pekerja_harian,bandung,-2,income_w2,510000,2026-05-02 21:04:13,2026-05-08 21:04:13,2026,5,2,19
R0007,pekerja_harian,bandung,-3,income_w3,755000,2026-04-25 21:04:13,2026-05-01 21:04:13,2026,5,1,18
R0007,pekerja_harian,bandung,-4,income_w4,665000,2026-04-18 21:04:13,2026-04-24 21:04:13,2026,4,4,17
R0008,freelance_it,jabodetabek,-1,income_w1,275000,2026-05-09 08:30:10,2026-05-15 08:30:10,2026,5,3,20
R0008,freelance_it,jabodetabek,-2,income_w2,270000,2026-05-02 08:30:10,2026-05-08 08:30:10,2026,5,2,19
R0008,freelance_it,jabodetabek,-3,income_w3,225000,2026-04-25 08:30:10,2026-05-01 08:30:10,2026,5,1,18
R0008,freelance_it,jabodetabek,-4,income_w4,290000,2026-04-18 08:30:10,2026-04-24 08:30:10,2026,4,4,17
R0009,freelance_desain,sumatera,-1,income_w1,210000,2026-05-09 09:54:55,2026-05-15 09:54:55,2026,5,3,20
R0009,freelance_desain,sumatera,-2,income_w2,305000,2026-05-02 09:54:55,2026-05-08 09:54:55,2026,5,2,19
R0009,freelance_desain,sumatera,-3,income_w3,315000,2026-04-25 09:54:55,2026-05-01 09:54:55,2026,5,1,18
R0009,freelance_desain,sumatera,-4,income_w4,280000,2026-04-18 09:54:55,2026-04-24 09:54:55,2026,4,4,17
R0010,content_creator,kalimantan,-1,income_w1,80000,2026-05-09 10:59:17,2026-05-15 10:59:17,2026,5,3,20
R0010,content_creator,kalimantan,-2,income_w2,80000,2026-05-02 10:59:17,2026-05-08 10:59:17,2026,5,2,19
R0010,content_creator,kalimantan,-3,income_w3,60000,2026-04-25 10:59:17,2026-05-01 10:59:17,2026,5,1,18
R0010,content_creator,kalimantan,-4,income_w4,80000,2026-04-18 10:59:17,2026-04-24 10:59:17,2026,4,4,17
R0011,jualan_online,bandung,-1,income_w1,195000,2026-05-09 10:59:29,2026-05-15 10:59:29,2026,5,3,20
R0011,jualan_online,bandung,-2,income_w2,150000,2026-05-02 10:59:29,2026-05-08 10:59:29,2026,5,2,19
R0011,jualan_online,bandung,-3,income_w3,190000,2026-04-25 10:59:29,2026-05-01 10:59:29,2026,5,1,18
R0011,jualan_online,bandung,-4,income_w4,230000,2026-04-18 10:59:29,2026-04-24 10:59:29,2026,4,4,17
R0012,pekerja_harian,jateng_yogya,-1,income_w1,510000,2026-05-09 11:01:13,2026-05-15 11:01:13,2026,5,3,20
R0012,pekerja_harian,jateng_yogya,-2,income_w2,495000,2026-05-02 11:01:13,2026-05-08 11:01:13,2026,5,2,19
R0012,pekerja_harian,jateng_yogya,-3,income_w3,325000,2026-04-25 11:01:13,2026-05-01 11:01:13,2026,5,1,18
R0012,pekerja_harian,jateng_yogya,-4,income_w4,505000,2026-04-18 11:01:13,2026-04-24 11:01:13,2026,4,4,17
R0013,content_creator,jatim,-1,income_w1,80000,2026-05-09 11:58:16,2026-05-15 11:58:16,2026,5,3,20
R0013,content_creator,jatim,-2,income_w2,80000,2026-05-02 11:58:16,2026-05-08 11:58:16,2026,5,2,19
R0013,content_creator,jatim,-3,income_w3,100000,2026-04-25 11:58:16,2026-05-01 11:58:16,2026,5,1,18
R0013,content_creator,jatim,-4,income_w4,85000,2026-04-18 11:58:16,2026-04-24 11:58:16,2026,4,4,17
R0014,freelance_desain,jateng_yogya,-1,income_w1,0,2026-05-09 12:36:23,2026-05-15 12:36:23,2026,5,3,20
R0014,freelance_desain,jateng_yogya,-2,income_w2,680000,2026-05-02 12:36:23,2026-05-08 12:36:23,2026,5,2,19
R0014,freelance_desain,jateng_yogya,-3,income_w3,735000,2026-04-25 12:36:23,2026-05-01 12:36:23,2026,5,1,18
R0014,freelance_desain,jateng_yogya,-4,income_w4,765000,2026-04-18 12:36:23,2026-04-24 12:36:23,2026,4,4,17
R0015,jualan_online,bandung,-1,income_w1,615000,2026-05-09 13:10:40,2026-05-15 13:10:40,2026,5,3,20
R0015,jualan_online,bandung,-2,income_w2,705000,2026-05-02 13:10:40,2026-05-08 13:10:40,2026,5,2,19
R0015,jualan_online,bandung,-3,income_w3,775000,2026-04-25 13:10:40,2026-05-01 13:10:40,2026,5,1,18
R0015,jualan_online,bandung,-4,income_w4,620000,2026-04-18 13:10:40,2026-04-24 13:10:40,2026,4,4,17
R0016,kurir,jabodetabek,-1,income_w1,460000,2026-05-09 13:58:55,2026-05-15 13:58:55,2026,5,3,20
R0016,kurir,jabodetabek,-2,income_w2,400000,2026-05-02 13:58:55,2026-05-08 13:58:55,2026,5,2,19
R0016,kurir,jabodetabek,-3,income_w3,460000,2026-04-25 13:58:55,2026-05-01 13:58:55,2026,5,1,18
R0016,kurir,jabodetabek,-4,income_w4,525000,2026-04-18 13:58:55,2026-04-24 13:58:55,2026,4,4,17
R0017,pekerja_harian,jabodetabek,-1,income_w1,375000,2026-05-09 14:18:41,2026-05-15 14:18:41,2026,5,3,20
R0017,pekerja_harian,jabodetabek,-2,income_w2,425000,2026-05-02 14:18:41,2026-05-08 14:18:41,2026,5,2,19
R0017,pekerja_harian,jabodetabek,-3,income_w3,0,2026-04-25 14:18:41,2026-05-01 14:18:41,2026,5,1,18
R0017,pekerja_harian,jabodetabek,-4,income_w4,305000,2026-04-18 14:18:41,2026-04-24 14:18:41,2026,4,4,17
R0018,freelance_it,sulawesi,-1,income_w1,635000,2026-05-09 14:27:52,2026-05-15 14:27:52,2026,5,3,20
R0018,freelance_it,sulawesi,-2,income_w2,655000,2026-05-02 14:27:52,2026-05-08 14:27:52,2026,5,2,19
R0018,freelance_it,sulawesi,-3,income_w3,760000,2026-04-25 14:27:52,2026-05-01 14:27:52,2026,5,1,18
R0018,freelance_it,sulawesi,-4,income_w4,545000,2026-04-18 14:27:52,2026-04-24 14:27:52,2026,4,4,17
R0019,pekerja_harian,jabar_lainnya,-1,income_w1,220000,2026-05-09 14:47:11,2026-05-15 14:47:11,2026,5,3,20
R0019,pekerja_harian,jabar_lainnya,-2,income_w2,360000,2026-05-02 14:47:11,2026-05-08 14:47:11,2026,5,2,19
R0019,pekerja_harian,jabar_lainnya,-3,income_w3,360000,2026-04-25 14:47:11,2026-05-01 14:47:11,2026,5,1,18
R0019,pekerja_harian,jabar_lainnya,-4,income_w4,290000,2026-04-18 14:47:11,2026-04-24 14:47:11,2026,4,4,17
R0020,pekerja_harian,jabodetabek,-1,income_w1,135000,2026-05-09 15:11:54,2026-05-15 15:11:54,2026,5,3,20
R0020,pekerja_harian,jabodetabek,-2,income_w2,130000,2026-05-02 15:11:54,2026-05-08 15:11:54,2026,5,2,19
R0020,pekerja_harian,jabodetabek,-3,income_w3,190000,2026-04-25 15:11:54,2026-05-01 15:11:54,2026,5,1,18
R0020,pekerja_harian,jabodetabek,-4,income_w4,150000,2026-04-18 15:11:54,2026-04-24 15:11:54,2026,4,4,17
R0021,freelance_it,jabodetabek,-1,income_w1,430000,2026-05-09 15:35:36,2026-05-15 15:35:36,2026,5,3,20
R0021,freelance_it,jabodetabek,-2,income_w2,590000,2026-05-02 15:35:36,2026-05-08 15:35:36,2026,5,2,19
R0021,freelance_it,jabodetabek,-3,income_w3,440000,2026-04-25 15:35:36,2026-05-01 15:35:36,2026,5,1,18
R0021,freelance_it,jabodetabek,-4,income_w4,545000,2026-04-18 15:35:36,2026-04-24 15:35:36,2026,4,4,17
R0022,freelance_desain,sumatera,-1,income_w1,125000,2026-05-09 16:39:02,2026-05-15 16:39:02,2026,5,3,20
R0022,freelance_desain,sumatera,-2,income_w2,95000,2026-05-02 16:39:02,2026-05-08 16:39:02,2026,5,2,19
R0022,freelance_desain,sumatera,-3,income_w3,100000,2026-04-25 16:39:02,2026-05-01 16:39:02,2026,5,1,18
R0022,freelance_desain,sumatera,-4,income_w4,120000,2026-04-18 16:39:02,2026-04-24 16:39:02,2026,4,4,17
R0023,freelance_desain,jabodetabek,-1,income_w1,750000,2026-05-09 19:33:14,2026-05-15 19:33:14,2026,5,3,20
R0023,freelance_desain,jabodetabek,-2,income_w2,820000,2026-05-02 19:33:14,2026-05-08 19:33:14,2026,5,2,19
R0023,freelance_desain,jabodetabek,-3,income_w3,665000,2026-04-25 19:33:14,2026-05-01 19:33:14,2026,5,1,18
R0023,freelance_desain,jabodetabek,-4,income_w4,535000,2026-04-18 19:33:14,2026-04-24 19:33:14,2026,4,4,17
R0024,pekerja_harian,jabodetabek,-1,income_w1,0,2026-05-09 21:51:26,2026-05-15 21:51:26,2026,5,3,20
R0024,pekerja_harian,jabodetabek,-2,income_w2,505000,2026-05-02 21:51:26,2026-05-08 21:51:26,2026,5,2,19
R0024,pekerja_harian,jabodetabek,-3,income_w3,600000,2026-04-25 21:51:26,2026-05-01 21:51:26,2026,5,1,18
R0024,pekerja_harian,jabodetabek,-4,income_w4,665000,2026-04-18 21:51:26,2026-04-24 21:51:26,2026,4,4,17
R0025,freelance_desain,bali_ntt,-1,income_w1,150000,2026-05-09 21:55:57,2026-05-15 21:55:57,2026,5,3,20
R0025,freelance_desain,bali_ntt,-2,income_w2,190000,2026-05-02 21:55:57,2026-05-08 21:55:57,2026,5,2,19
R0025,freelance_desain,bali_ntt,-3,income_w3,210000,2026-04-25 21:55:57,2026-05-01 21:55:57,2026,5,1,18
R0025,freelance_desain,bali_ntt,-4,income_w4,225000,2026-04-18 21:55:57,2026-04-24 21:55:57,2026,4,4,17
R0026,freelance_it,bali_ntt,-1,income_w1,290000,2026-05-09 22:47:00,2026-05-15 22:47:00,2026,5,3,20
R0026,freelance_it,bali_ntt,-2,income_w2,255000,2026-05-02 22:47:00,2026-05-08 22:47:00,2026,5,2,19
R0026,freelance_it,bali_ntt,-3,income_w3,305000,2026-04-25 22:47:00,2026-05-01 22:47:00,2026,5,1,18
R0026,freelance_it,bali_ntt,-4,income_w4,245000,2026-04-18 22:47:00,2026-04-24 22:47:00,2026,4,4,17
R0027,content_creator,jabar_lainnya,-1,income_w1,285000,2026-05-09 23:14:01,2026-05-15 23:14:01,2026,5,3,20
R0027,content_creator,jabar_lainnya,-2,income_w2,195000,2026-05-02 23:14:01,2026-05-08 23:14:01,2026,5,2,19
R0027,content_creator,jabar_lainnya,-3,income_w3,285000,2026-04-25 23:14:01,2026-05-01 23:14:01,2026,5,1,18
R0027,content_creator,jabar_lainnya,-4,income_w4,305000,2026-04-18 23:14:01,2026-04-24 23:14:01,2026,4,4,17
R0028,freelance_desain,bandung,-1,income_w1,435000,2026-05-09 23:30:43,2026-05-15 23:30:43,2026,5,3,20
R0028,freelance_desain,bandung,-2,income_w2,515000,2026-05-02 23:30:43,2026-05-08 23:30:43,2026,5,2,19
R0028,freelance_desain,bandung,-3,income_w3,445000,2026-04-25 23:30:43,2026-05-01 23:30:43,2026,5,1,18
R0028,freelance_desain,bandung,-4,income_w4,555000,2026-04-18 23:30:43,2026-04-24 23:30:43,2026,4,4,17
R0029,freelance_it,jabar_lainnya,-1,income_w1,355000,2026-05-09 23:42:42,2026-05-15 23:42:42,2026,5,3,20
R0029,freelance_it,jabar_lainnya,-2,income_w2,430000,2026-05-02 23:42:42,2026-05-08 23:42:42,2026,5,2,19
R0029,freelance_it,jabar_lainnya,-3,income_w3,520000,2026-04-25 23:42:42,2026-05-01 23:42:42,2026,5,1,18
R0029,freelance_it,jabar_lainnya,-4,income_w4,440000,2026-04-18 23:42:42,2026-04-24 23:42:42,2026,4,4,17
R0030,freelance_desain,bali_ntt,-1,income_w1,525000,2026-05-10 16:58:36,2026-05-16 16:58:36,2026,5,3,20
R0030,freelance_desain,bali_ntt,-2,income_w2,0,2026-05-03 16:58:36,2026-05-09 16:58:36,2026,5,2,19
R0030,freelance_desain,bali_ntt,-3,income_w3,520000,2026-04-26 16:58:36,2026-05-02 16:58:36,2026,5,1,18
R0030,freelance_desain,bali_ntt,-4,income_w4,585000,2026-04-19 16:58:36,2026-04-25 16:58:36,2026,4,4,17
R0031,freelance_desain,jabodetabek,-1,income_w1,350000,2026-05-10 18:56:45,2026-05-16 18:56:45,2026,5,3,20
R0031,freelance_desain,jabodetabek,-2,income_w2,360000,2026-05-03 18:56:45,2026-05-09 18:56:45,2026,5,2,19
R0031,freelance_desain,jabodetabek,-3,income_w3,275000,2026-04-26 18:56:45,2026-05-02 18:56:45,2026,5,1,18
R0031,freelance_desain,jabodetabek,-4,income_w4,320000,2026-04-19 18:56:45,2026-04-25 18:56:45,2026,4,4,17
R0032,freelance_it,jabodetabek,-1,income_w1,835000,2026-05-10 07:20:13,2026-05-16 07:20:13,2026,5,3,20
R0032,freelance_it,jabodetabek,-2,income_w2,635000,2026-05-03 07:20:13,2026-05-09 07:20:13,2026,5,2,19
R0032,freelance_it,jabodetabek,-3,income_w3,600000,2026-04-26 07:20:13,2026-05-02 07:20:13,2026,5,1,18
R0032,freelance_it,jabodetabek,-4,income_w4,630000,2026-04-19 07:20:13,2026-04-25 07:20:13,2026,4,4,17
R0033,freelance_desain,bandung,-1,income_w1,960000,2026-05-10 23:41:31,2026-05-16 23:41:31,2026,5,3,20
R0033,freelance_desain,bandung,-2,income_w2,695000,2026-05-03 23:41:31,2026-05-09 23:41:31,2026,5,2,19
R0033,freelance_desain,bandung,-3,income_w3,800000,2026-04-26 23:41:31,2026-05-02 23:41:31,2026,5,1,18
R0033,freelance_desain,bandung,-4,income_w4,765000,2026-04-19 23:41:31,2026-04-25 23:41:31,2026,4,4,17
R0034,jualan_online,bandung,-1,income_w1,310000,2026-05-10 20:25:56,2026-05-16 20:25:56,2026,5,3,20
R0034,jualan_online,bandung,-2,income_w2,300000,2026-05-03 20:25:56,2026-05-09 20:25:56,2026,5,2,19
R0034,jualan_online,bandung,-3,income_w3,320000,2026-04-26 20:25:56,2026-05-02 20:25:56,2026,5,1,18
R0034,jualan_online,bandung,-4,income_w4,400000,2026-04-19 20:25:56,2026-04-25 20:25:56,2026,4,4,17
R0035,content_creator,jateng_yogya,-1,income_w1,145000,2026-05-10 10:58:41,2026-05-16 10:58:41,2026,5,3,20
R0035,content_creator,jateng_yogya,-2,income_w2,150000,2026-05-03 10:58:41,2026-05-09 10:58:41,2026,5,2,19
R0035,content_creator,jateng_yogya,-3,income_w3,115000,2026-04-26 10:58:41,2026-05-02 10:58:41,2026,5,1,18
R0035,content_creator,jateng_yogya,-4,income_w4,155000,2026-04-19 10:58:41,2026-04-25 10:58:41,2026,4,4,17
R0036,tutor,bandung,-1,income_w1,680000,2026-05-10 09:29:09,2026-05-16 09:29:09,2026,5,3,20
R0036,tutor,bandung,-2,income_w2,490000,2026-05-03 09:29:09,2026-05-09 09:29:09,2026,5,2,19
R0036,tutor,bandung,-3,income_w3,675000,2026-04-26 09:29:09,2026-05-02 09:29:09,2026,5,1,18
R0036,tutor,bandung,-4,income_w4,630000,2026-04-19 09:29:09,2026-04-25 09:29:09,2026,4,4,17
R0037,content_creator,jabodetabek,-1,income_w1,145000,2026-05-10 09:16:08,2026-05-16 09:16:08,2026,5,3,20
R0037,content_creator,jabodetabek,-2,income_w2,160000,2026-05-03 09:16:08,2026-05-09 09:16:08,2026,5,2,19
R0037,content_creator,jabodetabek,-3,income_w3,135000,2026-04-26 09:16:08,2026-05-02 09:16:08,2026,5,1,18
R0037,content_creator,jabodetabek,-4,income_w4,125000,2026-04-19 09:16:08,2026-04-25 09:16:08,2026,4,4,17
R0038,freelance_it,sulawesi,-1,income_w1,830000,2026-05-10 11:15:47,2026-05-16 11:15:47,2026,5,3,20
R0038,freelance_it,sulawesi,-2,income_w2,765000,2026-05-03 11:15:47,2026-05-09 11:15:47,2026,5,2,19
R0038,freelance_it,sulawesi,-3,income_w3,775000,2026-04-26 11:15:47,2026-05-02 11:15:47,2026,5,1,18
R0038,freelance_it,sulawesi,-4,income_w4,0,2026-04-19 11:15:47,2026-04-25 11:15:47,2026,4,4,17
R0039,jualan_online,bandung,-1,income_w1,0,2026-05-10 15:35:34,2026-05-16 15:35:34,2026,5,3,20
R0039,jualan_online,bandung,-2,income_w2,300000,2026-05-03 15:35:34,2026-05-09 15:35:34,2026,5,2,19
R0039,jualan_online,bandung,-3,income_w3,355000,2026-04-26 15:35:34,2026-05-02 15:35:34,2026,5,1,18
R0039,jualan_online,bandung,-4,income_w4,350000,2026-04-19 15:35:34,2026-04-25 15:35:34,2026,4,4,17
R0040,jualan_online,jabar_lainnya,-1,income_w1,450000,2026-05-10 07:42:56,2026-05-16 07:42:56,2026,5,3,20
R0040,jualan_online,jabar_lainnya,-2,income_w2,335000,2026-05-03 07:42:56,2026-05-09 07:42:56,2026,5,2,19
R0040,jualan_online,jabar_lainnya,-3,income_w3,350000,2026-04-26 07:42:56,2026-05-02 07:42:56,2026,5,1,18
R0040,jualan_online,jabar_lainnya,-4,income_w4,355000,2026-04-19 07:42:56,2026-04-25 07:42:56,2026,4,4,17
R0041,pekerja_harian,jabodetabek,-1,income_w1,375000,2026-05-10 09:20:05,2026-05-16 09:20:05,2026,5,3,20
R0041,pekerja_harian,jabodetabek,-2,income_w2,225000,2026-05-03 09:20:05,2026-05-09 09:20:05,2026,5,2,19
R0041,pekerja_harian,jabodetabek,-3,income_w3,350000,2026-04-26 09:20:05,2026-05-02 09:20:05,2026,5,1,18
R0041,pekerja_harian,jabodetabek,-4,income_w4,230000,2026-04-19 09:20:05,2026-04-25 09:20:05,2026,4,4,17
R0042,tutor,jatim,-1,income_w1,145000,2026-05-10 09:23:39,2026-05-16 09:23:39,2026,5,3,20
R0042,tutor,jatim,-2,income_w2,135000,2026-05-03 09:23:39,2026-05-09 09:23:39,2026,5,2,19
R0042,tutor,jatim,-3,income_w3,175000,2026-04-26 09:23:39,2026-05-02 09:23:39,2026,5,1,18
R0042,tutor,jatim,-4,income_w4,215000,2026-04-19 09:23:39,2026-04-25 09:23:39,2026,4,4,17
R0043,tutor,jabodetabek,-1,income_w1,240000,2026-05-10 09:41:49,2026-05-16 09:41:49,2026,5,3,20
R0043,tutor,jabodetabek,-2,income_w2,145000,2026-05-03 09:41:49,2026-05-09 09:41:49,2026,5,2,19
R0043,tutor,jabodetabek,-3,income_w3,200000,2026-04-26 09:41:49,2026-05-02 09:41:49,2026,5,1,18
R0043,tutor,jabodetabek,-4,income_w4,240000,2026-04-19 09:41:49,2026-04-25 09:41:49,2026,4,4,17
R0044,freelance_desain,jabodetabek,-1,income_w1,875000,2026-05-10 09:59:03,2026-05-16 09:59:03,2026,5,3,20
R0044,freelance_desain,jabodetabek,-2,income_w2,755000,2026-05-03 09:59:03,2026-05-09 09:59:03,2026,5,2,19
R0044,freelance_desain,jabodetabek,-3,income_w3,730000,2026-04-26 09:59:03,2026-05-02 09:59:03,2026,5,1,18
R0044,freelance_desain,jabodetabek,-4,income_w4,870000,2026-04-19 09:59:03,2026-04-25 09:59:03,2026,4,4,17
R0045,tutor,jabodetabek,-1,income_w1,570000,2026-05-10 10:19:46,2026-05-16 10:19:46,2026,5,3,20
R0045,tutor,jabodetabek,-2,income_w2,740000,2026-05-03 10:19:46,2026-05-09 10:19:46,2026,5,2,19
R0045,tutor,jabodetabek,-3,income_w3,845000,2026-04-26 10:19:46,2026-05-02 10:19:46,2026,5,1,18
R0045,tutor,jabodetabek,-4,income_w4,670000,2026-04-19 10:19:46,2026-04-25 10:19:46,2026,4,4,17
R0046,freelance_it,sulawesi,-1,income_w1,1705000,2026-05-10 10:45:52,2026-05-16 10:45:52,2026,5,3,20
R0046,freelance_it,sulawesi,-2,income_w2,1810000,2026-05-03 10:45:52,2026-05-09 10:45:52,2026,5,2,19
R0046,freelance_it,sulawesi,-3,income_w3,0,2026-04-26 10:45:52,2026-05-02 10:45:52,2026,5,1,18
R0046,freelance_it,sulawesi,-4,income_w4,1370000,2026-04-19 10:45:52,2026-04-25 10:45:52,2026,4,4,17
R0047,ojek_online,bandung,-1,income_w1,655000,2026-05-10 11:24:15,2026-05-16 11:24:15,2026,5,3,20
R0047,ojek_online,bandung,-2,income_w2,0,2026-05-03 11:24:15,2026-05-09 11:24:15,2026,5,2,19
R0047,ojek_online,bandung,-3,income_w3,585000,2026-04-26 11:24:15,2026-05-02 11:24:15,2026,5,1,18
R0047,ojek_online,bandung,-4,income_w4,670000,2026-04-19 11:24:15,2026-04-25 11:24:15,2026,4,4,17
R0048,kurir,bandung,-1,income_w1,272000,2026-05-10 11:34:53,2026-05-16 11:34:53,2026,5,3,20
R0048,kurir,bandung,-2,income_w2,395000,2026-05-03 11:34:53,2026-05-09 11:34:53,2026,5,2,19
R0048,kurir,bandung,-3,income_w3,480000,2026-04-26 11:34:53,2026-05-02 11:34:53,2026,5,1,18
R0048,kurir,bandung,-4,income_w4,540000,2026-04-19 11:34:53,2026-04-25 11:34:53,2026,4,4,17
R0049,content_creator,jabodetabek,-1,income_w1,0,2026-05-10 12:17:54,2026-05-16 12:17:54,2026,5,3,20
R0049,content_creator,jabodetabek,-2,income_w2,280000,2026-05-03 12:17:54,2026-05-09 12:17:54,2026,5,2,19
R0049,content_creator,jabodetabek,-3,income_w3,280000,2026-04-26 12:17:54,2026-05-02 12:17:54,2026,5,1,18
R0049,content_creator,jabodetabek,-4,income_w4,365000,2026-04-19 12:17:54,2026-04-25 12:17:54,2026,4,4,17
R0050,tutor,jabar_lainnya,-1,income_w1,95000,2026-05-10 12:18:58,2026-05-16 12:18:58,2026,5,3,20
R0050,tutor,jabar_lainnya,-2,income_w2,70000,2026-05-03 12:18:58,2026-05-09 12:18:58,2026,5,2,19
R0050,tutor,jabar_lainnya,-3,income_w3,105000,2026-04-26 12:18:58,2026-05-02 12:18:58,2026,5,1,18
R0050,tutor,jabar_lainnya,-4,income_w4,90000,2026-04-19 12:18:58,2026-04-25 12:18:58,2026,4,4,17
R0051,freelance_desain,jateng_yogya,-1,income_w1,620000,2026-05-10 12:44:10,2026-05-16 12:44:10,2026,5,3,20
R0051,freelance_desain,jateng_yogya,-2,income_w2,635000,2026-05-03 12:44:10,2026-05-09 12:44:10,2026,5,2,19
R0051,freelance_desain,jateng_yogya,-3,income_w3,560000,2026-04-26 12:44:10,2026-05-02 12:44:10,2026,5,1,18
R0051,freelance_desain,jateng_yogya,-4,income_w4,645000,2026-04-19 12:44:10,2026-04-25 12:44:10,2026,4,4,17
R0052,freelance_desain,jateng_yogya,-1,income_w1,340000,2026-05-10 12:45:15,2026-05-16 12:45:15,2026,5,3,20
R0052,freelance_desain,jateng_yogya,-2,income_w2,265000,2026-05-03 12:45:15,2026-05-09 12:45:15,2026,5,2,19
R0052,freelance_desain,jateng_yogya,-3,income_w3,255000,2026-04-26 12:45:15,2026-05-02 12:45:15,2026,5,1,18
R0052,freelance_desain,jateng_yogya,-4,income_w4,275000,2026-04-19 12:45:15,2026-04-25 12:45:15,2026,4,4,17
R0053,pekerja_harian,bandung,-1,income_w1,585000,2026-05-10 13:23:48,2026-05-16 13:23:48,2026,5,3,20
R0053,pekerja_harian,bandung,-2,income_w2,455000,2026-05-03 13:23:48,2026-05-09 13:23:48,2026,5,2,19
R0053,pekerja_harian,bandung,-3,income_w3,380000,2026-04-26 13:23:48,2026-05-02 13:23:48,2026,5,1,18
R0053,pekerja_harian,bandung,-4,income_w4,430000,2026-04-19 13:23:48,2026-04-25 13:23:48,2026,4,4,17
R0054,content_creator,bandung,-1,income_w1,590000,2026-05-10 13:36:50,2026-05-16 13:36:50,2026,5,3,20
R0054,content_creator,bandung,-2,income_w2,645000,2026-05-03 13:36:50,2026-05-09 13:36:50,2026,5,2,19
R0054,content_creator,bandung,-3,income_w3,785000,2026-04-26 13:36:50,2026-05-02 13:36:50,2026,5,1,18
R0054,content_creator,bandung,-4,income_w4,605000,2026-04-19 13:36:50,2026-04-25 13:36:50,2026,4,4,17
R0055,tutor,jabar_lainnya,-1,income_w1,90000,2026-05-10 14:18:55,2026-05-16 14:18:55,2026,5,3,20
R0055,tutor,jabar_lainnya,-2,income_w2,95000,2026-05-03 14:18:55,2026-05-09 14:18:55,2026,5,2,19
R0055,tutor,jabar_lainnya,-3,income_w3,100000,2026-04-26 14:18:55,2026-05-02 14:18:55,2026,5,1,18
R0055,tutor,jabar_lainnya,-4,income_w4,90000,2026-04-19 14:18:55,2026-04-25 14:18:55,2026,4,4,17
R0056,jualan_online,bandung,-1,income_w1,580000,2026-05-10 14:32:02,2026-05-16 14:32:02,2026,5,3,20
R0056,jualan_online,bandung,-2,income_w2,650000,2026-05-03 14:32:02,2026-05-09 14:32:02,2026,5,2,19
R0056,jualan_online,bandung,-3,income_w3,560000,2026-04-26 14:32:02,2026-05-02 14:32:02,2026,5,1,18
R0056,jualan_online,bandung,-4,income_w4,615000,2026-04-19 14:32:02,2026-04-25 14:32:02,2026,4,4,17
R0057,jualan_online,bali_ntt,-1,income_w1,255000,2026-05-10 15:56:30,2026-05-16 15:56:30,2026,5,3,20
R0057,jualan_online,bali_ntt,-2,income_w2,280000,2026-05-03 15:56:30,2026-05-09 15:56:30,2026,5,2,19
R0057,jualan_online,bali_ntt,-3,income_w3,255000,2026-04-26 15:56:30,2026-05-02 15:56:30,2026,5,1,18
R0057,jualan_online,bali_ntt,-4,income_w4,315000,2026-04-19 15:56:30,2026-04-25 15:56:30,2026,4,4,17
R0058,kurir,sulawesi,-1,income_w1,401000,2026-05-10 16:00:37,2026-05-16 16:00:37,2026,5,3,20
R0058,kurir,sulawesi,-2,income_w2,358000,2026-05-03 16:00:37,2026-05-09 16:00:37,2026,5,2,19
R0058,kurir,sulawesi,-3,income_w3,0,2026-04-26 16:00:37,2026-05-02 16:00:37,2026,5,1,18
R0058,kurir,sulawesi,-4,income_w4,258000,2026-04-19 16:00:37,2026-04-25 16:00:37,2026,4,4,17
R0059,content_creator,jatim,-1,income_w1,270000,2026-05-10 16:54:07,2026-05-16 16:54:07,2026,5,3,20
R0059,content_creator,jatim,-2,income_w2,315000,2026-05-03 16:54:07,2026-05-09 16:54:07,2026,5,2,19
R0059,content_creator,jatim,-3,income_w3,345000,2026-04-26 16:54:07,2026-05-02 16:54:07,2026,5,1,18
R0059,content_creator,jatim,-4,income_w4,370000,2026-04-19 16:54:07,2026-04-25 16:54:07,2026,4,4,17
R0060,jualan_online,jabodetabek,-1,income_w1,135000,2026-05-10 16:57:55,2026-05-16 16:57:55,2026,5,3,20
R0060,jualan_online,jabodetabek,-2,income_w2,150000,2026-05-03 16:57:55,2026-05-09 16:57:55,2026,5,2,19
R0060,jualan_online,jabodetabek,-3,income_w3,0,2026-04-26 16:57:55,2026-05-02 16:57:55,2026,5,1,18
R0060,jualan_online,jabodetabek,-4,income_w4,155000,2026-04-19 16:57:55,2026-04-25 16:57:55,2026,4,4,17
R0061,pekerja_harian,bandung,-1,income_w1,665000,2026-05-10 18:23:02,2026-05-16 18:23:02,2026,5,3,20
R0061,pekerja_harian,bandung,-2,income_w2,1050000,2026-05-03 18:23:02,2026-05-09 18:23:02,2026,5,2,19
R0061,pekerja_harian,bandung,-3,income_w3,755000,2026-04-26 18:23:02,2026-05-02 18:23:02,2026,5,1,18
R0061,pekerja_harian,bandung,-4,income_w4,675000,2026-04-19 18:23:02,2026-04-25 18:23:02,2026,4,4,17
R0062,kurir,jabar_lainnya,-1,income_w1,480000,2026-05-10 19:04:44,2026-05-16 19:04:44,2026,5,3,20
R0062,kurir,jabar_lainnya,-2,income_w2,435000,2026-05-03 19:04:44,2026-05-09 19:04:44,2026,5,2,19
R0062,kurir,jabar_lainnya,-3,income_w3,550000,2026-04-26 19:04:44,2026-05-02 19:04:44,2026,5,1,18
R0062,kurir,jabar_lainnya,-4,income_w4,257000,2026-04-19 19:04:44,2026-04-25 19:04:44,2026,4,4,17
R0063,content_creator,bandung,-1,income_w1,705000,2026-05-10 19:40:12,2026-05-16 19:40:12,2026,5,3,20
R0063,content_creator,bandung,-2,income_w2,575000,2026-05-03 19:40:12,2026-05-09 19:40:12,2026,5,2,19
R0063,content_creator,bandung,-3,income_w3,0,2026-04-26 19:40:12,2026-05-02 19:40:12,2026,5,1,18
R0063,content_creator,bandung,-4,income_w4,725000,2026-04-19 19:40:12,2026-04-25 19:40:12,2026,4,4,17
R0064,tutor,jatim,-1,income_w1,615000,2026-05-10 20:55:45,2026-05-16 20:55:45,2026,5,3,20
R0064,tutor,jatim,-2,income_w2,585000,2026-05-03 20:55:45,2026-05-09 20:55:45,2026,5,2,19
R0064,tutor,jatim,-3,income_w3,635000,2026-04-26 20:55:45,2026-05-02 20:55:45,2026,5,1,18
R0064,tutor,jatim,-4,income_w4,485000,2026-04-19 20:55:45,2026-04-25 20:55:45,2026,4,4,17
R0065,content_creator,jabodetabek,-1,income_w1,430000,2026-05-10 21:55:58,2026-05-16 21:55:58,2026,5,3,20
R0065,content_creator,jabodetabek,-2,income_w2,315000,2026-05-03 21:55:58,2026-05-09 21:55:58,2026,5,2,19
R0065,content_creator,jabodetabek,-3,income_w3,485000,2026-04-26 21:55:58,2026-05-02 21:55:58,2026,5,1,18
R0065,content_creator,jabodetabek,-4,income_w4,440000,2026-04-19 21:55:58,2026-04-25 21:55:58,2026,4,4,17
R0066,jualan_online,jatim,-1,income_w1,130000,2026-05-10 22:49:06,2026-05-16 22:49:06,2026,5,3,20
R0066,jualan_online,jatim,-2,income_w2,115000,2026-05-03 22:49:06,2026-05-09 22:49:06,2026,5,2,19
R0066,jualan_online,jatim,-3,income_w3,185000,2026-04-26 22:49:06,2026-05-02 22:49:06,2026,5,1,18
R0066,jualan_online,jatim,-4,income_w4,150000,2026-04-19 22:49:06,2026-04-25 22:49:06,2026,4,4,17
R0067,jualan_online,jatim,-1,income_w1,195000,2026-05-10 23:19:55,2026-05-16 23:19:55,2026,5,3,20
R0067,jualan_online,jatim,-2,income_w2,260000,2026-05-03 23:19:55,2026-05-09 23:19:55,2026,5,2,19
R0067,jualan_online,jatim,-3,income_w3,240000,2026-04-26 23:19:55,2026-05-02 23:19:55,2026,5,1,18
R0067,jualan_online,jatim,-4,income_w4,0,2026-04-19 23:19:55,2026-04-25 23:19:55,2026,4,4,17
R0068,tutor,jabodetabek,-1,income_w1,1280000,2026-05-10 23:55:25,2026-05-16 23:55:25,2026,5,3,20
R0068,tutor,jabodetabek,-2,income_w2,1315000,2026-05-03 23:55:25,2026-05-09 23:55:25,2026,5,2,19
R0068,tutor,jabodetabek,-3,income_w3,1220000,2026-04-26 23:55:25,2026-05-02 23:55:25,2026,5,1,18
R0068,tutor,jabodetabek,-4,income_w4,905000,2026-04-19 23:55:25,2026-04-25 23:55:25,2026,4,4,17
R0069,kurir,kalimantan,-1,income_w1,420000,2026-05-11 13:16:47,2026-05-17 13:16:47,2026,5,3,20
R0069,kurir,kalimantan,-2,income_w2,295000,2026-05-04 13:16:47,2026-05-10 13:16:47,2026,5,2,19
R0069,kurir,kalimantan,-3,income_w3,365000,2026-04-27 13:16:47,2026-05-03 13:16:47,2026,5,1,18
R0069,kurir,kalimantan,-4,income_w4,290000,2026-04-20 13:16:47,2026-04-26 13:16:47,2026,4,4,17
R0070,tutor,bandung,-1,income_w1,625000,2026-05-11 11:37:27,2026-05-17 11:37:27,2026,5,3,20
R0070,tutor,bandung,-2,income_w2,475000,2026-05-04 11:37:27,2026-05-10 11:37:27,2026,5,2,19
R0070,tutor,bandung,-3,income_w3,520000,2026-04-27 11:37:27,2026-05-03 11:37:27,2026,5,1,18
R0070,tutor,bandung,-4,income_w4,590000,2026-04-20 11:37:27,2026-04-26 11:37:27,2026,4,4,17
R0071,pekerja_harian,jabodetabek,-1,income_w1,150000,2026-05-11 16:57:37,2026-05-17 16:57:37,2026,5,3,20
R0071,pekerja_harian,jabodetabek,-2,income_w2,115000,2026-05-04 16:57:37,2026-05-10 16:57:37,2026,5,2,19
R0071,pekerja_harian,jabodetabek,-3,income_w3,145000,2026-04-27 16:57:37,2026-05-03 16:57:37,2026,5,1,18
R0071,pekerja_harian,jabodetabek,-4,income_w4,135000,2026-04-20 16:57:37,2026-04-26 16:57:37,2026,4,4,17
R0072,tutor,jabar_lainnya,-1,income_w1,510000,2026-05-11 09:25:23,2026-05-17 09:25:23,2026,5,3,20
R0072,tutor,jabar_lainnya,-2,income_w2,640000,2026-05-04 09:25:23,2026-05-10 09:25:23,2026,5,2,19
R0072,tutor,jabar_lainnya,-3,income_w3,555000,2026-04-27 09:25:23,2026-05-03 09:25:23,2026,5,1,18
R0072,tutor,jabar_lainnya,-4,income_w4,465000,2026-04-20 09:25:23,2026-04-26 09:25:23,2026,4,4,17
R0073,tutor,jabodetabek,-1,income_w1,0,2026-05-11 11:14:08,2026-05-17 11:14:08,2026,5,3,20
R0073,tutor,jabodetabek,-2,income_w2,175000,2026-05-04 11:14:08,2026-05-10 11:14:08,2026,5,2,19
R0073,tutor,jabodetabek,-3,income_w3,175000,2026-04-27 11:14:08,2026-05-03 11:14:08,2026,5,1,18
R0073,tutor,jabodetabek,-4,income_w4,185000,2026-04-20 11:14:08,2026-04-26 11:14:08,2026,4,4,17
R0074,pekerja_harian,sulawesi,-1,income_w1,835000,2026-05-11 12:32:31,2026-05-17 12:32:31,2026,5,3,20
R0074,pekerja_harian,sulawesi,-2,income_w2,750000,2026-05-04 12:32:31,2026-05-10 12:32:31,2026,5,2,19
R0074,pekerja_harian,sulawesi,-3,income_w3,890000,2026-04-27 12:32:31,2026-05-03 12:32:31,2026,5,1,18
R0074,pekerja_harian,sulawesi,-4,income_w4,815000,2026-04-20 12:32:31,2026-04-26 12:32:31,2026,4,4,17
R0075,jualan_online,jabodetabek,-1,income_w1,565000,2026-05-11 14:05:48,2026-05-17 14:05:48,2026,5,3,20
R0075,jualan_online,jabodetabek,-2,income_w2,840000,2026-05-04 14:05:48,2026-05-10 14:05:48,2026,5,2,19
R0075,jualan_online,jabodetabek,-3,income_w3,675000,2026-04-27 14:05:48,2026-05-03 14:05:48,2026,5,1,18
R0075,jualan_online,jabodetabek,-4,income_w4,670000,2026-04-20 14:05:48,2026-04-26 14:05:48,2026,4,4,17
R0076,tutor,bandung,-1,income_w1,300000,2026-05-11 20:03:55,2026-05-17 20:03:55,2026,5,3,20
R0076,tutor,bandung,-2,income_w2,335000,2026-05-04 20:03:55,2026-05-10 20:03:55,2026,5,2,19
R0076,tutor,bandung,-3,income_w3,275000,2026-04-27 20:03:55,2026-05-03 20:03:55,2026,5,1,18
R0076,tutor,bandung,-4,income_w4,0,2026-04-20 20:03:55,2026-04-26 20:03:55,2026,4,4,17
R0077,freelance_desain,jateng_yogya,-1,income_w1,365000,2026-05-11 10:07:09,2026-05-17 10:07:09,2026,5,3,20
R0077,freelance_desain,jateng_yogya,-2,income_w2,390000,2026-05-04 10:07:09,2026-05-10 10:07:09,2026,5,2,19
R0077,freelance_desain,jateng_yogya,-3,income_w3,250000,2026-04-27 10:07:09,2026-05-03 10:07:09,2026,5,1,18
R0077,freelance_desain,jateng_yogya,-4,income_w4,315000,2026-04-20 10:07:09,2026-04-26 10:07:09,2026,4,4,17
R0078,freelance_desain,bandung,-1,income_w1,270000,2026-05-11 15:40:10,2026-05-17 15:40:10,2026,5,3,20
R0078,freelance_desain,bandung,-2,income_w2,340000,2026-05-04 15:40:10,2026-05-10 15:40:10,2026,5,2,19
R0078,freelance_desain,bandung,-3,income_w3,385000,2026-04-27 15:40:10,2026-05-03 15:40:10,2026,5,1,18
R0078,freelance_desain,bandung,-4,income_w4,350000,2026-04-20 15:40:10,2026-04-26 15:40:10,2026,4,4,17
R0079,ojek_online,jatim,-1,income_w1,320000,2026-05-11 16:50:43,2026-05-17 16:50:43,2026,5,3,20
R0079,ojek_online,jatim,-2,income_w2,365000,2026-05-04 16:50:43,2026-05-10 16:50:43,2026,5,2,19
R0079,ojek_online,jatim,-3,income_w3,315000,2026-04-27 16:50:43,2026-05-03 16:50:43,2026,5,1,18
R0079,ojek_online,jatim,-4,income_w4,415000,2026-04-20 16:50:43,2026-04-26 16:50:43,2026,4,4,17
R0080,tutor,jatim,-1,income_w1,190000,2026-05-11 08:13:52,2026-05-17 08:13:52,2026,5,3,20
R0080,tutor,jatim,-2,income_w2,185000,2026-05-04 08:13:52,2026-05-10 08:13:52,2026,5,2,19
R0080,tutor,jatim,-3,income_w3,175000,2026-04-27 08:13:52,2026-05-03 08:13:52,2026,5,1,18
R0080,tutor,jatim,-4,income_w4,165000,2026-04-20 08:13:52,2026-04-26 08:13:52,2026,4,4,17
R0081,freelance_it,bandung,-1,income_w1,1260000,2026-05-11 08:27:09,2026-05-17 08:27:09,2026,5,3,20
R0081,freelance_it,bandung,-2,income_w2,1195000,2026-05-04 08:27:09,2026-05-10 08:27:09,2026,5,2,19
R0081,freelance_it,bandung,-3,income_w3,870000,2026-04-27 08:27:09,2026-05-03 08:27:09,2026,5,1,18
R0081,freelance_it,bandung,-4,income_w4,1075000,2026-04-20 08:27:09,2026-04-26 08:27:09,2026,4,4,17
R0082,pekerja_harian,jateng_yogya,-1,income_w1,285000,2026-05-11 10:09:45,2026-05-17 10:09:45,2026,5,3,20
R0082,pekerja_harian,jateng_yogya,-2,income_w2,300000,2026-05-04 10:09:45,2026-05-10 10:09:45,2026,5,2,19
R0082,pekerja_harian,jateng_yogya,-3,income_w3,285000,2026-04-27 10:09:45,2026-05-03 10:09:45,2026,5,1,18
R0082,pekerja_harian,jateng_yogya,-4,income_w4,380000,2026-04-20 10:09:45,2026-04-26 10:09:45,2026,4,4,17
R0083,freelance_it,jabodetabek,-1,income_w1,430000,2026-05-11 10:32:23,2026-05-17 10:32:23,2026,5,3,20
R0083,freelance_it,jabodetabek,-2,income_w2,610000,2026-05-04 10:32:23,2026-05-10 10:32:23,2026,5,2,19
R0083,freelance_it,jabodetabek,-3,income_w3,525000,2026-04-27 10:32:23,2026-05-03 10:32:23,2026,5,1,18
R0083,freelance_it,jabodetabek,-4,income_w4,570000,2026-04-20 10:32:23,2026-04-26 10:32:23,2026,4,4,17
R0084,tutor,bandung,-1,income_w1,230000,2026-05-11 10:59:58,2026-05-17 10:59:58,2026,5,3,20
R0084,tutor,bandung,-2,income_w2,170000,2026-05-04 10:59:58,2026-05-10 10:59:58,2026,5,2,19
R0084,tutor,bandung,-3,income_w3,0,2026-04-27 10:59:58,2026-05-03 10:59:58,2026,5,1,18
R0084,tutor,bandung,-4,income_w4,230000,2026-04-20 10:59:58,2026-04-26 10:59:58,2026,4,4,17
R0085,freelance_desain,jabodetabek,-1,income_w1,760000,2026-05-11 11:01:51,2026-05-17 11:01:51,2026,5,3,20
R0085,freelance_desain,jabodetabek,-2,income_w2,855000,2026-05-04 11:01:51,2026-05-10 11:01:51,2026,5,2,19
R0085,freelance_desain,jabodetabek,-3,income_w3,1060000,2026-04-27 11:01:51,2026-05-03 11:01:51,2026,5,1,18
R0085,freelance_desain,jabodetabek,-4,income_w4,1040000,2026-04-20 11:01:51,2026-04-26 11:01:51,2026,4,4,17
R0086,jualan_online,jabodetabek,-1,income_w1,0,2026-05-11 11:13:34,2026-05-17 11:13:34,2026,5,3,20
R0086,jualan_online,jabodetabek,-2,income_w2,210000,2026-05-04 11:13:34,2026-05-10 11:13:34,2026,5,2,19
R0086,jualan_online,jabodetabek,-3,income_w3,280000,2026-04-27 11:13:34,2026-05-03 11:13:34,2026,5,1,18
R0086,jualan_online,jabodetabek,-4,income_w4,230000,2026-04-20 11:13:34,2026-04-26 11:13:34,2026,4,4,17
R0087,pekerja_harian,jabodetabek,-1,income_w1,0,2026-05-11 11:18:07,2026-05-17 11:18:07,2026,5,3,20
R0087,pekerja_harian,jabodetabek,-2,income_w2,820000,2026-05-04 11:18:07,2026-05-10 11:18:07,2026,5,2,19
R0087,pekerja_harian,jabodetabek,-3,income_w3,635000,2026-04-27 11:18:07,2026-05-03 11:18:07,2026,5,1,18
R0087,pekerja_harian,jabodetabek,-4,income_w4,740000,2026-04-20 11:18:07,2026-04-26 11:18:07,2026,4,4,17
R0088,kurir,jabodetabek,-1,income_w1,275000,2026-05-11 11:28:44,2026-05-17 11:28:44,2026,5,3,20
R0088,kurir,jabodetabek,-2,income_w2,295000,2026-05-04 11:28:44,2026-05-10 11:28:44,2026,5,2,19
R0088,kurir,jabodetabek,-3,income_w3,195000,2026-04-27 11:28:44,2026-05-03 11:28:44,2026,5,1,18
R0088,kurir,jabodetabek,-4,income_w4,305000,2026-04-20 11:28:44,2026-04-26 11:28:44,2026,4,4,17
R0089,tutor,sulawesi,-1,income_w1,80000,2026-05-11 12:57:53,2026-05-17 12:57:53,2026,5,3,20
R0089,tutor,sulawesi,-2,income_w2,70000,2026-05-04 12:57:53,2026-05-10 12:57:53,2026,5,2,19
R0089,tutor,sulawesi,-3,income_w3,85000,2026-04-27 12:57:53,2026-05-03 12:57:53,2026,5,1,18
R0089,tutor,sulawesi,-4,income_w4,80000,2026-04-20 12:57:53,2026-04-26 12:57:53,2026,4,4,17
R0090,tutor,jateng_yogya,-1,income_w1,240000,2026-05-11 13:05:55,2026-05-17 13:05:55,2026,5,3,20
R0090,tutor,jateng_yogya,-2,income_w2,280000,2026-05-04 13:05:55,2026-05-10 13:05:55,2026,5,2,19
R0090,tutor,jateng_yogya,-3,income_w3,200000,2026-04-27 13:05:55,2026-05-03 13:05:55,2026,5,1,18
R0090,tutor,jateng_yogya,-4,income_w4,250000,2026-04-20 13:05:55,2026-04-26 13:05:55,2026,4,4,17
R0091,pekerja_harian,jabodetabek,-1,income_w1,790000,2026-05-11 13:24:52,2026-05-17 13:24:52,2026,5,3,20
R0091,pekerja_harian,jabodetabek,-2,income_w2,620000,2026-05-04 13:24:52,2026-05-10 13:24:52,2026,5,2,19
R0091,pekerja_harian,jabodetabek,-3,income_w3,480000,2026-04-27 13:24:52,2026-05-03 13:24:52,2026,5,1,18
R0091,pekerja_harian,jabodetabek,-4,income_w4,0,2026-04-20 13:24:52,2026-04-26 13:24:52,2026,4,4,17
R0092,jualan_online,bali_ntt,-1,income_w1,325000,2026-05-11 13:39:01,2026-05-17 13:39:01,2026,5,3,20
R0092,jualan_online,bali_ntt,-2,income_w2,530000,2026-05-04 13:39:01,2026-05-10 13:39:01,2026,5,2,19
R0092,jualan_online,bali_ntt,-3,income_w3,455000,2026-04-27 13:39:01,2026-05-03 13:39:01,2026,5,1,18
R0092,jualan_online,bali_ntt,-4,income_w4,455000,2026-04-20 13:39:01,2026-04-26 13:39:01,2026,4,4,17
R0093,kurir,jabodetabek,-1,income_w1,273000,2026-05-11 14:20:11,2026-05-17 14:20:11,2026,5,3,20
R0093,kurir,jabodetabek,-2,income_w2,305000,2026-05-04 14:20:11,2026-05-10 14:20:11,2026,5,2,19
R0093,kurir,jabodetabek,-3,income_w3,309000,2026-04-27 14:20:11,2026-05-03 14:20:11,2026,5,1,18
R0093,kurir,jabodetabek,-4,income_w4,379000,2026-04-20 14:20:11,2026-04-26 14:20:11,2026,4,4,17
R0094,freelance_it,jateng_yogya,-1,income_w1,0,2026-05-11 14:41:03,2026-05-17 14:41:03,2026,5,3,20
R0094,freelance_it,jateng_yogya,-2,income_w2,1375000,2026-05-04 14:41:03,2026-05-10 14:41:03,2026,5,2,19
R0094,freelance_it,jateng_yogya,-3,income_w3,1735000,2026-04-27 14:41:03,2026-05-03 14:41:03,2026,5,1,18
R0094,freelance_it,jateng_yogya,-4,income_w4,1580000,2026-04-20 14:41:03,2026-04-26 14:41:03,2026,4,4,17
R0095,tutor,jabodetabek,-1,income_w1,1025000,2026-05-11 17:10:39,2026-05-17 17:10:39,2026,5,3,20
R0095,tutor,jabodetabek,-2,income_w2,1275000,2026-05-04 17:10:39,2026-05-10 17:10:39,2026,5,2,19
R0095,tutor,jabodetabek,-3,income_w3,1110000,2026-04-27 17:10:39,2026-05-03 17:10:39,2026,5,1,18
R0095,tutor,jabodetabek,-4,income_w4,1175000,2026-04-20 17:10:39,2026-04-26 17:10:39,2026,4,4,17
R0096,ojek_online,jabodetabek,-1,income_w1,700000,2026-05-11 17:33:53,2026-05-17 17:33:53,2026,5,3,20
R0096,ojek_online,jabodetabek,-2,income_w2,645000,2026-05-04 17:33:53,2026-05-10 17:33:53,2026,5,2,19
R0096,ojek_online,jabodetabek,-3,income_w3,480000,2026-04-27 17:33:53,2026-05-03 17:33:53,2026,5,1,18
R0096,ojek_online,jabodetabek,-4,income_w4,575000,2026-04-20 17:33:53,2026-04-26 17:33:53,2026,4,4,17
R0097,pekerja_harian,sumatera,-1,income_w1,0,2026-05-11 20:22:54,2026-05-17 20:22:54,2026,5,3,20
R0097,pekerja_harian,sumatera,-2,income_w2,0,2026-05-04 20:22:54,2026-05-10 20:22:54,2026,5,2,19
R0097,pekerja_harian,sumatera,-3,income_w3,550000,2026-04-27 20:22:54,2026-05-03 20:22:54,2026,5,1,18
R0097,pekerja_harian,sumatera,-4,income_w4,515000,2026-04-20 20:22:54,2026-04-26 20:22:54,2026,4,4,17
R0098,freelance_desain,jabodetabek,-1,income_w1,205000,2026-05-11 23:12:35,2026-05-17 23:12:35,2026,5,3,20
R0098,freelance_desain,jabodetabek,-2,income_w2,225000,2026-05-04 23:12:35,2026-05-10 23:12:35,2026,5,2,19
R0098,freelance_desain,jabodetabek,-3,income_w3,210000,2026-04-27 23:12:35,2026-05-03 23:12:35,2026,5,1,18
R0098,freelance_desain,jabodetabek,-4,income_w4,155000,2026-04-20 23:12:35,2026-04-26 23:12:35,2026,4,4,17
R0099,kurir,jateng_yogya,-1,income_w1,340000,2026-05-11 23:18:56,2026-05-17 23:18:56,2026,5,3,20
R0099,kurir,jateng_yogya,-2,income_w2,495000,2026-05-04 23:18:56,2026-05-10 23:18:56,2026,5,2,19
R0099,kurir,jateng_yogya,-3,income_w3,495000,2026-04-27 23:18:56,2026-05-03 23:18:56,2026,5,1,18
R0099,kurir,jateng_yogya,-4,income_w4,355000,2026-04-20 23:18:56,2026-04-26 23:18:56,2026,4,4,17
R0100,tutor,jateng_yogya,-1,income_w1,175000,2026-05-12 08:27:38,2026-05-18 08:27:38,2026,5,3,21
R0100,tutor,jateng_yogya,-2,income_w2,175000,2026-05-05 08:27:38,2026-05-11 08:27:38,2026,5,2,20
R0100,tutor,jateng_yogya,-3,income_w3,175000,2026-04-28 08:27:38,2026-05-04 08:27:38,2026,5,1,19
R0100,tutor,jateng_yogya,-4,income_w4,125000,2026-04-21 08:27:38,2026-04-27 08:27:38,2026,4,4,18
R0101,freelance_desain,bandung,-1,income_w1,1335000,2026-05-12 16:04:24,2026-05-18 16:04:24,2026,5,3,21
R0101,freelance_desain,bandung,-2,income_w2,1490000,2026-05-05 16:04:24,2026-05-11 16:04:24,2026,5,2,20
R0101,freelance_desain,bandung,-3,income_w3,1110000,2026-04-28 16:04:24,2026-05-04 16:04:24,2026,5,1,19
R0101,freelance_desain,bandung,-4,income_w4,1240000,2026-04-21 16:04:24,2026-04-27 16:04:24,2026,4,4,18
R0102,freelance_desain,jatim,-1,income_w1,470000,2026-05-12 09:24:38,2026-05-18 09:24:38,2026,5,3,21
R0102,freelance_desain,jatim,-2,income_w2,390000,2026-05-05 09:24:38,2026-05-11 09:24:38,2026,5,2,20
R0102,freelance_desain,jatim,-3,income_w3,320000,2026-04-28 09:24:38,2026-05-04 09:24:38,2026,5,1,19
R0102,freelance_desain,jatim,-4,income_w4,350000,2026-04-21 09:24:38,2026-04-27 09:24:38,2026,4,4,18
R0103,tutor,sumatera,-1,income_w1,335000,2026-05-12 08:29:33,2026-05-18 08:29:33,2026,5,3,21
R0103,tutor,sumatera,-2,income_w2,0,2026-05-05 08:29:33,2026-05-11 08:29:33,2026,5,2,20
R0103,tutor,sumatera,-3,income_w3,395000,2026-04-28 08:29:33,2026-05-04 08:29:33,2026,5,1,19
R0103,tutor,sumatera,-4,income_w4,0,2026-04-21 08:29:33,2026-04-27 08:29:33,2026,4,4,18
R0104,freelance_it,jateng_yogya,-1,income_w1,0,2026-05-12 22:16:35,2026-05-18 22:16:35,2026,5,3,21
R0104,freelance_it,jateng_yogya,-2,income_w2,865000,2026-05-05 22:16:35,2026-05-11 22:16:35,2026,5,2,20
R0104,freelance_it,jateng_yogya,-3,income_w3,1000000,2026-04-28 22:16:35,2026-05-04 22:16:35,2026,5,1,19
R0104,freelance_it,jateng_yogya,-4,income_w4,810000,2026-04-21 22:16:35,2026-04-27 22:16:35,2026,4,4,18
R0105,pekerja_harian,bandung,-1,income_w1,505000,2026-05-12 23:55:00,2026-05-18 23:55:00,2026,5,3,21
R0105,pekerja_harian,bandung,-2,income_w2,415000,2026-05-05 23:55:00,2026-05-11 23:55:00,2026,5,2,20
R0105,pekerja_harian,bandung,-3,income_w3,475000,2026-04-28 23:55:00,2026-05-04 23:55:00,2026,5,1,19
R0105,pekerja_harian,bandung,-4,income_w4,0,2026-04-21 23:55:00,2026-04-27 23:55:00,2026,4,4,18
R0106,jualan_online,jabodetabek,-1,income_w1,950000,2026-05-12 07:41:26,2026-05-18 07:41:26,2026,5,3,21
R0106,jualan_online,jabodetabek,-2,income_w2,980000,2026-05-05 07:41:26,2026-05-11 07:41:26,2026,5,2,20
R0106,jualan_online,jabodetabek,-3,income_w3,685000,2026-04-28 07:41:26,2026-05-04 07:41:26,2026,5,1,19
R0106,jualan_online,jabodetabek,-4,income_w4,720000,2026-04-21 07:41:26,2026-04-27 07:41:26,2026,4,4,18
R0107,content_creator,jabodetabek,-1,income_w1,95000,2026-05-12 07:44:21,2026-05-18 07:44:21,2026,5,3,21
R0107,content_creator,jabodetabek,-2,income_w2,105000,2026-05-05 07:44:21,2026-05-11 07:44:21,2026,5,2,20
R0107,content_creator,jabodetabek,-3,income_w3,85000,2026-04-28 07:44:21,2026-05-04 07:44:21,2026,5,1,19
R0107,content_creator,jabodetabek,-4,income_w4,85000,2026-04-21 07:44:21,2026-04-27 07:44:21,2026,4,4,18
R0108,tutor,jateng_yogya,-1,income_w1,0,2026-05-12 08:17:19,2026-05-18 08:17:19,2026,5,3,21
R0108,tutor,jateng_yogya,-2,income_w2,115000,2026-05-05 08:17:19,2026-05-11 08:17:19,2026,5,2,20
R0108,tutor,jateng_yogya,-3,income_w3,85000,2026-04-28 08:17:19,2026-05-04 08:17:19,2026,5,1,19
R0108,tutor,jateng_yogya,-4,income_w4,105000,2026-04-21 08:17:19,2026-04-27 08:17:19,2026,4,4,18
R0109,freelance_it,jabodetabek,-1,income_w1,1400000,2026-05-12 08:27:46,2026-05-18 08:27:46,2026,5,3,21
R0109,freelance_it,jabodetabek,-2,income_w2,1335000,2026-05-05 08:27:46,2026-05-11 08:27:46,2026,5,2,20
R0109,freelance_it,jabodetabek,-3,income_w3,1365000,2026-04-28 08:27:46,2026-05-04 08:27:46,2026,5,1,19
R0109,freelance_it,jabodetabek,-4,income_w4,1375000,2026-04-21 08:27:46,2026-04-27 08:27:46,2026,4,4,18
R0110,freelance_desain,bandung,-1,income_w1,630000,2026-05-12 08:47:50,2026-05-18 08:47:50,2026,5,3,21
R0110,freelance_desain,bandung,-2,income_w2,475000,2026-05-05 08:47:50,2026-05-11 08:47:50,2026,5,2,20
R0110,freelance_desain,bandung,-3,income_w3,620000,2026-04-28 08:47:50,2026-05-04 08:47:50,2026,5,1,19
R0110,freelance_desain,bandung,-4,income_w4,620000,2026-04-21 08:47:50,2026-04-27 08:47:50,2026,4,4,18
R0111,freelance_it,jabar_lainnya,-1,income_w1,1215000,2026-05-12 09:07:27,2026-05-18 09:07:27,2026,5,3,21
R0111,freelance_it,jabar_lainnya,-2,income_w2,995000,2026-05-05 09:07:27,2026-05-11 09:07:27,2026,5,2,20
R0111,freelance_it,jabar_lainnya,-3,income_w3,970000,2026-04-28 09:07:27,2026-05-04 09:07:27,2026,5,1,19
R0111,freelance_it,jabar_lainnya,-4,income_w4,985000,2026-04-21 09:07:27,2026-04-27 09:07:27,2026,4,4,18
R0112,ojek_online,bandung,-1,income_w1,530000,2026-05-12 09:17:29,2026-05-18 09:17:29,2026,5,3,21
R0112,ojek_online,bandung,-2,income_w2,400000,2026-05-05 09:17:29,2026-05-11 09:17:29,2026,5,2,20
R0112,ojek_online,bandung,-3,income_w3,635000,2026-04-28 09:17:29,2026-05-04 09:17:29,2026,5,1,19
R0112,ojek_online,bandung,-4,income_w4,585000,2026-04-21 09:17:29,2026-04-27 09:17:29,2026,4,4,18
R0113,tutor,jatim,-1,income_w1,315000,2026-05-12 10:27:21,2026-05-18 10:27:21,2026,5,3,21
R0113,tutor,jatim,-2,income_w2,320000,2026-05-05 10:27:21,2026-05-11 10:27:21,2026,5,2,20
R0113,tutor,jatim,-3,income_w3,270000,2026-04-28 10:27:21,2026-05-04 10:27:21,2026,5,1,19
R0113,tutor,jatim,-4,income_w4,0,2026-04-21 10:27:21,2026-04-27 10:27:21,2026,4,4,18
R0114,tutor,bandung,-1,income_w1,0,2026-05-12 10:43:29,2026-05-18 10:43:29,2026,5,3,21
R0114,tutor,bandung,-2,income_w2,700000,2026-05-05 10:43:29,2026-05-11 10:43:29,2026,5,2,20
R0114,tutor,bandung,-3,income_w3,510000,2026-04-28 10:43:29,2026-05-04 10:43:29,2026,5,1,19
R0114,tutor,bandung,-4,income_w4,730000,2026-04-21 10:43:29,2026-04-27 10:43:29,2026,4,4,18
R0115,tutor,jabodetabek,-1,income_w1,280000,2026-05-12 11:19:46,2026-05-18 11:19:46,2026,5,3,21
R0115,tutor,jabodetabek,-2,income_w2,395000,2026-05-05 11:19:46,2026-05-11 11:19:46,2026,5,2,20
R0115,tutor,jabodetabek,-3,income_w3,315000,2026-04-28 11:19:46,2026-05-04 11:19:46,2026,5,1,19
R0115,tutor,jabodetabek,-4,income_w4,260000,2026-04-21 11:19:46,2026-04-27 11:19:46,2026,4,4,18
R0116,freelance_desain,jatim,-1,income_w1,1530000,2026-05-12 12:22:06,2026-05-18 12:22:06,2026,5,3,21
R0116,freelance_desain,jatim,-2,income_w2,1395000,2026-05-05 12:22:06,2026-05-11 12:22:06,2026,5,2,20
R0116,freelance_desain,jatim,-3,income_w3,1415000,2026-04-28 12:22:06,2026-05-04 12:22:06,2026,5,1,19
R0116,freelance_desain,jatim,-4,income_w4,1100000,2026-04-21 12:22:06,2026-04-27 12:22:06,2026,4,4,18
R0117,tutor,jabar_lainnya,-1,income_w1,165000,2026-05-12 12:28:44,2026-05-18 12:28:44,2026,5,3,21
R0117,tutor,jabar_lainnya,-2,income_w2,160000,2026-05-05 12:28:44,2026-05-11 12:28:44,2026,5,2,20
R0117,tutor,jabar_lainnya,-3,income_w3,0,2026-04-28 12:28:44,2026-05-04 12:28:44,2026,5,1,19
R0117,tutor,jabar_lainnya,-4,income_w4,215000,2026-04-21 12:28:44,2026-04-27 12:28:44,2026,4,4,18
R0118,jualan_online,jabodetabek,-1,income_w1,380000,2026-05-12 12:42:49,2026-05-18 12:42:49,2026,5,3,21
R0118,jualan_online,jabodetabek,-2,income_w2,385000,2026-05-05 12:42:49,2026-05-11 12:42:49,2026,5,2,20
R0118,jualan_online,jabodetabek,-3,income_w3,235000,2026-04-28 12:42:49,2026-05-04 12:42:49,2026,5,1,19
R0118,jualan_online,jabodetabek,-4,income_w4,280000,2026-04-21 12:42:49,2026-04-27 12:42:49,2026,4,4,18
R0119,tutor,jatim,-1,income_w1,390000,2026-05-12 12:44:22,2026-05-18 12:44:22,2026,5,3,21
R0119,tutor,jatim,-2,income_w2,395000,2026-05-05 12:44:22,2026-05-11 12:44:22,2026,5,2,20
R0119,tutor,jatim,-3,income_w3,365000,2026-04-28 12:44:22,2026-05-04 12:44:22,2026,5,1,19
R0119,tutor,jatim,-4,income_w4,380000,2026-04-21 12:44:22,2026-04-27 12:44:22,2026,4,4,18
R0120,jualan_online,jatim,-1,income_w1,555000,2026-05-12 12:48:43,2026-05-18 12:48:43,2026,5,3,21
R0120,jualan_online,jatim,-2,income_w2,660000,2026-05-05 12:48:43,2026-05-11 12:48:43,2026,5,2,20
R0120,jualan_online,jatim,-3,income_w3,545000,2026-04-28 12:48:43,2026-05-04 12:48:43,2026,5,1,19
R0120,jualan_online,jatim,-4,income_w4,825000,2026-04-21 12:48:43,2026-04-27 12:48:43,2026,4,4,18
R0121,jualan_online,bandung,-1,income_w1,225000,2026-05-12 12:50:20,2026-05-18 12:50:20,2026,5,3,21
R0121,jualan_online,bandung,-2,income_w2,0,2026-05-05 12:50:20,2026-05-11 12:50:20,2026,5,2,20
R0121,jualan_online,bandung,-3,income_w3,0,2026-04-28 12:50:20,2026-05-04 12:50:20,2026,5,1,19
R0121,jualan_online,bandung,-4,income_w4,210000,2026-04-21 12:50:20,2026-04-27 12:50:20,2026,4,4,18
R0122,freelance_desain,bandung,-1,income_w1,140000,2026-05-12 13:53:54,2026-05-18 13:53:54,2026,5,3,21
R0122,freelance_desain,bandung,-2,income_w2,185000,2026-05-05 13:53:54,2026-05-11 13:53:54,2026,5,2,20
R0122,freelance_desain,bandung,-3,income_w3,150000,2026-04-28 13:53:54,2026-05-04 13:53:54,2026,5,1,19
R0122,freelance_desain,bandung,-4,income_w4,165000,2026-04-21 13:53:54,2026-04-27 13:53:54,2026,4,4,18
R0123,ojek_online,sumatera,-1,income_w1,225000,2026-05-12 13:54:28,2026-05-18 13:54:28,2026,5,3,21
R0123,ojek_online,sumatera,-2,income_w2,145000,2026-05-05 13:54:28,2026-05-11 13:54:28,2026,5,2,20
R0123,ojek_online,sumatera,-3,income_w3,140000,2026-04-28 13:54:28,2026-05-04 13:54:28,2026,5,1,19
R0123,ojek_online,sumatera,-4,income_w4,200000,2026-04-21 13:54:28,2026-04-27 13:54:28,2026,4,4,18
R0124,freelance_it,bandung,-1,income_w1,210000,2026-05-12 14:02:07,2026-05-18 14:02:07,2026,5,3,21
R0124,freelance_it,bandung,-2,income_w2,260000,2026-05-05 14:02:07,2026-05-11 14:02:07,2026,5,2,20
R0124,freelance_it,bandung,-3,income_w3,210000,2026-04-28 14:02:07,2026-05-04 14:02:07,2026,5,1,19
R0124,freelance_it,bandung,-4,income_w4,255000,2026-04-21 14:02:07,2026-04-27 14:02:07,2026,4,4,18
R0125,content_creator,sumatera,-1,income_w1,590000,2026-05-12 14:03:54,2026-05-18 14:03:54,2026,5,3,21
R0125,content_creator,sumatera,-2,income_w2,500000,2026-05-05 14:03:54,2026-05-11 14:03:54,2026,5,2,20
R0125,content_creator,sumatera,-3,income_w3,570000,2026-04-28 14:03:54,2026-05-04 14:03:54,2026,5,1,19
R0125,content_creator,sumatera,-4,income_w4,615000,2026-04-21 14:03:54,2026-04-27 14:03:54,2026,4,4,18
R0126,tutor,sumatera,-1,income_w1,135000,2026-05-12 14:37:50,2026-05-18 14:37:50,2026,5,3,21
R0126,tutor,sumatera,-2,income_w2,115000,2026-05-05 14:37:50,2026-05-11 14:37:50,2026,5,2,20
R0126,tutor,sumatera,-3,income_w3,135000,2026-04-28 14:37:50,2026-05-04 14:37:50,2026,5,1,19
R0126,tutor,sumatera,-4,income_w4,135000,2026-04-21 14:37:50,2026-04-27 14:37:50,2026,4,4,18
R0127,freelance_it,kalimantan,-1,income_w1,415000,2026-05-12 14:58:38,2026-05-18 14:58:38,2026,5,3,21
R0127,freelance_it,kalimantan,-2,income_w2,455000,2026-05-05 14:58:38,2026-05-11 14:58:38,2026,5,2,20
R0127,freelance_it,kalimantan,-3,income_w3,465000,2026-04-28 14:58:38,2026-05-04 14:58:38,2026,5,1,19
R0127,freelance_it,kalimantan,-4,income_w4,510000,2026-04-21 14:58:38,2026-04-27 14:58:38,2026,4,4,18
R0128,jualan_online,jabodetabek,-1,income_w1,250000,2026-05-12 15:14:30,2026-05-18 15:14:30,2026,5,3,21
R0128,jualan_online,jabodetabek,-2,income_w2,325000,2026-05-05 15:14:30,2026-05-11 15:14:30,2026,5,2,20
R0128,jualan_online,jabodetabek,-3,income_w3,345000,2026-04-28 15:14:30,2026-05-04 15:14:30,2026,5,1,19
R0128,jualan_online,jabodetabek,-4,income_w4,290000,2026-04-21 15:14:30,2026-04-27 15:14:30,2026,4,4,18
R0129,jualan_online,jateng_yogya,-1,income_w1,240000,2026-05-12 15:53:43,2026-05-18 15:53:43,2026,5,3,21
R0129,jualan_online,jateng_yogya,-2,income_w2,250000,2026-05-05 15:53:43,2026-05-11 15:53:43,2026,5,2,20
R0129,jualan_online,jateng_yogya,-3,income_w3,230000,2026-04-28 15:53:43,2026-05-04 15:53:43,2026,5,1,19
R0129,jualan_online,jateng_yogya,-4,income_w4,200000,2026-04-21 15:53:43,2026-04-27 15:53:43,2026,4,4,18
R0130,pekerja_harian,bandung,-1,income_w1,235000,2026-05-12 16:10:59,2026-05-18 16:10:59,2026,5,3,21
R0130,pekerja_harian,bandung,-2,income_w2,215000,2026-05-05 16:10:59,2026-05-11 16:10:59,2026,5,2,20
R0130,pekerja_harian,bandung,-3,income_w3,240000,2026-04-28 16:10:59,2026-05-04 16:10:59,2026,5,1,19
R0130,pekerja_harian,bandung,-4,income_w4,180000,2026-04-21 16:10:59,2026-04-27 16:10:59,2026,4,4,18
R0131,tutor,jateng_yogya,-1,income_w1,315000,2026-05-12 16:34:57,2026-05-18 16:34:57,2026,5,3,21
R0131,tutor,jateng_yogya,-2,income_w2,270000,2026-05-05 16:34:57,2026-05-11 16:34:57,2026,5,2,20
R0131,tutor,jateng_yogya,-3,income_w3,205000,2026-04-28 16:34:57,2026-05-04 16:34:57,2026,5,1,19
R0131,tutor,jateng_yogya,-4,income_w4,265000,2026-04-21 16:34:57,2026-04-27 16:34:57,2026,4,4,18
R0132,pekerja_harian,jabodetabek,-1,income_w1,625000,2026-05-12 16:53:32,2026-05-18 16:53:32,2026,5,3,21
R0132,pekerja_harian,jabodetabek,-2,income_w2,620000,2026-05-05 16:53:32,2026-05-11 16:53:32,2026,5,2,20
R0132,pekerja_harian,jabodetabek,-3,income_w3,955000,2026-04-28 16:53:32,2026-05-04 16:53:32,2026,5,1,19
R0132,pekerja_harian,jabodetabek,-4,income_w4,595000,2026-04-21 16:53:32,2026-04-27 16:53:32,2026,4,4,18
R0133,jualan_online,jabodetabek,-1,income_w1,175000,2026-05-12 17:40:23,2026-05-18 17:40:23,2026,5,3,21
R0133,jualan_online,jabodetabek,-2,income_w2,280000,2026-05-05 17:40:23,2026-05-11 17:40:23,2026,5,2,20
R0133,jualan_online,jabodetabek,-3,income_w3,175000,2026-04-28 17:40:23,2026-05-04 17:40:23,2026,5,1,19
R0133,jualan_online,jabodetabek,-4,income_w4,205000,2026-04-21 17:40:23,2026-04-27 17:40:23,2026,4,4,18
R0134,jualan_online,sulawesi,-1,income_w1,260000,2026-05-12 17:47:12,2026-05-18 17:47:12,2026,5,3,21
R0134,jualan_online,sulawesi,-2,income_w2,235000,2026-05-05 17:47:12,2026-05-11 17:47:12,2026,5,2,20
R0134,jualan_online,sulawesi,-3,income_w3,265000,2026-04-28 17:47:12,2026-05-04 17:47:12,2026,5,1,19
R0134,jualan_online,sulawesi,-4,income_w4,270000,2026-04-21 17:47:12,2026-04-27 17:47:12,2026,4,4,18
R0135,kurir,jateng_yogya,-1,income_w1,404000,2026-05-12 19:04:01,2026-05-18 19:04:01,2026,5,3,21
R0135,kurir,jateng_yogya,-2,income_w2,256000,2026-05-05 19:04:01,2026-05-11 19:04:01,2026,5,2,20
R0135,kurir,jateng_yogya,-3,income_w3,393000,2026-04-28 19:04:01,2026-05-04 19:04:01,2026,5,1,19
R0135,kurir,jateng_yogya,-4,income_w4,300000,2026-04-21 19:04:01,2026-04-27 19:04:01,2026,4,4,18
R0136,freelance_it,sulawesi,-1,income_w1,390000,2026-05-12 19:35:48,2026-05-18 19:35:48,2026,5,3,21
R0136,freelance_it,sulawesi,-2,income_w2,510000,2026-05-05 19:35:48,2026-05-11 19:35:48,2026,5,2,20
R0136,freelance_it,sulawesi,-3,income_w3,395000,2026-04-28 19:35:48,2026-05-04 19:35:48,2026,5,1,19
R0136,freelance_it,sulawesi,-4,income_w4,560000,2026-04-21 19:35:48,2026-04-27 19:35:48,2026,4,4,18
R0137,freelance_it,kalimantan,-1,income_w1,0,2026-05-12 19:54:30,2026-05-18 19:54:30,2026,5,3,21
R0137,freelance_it,kalimantan,-2,income_w2,195000,2026-05-05 19:54:30,2026-05-11 19:54:30,2026,5,2,20
R0137,freelance_it,kalimantan,-3,income_w3,215000,2026-04-28 19:54:30,2026-05-04 19:54:30,2026,5,1,19
R0137,freelance_it,kalimantan,-4,income_w4,0,2026-04-21 19:54:30,2026-04-27 19:54:30,2026,4,4,18
R0138,pekerja_harian,bandung,-1,income_w1,445000,2026-05-12 20:52:27,2026-05-18 20:52:27,2026,5,3,21
R0138,pekerja_harian,bandung,-2,income_w2,375000,2026-05-05 20:52:27,2026-05-11 20:52:27,2026,5,2,20
R0138,pekerja_harian,bandung,-3,income_w3,380000,2026-04-28 20:52:27,2026-05-04 20:52:27,2026,5,1,19
R0138,pekerja_harian,bandung,-4,income_w4,410000,2026-04-21 20:52:27,2026-04-27 20:52:27,2026,4,4,18
R0139,pekerja_harian,bandung,-1,income_w1,920000,2026-05-12 21:49:18,2026-05-18 21:49:18,2026,5,3,21
R0139,pekerja_harian,bandung,-2,income_w2,750000,2026-05-05 21:49:18,2026-05-11 21:49:18,2026,5,2,20
R0139,pekerja_harian,bandung,-3,income_w3,1105000,2026-04-28 21:49:18,2026-05-04 21:49:18,2026,5,1,19
R0139,pekerja_harian,bandung,-4,income_w4,1065000,2026-04-21 21:49:18,2026-04-27 21:49:18,2026,4,4,18
R0140,freelance_it,jatim,-1,income_w1,1745000,2026-05-12 22:16:21,2026-05-18 22:16:21,2026,5,3,21
R0140,freelance_it,jatim,-2,income_w2,0,2026-05-05 22:16:21,2026-05-11 22:16:21,2026,5,2,20
R0140,freelance_it,jatim,-3,income_w3,1620000,2026-04-28 22:16:21,2026-05-04 22:16:21,2026,5,1,19
R0140,freelance_it,jatim,-4,income_w4,1350000,2026-04-21 22:16:21,2026-04-27 22:16:21,2026,4,4,18
R0141,pekerja_harian,sulawesi,-1,income_w1,145000,2026-05-12 23:06:42,2026-05-18 23:06:42,2026,5,3,21
R0141,pekerja_harian,sulawesi,-2,income_w2,0,2026-05-05 23:06:42,2026-05-11 23:06:42,2026,5,2,20
R0141,pekerja_harian,sulawesi,-3,income_w3,195000,2026-04-28 23:06:42,2026-05-04 23:06:42,2026,5,1,19
R0141,pekerja_harian,sulawesi,-4,income_w4,185000,2026-04-21 23:06:42,2026-04-27 23:06:42,2026,4,4,18
R0142,ojek_online,jateng_yogya,-1,income_w1,635000,2026-05-12 23:34:16,2026-05-18 23:34:16,2026,5,3,21
R0142,ojek_online,jateng_yogya,-2,income_w2,463000,2026-05-05 23:34:16,2026-05-11 23:34:16,2026,5,2,20
R0142,ojek_online,jateng_yogya,-3,income_w3,328000,2026-04-28 23:34:16,2026-05-04 23:34:16,2026,5,1,19
R0142,ojek_online,jateng_yogya,-4,income_w4,595000,2026-04-21 23:34:16,2026-04-27 23:34:16,2026,4,4,18
R0143,tutor,jateng_yogya,-1,income_w1,1035000,2026-05-12 23:53:54,2026-05-18 23:53:54,2026,5,3,21
R0143,tutor,jateng_yogya,-2,income_w2,825000,2026-05-05 23:53:54,2026-05-11 23:53:54,2026,5,2,20
R0143,tutor,jateng_yogya,-3,income_w3,835000,2026-04-28 23:53:54,2026-05-04 23:53:54,2026,5,1,19
R0143,tutor,jateng_yogya,-4,income_w4,1165000,2026-04-21 23:53:54,2026-04-27 23:53:54,2026,4,4,18
R0144,kurir,bandung,-1,income_w1,433000,2026-05-13 20:43:46,2026-05-19 20:43:46,2026,5,3,21
R0144,kurir,bandung,-2,income_w2,416000,2026-05-06 20:43:46,2026-05-12 20:43:46,2026,5,2,20
R0144,kurir,bandung,-3,income_w3,429000,2026-04-29 20:43:46,2026-05-05 20:43:46,2026,5,1,19
R0144,kurir,bandung,-4,income_w4,510000,2026-04-22 20:43:46,2026-04-28 20:43:46,2026,4,4,18
R0145,jualan_online,bandung,-1,income_w1,220000,2026-05-13 11:07:43,2026-05-19 11:07:43,2026,5,3,21
R0145,jualan_online,bandung,-2,income_w2,175000,2026-05-06 11:07:43,2026-05-12 11:07:43,2026,5,2,20
R0145,jualan_online,bandung,-3,income_w3,205000,2026-04-29 11:07:43,2026-05-05 11:07:43,2026,5,1,19
R0145,jualan_online,bandung,-4,income_w4,265000,2026-04-22 11:07:43,2026-04-28 11:07:43,2026,4,4,18
R0146,freelance_desain,sumatera,-1,income_w1,975000,2026-05-13 08:56:34,2026-05-19 08:56:34,2026,5,3,21
R0146,freelance_desain,sumatera,-2,income_w2,0,2026-05-06 08:56:34,2026-05-12 08:56:34,2026,5,2,20
R0146,freelance_desain,sumatera,-3,income_w3,1455000,2026-04-29 08:56:34,2026-05-05 08:56:34,2026,5,1,19
R0146,freelance_desain,sumatera,-4,income_w4,1185000,2026-04-22 08:56:34,2026-04-28 08:56:34,2026,4,4,18
R0147,jualan_online,bali_ntt,-1,income_w1,105000,2026-05-13 18:48:17,2026-05-19 18:48:17,2026,5,3,21
R0147,jualan_online,bali_ntt,-2,income_w2,95000,2026-05-06 18:48:17,2026-05-12 18:48:17,2026,5,2,20
R0147,jualan_online,bali_ntt,-3,income_w3,105000,2026-04-29 18:48:17,2026-05-05 18:48:17,2026,5,1,19
R0147,jualan_online,bali_ntt,-4,income_w4,70000,2026-04-22 18:48:17,2026-04-28 18:48:17,2026,4,4,18
R0148,kurir,kalimantan,-1,income_w1,389000,2026-05-13 13:49:41,2026-05-19 13:49:41,2026,5,3,21
R0148,kurir,kalimantan,-2,income_w2,357000,2026-05-06 13:49:41,2026-05-12 13:49:41,2026,5,2,20
R0148,kurir,kalimantan,-3,income_w3,306000,2026-04-29 13:49:41,2026-05-05 13:49:41,2026,5,1,19
R0148,kurir,kalimantan,-4,income_w4,0,2026-04-22 13:49:41,2026-04-28 13:49:41,2026,4,4,18
R0149,jualan_online,jabodetabek,-1,income_w1,120000,2026-05-13 09:21:07,2026-05-19 09:21:07,2026,5,3,21
R0149,jualan_online,jabodetabek,-2,income_w2,125000,2026-05-06 09:21:07,2026-05-12 09:21:07,2026,5,2,20
R0149,jualan_online,jabodetabek,-3,income_w3,115000,2026-04-29 09:21:07,2026-05-05 09:21:07,2026,5,1,19
R0149,jualan_online,jabodetabek,-4,income_w4,130000,2026-04-22 09:21:07,2026-04-28 09:21:07,2026,4,4,18
R0150,ojek_online,jabodetabek,-1,income_w1,650000,2026-05-13 14:18:27,2026-05-19 14:18:27,2026,5,3,21
R0150,ojek_online,jabodetabek,-2,income_w2,306000,2026-05-06 14:18:27,2026-05-12 14:18:27,2026,5,2,20
R0150,ojek_online,jabodetabek,-3,income_w3,489000,2026-04-29 14:18:27,2026-05-05 14:18:27,2026,5,1,19
R0150,ojek_online,jabodetabek,-4,income_w4,670000,2026-04-22 14:18:27,2026-04-28 14:18:27,2026,4,4,18
R0151,pekerja_harian,jabodetabek,-1,income_w1,710000,2026-05-13 07:10:29,2026-05-19 07:10:29,2026,5,3,21
R0151,pekerja_harian,jabodetabek,-2,income_w2,935000,2026-05-06 07:10:29,2026-05-12 07:10:29,2026,5,2,20
R0151,pekerja_harian,jabodetabek,-3,income_w3,920000,2026-04-29 07:10:29,2026-05-05 07:10:29,2026,5,1,19
R0151,pekerja_harian,jabodetabek,-4,income_w4,690000,2026-04-22 07:10:29,2026-04-28 07:10:29,2026,4,4,18
R0152,content_creator,jabodetabek,-1,income_w1,600000,2026-05-13 22:00:46,2026-05-19 22:00:46,2026,5,3,21
R0152,content_creator,jabodetabek,-2,income_w2,655000,2026-05-06 22:00:46,2026-05-12 22:00:46,2026,5,2,20
R0152,content_creator,jabodetabek,-3,income_w3,640000,2026-04-29 22:00:46,2026-05-05 22:00:46,2026,5,1,19
R0152,content_creator,jabodetabek,-4,income_w4,720000,2026-04-22 22:00:46,2026-04-28 22:00:46,2026,4,4,18
R0153,tutor,bandung,-1,income_w1,895000,2026-05-13 10:56:46,2026-05-19 10:56:46,2026,5,3,21
R0153,tutor,bandung,-2,income_w2,605000,2026-05-06 10:56:46,2026-05-12 10:56:46,2026,5,2,20
R0153,tutor,bandung,-3,income_w3,865000,2026-04-29 10:56:46,2026-05-05 10:56:46,2026,5,1,19
R0153,tutor,bandung,-4,income_w4,565000,2026-04-22 10:56:46,2026-04-28 10:56:46,2026,4,4,18
R0154,pekerja_harian,jabodetabek,-1,income_w1,885000,2026-05-13 17:16:32,2026-05-19 17:16:32,2026,5,3,21
R0154,pekerja_harian,jabodetabek,-2,income_w2,665000,2026-05-06 17:16:32,2026-05-12 17:16:32,2026,5,2,20
R0154,pekerja_harian,jabodetabek,-3,income_w3,620000,2026-04-29 17:16:32,2026-05-05 17:16:32,2026,5,1,19
R0154,pekerja_harian,jabodetabek,-4,income_w4,0,2026-04-22 17:16:32,2026-04-28 17:16:32,2026,4,4,18
R0155,jualan_online,sumatera,-1,income_w1,320000,2026-05-13 11:48:11,2026-05-19 11:48:11,2026,5,3,21
R0155,jualan_online,sumatera,-2,income_w2,345000,2026-05-06 11:48:11,2026-05-12 11:48:11,2026,5,2,20
R0155,jualan_online,sumatera,-3,income_w3,0,2026-04-29 11:48:11,2026-05-05 11:48:11,2026,5,1,19
R0155,jualan_online,sumatera,-4,income_w4,290000,2026-04-22 11:48:11,2026-04-28 11:48:11,2026,4,4,18
R0156,pekerja_harian,bandung,-1,income_w1,300000,2026-05-13 15:32:58,2026-05-19 15:32:58,2026,5,3,21
R0156,pekerja_harian,bandung,-2,income_w2,370000,2026-05-06 15:32:58,2026-05-12 15:32:58,2026,5,2,20
R0156,pekerja_harian,bandung,-3,income_w3,265000,2026-04-29 15:32:58,2026-05-05 15:32:58,2026,5,1,19
R0156,pekerja_harian,bandung,-4,income_w4,255000,2026-04-22 15:32:58,2026-04-28 15:32:58,2026,4,4,18
R0157,ojek_online,kalimantan,-1,income_w1,325000,2026-05-13 15:06:55,2026-05-19 15:06:55,2026,5,3,21
R0157,ojek_online,kalimantan,-2,income_w2,355000,2026-05-06 15:06:55,2026-05-12 15:06:55,2026,5,2,20
R0157,ojek_online,kalimantan,-3,income_w3,275000,2026-04-29 15:06:55,2026-05-05 15:06:55,2026,5,1,19
R0157,ojek_online,kalimantan,-4,income_w4,305000,2026-04-22 15:06:55,2026-04-28 15:06:55,2026,4,4,18
R0158,ojek_online,bandung,-1,income_w1,370000,2026-05-13 07:42:03,2026-05-19 07:42:03,2026,5,3,21
R0158,ojek_online,bandung,-2,income_w2,362000,2026-05-06 07:42:03,2026-05-12 07:42:03,2026,5,2,20
R0158,ojek_online,bandung,-3,income_w3,357000,2026-04-29 07:42:03,2026-05-05 07:42:03,2026,5,1,19
R0158,ojek_online,bandung,-4,income_w4,335000,2026-04-22 07:42:03,2026-04-28 07:42:03,2026,4,4,18
R0159,freelance_desain,jabodetabek,-1,income_w1,860000,2026-05-13 08:14:31,2026-05-19 08:14:31,2026,5,3,21
R0159,freelance_desain,jabodetabek,-2,income_w2,1210000,2026-05-06 08:14:31,2026-05-12 08:14:31,2026,5,2,20
R0159,freelance_desain,jabodetabek,-3,income_w3,935000,2026-04-29 08:14:31,2026-05-05 08:14:31,2026,5,1,19
R0159,freelance_desain,jabodetabek,-4,income_w4,0,2026-04-22 08:14:31,2026-04-28 08:14:31,2026,4,4,18
R0160,freelance_it,jabodetabek,-1,income_w1,935000,2026-05-13 08:20:44,2026-05-19 08:20:44,2026,5,3,21
R0160,freelance_it,jabodetabek,-2,income_w2,1005000,2026-05-06 08:20:44,2026-05-12 08:20:44,2026,5,2,20
R0160,freelance_it,jabodetabek,-3,income_w3,825000,2026-04-29 08:20:44,2026-05-05 08:20:44,2026,5,1,19
R0160,freelance_it,jabodetabek,-4,income_w4,1070000,2026-04-22 08:20:44,2026-04-28 08:20:44,2026,4,4,18
R0161,freelance_desain,bandung,-1,income_w1,1310000,2026-05-13 09:21:19,2026-05-19 09:21:19,2026,5,3,21
R0161,freelance_desain,bandung,-2,income_w2,1295000,2026-05-06 09:21:19,2026-05-12 09:21:19,2026,5,2,20
R0161,freelance_desain,bandung,-3,income_w3,915000,2026-04-29 09:21:19,2026-05-05 09:21:19,2026,5,1,19
R0161,freelance_desain,bandung,-4,income_w4,1380000,2026-04-22 09:21:19,2026-04-28 09:21:19,2026,4,4,18
R0162,kurir,sulawesi,-1,income_w1,364000,2026-05-13 09:53:39,2026-05-19 09:53:39,2026,5,3,21
R0162,kurir,sulawesi,-2,income_w2,400000,2026-05-06 09:53:39,2026-05-12 09:53:39,2026,5,2,20
R0162,kurir,sulawesi,-3,income_w3,321000,2026-04-29 09:53:39,2026-05-05 09:53:39,2026,5,1,19
R0162,kurir,sulawesi,-4,income_w4,457000,2026-04-22 09:53:39,2026-04-28 09:53:39,2026,4,4,18
R0163,content_creator,bandung,-1,income_w1,565000,2026-05-13 10:24:01,2026-05-19 10:24:01,2026,5,3,21
R0163,content_creator,bandung,-2,income_w2,600000,2026-05-06 10:24:01,2026-05-12 10:24:01,2026,5,2,20
R0163,content_creator,bandung,-3,income_w3,465000,2026-04-29 10:24:01,2026-05-05 10:24:01,2026,5,1,19
R0163,content_creator,bandung,-4,income_w4,450000,2026-04-22 10:24:01,2026-04-28 10:24:01,2026,4,4,18
R0164,pekerja_harian,bandung,-1,income_w1,300000,2026-05-13 11:03:17,2026-05-19 11:03:17,2026,5,3,21
R0164,pekerja_harian,bandung,-2,income_w2,290000,2026-05-06 11:03:17,2026-05-12 11:03:17,2026,5,2,20
R0164,pekerja_harian,bandung,-3,income_w3,285000,2026-04-29 11:03:17,2026-05-05 11:03:17,2026,5,1,19
R0164,pekerja_harian,bandung,-4,income_w4,260000,2026-04-22 11:03:17,2026-04-28 11:03:17,2026,4,4,18
R0165,freelance_desain,jabar_lainnya,-1,income_w1,100000,2026-05-13 12:15:39,2026-05-19 12:15:39,2026,5,3,21
R0165,freelance_desain,jabar_lainnya,-2,income_w2,130000,2026-05-06 12:15:39,2026-05-12 12:15:39,2026,5,2,20
R0165,freelance_desain,jabar_lainnya,-3,income_w3,105000,2026-04-29 12:15:39,2026-05-05 12:15:39,2026,5,1,19
R0165,freelance_desain,jabar_lainnya,-4,income_w4,140000,2026-04-22 12:15:39,2026-04-28 12:15:39,2026,4,4,18
R0166,freelance_desain,jabar_lainnya,-1,income_w1,810000,2026-05-13 14:39:42,2026-05-19 14:39:42,2026,5,3,21
R0166,freelance_desain,jabar_lainnya,-2,income_w2,1090000,2026-05-06 14:39:42,2026-05-12 14:39:42,2026,5,2,20
R0166,freelance_desain,jabar_lainnya,-3,income_w3,955000,2026-04-29 14:39:42,2026-05-05 14:39:42,2026,5,1,19
R0166,freelance_desain,jabar_lainnya,-4,income_w4,805000,2026-04-22 14:39:42,2026-04-28 14:39:42,2026,4,4,18
R0167,ojek_online,kalimantan,-1,income_w1,385000,2026-05-13 15:53:30,2026-05-19 15:53:30,2026,5,3,21
R0167,ojek_online,kalimantan,-2,income_w2,455000,2026-05-06 15:53:30,2026-05-12 15:53:30,2026,5,2,20
R0167,ojek_online,kalimantan,-3,income_w3,465000,2026-04-29 15:53:30,2026-05-05 15:53:30,2026,5,1,19
R0167,ojek_online,kalimantan,-4,income_w4,440000,2026-04-22 15:53:30,2026-04-28 15:53:30,2026,4,4,18
R0168,kurir,jateng_yogya,-1,income_w1,472000,2026-05-13 16:05:19,2026-05-19 16:05:19,2026,5,3,21
R0168,kurir,jateng_yogya,-2,income_w2,251000,2026-05-06 16:05:19,2026-05-12 16:05:19,2026,5,2,20
R0168,kurir,jateng_yogya,-3,income_w3,444000,2026-04-29 16:05:19,2026-05-05 16:05:19,2026,5,1,19
R0168,kurir,jateng_yogya,-4,income_w4,456000,2026-04-22 16:05:19,2026-04-28 16:05:19,2026,4,4,18
R0169,kurir,jabar_lainnya,-1,income_w1,290000,2026-05-13 16:27:12,2026-05-19 16:27:12,2026,5,3,21
R0169,kurir,jabar_lainnya,-2,income_w2,428000,2026-05-06 16:27:12,2026-05-12 16:27:12,2026,5,2,20
R0169,kurir,jabar_lainnya,-3,income_w3,358000,2026-04-29 16:27:12,2026-05-05 16:27:12,2026,5,1,19
R0169,kurir,jabar_lainnya,-4,income_w4,337000,2026-04-22 16:27:12,2026-04-28 16:27:12,2026,4,4,18
R0170,kurir,jabodetabek,-1,income_w1,321000,2026-05-13 17:02:43,2026-05-19 17:02:43,2026,5,3,21
R0170,kurir,jabodetabek,-2,income_w2,289000,2026-05-06 17:02:43,2026-05-12 17:02:43,2026,5,2,20
R0170,kurir,jabodetabek,-3,income_w3,305000,2026-04-29 17:02:43,2026-05-05 17:02:43,2026,5,1,19
R0170,kurir,jabodetabek,-4,income_w4,495000,2026-04-22 17:02:43,2026-04-28 17:02:43,2026,4,4,18
R0171,content_creator,jabodetabek,-1,income_w1,1040000,2026-05-13 17:18:57,2026-05-19 17:18:57,2026,5,3,21
R0171,content_creator,jabodetabek,-2,income_w2,1320000,2026-05-06 17:18:57,2026-05-12 17:18:57,2026,5,2,20
R0171,content_creator,jabodetabek,-3,income_w3,930000,2026-04-29 17:18:57,2026-05-05 17:18:57,2026,5,1,19
R0171,content_creator,jabodetabek,-4,income_w4,1500000,2026-04-22 17:18:57,2026-04-28 17:18:57,2026,4,4,18
R0172,jualan_online,sulawesi,-1,income_w1,435000,2026-05-13 17:46:13,2026-05-19 17:46:13,2026,5,3,21
R0172,jualan_online,sulawesi,-2,income_w2,330000,2026-05-06 17:46:13,2026-05-12 17:46:13,2026,5,2,20
R0172,jualan_online,sulawesi,-3,income_w3,335000,2026-04-29 17:46:13,2026-05-05 17:46:13,2026,5,1,19
R0172,jualan_online,sulawesi,-4,income_w4,335000,2026-04-22 17:46:13,2026-04-28 17:46:13,2026,4,4,18
R0173,pekerja_harian,bandung,-1,income_w1,235000,2026-05-13 17:54:47,2026-05-19 17:54:47,2026,5,3,21
R0173,pekerja_harian,bandung,-2,income_w2,265000,2026-05-06 17:54:47,2026-05-12 17:54:47,2026,5,2,20
R0173,pekerja_harian,bandung,-3,income_w3,245000,2026-04-29 17:54:47,2026-05-05 17:54:47,2026,5,1,19
R0173,pekerja_harian,bandung,-4,income_w4,250000,2026-04-22 17:54:47,2026-04-28 17:54:47,2026,4,4,18
R0174,freelance_desain,jabodetabek,-1,income_w1,200000,2026-05-13 19:22:06,2026-05-19 19:22:06,2026,5,3,21
R0174,freelance_desain,jabodetabek,-2,income_w2,220000,2026-05-06 19:22:06,2026-05-12 19:22:06,2026,5,2,20
R0174,freelance_desain,jabodetabek,-3,income_w3,215000,2026-04-29 19:22:06,2026-05-05 19:22:06,2026,5,1,19
R0174,freelance_desain,jabodetabek,-4,income_w4,160000,2026-04-22 19:22:06,2026-04-28 19:22:06,2026,4,4,18
R0175,pekerja_harian,bandung,-1,income_w1,410000,2026-05-13 19:37:04,2026-05-19 19:37:04,2026,5,3,21
R0175,pekerja_harian,bandung,-2,income_w2,390000,2026-05-06 19:37:04,2026-05-12 19:37:04,2026,5,2,20
R0175,pekerja_harian,bandung,-3,income_w3,0,2026-04-29 19:37:04,2026-05-05 19:37:04,2026,5,1,19
R0175,pekerja_harian,bandung,-4,income_w4,345000,2026-04-22 19:37:04,2026-04-28 19:37:04,2026,4,4,18
R0176,content_creator,jabar_lainnya,-1,income_w1,345000,2026-05-13 20:24:55,2026-05-19 20:24:55,2026,5,3,21
R0176,content_creator,jabar_lainnya,-2,income_w2,465000,2026-05-06 20:24:55,2026-05-12 20:24:55,2026,5,2,20
R0176,content_creator,jabar_lainnya,-3,income_w3,490000,2026-04-29 20:24:55,2026-05-05 20:24:55,2026,5,1,19
R0176,content_creator,jabar_lainnya,-4,income_w4,370000,2026-04-22 20:24:55,2026-04-28 20:24:55,2026,4,4,18
R0177,tutor,jabodetabek,-1,income_w1,550000,2026-05-13 20:42:04,2026-05-19 20:42:04,2026,5,3,21
R0177,tutor,jabodetabek,-2,income_w2,460000,2026-05-06 20:42:04,2026-05-12 20:42:04,2026,5,2,20
R0177,tutor,jabodetabek,-3,income_w3,590000,2026-04-29 20:42:04,2026-05-05 20:42:04,2026,5,1,19
R0177,tutor,jabodetabek,-4,income_w4,505000,2026-04-22 20:42:04,2026-04-28 20:42:04,2026,4,4,18
R0178,tutor,jabar_lainnya,-1,income_w1,185000,2026-05-13 21:10:43,2026-05-19 21:10:43,2026,5,3,21
R0178,tutor,jabar_lainnya,-2,income_w2,240000,2026-05-06 21:10:43,2026-05-12 21:10:43,2026,5,2,20
R0178,tutor,jabar_lainnya,-3,income_w3,255000,2026-04-29 21:10:43,2026-05-05 21:10:43,2026,5,1,19
R0178,tutor,jabar_lainnya,-4,income_w4,0,2026-04-22 21:10:43,2026-04-28 21:10:43,2026,4,4,18
R0179,tutor,jabar_lainnya,-1,income_w1,355000,2026-05-13 23:05:28,2026-05-19 23:05:28,2026,5,3,21
R0179,tutor,jabar_lainnya,-2,income_w2,410000,2026-05-06 23:05:28,2026-05-12 23:05:28,2026,5,2,20
R0179,tutor,jabar_lainnya,-3,income_w3,410000,2026-04-29 23:05:28,2026-05-05 23:05:28,2026,5,1,19
R0179,tutor,jabar_lainnya,-4,income_w4,320000,2026-04-22 23:05:28,2026-04-28 23:05:28,2026,4,4,18
R0180,pekerja_harian,bandung,-1,income_w1,185000,2026-05-13 23:15:50,2026-05-19 23:15:50,2026,5,3,21
R0180,pekerja_harian,bandung,-2,income_w2,240000,2026-05-06 23:15:50,2026-05-12 23:15:50,2026,5,2,20
R0180,pekerja_harian,bandung,-3,income_w3,215000,2026-04-29 23:15:50,2026-05-05 23:15:50,2026,5,1,19
R0180,pekerja_harian,bandung,-4,income_w4,230000,2026-04-22 23:15:50,2026-04-28 23:15:50,2026,4,4,18
R0181,jualan_online,bandung,-1,income_w1,100000,2026-05-13 23:58:59,2026-05-19 23:58:59,2026,5,3,21
R0181,jualan_online,bandung,-2,income_w2,125000,2026-05-06 23:58:59,2026-05-12 23:58:59,2026,5,2,20
R0181,jualan_online,bandung,-3,income_w3,135000,2026-04-29 23:58:59,2026-05-05 23:58:59,2026,5,1,19
R0181,jualan_online,bandung,-4,income_w4,115000,2026-04-22 23:58:59,2026-04-28 23:58:59,2026,4,4,18
R0182,tutor,sumatera,-1,income_w1,450000,2026-05-14 09:40:19,2026-05-20 09:40:19,2026,5,3,21
R0182,tutor,sumatera,-2,income_w2,425000,2026-05-07 09:40:19,2026-05-13 09:40:19,2026,5,2,20
R0182,tutor,sumatera,-3,income_w3,355000,2026-04-30 09:40:19,2026-05-06 09:40:19,2026,5,1,19
R0182,tutor,sumatera,-4,income_w4,345000,2026-04-23 09:40:19,2026-04-29 09:40:19,2026,4,5,18
R0183,content_creator,bandung,-1,income_w1,535000,2026-05-14 23:53:40,2026-05-20 23:53:40,2026,5,3,21
R0183,content_creator,bandung,-2,income_w2,735000,2026-05-07 23:53:40,2026-05-13 23:53:40,2026,5,2,20
R0183,content_creator,bandung,-3,income_w3,730000,2026-04-30 23:53:40,2026-05-06 23:53:40,2026,5,1,19
R0183,content_creator,bandung,-4,income_w4,620000,2026-04-23 23:53:40,2026-04-29 23:53:40,2026,4,5,18
R0184,pekerja_harian,jatim,-1,income_w1,475000,2026-05-14 20:32:38,2026-05-20 20:32:38,2026,5,3,21
R0184,pekerja_harian,jatim,-2,income_w2,390000,2026-05-07 20:32:38,2026-05-13 20:32:38,2026,5,2,20
R0184,pekerja_harian,jatim,-3,income_w3,460000,2026-04-30 20:32:38,2026-05-06 20:32:38,2026,5,1,19
R0184,pekerja_harian,jatim,-4,income_w4,485000,2026-04-23 20:32:38,2026-04-29 20:32:38,2026,4,5,18
R0185,jualan_online,jateng_yogya,-1,income_w1,0,2026-05-14 22:12:09,2026-05-20 22:12:09,2026,5,3,21
R0185,jualan_online,jateng_yogya,-2,income_w2,500000,2026-05-07 22:12:09,2026-05-13 22:12:09,2026,5,2,20
R0185,jualan_online,jateng_yogya,-3,income_w3,530000,2026-04-30 22:12:09,2026-05-06 22:12:09,2026,5,1,19
R0185,jualan_online,jateng_yogya,-4,income_w4,495000,2026-04-23 22:12:09,2026-04-29 22:12:09,2026,4,5,18
R0186,ojek_online,sumatera,-1,income_w1,335000,2026-05-14 21:23:48,2026-05-20 21:23:48,2026,5,3,21
R0186,ojek_online,sumatera,-2,income_w2,365000,2026-05-07 21:23:48,2026-05-13 21:23:48,2026,5,2,20
R0186,ojek_online,sumatera,-3,income_w3,280000,2026-04-30 21:23:48,2026-05-06 21:23:48,2026,5,1,19
R0186,ojek_online,sumatera,-4,income_w4,285000,2026-04-23 21:23:48,2026-04-29 21:23:48,2026,4,5,18
R0187,freelance_it,sulawesi,-1,income_w1,480000,2026-05-14 16:10:34,2026-05-20 16:10:34,2026,5,3,21
R0187,freelance_it,sulawesi,-2,income_w2,430000,2026-05-07 16:10:34,2026-05-13 16:10:34,2026,5,2,20
R0187,freelance_it,sulawesi,-3,income_w3,405000,2026-04-30 16:10:34,2026-05-06 16:10:34,2026,5,1,19
R0187,freelance_it,sulawesi,-4,income_w4,365000,2026-04-23 16:10:34,2026-04-29 16:10:34,2026,4,5,18
R0188,content_creator,jabodetabek,-1,income_w1,210000,2026-05-14 22:49:59,2026-05-20 22:49:59,2026,5,3,21
R0188,content_creator,jabodetabek,-2,income_w2,315000,2026-05-07 22:49:59,2026-05-13 22:49:59,2026,5,2,20
R0188,content_creator,jabodetabek,-3,income_w3,290000,2026-04-30 22:49:59,2026-05-06 22:49:59,2026,5,1,19
R0188,content_creator,jabodetabek,-4,income_w4,300000,2026-04-23 22:49:59,2026-04-29 22:49:59,2026,4,5,18
R0189,pekerja_harian,jabodetabek,-1,income_w1,725000,2026-05-14 07:06:32,2026-05-20 07:06:32,2026,5,3,21
R0189,pekerja_harian,jabodetabek,-2,income_w2,795000,2026-05-07 07:06:32,2026-05-13 07:06:32,2026,5,2,20
R0189,pekerja_harian,jabodetabek,-3,income_w3,660000,2026-04-30 07:06:32,2026-05-06 07:06:32,2026,5,1,19
R0189,pekerja_harian,jabodetabek,-4,income_w4,770000,2026-04-23 07:06:32,2026-04-29 07:06:32,2026,4,5,18
R0190,ojek_online,bali_ntt,-1,income_w1,465000,2026-05-14 07:16:16,2026-05-20 07:16:16,2026,5,3,21
R0190,ojek_online,bali_ntt,-2,income_w2,510000,2026-05-07 07:16:16,2026-05-13 07:16:16,2026,5,2,20
R0190,ojek_online,bali_ntt,-3,income_w3,485000,2026-04-30 07:16:16,2026-05-06 07:16:16,2026,5,1,19
R0190,ojek_online,bali_ntt,-4,income_w4,470000,2026-04-23 07:16:16,2026-04-29 07:16:16,2026,4,5,18
R0191,freelance_desain,jabodetabek,-1,income_w1,430000,2026-05-14 08:21:34,2026-05-20 08:21:34,2026,5,3,21
R0191,freelance_desain,jabodetabek,-2,income_w2,440000,2026-05-07 08:21:34,2026-05-13 08:21:34,2026,5,2,20
R0191,freelance_desain,jabodetabek,-3,income_w3,475000,2026-04-30 08:21:34,2026-05-06 08:21:34,2026,5,1,19
R0191,freelance_desain,jabodetabek,-4,income_w4,520000,2026-04-23 08:21:34,2026-04-29 08:21:34,2026,4,5,18
R0192,freelance_it,bandung,-1,income_w1,1285000,2026-05-14 09:04:16,2026-05-20 09:04:16,2026,5,3,21
R0192,freelance_it,bandung,-2,income_w2,1325000,2026-05-07 09:04:16,2026-05-13 09:04:16,2026,5,2,20
R0192,freelance_it,bandung,-3,income_w3,1205000,2026-04-30 09:04:16,2026-05-06 09:04:16,2026,5,1,19
R0192,freelance_it,bandung,-4,income_w4,1920000,2026-04-23 09:04:16,2026-04-29 09:04:16,2026,4,5,18
R0193,pekerja_harian,bandung,-1,income_w1,330000,2026-05-14 09:08:35,2026-05-20 09:08:35,2026,5,3,21
R0193,pekerja_harian,bandung,-2,income_w2,310000,2026-05-07 09:08:35,2026-05-13 09:08:35,2026,5,2,20
R0193,pekerja_harian,bandung,-3,income_w3,290000,2026-04-30 09:08:35,2026-05-06 09:08:35,2026,5,1,19
R0193,pekerja_harian,bandung,-4,income_w4,280000,2026-04-23 09:08:35,2026-04-29 09:08:35,2026,4,5,18
R0194,kurir,jabar_lainnya,-1,income_w1,445000,2026-05-14 11:14:05,2026-05-20 11:14:05,2026,5,3,21
R0194,kurir,jabar_lainnya,-2,income_w2,336000,2026-05-07 11:14:05,2026-05-13 11:14:05,2026,5,2,20
R0194,kurir,jabar_lainnya,-3,income_w3,276000,2026-04-30 11:14:05,2026-05-06 11:14:05,2026,5,1,19
R0194,kurir,jabar_lainnya,-4,income_w4,273000,2026-04-23 11:14:05,2026-04-29 11:14:05,2026,4,5,18
R0195,freelance_desain,jateng_yogya,-1,income_w1,1105000,2026-05-14 12:09:23,2026-05-20 12:09:23,2026,5,3,21
R0195,freelance_desain,jateng_yogya,-2,income_w2,805000,2026-05-07 12:09:23,2026-05-13 12:09:23,2026,5,2,20
R0195,freelance_desain,jateng_yogya,-3,income_w3,785000,2026-04-30 12:09:23,2026-05-06 12:09:23,2026,5,1,19
R0195,freelance_desain,jateng_yogya,-4,income_w4,1145000,2026-04-23 12:09:23,2026-04-29 12:09:23,2026,4,5,18
R0196,pekerja_harian,bandung,-1,income_w1,825000,2026-05-14 13:29:07,2026-05-20 13:29:07,2026,5,3,21
R0196,pekerja_harian,bandung,-2,income_w2,1035000,2026-05-07 13:29:07,2026-05-13 13:29:07,2026,5,2,20
R0196,pekerja_harian,bandung,-3,income_w3,935000,2026-04-30 13:29:07,2026-05-06 13:29:07,2026,5,1,19
R0196,pekerja_harian,bandung,-4,income_w4,0,2026-04-23 13:29:07,2026-04-29 13:29:07,2026,4,5,18
R0197,freelance_desain,jabodetabek,-1,income_w1,685000,2026-05-14 14:16:28,2026-05-20 14:16:28,2026,5,3,21
R0197,freelance_desain,jabodetabek,-2,income_w2,555000,2026-05-07 14:16:28,2026-05-13 14:16:28,2026,5,2,20
R0197,freelance_desain,jabodetabek,-3,income_w3,605000,2026-04-30 14:16:28,2026-05-06 14:16:28,2026,5,1,19
R0197,freelance_desain,jabodetabek,-4,income_w4,610000,2026-04-23 14:16:28,2026-04-29 14:16:28,2026,4,5,18
R0198,pekerja_harian,jabar_lainnya,-1,income_w1,555000,2026-05-14 14:19:10,2026-05-20 14:19:10,2026,5,3,21
R0198,pekerja_harian,jabar_lainnya,-2,income_w2,410000,2026-05-07 14:19:10,2026-05-13 14:19:10,2026,5,2,20
R0198,pekerja_harian,jabar_lainnya,-3,income_w3,500000,2026-04-30 14:19:10,2026-05-06 14:19:10,2026,5,1,19
R0198,pekerja_harian,jabar_lainnya,-4,income_w4,410000,2026-04-23 14:19:10,2026-04-29 14:19:10,2026,4,5,18
R0199,freelance_it,jabodetabek,-1,income_w1,1225000,2026-05-14 15:04:48,2026-05-20 15:04:48,2026,5,3,21
R0199,freelance_it,jabodetabek,-2,income_w2,1320000,2026-05-07 15:04:48,2026-05-13 15:04:48,2026,5,2,20
R0199,freelance_it,jabodetabek,-3,income_w3,1465000,2026-04-30 15:04:48,2026-05-06 15:04:48,2026,5,1,19
R0199,freelance_it,jabodetabek,-4,income_w4,1375000,2026-04-23 15:04:48,2026-04-29 15:04:48,2026,4,5,18
R0200,pekerja_harian,bandung,-1,income_w1,260000,2026-05-14 15:49:43,2026-05-20 15:49:43,2026,5,3,21
R0200,pekerja_harian,bandung,-2,income_w2,280000,2026-05-07 15:49:43,2026-05-13 15:49:43,2026,5,2,20
R0200,pekerja_harian,bandung,-3,income_w3,315000,2026-04-30 15:49:43,2026-05-06 15:49:43,2026,5,1,19
R0200,pekerja_harian,bandung,-4,income_w4,290000,2026-04-23 15:49:43,2026-04-29 15:49:43,2026,4,5,18
R0201,jualan_online,jabar_lainnya,-1,income_w1,1110000,2026-05-14 16:54:01,2026-05-20 16:54:01,2026,5,3,21
R0201,jualan_online,jabar_lainnya,-2,income_w2,940000,2026-05-07 16:54:01,2026-05-13 16:54:01,2026,5,2,20
R0201,jualan_online,jabar_lainnya,-3,income_w3,875000,2026-04-30 16:54:01,2026-05-06 16:54:01,2026,5,1,19
R0201,jualan_online,jabar_lainnya,-4,income_w4,915000,2026-04-23 16:54:01,2026-04-29 16:54:01,2026,4,5,18
R0202,tutor,bali_ntt,-1,income_w1,485000,2026-05-14 17:03:23,2026-05-20 17:03:23,2026,5,3,21
R0202,tutor,bali_ntt,-2,income_w2,485000,2026-05-07 17:03:23,2026-05-13 17:03:23,2026,5,2,20
R0202,tutor,bali_ntt,-3,income_w3,415000,2026-04-30 17:03:23,2026-05-06 17:03:23,2026,5,1,19
R0202,tutor,bali_ntt,-4,income_w4,525000,2026-04-23 17:03:23,2026-04-29 17:03:23,2026,4,5,18
R0203,tutor,jabodetabek,-1,income_w1,220000,2026-05-14 17:29:48,2026-05-20 17:29:48,2026,5,3,21
R0203,tutor,jabodetabek,-2,income_w2,340000,2026-05-07 17:29:48,2026-05-13 17:29:48,2026,5,2,20
R0203,tutor,jabodetabek,-3,income_w3,325000,2026-04-30 17:29:48,2026-05-06 17:29:48,2026,5,1,19
R0203,tutor,jabodetabek,-4,income_w4,330000,2026-04-23 17:29:48,2026-04-29 17:29:48,2026,4,5,18
R0204,jualan_online,sumatera,-1,income_w1,220000,2026-05-14 17:43:13,2026-05-20 17:43:13,2026,5,3,21
R0204,jualan_online,sumatera,-2,income_w2,190000,2026-05-07 17:43:13,2026-05-13 17:43:13,2026,5,2,20
R0204,jualan_online,sumatera,-3,income_w3,305000,2026-04-30 17:43:13,2026-05-06 17:43:13,2026,5,1,19
R0204,jualan_online,sumatera,-4,income_w4,0,2026-04-23 17:43:13,2026-04-29 17:43:13,2026,4,5,18
R0205,freelance_it,jabodetabek,-1,income_w1,1955000,2026-05-14 17:46:02,2026-05-20 17:46:02,2026,5,3,21
R0205,freelance_it,jabodetabek,-2,income_w2,2245000,2026-05-07 17:46:02,2026-05-13 17:46:02,2026,5,2,20
R0205,freelance_it,jabodetabek,-3,income_w3,2375000,2026-04-30 17:46:02,2026-05-06 17:46:02,2026,5,1,19
R0205,freelance_it,jabodetabek,-4,income_w4,2510000,2026-04-23 17:46:02,2026-04-29 17:46:02,2026,4,5,18
R0206,pekerja_harian,bali_ntt,-1,income_w1,190000,2026-05-14 18:18:40,2026-05-20 18:18:40,2026,5,3,21
R0206,pekerja_harian,bali_ntt,-2,income_w2,0,2026-05-07 18:18:40,2026-05-13 18:18:40,2026,5,2,20
R0206,pekerja_harian,bali_ntt,-3,income_w3,300000,2026-04-30 18:18:40,2026-05-06 18:18:40,2026,5,1,19
R0206,pekerja_harian,bali_ntt,-4,income_w4,220000,2026-04-23 18:18:40,2026-04-29 18:18:40,2026,4,5,18
R0207,tutor,sulawesi,-1,income_w1,430000,2026-05-14 19:06:32,2026-05-20 19:06:32,2026,5,3,21
R0207,tutor,sulawesi,-2,income_w2,535000,2026-05-07 19:06:32,2026-05-13 19:06:32,2026,5,2,20
R0207,tutor,sulawesi,-3,income_w3,460000,2026-04-30 19:06:32,2026-05-06 19:06:32,2026,5,1,19
R0207,tutor,sulawesi,-4,income_w4,580000,2026-04-23 19:06:32,2026-04-29 19:06:32,2026,4,5,18
R0208,pekerja_harian,jabodetabek,-1,income_w1,195000,2026-05-14 20:08:07,2026-05-20 20:08:07,2026,5,3,21
R0208,pekerja_harian,jabodetabek,-2,income_w2,190000,2026-05-07 20:08:07,2026-05-13 20:08:07,2026,5,2,20
R0208,pekerja_harian,jabodetabek,-3,income_w3,265000,2026-04-30 20:08:07,2026-05-06 20:08:07,2026,5,1,19
R0208,pekerja_harian,jabodetabek,-4,income_w4,0,2026-04-23 20:08:07,2026-04-29 20:08:07,2026,4,5,18
R0209,ojek_online,bandung,-1,income_w1,225000,2026-05-14 22:13:47,2026-05-20 22:13:47,2026,5,3,21
R0209,ojek_online,bandung,-2,income_w2,160000,2026-05-07 22:13:47,2026-05-13 22:13:47,2026,5,2,20
R0209,ojek_online,bandung,-3,income_w3,185000,2026-04-30 22:13:47,2026-05-06 22:13:47,2026,5,1,19
R0209,ojek_online,bandung,-4,income_w4,185000,2026-04-23 22:13:47,2026-04-29 22:13:47,2026,4,5,18
R0210,ojek_online,jabodetabek,-1,income_w1,470000,2026-05-14 23:09:06,2026-05-20 23:09:06,2026,5,3,21
R0210,ojek_online,jabodetabek,-2,income_w2,340000,2026-05-07 23:09:06,2026-05-13 23:09:06,2026,5,2,20
R0210,ojek_online,jabodetabek,-3,income_w3,430000,2026-04-30 23:09:06,2026-05-06 23:09:06,2026,5,1,19
R0210,ojek_online,jabodetabek,-4,income_w4,465000,2026-04-23 23:09:06,2026-04-29 23:09:06,2026,4,5,18
R0211,pekerja_harian,bandung,-1,income_w1,510000,2026-05-14 23:58:26,2026-05-20 23:58:26,2026,5,3,21
R0211,pekerja_harian,bandung,-2,income_w2,520000,2026-05-07 23:58:26,2026-05-13 23:58:26,2026,5,2,20
R0211,pekerja_harian,bandung,-3,income_w3,545000,2026-04-30 23:58:26,2026-05-06 23:58:26,2026,5,1,19
R0211,pekerja_harian,bandung,-4,income_w4,520000,2026-04-23 23:58:26,2026-04-29 23:58:26,2026,4,5,18
R0212,ojek_online,bandung,-1,income_w1,495000,2026-05-15 08:33:58,2026-05-21 08:33:58,2026,5,3,21
R0212,ojek_online,bandung,-2,income_w2,385000,2026-05-08 08:33:58,2026-05-14 08:33:58,2026,5,2,20
R0212,ojek_online,bandung,-3,income_w3,455000,2026-05-01 08:33:58,2026-05-07 08:33:58,2026,5,1,19
R0212,ojek_online,bandung,-4,income_w4,590000,2026-04-24 08:33:58,2026-04-30 08:33:58,2026,4,5,18
R0213,jualan_online,jateng_yogya,-1,income_w1,570000,2026-05-15 10:00:38,2026-05-21 10:00:38,2026,5,3,21
R0213,jualan_online,jateng_yogya,-2,income_w2,500000,2026-05-08 10:00:38,2026-05-14 10:00:38,2026,5,2,20
R0213,jualan_online,jateng_yogya,-3,income_w3,615000,2026-05-01 10:00:38,2026-05-07 10:00:38,2026,5,1,19
R0213,jualan_online,jateng_yogya,-4,income_w4,455000,2026-04-24 10:00:38,2026-04-30 10:00:38,2026,4,5,18
R0214,tutor,jabodetabek,-1,income_w1,450000,2026-05-15 08:20:31,2026-05-21 08:20:31,2026,5,3,21
R0214,tutor,jabodetabek,-2,income_w2,580000,2026-05-08 08:20:31,2026-05-14 08:20:31,2026,5,2,20
R0214,tutor,jabodetabek,-3,income_w3,580000,2026-05-01 08:20:31,2026-05-07 08:20:31,2026,5,1,19
R0214,tutor,jabodetabek,-4,income_w4,400000,2026-04-24 08:20:31,2026-04-30 08:20:31,2026,4,5,18
R0215,freelance_it,jabodetabek,-1,income_w1,440000,2026-05-15 11:01:07,2026-05-21 11:01:07,2026,5,3,21
R0215,freelance_it,jabodetabek,-2,income_w2,555000,2026-05-08 11:01:07,2026-05-14 11:01:07,2026,5,2,20
R0215,freelance_it,jabodetabek,-3,income_w3,355000,2026-05-01 11:01:07,2026-05-07 11:01:07,2026,5,1,19
R0215,freelance_it,jabodetabek,-4,income_w4,570000,2026-04-24 11:01:07,2026-04-30 11:01:07,2026,4,5,18
R0216,pekerja_harian,jabodetabek,-1,income_w1,355000,2026-05-15 12:59:23,2026-05-21 12:59:23,2026,5,3,21
R0216,pekerja_harian,jabodetabek,-2,income_w2,390000,2026-05-08 12:59:23,2026-05-14 12:59:23,2026,5,2,20
R0216,pekerja_harian,jabodetabek,-3,income_w3,340000,2026-05-01 12:59:23,2026-05-07 12:59:23,2026,5,1,19
R0216,pekerja_harian,jabodetabek,-4,income_w4,410000,2026-04-24 12:59:23,2026-04-30 12:59:23,2026,4,5,18
R0217,pekerja_harian,jabodetabek,-1,income_w1,430000,2026-05-15 11:56:53,2026-05-21 11:56:53,2026,5,3,21
R0217,pekerja_harian,jabodetabek,-2,income_w2,555000,2026-05-08 11:56:53,2026-05-14 11:56:53,2026,5,2,20
R0217,pekerja_harian,jabodetabek,-3,income_w3,625000,2026-05-01 11:56:53,2026-05-07 11:56:53,2026,5,1,19
R0217,pekerja_harian,jabodetabek,-4,income_w4,505000,2026-04-24 11:56:53,2026-04-30 11:56:53,2026,4,5,18
R0218,jualan_online,jabodetabek,-1,income_w1,170000,2026-05-15 20:51:19,2026-05-21 20:51:19,2026,5,3,21
R0218,jualan_online,jabodetabek,-2,income_w2,0,2026-05-08 20:51:19,2026-05-14 20:51:19,2026,5,2,20
R0218,jualan_online,jabodetabek,-3,income_w3,210000,2026-05-01 20:51:19,2026-05-07 20:51:19,2026,5,1,19
R0218,jualan_online,jabodetabek,-4,income_w4,190000,2026-04-24 20:51:19,2026-04-30 20:51:19,2026,4,5,18
R0219,tutor,jabodetabek,-1,income_w1,410000,2026-05-15 12:15:03,2026-05-21 12:15:03,2026,5,3,21
R0219,tutor,jabodetabek,-2,income_w2,325000,2026-05-08 12:15:03,2026-05-14 12:15:03,2026,5,2,20
R0219,tutor,jabodetabek,-3,income_w3,415000,2026-05-01 12:15:03,2026-05-07 12:15:03,2026,5,1,19
R0219,tutor,jabodetabek,-4,income_w4,465000,2026-04-24 12:15:03,2026-04-30 12:15:03,2026,4,5,18
R0220,freelance_desain,jatim,-1,income_w1,145000,2026-05-15 11:15:56,2026-05-21 11:15:56,2026,5,3,21
R0220,freelance_desain,jatim,-2,income_w2,95000,2026-05-08 11:15:56,2026-05-14 11:15:56,2026,5,2,20
R0220,freelance_desain,jatim,-3,income_w3,155000,2026-05-01 11:15:56,2026-05-07 11:15:56,2026,5,1,19
R0220,freelance_desain,jatim,-4,income_w4,145000,2026-04-24 11:15:56,2026-04-30 11:15:56,2026,4,5,18
R0221,freelance_desain,jateng_yogya,-1,income_w1,110000,2026-05-15 15:36:05,2026-05-21 15:36:05,2026,5,3,21
R0221,freelance_desain,jateng_yogya,-2,income_w2,135000,2026-05-08 15:36:05,2026-05-14 15:36:05,2026,5,2,20
R0221,freelance_desain,jateng_yogya,-3,income_w3,115000,2026-05-01 15:36:05,2026-05-07 15:36:05,2026,5,1,19
R0221,freelance_desain,jateng_yogya,-4,income_w4,120000,2026-04-24 15:36:05,2026-04-30 15:36:05,2026,4,5,18
R0222,content_creator,jabodetabek,-1,income_w1,245000,2026-05-15 09:05:46,2026-05-21 09:05:46,2026,5,3,21
R0222,content_creator,jabodetabek,-2,income_w2,200000,2026-05-08 09:05:46,2026-05-14 09:05:46,2026,5,2,20
R0222,content_creator,jabodetabek,-3,income_w3,210000,2026-05-01 09:05:46,2026-05-07 09:05:46,2026,5,1,19
R0222,content_creator,jabodetabek,-4,income_w4,205000,2026-04-24 09:05:46,2026-04-30 09:05:46,2026,4,5,18
R0223,jualan_online,bandung,-1,income_w1,410000,2026-05-15 20:31:52,2026-05-21 20:31:52,2026,5,3,21
R0223,jualan_online,bandung,-2,income_w2,420000,2026-05-08 20:31:52,2026-05-14 20:31:52,2026,5,2,20
R0223,jualan_online,bandung,-3,income_w3,280000,2026-05-01 20:31:52,2026-05-07 20:31:52,2026,5,1,19
R0223,jualan_online,bandung,-4,income_w4,410000,2026-04-24 20:31:52,2026-04-30 20:31:52,2026,4,5,18
R0224,freelance_it,jatim,-1,income_w1,750000,2026-05-15 07:42:54,2026-05-21 07:42:54,2026,5,3,21
R0224,freelance_it,jatim,-2,income_w2,1200000,2026-05-08 07:42:54,2026-05-14 07:42:54,2026,5,2,20
R0224,freelance_it,jatim,-3,income_w3,1060000,2026-05-01 07:42:54,2026-05-07 07:42:54,2026,5,1,19
R0224,freelance_it,jatim,-4,income_w4,1145000,2026-04-24 07:42:54,2026-04-30 07:42:54,2026,4,5,18
R0225,kurir,sumatera,-1,income_w1,535000,2026-05-15 08:23:03,2026-05-21 08:23:03,2026,5,3,21
R0225,kurir,sumatera,-2,income_w2,440000,2026-05-08 08:23:03,2026-05-14 08:23:03,2026,5,2,20
R0225,kurir,sumatera,-3,income_w3,480000,2026-05-01 08:23:03,2026-05-07 08:23:03,2026,5,1,19
R0225,kurir,sumatera,-4,income_w4,535000,2026-04-24 08:23:03,2026-04-30 08:23:03,2026,4,5,18
R0226,pekerja_harian,kalimantan,-1,income_w1,500000,2026-05-15 08:24:28,2026-05-21 08:24:28,2026,5,3,21
R0226,pekerja_harian,kalimantan,-2,income_w2,480000,2026-05-08 08:24:28,2026-05-14 08:24:28,2026,5,2,20
R0226,pekerja_harian,kalimantan,-3,income_w3,415000,2026-05-01 08:24:28,2026-05-07 08:24:28,2026,5,1,19
R0226,pekerja_harian,kalimantan,-4,income_w4,310000,2026-04-24 08:24:28,2026-04-30 08:24:28,2026,4,5,18
R0227,tutor,jatim,-1,income_w1,675000,2026-05-15 08:56:47,2026-05-21 08:56:47,2026,5,3,21
R0227,tutor,jatim,-2,income_w2,820000,2026-05-08 08:56:47,2026-05-14 08:56:47,2026,5,2,20
R0227,tutor,jatim,-3,income_w3,685000,2026-05-01 08:56:47,2026-05-07 08:56:47,2026,5,1,19
R0227,tutor,jatim,-4,income_w4,555000,2026-04-24 08:56:47,2026-04-30 08:56:47,2026,4,5,18
R0228,pekerja_harian,sumatera,-1,income_w1,435000,2026-05-15 10:26:51,2026-05-21 10:26:51,2026,5,3,21
R0228,pekerja_harian,sumatera,-2,income_w2,395000,2026-05-08 10:26:51,2026-05-14 10:26:51,2026,5,2,20
R0228,pekerja_harian,sumatera,-3,income_w3,415000,2026-05-01 10:26:51,2026-05-07 10:26:51,2026,5,1,19
R0228,pekerja_harian,sumatera,-4,income_w4,415000,2026-04-24 10:26:51,2026-04-30 10:26:51,2026,4,5,18
R0229,jualan_online,bandung,-1,income_w1,160000,2026-05-15 11:10:24,2026-05-21 11:10:24,2026,5,3,21
R0229,jualan_online,bandung,-2,income_w2,160000,2026-05-08 11:10:24,2026-05-14 11:10:24,2026,5,2,20
R0229,jualan_online,bandung,-3,income_w3,160000,2026-05-01 11:10:24,2026-05-07 11:10:24,2026,5,1,19
R0229,jualan_online,bandung,-4,income_w4,120000,2026-04-24 11:10:24,2026-04-30 11:10:24,2026,4,5,18
R0230,kurir,jabodetabek,-1,income_w1,340000,2026-05-15 12:34:06,2026-05-21 12:34:06,2026,5,3,21
R0230,kurir,jabodetabek,-2,income_w2,450000,2026-05-08 12:34:06,2026-05-14 12:34:06,2026,5,2,20
R0230,kurir,jabodetabek,-3,income_w3,530000,2026-05-01 12:34:06,2026-05-07 12:34:06,2026,5,1,19
R0230,kurir,jabodetabek,-4,income_w4,420000,2026-04-24 12:34:06,2026-04-30 12:34:06,2026,4,5,18
R0231,freelance_it,jabodetabek,-1,income_w1,385000,2026-05-15 12:59:08,2026-05-21 12:59:08,2026,5,3,21
R0231,freelance_it,jabodetabek,-2,income_w2,290000,2026-05-08 12:59:08,2026-05-14 12:59:08,2026,5,2,20
R0231,freelance_it,jabodetabek,-3,income_w3,375000,2026-05-01 12:59:08,2026-05-07 12:59:08,2026,5,1,19
R0231,freelance_it,jabodetabek,-4,income_w4,325000,2026-04-24 12:59:08,2026-04-30 12:59:08,2026,4,5,18
R0232,jualan_online,bandung,-1,income_w1,120000,2026-05-15 14:20:27,2026-05-21 14:20:27,2026,5,3,21
R0232,jualan_online,bandung,-2,income_w2,130000,2026-05-08 14:20:27,2026-05-14 14:20:27,2026,5,2,20
R0232,jualan_online,bandung,-3,income_w3,140000,2026-05-01 14:20:27,2026-05-07 14:20:27,2026,5,1,19
R0232,jualan_online,bandung,-4,income_w4,140000,2026-04-24 14:20:27,2026-04-30 14:20:27,2026,4,5,18
R0233,freelance_it,jabodetabek,-1,income_w1,840000,2026-05-15 17:57:51,2026-05-21 17:57:51,2026,5,3,21
R0233,freelance_it,jabodetabek,-2,income_w2,570000,2026-05-08 17:57:51,2026-05-14 17:57:51,2026,5,2,20
R0233,freelance_it,jabodetabek,-3,income_w3,570000,2026-05-01 17:57:51,2026-05-07 17:57:51,2026,5,1,19
R0233,freelance_it,jabodetabek,-4,income_w4,780000,2026-04-24 17:57:51,2026-04-30 17:57:51,2026,4,5,18
R0234,jualan_online,bandung,-1,income_w1,210000,2026-05-15 19:15:12,2026-05-21 19:15:12,2026,5,3,21
R0234,jualan_online,bandung,-2,income_w2,165000,2026-05-08 19:15:12,2026-05-14 19:15:12,2026,5,2,20
R0234,jualan_online,bandung,-3,income_w3,190000,2026-05-01 19:15:12,2026-05-07 19:15:12,2026,5,1,19
R0234,jualan_online,bandung,-4,income_w4,220000,2026-04-24 19:15:12,2026-04-30 19:15:12,2026,4,5,18
R0235,kurir,jabodetabek,-1,income_w1,260000,2026-05-15 20:02:59,2026-05-21 20:02:59,2026,5,3,21
R0235,kurir,jabodetabek,-2,income_w2,310000,2026-05-08 20:02:59,2026-05-14 20:02:59,2026,5,2,20
R0235,kurir,jabodetabek,-3,income_w3,260000,2026-05-01 20:02:59,2026-05-07 20:02:59,2026,5,1,19
R0235,kurir,jabodetabek,-4,income_w4,295000,2026-04-24 20:02:59,2026-04-30 20:02:59,2026,4,5,18
R0236,jualan_online,bandung,-1,income_w1,330000,2026-05-15 20:32:12,2026-05-21 20:32:12,2026,5,3,21
R0236,jualan_online,bandung,-2,income_w2,285000,2026-05-08 20:32:12,2026-05-14 20:32:12,2026,5,2,20
R0236,jualan_online,bandung,-3,income_w3,300000,2026-05-01 20:32:12,2026-05-07 20:32:12,2026,5,1,19
R0236,jualan_online,bandung,-4,income_w4,315000,2026-04-24 20:32:12,2026-04-30 20:32:12,2026,4,5,18
R0237,kurir,kalimantan,-1,income_w1,485000,2026-05-15 20:57:48,2026-05-21 20:57:48,2026,5,3,21
R0237,kurir,kalimantan,-2,income_w2,485000,2026-05-08 20:57:48,2026-05-14 20:57:48,2026,5,2,20
R0237,kurir,kalimantan,-3,income_w3,347000,2026-05-01 20:57:48,2026-05-07 20:57:48,2026,5,1,19
R0237,kurir,kalimantan,-4,income_w4,530000,2026-04-24 20:57:48,2026-04-30 20:57:48,2026,4,5,18
R0238,ojek_online,bali_ntt,-1,income_w1,270000,2026-05-15 21:03:43,2026-05-21 21:03:43,2026,5,3,21
R0238,ojek_online,bali_ntt,-2,income_w2,405000,2026-05-08 21:03:43,2026-05-14 21:03:43,2026,5,2,20
R0238,ojek_online,bali_ntt,-3,income_w3,390000,2026-05-01 21:03:43,2026-05-07 21:03:43,2026,5,1,19
R0238,ojek_online,bali_ntt,-4,income_w4,325000,2026-04-24 21:03:43,2026-04-30 21:03:43,2026,4,5,18
R0239,pekerja_harian,jatim,-1,income_w1,195000,2026-05-15 21:34:13,2026-05-21 21:34:13,2026,5,3,21
R0239,pekerja_harian,jatim,-2,income_w2,0,2026-05-08 21:34:13,2026-05-14 21:34:13,2026,5,2,20
R0239,pekerja_harian,jatim,-3,income_w3,240000,2026-05-01 21:34:13,2026-05-07 21:34:13,2026,5,1,19
R0239,pekerja_harian,jatim,-4,income_w4,205000,2026-04-24 21:34:13,2026-04-30 21:34:13,2026,4,5,18
R0240,freelance_it,sumatera,-1,income_w1,625000,2026-05-15 21:49:58,2026-05-21 21:49:58,2026,5,3,21
R0240,freelance_it,sumatera,-2,income_w2,650000,2026-05-08 21:49:58,2026-05-14 21:49:58,2026,5,2,20
R0240,freelance_it,sumatera,-3,income_w3,560000,2026-05-01 21:49:58,2026-05-07 21:49:58,2026,5,1,19
R0240,freelance_it,sumatera,-4,income_w4,810000,2026-04-24 21:49:58,2026-04-30 21:49:58,2026,4,5,18
R0241,freelance_it,sulawesi,-1,income_w1,605000,2026-05-15 22:25:21,2026-05-21 22:25:21,2026,5,3,21
R0241,freelance_it,sulawesi,-2,income_w2,735000,2026-05-08 22:25:21,2026-05-14 22:25:21,2026,5,2,20
R0241,freelance_it,sulawesi,-3,income_w3,730000,2026-05-01 22:25:21,2026-05-07 22:25:21,2026,5,1,19
R0241,freelance_it,sulawesi,-4,income_w4,770000,2026-04-24 22:25:21,2026-04-30 22:25:21,2026,4,5,18
R0242,content_creator,bandung,-1,income_w1,75000,2026-05-15 22:32:24,2026-05-21 22:32:24,2026,5,3,21
R0242,content_creator,bandung,-2,income_w2,110000,2026-05-08 22:32:24,2026-05-14 22:32:24,2026,5,2,20
R0242,content_creator,bandung,-3,income_w3,75000,2026-05-01 22:32:24,2026-05-07 22:32:24,2026,5,1,19
R0242,content_creator,bandung,-4,income_w4,90000,2026-04-24 22:32:24,2026-04-30 22:32:24,2026,4,5,18
R0243,content_creator,sumatera,-1,income_w1,625000,2026-05-15 22:48:58,2026-05-21 22:48:58,2026,5,3,21
R0243,content_creator,sumatera,-2,income_w2,445000,2026-05-08 22:48:58,2026-05-14 22:48:58,2026,5,2,20
R0243,content_creator,sumatera,-3,income_w3,465000,2026-05-01 22:48:58,2026-05-07 22:48:58,2026,5,1,19
R0243,content_creator,sumatera,-4,income_w4,575000,2026-04-24 22:48:58,2026-04-30 22:48:58,2026,4,5,18
R0244,tutor,jabodetabek,-1,income_w1,1105000,2026-05-15 23:12:29,2026-05-21 23:12:29,2026,5,3,21
R0244,tutor,jabodetabek,-2,income_w2,1215000,2026-05-08 23:12:29,2026-05-14 23:12:29,2026,5,2,20
R0244,tutor,jabodetabek,-3,income_w3,1285000,2026-05-01 23:12:29,2026-05-07 23:12:29,2026,5,1,19
R0244,tutor,jabodetabek,-4,income_w4,880000,2026-04-24 23:12:29,2026-04-30 23:12:29,2026,4,5,18
R0245,tutor,jabodetabek,-1,income_w1,205000,2026-05-15 23:13:07,2026-05-21 23:13:07,2026,5,3,21
R0245,tutor,jabodetabek,-2,income_w2,0,2026-05-08 23:13:07,2026-05-14 23:13:07,2026,5,2,20
R0245,tutor,jabodetabek,-3,income_w3,220000,2026-05-01 23:13:07,2026-05-07 23:13:07,2026,5,1,19
R0245,tutor,jabodetabek,-4,income_w4,175000,2026-04-24 23:13:07,2026-04-30 23:13:07,2026,4,5,18
R0246,kurir,jateng_yogya,-1,income_w1,350000,2026-05-16 08:04:48,2026-05-22 08:04:48,2026,5,4,21
R0246,kurir,jateng_yogya,-2,income_w2,500000,2026-05-09 08:04:48,2026-05-15 08:04:48,2026,5,3,20
R0246,kurir,jateng_yogya,-3,income_w3,480000,2026-05-02 08:04:48,2026-05-08 08:04:48,2026,5,2,19
R0246,kurir,jateng_yogya,-4,income_w4,540000,2026-04-25 08:04:48,2026-05-01 08:04:48,2026,5,1,18
R0247,freelance_desain,bandung,-1,income_w1,720000,2026-05-16 23:34:49,2026-05-22 23:34:49,2026,5,4,21
R0247,freelance_desain,bandung,-2,income_w2,805000,2026-05-09 23:34:49,2026-05-15 23:34:49,2026,5,3,20
R0247,freelance_desain,bandung,-3,income_w3,620000,2026-05-02 23:34:49,2026-05-08 23:34:49,2026,5,2,19
R0247,freelance_desain,bandung,-4,income_w4,590000,2026-04-25 23:34:49,2026-05-01 23:34:49,2026,5,1,18
R0248,tutor,bandung,-1,income_w1,300000,2026-05-16 19:08:08,2026-05-22 19:08:08,2026,5,4,21
R0248,tutor,bandung,-2,income_w2,210000,2026-05-09 19:08:08,2026-05-15 19:08:08,2026,5,3,20
R0248,tutor,bandung,-3,income_w3,250000,2026-05-02 19:08:08,2026-05-08 19:08:08,2026,5,2,19
R0248,tutor,bandung,-4,income_w4,310000,2026-04-25 19:08:08,2026-05-01 19:08:08,2026,5,1,18
R0249,content_creator,bandung,-1,income_w1,120000,2026-05-16 10:42:30,2026-05-22 10:42:30,2026,5,4,21
R0249,content_creator,bandung,-2,income_w2,120000,2026-05-09 10:42:30,2026-05-15 10:42:30,2026,5,3,20
R0249,content_creator,bandung,-3,income_w3,130000,2026-05-02 10:42:30,2026-05-08 10:42:30,2026,5,2,19
R0249,content_creator,bandung,-4,income_w4,120000,2026-04-25 10:42:30,2026-05-01 10:42:30,2026,5,1,18
R0250,kurir,jabodetabek,-1,income_w1,274000,2026-05-16 07:35:10,2026-05-22 07:35:10,2026,5,4,21
R0250,kurir,jabodetabek,-2,income_w2,0,2026-05-09 07:35:10,2026-05-15 07:35:10,2026,5,3,20
R0250,kurir,jabodetabek,-3,income_w3,341000,2026-05-02 07:35:10,2026-05-08 07:35:10,2026,5,2,19
R0250,kurir,jabodetabek,-4,income_w4,545000,2026-04-25 07:35:10,2026-05-01 07:35:10,2026,5,1,18
R0251,pekerja_harian,jabodetabek,-1,income_w1,940000,2026-05-16 08:19:52,2026-05-22 08:19:52,2026,5,4,21
R0251,pekerja_harian,jabodetabek,-2,income_w2,915000,2026-05-09 08:19:52,2026-05-15 08:19:52,2026,5,3,20
R0251,pekerja_harian,jabodetabek,-3,income_w3,985000,2026-05-02 08:19:52,2026-05-08 08:19:52,2026,5,2,19
R0251,pekerja_harian,jabodetabek,-4,income_w4,1265000,2026-04-25 08:19:52,2026-05-01 08:19:52,2026,5,1,18
R0252,pekerja_harian,bandung,-1,income_w1,190000,2026-05-16 08:28:44,2026-05-22 08:28:44,2026,5,4,21
R0252,pekerja_harian,bandung,-2,income_w2,175000,2026-05-09 08:28:44,2026-05-15 08:28:44,2026,5,3,20
R0252,pekerja_harian,bandung,-3,income_w3,155000,2026-05-02 08:28:44,2026-05-08 08:28:44,2026,5,2,19
R0252,pekerja_harian,bandung,-4,income_w4,215000,2026-04-25 08:28:44,2026-05-01 08:28:44,2026,5,1,18
R0253,tutor,jabar_lainnya,-1,income_w1,560000,2026-05-16 08:44:09,2026-05-22 08:44:09,2026,5,4,21
R0253,tutor,jabar_lainnya,-2,income_w2,585000,2026-05-09 08:44:09,2026-05-15 08:44:09,2026,5,3,20
R0253,tutor,jabar_lainnya,-3,income_w3,510000,2026-05-02 08:44:09,2026-05-08 08:44:09,2026,5,2,19
R0253,tutor,jabar_lainnya,-4,income_w4,475000,2026-04-25 08:44:09,2026-05-01 08:44:09,2026,5,1,18
R0254,jualan_online,sumatera,-1,income_w1,260000,2026-05-16 08:54:37,2026-05-22 08:54:37,2026,5,4,21
R0254,jualan_online,sumatera,-2,income_w2,250000,2026-05-09 08:54:37,2026-05-15 08:54:37,2026,5,3,20
R0254,jualan_online,sumatera,-3,income_w3,245000,2026-05-02 08:54:37,2026-05-08 08:54:37,2026,5,2,19
R0254,jualan_online,sumatera,-4,income_w4,315000,2026-04-25 08:54:37,2026-05-01 08:54:37,2026,5,1,18
R0255,ojek_online,bandung,-1,income_w1,175000,2026-05-16 10:37:32,2026-05-22 10:37:32,2026,5,4,21
R0255,ojek_online,bandung,-2,income_w2,190000,2026-05-09 10:37:32,2026-05-15 10:37:32,2026,5,3,20
R0255,ojek_online,bandung,-3,income_w3,210000,2026-05-02 10:37:32,2026-05-08 10:37:32,2026,5,2,19
R0255,ojek_online,bandung,-4,income_w4,190000,2026-04-25 10:37:32,2026-05-01 10:37:32,2026,5,1,18
R0256,freelance_desain,kalimantan,-1,income_w1,1500000,2026-05-16 10:47:24,2026-05-22 10:47:24,2026,5,4,21
R0256,freelance_desain,kalimantan,-2,income_w2,1570000,2026-05-09 10:47:24,2026-05-15 10:47:24,2026,5,3,20
R0256,freelance_desain,kalimantan,-3,income_w3,1125000,2026-05-02 10:47:24,2026-05-08 10:47:24,2026,5,2,19
R0256,freelance_desain,kalimantan,-4,income_w4,0,2026-04-25 10:47:24,2026-05-01 10:47:24,2026,5,1,18
R0257,content_creator,jatim,-1,income_w1,210000,2026-05-16 11:16:54,2026-05-22 11:16:54,2026,5,4,21
R0257,content_creator,jatim,-2,income_w2,225000,2026-05-09 11:16:54,2026-05-15 11:16:54,2026,5,3,20
R0257,content_creator,jatim,-3,income_w3,220000,2026-05-02 11:16:54,2026-05-08 11:16:54,2026,5,2,19
R0257,content_creator,jatim,-4,income_w4,175000,2026-04-25 11:16:54,2026-05-01 11:16:54,2026,5,1,18
R0258,freelance_desain,jabar_lainnya,-1,income_w1,895000,2026-05-16 12:20:08,2026-05-22 12:20:08,2026,5,4,21
R0258,freelance_desain,jabar_lainnya,-2,income_w2,985000,2026-05-09 12:20:08,2026-05-15 12:20:08,2026,5,3,20
R0258,freelance_desain,jabar_lainnya,-3,income_w3,1045000,2026-05-02 12:20:08,2026-05-08 12:20:08,2026,5,2,19
R0258,freelance_desain,jabar_lainnya,-4,income_w4,990000,2026-04-25 12:20:08,2026-05-01 12:20:08,2026,5,1,18
R0259,jualan_online,jateng_yogya,-1,income_w1,210000,2026-05-16 12:51:54,2026-05-22 12:51:54,2026,5,4,21
R0259,jualan_online,jateng_yogya,-2,income_w2,215000,2026-05-09 12:51:54,2026-05-15 12:51:54,2026,5,3,20
R0259,jualan_online,jateng_yogya,-3,income_w3,155000,2026-05-02 12:51:54,2026-05-08 12:51:54,2026,5,2,19
R0259,jualan_online,jateng_yogya,-4,income_w4,175000,2026-04-25 12:51:54,2026-05-01 12:51:54,2026,5,1,18
R0260,pekerja_harian,jateng_yogya,-1,income_w1,0,2026-05-16 13:31:24,2026-05-22 13:31:24,2026,5,4,21
R0260,pekerja_harian,jateng_yogya,-2,income_w2,190000,2026-05-09 13:31:24,2026-05-15 13:31:24,2026,5,3,20
R0260,pekerja_harian,jateng_yogya,-3,income_w3,210000,2026-05-02 13:31:24,2026-05-08 13:31:24,2026,5,2,19
R0260,pekerja_harian,jateng_yogya,-4,income_w4,200000,2026-04-25 13:31:24,2026-05-01 13:31:24,2026,5,1,18
R0261,jualan_online,jabodetabek,-1,income_w1,370000,2026-05-16 14:02:11,2026-05-22 14:02:11,2026,5,4,21
R0261,jualan_online,jabodetabek,-2,income_w2,340000,2026-05-09 14:02:11,2026-05-15 14:02:11,2026,5,3,20
R0261,jualan_online,jabodetabek,-3,income_w3,345000,2026-05-02 14:02:11,2026-05-08 14:02:11,2026,5,2,19
R0261,jualan_online,jabodetabek,-4,income_w4,315000,2026-04-25 14:02:11,2026-05-01 14:02:11,2026,5,1,18
R0262,tutor,sumatera,-1,income_w1,665000,2026-05-16 14:08:18,2026-05-22 14:08:18,2026,5,4,21
R0262,tutor,sumatera,-2,income_w2,640000,2026-05-09 14:08:18,2026-05-15 14:08:18,2026,5,3,20
R0262,tutor,sumatera,-3,income_w3,765000,2026-05-02 14:08:18,2026-05-08 14:08:18,2026,5,2,19
R0262,tutor,sumatera,-4,income_w4,865000,2026-04-25 14:08:18,2026-05-01 14:08:18,2026,5,1,18
R0263,freelance_desain,bali_ntt,-1,income_w1,190000,2026-05-16 14:45:16,2026-05-22 14:45:16,2026,5,4,21
R0263,freelance_desain,bali_ntt,-2,income_w2,160000,2026-05-09 14:45:16,2026-05-15 14:45:16,2026,5,3,20
R0263,freelance_desain,bali_ntt,-3,income_w3,185000,2026-05-02 14:45:16,2026-05-08 14:45:16,2026,5,2,19
R0263,freelance_desain,bali_ntt,-4,income_w4,0,2026-04-25 14:45:16,2026-05-01 14:45:16,2026,5,1,18
R0264,freelance_desain,jabodetabek,-1,income_w1,280000,2026-05-16 15:28:45,2026-05-22 15:28:45,2026,5,4,21
R0264,freelance_desain,jabodetabek,-2,income_w2,360000,2026-05-09 15:28:45,2026-05-15 15:28:45,2026,5,3,20
R0264,freelance_desain,jabodetabek,-3,income_w3,290000,2026-05-02 15:28:45,2026-05-08 15:28:45,2026,5,2,19
R0264,freelance_desain,jabodetabek,-4,income_w4,265000,2026-04-25 15:28:45,2026-05-01 15:28:45,2026,5,1,18
R0265,freelance_desain,bandung,-1,income_w1,270000,2026-05-16 18:14:47,2026-05-22 18:14:47,2026,5,4,21
R0265,freelance_desain,bandung,-2,income_w2,0,2026-05-09 18:14:47,2026-05-15 18:14:47,2026,5,3,20
R0265,freelance_desain,bandung,-3,income_w3,295000,2026-05-02 18:14:47,2026-05-08 18:14:47,2026,5,2,19
R0265,freelance_desain,bandung,-4,income_w4,360000,2026-04-25 18:14:47,2026-05-01 18:14:47,2026,5,1,18
R0266,jualan_online,jabar_lainnya,-1,income_w1,0,2026-05-16 18:40:36,2026-05-22 18:40:36,2026,5,4,21
R0266,jualan_online,jabar_lainnya,-2,income_w2,215000,2026-05-09 18:40:36,2026-05-15 18:40:36,2026,5,3,20
R0266,jualan_online,jabar_lainnya,-3,income_w3,200000,2026-05-02 18:40:36,2026-05-08 18:40:36,2026,5,2,19
R0266,jualan_online,jabar_lainnya,-4,income_w4,0,2026-04-25 18:40:36,2026-05-01 18:40:36,2026,5,1,18
R0267,freelance_it,bali_ntt,-1,income_w1,825000,2026-05-16 19:04:00,2026-05-22 19:04:00,2026,5,4,21
R0267,freelance_it,bali_ntt,-2,income_w2,745000,2026-05-09 19:04:00,2026-05-15 19:04:00,2026,5,3,20
R0267,freelance_it,bali_ntt,-3,income_w3,845000,2026-05-02 19:04:00,2026-05-08 19:04:00,2026,5,2,19
R0267,freelance_it,bali_ntt,-4,income_w4,945000,2026-04-25 19:04:00,2026-05-01 19:04:00,2026,5,1,18
R0268,tutor,bandung,-1,income_w1,525000,2026-05-16 20:10:24,2026-05-22 20:10:24,2026,5,4,21
R0268,tutor,bandung,-2,income_w2,520000,2026-05-09 20:10:24,2026-05-15 20:10:24,2026,5,3,20
R0268,tutor,bandung,-3,income_w3,410000,2026-05-02 20:10:24,2026-05-08 20:10:24,2026,5,2,19
R0268,tutor,bandung,-4,income_w4,440000,2026-04-25 20:10:24,2026-05-01 20:10:24,2026,5,1,18
R0269,jualan_online,bandung,-1,income_w1,130000,2026-05-16 20:20:58,2026-05-22 20:20:58,2026,5,4,21
R0269,jualan_online,bandung,-2,income_w2,130000,2026-05-09 20:20:58,2026-05-15 20:20:58,2026,5,3,20
R0269,jualan_online,bandung,-3,income_w3,115000,2026-05-02 20:20:58,2026-05-08 20:20:58,2026,5,2,19
R0269,jualan_online,bandung,-4,income_w4,0,2026-04-25 20:20:58,2026-05-01 20:20:58,2026,5,1,18
R0270,freelance_desain,jatim,-1,income_w1,960000,2026-05-16 22:02:47,2026-05-22 22:02:47,2026,5,4,21
R0270,freelance_desain,jatim,-2,income_w2,945000,2026-05-09 22:02:47,2026-05-15 22:02:47,2026,5,3,20
R0270,freelance_desain,jatim,-3,income_w3,705000,2026-05-02 22:02:47,2026-05-08 22:02:47,2026,5,2,19
R0270,freelance_desain,jatim,-4,income_w4,950000,2026-04-25 22:02:47,2026-05-01 22:02:47,2026,5,1,18
R0271,kurir,jatim,-1,income_w1,466000,2026-05-16 22:26:17,2026-05-22 22:26:17,2026,5,4,21
R0271,kurir,jatim,-2,income_w2,338000,2026-05-09 22:26:17,2026-05-15 22:26:17,2026,5,3,20
R0271,kurir,jatim,-3,income_w3,404000,2026-05-02 22:26:17,2026-05-08 22:26:17,2026,5,2,19
R0271,kurir,jatim,-4,income_w4,317000,2026-04-25 22:26:17,2026-05-01 22:26:17,2026,5,1,18
R0272,tutor,jabodetabek,-1,income_w1,160000,2026-05-16 22:29:21,2026-05-22 22:29:21,2026,5,4,21
R0272,tutor,jabodetabek,-2,income_w2,170000,2026-05-09 22:29:21,2026-05-15 22:29:21,2026,5,3,20
R0272,tutor,jabodetabek,-3,income_w3,190000,2026-05-02 22:29:21,2026-05-08 22:29:21,2026,5,2,19
R0272,tutor,jabodetabek,-4,income_w4,205000,2026-04-25 22:29:21,2026-05-01 22:29:21,2026,5,1,18
R0273,kurir,bandung,-1,income_w1,325000,2026-05-16 22:44:01,2026-05-22 22:44:01,2026,5,4,21
R0273,kurir,bandung,-2,income_w2,500000,2026-05-09 22:44:01,2026-05-15 22:44:01,2026,5,3,20
R0273,kurir,bandung,-3,income_w3,420000,2026-05-02 22:44:01,2026-05-08 22:44:01,2026,5,2,19
R0273,kurir,bandung,-4,income_w4,435000,2026-04-25 22:44:01,2026-05-01 22:44:01,2026,5,1,18
R0274,freelance_desain,jabodetabek,-1,income_w1,805000,2026-05-16 23:03:01,2026-05-22 23:03:01,2026,5,4,21
R0274,freelance_desain,jabodetabek,-2,income_w2,780000,2026-05-09 23:03:01,2026-05-15 23:03:01,2026,5,3,20
R0274,freelance_desain,jabodetabek,-3,income_w3,820000,2026-05-02 23:03:01,2026-05-08 23:03:01,2026,5,2,19
R0274,freelance_desain,jabodetabek,-4,income_w4,560000,2026-04-25 23:03:01,2026-05-01 23:03:01,2026,5,1,18
R0275,pekerja_harian,jabar_lainnya,-1,income_w1,980000,2026-05-16 23:05:23,2026-05-22 23:05:23,2026,5,4,21
R0275,pekerja_harian,jabar_lainnya,-2,income_w2,1110000,2026-05-09 23:05:23,2026-05-15 23:05:23,2026,5,3,20
R0275,pekerja_harian,jabar_lainnya,-3,income_w3,710000,2026-05-02 23:05:23,2026-05-08 23:05:23,2026,5,2,19
R0275,pekerja_harian,jabar_lainnya,-4,income_w4,0,2026-04-25 23:05:23,2026-05-01 23:05:23,2026,5,1,18
R0276,ojek_online,jabodetabek,-1,income_w1,150000,2026-05-16 23:09:19,2026-05-22 23:09:19,2026,5,4,21
R0276,ojek_online,jabodetabek,-2,income_w2,0,2026-05-09 23:09:19,2026-05-15 23:09:19,2026,5,3,20
R0276,ojek_online,jabodetabek,-3,income_w3,200000,2026-05-02 23:09:19,2026-05-08 23:09:19,2026,5,2,19
R0276,ojek_online,jabodetabek,-4,income_w4,230000,2026-04-25 23:09:19,2026-05-01 23:09:19,2026,5,1,18
R0277,pekerja_harian,jateng_yogya,-1,income_w1,545000,2026-05-17 20:16:33,2026-05-23 20:16:33,2026,5,4,21
R0277,pekerja_harian,jateng_yogya,-2,income_w2,375000,2026-05-10 20:16:33,2026-05-16 20:16:33,2026,5,3,20
R0277,pekerja_harian,jateng_yogya,-3,income_w3,490000,2026-05-03 20:16:33,2026-05-09 20:16:33,2026,5,2,19
R0277,pekerja_harian,jateng_yogya,-4,income_w4,555000,2026-04-26 20:16:33,2026-05-02 20:16:33,2026,5,1,18
R0278,ojek_online,sumatera,-1,income_w1,488000,2026-05-17 18:55:38,2026-05-23 18:55:38,2026,5,4,21
R0278,ojek_online,sumatera,-2,income_w2,565000,2026-05-10 18:55:38,2026-05-16 18:55:38,2026,5,3,20
R0278,ojek_online,sumatera,-3,income_w3,326000,2026-05-03 18:55:38,2026-05-09 18:55:38,2026,5,2,19
R0278,ojek_online,sumatera,-4,income_w4,580000,2026-04-26 18:55:38,2026-05-02 18:55:38,2026,5,1,18
R0279,jualan_online,sulawesi,-1,income_w1,315000,2026-05-17 19:27:13,2026-05-23 19:27:13,2026,5,4,21
R0279,jualan_online,sulawesi,-2,income_w2,500000,2026-05-10 19:27:13,2026-05-16 19:27:13,2026,5,3,20
R0279,jualan_online,sulawesi,-3,income_w3,330000,2026-05-03 19:27:13,2026-05-09 19:27:13,2026,5,2,19
R0279,jualan_online,sulawesi,-4,income_w4,360000,2026-04-26 19:27:13,2026-05-02 19:27:13,2026,5,1,18
R0280,ojek_online,jabodetabek,-1,income_w1,280000,2026-05-17 19:59:34,2026-05-23 19:59:34,2026,5,4,21
R0280,ojek_online,jabodetabek,-2,income_w2,300000,2026-05-10 19:59:34,2026-05-16 19:59:34,2026,5,3,20
R0280,ojek_online,jabodetabek,-3,income_w3,0,2026-05-03 19:59:34,2026-05-09 19:59:34,2026,5,2,19
R0280,ojek_online,jabodetabek,-4,income_w4,405000,2026-04-26 19:59:34,2026-05-02 19:59:34,2026,5,1,18
R0281,jualan_online,jatim,-1,income_w1,230000,2026-05-17 08:48:46,2026-05-23 08:48:46,2026,5,4,21
R0281,jualan_online,jatim,-2,income_w2,215000,2026-05-10 08:48:46,2026-05-16 08:48:46,2026,5,3,20
R0281,jualan_online,jatim,-3,income_w3,245000,2026-05-03 08:48:46,2026-05-09 08:48:46,2026,5,2,19
R0281,jualan_online,jatim,-4,income_w4,175000,2026-04-26 08:48:46,2026-05-02 08:48:46,2026,5,1,18
R0282,jualan_online,jabar_lainnya,-1,income_w1,725000,2026-05-17 12:44:12,2026-05-23 12:44:12,2026,5,4,21
R0282,jualan_online,jabar_lainnya,-2,income_w2,605000,2026-05-10 12:44:12,2026-05-16 12:44:12,2026,5,3,20
R0282,jualan_online,jabar_lainnya,-3,income_w3,715000,2026-05-03 12:44:12,2026-05-09 12:44:12,2026,5,2,19
R0282,jualan_online,jabar_lainnya,-4,income_w4,560000,2026-04-26 12:44:12,2026-05-02 12:44:12,2026,5,1,18
R0283,content_creator,jateng_yogya,-1,income_w1,510000,2026-05-17 09:45:19,2026-05-23 09:45:19,2026,5,4,21
R0283,content_creator,jateng_yogya,-2,income_w2,595000,2026-05-10 09:45:19,2026-05-16 09:45:19,2026,5,3,20
R0283,content_creator,jateng_yogya,-3,income_w3,0,2026-05-03 09:45:19,2026-05-09 09:45:19,2026,5,2,19
R0283,content_creator,jateng_yogya,-4,income_w4,690000,2026-04-26 09:45:19,2026-05-02 09:45:19,2026,5,1,18
R0284,pekerja_harian,jateng_yogya,-1,income_w1,230000,2026-05-17 21:25:42,2026-05-23 21:25:42,2026,5,4,21
R0284,pekerja_harian,jateng_yogya,-2,income_w2,235000,2026-05-10 21:25:42,2026-05-16 21:25:42,2026,5,3,20
R0284,pekerja_harian,jateng_yogya,-3,income_w3,255000,2026-05-03 21:25:42,2026-05-09 21:25:42,2026,5,2,19
R0284,pekerja_harian,jateng_yogya,-4,income_w4,240000,2026-04-26 21:25:42,2026-05-02 21:25:42,2026,5,1,18
R0285,freelance_desain,jabodetabek,-1,income_w1,1280000,2026-05-17 17:41:23,2026-05-23 17:41:23,2026,5,4,21
R0285,freelance_desain,jabodetabek,-2,income_w2,1330000,2026-05-10 17:41:23,2026-05-16 17:41:23,2026,5,3,20
R0285,freelance_desain,jabodetabek,-3,income_w3,1185000,2026-05-03 17:41:23,2026-05-09 17:41:23,2026,5,2,19
R0285,freelance_desain,jabodetabek,-4,income_w4,1140000,2026-04-26 17:41:23,2026-05-02 17:41:23,2026,5,1,18
R0286,freelance_desain,bandung,-1,income_w1,770000,2026-05-17 11:28:57,2026-05-23 11:28:57,2026,5,4,21
R0286,freelance_desain,bandung,-2,income_w2,830000,2026-05-10 11:28:57,2026-05-16 11:28:57,2026,5,3,20
R0286,freelance_desain,bandung,-3,income_w3,590000,2026-05-03 11:28:57,2026-05-09 11:28:57,2026,5,2,19
R0286,freelance_desain,bandung,-4,income_w4,860000,2026-04-26 11:28:57,2026-05-02 11:28:57,2026,5,1,18
R0287,jualan_online,bandung,-1,income_w1,300000,2026-05-17 08:33:28,2026-05-23 08:33:28,2026,5,4,21
R0287,jualan_online,bandung,-2,income_w2,355000,2026-05-10 08:33:28,2026-05-16 08:33:28,2026,5,3,20
R0287,jualan_online,bandung,-3,income_w3,290000,2026-05-03 08:33:28,2026-05-09 08:33:28,2026,5,2,19
R0287,jualan_online,bandung,-4,income_w4,0,2026-04-26 08:33:28,2026-05-02 08:33:28,2026,5,1,18
R0288,content_creator,jabodetabek,-1,income_w1,0,2026-05-17 11:07:15,2026-05-23 11:07:15,2026,5,4,21
R0288,content_creator,jabodetabek,-2,income_w2,670000,2026-05-10 11:07:15,2026-05-16 11:07:15,2026,5,3,20
R0288,content_creator,jabodetabek,-3,income_w3,0,2026-05-03 11:07:15,2026-05-09 11:07:15,2026,5,2,19
R0288,content_creator,jabodetabek,-4,income_w4,885000,2026-04-26 11:07:15,2026-05-02 11:07:15,2026,5,1,18
R0289,content_creator,bandung,-1,income_w1,910000,2026-05-17 09:37:15,2026-05-23 09:37:15,2026,5,4,21
R0289,content_creator,bandung,-2,income_w2,840000,2026-05-10 09:37:15,2026-05-16 09:37:15,2026,5,3,20
R0289,content_creator,bandung,-3,income_w3,980000,2026-05-03 09:37:15,2026-05-09 09:37:15,2026,5,2,19
R0289,content_creator,bandung,-4,income_w4,630000,2026-04-26 09:37:15,2026-05-02 09:37:15,2026,5,1,18
R0290,pekerja_harian,jateng_yogya,-1,income_w1,330000,2026-05-17 10:22:11,2026-05-23 10:22:11,2026,5,4,21
R0290,pekerja_harian,jateng_yogya,-2,income_w2,0,2026-05-10 10:22:11,2026-05-16 10:22:11,2026,5,3,20
R0290,pekerja_harian,jateng_yogya,-3,income_w3,0,2026-05-03 10:22:11,2026-05-09 10:22:11,2026,5,2,19
R0290,pekerja_harian,jateng_yogya,-4,income_w4,340000,2026-04-26 10:22:11,2026-05-02 10:22:11,2026,5,1,18
R0291,pekerja_harian,jabodetabek,-1,income_w1,145000,2026-05-17 10:29:21,2026-05-23 10:29:21,2026,5,4,21
R0291,pekerja_harian,jabodetabek,-2,income_w2,130000,2026-05-10 10:29:21,2026-05-16 10:29:21,2026,5,3,20
R0291,pekerja_harian,jabodetabek,-3,income_w3,145000,2026-05-03 10:29:21,2026-05-09 10:29:21,2026,5,2,19
R0291,pekerja_harian,jabodetabek,-4,income_w4,165000,2026-04-26 10:29:21,2026-05-02 10:29:21,2026,5,1,18
R0292,freelance_desain,jateng_yogya,-1,income_w1,175000,2026-05-17 11:51:47,2026-05-23 11:51:47,2026,5,4,21
R0292,freelance_desain,jateng_yogya,-2,income_w2,175000,2026-05-10 11:51:47,2026-05-16 11:51:47,2026,5,3,20
R0292,freelance_desain,jateng_yogya,-3,income_w3,195000,2026-05-03 11:51:47,2026-05-09 11:51:47,2026,5,2,19
R0292,freelance_desain,jateng_yogya,-4,income_w4,160000,2026-04-26 11:51:47,2026-05-02 11:51:47,2026,5,1,18
R0293,freelance_desain,jabodetabek,-1,income_w1,450000,2026-05-17 12:02:29,2026-05-23 12:02:29,2026,5,4,21
R0293,freelance_desain,jabodetabek,-2,income_w2,420000,2026-05-10 12:02:29,2026-05-16 12:02:29,2026,5,3,20
R0293,freelance_desain,jabodetabek,-3,income_w3,405000,2026-05-03 12:02:29,2026-05-09 12:02:29,2026,5,2,19
R0293,freelance_desain,jabodetabek,-4,income_w4,505000,2026-04-26 12:02:29,2026-05-02 12:02:29,2026,5,1,18
R0294,ojek_online,jabodetabek,-1,income_w1,515000,2026-05-17 12:08:48,2026-05-23 12:08:48,2026,5,4,21
R0294,ojek_online,jabodetabek,-2,income_w2,420000,2026-05-10 12:08:48,2026-05-16 12:08:48,2026,5,3,20
R0294,ojek_online,jabodetabek,-3,income_w3,475000,2026-05-03 12:08:48,2026-05-09 12:08:48,2026,5,2,19
R0294,ojek_online,jabodetabek,-4,income_w4,630000,2026-04-26 12:08:48,2026-05-02 12:08:48,2026,5,1,18
R0295,ojek_online,jabar_lainnya,-1,income_w1,455000,2026-05-17 12:15:25,2026-05-23 12:15:25,2026,5,4,21
R0295,ojek_online,jabar_lainnya,-2,income_w2,680000,2026-05-10 12:15:25,2026-05-16 12:15:25,2026,5,3,20
R0295,ojek_online,jabar_lainnya,-3,income_w3,700000,2026-05-03 12:15:25,2026-05-09 12:15:25,2026,5,2,19
R0295,ojek_online,jabar_lainnya,-4,income_w4,515000,2026-04-26 12:15:25,2026-05-02 12:15:25,2026,5,1,18
R0296,tutor,jabodetabek,-1,income_w1,795000,2026-05-17 12:43:06,2026-05-23 12:43:06,2026,5,4,21
R0296,tutor,jabodetabek,-2,income_w2,1110000,2026-05-10 12:43:06,2026-05-16 12:43:06,2026,5,3,20
R0296,tutor,jabodetabek,-3,income_w3,720000,2026-05-03 12:43:06,2026-05-09 12:43:06,2026,5,2,19
R0296,tutor,jabodetabek,-4,income_w4,1130000,2026-04-26 12:43:06,2026-05-02 12:43:06,2026,5,1,18
R0297,pekerja_harian,jabodetabek,-1,income_w1,100000,2026-05-17 12:53:43,2026-05-23 12:53:43,2026,5,4,21
R0297,pekerja_harian,jabodetabek,-2,income_w2,105000,2026-05-10 12:53:43,2026-05-16 12:53:43,2026,5,3,20
R0297,pekerja_harian,jabodetabek,-3,income_w3,95000,2026-05-03 12:53:43,2026-05-09 12:53:43,2026,5,2,19
R0297,pekerja_harian,jabodetabek,-4,income_w4,105000,2026-04-26 12:53:43,2026-05-02 12:53:43,2026,5,1,18
R0298,jualan_online,sumatera,-1,income_w1,210000,2026-05-17 13:14:49,2026-05-23 13:14:49,2026,5,4,21
R0298,jualan_online,sumatera,-2,income_w2,275000,2026-05-10 13:14:49,2026-05-16 13:14:49,2026,5,3,20
R0298,jualan_online,sumatera,-3,income_w3,320000,2026-05-03 13:14:49,2026-05-09 13:14:49,2026,5,2,19
R0298,jualan_online,sumatera,-4,income_w4,325000,2026-04-26 13:14:49,2026-05-02 13:14:49,2026,5,1,18
R0299,tutor,bandung,-1,income_w1,0,2026-05-17 14:17:38,2026-05-23 14:17:38,2026,5,4,21
R0299,tutor,bandung,-2,income_w2,1135000,2026-05-10 14:17:38,2026-05-16 14:17:38,2026,5,3,20
R0299,tutor,bandung,-3,income_w3,780000,2026-05-03 14:17:38,2026-05-09 14:17:38,2026,5,2,19
R0299,tutor,bandung,-4,income_w4,985000,2026-04-26 14:17:38,2026-05-02 14:17:38,2026,5,1,18
R0300,ojek_online,bandung,-1,income_w1,270000,2026-05-17 14:50:38,2026-05-23 14:50:38,2026,5,4,21
R0300,ojek_online,bandung,-2,income_w2,310000,2026-05-10 14:50:38,2026-05-16 14:50:38,2026,5,3,20
R0300,ojek_online,bandung,-3,income_w3,300000,2026-05-03 14:50:38,2026-05-09 14:50:38,2026,5,2,19
R0300,ojek_online,bandung,-4,income_w4,310000,2026-04-26 14:50:38,2026-05-02 14:50:38,2026,5,1,18
R0301,jualan_online,jabodetabek,-1,income_w1,165000,2026-05-17 15:08:15,2026-05-23 15:08:15,2026,5,4,21
R0301,jualan_online,jabodetabek,-2,income_w2,165000,2026-05-10 15:08:15,2026-05-16 15:08:15,2026,5,3,20
R0301,jualan_online,jabodetabek,-3,income_w3,130000,2026-05-03 15:08:15,2026-05-09 15:08:15,2026,5,2,19
R0301,jualan_online,jabodetabek,-4,income_w4,0,2026-04-26 15:08:15,2026-05-02 15:08:15,2026,5,1,18
R0302,ojek_online,jabar_lainnya,-1,income_w1,320000,2026-05-17 15:16:16,2026-05-23 15:16:16,2026,5,4,21
R0302,ojek_online,jabar_lainnya,-2,income_w2,450000,2026-05-10 15:16:16,2026-05-16 15:16:16,2026,5,3,20
R0302,ojek_online,jabar_lainnya,-3,income_w3,345000,2026-05-03 15:16:16,2026-05-09 15:16:16,2026,5,2,19
R0302,ojek_online,jabar_lainnya,-4,income_w4,350000,2026-04-26 15:16:16,2026-05-02 15:16:16,2026,5,1,18
R0303,jualan_online,jabodetabek,-1,income_w1,395000,2026-05-17 16:28:10,2026-05-23 16:28:10,2026,5,4,21
R0303,jualan_online,jabodetabek,-2,income_w2,395000,2026-05-10 16:28:10,2026-05-16 16:28:10,2026,5,3,20
R0303,jualan_online,jabodetabek,-3,income_w3,420000,2026-05-03 16:28:10,2026-05-09 16:28:10,2026,5,2,19
R0303,jualan_online,jabodetabek,-4,income_w4,490000,2026-04-26 16:28:10,2026-05-02 16:28:10,2026,5,1,18
R0304,freelance_it,jateng_yogya,-1,income_w1,585000,2026-05-17 17:14:30,2026-05-23 17:14:30,2026,5,4,21
R0304,freelance_it,jateng_yogya,-2,income_w2,695000,2026-05-10 17:14:30,2026-05-16 17:14:30,2026,5,3,20
R0304,freelance_it,jateng_yogya,-3,income_w3,900000,2026-05-03 17:14:30,2026-05-09 17:14:30,2026,5,2,19
R0304,freelance_it,jateng_yogya,-4,income_w4,625000,2026-04-26 17:14:30,2026-05-02 17:14:30,2026,5,1,18
R0305,pekerja_harian,jatim,-1,income_w1,440000,2026-05-17 18:35:15,2026-05-23 18:35:15,2026,5,4,21
R0305,pekerja_harian,jatim,-2,income_w2,395000,2026-05-10 18:35:15,2026-05-16 18:35:15,2026,5,3,20
R0305,pekerja_harian,jatim,-3,income_w3,330000,2026-05-03 18:35:15,2026-05-09 18:35:15,2026,5,2,19
R0305,pekerja_harian,jatim,-4,income_w4,460000,2026-04-26 18:35:15,2026-05-02 18:35:15,2026,5,1,18
R0306,ojek_online,sulawesi,-1,income_w1,290000,2026-05-17 19:07:33,2026-05-23 19:07:33,2026,5,4,21
R0306,ojek_online,sulawesi,-2,income_w2,275000,2026-05-10 19:07:33,2026-05-16 19:07:33,2026,5,3,20
R0306,ojek_online,sulawesi,-3,income_w3,295000,2026-05-03 19:07:33,2026-05-09 19:07:33,2026,5,2,19
R0306,ojek_online,sulawesi,-4,income_w4,305000,2026-04-26 19:07:33,2026-05-02 19:07:33,2026,5,1,18
R0307,jualan_online,jateng_yogya,-1,income_w1,620000,2026-05-17 19:36:40,2026-05-23 19:36:40,2026,5,4,21
R0307,jualan_online,jateng_yogya,-2,income_w2,515000,2026-05-10 19:36:40,2026-05-16 19:36:40,2026,5,3,20
R0307,jualan_online,jateng_yogya,-3,income_w3,560000,2026-05-03 19:36:40,2026-05-09 19:36:40,2026,5,2,19
R0307,jualan_online,jateng_yogya,-4,income_w4,665000,2026-04-26 19:36:40,2026-05-02 19:36:40,2026,5,1,18
R0308,freelance_it,jabar_lainnya,-1,income_w1,185000,2026-05-17 19:44:45,2026-05-23 19:44:45,2026,5,4,21
R0308,freelance_it,jabar_lainnya,-2,income_w2,255000,2026-05-10 19:44:45,2026-05-16 19:44:45,2026,5,3,20
R0308,freelance_it,jabar_lainnya,-3,income_w3,240000,2026-05-03 19:44:45,2026-05-09 19:44:45,2026,5,2,19
R0308,freelance_it,jabar_lainnya,-4,income_w4,200000,2026-04-26 19:44:45,2026-05-02 19:44:45,2026,5,1,18
R0309,jualan_online,jabar_lainnya,-1,income_w1,530000,2026-05-17 19:52:09,2026-05-23 19:52:09,2026,5,4,21
R0309,jualan_online,jabar_lainnya,-2,income_w2,505000,2026-05-10 19:52:09,2026-05-16 19:52:09,2026,5,3,20
R0309,jualan_online,jabar_lainnya,-3,income_w3,595000,2026-05-03 19:52:09,2026-05-09 19:52:09,2026,5,2,19
R0309,jualan_online,jabar_lainnya,-4,income_w4,650000,2026-04-26 19:52:09,2026-05-02 19:52:09,2026,5,1,18
R0310,tutor,jabodetabek,-1,income_w1,130000,2026-05-17 20:28:35,2026-05-23 20:28:35,2026,5,4,21
R0310,tutor,jabodetabek,-2,income_w2,145000,2026-05-10 20:28:35,2026-05-16 20:28:35,2026,5,3,20
R0310,tutor,jabodetabek,-3,income_w3,150000,2026-05-03 20:28:35,2026-05-09 20:28:35,2026,5,2,19
R0310,tutor,jabodetabek,-4,income_w4,0,2026-04-26 20:28:35,2026-05-02 20:28:35,2026,5,1,18
R0311,freelance_it,sulawesi,-1,income_w1,870000,2026-05-17 20:40:54,2026-05-23 20:40:54,2026,5,4,21
R0311,freelance_it,sulawesi,-2,income_w2,1075000,2026-05-10 20:40:54,2026-05-16 20:40:54,2026,5,3,20
R0311,freelance_it,sulawesi,-3,income_w3,1085000,2026-05-03 20:40:54,2026-05-09 20:40:54,2026,5,2,19
R0311,freelance_it,sulawesi,-4,income_w4,1035000,2026-04-26 20:40:54,2026-05-02 20:40:54,2026,5,1,18
R0312,freelance_it,jateng_yogya,-1,income_w1,540000,2026-05-17 21:26:07,2026-05-23 21:26:07,2026,5,4,21
R0312,freelance_it,jateng_yogya,-2,income_w2,500000,2026-05-10 21:26:07,2026-05-16 21:26:07,2026,5,3,20
R0312,freelance_it,jateng_yogya,-3,income_w3,515000,2026-05-03 21:26:07,2026-05-09 21:26:07,2026,5,2,19
R0312,freelance_it,jateng_yogya,-4,income_w4,0,2026-04-26 21:26:07,2026-05-02 21:26:07,2026,5,1,18
R0313,content_creator,jabar_lainnya,-1,income_w1,260000,2026-05-18 11:14:04,2026-05-24 11:14:04,2026,5,4,21
R0313,content_creator,jabar_lainnya,-2,income_w2,190000,2026-05-11 11:14:04,2026-05-17 11:14:04,2026,5,3,20
R0313,content_creator,jabar_lainnya,-3,income_w3,250000,2026-05-04 11:14:04,2026-05-10 11:14:04,2026,5,2,19
R0313,content_creator,jabar_lainnya,-4,income_w4,215000,2026-04-27 11:14:04,2026-05-03 11:14:04,2026,5,1,18
R0314,jualan_online,jabodetabek,-1,income_w1,0,2026-05-18 19:21:01,2026-05-24 19:21:01,2026,5,4,21
R0314,jualan_online,jabodetabek,-2,income_w2,345000,2026-05-11 19:21:01,2026-05-17 19:21:01,2026,5,3,20
R0314,jualan_online,jabodetabek,-3,income_w3,295000,2026-05-04 19:21:01,2026-05-10 19:21:01,2026,5,2,19
R0314,jualan_online,jabodetabek,-4,income_w4,315000,2026-04-27 19:21:01,2026-05-03 19:21:01,2026,5,1,18
R0315,pekerja_harian,jabar_lainnya,-1,income_w1,500000,2026-05-18 17:37:35,2026-05-24 17:37:35,2026,5,4,21
R0315,pekerja_harian,jabar_lainnya,-2,income_w2,440000,2026-05-11 17:37:35,2026-05-17 17:37:35,2026,5,3,20
R0315,pekerja_harian,jabar_lainnya,-3,income_w3,425000,2026-05-04 17:37:35,2026-05-10 17:37:35,2026,5,2,19
R0315,pekerja_harian,jabar_lainnya,-4,income_w4,425000,2026-04-27 17:37:35,2026-05-03 17:37:35,2026,5,1,18
R0316,pekerja_harian,bandung,-1,income_w1,665000,2026-05-18 21:14:37,2026-05-24 21:14:37,2026,5,4,21
R0316,pekerja_harian,bandung,-2,income_w2,530000,2026-05-11 21:14:37,2026-05-17 21:14:37,2026,5,3,20
R0316,pekerja_harian,bandung,-3,income_w3,690000,2026-05-04 21:14:37,2026-05-10 21:14:37,2026,5,2,19
R0316,pekerja_harian,bandung,-4,income_w4,595000,2026-04-27 21:14:37,2026-05-03 21:14:37,2026,5,1,18
R0317,tutor,kalimantan,-1,income_w1,0,2026-05-18 14:14:00,2026-05-24 14:14:00,2026,5,4,21
R0317,tutor,kalimantan,-2,income_w2,465000,2026-05-11 14:14:00,2026-05-17 14:14:00,2026,5,3,20
R0317,tutor,kalimantan,-3,income_w3,375000,2026-05-04 14:14:00,2026-05-10 14:14:00,2026,5,2,19
R0317,tutor,kalimantan,-4,income_w4,465000,2026-04-27 14:14:00,2026-05-03 14:14:00,2026,5,1,18
R0318,freelance_it,bandung,-1,income_w1,565000,2026-05-18 09:04:45,2026-05-24 09:04:45,2026,5,4,21
R0318,freelance_it,bandung,-2,income_w2,420000,2026-05-11 09:04:45,2026-05-17 09:04:45,2026,5,3,20
R0318,freelance_it,bandung,-3,income_w3,590000,2026-05-04 09:04:45,2026-05-10 09:04:45,2026,5,2,19
R0318,freelance_it,bandung,-4,income_w4,450000,2026-04-27 09:04:45,2026-05-03 09:04:45,2026,5,1,18
R0319,tutor,jabar_lainnya,-1,income_w1,230000,2026-05-18 19:40:03,2026-05-24 19:40:03,2026,5,4,21
R0319,tutor,jabar_lainnya,-2,income_w2,160000,2026-05-11 19:40:03,2026-05-17 19:40:03,2026,5,3,20
R0319,tutor,jabar_lainnya,-3,income_w3,185000,2026-05-04 19:40:03,2026-05-10 19:40:03,2026,5,2,19
R0319,tutor,jabar_lainnya,-4,income_w4,165000,2026-04-27 19:40:03,2026-05-03 19:40:03,2026,5,1,18
R0320,ojek_online,jabodetabek,-1,income_w1,473000,2026-05-18 19:14:04,2026-05-24 19:14:04,2026,5,4,21
R0320,ojek_online,jabodetabek,-2,income_w2,489000,2026-05-11 19:14:04,2026-05-17 19:14:04,2026,5,3,20
R0320,ojek_online,jabodetabek,-3,income_w3,528000,2026-05-04 19:14:04,2026-05-10 19:14:04,2026,5,2,19
R0320,ojek_online,jabodetabek,-4,income_w4,439000,2026-04-27 19:14:04,2026-05-03 19:14:04,2026,5,1,18
R0321,tutor,jateng_yogya,-1,income_w1,270000,2026-05-18 08:37:14,2026-05-24 08:37:14,2026,5,4,21
R0321,tutor,jateng_yogya,-2,income_w2,250000,2026-05-11 08:37:14,2026-05-17 08:37:14,2026,5,3,20
R0321,tutor,jateng_yogya,-3,income_w3,300000,2026-05-04 08:37:14,2026-05-10 08:37:14,2026,5,2,19
R0321,tutor,jateng_yogya,-4,income_w4,205000,2026-04-27 08:37:14,2026-05-03 08:37:14,2026,5,1,18
R0322,freelance_it,jabodetabek,-1,income_w1,1265000,2026-05-18 09:27:10,2026-05-24 09:27:10,2026,5,4,21
R0322,freelance_it,jabodetabek,-2,income_w2,975000,2026-05-11 09:27:10,2026-05-17 09:27:10,2026,5,3,20
R0322,freelance_it,jabodetabek,-3,income_w3,980000,2026-05-04 09:27:10,2026-05-10 09:27:10,2026,5,2,19
R0322,freelance_it,jabodetabek,-4,income_w4,1195000,2026-04-27 09:27:10,2026-05-03 09:27:10,2026,5,1,18
R0323,tutor,jabar_lainnya,-1,income_w1,245000,2026-05-18 09:53:05,2026-05-24 09:53:05,2026,5,4,21
R0323,tutor,jabar_lainnya,-2,income_w2,185000,2026-05-11 09:53:05,2026-05-17 09:53:05,2026,5,3,20
R0323,tutor,jabar_lainnya,-3,income_w3,165000,2026-05-04 09:53:05,2026-05-10 09:53:05,2026,5,2,19
R0323,tutor,jabar_lainnya,-4,income_w4,0,2026-04-27 09:53:05,2026-05-03 09:53:05,2026,5,1,18
R0324,freelance_desain,bali_ntt,-1,income_w1,155000,2026-05-18 10:20:54,2026-05-24 10:20:54,2026,5,4,21
R0324,freelance_desain,bali_ntt,-2,income_w2,145000,2026-05-11 10:20:54,2026-05-17 10:20:54,2026,5,3,20
R0324,freelance_desain,bali_ntt,-3,income_w3,165000,2026-05-04 10:20:54,2026-05-10 10:20:54,2026,5,2,19
R0324,freelance_desain,bali_ntt,-4,income_w4,155000,2026-04-27 10:20:54,2026-05-03 10:20:54,2026,5,1,18
R0325,kurir,jatim,-1,income_w1,0,2026-05-18 10:53:28,2026-05-24 10:53:28,2026,5,4,21
R0325,kurir,jatim,-2,income_w2,456000,2026-05-11 10:53:28,2026-05-17 10:53:28,2026,5,3,20
R0325,kurir,jatim,-3,income_w3,525000,2026-05-04 10:53:28,2026-05-10 10:53:28,2026,5,2,19
R0325,kurir,jatim,-4,income_w4,525000,2026-04-27 10:53:28,2026-05-03 10:53:28,2026,5,1,18
R0326,freelance_it,bandung,-1,income_w1,1255000,2026-05-18 13:27:25,2026-05-24 13:27:25,2026,5,4,21
R0326,freelance_it,bandung,-2,income_w2,855000,2026-05-11 13:27:25,2026-05-17 13:27:25,2026,5,3,20
R0326,freelance_it,bandung,-3,income_w3,1190000,2026-05-04 13:27:25,2026-05-10 13:27:25,2026,5,2,19
R0326,freelance_it,bandung,-4,income_w4,0,2026-04-27 13:27:25,2026-05-03 13:27:25,2026,5,1,18
R0327,jualan_online,jatim,-1,income_w1,345000,2026-05-18 14:15:09,2026-05-24 14:15:09,2026,5,4,21
R0327,jualan_online,jatim,-2,income_w2,470000,2026-05-11 14:15:09,2026-05-17 14:15:09,2026,5,3,20
R0327,jualan_online,jatim,-3,income_w3,420000,2026-05-04 14:15:09,2026-05-10 14:15:09,2026,5,2,19
R0327,jualan_online,jatim,-4,income_w4,435000,2026-04-27 14:15:09,2026-05-03 14:15:09,2026,5,1,18
R0328,freelance_desain,sumatera,-1,income_w1,600000,2026-05-18 14:30:22,2026-05-24 14:30:22,2026,5,4,21
R0328,freelance_desain,sumatera,-2,income_w2,885000,2026-05-11 14:30:22,2026-05-17 14:30:22,2026,5,3,20
R0328,freelance_desain,sumatera,-3,income_w3,845000,2026-05-04 14:30:22,2026-05-10 14:30:22,2026,5,2,19
R0328,freelance_desain,sumatera,-4,income_w4,610000,2026-04-27 14:30:22,2026-05-03 14:30:22,2026,5,1,18
R0329,freelance_desain,jabodetabek,-1,income_w1,785000,2026-05-18 14:39:42,2026-05-24 14:39:42,2026,5,4,21
R0329,freelance_desain,jabodetabek,-2,income_w2,680000,2026-05-11 14:39:42,2026-05-17 14:39:42,2026,5,3,20
R0329,freelance_desain,jabodetabek,-3,income_w3,630000,2026-05-04 14:39:42,2026-05-10 14:39:42,2026,5,2,19
R0329,freelance_desain,jabodetabek,-4,income_w4,975000,2026-04-27 14:39:42,2026-05-03 14:39:42,2026,5,1,18
R0330,tutor,jabodetabek,-1,income_w1,1240000,2026-05-18 14:52:11,2026-05-24 14:52:11,2026,5,4,21
R0330,tutor,jabodetabek,-2,income_w2,1275000,2026-05-11 14:52:11,2026-05-17 14:52:11,2026,5,3,20
R0330,tutor,jabodetabek,-3,income_w3,1355000,2026-05-04 14:52:11,2026-05-10 14:52:11,2026,5,2,19
R0330,tutor,jabodetabek,-4,income_w4,925000,2026-04-27 14:52:11,2026-05-03 14:52:11,2026,5,1,18
R0331,tutor,jatim,-1,income_w1,285000,2026-05-18 16:20:33,2026-05-24 16:20:33,2026,5,4,21
R0331,tutor,jatim,-2,income_w2,315000,2026-05-11 16:20:33,2026-05-17 16:20:33,2026,5,3,20
R0331,tutor,jatim,-3,income_w3,315000,2026-05-04 16:20:33,2026-05-10 16:20:33,2026,5,2,19
R0331,tutor,jatim,-4,income_w4,340000,2026-04-27 16:20:33,2026-05-03 16:20:33,2026,5,1,18
R0332,jualan_online,jabodetabek,-1,income_w1,285000,2026-05-18 17:15:17,2026-05-24 17:15:17,2026,5,4,21
R0332,jualan_online,jabodetabek,-2,income_w2,340000,2026-05-11 17:15:17,2026-05-17 17:15:17,2026,5,3,20
R0332,jualan_online,jabodetabek,-3,income_w3,350000,2026-05-04 17:15:17,2026-05-10 17:15:17,2026,5,2,19
R0332,jualan_online,jabodetabek,-4,income_w4,295000,2026-04-27 17:15:17,2026-05-03 17:15:17,2026,5,1,18
R0333,pekerja_harian,bandung,-1,income_w1,130000,2026-05-18 17:28:14,2026-05-24 17:28:14,2026,5,4,21
R0333,pekerja_harian,bandung,-2,income_w2,0,2026-05-11 17:28:14,2026-05-17 17:28:14,2026,5,3,20
R0333,pekerja_harian,bandung,-3,income_w3,130000,2026-05-04 17:28:14,2026-05-10 17:28:14,2026,5,2,19
R0333,pekerja_harian,bandung,-4,income_w4,145000,2026-04-27 17:28:14,2026-05-03 17:28:14,2026,5,1,18
R0334,content_creator,jabodetabek,-1,income_w1,160000,2026-05-18 18:16:49,2026-05-24 18:16:49,2026,5,4,21
R0334,content_creator,jabodetabek,-2,income_w2,215000,2026-05-11 18:16:49,2026-05-17 18:16:49,2026,5,3,20
R0334,content_creator,jabodetabek,-3,income_w3,225000,2026-05-04 18:16:49,2026-05-10 18:16:49,2026,5,2,19
R0334,content_creator,jabodetabek,-4,income_w4,220000,2026-04-27 18:16:49,2026-05-03 18:16:49,2026,5,1,18
R0335,freelance_desain,jabar_lainnya,-1,income_w1,520000,2026-05-18 19:00:07,2026-05-24 19:00:07,2026,5,4,21
R0335,freelance_desain,jabar_lainnya,-2,income_w2,595000,2026-05-11 19:00:07,2026-05-17 19:00:07,2026,5,3,20
R0335,freelance_desain,jabar_lainnya,-3,income_w3,740000,2026-05-04 19:00:07,2026-05-10 19:00:07,2026,5,2,19
R0335,freelance_desain,jabar_lainnya,-4,income_w4,730000,2026-04-27 19:00:07,2026-05-03 19:00:07,2026,5,1,18
R0336,freelance_desain,jabodetabek,-1,income_w1,1330000,2026-05-18 19:26:08,2026-05-24 19:26:08,2026,5,4,21
R0336,freelance_desain,jabodetabek,-2,income_w2,1665000,2026-05-11 19:26:08,2026-05-17 19:26:08,2026,5,3,20
R0336,freelance_desain,jabodetabek,-3,income_w3,0,2026-05-04 19:26:08,2026-05-10 19:26:08,2026,5,2,19
R0336,freelance_desain,jabodetabek,-4,income_w4,1760000,2026-04-27 19:26:08,2026-05-03 19:26:08,2026,5,1,18
R0337,pekerja_harian,jateng_yogya,-1,income_w1,495000,2026-05-18 19:42:10,2026-05-24 19:42:10,2026,5,4,21
R0337,pekerja_harian,jateng_yogya,-2,income_w2,485000,2026-05-11 19:42:10,2026-05-17 19:42:10,2026,5,3,20
R0337,pekerja_harian,jateng_yogya,-3,income_w3,640000,2026-05-04 19:42:10,2026-05-10 19:42:10,2026,5,2,19
R0337,pekerja_harian,jateng_yogya,-4,income_w4,650000,2026-04-27 19:42:10,2026-05-03 19:42:10,2026,5,1,18
R0338,jualan_online,jabodetabek,-1,income_w1,395000,2026-05-18 19:46:49,2026-05-24 19:46:49,2026,5,4,21
R0338,jualan_online,jabodetabek,-2,income_w2,275000,2026-05-11 19:46:49,2026-05-17 19:46:49,2026,5,3,20
R0338,jualan_online,jabodetabek,-3,income_w3,305000,2026-05-04 19:46:49,2026-05-10 19:46:49,2026,5,2,19
R0338,jualan_online,jabodetabek,-4,income_w4,405000,2026-04-27 19:46:49,2026-05-03 19:46:49,2026,5,1,18
R0339,jualan_online,jateng_yogya,-1,income_w1,0,2026-05-18 20:30:52,2026-05-24 20:30:52,2026,5,4,21
R0339,jualan_online,jateng_yogya,-2,income_w2,310000,2026-05-11 20:30:52,2026-05-17 20:30:52,2026,5,3,20
R0339,jualan_online,jateng_yogya,-3,income_w3,0,2026-05-04 20:30:52,2026-05-10 20:30:52,2026,5,2,19
R0339,jualan_online,jateng_yogya,-4,income_w4,325000,2026-04-27 20:30:52,2026-05-03 20:30:52,2026,5,1,18
R0340,pekerja_harian,jateng_yogya,-1,income_w1,160000,2026-05-18 20:57:05,2026-05-24 20:57:05,2026,5,4,21
R0340,pekerja_harian,jateng_yogya,-2,income_w2,240000,2026-05-11 20:57:05,2026-05-17 20:57:05,2026,5,3,20
R0340,pekerja_harian,jateng_yogya,-3,income_w3,190000,2026-05-04 20:57:05,2026-05-10 20:57:05,2026,5,2,19
R0340,pekerja_harian,jateng_yogya,-4,income_w4,200000,2026-04-27 20:57:05,2026-05-03 20:57:05,2026,5,1,18
R0341,freelance_desain,jabodetabek,-1,income_w1,210000,2026-05-18 22:30:20,2026-05-24 22:30:20,2026,5,4,21
R0341,freelance_desain,jabodetabek,-2,income_w2,235000,2026-05-11 22:30:20,2026-05-17 22:30:20,2026,5,3,20
R0341,freelance_desain,jabodetabek,-3,income_w3,225000,2026-05-04 22:30:20,2026-05-10 22:30:20,2026,5,2,19
R0341,freelance_desain,jabodetabek,-4,income_w4,225000,2026-04-27 22:30:20,2026-05-03 22:30:20,2026,5,1,18
R0342,freelance_it,jabodetabek,-1,income_w1,930000,2026-05-18 22:35:14,2026-05-24 22:35:14,2026,5,4,21
R0342,freelance_it,jabodetabek,-2,income_w2,905000,2026-05-11 22:35:14,2026-05-17 22:35:14,2026,5,3,20
R0342,freelance_it,jabodetabek,-3,income_w3,920000,2026-05-04 22:35:14,2026-05-10 22:35:14,2026,5,2,19
R0342,freelance_it,jabodetabek,-4,income_w4,800000,2026-04-27 22:35:14,2026-05-03 22:35:14,2026,5,1,18
R0343,pekerja_harian,jateng_yogya,-1,income_w1,150000,2026-05-18 23:54:12,2026-05-24 23:54:12,2026,5,4,21
R0343,pekerja_harian,jateng_yogya,-2,income_w2,150000,2026-05-11 23:54:12,2026-05-17 23:54:12,2026,5,3,20
R0343,pekerja_harian,jateng_yogya,-3,income_w3,160000,2026-05-04 23:54:12,2026-05-10 23:54:12,2026,5,2,19
R0343,pekerja_harian,jateng_yogya,-4,income_w4,170000,2026-04-27 23:54:12,2026-05-03 23:54:12,2026,5,1,18
R0344,tutor,jatim,-1,income_w1,0,2026-05-19 16:57:02,2026-05-25 16:57:02,2026,5,4,22
R0344,tutor,jatim,-2,income_w2,535000,2026-05-12 16:57:02,2026-05-18 16:57:02,2026,5,3,21
R0344,tutor,jatim,-3,income_w3,655000,2026-05-05 16:57:02,2026-05-11 16:57:02,2026,5,2,20
R0344,tutor,jatim,-4,income_w4,790000,2026-04-28 16:57:02,2026-05-04 16:57:02,2026,5,1,19
R0345,ojek_online,jatim,-1,income_w1,165000,2026-05-19 19:55:21,2026-05-25 19:55:21,2026,5,4,22
R0345,ojek_online,jatim,-2,income_w2,140000,2026-05-12 19:55:21,2026-05-18 19:55:21,2026,5,3,21
R0345,ojek_online,jatim,-3,income_w3,195000,2026-05-05 19:55:21,2026-05-11 19:55:21,2026,5,2,20
R0345,ojek_online,jatim,-4,income_w4,135000,2026-04-28 19:55:21,2026-05-04 19:55:21,2026,5,1,19
R0346,tutor,sumatera,-1,income_w1,965000,2026-05-19 14:04:32,2026-05-25 14:04:32,2026,5,4,22
R0346,tutor,sumatera,-2,income_w2,1070000,2026-05-12 14:04:32,2026-05-18 14:04:32,2026,5,3,21
R0346,tutor,sumatera,-3,income_w3,850000,2026-05-05 14:04:32,2026-05-11 14:04:32,2026,5,2,20
R0346,tutor,sumatera,-4,income_w4,0,2026-04-28 14:04:32,2026-05-04 14:04:32,2026,5,1,19
R0347,ojek_online,jatim,-1,income_w1,370000,2026-05-19 15:15:17,2026-05-25 15:15:17,2026,5,4,22
R0347,ojek_online,jatim,-2,income_w2,375000,2026-05-12 15:15:17,2026-05-18 15:15:17,2026,5,3,21
R0347,ojek_online,jatim,-3,income_w3,340000,2026-05-05 15:15:17,2026-05-11 15:15:17,2026,5,2,20
R0347,ojek_online,jatim,-4,income_w4,390000,2026-04-28 15:15:17,2026-05-04 15:15:17,2026,5,1,19
R0348,content_creator,jabar_lainnya,-1,income_w1,0,2026-05-19 13:42:31,2026-05-25 13:42:31,2026,5,4,22
R0348,content_creator,jabar_lainnya,-2,income_w2,135000,2026-05-12 13:42:31,2026-05-18 13:42:31,2026,5,3,21
R0348,content_creator,jabar_lainnya,-3,income_w3,130000,2026-05-05 13:42:31,2026-05-11 13:42:31,2026,5,2,20
R0348,content_creator,jabar_lainnya,-4,income_w4,105000,2026-04-28 13:42:31,2026-05-04 13:42:31,2026,5,1,19
R0349,jualan_online,sumatera,-1,income_w1,405000,2026-05-19 07:13:34,2026-05-25 07:13:34,2026,5,4,22
R0349,jualan_online,sumatera,-2,income_w2,450000,2026-05-12 07:13:34,2026-05-18 07:13:34,2026,5,3,21
R0349,jualan_online,sumatera,-3,income_w3,515000,2026-05-05 07:13:34,2026-05-11 07:13:34,2026,5,2,20
R0349,jualan_online,sumatera,-4,income_w4,615000,2026-04-28 07:13:34,2026-05-04 07:13:34,2026,5,1,19
R0350,content_creator,bandung,-1,income_w1,275000,2026-05-19 08:08:46,2026-05-25 08:08:46,2026,5,4,22
R0350,content_creator,bandung,-2,income_w2,0,2026-05-12 08:08:46,2026-05-18 08:08:46,2026,5,3,21
R0350,content_creator,bandung,-3,income_w3,300000,2026-05-05 08:08:46,2026-05-11 08:08:46,2026,5,2,20
R0350,content_creator,bandung,-4,income_w4,290000,2026-04-28 08:08:46,2026-05-04 08:08:46,2026,5,1,19
R0351,pekerja_harian,jatim,-1,income_w1,165000,2026-05-19 07:59:56,2026-05-25 07:59:56,2026,5,4,22
R0351,pekerja_harian,jatim,-2,income_w2,150000,2026-05-12 07:59:56,2026-05-18 07:59:56,2026,5,3,21
R0351,pekerja_harian,jatim,-3,income_w3,180000,2026-05-05 07:59:56,2026-05-11 07:59:56,2026,5,2,20
R0351,pekerja_harian,jatim,-4,income_w4,200000,2026-04-28 07:59:56,2026-05-04 07:59:56,2026,5,1,19
R0352,freelance_it,bandung,-1,income_w1,1625000,2026-05-19 17:36:36,2026-05-25 17:36:36,2026,5,4,22
R0352,freelance_it,bandung,-2,income_w2,1405000,2026-05-12 17:36:36,2026-05-18 17:36:36,2026,5,3,21
R0352,freelance_it,bandung,-3,income_w3,1735000,2026-05-05 17:36:36,2026-05-11 17:36:36,2026,5,2,20
R0352,freelance_it,bandung,-4,income_w4,1740000,2026-04-28 17:36:36,2026-05-04 17:36:36,2026,5,1,19
R0353,tutor,bandung,-1,income_w1,1235000,2026-05-19 11:30:15,2026-05-25 11:30:15,2026,5,4,22
R0353,tutor,bandung,-2,income_w2,1135000,2026-05-12 11:30:15,2026-05-18 11:30:15,2026,5,3,21
R0353,tutor,bandung,-3,income_w3,0,2026-05-05 11:30:15,2026-05-11 11:30:15,2026,5,2,20
R0353,tutor,bandung,-4,income_w4,990000,2026-04-28 11:30:15,2026-05-04 11:30:15,2026,5,1,19
R0354,jualan_online,jabar_lainnya,-1,income_w1,210000,2026-05-19 15:50:30,2026-05-25 15:50:30,2026,5,4,22
R0354,jualan_online,jabar_lainnya,-2,income_w2,285000,2026-05-12 15:50:30,2026-05-18 15:50:30,2026,5,3,21
R0354,jualan_online,jabar_lainnya,-3,income_w3,220000,2026-05-05 15:50:30,2026-05-11 15:50:30,2026,5,2,20
R0354,jualan_online,jabar_lainnya,-4,income_w4,0,2026-04-28 15:50:30,2026-05-04 15:50:30,2026,5,1,19
R0355,jualan_online,jateng_yogya,-1,income_w1,225000,2026-05-19 07:33:35,2026-05-25 07:33:35,2026,5,4,22
R0355,jualan_online,jateng_yogya,-2,income_w2,205000,2026-05-12 07:33:35,2026-05-18 07:33:35,2026,5,3,21
R0355,jualan_online,jateng_yogya,-3,income_w3,240000,2026-05-05 07:33:35,2026-05-11 07:33:35,2026,5,2,20
R0355,jualan_online,jateng_yogya,-4,income_w4,190000,2026-04-28 07:33:35,2026-05-04 07:33:35,2026,5,1,19
R0356,jualan_online,jabodetabek,-1,income_w1,340000,2026-05-19 07:51:28,2026-05-25 07:51:28,2026,5,4,22
R0356,jualan_online,jabodetabek,-2,income_w2,430000,2026-05-12 07:51:28,2026-05-18 07:51:28,2026,5,3,21
R0356,jualan_online,jabodetabek,-3,income_w3,470000,2026-05-05 07:51:28,2026-05-11 07:51:28,2026,5,2,20
R0356,jualan_online,jabodetabek,-4,income_w4,430000,2026-04-28 07:51:28,2026-05-04 07:51:28,2026,5,1,19
R0357,jualan_online,jabodetabek,-1,income_w1,360000,2026-05-19 08:04:37,2026-05-25 08:04:37,2026,5,4,22
R0357,jualan_online,jabodetabek,-2,income_w2,350000,2026-05-12 08:04:37,2026-05-18 08:04:37,2026,5,3,21
R0357,jualan_online,jabodetabek,-3,income_w3,0,2026-05-05 08:04:37,2026-05-11 08:04:37,2026,5,2,20
R0357,jualan_online,jabodetabek,-4,income_w4,280000,2026-04-28 08:04:37,2026-05-04 08:04:37,2026,5,1,19
R0358,pekerja_harian,jabodetabek,-1,income_w1,135000,2026-05-19 08:22:21,2026-05-25 08:22:21,2026,5,4,22
R0358,pekerja_harian,jabodetabek,-2,income_w2,135000,2026-05-12 08:22:21,2026-05-18 08:22:21,2026,5,3,21
R0358,pekerja_harian,jabodetabek,-3,income_w3,0,2026-05-05 08:22:21,2026-05-11 08:22:21,2026,5,2,20
R0358,pekerja_harian,jabodetabek,-4,income_w4,160000,2026-04-28 08:22:21,2026-05-04 08:22:21,2026,5,1,19
R0359,freelance_desain,jabodetabek,-1,income_w1,895000,2026-05-19 08:28:18,2026-05-25 08:28:18,2026,5,4,22
R0359,freelance_desain,jabodetabek,-2,income_w2,820000,2026-05-12 08:28:18,2026-05-18 08:28:18,2026,5,3,21
R0359,freelance_desain,jabodetabek,-3,income_w3,930000,2026-05-05 08:28:18,2026-05-11 08:28:18,2026,5,2,20
R0359,freelance_desain,jabodetabek,-4,income_w4,1010000,2026-04-28 08:28:18,2026-05-04 08:28:18,2026,5,1,19
R0360,content_creator,sumatera,-1,income_w1,120000,2026-05-19 10:05:00,2026-05-25 10:05:00,2026,5,4,22
R0360,content_creator,sumatera,-2,income_w2,100000,2026-05-12 10:05:00,2026-05-18 10:05:00,2026,5,3,21
R0360,content_creator,sumatera,-3,income_w3,115000,2026-05-05 10:05:00,2026-05-11 10:05:00,2026,5,2,20
R0360,content_creator,sumatera,-4,income_w4,135000,2026-04-28 10:05:00,2026-05-04 10:05:00,2026,5,1,19
R0361,freelance_it,sumatera,-1,income_w1,290000,2026-05-19 11:08:01,2026-05-25 11:08:01,2026,5,4,22
R0361,freelance_it,sumatera,-2,income_w2,295000,2026-05-12 11:08:01,2026-05-18 11:08:01,2026,5,3,21
R0361,freelance_it,sumatera,-3,income_w3,260000,2026-05-05 11:08:01,2026-05-11 11:08:01,2026,5,2,20
R0361,freelance_it,sumatera,-4,income_w4,215000,2026-04-28 11:08:01,2026-05-04 11:08:01,2026,5,1,19
R0362,freelance_it,bandung,-1,income_w1,315000,2026-05-19 11:17:19,2026-05-25 11:17:19,2026,5,4,22
R0362,freelance_it,bandung,-2,income_w2,285000,2026-05-12 11:17:19,2026-05-18 11:17:19,2026,5,3,21
R0362,freelance_it,bandung,-3,income_w3,0,2026-05-05 11:17:19,2026-05-11 11:17:19,2026,5,2,20
R0362,freelance_it,bandung,-4,income_w4,310000,2026-04-28 11:17:19,2026-05-04 11:17:19,2026,5,1,19
R0363,kurir,jabodetabek,-1,income_w1,285000,2026-05-19 11:43:48,2026-05-25 11:43:48,2026,5,4,22
R0363,kurir,jabodetabek,-2,income_w2,280000,2026-05-12 11:43:48,2026-05-18 11:43:48,2026,5,3,21
R0363,kurir,jabodetabek,-3,income_w3,325000,2026-05-05 11:43:48,2026-05-11 11:43:48,2026,5,2,20
R0363,kurir,jabodetabek,-4,income_w4,450000,2026-04-28 11:43:48,2026-05-04 11:43:48,2026,5,1,19
R0364,freelance_it,jabar_lainnya,-1,income_w1,385000,2026-05-19 11:55:08,2026-05-25 11:55:08,2026,5,4,22
R0364,freelance_it,jabar_lainnya,-2,income_w2,555000,2026-05-12 11:55:08,2026-05-18 11:55:08,2026,5,3,21
R0364,freelance_it,jabar_lainnya,-3,income_w3,490000,2026-05-05 11:55:08,2026-05-11 11:55:08,2026,5,2,20
R0364,freelance_it,jabar_lainnya,-4,income_w4,465000,2026-04-28 11:55:08,2026-05-04 11:55:08,2026,5,1,19
R0365,tutor,jabar_lainnya,-1,income_w1,255000,2026-05-19 12:13:38,2026-05-25 12:13:38,2026,5,4,22
R0365,tutor,jabar_lainnya,-2,income_w2,305000,2026-05-12 12:13:38,2026-05-18 12:13:38,2026,5,3,21
R0365,tutor,jabar_lainnya,-3,income_w3,280000,2026-05-05 12:13:38,2026-05-11 12:13:38,2026,5,2,20
R0365,tutor,jabar_lainnya,-4,income_w4,190000,2026-04-28 12:13:38,2026-05-04 12:13:38,2026,5,1,19
R0366,pekerja_harian,jabodetabek,-1,income_w1,550000,2026-05-19 12:38:21,2026-05-25 12:38:21,2026,5,4,22
R0366,pekerja_harian,jabodetabek,-2,income_w2,665000,2026-05-12 12:38:21,2026-05-18 12:38:21,2026,5,3,21
R0366,pekerja_harian,jabodetabek,-3,income_w3,495000,2026-05-05 12:38:21,2026-05-11 12:38:21,2026,5,2,20
R0366,pekerja_harian,jabodetabek,-4,income_w4,455000,2026-04-28 12:38:21,2026-05-04 12:38:21,2026,5,1,19
R0367,freelance_desain,jateng_yogya,-1,income_w1,265000,2026-05-19 12:46:26,2026-05-25 12:46:26,2026,5,4,22
R0367,freelance_desain,jateng_yogya,-2,income_w2,265000,2026-05-12 12:46:26,2026-05-18 12:46:26,2026,5,3,21
R0367,freelance_desain,jateng_yogya,-3,income_w3,240000,2026-05-05 12:46:26,2026-05-11 12:46:26,2026,5,2,20
R0367,freelance_desain,jateng_yogya,-4,income_w4,360000,2026-04-28 12:46:26,2026-05-04 12:46:26,2026,5,1,19
R0368,freelance_it,jabodetabek,-1,income_w1,1210000,2026-05-19 13:55:41,2026-05-25 13:55:41,2026,5,4,22
R0368,freelance_it,jabodetabek,-2,income_w2,1165000,2026-05-12 13:55:41,2026-05-18 13:55:41,2026,5,3,21
R0368,freelance_it,jabodetabek,-3,income_w3,1425000,2026-05-05 13:55:41,2026-05-11 13:55:41,2026,5,2,20
R0368,freelance_it,jabodetabek,-4,income_w4,1360000,2026-04-28 13:55:41,2026-05-04 13:55:41,2026,5,1,19
R0369,pekerja_harian,bandung,-1,income_w1,330000,2026-05-19 14:21:15,2026-05-25 14:21:15,2026,5,4,22
R0369,pekerja_harian,bandung,-2,income_w2,225000,2026-05-12 14:21:15,2026-05-18 14:21:15,2026,5,3,21
R0369,pekerja_harian,bandung,-3,income_w3,295000,2026-05-05 14:21:15,2026-05-11 14:21:15,2026,5,2,20
R0369,pekerja_harian,bandung,-4,income_w4,215000,2026-04-28 14:21:15,2026-05-04 14:21:15,2026,5,1,19
R0370,freelance_desain,jatim,-1,income_w1,360000,2026-05-19 14:33:51,2026-05-25 14:33:51,2026,5,4,22
R0370,freelance_desain,jatim,-2,income_w2,425000,2026-05-12 14:33:51,2026-05-18 14:33:51,2026,5,3,21
R0370,freelance_desain,jatim,-3,income_w3,450000,2026-05-05 14:33:51,2026-05-11 14:33:51,2026,5,2,20
R0370,freelance_desain,jatim,-4,income_w4,565000,2026-04-28 14:33:51,2026-05-04 14:33:51,2026,5,1,19
R0371,freelance_desain,bandung,-1,income_w1,400000,2026-05-19 14:48:39,2026-05-25 14:48:39,2026,5,4,22
R0371,freelance_desain,bandung,-2,income_w2,470000,2026-05-12 14:48:39,2026-05-18 14:48:39,2026,5,3,21
R0371,freelance_desain,bandung,-3,income_w3,330000,2026-05-05 14:48:39,2026-05-11 14:48:39,2026,5,2,20
R0371,freelance_desain,bandung,-4,income_w4,425000,2026-04-28 14:48:39,2026-05-04 14:48:39,2026,5,1,19
R0372,tutor,jabodetabek,-1,income_w1,430000,2026-05-19 15:42:14,2026-05-25 15:42:14,2026,5,4,22
R0372,tutor,jabodetabek,-2,income_w2,645000,2026-05-12 15:42:14,2026-05-18 15:42:14,2026,5,3,21
R0372,tutor,jabodetabek,-3,income_w3,485000,2026-05-05 15:42:14,2026-05-11 15:42:14,2026,5,2,20
R0372,tutor,jabodetabek,-4,income_w4,495000,2026-04-28 15:42:14,2026-05-04 15:42:14,2026,5,1,19
R0373,jualan_online,jabodetabek,-1,income_w1,275000,2026-05-19 15:42:18,2026-05-25 15:42:18,2026,5,4,22
R0373,jualan_online,jabodetabek,-2,income_w2,235000,2026-05-12 15:42:18,2026-05-18 15:42:18,2026,5,3,21
R0373,jualan_online,jabodetabek,-3,income_w3,0,2026-05-05 15:42:18,2026-05-11 15:42:18,2026,5,2,20
R0373,jualan_online,jabodetabek,-4,income_w4,245000,2026-04-28 15:42:18,2026-05-04 15:42:18,2026,5,1,19
R0374,pekerja_harian,sulawesi,-1,income_w1,490000,2026-05-19 16:33:54,2026-05-25 16:33:54,2026,5,4,22
R0374,pekerja_harian,sulawesi,-2,income_w2,605000,2026-05-12 16:33:54,2026-05-18 16:33:54,2026,5,3,21
R0374,pekerja_harian,sulawesi,-3,income_w3,630000,2026-05-05 16:33:54,2026-05-11 16:33:54,2026,5,2,20
R0374,pekerja_harian,sulawesi,-4,income_w4,425000,2026-04-28 16:33:54,2026-05-04 16:33:54,2026,5,1,19
R0375,pekerja_harian,kalimantan,-1,income_w1,470000,2026-05-19 18:56:20,2026-05-25 18:56:20,2026,5,4,22
R0375,pekerja_harian,kalimantan,-2,income_w2,595000,2026-05-12 18:56:20,2026-05-18 18:56:20,2026,5,3,21
R0375,pekerja_harian,kalimantan,-3,income_w3,630000,2026-05-05 18:56:20,2026-05-11 18:56:20,2026,5,2,20
R0375,pekerja_harian,kalimantan,-4,income_w4,665000,2026-04-28 18:56:20,2026-05-04 18:56:20,2026,5,1,19
R0376,kurir,sumatera,-1,income_w1,261000,2026-05-19 19:45:43,2026-05-25 19:45:43,2026,5,4,22
R0376,kurir,sumatera,-2,income_w2,436000,2026-05-12 19:45:43,2026-05-18 19:45:43,2026,5,3,21
R0376,kurir,sumatera,-3,income_w3,367000,2026-05-05 19:45:43,2026-05-11 19:45:43,2026,5,2,20
R0376,kurir,sumatera,-4,income_w4,387000,2026-04-28 19:45:43,2026-05-04 19:45:43,2026,5,1,19
R0377,pekerja_harian,jabodetabek,-1,income_w1,255000,2026-05-19 19:57:27,2026-05-25 19:57:27,2026,5,4,22
R0377,pekerja_harian,jabodetabek,-2,income_w2,245000,2026-05-12 19:57:27,2026-05-18 19:57:27,2026,5,3,21
R0377,pekerja_harian,jabodetabek,-3,income_w3,240000,2026-05-05 19:57:27,2026-05-11 19:57:27,2026,5,2,20
R0377,pekerja_harian,jabodetabek,-4,income_w4,250000,2026-04-28 19:57:27,2026-05-04 19:57:27,2026,5,1,19
R0378,ojek_online,jabar_lainnya,-1,income_w1,110000,2026-05-19 19:58:49,2026-05-25 19:58:49,2026,5,4,22
R0378,ojek_online,jabar_lainnya,-2,income_w2,0,2026-05-12 19:58:49,2026-05-18 19:58:49,2026,5,3,21
R0378,ojek_online,jabar_lainnya,-3,income_w3,150000,2026-05-05 19:58:49,2026-05-11 19:58:49,2026,5,2,20
R0378,ojek_online,jabar_lainnya,-4,income_w4,145000,2026-04-28 19:58:49,2026-05-04 19:58:49,2026,5,1,19
R0379,freelance_desain,jabar_lainnya,-1,income_w1,630000,2026-05-19 20:51:43,2026-05-25 20:51:43,2026,5,4,22
R0379,freelance_desain,jabar_lainnya,-2,income_w2,565000,2026-05-12 20:51:43,2026-05-18 20:51:43,2026,5,3,21
R0379,freelance_desain,jabar_lainnya,-3,income_w3,740000,2026-05-05 20:51:43,2026-05-11 20:51:43,2026,5,2,20
R0379,freelance_desain,jabar_lainnya,-4,income_w4,885000,2026-04-28 20:51:43,2026-05-04 20:51:43,2026,5,1,19
R0380,tutor,sulawesi,-1,income_w1,0,2026-05-19 20:58:20,2026-05-25 20:58:20,2026,5,4,22
R0380,tutor,sulawesi,-2,income_w2,615000,2026-05-12 20:58:20,2026-05-18 20:58:20,2026,5,3,21
R0380,tutor,sulawesi,-3,income_w3,430000,2026-05-05 20:58:20,2026-05-11 20:58:20,2026,5,2,20
R0380,tutor,sulawesi,-4,income_w4,485000,2026-04-28 20:58:20,2026-05-04 20:58:20,2026,5,1,19
R0381,freelance_desain,jabodetabek,-1,income_w1,530000,2026-05-19 21:19:50,2026-05-25 21:19:50,2026,5,4,22
R0381,freelance_desain,jabodetabek,-2,income_w2,530000,2026-05-12 21:19:50,2026-05-18 21:19:50,2026,5,3,21
R0381,freelance_desain,jabodetabek,-3,income_w3,540000,2026-05-05 21:19:50,2026-05-11 21:19:50,2026,5,2,20
R0381,freelance_desain,jabodetabek,-4,income_w4,485000,2026-04-28 21:19:50,2026-05-04 21:19:50,2026,5,1,19
R0382,jualan_online,jatim,-1,income_w1,575000,2026-05-19 21:34:49,2026-05-25 21:34:49,2026,5,4,22
R0382,jualan_online,jatim,-2,income_w2,425000,2026-05-12 21:34:49,2026-05-18 21:34:49,2026,5,3,21
R0382,jualan_online,jatim,-3,income_w3,390000,2026-05-05 21:34:49,2026-05-11 21:34:49,2026,5,2,20
R0382,jualan_online,jatim,-4,income_w4,530000,2026-04-28 21:34:49,2026-05-04 21:34:49,2026,5,1,19
R0383,content_creator,jateng_yogya,-1,income_w1,575000,2026-05-19 22:27:26,2026-05-25 22:27:26,2026,5,4,22
R0383,content_creator,jateng_yogya,-2,income_w2,610000,2026-05-12 22:27:26,2026-05-18 22:27:26,2026,5,3,21
R0383,content_creator,jateng_yogya,-3,income_w3,530000,2026-05-05 22:27:26,2026-05-11 22:27:26,2026,5,2,20
R0383,content_creator,jateng_yogya,-4,income_w4,460000,2026-04-28 22:27:26,2026-05-04 22:27:26,2026,5,1,19
