timestamp,usia,status_income,lama_kerja_bulan,hari_kerja_per_minggu,jam_kerja_per_hari,income_w1,income_w2,income_w3,income_w4,peak_week,app_helpful_score,respondent_id,timestamp_parsed,survey_date,gig_type,domisili_code,src_gojek,src_grab,src_shopeefood,src_maxim,src_marketplace,src_sosmed,src_wa_langsung,src_freelance_web,ramai_awal_bulan,ramai_akhir_bulan,ramai_weekend,ramai_ramadan,ramai_natal,ramai_harbolnas,ramai_promo_app,ramai_cuaca_bagus,fluk_jumlah_pesanan,fluk_jam_kerja,fluk_cuaca,fluk_weekend,fluk_ramadan,fluk_gajian,fluk_promo_app,fluk_rating,fluk_kondisi_fisik,fitur_perkiraan,fitur_pengingat_turun,fitur_saran_pengeluaran,fitur_saran_nabung,fitur_ringkasan,fitur_tips_uang,total_jam_seminggu,experience_months_log,avg_weekly_income,monthly_income,income_std_4w,income_cv_4w,income_range_4w,pref_payday,pref_awal_bulan,pref_weekend,pref_ramadan_lebaran,pref_natal_tahun_baru,pref_harbolnas,pref_promo_aplikasi
05/16/2026 12:14:43,21,0,4,2,4,260000,0,180000,200000,1,4,R0000,2026-05-16 12:14:43,2026-05-16,freelance_it,jateng_yogya,0,0,0,0,0,0,0,1,1,1,1,0,0,0,0,0,1,1,0,0,0,0,0,0,0,0,1,0,0,0,0,8,1.6094379124341003,213333.33333333334,640000,41633.319989322656,0.19515618744994995,260000,1,1,1,0,0,0,0
05/16/2026 22:20:53,31,1,5,5,4,235000,180000,210000,0,0,2,R0001,2026-05-16 22:20:53,2026-05-16,freelance_desain,jabodetabek,0,0,0,0,0,0,0,1,1,0,0,0,0,0,0,0,0,0,0,0,0,1,0,0,1,1,1,0,0,1,0,20,1.791759469228055,208333.33333333334,625000,27537.852736430512,0.13218169313486644,235000,1,1,0,0,0,0,0
05/16/2026 19:49:49,25,0,4,1,1,260000,0,215000,330000,3,3,R0002,2026-05-16 19:49:49,2026-05-16,freelance_it,bandung,0,0,0,0,0,1,0,1,1,1,0,0,1,0,0,0,0,1,0,0,0,1,0,1,0,1,1,0,1,0,0,1,1.6094379124341003,268333.3333333333,805000,57951.12883571236,0.21596693976041875,330000,1,1,0,0,1,0,0
05/16/2026 16:03:14,20,0,12,3,2,135000,140000,145000,170000,1,5,R0003,2026-05-16 16:03:14,2026-05-16,freelance_desain,jabar_lainnya,0,0,0,0,0,1,0,0,1,1,0,0,0,0,0,0,0,1,0,1,0,0,0,1,0,1,0,1,0,1,0,6,2.5649493574615367,147500.0,590000,15545.631755148024,0.10539411359422389,35000,1,1,0,0,0,0,0
05/16/2026 09:52:02,21,1,60,5,3,355000,280000,320000,375000,1,5,R0004,2026-05-16 09:52:02,2026-05-16,content_creator,jabodetabek,0,0,0,0,0,1,1,0,0,0,1,0,0,0,0,0,0,1,0,1,0,0,1,0,0,0,1,0,0,0,0,15,4.110873864173311,332500.0,1330000,41733.280085163045,0.12551362431627983,95000,0,0,1,0,0,0,0
05/16/2026 09:51:20,28,2,4,4,9,150000,130000,110000,135000,3,4,R0005,2026-05-16 09:51:20,2026-05-16,content_creator,jabodetabek,0,0,0,0,0,1,0,0,0,1,0,0,0,0,1,0,1,0,1,0,1,0,0,0,0,1,0,1,0,0,0,36,1.6094379124341003,131250.0,525000,16520.189667999173,0.12586811175618418,40000,1,0,0,0,0,0,1
05/16/2026 08:25:17,25,1,5,3,4,375000,350000,0,295000,0,5,R0006,2026-05-16 08:25:17,2026-05-16,pekerja_harian,jabodetabek,0,0,0,0,0,1,1,0,0,0,0,0,1,0,0,0,0,0,0,0,0,0,0,1,0,0,1,0,1,0,0,12,1.791759469228055,340000.0,1020000,40926.76385936225,0.1203728348804772,375000,0,0,0,0,1,0,0
05/16/2026 21:04:13,44,2,30,6,7,650000,510000,755000,665000,0,4,R0007,2026-05-16 21:04:13,2026-05-16,pekerja_harian,bandung,0,0,0,0,0,0,1,0,0,1,0,0,0,0,1,1,1,0,0,1,0,0,1,0,0,0,1,0,0,0,0,42,3.4339872044851463,645000.0,2580000,101242.28365658293,0.1569647808629193,245000,1,0,0,0,0,0,1
5/16/2026 08:30:10,37,1,2,4,4,275000,270000,225000,290000,4,3,R0008,2026-05-16 08:30:10,2026-05-16,freelance_it,jabodetabek,0,0,0,0,0,0,0,1,0,1,1,0,0,0,0,0,1,1,0,0,0,0,1,0,0,1,0,0,1,1,0,16,1.0986122886681096,265000.0,1060000,27988.092706244443,0.10561544417450733,65000,1,0,1,0,0,0,0
5/16/2026 09:54:55,18,1,24,3,3,210000,305000,315000,280000,1,5,R0009,2026-05-16 09:54:55,2026-05-16,freelance_desain,sumatera,0,0,0,0,0,0,0,1,0,0,1,0,0,0,0,0,0,0,0,0,0,0,1,1,0,0,1,0,1,0,0,9,3.2188758248682006,277500.0,1110000,47346.2423711393,0.1706170896257272,105000,0,0,1,0,0,0,0
5/16/2026 10:59:17,29,2,18,7,6,80000,80000,60000,80000,3,5,R0010,2026-05-16 10:59:17,2026-05-16,content_creator,kalimantan,0,0,0,0,0,1,0,0,0,0,0,0,0,1,0,1,0,1,0,0,0,0,1,0,1,0,0,1,1,0,0,42,2.9444389791664403,75000.0,300000,10000.0,0.13333333333333333,20000,0,0,0,0,0,1,0
5/16/2026 10:59:29,19,2,5,5,7,195000,150000,190000,230000,3,4,R0011,2026-05-16 10:59:29,2026-05-16,jualan_online,bandung,0,0,0,0,0,1,1,0,0,1,0,0,0,0,0,0,1,0,0,1,0,0,0,0,0,0,0,0,1,0,0,35,1.791759469228055,191250.0,765000,32755.40667838924,0.17127010027915943,80000,1,0,0,0,0,0,0
5/16/2026 11:01:13,20,2,12,7,8,510000,495000,325000,505000,2,5,R0012,2026-05-16 11:01:13,2026-05-16,pekerja_harian,jateng_yogya,0,0,0,0,0,1,1,0,0,0,1,1,0,0,0,0,0,0,0,0,1,0,0,0,1,0,0,0,1,0,0,56,2.5649493574615367,458750.0,1835000,89384.46919534363,0.19484352958113052,185000,0,0,1,1,0,0,0
5/16/2026 11:58:16,28,0,18,4,3,80000,80000,100000,85000,0,4,R0013,2026-05-16 11:58:16,2026-05-16,content_creator,jatim,0,0,0,0,0,1,1,0,0,0,1,0,0,1,0,0,1,0,0,1,1,0,0,0,0,0,0,1,0,0,0,12,2.9444389791664403,86250.0,345000,9464.847243000455,0.10973735933913571,20000,0,0,1,0,0,1,0
5/16/2026 12:36:23,27,2,30,5,9,0,680000,735000,765000,3,5,R0014,2026-05-16 12:36:23,2026-05-16,freelance_desain,jateng_yogya,0,0,0,0,0,0,1,0,1,1,0,1,0,0,0,0,0,1,0,0,0,0,1,1,0,1,0,0,0,0,0,45,3.4339872044851463,726666.6666666666,2180000,43108.390521258545,0.0593234731943925,765000,1,1,0,1,0,0,0
5/16/2026 13:10:40,24,1,3,5,5,615000,705000,775000,620000,1,5,R0015,2026-05-16 13:10:40,2026-05-16,jualan_online,bandung,0,0,0,0,1,1,1,0,0,0,0,0,0,1,0,0,0,1,0,0,1,0,0,0,0,0,1,1,0,0,1,25,1.3862943611198906,678750.0,2715000,76308.0380213426,0.1124243654089762,160000,0,0,0,0,0,1,0
5/16/2026 13:58:55,24,2,24,6,12,460000,400000,460000,525000,2,3,R0016,2026-05-16 13:58:55,2026-05-16,kurir,jabodetabek,1,1,0,0,0,0,0,0,0,1,1,0,0,0,1,0,0,0,0,0,0,0,1,1,0,0,0,0,1,1,0,72,3.2188758248682006,461250.0,1845000,51051.44464165534,0.11068063878949667,125000,1,0,1,0,0,0,1
5/16/2026 14:18:41,29,1,8,5,6,375000,425000,0,305000,0,5,R0017,2026-05-16 14:18:41,2026-05-16,pekerja_harian,jabodetabek,0,0,0,0,0,0,1,0,0,0,0,0,0,0,1,0,1,1,0,1,0,0,0,0,0,0,0,1,1,1,0,30,2.1972245773362196,368333.3333333333,1105000,60277.13773341708,0.16364833773778395,425000,0,0,0,0,0,0,1
5/16/2026 14:27:52,23,1,3,4,5,635000,655000,760000,545000,1,5,R0018,2026-05-16 14:27:52,2026-05-16,freelance_it,sulawesi,0,0,0,0,0,0,0,1,1,0,0,1,0,0,1,0,0,0,0,0,0,1,0,0,0,1,0,0,1,0,0,20,1.3862943611198906,648750.0,2595000,88258.61619883541,0.13604410974772319,215000,1,1,0,1,0,0,1
5/16/2026 14:47:11,23,0,8,3,1,220000,360000,360000,290000,4,3,R0019,2026-05-16 14:47:11,2026-05-16,pekerja_harian,jabar_lainnya,0,0,0,0,0,0,1,0,0,0,1,1,0,0,0,0,0,0,0,0,0,0,0,0,1,0,1,1,0,1,0,3,2.1972245773362196,307500.0,1230000,67019.89754294367,0.217950886318516,140000,0,0,1,1,0,0,0
5/16/2026 15:11:54,37,0,24,1,3,135000,130000,190000,150000,0,4,R0020,2026-05-16 15:11:54,2026-05-16,pekerja_harian,jabodetabek,0,0,0,0,0,1,0,0,0,0,0,1,0,0,0,0,0,0,1,1,0,0,0,0,0,0,0,0,1,0,0,3,3.2188758248682006,151250.0,605000,27195.28145346787,0.17980351374193632,60000,0,0,0,1,0,0,0
5/16/2026 15:35:36,22,0,18,4,4,430000,590000,440000,545000,0,4,R0021,2026-05-16 15:35:36,2026-05-16,freelance_it,jabodetabek,0,0,0,0,0,1,0,1,0,1,1,0,0,1,0,0,1,0,0,1,0,1,0,0,0,0,1,0,0,0,0,16,2.9444389791664403,501250.0,2005000,78779.75628294365,0.15716659607569805,160000,1,0,1,0,0,1,0
5/16/2026 16:39:02,23,1,2,3,4,125000,95000,100000,120000,2,5,R0022,2026-05-16 16:39:02,2026-05-16,freelance_desain,sumatera,0,0,0,0,0,0,1,0,1,1,0,0,0,0,1,0,0,0,0,0,0,1,0,1,0,0,0,1,1,0,0,12,1.0986122886681096,110000.0,440000,14719.601443879745,0.13381455858072494,30000,1,1,0,0,0,0,1
5/16/2026 19:33:14,18,1,6,4,3,750000,820000,665000,535000,1,4,R0023,2026-05-16 19:33:14,2026-05-16,freelance_desain,jabodetabek,0,0,0,0,0,1,1,1,0,0,1,0,0,0,0,0,1,0,0,0,0,0,0,0,0,0,0,0,1,0,0,12,1.9459101490553132,692500.0,2770000,122644.47262990153,0.17710393159552568,285000,0,0,1,0,0,0,0
5/16/2026 21:51:26,22,1,4,3,4,0,505000,600000,665000,2,3,R0024,2026-05-16 21:51:26,2026-05-16,pekerja_harian,jabodetabek,0,0,0,0,0,1,0,0,0,1,0,1,0,0,0,0,1,0,0,1,0,0,0,0,1,0,0,0,0,1,0,12,1.6094379124341003,590000.0,1770000,80467.3846971554,0.13638539779178882,665000,1,0,0,1,0,0,0
5/16/2026 21:55:57,42,2,48,7,7,150000,190000,210000,225000,0,3,R0025,2026-05-16 21:55:57,2026-05-16,freelance_desain,bali_ntt,0,0,0,0,0,1,0,1,0,1,0,0,0,0,0,0,0,0,0,1,0,0,0,1,1,0,0,1,0,0,0,49,3.8918202981106265,193750.0,775000,32500.0,0.16774193548387098,75000,1,0,0,0,0,0,0
5/16/2026 22:47:00,25,0,10,1,4,290000,255000,305000,245000,2,3,R0026,2026-05-16 22:47:00,2026-05-16,freelance_it,bali_ntt,0,0,0,0,0,0,0,1,0,1,1,1,0,0,0,0,1,0,0,0,0,1,0,0,0,0,1,0,0,0,0,4,2.3978952727983707,273750.0,1095000,28394.54172900137,0.1037243533479502,60000,1,0,1,1,0,0,0
5/16/2026 23:14:01,21,0,14,3,4,285000,195000,285000,305000,3,5,R0027,2026-05-16 23:14:01,2026-05-16,content_creator,jabar_lainnya,0,0,0,0,0,1,0,0,0,0,1,0,0,0,0,0,0,0,0,0,0,1,0,0,0,1,1,0,0,1,0,12,2.70805020110221,267500.0,1070000,49244.28900898052,0.18409080003357203,110000,0,0,1,0,0,0,0
5/16/2026 23:30:43,19,1,30,5,6,435000,515000,445000,555000,2,3,R0028,2026-05-16 23:30:43,2026-05-16,freelance_desain,bandung,0,0,0,0,0,0,0,1,0,0,1,0,0,0,0,0,1,0,0,0,0,1,0,0,0,1,0,0,0,0,0,30,3.4339872044851463,487500.0,1950000,57373.04826019502,0.11768830412347697,120000,0,0,1,0,0,0,0
5/16/2026 23:42:42,32,0,8,4,3,355000,430000,520000,440000,3,4,R0029,2026-05-16 23:42:42,2026-05-16,freelance_it,jabar_lainnya,0,0,0,0,0,1,0,1,1,1,0,1,0,0,0,0,0,0,0,0,0,1,0,0,0,1,1,0,0,0,0,12,2.1972245773362196,436250.0,1745000,67500.0,0.15472779369627507,165000,1,1,0,1,0,0,0
05/17/2026 16:58:36,19,1,5,4,6,525000,0,520000,585000,0,4,R0030,2026-05-17 16:58:36,2026-05-17,freelance_desain,bali_ntt,0,0,0,0,0,0,1,1,1,1,1,0,0,0,0,0,1,1,0,0,0,0,0,1,0,1,1,0,0,0,1,24,1.791759469228055,543333.3333333334,1630000,36170.890690351174,0.06657219145463406,585000,1,1,1,0,0,0,0
05/17/2026 18:56:45,18,0,12,3,3,350000,360000,275000,320000,4,2,R0031,2026-05-17 18:56:45,2026-05-17,freelance_desain,jabodetabek,0,0,0,0,0,1,0,1,0,1,0,0,0,1,0,0,1,0,0,0,0,1,0,1,0,0,1,0,0,1,0,9,2.5649493574615367,326250.0,1305000,38160.84380618437,0.11696810362048848,85000,1,0,0,0,0,1,0
05/17/2026 07:20:13,21,1,2,3,4,835000,635000,600000,630000,2,5,R0032,2026-05-17 07:20:13,2026-05-17,freelance_it,jabodetabek,0,0,0,0,0,0,0,1,0,0,0,0,0,0,0,1,0,0,0,1,0,0,0,0,0,0,1,1,0,1,0,12,1.0986122886681096,675000.0,2700000,107780.64142816495,0.15967502433802214,235000,0,0,0,0,0,0,0
05/17/2026 23:41:31,17,2,14,4,6,960000,695000,800000,765000,0,3,R0033,2026-05-17 23:41:31,2026-05-17,freelance_desain,bandung,0,0,0,0,0,0,0,1,0,0,0,0,0,0,0,1,1,0,0,0,0,0,0,0,1,0,1,0,1,0,0,24,2.70805020110221,805000.0,3220000,112175.45780309227,0.13934839478645003,265000,0,0,0,0,0,0,0
05/17/2026 20:25:56,21,0,8,3,4,310000,300000,320000,400000,2,5,R0034,2026-05-17 20:25:56,2026-05-17,jualan_online,bandung,0,0,0,0,0,0,1,0,0,1,0,0,0,0,0,0,0,0,0,0,0,1,0,0,1,1,1,0,0,0,1,12,2.1972245773362196,332500.0,1330000,45734.74244670748,0.13754809758408265,100000,1,0,0,0,0,0,0
05/17/2026 10:58:41,29,1,30,5,3,145000,150000,115000,155000,4,5,R0035,2026-05-17 10:58:41,2026-05-17,content_creator,jateng_yogya,0,0,0,0,0,1,1,0,1,1,0,0,0,1,0,0,0,0,0,0,0,0,1,0,0,1,0,0,1,0,0,15,3.4339872044851463,141250.0,565000,17969.88221070652,0.12722040503155058,40000,1,1,0,0,0,1,0
05/17/2026 09:29:09,18,1,6,5,4,680000,490000,675000,630000,1,2,R0036,2026-05-17 09:29:09,2026-05-17,tutor,bandung,0,0,0,0,0,0,1,0,0,0,1,0,1,0,1,0,0,1,0,0,0,0,1,0,0,1,1,0,0,1,0,20,1.9459101490553132,618750.0,2475000,88729.45771651412,0.14340114378426524,190000,0,0,1,0,1,0,1
05/17/2026 09:16:08,27,1,6,4,5,145000,160000,135000,125000,2,4,R0037,2026-05-17 09:16:08,2026-05-17,content_creator,jabodetabek,0,0,0,0,0,0,1,0,0,0,0,0,0,1,0,0,1,1,0,1,0,0,0,0,0,0,1,0,0,0,1,20,1.9459101490553132,141250.0,565000,14930.394055974097,0.10570190482105556,35000,0,0,0,0,0,1,0
05/17/2026 11:15:47,35,0,12,1,2,830000,765000,775000,0,2,5,R0038,2026-05-17 11:15:47,2026-05-17,freelance_it,sulawesi,0,0,0,0,0,1,0,1,1,1,0,0,0,0,0,0,1,0,0,0,0,1,0,0,1,0,1,0,1,1,0,2,2.5649493574615367,790000.0,2370000,35000.0,0.04430379746835443,830000,1,1,0,0,0,0,0
05/17/2026 15:35:34,18,0,10,1,2,0,300000,355000,350000,1,5,R0039,2026-05-17 15:35:34,2026-05-17,jualan_online,bandung,0,0,0,0,0,0,1,0,0,0,0,0,0,1,0,1,0,0,0,0,0,1,1,0,1,1,1,0,0,0,0,2,2.3978952727983707,335000.0,1005000,30413.8126514911,0.09078750045221223,355000,0,0,0,0,0,1,0
5/17/2026 07:42:56,19,1,14,4,6,450000,335000,350000,355000,0,3,R0040,2026-05-17 07:42:56,2026-05-17,jualan_online,jabar_lainnya,0,0,0,0,1,0,0,0,0,0,0,0,0,1,0,0,0,0,0,0,0,1,1,0,0,1,0,0,0,0,0,24,2.70805020110221,372500.0,1490000,52360.92690801669,0.14056624673293072,115000,0,0,0,0,0,1,0
5/17/2026 09:20:05,20,0,6,4,2,375000,225000,350000,230000,0,5,R0041,2026-05-17 09:20:05,2026-05-17,pekerja_harian,jabodetabek,0,0,0,0,0,1,1,0,0,0,1,1,1,0,0,0,0,0,0,0,0,0,1,0,1,0,0,1,0,0,0,8,1.9459101490553132,295000.0,1180000,78634.17408056966,0.2665565223070158,150000,0,0,1,1,1,0,0
5/17/2026 09:23:39,21,0,3,3,3,145000,135000,175000,215000,1,2,R0042,2026-05-17 09:23:39,2026-05-17,tutor,jatim,0,0,0,0,0,1,1,0,1,0,1,0,0,1,0,0,0,0,0,1,0,0,0,1,1,1,1,1,0,0,0,9,1.3862943611198906,167500.0,670000,35939.76442141304,0.21456575773977934,80000,1,1,1,0,0,1,0
5/17/2026 09:41:49,19,1,4,3,5,240000,145000,200000,240000,1,4,R0043,2026-05-17 09:41:49,2026-05-17,tutor,jabodetabek,0,0,0,0,0,1,0,0,1,0,0,1,0,0,0,1,1,0,0,0,0,1,0,0,1,0,0,0,1,0,0,15,1.6094379124341003,206250.0,825000,44976.84589504545,0.2180695558547658,95000,1,1,0,1,0,0,0
5/17/2026 09:59:03,41,1,3,4,6,875000,755000,730000,870000,0,2,R0044,2026-05-17 09:59:03,2026-05-17,freelance_desain,jabodetabek,0,0,0,0,0,0,1,1,1,0,1,0,0,0,0,0,0,0,0,1,0,0,0,0,0,1,0,0,1,1,0,24,1.3862943611198906,807500.0,3230000,75773.78614446204,0.0938375060612533,145000,1,1,1,0,0,0,0
5/17/2026 10:19:46,19,0,8,4,2,570000,740000,845000,670000,1,3,R0045,2026-05-17 10:19:46,2026-05-17,tutor,jabodetabek,0,0,0,0,0,1,1,0,0,1,0,0,0,0,1,0,0,0,0,0,0,0,0,0,1,1,0,1,0,0,0,8,2.1972245773362196,706250.0,2825000,115857.31166683727,0.16404575103268992,275000,1,0,0,0,0,0,1
5/17/2026 10:45:52,23,1,6,5,6,1705000,1810000,0,1370000,0,4,R0046,2026-05-17 10:45:52,2026-05-17,freelance_it,sulawesi,0,0,0,0,0,0,1,1,1,0,0,0,0,0,1,0,1,0,0,0,0,0,0,0,0,0,1,0,1,1,0,30,1.9459101490553132,1628333.3333333333,4885000,229800.63823526105,0.1411262875549198,1810000,1,1,0,0,0,0,1
5/17/2026 11:24:15,31,2,6,7,10,655000,0,585000,670000,0,5,R0047,2026-05-17 11:24:15,2026-05-17,ojek_online,bandung,1,0,0,1,0,0,0,0,1,0,1,0,0,0,1,0,0,1,0,0,0,0,0,0,0,1,0,0,1,0,1,70,1.9459101490553132,636666.6666666666,1910000,45368.85862938733,0.07125998737600105,670000,1,1,1,0,0,0,1
5/17/2026 11:34:53,42,1,12,4,4,272000,395000,480000,540000,3,5,R0048,2026-05-17 11:34:53,2026-05-17,kurir,bandung,1,0,0,0,0,0,0,0,0,0,1,0,1,1,0,0,0,1,0,0,1,0,0,0,0,0,0,0,0,1,1,16,2.5649493574615367,421750.0,1687000,116213.52474360862,0.2755507403523619,268000,0,0,1,0,1,1,0
5/17/2026 12:17:54,27,1,3,5,5,0,280000,280000,365000,3,5,R0049,2026-05-17 12:17:54,2026-05-17,content_creator,jabodetabek,0,0,0,0,0,1,0,0,1,0,0,0,1,0,0,0,0,0,0,0,1,0,1,0,0,1,0,0,1,0,1,25,1.3862943611198906,308333.3333333333,925000,49074.772881118195,0.15916142556038335,365000,1,1,0,0,1,0,0
5/17/2026 12:18:58,21,1,14,3,3,95000,70000,105000,90000,0,4,R0050,2026-05-17 12:18:58,2026-05-17,tutor,jabar_lainnya,0,0,0,0,0,1,1,0,1,0,1,0,0,0,0,0,0,1,0,0,0,1,0,0,0,0,1,0,1,0,0,9,2.70805020110221,90000.0,360000,14719.601443879745,0.16355112715421938,35000,1,1,1,0,0,0,0
5/17/2026 12:44:10,23,0,14,3,4,620000,635000,560000,645000,3,5,R0051,2026-05-17 12:44:10,2026-05-17,freelance_desain,jateng_yogya,0,0,0,0,0,1,1,1,1,0,0,0,0,0,0,1,1,0,0,0,0,0,1,0,0,1,1,0,0,0,1,12,2.70805020110221,615000.0,2460000,38078.86552931954,0.061916854519218766,85000,1,1,0,0,0,0,0
5/17/2026 12:45:15,18,0,24,2,3,340000,265000,255000,275000,3,5,R0052,2026-05-17 12:45:15,2026-05-17,freelance_desain,jateng_yogya,0,0,0,0,0,1,1,1,1,0,1,0,0,1,0,0,1,0,0,0,0,0,0,0,0,0,0,0,0,1,0,6,3.2188758248682006,283750.0,1135000,38378.59646556485,0.13525496551740915,85000,1,1,1,0,0,1,0
5/17/2026 13:23:48,41,1,12,4,4,585000,455000,380000,430000,0,5,R0053,2026-05-17 13:23:48,2026-05-17,pekerja_harian,bandung,0,0,0,0,0,1,0,0,0,0,1,0,0,0,0,0,1,0,1,0,0,0,0,0,1,1,0,0,0,0,0,16,2.5649493574615367,462500.0,1850000,87416.62694628903,0.18900892312711143,205000,0,0,1,0,0,0,0
5/17/2026 13:36:50,23,2,24,5,6,590000,645000,785000,605000,1,4,R0054,2026-05-17 13:36:50,2026-05-17,content_creator,bandung,0,0,0,0,0,1,1,0,1,0,1,0,0,0,0,0,0,0,0,1,0,0,0,0,1,1,1,0,0,1,0,30,3.2188758248682006,656250.0,2625000,88917.0962188937,0.13549271804783802,195000,1,1,1,0,0,0,0
5/17/2026 14:18:55,30,1,10,4,4,90000,95000,100000,90000,1,5,R0055,2026-05-17 14:18:55,2026-05-17,tutor,jabar_lainnya,0,0,0,0,0,1,1,0,1,0,0,0,0,0,0,0,1,0,0,0,0,0,0,0,0,0,0,0,1,0,0,16,2.3978952727983707,93750.0,375000,4787.13553878169,0.05106277908033803,10000,1,1,0,0,0,0,0
5/17/2026 14:32:02,20,0,2,2,1,580000,650000,560000,615000,1,1,R0056,2026-05-17 14:32:02,2026-05-17,jualan_online,bandung,0,0,0,0,0,0,1,0,0,0,0,0,0,0,1,1,1,0,0,0,1,1,0,0,0,0,0,0,1,0,0,2,1.0986122886681096,601250.0,2405000,39660.01344763598,0.06596260032870849,90000,0,0,0,0,0,0,1
5/17/2026 15:56:30,33,1,14,3,3,255000,280000,255000,315000,0,5,R0057,2026-05-17 15:56:30,2026-05-17,jualan_online,bali_ntt,0,0,0,0,1,1,1,0,0,1,0,0,0,0,0,0,0,0,0,0,0,1,1,0,0,0,0,0,1,0,0,9,2.70805020110221,276250.0,1105000,28394.54172900137,0.10278567141719952,60000,1,0,0,0,0,0,0
5/17/2026 16:00:37,28,2,60,6,10,401000,358000,0,258000,0,4,R0058,2026-05-17 16:00:37,2026-05-17,kurir,sulawesi,1,0,1,0,0,0,0,0,0,0,0,0,0,0,1,0,1,0,0,0,0,0,0,0,0,1,0,1,0,0,1,60,4.110873864173311,339000.0,1017000,73368.93075410054,0.21642752434837917,401000,0,0,0,0,0,0,1
5/17/2026 16:54:07,22,0,4,3,3,270000,315000,345000,370000,4,4,R0059,2026-05-17 16:54:07,2026-05-17,content_creator,jatim,0,0,0,0,0,1,0,0,0,1,1,0,0,1,0,0,0,1,0,0,0,1,0,1,0,1,0,0,1,0,0,9,1.6094379124341003,325000.0,1300000,43011.626335213135,0.13234346564680965,100000,1,0,1,0,0,1,0
5/17/2026 16:57:55,18,0,12,1,3,135000,150000,0,155000,0,4,R0060,2026-05-17 16:57:55,2026-05-17,jualan_online,jabodetabek,0,0,0,0,1,0,0,0,0,1,0,0,0,0,1,0,0,0,0,1,0,0,1,1,0,1,1,1,0,0,0,3,2.5649493574615367,146666.66666666666,440000,10408.329997330664,0.07096588634543635,155000,1,0,0,0,0,0,1
5/17/2026 18:23:02,21,1,6,5,6,665000,1050000,755000,675000,1,3,R0061,2026-05-17 18:23:02,2026-05-17,pekerja_harian,bandung,0,0,0,0,0,1,1,0,0,0,0,1,0,1,0,0,0,1,0,0,0,0,0,0,1,0,0,0,0,1,0,30,1.9459101490553132,786250.0,3145000,180387.31477943045,0.22942742738242347,385000,0,0,0,1,0,1,0
5/17/2026 19:04:44,44,0,10,3,8,480000,435000,550000,257000,4,5,R0062,2026-05-17 19:04:44,2026-05-17,kurir,jabar_lainnya,1,0,1,0,0,0,0,0,0,0,0,1,0,0,0,1,0,0,0,0,0,0,1,0,0,1,0,1,0,0,0,24,2.3978952727983707,430500.0,1722000,124970.66322408098,0.29029190063665733,293000,0,0,0,1,0,0,0
5/17/2026 19:40:12,20,2,24,6,7,705000,575000,0,725000,0,4,R0063,2026-05-17 19:40:12,2026-05-17,content_creator,bandung,0,0,0,0,0,0,1,0,1,1,0,0,0,1,0,0,0,0,0,0,0,0,1,0,1,1,0,0,0,0,0,42,3.2188758248682006,668333.3333333334,2005000,81445.27815247077,0.12186325908100364,725000,1,1,0,0,0,1,0
5/17/2026 20:55:45,34,2,4,6,5,615000,585000,635000,485000,3,4,R0064,2026-05-17 20:55:45,2026-05-17,tutor,jatim,0,0,0,0,0,1,0,0,0,0,1,0,0,0,0,0,1,1,1,0,0,0,0,0,0,0,1,1,0,1,0,30,1.6094379124341003,580000.0,2320000,66583.28118479393,0.1147987606634378,150000,0,0,1,0,0,0,0
5/17/2026 21:55:58,27,2,18,4,5,430000,315000,485000,440000,1,5,R0065,2026-05-17 21:55:58,2026-05-17,content_creator,jabodetabek,0,0,0,0,0,1,1,0,0,0,1,0,0,0,0,0,1,1,0,0,0,0,0,0,0,0,0,1,1,0,0,20,2.9444389791664403,417500.0,1670000,72399.35542991158,0.1734116297722433,170000,0,0,1,0,0,0,0
5/17/2026 22:49:06,26,2,8,7,8,130000,115000,185000,150000,2,5,R0066,2026-05-17 22:49:06,2026-05-17,jualan_online,jatim,0,0,0,0,1,1,1,0,0,1,0,0,0,0,0,0,1,0,0,0,1,0,0,0,1,0,1,0,1,1,0,56,2.1972245773362196,145000.0,580000,30276.503540974914,0.20880347269637872,70000,1,0,0,0,0,0,0
5/17/2026 23:19:55,25,1,10,5,5,195000,260000,240000,0,1,5,R0067,2026-05-17 23:19:55,2026-05-17,jualan_online,jatim,0,0,0,0,0,1,0,0,1,1,1,0,0,0,0,0,1,1,0,0,0,1,0,0,0,1,1,0,0,0,0,25,2.3978952727983707,231666.66666666666,695000,33291.640592396965,0.14370492342041857,260000,1,1,1,0,0,0,0
5/17/2026 23:55:25,41,1,18,5,5,1280000,1315000,1220000,905000,3,5,R0068,2026-05-17 23:55:25,2026-05-17,tutor,jabodetabek,0,0,0,0,0,1,1,0,1,0,0,1,1,0,0,0,0,0,0,1,0,0,0,0,0,0,0,0,1,1,0,25,2.9444389791664403,1180000.0,4720000,187483.33259252674,0.15888418016315825,410000,1,1,0,1,1,0,0
05/18/2026 13:16:47,26,1,3,5,4,420000,295000,365000,290000,1,5,R0069,2026-05-18 13:16:47,2026-05-18,kurir,kalimantan,1,1,1,0,0,0,0,0,0,0,1,0,0,1,0,0,0,1,1,0,0,0,0,0,0,1,0,1,0,0,1,20,1.3862943611198906,342500.0,1370000,61981.179939290174,0.18096694872785452,130000,0,0,1,0,0,1,0
05/18/2026 11:37:27,30,2,14,7,9,625000,475000,520000,590000,0,5,R0070,2026-05-18 11:37:27,2026-05-18,tutor,bandung,0,0,0,0,0,1,1,0,0,1,1,0,0,1,0,0,1,0,0,0,0,0,1,0,1,1,0,0,1,0,0,63,2.70805020110221,552500.0,2210000,67638.74629234342,0.12242307021238628,150000,1,0,1,0,0,1,0
05/18/2026 16:57:37,26,1,6,5,3,150000,115000,145000,135000,2,4,R0071,2026-05-18 16:57:37,2026-05-18,pekerja_harian,jabodetabek,0,0,0,0,0,1,1,0,0,1,0,0,1,0,0,0,0,0,0,0,0,0,0,0,1,0,0,1,0,0,0,15,1.9459101490553132,136250.0,545000,15478.479684172258,0.11360352061777804,35000,1,0,0,0,1,0,0
05/18/2026 09:25:23,17,2,36,7,5,510000,640000,555000,465000,2,4,R0072,2026-05-18 09:25:23,2026-05-18,tutor,jabar_lainnya,0,0,0,0,0,1,0,0,1,0,1,0,0,0,0,0,1,1,0,0,0,1,0,0,0,1,1,0,0,0,0,35,3.6109179126442243,542500.0,2170000,74665.92261534039,0.13763303707896846,175000,1,1,1,0,0,0,0
05/18/2026 11:14:08,24,0,18,3,2,0,175000,175000,185000,3,1,R0073,2026-05-18 11:14:08,2026-05-18,tutor,jabodetabek,0,0,0,0,0,1,1,0,0,0,1,0,0,0,0,0,0,1,0,0,0,0,0,0,1,1,1,0,0,0,0,6,2.9444389791664403,178333.33333333334,535000,5773.502691896258,0.03237478144988556,185000,0,0,1,0,0,0,0
05/18/2026 12:32:31,22,2,18,6,6,835000,750000,890000,815000,2,1,R0074,2026-05-18 12:32:31,2026-05-18,pekerja_harian,sulawesi,0,0,0,0,0,0,1,0,1,0,0,1,0,0,0,0,0,0,1,1,0,0,0,1,0,0,1,0,1,1,0,36,2.9444389791664403,822500.0,3290000,57807.15065341542,0.07028225003454762,140000,1,1,0,1,0,0,0
05/18/2026 14:05:48,19,0,12,2,3,565000,840000,675000,670000,2,5,R0075,2026-05-18 14:05:48,2026-05-18,jualan_online,jabodetabek,0,0,0,0,0,0,1,0,0,0,0,0,0,1,0,0,1,0,0,0,1,0,0,0,0,0,0,0,1,1,1,6,2.5649493574615367,687500.0,2750000,113614.84644769509,0.1652579584693747,275000,0,0,0,0,0,1,0
05/18/2026 20:03:55,32,1,8,5,5,300000,335000,275000,0,2,3,R0076,2026-05-18 20:03:55,2026-05-18,tutor,bandung,0,0,0,0,0,1,0,0,1,0,1,0,0,0,1,0,0,0,0,0,0,0,0,0,1,0,0,0,1,0,0,25,2.1972245773362196,303333.3333333333,910000,30138.56886670854,0.0993579193407974,335000,1,1,1,0,0,0,1
05/18/2026 10:07:09,22,2,12,4,6,365000,390000,250000,315000,4,4,R0077,2026-05-18 10:07:09,2026-05-18,freelance_desain,jateng_yogya,0,0,0,0,0,0,1,1,0,1,0,0,0,0,0,0,1,0,0,0,0,0,0,0,0,0,1,0,1,1,0,24,2.5649493574615367,330000.0,1320000,61779.17664283546,0.18720962619041048,140000,1,0,0,0,0,0,0
05/18/2026 15:40:10,21,0,4,2,3,270000,340000,385000,350000,3,4,R0078,2026-05-18 15:40:10,2026-05-18,freelance_desain,bandung,0,0,0,0,0,1,1,0,0,0,0,1,0,0,0,0,1,0,0,0,0,0,1,0,0,1,0,1,0,0,1,6,1.6094379124341003,336250.0,1345000,48196.645803070845,0.1433357496002107,115000,0,0,0,1,0,0,0
05/18/2026 16:50:43,45,2,6,5,12,320000,365000,315000,415000,4,5,R0079,2026-05-18 16:50:43,2026-05-18,ojek_online,jatim,0,1,0,1,0,0,0,0,0,0,1,0,0,0,0,0,0,0,1,0,0,0,0,0,0,0,1,0,0,1,0,60,1.9459101490553132,353750.0,1415000,46614.55423648999,0.1317725914812438,100000,0,0,1,0,0,0,0
5/18/2026 08:13:52,20,1,48,3,5,190000,185000,175000,165000,1,4,R0080,2026-05-18 08:13:52,2026-05-18,tutor,jatim,0,0,0,0,0,1,1,0,0,0,1,0,0,1,1,0,1,1,0,0,0,0,0,0,0,1,0,1,1,0,0,15,3.8918202981106265,178750.0,715000,11086.778913041726,0.062023937975058605,25000,0,0,1,0,0,1,1
5/18/2026 08:27:09,19,1,10,5,5,1260000,1195000,870000,1075000,1,5,R0081,2026-05-18 08:27:09,2026-05-18,freelance_it,bandung,0,0,0,0,0,1,1,0,1,0,0,0,0,0,0,0,0,1,0,0,0,0,0,0,0,1,1,0,0,1,0,25,2.3978952727983707,1100000.0,4400000,171415.67411801446,0.15583243101637678,390000,1,1,0,0,0,0,0
5/18/2026 10:09:45,19,0,14,2,2,285000,300000,285000,380000,2,5,R0082,2026-05-18 10:09:45,2026-05-18,pekerja_harian,jateng_yogya,0,0,0,0,0,1,1,0,1,0,0,0,1,0,0,0,0,0,0,0,0,0,0,0,1,1,0,0,0,1,0,4,2.70805020110221,312500.0,1250000,45552.1678957215,0.1457669372663088,95000,1,1,0,0,1,0,0
5/18/2026 10:32:23,20,0,12,3,2,430000,610000,525000,570000,1,4,R0083,2026-05-18 10:32:23,2026-05-18,freelance_it,jabodetabek,0,0,0,0,0,1,1,1,0,1,0,0,0,0,0,0,1,1,0,0,0,0,0,0,1,1,1,1,0,0,0,6,2.5649493574615367,533750.0,2135000,77392.3984208613,0.14499746776742165,180000,1,0,0,0,0,0,0
5/18/2026 10:59:58,25,1,10,3,5,230000,170000,0,230000,0,3,R0084,2026-05-18 10:59:58,2026-05-18,tutor,bandung,0,0,0,0,0,0,1,0,1,0,0,1,1,0,0,0,1,0,0,0,0,1,0,0,0,0,0,0,1,0,0,15,2.3978952727983707,210000.0,630000,34641.016151377546,0.1649572197684645,230000,1,1,0,1,1,0,0
5/18/2026 11:01:51,43,1,8,4,6,760000,855000,1060000,1040000,3,4,R0085,2026-05-18 11:01:51,2026-05-18,freelance_desain,jabodetabek,0,0,0,0,0,1,0,1,1,0,0,0,0,0,0,1,0,0,0,0,0,1,1,0,0,0,0,0,1,0,0,24,2.1972245773362196,928750.0,3715000,145509.16351442155,0.15667204685267463,300000,1,1,0,0,0,0,0
5/18/2026 11:13:34,18,0,10,2,1,0,210000,280000,230000,4,2,R0086,2026-05-18 11:13:34,2026-05-18,jualan_online,jabodetabek,0,0,0,0,1,0,1,0,0,0,0,0,0,1,0,1,0,0,1,0,0,0,0,0,0,1,1,0,0,0,0,2,2.3978952727983707,240000.0,720000,36055.512754639894,0.1502313031443329,280000,0,0,0,0,0,1,0
5/18/2026 11:18:07,36,1,30,3,3,0,820000,635000,740000,0,5,R0087,2026-05-18 11:18:07,2026-05-18,pekerja_harian,jabodetabek,0,0,0,0,0,0,1,0,0,0,0,0,0,0,0,1,0,0,0,0,0,0,1,1,1,0,0,1,0,0,0,9,3.4339872044851463,731666.6666666666,2195000,92781.10439811186,0.12680788756006178,820000,0,0,0,0,0,0,0
5/18/2026 11:28:44,23,1,6,6,6,275000,295000,195000,305000,0,1,R0088,2026-05-18 11:28:44,2026-05-18,kurir,jabodetabek,1,0,0,0,0,0,0,0,0,0,0,0,0,1,1,0,0,0,0,0,0,0,1,0,0,1,0,1,0,0,0,36,1.9459101490553132,267500.0,1070000,49916.59710623979,0.18660410133173752,110000,0,0,0,0,0,1,1
5/18/2026 12:57:53,32,0,18,2,2,80000,70000,85000,80000,0,4,R0089,2026-05-18 12:57:53,2026-05-18,tutor,sulawesi,0,0,0,0,0,1,1,0,0,0,1,0,1,1,0,0,0,1,0,0,0,0,0,0,1,1,1,0,1,0,0,4,2.9444389791664403,78750.0,315000,6291.528696058958,0.07989242788646296,15000,0,0,1,0,1,1,0
5/18/2026 13:05:55,30,0,14,4,1,240000,280000,200000,250000,0,4,R0090,2026-05-18 13:05:55,2026-05-18,tutor,jateng_yogya,0,0,0,0,0,1,1,0,0,0,1,1,0,0,0,1,1,1,0,0,0,1,0,0,0,1,1,0,0,0,0,4,2.70805020110221,242500.0,970000,33040.37933599835,0.1362489869525705,80000,0,0,1,1,0,0,0
5/18/2026 13:24:52,42,2,6,5,8,790000,620000,480000,0,1,4,R0091,2026-05-18 13:24:52,2026-05-18,pekerja_harian,jabodetabek,0,0,0,0,0,0,1,0,0,0,0,0,1,0,0,0,0,0,0,0,0,1,0,0,1,1,0,0,0,1,0,40,1.9459101490553132,630000.0,1890000,155241.74696260024,0.24641547136920675,790000,0,0,0,0,1,0,0
5/18/2026 13:39:01,21,0,36,3,3,325000,530000,455000,455000,4,4,R0092,2026-05-18 13:39:01,2026-05-18,jualan_online,bali_ntt,0,0,0,0,1,1,1,0,0,0,0,1,0,0,0,0,1,0,0,1,0,0,1,0,0,0,0,1,0,0,1,9,3.6109179126442243,441250.0,1765000,85183.6251870041,0.19305070863910279,205000,0,0,0,1,0,0,0
5/18/2026 14:20:11,43,2,4,5,9,273000,305000,309000,379000,1,4,R0093,2026-05-18 14:20:11,2026-05-18,kurir,jabodetabek,1,1,1,0,0,0,0,0,0,0,0,0,0,1,1,0,0,1,0,0,0,0,1,0,0,0,0,1,1,1,0,45,1.6094379124341003,316500.0,1266000,44672.88513927287,0.14114655652218916,106000,0,0,0,0,0,1,1
5/18/2026 14:41:03,22,1,5,3,6,0,1375000,1735000,1580000,2,3,R0094,2026-05-18 14:41:03,2026-05-18,freelance_it,jateng_yogya,0,0,0,0,0,1,0,1,1,0,0,0,0,0,0,0,0,0,0,0,0,0,1,0,0,1,0,1,1,0,0,18,1.791759469228055,1563333.3333333333,4690000,180577.77641042467,0.11550817254398167,1735000,1,1,0,0,0,0,0
5/18/2026 17:10:39,33,2,12,6,8,1025000,1275000,1110000,1175000,3,2,R0095,2026-05-18 17:10:39,2026-05-18,tutor,jabodetabek,0,0,0,0,0,1,1,0,0,0,1,1,0,0,0,0,1,1,0,0,0,0,0,0,0,1,0,0,1,0,0,48,2.5649493574615367,1146250.0,4585000,105544.2245380264,0.09207784038213863,250000,0,0,1,1,0,0,0
5/18/2026 17:33:53,31,2,8,6,10,700000,645000,480000,575000,0,4,R0096,2026-05-18 17:33:53,2026-05-18,ojek_online,jabodetabek,1,1,0,1,0,0,0,0,0,0,0,0,0,0,0,1,0,0,0,0,0,0,1,0,0,1,0,0,0,0,0,60,2.1972245773362196,600000.0,2400000,94956.13022162743,0.15826021703604573,220000,0,0,0,0,0,0,0
5/18/2026 20:22:54,40,2,8,4,5,0,0,550000,515000,3,4,R0097,2026-05-18 20:22:54,2026-05-18,pekerja_harian,sumatera,0,0,0,0,0,0,1,0,0,0,1,0,0,0,0,0,0,0,0,0,1,0,0,0,1,0,1,1,1,0,0,20,2.1972245773362196,532500.0,1065000,24748.737341529162,0.046476502049820026,550000,0,0,1,0,0,0,0
5/18/2026 23:12:35,22,1,6,4,3,205000,225000,210000,155000,3,4,R0098,2026-05-18 23:12:35,2026-05-18,freelance_desain,jabodetabek,0,0,0,0,0,1,1,1,1,0,0,0,1,0,0,0,0,0,0,0,0,1,0,0,0,0,0,1,1,0,1,12,1.9459101490553132,198750.0,795000,30379.543555930308,0.15285304933801414,70000,1,1,0,0,1,0,0
5/18/2026 23:18:56,34,1,30,5,7,340000,495000,495000,355000,3,5,R0099,2026-05-18 23:18:56,2026-05-18,kurir,jateng_yogya,1,1,1,0,0,0,0,0,0,0,1,0,0,1,0,0,0,0,0,0,0,0,1,0,0,1,1,0,1,0,0,35,3.4339872044851463,421250.0,1685000,85379.05676062095,0.20268025343767584,155000,0,0,1,0,0,1,0
05/19/2026 08:27:38,22,0,10,2,4,175000,175000,175000,125000,4,4,R0100,2026-05-19 08:27:38,2026-05-19,tutor,jateng_yogya,0,0,0,0,0,1,0,0,1,0,0,0,0,0,0,0,0,0,0,0,0,0,0,1,0,0,0,0,0,1,0,8,2.3978952727983707,162500.0,650000,25000.0,0.15384615384615385,50000,1,1,0,0,0,0,0
05/19/2026 16:04:24,21,2,8,5,9,1335000,1490000,1110000,1240000,1,5,R0101,2026-05-19 16:04:24,2026-05-19,freelance_desain,bandung,0,0,0,0,0,1,0,1,1,1,0,0,0,0,0,0,1,0,1,0,0,0,0,1,0,1,0,0,0,0,1,45,2.1972245773362196,1293750.0,5175000,160071.59856347617,0.12372683946935356,380000,1,1,0,0,0,0,0
05/19/2026 09:24:38,37,1,48,4,3,470000,390000,320000,350000,2,3,R0102,2026-05-19 09:24:38,2026-05-19,freelance_desain,jatim,0,0,0,0,0,1,1,1,0,1,0,0,0,0,0,1,0,0,0,0,0,0,0,1,1,0,1,0,1,0,0,12,3.8918202981106265,382500.0,1530000,65000.0,0.16993464052287582,150000,1,0,0,0,0,0,0
05/19/2026 08:29:33,20,1,12,5,4,335000,0,395000,0,1,4,R0103,2026-05-19 08:29:33,2026-05-19,tutor,sumatera,0,0,0,0,0,1,0,0,0,0,1,0,0,0,0,1,0,0,0,1,0,0,0,0,0,1,1,0,0,0,0,20,2.5649493574615367,365000.0,730000,42426.40687119285,0.11623673115395301,395000,0,0,1,0,0,0,0
05/19/2026 22:16:35,26,2,24,4,9,0,865000,1000000,810000,4,3,R0104,2026-05-19 22:16:35,2026-05-19,freelance_it,jateng_yogya,0,0,0,0,0,0,0,1,1,0,1,0,1,0,0,0,1,1,0,0,0,1,0,0,0,1,1,1,0,0,0,36,3.2188758248682006,891666.6666666666,2675000,97766.72917374977,0.10964492991448573,1000000,1,1,1,0,1,0,0
05/19/2026 23:55:00,27,1,10,4,4,505000,415000,475000,0,1,4,R0105,2026-05-19 23:55:00,2026-05-19,pekerja_harian,bandung,0,0,0,0,0,0,1,0,0,0,1,0,0,0,1,0,0,0,0,1,0,0,1,0,1,1,1,1,0,0,0,16,2.3978952727983707,465000.0,1395000,45825.7569495584,0.09855001494528688,505000,0,0,1,0,0,0,1
5/19/2026 07:41:26,21,2,3,7,9,950000,980000,685000,720000,2,4,R0106,2026-05-19 07:41:26,2026-05-19,jualan_online,jabodetabek,0,0,0,0,1,1,1,0,0,1,0,0,0,0,1,1,0,0,0,1,0,1,0,1,0,1,0,1,1,0,0,63,1.3862943611198906,833750.0,3335000,152718.42281357764,0.18317052211523555,295000,1,0,0,0,0,0,1
5/19/2026 07:44:21,19,2,3,6,5,95000,105000,85000,85000,1,5,R0107,2026-05-19 07:44:21,2026-05-19,content_creator,jabodetabek,0,0,0,0,0,1,1,0,0,0,0,1,0,1,0,1,0,0,0,0,0,1,0,0,0,0,0,1,0,1,1,30,1.3862943611198906,92500.0,370000,9574.27107756338,0.10350563327095547,20000,0,0,0,1,0,1,0
5/19/2026 08:17:19,37,0,12,4,1,0,115000,85000,105000,0,4,R0108,2026-05-19 08:17:19,2026-05-19,tutor,jateng_yogya,0,0,0,0,0,1,1,0,1,0,0,0,0,0,0,0,1,0,0,1,0,0,0,0,0,1,0,0,1,1,0,4,2.5649493574615367,101666.66666666667,305000,15275.252316519465,0.15024838344117505,115000,1,1,0,0,0,0,0
5/19/2026 08:27:46,36,2,5,4,7,1400000,1335000,1365000,1375000,1,3,R0109,2026-05-19 08:27:46,2026-05-19,freelance_it,jabodetabek,0,0,0,0,0,1,0,1,0,0,0,0,0,0,1,1,0,1,0,0,0,0,0,0,0,0,0,0,1,1,0,28,1.791759469228055,1368750.0,5475000,26887.10967483613,0.019643550447368863,65000,0,0,0,0,0,0,1
5/19/2026 08:47:50,25,1,8,4,6,630000,475000,620000,620000,3,5,R0110,2026-05-19 08:47:50,2026-05-19,freelance_desain,bandung,0,0,0,0,0,0,0,1,0,1,0,1,0,1,0,0,0,0,0,0,0,1,1,0,0,0,1,0,0,1,1,24,2.1972245773362196,586250.0,2345000,74316.32839872182,0.12676559215133784,155000,1,0,0,1,0,1,0
5/19/2026 09:07:27,30,2,18,6,7,1215000,995000,970000,985000,4,4,R0111,2026-05-19 09:07:27,2026-05-19,freelance_it,jabar_lainnya,0,0,0,0,0,0,1,1,1,0,0,0,0,0,0,0,0,0,0,1,0,0,0,0,0,0,1,0,0,0,0,42,2.9444389791664403,1041250.0,4165000,116288.07620158941,0.11168122564378336,245000,1,1,0,0,0,0,0
5/19/2026 09:17:29,29,1,8,5,5,530000,400000,635000,585000,3,5,R0112,2026-05-19 09:17:29,2026-05-19,ojek_online,bandung,0,0,0,1,0,0,0,0,0,1,0,0,0,0,0,1,0,0,1,0,1,0,0,0,0,0,0,1,0,1,0,25,2.1972245773362196,537500.0,2150000,101201.11988840176,0.18828115328074746,235000,1,0,0,0,0,0,0
5/19/2026 10:27:21,20,0,5,1,4,315000,320000,270000,0,3,4,R0113,2026-05-19 10:27:21,2026-05-19,tutor,jatim,0,0,0,0,0,1,1,0,1,1,0,0,0,1,0,0,1,0,0,0,0,0,0,0,1,0,0,1,0,1,0,4,1.791759469228055,301666.6666666667,905000,27537.85273643051,0.09128569967877516,320000,1,1,0,0,0,1,0
5/19/2026 10:43:29,28,1,36,3,6,0,700000,510000,730000,1,1,R0114,2026-05-19 10:43:29,2026-05-19,tutor,bandung,0,0,0,0,0,1,1,0,1,0,1,0,0,1,0,0,0,0,0,0,0,0,1,0,1,1,1,0,1,0,0,18,3.6109179126442243,646666.6666666666,1940000,119303.53445448853,0.18449000173374516,730000,1,1,1,0,0,1,0
5/19/2026 11:19:46,30,1,18,3,3,280000,395000,315000,260000,3,5,R0115,2026-05-19 11:19:46,2026-05-19,tutor,jabodetabek,0,0,0,0,0,1,1,0,0,1,1,0,0,0,1,0,0,1,0,0,0,0,0,1,1,0,0,0,0,1,0,9,2.9444389791664403,312500.0,1250000,59511.903571190414,0.19043809142780932,135000,1,0,1,0,0,0,1
5/19/2026 12:22:06,24,2,14,6,8,1530000,1395000,1415000,1100000,0,5,R0116,2026-05-19 12:22:06,2026-05-19,freelance_desain,jatim,0,0,0,0,0,1,0,1,0,0,1,0,0,0,0,0,0,0,0,1,0,0,0,0,0,1,0,0,1,0,0,48,2.70805020110221,1360000.0,5440000,183257.5600987128,0.1347482059549359,430000,0,0,1,0,0,0,0
5/19/2026 12:28:44,19,0,5,3,1,165000,160000,0,215000,1,4,R0117,2026-05-19 12:28:44,2026-05-19,tutor,jabar_lainnya,0,0,0,0,0,1,1,0,0,0,1,0,0,0,0,1,1,1,0,0,0,0,0,0,1,0,1,1,1,0,0,3,1.791759469228055,180000.0,540000,30413.8126514911,0.1689656258416172,215000,0,0,1,0,0,0,0
5/19/2026 12:42:49,36,2,18,6,6,380000,385000,235000,280000,3,3,R0118,2026-05-19 12:42:49,2026-05-19,jualan_online,jabodetabek,0,0,0,0,1,1,0,0,0,1,0,0,0,0,0,0,0,0,1,0,1,0,1,0,0,1,0,0,1,0,0,36,2.9444389791664403,320000.0,1280000,74498.3221287567,0.23280725665236468,150000,1,0,0,0,0,0,0
5/19/2026 12:44:22,20,0,10,3,3,390000,395000,365000,380000,1,5,R0119,2026-05-19 12:44:22,2026-05-19,tutor,jatim,0,0,0,0,0,1,0,0,1,0,0,0,0,0,1,0,1,0,1,0,0,1,0,0,0,0,1,0,0,1,0,9,2.3978952727983707,382500.0,1530000,13228.756555322952,0.03458498445836066,30000,1,1,0,0,0,0,1
5/19/2026 12:48:43,38,1,4,5,3,555000,660000,545000,825000,0,3,R0120,2026-05-19 12:48:43,2026-05-19,jualan_online,jatim,0,0,0,0,1,1,0,0,0,0,0,0,0,1,1,0,0,0,0,0,1,1,0,1,0,0,0,0,1,1,0,15,1.6094379124341003,646250.0,2585000,130024.03623945844,0.20119773499335927,280000,0,0,0,0,0,1,1
5/19/2026 12:50:20,25,1,12,3,5,225000,0,0,210000,3,5,R0121,2026-05-19 12:50:20,2026-05-19,jualan_online,bandung,0,0,0,0,0,1,1,0,0,0,1,0,0,0,1,0,1,0,0,0,0,1,0,1,0,0,0,0,0,1,1,15,2.5649493574615367,217500.0,435000,10606.601717798212,0.04876598490941707,225000,0,0,1,0,0,0,1
5/19/2026 13:53:54,20,0,30,2,1,140000,185000,150000,165000,0,5,R0122,2026-05-19 13:53:54,2026-05-19,freelance_desain,bandung,0,0,0,0,0,0,0,1,1,1,0,0,0,0,0,0,0,0,1,0,0,1,0,1,0,0,1,0,0,1,0,2,3.4339872044851463,160000.0,640000,19578.900207451217,0.12236812629657011,45000,1,1,0,0,0,0,0
5/19/2026 13:54:28,38,0,30,4,6,225000,145000,140000,200000,2,5,R0123,2026-05-19 13:54:28,2026-05-19,ojek_online,sumatera,0,0,0,1,0,0,0,0,0,1,0,0,0,0,1,0,1,0,0,0,1,1,0,0,0,0,0,0,1,1,0,24,3.4339872044851463,177500.0,710000,41733.280085163045,0.23511707090232703,85000,1,0,0,0,0,0,1
5/19/2026 14:02:07,28,0,14,2,4,210000,260000,210000,255000,2,5,R0124,2026-05-19 14:02:07,2026-05-19,freelance_it,bandung,0,0,0,0,0,1,1,0,1,0,0,0,0,0,0,0,0,1,0,0,0,1,0,0,0,0,0,0,1,1,0,8,2.70805020110221,233750.0,935000,27500.0,0.11764705882352941,50000,1,1,0,0,0,0,0
5/19/2026 14:03:54,24,1,10,5,3,590000,500000,570000,615000,0,5,R0125,2026-05-19 14:03:54,2026-05-19,content_creator,sumatera,0,0,0,0,0,1,0,0,1,0,1,0,0,0,0,0,0,1,0,0,0,1,1,0,0,1,0,0,1,1,0,15,2.3978952727983707,568750.0,2275000,49392.13837579148,0.08684332022117183,115000,1,1,1,0,0,0,0
5/19/2026 14:37:50,38,1,30,5,3,135000,115000,135000,135000,3,1,R0126,2026-05-19 14:37:50,2026-05-19,tutor,sumatera,0,0,0,0,0,1,1,0,1,0,1,0,1,0,0,0,0,1,0,0,0,0,1,0,1,0,1,0,0,0,0,15,3.4339872044851463,130000.0,520000,10000.0,0.07692307692307693,20000,1,1,1,0,1,0,0
5/19/2026 14:58:38,36,1,18,4,6,415000,455000,465000,510000,2,3,R0127,2026-05-19 14:58:38,2026-05-19,freelance_it,kalimantan,0,0,0,0,0,1,0,1,0,0,1,1,0,0,0,0,0,1,0,0,0,0,0,0,0,0,1,0,0,1,0,24,2.9444389791664403,461250.0,1845000,39024.56491322698,0.08460610279290402,95000,0,0,1,1,0,0,0
5/19/2026 15:14:30,22,2,18,7,6,250000,325000,345000,290000,0,4,R0128,2026-05-19 15:14:30,2026-05-19,jualan_online,jabodetabek,0,0,0,0,0,0,1,0,0,0,1,0,0,1,1,0,0,0,0,0,0,1,0,0,0,0,0,1,1,0,0,42,2.9444389791664403,302500.0,1210000,41733.280085163045,0.13796125647987784,95000,0,0,1,0,0,1,1
5/19/2026 15:53:43,43,1,12,5,5,240000,250000,230000,200000,0,5,R0129,2026-05-19 15:53:43,2026-05-19,jualan_online,jateng_yogya,0,0,0,0,0,0,1,0,0,1,1,0,0,1,0,0,1,0,1,0,1,0,0,0,0,1,0,0,0,0,1,25,2.5649493574615367,230000.0,920000,21602.468994692867,0.09392377823779507,50000,1,0,1,0,0,1,0
5/19/2026 16:10:59,18,1,18,5,4,235000,215000,240000,180000,4,4,R0130,2026-05-19 16:10:59,2026-05-19,pekerja_harian,bandung,0,0,0,0,0,1,1,0,0,0,0,1,0,0,1,0,1,0,0,1,0,0,0,0,0,0,1,1,0,0,1,20,2.9444389791664403,217500.0,870000,27233.55773061365,0.1252117596809823,60000,0,0,0,1,0,0,1
5/19/2026 16:34:57,21,0,36,3,1,315000,270000,205000,265000,0,5,R0131,2026-05-19 16:34:57,2026-05-19,tutor,jateng_yogya,0,0,0,0,0,1,1,0,0,0,1,0,1,0,1,0,1,1,0,1,0,0,0,0,0,1,1,0,1,0,0,3,3.6109179126442243,263750.0,1055000,45161.74634946409,0.17122937004536148,110000,0,0,1,0,1,0,1
5/19/2026 16:53:32,18,1,24,3,3,625000,620000,955000,595000,2,5,R0132,2026-05-19 16:53:32,2026-05-19,pekerja_harian,jabodetabek,0,0,0,0,0,1,1,0,0,0,1,0,1,1,0,0,0,0,0,1,0,0,0,1,1,0,0,1,1,0,1,9,3.2188758248682006,698750.0,2795000,171336.6569068044,0.24520451793460377,360000,0,0,1,0,1,1,0
5/19/2026 17:40:23,20,0,24,2,3,175000,280000,175000,205000,0,5,R0133,2026-05-19 17:40:23,2026-05-19,jualan_online,jabodetabek,0,0,0,0,1,0,1,0,0,0,0,0,1,1,0,0,1,0,0,0,0,0,1,0,0,0,1,1,0,0,0,6,3.2188758248682006,208750.0,835000,49560.56900399752,0.2374158994203474,105000,0,0,0,0,1,1,0
5/19/2026 17:47:12,40,0,6,2,1,260000,235000,265000,270000,4,5,R0134,2026-05-19 17:47:12,2026-05-19,jualan_online,sulawesi,0,0,0,0,1,1,1,0,0,0,0,0,0,1,0,0,0,0,0,0,0,0,1,1,0,0,1,0,1,0,1,2,1.9459101490553132,257500.0,1030000,15545.631755148024,0.06037138545688553,35000,0,0,0,0,0,1,0
5/19/2026 19:04:01,23,1,24,6,5,404000,256000,393000,300000,0,4,R0135,2026-05-19 19:04:01,2026-05-19,kurir,jateng_yogya,1,1,1,0,0,0,0,0,1,0,0,0,0,0,0,0,0,0,0,0,0,0,1,0,0,0,1,0,1,1,0,30,3.2188758248682006,338250.0,1353000,71992.47645877079,0.21283806787515386,148000,1,1,0,0,0,0,0
5/19/2026 19:35:48,29,2,3,6,9,390000,510000,395000,560000,2,3,R0136,2026-05-19 19:35:48,2026-05-19,freelance_it,sulawesi,0,0,0,0,0,0,0,1,1,1,0,0,0,0,1,0,0,0,0,0,0,0,0,1,0,1,1,0,1,0,0,54,1.3862943611198906,463750.0,1855000,84791.41072852445,0.18283862151703387,170000,1,1,0,0,0,0,1
5/19/2026 19:54:30,23,1,36,5,3,0,195000,215000,0,1,5,R0137,2026-05-19 19:54:30,2026-05-19,freelance_it,kalimantan,0,0,0,0,0,1,1,1,1,1,1,0,0,0,0,0,1,0,0,1,0,1,0,0,0,0,1,0,0,0,0,15,3.6109179126442243,205000.0,410000,14142.13562373095,0.0689860274328339,215000,1,1,1,0,0,0,0
5/19/2026 20:52:27,23,2,14,7,8,445000,375000,380000,410000,0,5,R0138,2026-05-19 20:52:27,2026-05-19,pekerja_harian,bandung,0,0,0,0,0,1,1,0,0,0,0,0,1,0,0,0,1,1,1,0,0,0,0,0,0,0,0,1,1,0,0,56,2.70805020110221,402500.0,1610000,32274.86121839514,0.08018599060470842,70000,0,0,0,0,1,0,0
5/19/2026 21:49:18,18,1,10,5,6,920000,750000,1105000,1065000,0,4,R0139,2026-05-19 21:49:18,2026-05-19,pekerja_harian,bandung,0,0,0,0,0,1,0,0,0,0,0,1,0,0,1,0,0,0,0,1,0,1,0,0,0,1,0,0,1,0,1,30,2.3978952727983707,960000.0,3840000,160986.54188057667,0.16769431445893404,355000,0,0,0,1,0,0,1
5/19/2026 22:16:21,43,2,5,5,8,1745000,0,1620000,1350000,0,4,R0140,2026-05-19 22:16:21,2026-05-19,freelance_it,jatim,0,0,0,0,0,1,0,1,0,1,0,0,0,0,0,0,1,0,0,0,0,1,0,1,0,0,0,0,1,0,0,40,1.791759469228055,1571666.6666666667,4715000,201886.932051912,0.1284540394815983,1745000,1,0,0,0,0,0,0
5/19/2026 23:06:42,21,2,6,5,9,145000,0,195000,185000,2,5,R0141,2026-05-19 23:06:42,2026-05-19,pekerja_harian,sulawesi,0,0,0,0,0,1,0,0,1,0,0,1,0,0,0,1,1,0,0,0,0,1,0,0,1,0,0,0,0,1,1,45,1.9459101490553132,175000.0,525000,26457.513110645905,0.15118578920369088,195000,1,1,0,1,0,0,0
5/19/2026 23:34:16,30,2,10,7,10,635000,463000,328000,595000,0,5,R0142,2026-05-19 23:34:16,2026-05-19,ojek_online,jateng_yogya,0,1,0,0,0,0,0,0,0,0,0,0,0,0,0,1,0,0,1,0,1,0,0,0,0,1,1,0,0,1,0,70,2.3978952727983707,505250.0,2021000,139155.48857303473,0.27541907683925726,307000,0,0,0,0,0,0,0
5/19/2026 23:53:54,30,2,4,7,6,1035000,825000,835000,1165000,3,3,R0143,2026-05-19 23:53:54,2026-05-19,tutor,jateng_yogya,0,0,0,0,0,1,1,0,1,0,0,0,1,0,0,1,0,0,0,0,0,0,0,1,0,0,1,1,0,1,0,42,1.6094379124341003,965000.0,3860000,164721.9880080778,0.17069636063013244,340000,1,1,0,0,1,0,0
05/20/2026 20:43:46,23,2,8,6,8,433000,416000,429000,510000,2,4,R0144,2026-05-20 20:43:46,2026-05-20,kurir,bandung,1,0,0,0,0,0,0,0,0,0,0,1,0,0,0,0,0,1,1,1,0,0,0,0,0,0,1,1,1,0,0,48,2.1972245773362196,447000.0,1788000,42622.372841814744,0.09535206452307549,94000,0,0,0,1,0,0,0
05/20/2026 11:07:43,33,1,14,5,3,220000,175000,205000,265000,0,4,R0145,2026-05-20 11:07:43,2026-05-20,jualan_online,bandung,0,0,0,0,1,1,0,0,0,0,0,0,1,0,1,0,0,0,0,0,0,1,0,1,0,0,1,1,1,0,0,15,2.70805020110221,216250.0,865000,37500.0,0.17341040462427745,90000,0,0,0,0,1,0,1
05/20/2026 08:56:34,22,2,12,6,8,975000,0,1455000,1185000,4,2,R0146,2026-05-20 08:56:34,2026-05-20,freelance_desain,sumatera,0,0,0,0,0,1,1,1,0,0,0,1,0,0,0,0,0,1,0,0,0,0,0,0,0,1,0,0,1,0,0,48,2.5649493574615367,1205000.0,3615000,240624.1883103193,0.19968812307910316,1455000,0,0,0,1,0,0,0
05/20/2026 18:48:17,20,0,4,3,1,105000,95000,105000,70000,3,1,R0147,2026-05-20 18:48:17,2026-05-20,jualan_online,bali_ntt,0,0,0,0,1,1,1,0,0,0,0,0,1,0,0,0,0,0,1,0,0,0,1,0,0,0,0,1,0,0,0,3,1.6094379124341003,93750.0,375000,16520.189667999173,0.17621535645865785,35000,0,0,0,0,1,0,0
05/20/2026 13:49:41,41,2,24,7,10,389000,357000,306000,0,0,3,R0148,2026-05-20 13:49:41,2026-05-20,kurir,kalimantan,1,1,1,0,0,0,0,0,0,0,1,0,0,0,0,0,0,1,0,0,0,0,0,0,0,0,0,1,1,0,0,70,3.2188758248682006,350666.6666666667,1052000,41860.88070422472,0.1193751350880933,389000,0,0,1,0,0,0,0
05/20/2026 09:21:07,20,1,8,5,5,120000,125000,115000,130000,0,4,R0149,2026-05-20 09:21:07,2026-05-20,jualan_online,jabodetabek,0,0,0,0,1,1,1,0,0,0,0,0,0,0,1,0,1,0,1,0,0,0,0,0,0,0,1,0,0,0,0,25,2.1972245773362196,122500.0,490000,6454.972243679028,0.05269365096880839,15000,0,0,0,0,0,0,1
05/20/2026 14:18:27,31,1,6,5,4,650000,306000,489000,670000,0,5,R0150,2026-05-20 14:18:27,2026-05-20,ojek_online,jabodetabek,1,1,0,1,0,0,0,0,0,0,1,0,0,1,1,0,0,0,1,0,0,0,0,1,0,0,1,0,0,0,0,20,1.9459101490553132,528750.0,2115000,169165.35303266643,0.3199344738206457,364000,0,0,1,0,0,1,1
05/20/2026 07:10:29,21,2,48,5,5,710000,935000,920000,690000,0,4,R0151,2026-05-20 07:10:29,2026-05-20,pekerja_harian,jabodetabek,0,0,0,0,0,1,1,0,0,0,0,1,1,0,0,1,0,0,0,1,0,1,0,0,1,1,0,0,1,0,0,25,3.8918202981106265,813750.0,3255000,131743.12126255396,0.16189630877118766,245000,0,0,0,1,1,0,0
05/20/2026 22:00:46,25,0,14,1,2,600000,655000,640000,720000,3,5,R0152,2026-05-20 22:00:46,2026-05-20,content_creator,jabodetabek,0,0,0,0,0,1,1,0,0,0,1,0,0,0,0,0,1,1,0,0,0,0,0,0,0,1,0,1,1,0,0,2,2.70805020110221,653750.0,2615000,49895.724599742345,0.0763223320837359,120000,0,0,1,0,0,0,0
05/20/2026 10:56:46,19,0,30,3,3,895000,605000,865000,565000,4,4,R0153,2026-05-20 10:56:46,2026-05-20,tutor,bandung,0,0,0,0,0,1,0,0,1,0,1,0,1,0,0,0,0,1,0,0,0,0,0,0,0,1,0,1,1,0,0,9,3.4339872044851463,732500.0,2930000,171537.16798408443,0.2341804341079651,330000,1,1,1,0,1,0,0
05/20/2026 17:16:32,28,0,4,4,4,885000,665000,620000,0,1,5,R0154,2026-05-20 17:16:32,2026-05-20,pekerja_harian,jabodetabek,0,0,0,0,0,1,1,0,0,0,1,0,0,0,0,1,1,0,0,0,0,0,0,0,0,1,0,0,0,0,0,16,1.6094379124341003,723333.3333333334,2170000,141803.85514270526,0.19604219604982293,885000,0,0,1,0,0,0,0
05/20/2026 11:48:11,40,2,24,4,8,320000,345000,0,290000,3,4,R0155,2026-05-20 11:48:11,2026-05-20,jualan_online,sumatera,0,0,0,0,0,1,0,0,0,0,0,1,0,0,1,1,0,0,0,0,0,1,0,0,0,0,1,0,0,0,0,32,3.2188758248682006,318333.3333333333,955000,27537.852736430512,0.08650634367465083,345000,0,0,0,1,0,0,1
05/20/2026 15:32:58,20,0,4,1,2,300000,370000,265000,255000,0,5,R0156,2026-05-20 15:32:58,2026-05-20,pekerja_harian,bandung,0,0,0,0,0,1,1,0,1,0,0,0,0,0,0,0,0,0,0,1,0,0,0,0,0,1,1,0,1,0,0,2,1.6094379124341003,297500.0,1190000,52041.64998665332,0.17492991592152377,115000,1,1,0,0,0,0,0
05/20/2026 15:06:55,33,2,8,7,12,325000,355000,275000,305000,3,3,R0157,2026-05-20 15:06:55,2026-05-20,ojek_online,kalimantan,1,1,0,1,0,0,0,0,0,0,0,0,0,0,1,1,1,0,0,0,0,0,0,0,1,0,0,0,1,1,0,84,2.1972245773362196,315000.0,1260000,33665.01646120693,0.10687306813081564,80000,0,0,0,0,0,0,1
5/20/2026 07:42:03,41,2,8,6,8,370000,362000,357000,335000,0,5,R0158,2026-05-20 07:42:03,2026-05-20,ojek_online,bandung,1,1,0,0,0,0,0,0,0,1,1,0,0,1,0,0,0,0,0,0,0,0,0,1,1,0,1,1,0,0,1,48,2.1972245773362196,356000.0,1424000,14988.88477061141,0.04210360890621183,35000,1,0,1,0,0,1,0
5/20/2026 08:14:31,19,0,12,3,1,860000,1210000,935000,0,3,4,R0159,2026-05-20 08:14:31,2026-05-20,freelance_desain,jabodetabek,0,0,0,0,0,1,0,1,1,0,0,0,0,0,0,0,1,1,0,0,0,0,0,0,1,0,0,0,1,0,1,3,2.5649493574615367,1001666.6666666666,3005000,184277.86989579984,0.18397125114389337,1210000,1,1,0,0,0,0,0
5/20/2026 08:20:44,20,0,2,3,1,935000,1005000,825000,1070000,2,5,R0160,2026-05-20 08:20:44,2026-05-20,freelance_it,jabodetabek,0,0,0,0,0,1,1,1,0,1,0,0,0,0,0,1,0,0,1,0,0,0,0,0,0,0,0,1,0,1,0,3,1.0986122886681096,958750.0,3835000,104831.21354507604,0.10934155258938831,245000,1,0,0,0,0,0,0
5/20/2026 09:21:19,44,1,48,3,3,1310000,1295000,915000,1380000,0,5,R0161,2026-05-20 09:21:19,2026-05-20,freelance_desain,bandung,0,0,0,0,0,1,1,1,1,0,0,0,0,0,0,0,1,0,0,0,0,0,0,0,0,0,0,1,0,0,1,9,3.8918202981106265,1225000.0,4900000,209960.31371031367,0.1713961744573989,465000,1,1,0,0,0,0,0
5/20/2026 09:53:39,25,2,5,5,11,364000,400000,321000,457000,0,3,R0162,2026-05-20 09:53:39,2026-05-20,kurir,sulawesi,1,1,1,0,0,0,0,0,0,0,0,0,0,0,1,0,0,0,0,0,0,0,1,0,0,1,1,0,0,0,0,55,1.791759469228055,385500.0,1542000,57576.03668193913,0.14935418075729995,136000,0,0,0,0,0,0,1
5/20/2026 10:24:01,38,1,48,4,6,565000,600000,465000,450000,0,5,R0163,2026-05-20 10:24:01,2026-05-20,content_creator,bandung,0,0,0,0,0,1,1,0,0,0,1,0,0,0,0,0,1,1,0,0,0,1,0,0,0,0,0,1,1,1,0,24,3.8918202981106265,520000.0,2080000,73824.115301167,0.14196945250224421,150000,0,0,1,0,0,0,0
5/20/2026 11:03:17,20,0,18,4,3,300000,290000,285000,260000,2,5,R0164,2026-05-20 11:03:17,2026-05-20,pekerja_harian,bandung,0,0,0,0,0,0,1,0,0,1,1,0,1,0,0,0,0,0,0,0,0,0,1,0,0,1,0,0,0,0,1,12,2.9444389791664403,283750.0,1135000,17017.148213885113,0.0599723285070841,40000,1,0,1,0,1,0,0
5/20/2026 12:15:39,19,1,12,4,3,100000,130000,105000,140000,3,4,R0165,2026-05-20 12:15:39,2026-05-20,freelance_desain,jabar_lainnya,0,0,0,0,0,0,1,1,0,1,0,0,0,1,0,0,0,0,0,0,0,0,1,1,0,0,0,0,0,1,1,12,2.5649493574615367,118750.0,475000,19311.050377094114,0.16261937159658202,40000,1,0,0,0,0,1,0
5/20/2026 14:39:42,35,2,14,7,5,810000,1090000,955000,805000,3,4,R0166,2026-05-20 14:39:42,2026-05-20,freelance_desain,jabar_lainnya,0,0,0,0,0,1,0,1,0,0,0,0,0,1,0,0,0,0,0,0,0,1,0,0,0,0,1,0,1,0,1,35,2.70805020110221,915000.0,3660000,135830.77707206126,0.14844893669077733,285000,0,0,0,0,0,1,0
5/20/2026 15:53:30,30,2,24,7,12,385000,455000,465000,440000,0,2,R0167,2026-05-20 15:53:30,2026-05-20,ojek_online,kalimantan,1,1,0,1,0,0,0,0,1,0,1,0,0,0,1,0,1,0,1,0,0,0,1,0,0,0,0,0,1,0,0,84,3.2188758248682006,436250.0,1745000,35677.95771434608,0.0817832841589595,80000,1,1,1,0,0,0,1
5/20/2026 16:05:19,25,2,18,6,11,472000,251000,444000,456000,2,5,R0168,2026-05-20 16:05:19,2026-05-20,kurir,jateng_yogya,0,1,0,0,0,0,0,0,1,0,1,0,0,1,0,0,1,0,0,0,0,1,1,0,0,0,1,1,0,0,1,66,2.9444389791664403,405750.0,1623000,103802.29605681497,0.25582820962862596,221000,1,1,1,0,0,1,0
5/20/2026 16:27:12,41,1,48,5,8,290000,428000,358000,337000,0,5,R0169,2026-05-20 16:27:12,2026-05-20,kurir,jabar_lainnya,1,1,1,0,0,0,0,0,0,1,1,0,0,0,0,0,0,1,0,0,0,1,0,0,1,1,0,1,0,0,1,40,3.8918202981106265,353250.0,1413000,57372.32201448128,0.16241280117333695,138000,1,0,1,0,0,0,0
5/20/2026 17:02:43,47,2,10,7,11,321000,289000,305000,495000,4,3,R0170,2026-05-20 17:02:43,2026-05-20,kurir,jabodetabek,0,0,1,0,0,0,0,0,0,0,0,0,0,0,0,1,1,1,0,0,0,0,1,0,0,0,0,0,1,1,0,77,2.3978952727983707,352500.0,1410000,95894.03874416108,0.27203982622457046,206000,0,0,0,0,0,0,0
5/20/2026 17:18:57,24,1,24,4,6,1040000,1320000,930000,1500000,2,5,R0171,2026-05-20 17:18:57,2026-05-20,content_creator,jabodetabek,0,0,0,0,0,0,1,0,0,0,1,0,1,0,0,0,1,1,0,0,0,0,1,0,0,0,1,0,0,0,0,24,3.2188758248682006,1197500.0,4790000,260048.07247891687,0.21715914194481575,570000,0,0,1,0,1,0,0
5/20/2026 17:46:13,32,2,3,6,7,435000,330000,335000,335000,1,4,R0172,2026-05-20 17:46:13,2026-05-20,jualan_online,sulawesi,0,0,0,0,1,0,0,0,0,1,0,0,1,0,1,0,0,0,0,0,0,1,1,0,1,0,1,1,0,0,1,42,1.3862943611198906,358750.0,1435000,50887.94880257342,0.14184794091309663,105000,1,0,0,0,1,0,1
5/20/2026 17:54:47,33,0,30,3,4,235000,265000,245000,250000,0,5,R0173,2026-05-20 17:54:47,2026-05-20,pekerja_harian,bandung,0,0,0,0,0,0,1,0,0,0,0,0,1,0,0,0,0,0,0,1,0,0,1,1,0,0,0,0,1,0,1,12,3.4339872044851463,248750.0,995000,12500.0,0.05025125628140704,30000,0,0,0,0,1,0,0
5/20/2026 19:22:06,20,0,4,4,2,200000,220000,215000,160000,0,5,R0174,2026-05-20 19:22:06,2026-05-20,freelance_desain,jabodetabek,0,0,0,0,0,0,1,1,0,1,0,1,0,1,0,0,1,0,0,0,0,0,0,1,0,0,1,0,1,1,0,8,1.6094379124341003,198750.0,795000,27195.28145346787,0.13683160479732262,60000,1,0,0,1,0,1,0
5/20/2026 19:37:04,19,0,12,2,4,410000,390000,0,345000,3,4,R0175,2026-05-20 19:37:04,2026-05-20,pekerja_harian,bandung,0,0,0,0,0,0,1,0,0,0,0,0,0,1,0,0,1,0,0,1,0,1,0,0,0,1,0,1,0,1,0,8,2.5649493574615367,381666.6666666667,1145000,33291.640592396965,0.08722700591894401,410000,0,0,0,0,0,1,0
5/20/2026 20:24:55,25,2,24,6,6,345000,465000,490000,370000,2,4,R0176,2026-05-20 20:24:55,2026-05-20,content_creator,jabar_lainnya,0,0,0,0,0,1,1,0,0,1,1,0,0,0,0,0,0,1,0,0,0,1,0,0,0,0,1,1,1,0,0,36,3.2188758248682006,417500.0,1670000,70769.57915187381,0.16950797401646422,145000,1,0,1,0,0,0,0
5/20/2026 20:42:04,21,0,5,2,4,550000,460000,590000,505000,1,5,R0177,2026-05-20 20:42:04,2026-05-20,tutor,jabodetabek,0,0,0,0,0,1,0,0,0,0,0,0,0,0,1,1,1,0,1,1,0,0,0,0,0,1,1,0,0,1,0,8,1.791759469228055,526250.0,2105000,56180.51263561058,0.10675631854747854,130000,0,0,0,0,0,0,1
5/20/2026 21:10:43,23,1,30,4,6,185000,240000,255000,0,0,5,R0178,2026-05-20 21:10:43,2026-05-20,tutor,jabar_lainnya,0,0,0,0,0,1,1,0,1,0,1,0,0,0,0,0,0,1,0,0,0,0,1,1,0,0,1,0,0,0,0,24,3.4339872044851463,226666.66666666666,680000,36855.57397915997,0.162598120496294,255000,1,1,1,0,0,0,0
5/20/2026 23:05:28,19,1,48,5,6,355000,410000,410000,320000,2,4,R0179,2026-05-20 23:05:28,2026-05-20,tutor,jabar_lainnya,0,0,0,0,0,1,1,0,0,0,0,1,1,0,0,1,0,1,0,0,0,0,1,0,0,1,1,0,0,0,0,30,3.8918202981106265,373750.0,1495000,44229.51503238533,0.11833983955153266,90000,0,0,0,1,1,0,0
5/20/2026 23:15:50,20,1,10,4,4,185000,240000,215000,230000,3,5,R0180,2026-05-20 23:15:50,2026-05-20,pekerja_harian,bandung,0,0,0,0,0,0,1,0,0,0,0,1,0,0,0,0,0,0,0,1,0,0,1,0,1,0,1,1,0,0,0,16,2.3978952727983707,217500.0,870000,23979.157616563596,0.11024900053592458,55000,0,0,0,1,0,0,0
5/20/2026 23:58:59,27,1,12,3,5,100000,125000,135000,115000,2,3,R0181,2026-05-20 23:58:59,2026-05-20,jualan_online,bandung,0,0,0,0,0,1,0,0,0,1,0,0,0,0,1,0,1,0,0,1,0,1,0,0,0,1,0,0,1,0,0,15,2.5649493574615367,118750.0,475000,14930.394055974097,0.12572963415557134,35000,1,0,0,0,0,0,1
05/21/2026 09:40:19,18,2,30,6,9,450000,425000,355000,345000,1,4,R0182,2026-05-21 09:40:19,2026-05-21,tutor,sumatera,0,0,0,0,0,1,1,0,0,0,1,0,0,0,0,0,1,1,0,0,0,0,0,0,1,1,1,0,0,0,0,54,3.4339872044851463,393750.0,1575000,51700.257897487,0.13130224227933207,105000,0,0,1,0,0,0,0
05/21/2026 23:53:40,21,1,12,4,6,535000,735000,730000,620000,4,5,R0183,2026-05-21 23:53:40,2026-05-21,content_creator,bandung,0,0,0,0,0,1,1,0,0,1,1,0,0,0,0,0,1,1,0,0,0,0,0,0,0,1,0,0,0,0,0,24,2.5649493574615367,655000.0,2620000,96003.47215943111,0.14657018650294826,200000,1,0,1,0,0,0,0
05/21/2026 20:32:38,20,0,6,3,4,475000,390000,460000,485000,1,5,R0184,2026-05-21 20:32:38,2026-05-21,pekerja_harian,jatim,0,0,0,0,0,1,1,0,0,0,0,0,0,1,0,0,1,0,0,1,0,0,0,1,0,0,1,0,0,0,0,12,1.9459101490553132,452500.0,1810000,42914.64396527911,0.09483899218846212,95000,0,0,0,0,0,1,0
05/21/2026 22:12:09,35,1,3,4,5,0,500000,530000,495000,0,5,R0185,2026-05-21 22:12:09,2026-05-21,jualan_online,jateng_yogya,0,0,0,0,0,0,1,0,0,0,0,0,1,0,0,0,1,0,0,0,0,0,0,0,0,1,0,1,0,1,0,20,1.3862943611198906,508333.3333333333,1525000,18929.694486000913,0.03723874325114934,530000,0,0,0,0,1,0,0
05/21/2026 21:23:48,39,2,4,6,10,335000,365000,280000,285000,0,4,R0186,2026-05-21 21:23:48,2026-05-21,ojek_online,sumatera,1,0,0,1,0,0,0,0,1,0,0,0,0,0,1,1,0,0,0,1,0,0,0,0,1,0,0,0,1,1,0,60,1.6094379124341003,316250.0,1265000,40901.30397269342,0.12933218647491992,85000,1,1,0,0,0,0,1
05/21/2026 16:10:34,36,0,6,2,4,480000,430000,405000,365000,1,4,R0187,2026-05-21 16:10:34,2026-05-21,freelance_it,sulawesi,0,0,0,0,0,1,0,1,0,0,0,0,0,0,0,1,0,1,0,0,0,0,0,0,0,1,0,0,1,1,0,8,1.9459101490553132,420000.0,1680000,48131.76359397884,0.11459943712852104,115000,0,0,0,0,0,0,0
05/21/2026 22:49:59,23,1,6,5,4,210000,315000,290000,300000,0,5,R0188,2026-05-21 22:49:59,2026-05-21,content_creator,jabodetabek,0,0,0,0,0,1,1,0,0,0,1,0,0,0,0,0,0,0,0,0,0,1,0,0,0,0,0,1,0,0,0,20,1.9459101490553132,278750.0,1115000,46970.73557013984,0.16850488096911154,105000,0,0,1,0,0,0,0
5/21/2026 07:06:32,23,1,5,5,3,725000,795000,660000,770000,1,4,R0189,2026-05-21 07:06:32,2026-05-21,pekerja_harian,jabodetabek,0,0,0,0,0,1,1,0,1,0,0,0,0,0,0,0,0,1,0,0,0,0,0,0,1,0,1,0,1,1,0,15,1.791759469228055,737500.0,2950000,59231.18547972287,0.08031347183691237,135000,1,1,0,0,0,0,0
5/21/2026 07:16:16,39,1,48,6,7,465000,510000,485000,470000,0,4,R0190,2026-05-21 07:16:16,2026-05-21,ojek_online,bali_ntt,1,1,0,1,0,0,0,0,0,0,0,1,0,0,1,1,0,0,0,0,0,0,1,0,0,0,0,0,1,0,1,42,3.8918202981106265,482500.0,1930000,20207.2594216369,0.041880330407537615,45000,0,0,0,1,0,0,1
5/21/2026 08:21:34,20,1,14,4,5,430000,440000,475000,520000,2,4,R0191,2026-05-21 08:21:34,2026-05-21,freelance_desain,jabodetabek,0,0,0,0,0,0,1,1,0,0,0,1,0,0,0,0,0,0,0,0,0,0,0,1,0,0,1,0,0,1,0,20,2.70805020110221,466250.0,1865000,40697.051490249265,0.08728590131956947,90000,0,0,0,1,0,0,0
5/21/2026 09:04:16,36,2,10,4,5,1285000,1325000,1205000,1920000,3,3,R0192,2026-05-21 09:04:16,2026-05-21,freelance_it,bandung,0,0,0,0,0,0,1,1,1,0,0,0,1,0,0,0,0,1,1,0,0,0,1,0,0,0,1,0,0,1,0,20,2.3978952727983707,1433750.0,5735000,327983.10423963406,0.22875892187594354,715000,1,1,0,0,1,0,0
5/21/2026 09:08:35,18,1,48,4,3,330000,310000,290000,280000,1,1,R0193,2026-05-21 09:08:35,2026-05-21,pekerja_harian,bandung,0,0,0,0,0,1,0,0,0,0,1,0,1,0,1,0,1,0,0,1,0,0,0,0,1,0,1,1,0,1,0,12,3.8918202981106265,302500.0,1210000,22173.55782608345,0.07330101760688744,50000,0,0,1,0,1,0,1
5/21/2026 11:14:05,44,2,12,5,9,445000,336000,276000,273000,0,5,R0194,2026-05-21 11:14:05,2026-05-21,kurir,jabar_lainnya,0,1,1,0,0,0,0,0,0,0,0,0,1,1,0,0,1,1,0,0,1,0,0,0,0,0,0,1,1,0,0,45,2.5649493574615367,332500.0,1330000,80417.65975207186,0.24185762331450184,172000,0,0,0,0,1,1,0
5/21/2026 12:09:23,29,2,18,7,5,1105000,805000,785000,1145000,2,4,R0195,2026-05-21 12:09:23,2026-05-21,freelance_desain,jateng_yogya,0,0,0,0,0,0,1,1,1,0,0,0,0,0,0,1,1,0,0,0,0,1,0,0,0,0,0,0,0,1,0,35,2.9444389791664403,960000.0,3840000,191398.36293274123,0.19937329472160545,360000,1,1,0,0,0,0,0
5/21/2026 13:29:07,24,1,10,4,5,825000,1035000,935000,0,3,5,R0196,2026-05-21 13:29:07,2026-05-21,pekerja_harian,bandung,0,0,0,0,0,1,1,0,0,0,1,0,0,0,1,0,0,0,0,1,1,0,0,0,0,1,1,1,0,0,0,20,2.3978952727983707,931666.6666666666,2795000,105039.67504392487,0.11274383725644889,1035000,0,0,1,0,0,0,1
5/21/2026 14:16:28,40,2,10,6,8,685000,555000,605000,610000,4,5,R0197,2026-05-21 14:16:28,2026-05-21,freelance_desain,jabodetabek,0,0,0,0,0,1,0,1,1,1,0,0,0,0,0,0,0,0,0,0,0,1,0,0,0,1,1,0,0,1,0,48,2.3978952727983707,613750.0,2455000,53599.595769620006,0.08733131693624441,130000,1,1,0,0,0,0,0
5/21/2026 14:19:10,22,2,8,5,9,555000,410000,500000,410000,4,1,R0198,2026-05-21 14:19:10,2026-05-21,pekerja_harian,jabar_lainnya,0,0,0,0,0,1,0,0,0,0,0,1,0,0,0,0,1,0,0,1,0,0,1,0,0,0,0,1,1,1,0,45,2.1972245773362196,468750.0,1875000,71458.02963978225,0.1524437965648688,145000,0,0,0,1,0,0,0
5/21/2026 15:04:48,37,2,6,6,5,1225000,1320000,1465000,1375000,0,5,R0199,2026-05-21 15:04:48,2026-05-21,freelance_it,jabodetabek,0,0,0,0,0,0,0,1,1,0,0,0,1,0,1,0,0,1,0,0,0,0,0,0,0,1,0,0,0,1,0,30,1.9459101490553132,1346250.0,5385000,100529.8463144155,0.07467398054924085,240000,1,1,0,0,1,0,1
5/21/2026 15:49:43,19,0,2,4,3,260000,280000,315000,290000,2,4,R0200,2026-05-21 15:49:43,2026-05-21,pekerja_harian,bandung,0,0,0,0,0,0,1,0,0,0,1,1,0,0,0,0,0,0,0,0,0,0,0,0,1,0,1,1,0,0,0,12,1.0986122886681096,286250.0,1145000,22867.37122335374,0.07988601300734931,55000,0,0,1,1,0,0,0
5/21/2026 16:54:01,21,2,6,6,7,1110000,940000,875000,915000,4,5,R0201,2026-05-21 16:54:01,2026-05-21,jualan_online,jabar_lainnya,0,0,0,0,1,1,1,0,0,0,0,1,0,1,1,0,0,0,0,0,0,1,1,1,0,0,0,0,1,0,0,42,1.9459101490553132,960000.0,3840000,103521.33435513022,0.10783472328659398,235000,0,0,0,1,0,1,1
5/21/2026 17:03:23,20,1,30,5,4,485000,485000,415000,525000,0,5,R0202,2026-05-21 17:03:23,2026-05-21,tutor,bali_ntt,0,0,0,0,0,1,0,0,1,1,0,0,0,0,0,0,0,1,0,0,0,0,0,0,0,0,0,0,1,0,0,20,3.4339872044851463,477500.0,1910000,45734.74244670748,0.0957795653334188,110000,1,1,0,0,0,0,0
5/21/2026 17:29:48,25,1,10,5,5,220000,340000,325000,330000,1,5,R0203,2026-05-21 17:29:48,2026-05-21,tutor,jabodetabek,0,0,0,0,0,0,1,0,1,0,1,1,0,0,0,0,1,0,0,0,0,0,0,0,0,0,0,0,0,1,0,25,2.3978952727983707,303750.0,1215000,56180.51263561058,0.184956420199541,120000,1,1,1,1,0,0,0
5/21/2026 17:43:13,42,0,14,4,1,220000,190000,305000,0,3,5,R0204,2026-05-21 17:43:13,2026-05-21,jualan_online,sumatera,0,0,0,0,1,0,0,0,0,0,0,1,0,1,1,0,0,0,0,0,0,1,0,0,0,1,1,0,0,0,1,4,2.70805020110221,238333.33333333334,715000,59651.76722724427,0.2502871352192067,305000,0,0,0,1,0,1,1
5/21/2026 17:46:02,19,2,24,7,9,1955000,2245000,2375000,2510000,2,3,R0205,2026-05-21 17:46:02,2026-05-21,freelance_it,jabodetabek,0,0,0,0,0,0,0,1,1,0,0,0,1,0,0,0,0,1,1,0,0,0,0,0,0,0,0,1,0,0,0,63,3.2188758248682006,2271250.0,9085000,236973.0997391898,0.10433598227372144,555000,1,1,0,0,1,0,0
5/21/2026 18:18:40,42,2,6,5,7,190000,0,300000,220000,2,4,R0206,2026-05-21 18:18:40,2026-05-21,pekerja_harian,bali_ntt,0,0,0,0,0,0,1,0,0,0,1,1,0,1,0,0,0,0,0,0,0,0,1,0,0,1,0,0,1,0,1,35,1.9459101490553132,236666.66666666666,710000,56862.40703077327,0.24026369167932368,300000,0,0,1,1,0,1,0
5/21/2026 19:06:32,35,0,2,2,4,430000,535000,460000,580000,0,2,R0207,2026-05-21 19:06:32,2026-05-21,tutor,sulawesi,0,0,0,0,0,1,1,0,1,0,1,0,0,0,0,1,1,0,0,1,0,0,0,0,0,0,1,0,0,0,0,8,1.0986122886681096,501250.0,2005000,68602.11367006121,0.13686207215972312,150000,1,1,1,0,0,0,0
5/21/2026 20:08:07,26,1,18,4,3,195000,190000,265000,0,1,2,R0208,2026-05-21 20:08:07,2026-05-21,pekerja_harian,jabodetabek,0,0,0,0,0,1,1,0,0,0,1,0,0,0,0,0,0,0,0,1,1,0,1,0,0,1,1,1,0,0,0,12,2.9444389791664403,216666.66666666666,650000,41932.48541803042,0.19353454808321732,265000,0,0,1,0,0,0,0
5/21/2026 22:13:47,31,0,14,4,5,225000,160000,185000,185000,2,4,R0209,2026-05-21 22:13:47,2026-05-21,ojek_online,bandung,1,0,0,1,0,0,0,0,0,0,1,0,0,0,1,0,0,0,1,0,0,0,1,0,0,1,0,1,0,0,1,20,2.70805020110221,188750.0,755000,26887.10967483613,0.14244826317793977,65000,0,0,1,0,0,0,1
5/21/2026 23:09:06,22,1,24,5,7,470000,340000,430000,465000,0,4,R0210,2026-05-21 23:09:06,2026-05-21,ojek_online,jabodetabek,1,0,0,0,0,0,0,0,0,1,1,0,0,0,0,0,0,0,1,0,0,0,1,0,0,0,0,1,1,0,0,35,3.2188758248682006,426250.0,1705000,60190.669265814504,0.14120978126877304,130000,1,0,1,0,0,0,0
5/21/2026 23:58:26,18,0,12,1,2,510000,520000,545000,520000,1,5,R0211,2026-05-21 23:58:26,2026-05-21,pekerja_harian,bandung,0,0,0,0,0,1,0,0,1,0,0,0,0,0,1,0,0,0,0,0,0,0,0,0,1,1,1,1,0,0,0,2,2.5649493574615367,523750.0,2095000,14930.394055974097,0.028506718961287057,35000,1,1,0,0,0,0,1
05/22/2026 08:33:58,33,2,5,7,12,495000,385000,455000,590000,0,1,R0212,2026-05-22 08:33:58,2026-05-22,ojek_online,bandung,1,0,0,0,0,0,0,0,0,0,0,0,0,0,0,1,1,0,0,0,0,0,0,0,0,1,1,0,1,0,0,84,1.791759469228055,481250.0,1925000,85574.04201430868,0.17781619119856348,205000,0,0,0,0,0,0,0
05/22/2026 10:00:38,28,1,4,5,4,570000,500000,615000,455000,1,4,R0213,2026-05-22 10:00:38,2026-05-22,jualan_online,jateng_yogya,0,0,0,0,1,1,0,0,0,0,0,0,0,0,1,0,1,0,0,1,0,1,0,0,0,1,1,0,0,0,0,20,1.6094379124341003,535000.0,2140000,71297.49878735813,0.13326635287356658,160000,0,0,0,0,0,0,1
05/22/2026 08:20:31,22,2,8,5,9,450000,580000,580000,400000,0,4,R0214,2026-05-22 08:20:31,2026-05-22,tutor,jabodetabek,0,0,0,0,0,1,0,0,0,0,0,0,0,1,0,0,1,0,0,0,0,0,0,1,1,1,0,1,0,1,0,45,2.1972245773362196,502500.0,2010000,91787.7987534291,0.18266228607647583,180000,0,0,0,0,0,1,0
05/22/2026 11:01:07,21,0,10,3,1,440000,555000,355000,570000,3,5,R0215,2026-05-22 11:01:07,2026-05-22,freelance_it,jabodetabek,0,0,0,0,0,0,1,0,1,1,0,0,0,0,0,0,1,0,1,0,0,1,0,0,0,0,1,0,0,0,0,3,2.3978952727983707,480000.0,1920000,101570.99323461726,0.2116062359054526,215000,1,1,0,0,0,0,0
05/22/2026 12:59:23,21,0,48,4,1,355000,390000,340000,410000,1,4,R0216,2026-05-22 12:59:23,2026-05-22,pekerja_harian,jabodetabek,0,0,0,0,0,1,1,0,0,0,0,0,1,0,0,0,0,1,0,0,0,0,0,1,0,1,0,0,1,0,0,4,3.8918202981106265,373750.0,1495000,31983.068437325812,0.08557342725705903,70000,0,0,0,0,1,0,0
05/22/2026 11:56:53,17,1,8,5,6,430000,555000,625000,505000,2,4,R0217,2026-05-22 11:56:53,2026-05-22,pekerja_harian,jabodetabek,0,0,0,0,0,1,1,0,0,1,0,0,0,1,0,0,0,0,0,1,0,0,0,0,0,1,0,1,0,0,0,30,2.1972245773362196,528750.0,2115000,82196.41111386799,0.15545420541629879,195000,1,0,0,0,0,1,0
05/22/2026 20:51:19,23,1,5,3,3,170000,0,210000,190000,0,5,R0218,2026-05-22 20:51:19,2026-05-22,jualan_online,jabodetabek,0,0,0,0,1,1,1,0,1,0,0,0,0,1,1,0,0,0,0,0,0,0,1,0,1,1,0,0,1,1,0,9,1.791759469228055,190000.0,570000,20000.0,0.10526315789473684,210000,1,1,0,0,0,1,1
05/22/2026 12:15:03,22,0,12,1,4,410000,325000,415000,465000,1,4,R0219,2026-05-22 12:15:03,2026-05-22,tutor,jabodetabek,0,0,0,0,0,1,1,0,1,1,0,1,0,0,0,0,0,0,0,1,0,0,0,0,0,0,1,0,0,0,0,4,2.5649493574615367,403750.0,1615000,58076.81694675309,0.14384350946564234,140000,1,1,0,1,0,0,0
05/22/2026 11:15:56,21,0,36,3,2,145000,95000,155000,145000,2,2,R0220,2026-05-22 11:15:56,2026-05-22,freelance_desain,jatim,0,0,0,0,0,0,1,1,1,0,0,1,0,0,0,1,1,0,0,0,0,0,0,0,0,0,1,1,0,1,0,6,3.6109179126442243,135000.0,540000,27080.128015453203,0.20059354085520892,60000,1,1,0,1,0,0,0
05/22/2026 15:36:05,38,1,6,4,5,110000,135000,115000,120000,4,5,R0221,2026-05-22 15:36:05,2026-05-22,freelance_desain,jateng_yogya,0,0,0,0,0,1,1,0,1,0,0,0,0,0,0,0,1,0,0,0,0,1,0,1,0,1,0,0,1,1,0,20,1.9459101490553132,120000.0,480000,10801.234497346433,0.09001028747788695,25000,1,1,0,0,0,0,0
05/22/2026 09:05:46,34,0,14,3,1,245000,200000,210000,205000,0,5,R0222,2026-05-22 09:05:46,2026-05-22,content_creator,jabodetabek,0,0,0,0,0,0,1,0,1,0,0,0,0,0,0,1,0,1,1,0,0,0,0,0,1,1,0,0,0,0,0,3,2.70805020110221,215000.0,860000,20412.41452319315,0.09494146289857279,45000,1,1,0,0,0,0,0
05/22/2026 20:31:52,24,1,8,5,6,410000,420000,280000,410000,1,5,R0223,2026-05-22 20:31:52,2026-05-22,jualan_online,bandung,0,0,0,0,1,0,0,0,0,1,0,0,0,0,0,0,0,0,0,0,0,0,0,1,1,0,1,1,1,0,0,30,2.1972245773362196,380000.0,1520000,66833.1255192114,0.1758766461031879,140000,1,0,0,0,0,0,0
5/22/2026 07:42:54,22,1,5,5,5,750000,1200000,1060000,1145000,0,5,R0224,2026-05-22 07:42:54,2026-05-22,freelance_it,jatim,0,0,0,0,0,0,0,1,1,1,0,0,0,0,1,0,1,0,0,0,0,0,0,0,0,0,1,0,0,0,0,25,1.791759469228055,1038750.0,4155000,200930.12881762322,0.19343454037797664,450000,1,1,0,0,0,0,1
5/22/2026 08:23:03,28,1,6,5,8,535000,440000,480000,535000,3,4,R0225,2026-05-22 08:23:03,2026-05-22,kurir,sumatera,1,1,1,0,0,0,0,0,0,0,0,0,0,1,0,0,0,1,0,0,0,0,0,0,0,1,0,0,0,1,0,40,1.9459101490553132,497500.0,1990000,46278.14458971607,0.0930213961602333,95000,0,0,0,0,0,1,0
5/22/2026 08:24:28,33,1,12,5,6,500000,480000,415000,310000,0,3,R0226,2026-05-22 08:24:28,2026-05-22,pekerja_harian,kalimantan,0,0,0,0,0,0,1,0,0,0,0,0,0,0,0,1,0,0,0,1,0,0,0,0,0,0,1,1,0,1,0,30,2.5649493574615367,426250.0,1705000,85574.04201430868,0.2007602158693459,190000,0,0,0,0,0,0,0
5/22/2026 08:56:47,19,1,30,5,3,675000,820000,685000,555000,3,2,R0227,2026-05-22 08:56:47,2026-05-22,tutor,jatim,0,0,0,0,0,1,1,0,1,0,0,1,0,1,0,0,0,1,0,1,0,0,0,0,0,1,0,0,0,1,0,15,3.4339872044851463,683750.0,2735000,108349.35778920581,0.1584634117575222,265000,1,1,0,1,0,1,0
5/22/2026 10:26:51,18,1,48,5,5,435000,395000,415000,415000,2,4,R0228,2026-05-22 10:26:51,2026-05-22,pekerja_harian,sumatera,0,0,0,0,0,1,1,0,1,0,1,0,1,0,0,0,1,0,0,1,0,0,0,0,1,0,0,1,1,1,0,25,3.8918202981106265,415000.0,1660000,16329.93161855452,0.03934923281579402,40000,1,1,1,0,1,0,0
5/22/2026 11:10:24,25,0,4,3,4,160000,160000,160000,120000,0,4,R0229,2026-05-22 11:10:24,2026-05-22,jualan_online,bandung,0,0,0,0,1,1,1,0,0,1,1,0,0,0,1,0,1,0,0,0,0,0,1,0,0,0,0,1,0,1,0,12,1.6094379124341003,150000.0,600000,20000.0,0.13333333333333333,40000,1,0,1,0,0,0,1
5/22/2026 12:34:06,48,0,24,5,6,340000,450000,530000,420000,2,4,R0230,2026-05-22 12:34:06,2026-05-22,kurir,jabodetabek,1,1,1,0,0,0,0,0,1,0,1,0,0,1,0,0,0,0,0,0,1,0,1,0,0,0,1,0,0,0,0,30,3.2188758248682006,435000.0,1740000,78528.12659593165,0.18052442895616472,190000,1,1,1,0,0,1,0
5/22/2026 12:59:08,35,0,8,4,4,385000,290000,375000,325000,0,4,R0231,2026-05-22 12:59:08,2026-05-22,freelance_it,jabodetabek,0,0,0,0,0,1,1,0,0,1,0,0,0,0,0,0,0,1,0,0,0,1,0,0,0,0,1,1,0,0,0,16,2.1972245773362196,343750.0,1375000,44417.5265707881,0.12921462275138357,95000,1,0,0,0,0,0,0
5/22/2026 14:20:27,29,2,30,7,6,120000,130000,140000,140000,2,3,R0232,2026-05-22 14:20:27,2026-05-22,jualan_online,bandung,0,0,0,0,0,1,1,0,0,0,1,0,0,1,0,0,1,0,1,0,0,0,0,1,0,0,1,1,1,0,0,42,3.4339872044851463,132500.0,530000,9574.27107756338,0.07225864964198778,20000,0,0,1,0,0,1,0
5/22/2026 17:57:51,32,0,24,4,1,840000,570000,570000,780000,0,5,R0233,2026-05-22 17:57:51,2026-05-22,freelance_it,jabodetabek,0,0,0,0,0,0,0,1,0,0,0,1,0,0,0,0,0,1,0,0,0,0,0,0,0,0,0,0,0,1,0,4,3.2188758248682006,690000.0,2760000,140712.4727947029,0.20393111999232302,270000,0,0,0,1,0,0,0
5/22/2026 19:15:12,28,0,30,3,2,210000,165000,190000,220000,1,4,R0234,2026-05-22 19:15:12,2026-05-22,jualan_online,bandung,0,0,0,0,1,1,0,0,0,1,0,0,0,1,0,1,1,0,0,0,0,0,0,0,0,0,0,0,1,0,0,6,3.4339872044851463,196250.0,785000,24281.337140555777,0.12372655867799122,55000,1,0,0,0,0,1,0
5/22/2026 20:02:59,36,2,48,7,8,260000,310000,260000,295000,3,4,R0235,2026-05-22 20:02:59,2026-05-22,kurir,jabodetabek,1,1,1,0,0,0,0,0,0,0,1,0,0,0,0,0,0,1,0,0,0,0,0,0,0,0,0,0,0,1,0,56,3.8918202981106265,281250.0,1125000,25289.984842489197,0.08991994610662826,50000,0,0,1,0,0,0,0
5/22/2026 20:32:12,44,2,10,6,6,330000,285000,300000,315000,3,5,R0236,2026-05-22 20:32:12,2026-05-22,jualan_online,bandung,0,0,0,0,1,1,1,0,0,1,0,0,0,0,1,1,0,0,0,0,0,0,1,0,0,0,0,0,1,1,0,36,2.3978952727983707,307500.0,1230000,19364.916731037083,0.06297533896272223,45000,1,0,0,0,0,0,1
5/22/2026 20:57:48,36,2,10,6,8,485000,485000,347000,530000,4,5,R0237,2026-05-22 20:57:48,2026-05-22,kurir,kalimantan,0,1,1,0,0,0,0,0,0,0,0,0,0,0,0,1,1,0,1,0,0,0,0,0,0,0,1,0,1,0,0,48,2.3978952727983707,461750.0,1847000,79386.71173439545,0.17192574279241027,183000,0,0,0,0,0,0,0
5/22/2026 21:03:43,29,1,18,5,4,270000,405000,390000,325000,0,5,R0238,2026-05-22 21:03:43,2026-05-22,ojek_online,bali_ntt,0,0,0,1,0,0,0,0,0,1,0,0,0,0,1,0,0,0,1,0,0,0,0,0,0,0,1,1,0,0,1,20,2.9444389791664403,347500.0,1390000,62249.49798994366,0.17913524601422637,135000,1,0,0,0,0,0,1
5/22/2026 21:34:13,35,1,2,3,6,195000,0,240000,205000,0,3,R0239,2026-05-22 21:34:13,2026-05-22,pekerja_harian,jatim,0,0,0,0,0,0,1,0,0,0,0,1,0,0,0,0,0,0,0,1,0,0,0,0,1,0,1,0,0,0,0,18,1.0986122886681096,213333.33333333334,640000,23629.078131263042,0.11076130374029551,240000,0,0,0,1,0,0,0
5/22/2026 21:49:58,44,0,30,4,2,625000,650000,560000,810000,0,4,R0240,2026-05-22 21:49:58,2026-05-22,freelance_it,sumatera,0,0,0,0,0,1,0,0,1,1,0,0,0,0,0,0,0,1,0,0,0,0,0,1,0,0,1,0,0,0,0,8,3.4339872044851463,661250.0,2645000,106173.99242124535,0.1605655840018833,250000,1,1,0,0,0,0,0
5/22/2026 22:25:21,26,1,14,5,6,605000,735000,730000,770000,3,5,R0241,2026-05-22 22:25:21,2026-05-22,freelance_it,sulawesi,0,0,0,0,0,1,1,1,1,1,0,1,0,0,0,0,1,0,0,0,0,0,0,0,0,0,1,0,0,0,0,30,2.70805020110221,710000.0,2840000,72226.49560006817,0.10172745859164531,165000,1,1,0,1,0,0,0
5/22/2026 22:32:24,23,0,3,4,4,75000,110000,75000,90000,0,4,R0242,2026-05-22 22:32:24,2026-05-22,content_creator,bandung,0,0,0,0,0,1,0,0,0,0,1,0,0,1,0,1,1,1,0,0,0,0,0,0,0,0,1,0,1,0,1,16,1.3862943611198906,87500.0,350000,16583.123951777,0.18952141659173716,35000,0,0,1,0,0,1,0
5/22/2026 22:48:58,24,1,18,5,4,625000,445000,465000,575000,0,3,R0243,2026-05-22 22:48:58,2026-05-22,content_creator,sumatera,0,0,0,0,0,1,0,0,0,1,1,0,0,1,0,0,0,1,0,0,0,0,0,0,0,0,1,1,1,0,0,20,2.9444389791664403,527500.0,2110000,86554.4144839919,0.1640841980739183,180000,1,0,1,0,0,1,0
5/22/2026 23:12:29,23,2,5,6,5,1105000,1215000,1285000,880000,2,4,R0244,2026-05-22 23:12:29,2026-05-22,tutor,jabodetabek,0,0,0,0,0,1,1,0,0,1,0,0,0,1,0,0,0,0,0,0,0,0,1,0,0,0,0,1,1,0,0,30,1.791759469228055,1121250.0,4485000,177076.96066964781,0.15792817005096796,405000,1,0,0,0,0,1,0
5/22/2026 23:13:07,22,1,12,3,5,205000,0,220000,175000,2,4,R0245,2026-05-22 23:13:07,2026-05-22,tutor,jabodetabek,0,0,0,0,0,0,1,0,1,0,0,0,0,0,0,0,1,1,0,0,0,0,0,0,1,0,0,1,1,1,0,15,2.5649493574615367,200000.0,600000,22912.8784747792,0.11456439237389601,220000,1,1,0,0,0,0,0
05/23/2026 08:04:48,22,1,30,5,7,350000,500000,480000,540000,0,5,R0246,2026-05-23 08:04:48,2026-05-23,kurir,jateng_yogya,1,0,0,0,0,0,0,0,0,0,1,0,0,0,1,1,1,1,0,0,1,0,0,0,0,0,1,0,1,0,0,35,3.4339872044851463,467500.0,1870000,82209.08303425682,0.17584830595562956,190000,0,0,1,0,0,0,1
05/23/2026 23:34:49,20,0,18,4,3,720000,805000,620000,590000,4,5,R0247,2026-05-23 23:34:49,2026-05-23,freelance_desain,bandung,0,0,0,0,0,1,1,0,0,1,0,0,0,0,0,0,0,0,0,0,0,0,1,1,0,0,0,1,1,1,0,12,2.9444389791664403,683750.0,2735000,98096.46612731095,0.14346832340374546,215000,1,0,0,0,0,0,0
05/23/2026 19:08:08,35,0,12,2,2,300000,210000,250000,310000,4,4,R0248,2026-05-23 19:08:08,2026-05-23,tutor,bandung,0,0,0,0,0,0,1,0,1,0,1,1,0,0,0,0,0,1,0,0,0,0,0,0,1,0,0,1,0,0,0,4,2.5649493574615367,267500.0,1070000,46457.86621588785,0.17367426622761814,100000,1,1,1,1,0,0,0
05/23/2026 10:42:30,32,1,8,5,5,120000,120000,130000,120000,0,4,R0249,2026-05-23 10:42:30,2026-05-23,content_creator,bandung,0,0,0,0,0,0,1,0,0,0,1,0,0,1,0,0,0,1,0,0,0,0,1,0,0,0,0,1,0,0,0,25,2.1972245773362196,122500.0,490000,5000.0,0.04081632653061224,10000,0,0,1,0,0,1,0
05/23/2026 07:35:10,25,2,18,6,12,274000,0,341000,545000,1,3,R0250,2026-05-23 07:35:10,2026-05-23,kurir,jabodetabek,0,1,1,0,0,0,0,0,1,1,0,0,0,0,0,0,1,1,0,0,0,1,0,0,0,0,1,1,0,1,0,72,2.9444389791664403,386666.6666666667,1160000,141153.58066068793,0.36505236377764116,545000,1,1,0,0,0,0,0
5/23/2026 08:19:52,20,2,6,7,9,940000,915000,985000,1265000,1,4,R0251,2026-05-23 08:19:52,2026-05-23,pekerja_harian,jabodetabek,0,0,0,0,0,1,1,0,0,0,1,0,0,0,0,0,1,0,0,0,0,0,0,0,1,0,0,0,0,1,1,63,1.9459101490553132,1026250.0,4105000,161780.45823481484,0.15764234663562957,350000,0,0,1,0,0,0,0
5/23/2026 08:28:44,30,2,48,4,9,190000,175000,155000,215000,3,4,R0252,2026-05-23 08:28:44,2026-05-23,pekerja_harian,bandung,0,0,0,0,0,1,1,0,0,0,0,0,1,1,0,0,0,0,0,0,1,1,0,0,0,0,0,0,1,0,1,36,3.8918202981106265,183750.0,735000,25289.984842489197,0.13763257057136977,60000,0,0,0,0,1,1,0
5/23/2026 08:44:09,26,1,60,5,5,560000,585000,510000,475000,3,5,R0253,2026-05-23 08:44:09,2026-05-23,tutor,jabar_lainnya,0,0,0,0,0,1,1,0,1,0,0,0,0,0,0,0,0,0,0,0,0,0,0,0,1,1,1,0,0,1,0,25,4.110873864173311,532500.0,2130000,49413.22360124531,0.09279478610562499,110000,1,1,0,0,0,0,0
5/23/2026 08:54:37,19,1,30,4,3,260000,250000,245000,315000,2,5,R0254,2026-05-23 08:54:37,2026-05-23,jualan_online,sumatera,0,0,0,0,1,1,1,0,0,0,0,0,0,0,1,0,1,0,0,0,0,0,1,0,0,1,1,1,0,0,0,12,3.4339872044851463,267500.0,1070000,32274.86121839514,0.12065368679773884,70000,0,0,0,0,0,0,1
5/23/2026 10:37:32,32,0,30,2,4,175000,190000,210000,190000,3,5,R0255,2026-05-23 10:37:32,2026-05-23,ojek_online,bandung,0,1,0,1,0,0,0,0,1,1,1,0,0,0,0,0,1,0,0,0,0,0,1,0,0,0,1,1,0,1,0,8,3.4339872044851463,191250.0,765000,14361.406616345072,0.0750923221769677,35000,1,1,1,0,0,0,0
5/23/2026 10:47:24,36,2,6,5,8,1500000,1570000,1125000,0,3,3,R0256,2026-05-23 10:47:24,2026-05-23,freelance_desain,kalimantan,0,0,0,0,0,0,0,1,1,0,0,0,0,0,0,1,0,1,0,0,0,1,0,0,0,1,0,0,0,0,0,40,1.9459101490553132,1398333.3333333333,4195000,239287.13574560027,0.17112310065239592,1570000,1,1,0,0,0,0,0
5/23/2026 11:16:54,22,0,4,4,3,210000,225000,220000,175000,2,3,R0257,2026-05-23 11:16:54,2026-05-23,content_creator,jatim,0,0,0,0,0,1,0,0,0,0,0,0,1,0,0,0,0,0,0,0,0,0,1,0,0,0,1,0,0,0,0,12,1.6094379124341003,207500.0,830000,22546.248764114473,0.10865662054994926,50000,0,0,0,0,1,0,0
5/23/2026 12:20:08,21,1,10,4,4,895000,985000,1045000,990000,1,4,R0258,2026-05-23 12:20:08,2026-05-23,freelance_desain,jabar_lainnya,0,0,0,0,0,1,0,1,0,1,1,0,0,0,0,0,1,0,0,0,0,0,0,0,0,1,0,0,0,1,0,16,2.3978952727983707,978750.0,3915000,62098.711741871106,0.06344695963409563,150000,1,0,1,0,0,0,0
5/23/2026 12:51:54,27,2,30,5,8,210000,215000,155000,175000,2,4,R0259,2026-05-23 12:51:54,2026-05-23,jualan_online,jateng_yogya,0,0,0,0,1,0,0,0,0,1,0,1,0,1,0,0,0,0,0,0,0,1,0,0,0,1,0,0,1,1,0,40,3.4339872044851463,188750.0,755000,28686.52413009751,0.1519815847952186,60000,1,0,0,1,0,1,0
5/23/2026 13:31:24,20,0,8,4,1,0,190000,210000,200000,4,5,R0260,2026-05-23 13:31:24,2026-05-23,pekerja_harian,jateng_yogya,0,0,0,0,0,1,1,0,0,0,1,0,1,1,0,0,1,0,0,0,0,0,0,0,0,1,0,0,1,0,1,4,2.1972245773362196,200000.0,600000,10000.0,0.05,210000,0,0,1,0,1,1,0
5/23/2026 14:02:11,19,1,5,3,4,370000,340000,345000,315000,0,4,R0261,2026-05-23 14:02:11,2026-05-23,jualan_online,jabodetabek,0,0,0,0,1,1,1,0,0,0,1,0,0,1,1,0,1,0,0,0,0,1,0,0,0,1,0,1,1,0,0,12,1.791759469228055,342500.0,1370000,22546.248764114473,0.06582846354485977,55000,0,0,1,0,0,1,1
5/23/2026 14:08:18,30,2,14,5,9,665000,640000,765000,865000,1,2,R0262,2026-05-23 14:08:18,2026-05-23,tutor,sumatera,0,0,0,0,0,0,1,0,1,0,0,0,0,0,0,0,1,1,1,0,0,0,0,0,0,0,1,0,0,1,0,45,2.70805020110221,733750.0,2935000,102824.68899377555,0.1401358623424539,225000,1,1,0,0,0,0,0
5/23/2026 14:45:16,44,0,36,1,1,190000,160000,185000,0,0,3,R0263,2026-05-23 14:45:16,2026-05-23,freelance_desain,bali_ntt,0,0,0,0,0,1,1,1,1,1,0,0,1,0,0,0,0,0,0,0,0,1,0,1,0,0,1,0,0,1,0,1,3.6109179126442243,178333.33333333334,535000,16072.751268321592,0.09012757720554163,190000,1,1,0,0,1,0,0
5/23/2026 15:28:45,20,1,14,5,3,280000,360000,290000,265000,1,3,R0264,2026-05-23 15:28:45,2026-05-23,freelance_desain,jabodetabek,0,0,0,0,0,1,0,1,1,1,0,0,0,0,1,0,0,1,0,0,0,1,0,0,0,0,1,1,0,1,0,15,2.70805020110221,298750.0,1195000,42106.01698886594,0.14094064264055545,95000,1,1,0,0,0,0,1
5/23/2026 18:14:47,29,0,3,4,1,270000,0,295000,360000,2,4,R0265,2026-05-23 18:14:47,2026-05-23,freelance_desain,bandung,0,0,0,0,0,0,1,1,0,0,0,0,1,0,0,0,0,0,0,0,0,0,0,1,0,0,1,0,0,0,0,4,1.3862943611198906,308333.3333333333,925000,46457.86621588785,0.15067416070017683,360000,0,0,0,0,1,0,0
5/23/2026 18:40:36,18,0,36,2,1,0,215000,200000,0,0,4,R0266,2026-05-23 18:40:36,2026-05-23,jualan_online,jabar_lainnya,0,0,0,0,1,1,1,0,0,0,0,0,0,1,1,1,0,0,0,0,1,0,0,1,1,0,0,1,1,1,0,2,3.6109179126442243,207500.0,415000,10606.601717798212,0.05111615285685885,215000,0,0,0,0,0,1,1
5/23/2026 19:04:00,36,2,36,7,6,825000,745000,845000,945000,2,4,R0267,2026-05-23 19:04:00,2026-05-23,freelance_it,bali_ntt,0,0,0,0,0,1,1,0,0,1,0,0,0,0,1,0,0,0,1,0,0,0,0,0,0,1,0,0,1,1,0,42,3.6109179126442243,840000.0,3360000,82259.75119502044,0.09792827523216718,200000,1,0,0,0,0,0,1
5/23/2026 20:10:24,27,0,4,1,2,525000,520000,410000,440000,3,2,R0268,2026-05-23 20:10:24,2026-05-23,tutor,bandung,0,0,0,0,0,1,1,0,1,0,1,0,1,0,0,0,1,0,0,1,0,0,0,0,1,0,1,0,1,1,0,2,1.6094379124341003,473750.0,1895000,57644.74535173754,0.12167756274773095,115000,1,1,1,0,1,0,0
5/23/2026 20:20:58,20,0,18,3,1,130000,130000,115000,0,0,2,R0269,2026-05-23 20:20:58,2026-05-23,jualan_online,bandung,0,0,0,0,1,0,1,0,0,1,0,0,1,0,1,0,1,0,0,0,1,0,0,0,0,0,0,0,1,1,0,3,2.9444389791664403,125000.0,375000,8660.254037844386,0.06928203230275509,130000,1,0,0,0,1,0,1
5/23/2026 22:02:47,24,2,6,7,6,960000,945000,705000,950000,1,4,R0270,2026-05-23 22:02:47,2026-05-23,freelance_desain,jatim,0,0,0,0,0,0,1,0,0,0,0,0,1,0,0,0,0,0,0,1,0,1,0,0,0,0,1,0,1,0,0,42,1.9459101490553132,890000.0,3560000,123490.8903522847,0.13875380938458953,255000,0,0,0,0,1,0,0
5/23/2026 22:26:17,29,1,5,4,8,466000,338000,404000,317000,3,5,R0271,2026-05-23 22:26:17,2026-05-23,kurir,jatim,1,0,1,0,0,0,0,0,0,0,1,0,0,1,0,1,1,1,0,0,0,0,0,0,1,0,0,1,0,1,0,32,1.791759469228055,381250.0,1525000,67574.03347440495,0.17724336649024247,149000,0,0,1,0,0,1,0
5/23/2026 22:29:21,22,0,24,4,3,160000,170000,190000,205000,0,5,R0272,2026-05-23 22:29:21,2026-05-23,tutor,jabodetabek,0,0,0,0,0,1,1,0,0,1,0,0,0,0,0,0,0,0,1,0,0,1,0,0,1,0,1,0,1,0,0,12,3.2188758248682006,181250.0,725000,20155.644370746373,0.1112035551489455,45000,1,0,0,0,0,0,0
5/23/2026 22:44:01,29,2,8,6,9,325000,500000,420000,435000,1,5,R0273,2026-05-23 22:44:01,2026-05-23,kurir,bandung,1,1,1,0,0,0,0,0,1,0,1,0,0,0,1,0,0,1,0,0,0,1,1,0,0,0,0,1,1,0,0,54,2.1972245773362196,420000.0,1680000,72226.49560006817,0.171967846666829,175000,1,1,1,0,0,0,1
5/23/2026 23:03:01,26,1,24,4,5,805000,780000,820000,560000,2,1,R0274,2026-05-23 23:03:01,2026-05-23,freelance_desain,jabodetabek,0,0,0,0,0,1,1,1,1,1,0,1,0,0,0,0,0,1,0,0,0,1,0,1,0,1,1,0,0,1,0,20,3.2188758248682006,741250.0,2965000,121954.56804345897,0.1645255555392364,260000,1,1,0,1,0,0,0
5/23/2026 23:05:23,22,2,6,6,7,980000,1110000,710000,0,1,3,R0275,2026-05-23 23:05:23,2026-05-23,pekerja_harian,jabar_lainnya,0,0,0,0,0,1,1,0,0,0,0,1,0,0,0,0,1,0,1,0,1,0,0,0,0,1,0,0,0,1,0,42,1.9459101490553132,933333.3333333334,2800000,204042.47923737185,0.21861694204004126,1110000,0,0,0,1,0,0,0
5/23/2026 23:09:19,25,1,6,5,4,150000,0,200000,230000,0,4,R0276,2026-05-23 23:09:19,2026-05-23,ojek_online,jabodetabek,1,0,0,0,0,0,0,0,0,0,0,1,0,0,0,1,1,0,0,0,0,1,0,1,0,0,1,1,0,0,1,20,1.9459101490553132,193333.33333333334,580000,40414.51884327381,0.20904061470658863,230000,0,0,0,1,0,0,0
05/24/2026 20:16:33,36,0,10,2,1,545000,375000,490000,555000,1,3,R0277,2026-05-24 20:16:33,2026-05-24,pekerja_harian,jateng_yogya,0,0,0,0,0,1,0,0,0,0,0,0,1,0,1,0,0,0,0,0,0,0,0,1,0,1,0,1,0,0,0,2,2.3978952727983707,491250.0,1965000,82600.94833999587,0.16814442410177277,180000,0,0,0,0,1,0,1
05/24/2026 18:55:38,35,2,5,7,10,488000,565000,326000,580000,4,5,R0278,2026-05-24 18:55:38,2026-05-24,ojek_online,sumatera,1,1,0,0,0,0,0,0,1,0,1,0,0,0,1,0,1,0,0,0,0,1,1,0,0,0,1,1,0,0,1,70,1.791759469228055,489750.0,1959000,116368.30897341996,0.23760757319738635,254000,1,1,1,0,0,0,1
05/24/2026 19:27:13,42,1,18,5,6,315000,500000,330000,360000,0,4,R0279,2026-05-24 19:27:13,2026-05-24,jualan_online,sulawesi,0,0,0,0,1,1,1,0,0,1,0,1,0,1,0,0,0,0,0,0,0,0,1,0,0,1,1,1,0,0,0,30,2.9444389791664403,376250.0,1505000,84594.62157844316,0.22483620353074593,185000,1,0,0,1,0,1,0
05/24/2026 19:59:34,25,1,14,5,7,280000,300000,0,405000,4,5,R0280,2026-05-24 19:59:34,2026-05-24,ojek_online,jabodetabek,0,1,0,1,0,0,0,0,0,0,0,0,0,0,1,1,0,0,1,0,0,0,0,0,0,0,0,0,0,1,0,35,2.70805020110221,328333.3333333333,985000,67144.12359494562,0.20449986881709326,405000,0,0,0,0,0,0,1
05/24/2026 08:48:46,19,0,6,3,3,230000,215000,245000,175000,4,5,R0281,2026-05-24 08:48:46,2026-05-24,jualan_online,jatim,0,0,0,0,1,1,0,0,1,0,0,0,0,0,1,0,1,0,0,0,0,1,1,0,0,1,0,0,1,0,1,9,1.9459101490553132,216250.0,865000,30103.98644698074,0.13920918588199185,70000,1,1,0,0,0,0,1
05/24/2026 12:44:12,20,2,5,4,7,725000,605000,715000,560000,1,3,R0282,2026-05-24 12:44:12,2026-05-24,jualan_online,jabar_lainnya,0,0,0,0,1,0,0,0,0,0,0,0,0,0,1,0,1,0,1,0,0,1,0,0,0,1,0,0,1,1,0,28,1.791759469228055,651250.0,2605000,81585.8443604036,0.12527576869159862,165000,0,0,0,0,0,0,1
05/24/2026 09:45:19,24,2,12,5,8,510000,595000,0,690000,0,3,R0283,2026-05-24 09:45:19,2026-05-24,content_creator,jateng_yogya,0,0,0,0,0,1,1,0,0,0,1,0,0,1,1,0,0,0,0,0,0,0,1,0,0,0,0,0,1,0,0,40,2.5649493574615367,598333.3333333334,1795000,90046.284394934,0.15049518283275876,690000,0,0,1,0,0,1,1
05/24/2026 21:25:42,20,2,4,6,5,230000,235000,255000,240000,4,2,R0284,2026-05-24 21:25:42,2026-05-24,pekerja_harian,jateng_yogya,0,0,0,0,0,0,1,0,1,0,0,1,0,0,0,0,0,0,0,1,0,0,0,0,1,1,0,0,0,0,0,30,1.6094379124341003,240000.0,960000,10801.234497346433,0.04500514373894347,25000,1,1,0,1,0,0,0
05/24/2026 17:41:23,19,1,36,3,3,1280000,1330000,1185000,1140000,3,3,R0285,2026-05-24 17:41:23,2026-05-24,freelance_desain,jabodetabek,0,0,0,0,0,0,0,1,1,1,0,0,0,0,0,0,1,0,0,0,0,0,0,0,0,1,1,0,1,0,0,9,3.6109179126442243,1233750.0,4935000,86734.74889954238,0.07030172149912249,190000,1,1,0,0,0,0,0
05/24/2026 11:28:57,20,0,60,3,3,770000,830000,590000,860000,1,3,R0286,2026-05-24 11:28:57,2026-05-24,freelance_desain,bandung,0,0,0,0,0,1,1,1,1,0,0,0,0,0,0,1,0,0,0,0,0,0,0,1,1,1,0,0,0,1,0,9,4.110873864173311,762500.0,3050000,120933.86622447825,0.15860179176980754,270000,1,1,0,0,0,0,0
05/24/2026 08:33:28,25,2,18,4,9,300000,355000,290000,0,3,5,R0287,2026-05-24 08:33:28,2026-05-24,jualan_online,bandung,0,0,0,0,0,0,1,0,0,0,0,1,0,0,0,0,0,0,0,1,0,0,0,0,0,0,0,0,0,1,0,36,2.9444389791664403,315000.0,945000,35000.0,0.1111111111111111,355000,0,0,0,1,0,0,0
05/24/2026 11:07:15,23,0,14,1,3,0,670000,0,885000,1,4,R0288,2026-05-24 11:07:15,2026-05-24,content_creator,jabodetabek,0,0,0,0,0,1,1,0,0,0,0,0,0,0,1,0,1,0,0,0,0,0,0,0,0,1,1,0,0,0,1,3,2.70805020110221,777500.0,1555000,152027.9579551077,0.19553435106766265,885000,0,0,0,0,0,0,1
5/24/2026 09:37:15,20,1,8,5,4,910000,840000,980000,630000,1,5,R0289,2026-05-24 09:37:15,2026-05-24,content_creator,bandung,0,0,0,0,0,1,1,0,1,0,0,0,0,0,0,0,0,1,0,0,1,0,0,1,0,0,1,0,0,0,0,20,2.1972245773362196,840000.0,3360000,151217.28296285006,0.1800205749557739,350000,1,1,0,0,0,0,0
5/24/2026 10:22:11,23,2,10,5,9,330000,0,0,340000,2,4,R0290,2026-05-24 10:22:11,2026-05-24,pekerja_harian,jateng_yogya,0,0,0,0,0,0,1,0,0,0,0,0,1,0,0,0,0,0,0,1,0,1,0,0,0,0,0,0,1,0,1,45,2.3978952727983707,335000.0,670000,7071.067811865475,0.021107665110046196,340000,0,0,0,0,1,0,0
5/24/2026 10:29:21,17,0,10,4,2,145000,130000,145000,165000,4,5,R0291,2026-05-24 10:29:21,2026-05-24,pekerja_harian,jabodetabek,0,0,0,0,0,0,1,0,0,0,1,0,1,0,0,0,0,0,0,0,0,0,0,0,1,0,0,1,1,1,0,8,2.3978952727983707,146250.0,585000,14361.406616345072,0.09819765207757314,35000,0,0,1,0,1,0,0
5/24/2026 11:51:47,22,0,36,3,3,175000,175000,195000,160000,1,5,R0292,2026-05-24 11:51:47,2026-05-24,freelance_desain,jateng_yogya,0,0,0,0,0,0,0,1,0,0,0,0,0,0,0,1,1,0,1,0,0,0,0,1,0,1,0,1,0,0,1,9,3.6109179126442243,176250.0,705000,14361.406616345072,0.08148315810692239,35000,0,0,0,0,0,0,0
5/24/2026 12:02:29,17,0,14,3,4,450000,420000,405000,505000,2,5,R0293,2026-05-24 12:02:29,2026-05-24,freelance_desain,jabodetabek,0,0,0,0,0,0,0,1,0,1,0,0,1,1,0,0,0,0,0,0,0,1,1,1,0,1,0,0,1,0,0,12,2.70805020110221,445000.0,1780000,44158.804331639236,0.09923326816098704,100000,1,0,0,0,1,1,0
5/24/2026 12:08:48,28,1,14,4,6,515000,420000,475000,630000,0,5,R0294,2026-05-24 12:08:48,2026-05-24,ojek_online,jabodetabek,1,0,0,0,0,0,0,0,1,0,1,0,1,0,0,0,1,0,0,0,0,0,1,0,1,0,0,0,0,1,0,24,2.70805020110221,510000.0,2040000,88975.65210026092,0.1744620629416881,210000,1,1,1,0,1,0,0
5/24/2026 12:15:25,23,2,4,6,9,455000,680000,700000,515000,4,3,R0295,2026-05-24 12:15:25,2026-05-24,ojek_online,jabar_lainnya,1,1,0,1,0,0,0,0,0,0,0,0,0,0,1,1,0,0,1,0,0,0,0,0,0,0,0,0,1,0,0,54,1.6094379124341003,587500.0,2350000,121140.41439585718,0.20619645003550158,245000,0,0,0,0,0,0,1
5/24/2026 12:43:06,23,2,10,4,9,795000,1110000,720000,1130000,2,3,R0296,2026-05-24 12:43:06,2026-05-24,tutor,jabodetabek,0,0,0,0,0,0,1,0,1,0,0,0,0,0,0,0,1,1,0,0,0,0,0,0,0,0,1,1,0,1,0,36,2.3978952727983707,938750.0,3755000,211674.86860749437,0.22548587867642542,410000,1,1,0,0,0,0,0
5/24/2026 12:53:43,41,1,4,5,5,100000,105000,95000,105000,3,5,R0297,2026-05-24 12:53:43,2026-05-24,pekerja_harian,jabodetabek,0,0,0,0,0,1,1,0,0,0,1,1,0,0,0,0,0,1,0,0,0,1,0,1,0,0,0,0,1,0,1,25,1.6094379124341003,101250.0,405000,4787.13553878169,0.04728035100031299,10000,0,0,1,1,0,0,0
5/24/2026 13:14:49,18,1,5,5,4,210000,275000,320000,325000,4,5,R0298,2026-05-24 13:14:49,2026-05-24,jualan_online,sumatera,0,0,0,0,1,1,0,0,0,1,0,0,0,1,0,0,1,0,0,0,0,1,0,0,0,0,1,0,1,1,0,20,1.791759469228055,282500.0,1130000,53307.28530573159,0.18869835506453658,115000,1,0,0,0,0,1,0
5/24/2026 14:17:38,19,1,5,4,5,0,1135000,780000,985000,4,4,R0299,2026-05-24 14:17:38,2026-05-24,tutor,bandung,0,0,0,0,0,1,1,0,1,0,0,0,0,1,0,0,1,1,1,0,0,0,0,0,0,0,0,0,0,1,0,20,1.791759469228055,966666.6666666666,2900000,178208.67917509892,0.18435380604320578,1135000,1,1,0,0,0,1,0
5/24/2026 14:50:38,31,0,18,4,4,270000,310000,300000,310000,2,5,R0300,2026-05-24 14:50:38,2026-05-24,ojek_online,bandung,0,1,0,1,0,0,0,0,0,1,0,0,0,0,0,1,1,0,1,0,1,0,0,0,0,0,1,0,1,0,1,16,2.9444389791664403,297500.0,1190000,18929.69448600091,0.06362922516302827,40000,1,0,0,0,0,0,0
5/24/2026 15:08:15,43,1,14,5,6,165000,165000,130000,0,0,3,R0301,2026-05-24 15:08:15,2026-05-24,jualan_online,jabodetabek,0,0,0,0,1,1,0,0,0,1,0,0,0,0,1,0,0,0,0,1,0,1,0,0,0,0,1,1,0,1,0,30,2.70805020110221,153333.33333333334,460000,20207.259421636903,0.13178647448893632,165000,1,0,0,0,0,0,1
5/24/2026 15:16:16,29,2,10,6,10,320000,450000,345000,350000,3,5,R0302,2026-05-24 15:16:16,2026-05-24,ojek_online,jabar_lainnya,0,1,0,0,0,0,0,0,0,0,1,0,0,0,0,0,1,0,1,0,0,1,0,0,0,0,0,1,1,1,0,60,2.3978952727983707,366250.0,1465000,57354.88935856588,0.15660038050120376,130000,0,0,1,0,0,0,0
5/24/2026 16:28:10,30,1,10,5,6,395000,395000,420000,490000,0,1,R0303,2026-05-24 16:28:10,2026-05-24,jualan_online,jabodetabek,0,0,0,0,0,1,1,0,0,0,0,0,0,1,0,0,0,0,0,0,0,0,1,1,0,0,0,1,1,1,0,30,2.3978952727983707,425000.0,1700000,44907.31195102493,0.10566426341417631,95000,0,0,0,0,0,1,0
5/24/2026 17:14:30,18,1,3,5,4,585000,695000,900000,625000,0,5,R0304,2026-05-24 17:14:30,2026-05-24,freelance_it,jateng_yogya,0,0,0,0,0,0,1,1,0,1,0,0,0,1,0,0,1,0,0,0,0,1,0,0,0,0,0,0,0,1,0,20,1.3862943611198906,701250.0,2805000,140081.82132834606,0.1997601730172493,315000,1,0,0,0,0,1,0
5/24/2026 18:35:15,42,2,14,6,6,440000,395000,330000,460000,1,4,R0305,2026-05-24 18:35:15,2026-05-24,pekerja_harian,jatim,0,0,0,0,0,0,1,0,0,0,1,0,0,0,0,0,0,0,1,0,0,0,0,0,0,0,1,0,1,0,0,36,2.70805020110221,406250.0,1625000,57644.74535173754,0.1418947577888924,130000,0,0,1,0,0,0,0
5/24/2026 19:07:33,46,2,4,7,9,290000,275000,295000,305000,3,1,R0306,2026-05-24 19:07:33,2026-05-24,ojek_online,sulawesi,0,1,0,1,0,0,0,0,0,0,1,0,0,0,0,1,1,0,0,0,0,0,0,0,0,0,0,1,1,0,0,63,1.6094379124341003,291250.0,1165000,12500.0,0.04291845493562232,30000,0,0,1,0,0,0,0
5/24/2026 19:36:40,23,2,5,7,7,620000,515000,560000,665000,2,5,R0307,2026-05-24 19:36:40,2026-05-24,jualan_online,jateng_yogya,0,0,0,0,1,1,1,0,0,1,0,1,0,1,0,0,0,0,0,1,1,0,1,0,0,0,1,1,1,0,0,49,1.791759469228055,590000.0,2360000,65954.52979136459,0.1117873386294315,150000,1,0,0,1,0,1,0
5/24/2026 19:44:45,20,1,12,5,3,185000,255000,240000,200000,2,5,R0308,2026-05-24 19:44:45,2026-05-24,freelance_it,jabar_lainnya,0,0,0,0,0,1,1,0,0,1,1,0,1,0,0,0,0,0,0,0,0,1,0,0,0,0,1,0,0,1,0,15,2.5649493574615367,220000.0,880000,32914.02943021916,0.14960922468281437,70000,1,0,1,0,1,0,0
5/24/2026 19:52:09,44,2,60,7,8,530000,505000,595000,650000,2,4,R0309,2026-05-24 19:52:09,2026-05-24,jualan_online,jabar_lainnya,0,0,0,0,1,1,1,0,0,0,0,0,0,1,0,0,1,0,1,1,0,0,0,0,0,1,1,1,0,0,0,56,4.110873864173311,570000.0,2280000,65447.17972023954,0.1148196135442799,145000,0,0,0,0,0,1,0
5/24/2026 20:28:35,20,2,24,7,6,130000,145000,150000,0,0,3,R0310,2026-05-24 20:28:35,2026-05-24,tutor,jabodetabek,0,0,0,0,0,1,0,0,1,0,0,0,0,0,1,0,1,0,0,1,0,0,1,0,0,1,0,1,0,1,0,42,3.2188758248682006,141666.66666666666,425000,10408.329997330664,0.07347056468703998,150000,1,1,0,0,0,0,1
5/24/2026 20:40:54,44,2,8,4,9,870000,1075000,1085000,1035000,4,4,R0311,2026-05-24 20:40:54,2026-05-24,freelance_it,sulawesi,0,0,0,0,0,0,0,1,0,1,1,0,1,0,0,0,0,1,0,0,0,1,0,0,0,0,1,0,1,0,0,36,2.1972245773362196,1016250.0,4065000,99864.49152059338,0.09826764233268721,215000,1,0,1,0,1,0,0
5/24/2026 21:26:07,19,1,30,3,3,540000,500000,515000,0,2,4,R0312,2026-05-24 21:26:07,2026-05-24,freelance_it,jateng_yogya,0,0,0,0,0,1,0,1,1,0,0,0,1,0,0,0,1,1,0,0,0,0,0,0,1,1,0,0,0,1,0,9,3.4339872044851463,518333.3333333333,1555000,20207.259421636903,0.03898506640830271,540000,1,1,0,0,1,0,0
05/25/2026 11:14:04,20,2,8,5,6,260000,190000,250000,215000,1,2,R0313,2026-05-25 11:14:04,2026-05-25,content_creator,jabar_lainnya,0,0,0,0,0,1,1,0,0,0,0,0,1,0,0,1,0,0,0,0,0,0,1,0,0,1,0,0,1,1,0,30,2.1972245773362196,228750.0,915000,32242.570203588508,0.14095112657306452,70000,0,0,0,0,1,0,0
05/25/2026 19:21:01,19,0,10,3,1,0,345000,295000,315000,0,5,R0314,2026-05-25 19:21:01,2026-05-25,jualan_online,jabodetabek,0,0,0,0,1,0,0,0,0,0,0,0,0,0,0,1,0,0,0,0,0,0,0,1,0,0,1,0,1,1,0,3,2.3978952727983707,318333.3333333333,955000,25166.11478423583,0.07905585796095026,345000,0,0,0,0,0,0,0
05/25/2026 17:37:35,18,2,8,7,6,500000,440000,425000,425000,4,5,R0315,2026-05-25 17:37:35,2026-05-25,pekerja_harian,jabar_lainnya,0,0,0,0,0,0,1,0,1,0,1,0,1,0,0,0,1,1,0,0,1,0,0,0,0,0,1,0,0,0,0,42,2.1972245773362196,447500.0,1790000,35707.14214271425,0.0797924964083,75000,1,1,1,0,1,0,0
05/25/2026 21:14:37,27,2,10,6,8,665000,530000,690000,595000,4,5,R0316,2026-05-25 21:14:37,2026-05-25,pekerja_harian,bandung,0,0,0,0,0,1,0,0,0,0,1,0,0,0,0,0,0,1,1,0,0,0,0,0,0,0,0,0,1,1,0,48,2.3978952727983707,620000.0,2480000,72226.49560006817,0.11649434774204544,160000,0,0,1,0,0,0,0
05/25/2026 14:14:00,19,0,12,3,4,0,465000,375000,465000,2,3,R0317,2026-05-25 14:14:00,2026-05-25,tutor,kalimantan,0,0,0,0,0,1,1,0,0,1,1,0,0,1,0,0,0,0,0,0,0,0,0,1,0,0,0,1,1,1,0,12,2.5649493574615367,435000.0,1305000,51961.52422706632,0.11945177983233637,465000,1,0,1,0,0,1,0
05/25/2026 09:04:45,26,0,8,2,3,565000,420000,590000,450000,2,4,R0318,2026-05-25 09:04:45,2026-05-25,freelance_it,bandung,0,0,0,0,0,0,1,1,0,1,0,0,0,1,0,0,0,1,0,0,0,1,0,0,1,0,0,0,0,1,0,6,2.1972245773362196,506250.0,2025000,83802.84402492952,0.16553648202455215,170000,1,0,0,0,0,1,0
05/25/2026 19:40:03,20,0,4,1,2,230000,160000,185000,165000,0,5,R0319,2026-05-25 19:40:03,2026-05-25,tutor,jabar_lainnya,0,0,0,0,0,0,1,0,1,1,0,0,0,1,0,0,0,0,0,0,0,0,0,0,1,0,1,0,0,1,0,2,1.6094379124341003,185000.0,740000,31885.210782848317,0.17235249071809902,70000,1,1,0,0,0,1,0
05/25/2026 19:14:04,29,2,8,6,10,473000,489000,528000,439000,0,5,R0320,2026-05-25 19:14:04,2026-05-25,ojek_online,jabodetabek,0,1,0,0,0,0,0,0,0,0,0,0,0,0,1,0,1,0,0,0,0,0,1,0,0,0,1,0,0,1,0,60,2.1972245773362196,482250.0,1929000,36944.77861168837,0.07660918322796967,89000,0,0,0,0,0,0,1
5/25/2026 08:37:14,20,0,6,3,3,270000,250000,300000,205000,0,4,R0321,2026-05-25 08:37:14,2026-05-25,tutor,jateng_yogya,0,0,0,0,0,0,1,0,0,0,0,1,1,0,0,0,1,0,0,0,0,0,0,0,0,0,1,0,1,1,0,9,1.9459101490553132,256250.0,1025000,39869.579046352286,0.15558860115649673,95000,0,0,0,1,1,0,0
5/25/2026 09:27:10,20,1,4,4,6,1265000,975000,980000,1195000,2,4,R0322,2026-05-25 09:27:10,2026-05-25,freelance_it,jabodetabek,0,0,0,0,0,1,0,1,1,1,0,0,0,0,1,0,0,0,0,0,0,1,0,0,0,0,1,0,1,0,0,24,1.6094379124341003,1103750.0,4415000,148569.56844073645,0.13460436551822103,290000,1,1,0,0,0,0,1
5/25/2026 09:53:05,22,0,6,3,4,245000,185000,165000,0,2,3,R0323,2026-05-25 09:53:05,2026-05-25,tutor,jabar_lainnya,0,0,0,0,0,1,1,0,1,1,1,0,0,0,0,0,1,0,0,0,0,0,0,0,1,1,1,0,1,0,0,12,1.9459101490553132,198333.33333333334,595000,41633.319989322656,0.2099158991058285,245000,1,1,1,0,0,0,0
5/25/2026 10:20:54,22,0,24,2,4,155000,145000,165000,155000,3,3,R0324,2026-05-25 10:20:54,2026-05-25,freelance_desain,bali_ntt,0,0,0,0,0,0,1,0,1,0,0,0,0,0,0,0,0,0,0,0,0,0,0,1,0,0,0,1,0,1,0,8,3.2188758248682006,155000.0,620000,8164.96580927726,0.052677198769530705,20000,1,1,0,0,0,0,0
5/25/2026 10:53:28,22,2,4,7,11,0,456000,525000,525000,2,4,R0325,2026-05-25 10:53:28,2026-05-25,kurir,jatim,1,1,0,0,0,0,0,0,0,0,0,0,0,0,0,1,1,0,0,0,0,0,0,0,1,1,1,0,0,0,1,77,1.6094379124341003,502000.0,1506000,39837.16857408418,0.07935690951012785,525000,0,0,0,0,0,0,0
5/25/2026 13:27:25,22,1,10,4,4,1255000,855000,1190000,0,2,2,R0326,2026-05-25 13:27:25,2026-05-25,freelance_it,bandung,0,0,0,0,0,0,0,1,1,0,0,0,0,1,0,0,1,1,0,0,0,0,0,0,1,1,1,0,0,0,0,16,2.3978952727983707,1100000.0,3300000,214650.8793366568,0.19513716303332437,1255000,1,1,0,0,0,1,0
5/25/2026 14:15:09,34,1,6,5,4,345000,470000,420000,435000,0,2,R0327,2026-05-25 14:15:09,2026-05-25,jualan_online,jatim,0,0,0,0,0,1,1,0,0,1,0,0,0,0,1,0,0,1,0,0,0,0,0,0,0,1,0,0,0,0,0,20,1.9459101490553132,417500.0,1670000,52678.268764263696,0.1261754940461406,125000,1,0,0,0,0,0,1
5/25/2026 14:30:22,18,1,24,5,6,600000,885000,845000,610000,1,5,R0328,2026-05-25 14:30:22,2026-05-25,freelance_desain,sumatera,0,0,0,0,0,1,1,1,1,0,0,0,0,0,0,0,1,0,0,0,0,1,1,0,0,1,0,0,1,1,0,30,3.2188758248682006,735000.0,2940000,151051.86747162932,0.2055127448593596,285000,1,1,0,0,0,0,0
5/25/2026 14:39:42,35,2,8,6,8,785000,680000,630000,975000,1,5,R0329,2026-05-25 14:39:42,2026-05-25,freelance_desain,jabodetabek,0,0,0,0,0,1,0,1,0,0,1,1,1,0,0,0,1,0,0,0,0,1,0,0,0,0,1,0,0,0,0,48,2.1972245773362196,767500.0,3070000,152670.66952539815,0.19891943912103993,345000,0,0,1,1,1,0,0
5/25/2026 14:52:11,30,1,3,5,6,1240000,1275000,1355000,925000,2,3,R0330,2026-05-25 14:52:11,2026-05-25,tutor,jabodetabek,0,0,0,0,0,1,1,0,1,1,0,0,0,1,0,0,0,0,0,0,0,0,1,0,1,0,0,1,1,1,0,30,1.3862943611198906,1198750.0,4795000,188740.34191625981,0.157447626207516,430000,1,1,0,0,0,1,0
5/25/2026 16:20:33,28,2,8,6,6,285000,315000,315000,340000,4,2,R0331,2026-05-25 16:20:33,2026-05-25,tutor,jatim,0,0,0,0,0,0,1,0,1,0,1,0,0,0,0,1,0,1,0,1,0,0,0,0,1,0,0,0,1,0,0,36,2.1972245773362196,313750.0,1255000,22500.0,0.07171314741035857,55000,1,1,1,0,0,0,0
5/25/2026 17:15:17,34,1,5,4,4,285000,340000,350000,295000,0,3,R0332,2026-05-25 17:15:17,2026-05-25,jualan_online,jabodetabek,0,0,0,0,1,1,1,0,0,0,0,0,0,1,0,0,0,0,0,0,1,1,1,0,0,0,1,0,0,1,0,16,1.791759469228055,317500.0,1270000,32274.86121839514,0.10165310619966973,65000,0,0,0,0,0,1,0
5/25/2026 17:28:14,21,0,36,3,1,130000,0,130000,145000,4,5,R0333,2026-05-25 17:28:14,2026-05-25,pekerja_harian,bandung,0,0,0,0,0,1,0,0,0,0,1,0,0,0,0,0,0,0,0,0,1,1,0,0,1,1,1,1,0,0,0,3,3.6109179126442243,135000.0,405000,8660.254037844386,0.06415002990995841,145000,0,0,1,0,0,0,0
5/25/2026 18:16:49,18,2,24,5,7,160000,215000,225000,220000,3,4,R0334,2026-05-25 18:16:49,2026-05-25,content_creator,jabodetabek,0,0,0,0,0,1,1,0,0,0,0,1,0,0,0,0,1,1,0,0,0,1,0,0,0,1,0,0,0,0,0,35,3.2188758248682006,205000.0,820000,30276.503540974914,0.1476902611754874,65000,0,0,0,1,0,0,0
5/25/2026 19:00:07,22,0,5,3,3,520000,595000,740000,730000,4,5,R0335,2026-05-25 19:00:07,2026-05-25,freelance_desain,jabar_lainnya,0,0,0,0,0,1,0,0,0,0,0,0,0,1,0,1,0,0,1,0,0,0,0,0,0,1,0,0,1,0,1,9,1.791759469228055,646250.0,2585000,107033.87314303823,0.16562301453468198,220000,0,0,0,0,0,1,0
5/25/2026 19:26:08,19,0,2,3,2,1330000,1665000,0,1760000,4,5,R0336,2026-05-25 19:26:08,2026-05-25,freelance_desain,jabodetabek,0,0,0,0,0,0,0,1,1,1,0,0,0,1,0,0,0,0,0,1,0,1,0,0,0,0,0,1,0,1,0,6,1.0986122886681096,1585000.0,4755000,225887.13996153034,0.14251554571705385,1760000,1,1,0,0,0,1,0
5/25/2026 19:42:10,25,2,8,5,7,495000,485000,640000,650000,1,3,R0337,2026-05-25 19:42:10,2026-05-25,pekerja_harian,jateng_yogya,0,0,0,0,0,0,1,0,0,0,0,1,0,0,0,1,1,0,0,0,0,0,0,0,0,1,1,0,0,0,0,35,2.1972245773362196,567500.0,2270000,89675.34034876403,0.15801822087887935,165000,0,0,0,1,0,0,0
5/25/2026 19:46:49,19,1,12,5,3,395000,275000,305000,405000,0,2,R0338,2026-05-25 19:46:49,2026-05-25,jualan_online,jabodetabek,0,0,0,0,0,1,0,0,0,1,0,0,1,1,0,0,0,0,0,0,0,0,1,0,0,0,1,1,0,0,0,15,2.5649493574615367,345000.0,1380000,64807.4069840786,0.18784755647559015,130000,1,0,0,0,1,1,0
5/25/2026 20:30:52,20,0,14,4,2,0,310000,0,325000,2,4,R0339,2026-05-25 20:30:52,2026-05-25,jualan_online,jateng_yogya,0,0,0,0,1,0,0,0,0,0,0,0,0,1,0,0,0,0,0,0,0,0,1,0,0,1,0,1,1,0,0,8,2.70805020110221,317500.0,635000,10606.601717798212,0.03340661958361642,325000,0,0,0,0,0,1,0
5/25/2026 20:57:05,34,2,10,5,6,160000,240000,190000,200000,1,5,R0340,2026-05-25 20:57:05,2026-05-25,pekerja_harian,jateng_yogya,0,0,0,0,0,1,1,0,1,0,0,0,0,0,0,0,0,0,0,1,0,0,0,0,0,0,0,0,1,0,1,30,2.3978952727983707,197500.0,790000,33040.37933599835,0.16729305992910556,80000,1,1,0,0,0,0,0
5/25/2026 22:30:20,17,1,3,5,5,210000,235000,225000,225000,0,2,R0341,2026-05-25 22:30:20,2026-05-25,freelance_desain,jabodetabek,0,0,0,0,0,0,0,1,1,1,0,0,1,0,0,0,1,1,0,0,0,0,0,0,0,1,1,0,0,1,0,25,1.3862943611198906,223750.0,895000,10307.764064044151,0.04606821928064425,25000,1,1,0,0,1,0,0
5/25/2026 22:35:14,17,0,2,3,3,930000,905000,920000,800000,1,4,R0342,2026-05-25 22:35:14,2026-05-25,freelance_it,jabodetabek,0,0,0,0,0,1,1,1,0,1,0,1,0,1,0,0,0,0,0,0,0,1,0,0,1,0,0,1,0,0,0,9,1.0986122886681096,888750.0,3555000,60052.06074732157,0.06756912601667688,130000,1,0,0,1,0,1,0
5/25/2026 23:54:12,23,2,3,5,9,150000,150000,160000,170000,0,3,R0343,2026-05-25 23:54:12,2026-05-25,pekerja_harian,jateng_yogya,0,0,0,0,0,1,0,0,1,1,0,0,1,0,0,0,1,0,0,0,0,0,0,1,0,1,0,0,1,0,0,45,1.3862943611198906,157500.0,630000,9574.27107756338,0.06078902271468813,20000,1,1,0,0,1,0,0
05/26/2026 16:57:02,20,0,12,4,4,0,535000,655000,790000,0,4,R0344,2026-05-26 16:57:02,2026-05-26,tutor,jatim,0,0,0,0,0,1,1,0,1,0,0,0,1,0,0,0,0,0,0,0,0,0,0,1,0,0,0,0,1,1,0,16,2.5649493574615367,660000.0,1980000,127573.50822173074,0.1932931942753496,790000,1,1,0,0,1,0,0
05/26/2026 19:55:21,47,2,2,6,10,165000,140000,195000,135000,0,4,R0345,2026-05-26 19:55:21,2026-05-26,ojek_online,jatim,1,1,0,1,0,0,0,0,1,0,1,0,1,0,0,0,0,0,0,0,0,1,0,0,0,1,1,0,0,0,0,60,1.0986122886681096,158750.0,635000,27500.0,0.1732283464566929,60000,1,1,1,0,1,0,0
05/26/2026 14:04:32,23,2,8,5,9,965000,1070000,850000,0,1,4,R0346,2026-05-26 14:04:32,2026-05-26,tutor,sumatera,0,0,0,0,0,1,1,0,0,0,1,0,1,0,1,0,1,1,0,0,0,1,0,0,0,0,1,1,0,1,0,45,2.1972245773362196,961666.6666666666,2885000,110037.87226829377,0.11442413060827775,1070000,0,0,1,0,1,0,1
05/26/2026 15:15:17,27,2,6,6,11,370000,375000,340000,390000,0,5,R0347,2026-05-26 15:15:17,2026-05-26,ojek_online,jatim,1,1,0,1,0,0,0,0,0,0,1,0,1,0,1,0,0,0,0,1,0,0,1,0,0,0,0,1,1,0,0,66,1.9459101490553132,368750.0,1475000,20966.242709015205,0.05685760734648191,50000,0,0,1,0,1,0,1
05/26/2026 13:42:31,24,1,2,5,5,0,135000,130000,105000,4,2,R0348,2026-05-26 13:42:31,2026-05-26,content_creator,jabar_lainnya,0,0,0,0,0,1,1,0,0,1,0,0,0,1,0,0,0,1,0,0,0,0,0,0,0,0,0,0,1,0,0,25,1.0986122886681096,123333.33333333333,370000,16072.751268321592,0.13031960487828317,135000,1,0,0,0,0,1,0
05/26/2026 07:13:34,23,2,36,4,5,405000,450000,515000,615000,1,3,R0349,2026-05-26 07:13:34,2026-05-26,jualan_online,sumatera,0,0,0,0,1,1,1,0,0,0,1,0,0,0,0,0,1,0,0,0,0,1,0,0,0,0,0,0,0,1,0,20,3.6109179126442243,496250.0,1985000,91138.63066779092,0.1836546713708633,210000,0,0,1,0,0,0,0
05/26/2026 08:08:46,41,0,8,4,2,275000,0,300000,290000,0,5,R0350,2026-05-26 08:08:46,2026-05-26,content_creator,bandung,0,0,0,0,0,1,1,0,1,0,1,0,0,0,1,0,0,0,0,0,0,1,0,0,0,0,0,0,1,1,1,8,2.1972245773362196,288333.3333333333,865000,12583.057392117915,0.04364066147555346,300000,1,1,1,0,0,0,1
05/26/2026 07:59:56,39,0,3,3,2,165000,150000,180000,200000,1,5,R0351,2026-05-26 07:59:56,2026-05-26,pekerja_harian,jatim,0,0,0,0,0,1,1,0,0,0,0,1,0,0,0,0,0,0,1,0,0,1,0,0,0,0,0,0,0,1,0,6,1.3862943611198906,173750.0,695000,21360.00936329383,0.12293530568802204,50000,0,0,0,1,0,0,0
05/26/2026 17:36:36,19,1,36,5,6,1625000,1405000,1735000,1740000,0,5,R0352,2026-05-26 17:36:36,2026-05-26,freelance_it,bandung,0,0,0,0,0,0,1,1,1,0,0,0,0,0,0,0,1,0,0,0,0,1,0,0,0,1,0,0,1,0,0,30,3.6109179126442243,1626250.0,6505000,156757.5091236993,0.09639201175938467,335000,1,1,0,0,0,0,0
05/26/2026 11:30:15,19,0,2,3,2,1235000,1135000,0,990000,0,4,R0353,2026-05-26 11:30:15,2026-05-26,tutor,bandung,0,0,0,0,0,1,0,0,1,0,0,0,0,0,0,0,1,0,0,0,0,0,0,0,1,0,0,0,0,1,0,6,1.0986122886681096,1120000.0,3360000,123186.84994754918,0.10998825888174034,1235000,1,1,0,0,0,0,0
05/26/2026 15:50:30,24,1,12,5,3,210000,285000,220000,0,0,3,R0354,2026-05-26 15:50:30,2026-05-26,jualan_online,jabar_lainnya,0,0,0,0,0,1,0,0,0,0,1,0,0,0,0,0,1,1,0,0,0,1,0,0,0,0,1,1,0,0,0,15,2.5649493574615367,238333.33333333334,715000,40722.63907623539,0.17086421990028836,285000,0,0,1,0,0,0,0
5/26/2026 07:33:35,18,0,12,4,1,225000,205000,240000,190000,0,4,R0355,2026-05-26 07:33:35,2026-05-26,jualan_online,jateng_yogya,0,0,0,0,0,1,1,0,0,0,0,0,0,1,0,0,1,0,0,1,0,0,1,0,0,1,1,0,1,0,0,4,2.5649493574615367,215000.0,860000,21984.8432637882,0.1022550849478521,50000,0,0,0,0,0,1,0
5/26/2026 07:51:28,23,1,5,5,3,340000,430000,470000,430000,0,5,R0356,2026-05-26 07:51:28,2026-05-26,jualan_online,jabodetabek,0,0,0,0,0,1,1,0,0,0,0,0,0,0,1,0,0,0,0,0,0,0,1,0,0,1,0,0,1,0,0,15,1.791759469228055,417500.0,1670000,55000.0,0.1317365269461078,130000,0,0,0,0,0,0,1
5/26/2026 08:04:37,20,0,4,3,1,360000,350000,0,280000,0,5,R0357,2026-05-26 08:04:37,2026-05-26,jualan_online,jabodetabek,0,0,0,0,1,0,0,0,0,0,1,1,0,0,1,0,1,0,0,0,0,1,0,0,0,0,0,0,0,1,0,3,1.6094379124341003,330000.0,990000,43588.98943540674,0.1320878467739598,360000,0,0,1,1,0,0,1
5/26/2026 08:22:21,20,1,8,4,5,135000,135000,0,160000,4,4,R0358,2026-05-26 08:22:21,2026-05-26,pekerja_harian,jabodetabek,0,0,0,0,0,1,1,0,0,0,1,0,0,0,1,0,1,0,0,0,0,0,0,0,0,0,1,0,1,0,0,20,2.1972245773362196,143333.33333333334,430000,14433.756729740644,0.10070062834702774,160000,0,0,1,0,0,0,1
5/26/2026 08:28:18,21,2,5,6,5,895000,820000,930000,1010000,0,3,R0359,2026-05-26 08:28:18,2026-05-26,freelance_desain,jabodetabek,0,0,0,0,0,0,0,1,1,1,0,0,0,0,0,0,0,0,0,0,0,1,1,1,0,1,0,0,0,0,0,30,1.791759469228055,913750.0,3655000,78885.46549692578,0.08633156278733328,190000,1,1,0,0,0,0,0
5/26/2026 10:05:00,20,0,24,2,2,120000,100000,115000,135000,1,3,R0360,2026-05-26 10:05:00,2026-05-26,content_creator,sumatera,0,0,0,0,0,1,1,0,0,0,1,0,0,0,0,0,1,0,1,0,0,0,0,0,0,1,0,0,0,0,0,4,3.2188758248682006,117500.0,470000,14433.756729740644,0.12284048280630336,35000,0,0,1,0,0,0,0
5/26/2026 11:08:01,22,1,5,5,6,290000,295000,260000,215000,0,4,R0361,2026-05-26 11:08:01,2026-05-26,freelance_it,sumatera,0,0,0,0,0,0,1,1,1,0,0,0,0,0,1,1,1,0,0,1,0,0,0,1,0,0,0,0,1,0,0,30,1.791759469228055,265000.0,1060000,36742.34614174767,0.13865036279904783,80000,1,1,0,0,0,0,1
5/26/2026 11:17:19,24,2,12,5,5,315000,285000,0,310000,1,5,R0362,2026-05-26 11:17:19,2026-05-26,freelance_it,bandung,0,0,0,0,0,1,0,0,0,0,1,0,0,0,1,0,1,0,0,0,0,0,0,1,0,0,1,0,0,0,0,25,2.5649493574615367,303333.3333333333,910000,16072.751268321592,0.05298709209336789,315000,0,0,1,0,0,0,1
5/26/2026 11:43:48,28,1,12,5,8,285000,280000,325000,450000,2,5,R0363,2026-05-26 11:43:48,2026-05-26,kurir,jabodetabek,1,1,1,0,0,0,0,0,0,0,1,0,0,0,1,0,0,0,0,0,0,0,1,1,1,1,0,1,0,0,1,40,2.5649493574615367,335000.0,1340000,79267.47967062744,0.2366193423003804,170000,0,0,1,0,0,0,1
5/26/2026 11:55:08,21,0,2,1,1,385000,555000,490000,465000,4,5,R0364,2026-05-26 11:55:08,2026-05-26,freelance_it,jabar_lainnya,0,0,0,0,0,1,0,0,1,1,0,1,0,0,0,0,0,0,0,0,0,0,1,0,0,0,1,1,1,0,0,1,1.0986122886681096,473750.0,1895000,70282.16938408584,0.14835286413527354,170000,1,1,0,1,0,0,0
5/26/2026 12:13:38,17,1,6,3,3,255000,305000,280000,190000,2,5,R0365,2026-05-26 12:13:38,2026-05-26,tutor,jabar_lainnya,0,0,0,0,0,1,1,0,1,0,0,0,0,0,0,0,0,1,0,0,0,0,0,0,0,0,0,1,1,1,0,9,1.9459101490553132,257500.0,1030000,49413.22360124531,0.19189601398541867,115000,1,1,0,0,0,0,0
5/26/2026 12:38:21,25,1,10,5,5,550000,665000,495000,455000,3,3,R0366,2026-05-26 12:38:21,2026-05-26,pekerja_harian,jabodetabek,0,0,0,0,0,1,1,0,0,0,0,1,1,0,0,0,1,0,0,0,0,0,1,0,0,0,0,0,1,0,0,25,2.3978952727983707,541250.0,2165000,91230.02064379174,0.16855431065827572,210000,0,0,0,1,1,0,0
5/26/2026 12:46:26,31,2,36,6,5,265000,265000,240000,360000,3,4,R0367,2026-05-26 12:46:26,2026-05-26,freelance_desain,jateng_yogya,0,0,0,0,0,0,0,1,1,1,0,1,0,0,0,0,1,0,0,0,0,0,0,1,0,0,1,1,0,1,0,30,3.6109179126442243,282500.0,1130000,52993.710318615485,0.18758835511014332,120000,1,1,0,1,0,0,0
5/26/2026 13:55:41,35,1,12,5,6,1210000,1165000,1425000,1360000,1,5,R0368,2026-05-26 13:55:41,2026-05-26,freelance_it,jabodetabek,0,0,0,0,0,0,1,1,1,0,0,0,1,0,0,0,0,0,1,0,0,1,0,0,0,1,0,0,0,0,0,30,2.5649493574615367,1290000.0,5160000,122678.44146385297,0.09509956702624262,260000,1,1,0,0,1,0,0
5/26/2026 14:21:15,33,0,4,1,3,330000,225000,295000,215000,0,4,R0369,2026-05-26 14:21:15,2026-05-26,pekerja_harian,bandung,0,0,0,0,0,1,0,0,1,0,0,1,0,0,1,0,0,0,0,1,0,0,0,0,0,1,0,0,1,0,0,3,1.6094379124341003,266250.0,1065000,55433.894565208626,0.20820242090219201,115000,1,1,0,1,0,0,1
5/26/2026 14:33:51,18,0,3,2,1,360000,425000,450000,565000,0,5,R0370,2026-05-26 14:33:51,2026-05-26,freelance_desain,jatim,0,0,0,0,0,0,1,0,0,0,1,0,0,0,1,1,0,1,0,0,0,1,0,1,0,1,0,1,1,0,0,2,1.3862943611198906,450000.0,1800000,85537.51613570894,0.1900833691904643,205000,0,0,1,0,0,0,1
5/26/2026 14:48:39,23,2,18,6,7,400000,470000,330000,425000,0,3,R0371,2026-05-26 14:48:39,2026-05-26,freelance_desain,bandung,0,0,0,0,0,1,0,0,1,1,0,0,0,1,0,0,0,0,0,0,0,1,0,0,0,0,0,1,1,0,0,42,2.9444389791664403,406250.0,1625000,58505.697728227,0.14401402517717415,140000,1,1,0,0,0,1,0
5/26/2026 15:42:14,20,1,18,5,5,430000,645000,485000,495000,0,5,R0372,2026-05-26 15:42:14,2026-05-26,tutor,jabodetabek,0,0,0,0,0,0,1,0,0,1,0,0,0,0,0,1,0,0,0,0,0,0,1,0,1,1,0,1,0,0,0,25,2.9444389791664403,513750.0,2055000,92048.44738868042,0.17916972727723682,215000,1,0,0,0,0,0,0
5/26/2026 15:42:18,21,1,2,5,6,275000,235000,0,245000,1,5,R0373,2026-05-26 15:42:18,2026-05-26,jualan_online,jabodetabek,0,0,0,0,0,1,1,0,0,0,1,0,0,0,1,0,0,0,0,1,1,0,0,1,0,0,1,0,0,0,1,30,1.0986122886681096,251666.66666666666,755000,20816.659994661328,0.08271520527679999,275000,0,0,1,0,0,0,1
5/26/2026 16:33:54,19,1,5,4,5,490000,605000,630000,425000,0,3,R0374,2026-05-26 16:33:54,2026-05-26,pekerja_harian,sulawesi,0,0,0,0,0,0,1,0,0,0,0,1,0,1,0,1,0,0,0,1,0,0,0,0,0,1,0,0,0,0,0,20,1.791759469228055,537500.0,2150000,96652.29778265319,0.17981822843284315,205000,0,0,0,1,0,1,0
5/26/2026 18:56:20,21,1,18,5,5,470000,595000,630000,665000,4,4,R0375,2026-05-26 18:56:20,2026-05-26,pekerja_harian,kalimantan,0,0,0,0,0,1,0,0,0,0,1,0,1,0,0,0,1,0,0,1,0,0,0,0,1,0,0,0,0,1,0,25,2.9444389791664403,590000.0,2360000,84950.96624916438,0.14398468855790572,195000,0,0,1,0,1,0,0
5/26/2026 19:45:43,47,2,8,5,8,261000,436000,367000,387000,0,2,R0376,2026-05-26 19:45:43,2026-05-26,kurir,sumatera,1,1,1,0,0,0,0,0,0,0,1,0,0,1,1,0,0,1,0,0,0,0,0,0,0,0,1,0,1,0,0,40,2.1972245773362196,362750.0,1451000,73767.08841572462,0.2033551713734655,175000,0,0,1,0,0,1,1
5/26/2026 19:57:27,23,1,6,5,3,255000,245000,240000,250000,1,4,R0377,2026-05-26 19:57:27,2026-05-26,pekerja_harian,jabodetabek,0,0,0,0,0,1,0,0,0,1,0,0,0,0,0,0,1,0,0,0,0,0,0,0,1,0,1,0,1,0,0,15,1.9459101490553132,247500.0,990000,6454.972243679028,0.02608069593405668,15000,1,0,0,0,0,0,0
5/26/2026 19:58:49,36,1,24,5,7,110000,0,150000,145000,0,4,R0378,2026-05-26 19:58:49,2026-05-26,ojek_online,jabar_lainnya,0,0,0,1,0,0,0,0,0,0,1,1,0,0,0,1,1,0,0,0,0,0,0,0,1,1,1,0,0,0,1,35,3.2188758248682006,135000.0,405000,21794.49471770337,0.16144070161261753,150000,0,0,1,1,0,0,0
5/26/2026 20:51:43,25,1,6,4,5,630000,565000,740000,885000,1,5,R0379,2026-05-26 20:51:43,2026-05-26,freelance_desain,jabar_lainnya,0,0,0,0,0,0,1,1,0,0,0,0,0,0,0,1,0,0,0,0,0,0,1,0,0,0,1,1,1,0,0,20,1.9459101490553132,705000.0,2820000,140059.51116102992,0.19866597327805663,320000,0,0,0,0,0,0,0
5/26/2026 20:58:20,41,1,4,5,5,0,615000,430000,485000,1,5,R0380,2026-05-26 20:58:20,2026-05-26,tutor,sulawesi,0,0,0,0,0,1,1,0,1,1,1,0,0,0,0,0,1,1,0,0,0,0,0,0,0,1,0,1,0,1,0,25,1.6094379124341003,510000.0,1530000,95000.0,0.18627450980392157,615000,1,1,1,0,0,0,0
5/26/2026 21:19:50,36,2,24,5,9,530000,530000,540000,485000,3,4,R0381,2026-05-26 21:19:50,2026-05-26,freelance_desain,jabodetabek,0,0,0,0,0,0,0,1,1,1,1,0,0,0,0,0,1,0,0,0,0,1,0,0,0,0,1,1,0,1,0,45,3.2188758248682006,521250.0,2085000,24622.14450449026,0.04723672806616837,55000,1,1,1,0,0,0,0
5/26/2026 21:34:49,36,1,2,4,3,575000,425000,390000,530000,2,5,R0382,2026-05-26 21:34:49,2026-05-26,jualan_online,jatim,0,0,0,0,1,1,1,0,1,0,1,0,0,1,0,0,0,0,1,1,0,0,1,0,0,1,0,1,1,0,0,12,1.0986122886681096,480000.0,1920000,86890.73598491383,0.18102236663523716,185000,1,1,1,0,0,1,0
5/26/2026 22:27:26,18,2,6,5,5,575000,610000,530000,460000,2,3,R0383,2026-05-26 22:27:26,2026-05-26,content_creator,jateng_yogya,0,0,0,0,0,1,0,0,0,0,1,0,1,0,0,0,1,1,0,0,0,0,0,1,0,0,1,1,0,0,0,25,1.9459101490553132,543750.0,2175000,64726.99076377129,0.11903814393337249,150000,0,0,1,0,1,0,0
