respondent_id,target_week,current_week,weeks_observed,target_date,next_week_income,next_week_direction,current_income,lag_1_income,lag_2_income,lag_3_income,has_lag_2,has_lag_3,rolling_mean_income,rolling_std_income,rolling_min_income,rolling_max_income,rolling_range_income,income_trend_abs,income_trend_pct,last_income_change_abs,last_income_change_pct,previous_direction,is_previous_week_up,is_previous_week_down,is_previous_week_stable,target_month,target_week_of_month,target_quarter,target_is_month_start,target_is_month_end,target_is_payday_period,target_is_weekend,target_is_christmas_year_end,target_is_new_year,gig_type_enc,domisili_code_enc,usia,experience_months_log,hari_kerja_per_minggu,jam_kerja_per_hari,total_jam_seminggu,bps_jasa_weekly,status_income,peak_week,src_fiverr,src_gojek,src_grab,src_instagram,src_langsung,src_shopee,src_tiktok,src_tokopedia,src_upwork,src_whatsapp,ramai_akhir_bulan_gajian,ramai_akhir_pekan,ramai_awal_bulan,ramai_harbolnas_flashsale,ramai_promo_aplikasi,ramai_ramadan_lebaran,fluk_akhir_pekan_hari_libur,fluk_cuaca,fluk_jam_kerja,fluk_jumlah_pesanan_project,fluk_kondisi_fisik,fluk_promo_aplikasi,fluk_rating_ulasan,fluk_tanggal_gajian_akhir_bulan,pref_awal_bulan,pref_harbolnas,pref_payday,pref_promo_aplikasi,pref_ramadan_lebaran,pref_weekend,previous_direction_enc
R0000,2,1,1,2026-04-26 00:49:49,275000.0,Up,150000.0,150000.0,0.0,0.0,0,0,150000.0,0.0,150000.0,150000.0,0.0,0.0,0.0,0.0,0.0,Stable,0,0,1,4,4,2,0,1,1,1,0,0,2,3,26,2.995732273553991,7,7,49,460955.5,2,4,0,0,0,0,0,0,0,0,0,1,0,1,0,0,0,1,1,0,0,1,1,0,0,0,0,0,0,0,1,1,1
R0000,3,2,2,2026-04-19 00:49:49,270000.0,Stable,275000.0,275000.0,150000.0,0.0,1,0,212500.0,62500.0,150000.0,275000.0,125000.0,125000.0,0.8333333333333334,125000.0,0.8333333333333334,Up,1,0,0,4,3,2,0,0,0,1,0,0,2,3,26,2.995732273553991,7,7,49,460955.5,2,4,0,0,0,0,0,0,0,0,0,1,0,1,0,0,0,1,1,0,0,1,1,0,0,0,0,0,0,0,1,1,2
R0000,4,3,3,2026-04-12 00:49:49,335000.0,Up,270000.0,270000.0,275000.0,150000.0,1,1,231666.66666666666,57783.119411199055,150000.0,275000.0,125000.0,-5000.0,-0.01818181818181818,-5000.0,-0.01818181818181818,Stable,0,0,1,4,2,2,0,0,0,1,0,0,2,3,26,2.995732273553991,7,7,49,460955.5,2,4,0,0,0,0,0,0,0,0,0,1,0,1,0,0,0,1,1,0,0,1,1,0,0,0,0,0,0,0,1,1,1
R0001,2,1,1,2026-04-26 01:06:28,16800.0,Down,300000.0,300000.0,0.0,0.0,0,0,300000.0,0.0,300000.0,300000.0,0.0,0.0,0.0,0.0,0.0,Stable,0,0,1,4,4,2,0,1,1,1,0,0,1,0,26,4.290459441148391,6,7,42,518297.0,0,4,0,1,0,0,0,0,0,0,0,0,0,0,0,0,0,1,0,0,1,1,0,0,0,0,0,0,0,0,1,0,1
R0001,3,2,2,2026-04-19 01:06:28,325000.0,Up,16800.0,16800.0,300000.0,0.0,1,0,158400.0,141600.0,16800.0,300000.0,283200.0,-283200.0,-0.944,-283200.0,-0.944,Down,0,1,0,4,3,2,0,0,0,1,0,0,1,0,26,4.290459441148391,6,7,42,518297.0,0,4,0,1,0,0,0,0,0,0,0,0,0,0,0,0,0,1,0,0,1,1,0,0,0,0,0,0,0,0,1,0,0
R0001,4,3,3,2026-04-12 01:06:28,330000.0,Stable,325000.0,325000.0,16800.0,300000.0,1,1,213933.33333333334,139767.45766530285,16800.0,325000.0,308200.0,308200.0,18.345238095238095,308200.0,18.345238095238095,Up,1,0,0,4,2,2,0,0,0,1,0,0,1,0,26,4.290459441148391,6,7,42,518297.0,0,4,0,1,0,0,0,0,0,0,0,0,0,0,0,0,0,1,0,0,1,1,0,0,0,0,0,0,0,0,1,0,2
R0002,2,1,1,2026-04-26 04:11:27,360000.0,Down,550000.0,550000.0,0.0,0.0,0,0,550000.0,0.0,550000.0,550000.0,0.0,0.0,0.0,0.0,0.0,Stable,0,0,1,4,4,2,0,1,1,1,0,0,1,0,36,3.044522437723423,7,11,77,518297.0,1,3,0,1,0,0,0,0,0,0,0,0,0,1,0,0,0,0,0,0,0,1,0,0,0,0,0,0,0,0,0,1,1
R0002,3,2,2,2026-04-19 04:11:27,760000.0,Up,360000.0,360000.0,550000.0,0.0,1,0,455000.0,95000.0,360000.0,550000.0,190000.0,-190000.0,-0.34545454545454546,-190000.0,-0.34545454545454546,Down,0,1,0,4,3,2,0,0,0,1,0,0,1,0,36,3.044522437723423,7,11,77,518297.0,1,3,0,1,0,0,0,0,0,0,0,0,0,1,0,0,0,0,0,0,0,1,0,0,0,0,0,0,0,0,0,1,0
R0002,4,3,3,2026-04-12 04:11:27,325000.0,Down,760000.0,760000.0,360000.0,550000.0,1,1,556666.6666666666,163367.3433979046,360000.0,760000.0,400000.0,400000.0,1.1111111111111112,400000.0,1.1111111111111112,Up,1,0,0,4,2,2,0,0,0,1,0,0,1,0,36,3.044522437723423,7,11,77,518297.0,1,3,0,1,0,0,0,0,0,0,0,0,0,1,0,0,0,0,0,0,0,1,0,0,0,0,0,0,0,0,0,1,2
R0003,2,1,1,2026-04-26 05:55:08,120000.0,Down,210000.0,210000.0,0.0,0.0,0,0,210000.0,0.0,210000.0,210000.0,0.0,0.0,0.0,0.0,0.0,Stable,0,0,1,4,4,2,0,1,1,1,0,0,0,3,22,1.3862943611198906,3,3,9,460955.5,2,0,0,0,0,1,0,0,1,0,0,1,0,1,1,0,0,0,0,0,1,1,0,0,0,0,1,0,0,0,0,1,1
R0003,3,2,2,2026-04-19 05:55:08,150000.0,Up,120000.0,120000.0,210000.0,0.0,1,0,165000.0,45000.0,120000.0,210000.0,90000.0,-90000.0,-0.42857142857142855,-90000.0,-0.42857142857142855,Down,0,1,0,4,3,2,0,0,0,1,0,0,0,3,22,1.3862943611198906,3,3,9,460955.5,2,0,0,0,0,1,0,0,1,0,0,1,0,1,1,0,0,0,0,0,1,1,0,0,0,0,1,0,0,0,0,1,0
R0003,4,3,3,2026-04-12 05:55:08,120000.0,Down,150000.0,150000.0,120000.0,210000.0,1,1,160000.0,37416.57386773941,120000.0,210000.0,90000.0,30000.0,0.25,30000.0,0.25,Up,1,0,0,4,2,2,0,0,0,1,0,0,0,3,22,1.3862943611198906,3,3,9,460955.5,2,0,0,0,0,1,0,0,1,0,0,1,0,1,1,0,0,0,0,0,1,1,0,0,0,0,1,0,0,0,0,1,2
R0004,2,1,1,2026-04-26 06:48:27,335000.0,Down,400000.0,400000.0,0.0,0.0,0,0,400000.0,0.0,400000.0,400000.0,0.0,0.0,0.0,0.0,0.0,Stable,0,0,1,4,4,2,0,1,1,1,0,0,2,3,41,2.70805020110221,5,9,45,460955.5,1,3,0,0,0,0,0,0,0,0,0,1,0,1,1,0,0,1,1,0,0,1,0,0,0,0,1,0,0,0,1,1,1
R0004,3,2,2,2026-04-19 06:48:27,440000.0,Up,335000.0,335000.0,400000.0,0.0,1,0,367500.0,32500.0,335000.0,400000.0,65000.0,-65000.0,-0.1625,-65000.0,-0.1625,Down,0,1,0,4,3,2,0,0,0,1,0,0,2,3,41,2.70805020110221,5,9,45,460955.5,1,3,0,0,0,0,0,0,0,0,0,1,0,1,1,0,0,1,1,0,0,1,0,0,0,0,1,0,0,0,1,1,0
R0004,4,3,3,2026-04-12 06:48:27,300000.0,Down,440000.0,440000.0,335000.0,400000.0,1,1,391666.6666666667,43269.1832858239,335000.0,440000.0,105000.0,105000.0,0.31343283582089554,105000.0,0.31343283582089554,Up,1,0,0,4,2,2,0,0,0,1,0,0,2,3,41,2.70805020110221,5,9,45,460955.5,1,3,0,0,0,0,0,0,0,0,0,1,0,1,1,0,0,1,1,0,0,1,0,0,0,0,1,0,0,0,1,1,2
R0005,2,1,1,2026-04-26 07:05:10,650000.0,Down,840000.0,840000.0,0.0,0.0,0,0,840000.0,0.0,840000.0,840000.0,0.0,0.0,0.0,0.0,0.0,Stable,0,0,1,4,4,2,0,1,1,1,0,0,0,6,30,2.995732273553991,5,6,30,559306.0,1,0,0,0,0,1,0,0,1,0,0,1,1,0,1,0,1,0,1,0,0,1,0,0,0,1,1,0,1,1,0,0,1
R0005,3,2,2,2026-04-19 07:05:10,800000.0,Up,650000.0,650000.0,840000.0,0.0,1,0,745000.0,95000.0,650000.0,840000.0,190000.0,-190000.0,-0.2261904761904762,-190000.0,-0.2261904761904762,Down,0,1,0,4,3,2,0,0,0,1,0,0,0,6,30,2.995732273553991,5,6,30,559306.0,1,0,0,0,0,1,0,0,1,0,0,1,1,0,1,0,1,0,1,0,0,1,0,0,0,1,1,0,1,1,0,0,0
R0005,4,3,3,2026-04-12 07:05:10,400000.0,Down,800000.0,800000.0,650000.0,840000.0,1,1,763333.3333333334,81785.62764256865,650000.0,840000.0,190000.0,150000.0,0.23076923076923078,150000.0,0.23076923076923078,Up,1,0,0,4,2,2,0,0,0,1,0,0,0,6,30,2.995732273553991,5,6,30,559306.0,1,0,0,0,0,1,0,0,1,0,0,1,1,0,1,0,1,0,1,0,0,1,0,0,0,1,1,0,1,1,0,0,2
R0006,2,1,1,2026-04-26 07:37:54,195000.0,Down,325000.0,325000.0,0.0,0.0,0,0,325000.0,0.0,325000.0,325000.0,0.0,0.0,0.0,0.0,0.0,Stable,0,0,1,4,4,2,0,1,1,1,0,0,0,3,26,3.4657359027997265,5,6,30,460955.5,0,3,0,0,0,1,0,0,1,0,0,1,1,0,0,0,0,0,0,0,1,1,0,0,0,1,0,0,1,0,0,0,1
R0006,3,2,2,2026-04-19 07:37:54,380000.0,Up,195000.0,195000.0,325000.0,0.0,1,0,260000.0,65000.0,195000.0,325000.0,130000.0,-130000.0,-0.4,-130000.0,-0.4,Down,0,1,0,4,3,2,0,0,0,1,0,0,0,3,26,3.4657359027997265,5,6,30,460955.5,0,3,0,0,0,1,0,0,1,0,0,1,1,0,0,0,0,0,0,0,1,1,0,0,0,1,0,0,1,0,0,0,0
R0006,4,3,3,2026-04-12 07:37:54,195000.0,Down,380000.0,380000.0,195000.0,325000.0,1,1,300000.0,77567.17518813397,195000.0,380000.0,185000.0,185000.0,0.9487179487179487,185000.0,0.9487179487179487,Up,1,0,0,4,2,2,0,0,0,1,0,0,0,3,26,3.4657359027997265,5,6,30,460955.5,0,3,0,0,0,1,0,0,1,0,0,1,1,0,0,0,0,0,0,0,1,1,0,0,0,1,0,0,1,0,0,0,2
R0007,2,1,1,2026-04-26 07:52:12,250000.0,Down,400000.0,400000.0,0.0,0.0,0,0,400000.0,0.0,400000.0,400000.0,0.0,0.0,0.0,0.0,0.0,Stable,0,0,1,4,4,2,0,1,1,1,0,0,0,1,22,3.2188758248682006,4,3,12,739240.8333333334,0,1,0,0,0,1,0,0,1,0,0,0,0,0,1,0,0,0,0,0,0,1,0,0,1,1,1,0,0,0,0,0,1
R0007,3,2,2,2026-04-19 07:52:12,200000.0,Down,250000.0,250000.0,400000.0,0.0,1,0,325000.0,75000.0,250000.0,400000.0,150000.0,-150000.0,-0.375,-150000.0,-0.375,Down,0,1,0,4,3,2,0,0,0,1,0,0,0,1,22,3.2188758248682006,4,3,12,739240.8333333334,0,1,0,0,0,1,0,0,1,0,0,0,0,0,1,0,0,0,0,0,0,1,0,0,1,1,1,0,0,0,0,0,0
R0007,4,3,3,2026-04-12 07:52:12,280000.0,Up,200000.0,200000.0,250000.0,400000.0,1,1,283333.3333333333,84983.65855987974,200000.0,400000.0,200000.0,-50000.0,-0.2,-50000.0,-0.2,Down,0,1,0,4,2,2,0,0,0,1,0,0,0,1,22,3.2188758248682006,4,3,12,739240.8333333334,0,1,0,0,0,1,0,0,1,0,0,0,0,0,1,0,0,0,0,0,0,1,0,0,1,1,1,0,0,0,0,0,0
R0008,2,1,1,2026-04-26 08:12:17,780000.0,Up,660000.0,660000.0,0.0,0.0,0,0,660000.0,0.0,660000.0,660000.0,0.0,0.0,0.0,0.0,0.0,Stable,0,0,1,4,4,2,0,1,1,1,0,0,0,0,17,4.356708826689592,5,5,25,518297.0,1,3,1,0,0,0,0,0,0,0,0,0,1,0,1,0,0,0,0,0,0,1,0,0,1,1,1,0,1,0,0,0,1
R0008,3,2,2,2026-04-19 08:12:17,1000000.0,Up,780000.0,780000.0,660000.0,0.0,1,0,720000.0,60000.0,660000.0,780000.0,120000.0,120000.0,0.18181818181818182,120000.0,0.18181818181818182,Up,1,0,0,4,3,2,0,0,0,1,0,0,0,0,17,4.356708826689592,5,5,25,518297.0,1,3,1,0,0,0,0,0,0,0,0,0,1,0,1,0,0,0,0,0,0,1,0,0,1,1,1,0,1,0,0,0,2
R0008,4,3,3,2026-04-12 08:12:17,810000.0,Down,1000000.0,1000000.0,780000.0,660000.0,1,1,813333.3333333334,140791.41387961918,660000.0,1000000.0,340000.0,220000.0,0.28205128205128205,220000.0,0.28205128205128205,Up,1,0,0,4,2,2,0,0,0,1,0,0,0,0,17,4.356708826689592,5,5,25,518297.0,1,3,1,0,0,0,0,0,0,0,0,0,1,0,1,0,0,0,0,0,0,1,0,0,1,1,1,0,1,0,0,0,2
R0009,2,1,1,2026-04-26 08:31:43,175000.0,Stable,175000.0,175000.0,0.0,0.0,0,0,175000.0,0.0,175000.0,175000.0,0.0,0.0,0.0,0.0,0.0,Stable,0,0,1,4,4,2,0,1,1,1,0,0,0,5,27,2.70805020110221,5,8,40,550782.7152777778,2,3,1,0,0,1,0,0,1,0,0,0,1,1,1,0,0,0,0,0,1,1,0,0,0,0,1,0,1,0,0,1,1
R0009,3,2,2,2026-04-19 08:31:43,210000.0,Up,175000.0,175000.0,175000.0,0.0,1,0,175000.0,0.0,175000.0,175000.0,0.0,0.0,0.0,0.0,0.0,Stable,0,0,1,4,3,2,0,0,0,1,0,0,0,5,27,2.70805020110221,5,8,40,550782.7152777778,2,3,1,0,0,1,0,0,1,0,0,0,1,1,1,0,0,0,0,0,1,1,0,0,0,0,1,0,1,0,0,1,1
R0009,4,3,3,2026-04-12 08:31:43,175000.0,Down,210000.0,210000.0,175000.0,175000.0,1,1,186666.66666666666,16499.15822768611,175000.0,210000.0,35000.0,35000.0,0.2,35000.0,0.2,Up,1,0,0,4,2,2,0,0,0,1,0,0,0,5,27,2.70805020110221,5,8,40,550782.7152777778,2,3,1,0,0,1,0,0,1,0,0,0,1,1,1,0,0,0,0,0,1,1,0,0,0,0,1,0,1,0,0,1,2
R0010,2,1,1,2026-04-26 08:39:33,640000.0,Up,500000.0,500000.0,0.0,0.0,0,0,500000.0,0.0,500000.0,500000.0,0.0,0.0,0.0,0.0,0.0,Stable,0,0,1,4,4,2,0,1,1,1,0,0,0,1,33,2.3978952727983707,6,9,54,739240.8333333334,1,4,0,1,0,0,0,1,0,0,0,0,0,1,1,0,0,0,0,1,0,1,0,1,0,0,1,0,0,0,0,1,1
R0010,3,2,2,2026-04-19 08:39:33,575000.0,Down,640000.0,640000.0,500000.0,0.0,1,0,570000.0,70000.0,500000.0,640000.0,140000.0,140000.0,0.28,140000.0,0.28,Up,1,0,0,4,3,2,0,0,0,1,0,0,0,1,33,2.3978952727983707,6,9,54,739240.8333333334,1,4,0,1,0,0,0,1,0,0,0,0,0,1,1,0,0,0,0,1,0,1,0,1,0,0,1,0,0,0,0,1,2
R0010,4,3,3,2026-04-12 08:39:33,630000.0,Up,575000.0,575000.0,640000.0,500000.0,1,1,571666.6666666666,57203.34100576838,500000.0,640000.0,140000.0,-65000.0,-0.1015625,-65000.0,-0.1015625,Down,0,1,0,4,2,2,0,0,0,1,0,0,0,1,33,2.3978952727983707,6,9,54,739240.8333333334,1,4,0,1,0,0,0,1,0,0,0,0,0,1,1,0,0,0,0,1,0,1,0,1,0,0,1,0,0,0,0,1,0
R0011,2,1,1,2026-04-26 08:45:58,600000.0,Down,750000.0,750000.0,0.0,0.0,0,0,750000.0,0.0,750000.0,750000.0,0.0,0.0,0.0,0.0,0.0,Stable,0,0,1,4,4,2,0,1,1,1,0,0,0,2,20,2.8903717578961645,5,5,25,442180.75,2,2,0,0,0,0,0,0,0,0,0,1,1,0,1,0,0,0,0,0,0,1,0,0,0,0,1,0,1,0,0,0,1
R0011,3,2,2,2026-04-19 08:45:58,575000.0,Stable,600000.0,600000.0,750000.0,0.0,1,0,675000.0,75000.0,600000.0,750000.0,150000.0,-150000.0,-0.2,-150000.0,-0.2,Down,0,1,0,4,3,2,0,0,0,1,0,0,0,2,20,2.8903717578961645,5,5,25,442180.75,2,2,0,0,0,0,0,0,0,0,0,1,1,0,1,0,0,0,0,0,0,1,0,0,0,0,1,0,1,0,0,0,0
R0011,4,3,3,2026-04-12 08:45:58,975000.0,Up,575000.0,575000.0,600000.0,750000.0,1,1,641666.6666666666,77280.15412913087,575000.0,750000.0,175000.0,-25000.0,-0.041666666666666664,-25000.0,-0.041666666666666664,Stable,0,0,1,4,2,2,0,0,0,1,0,0,0,2,20,2.8903717578961645,5,5,25,442180.75,2,2,0,0,0,0,0,0,0,0,0,1,1,0,1,0,0,0,0,0,0,1,0,0,0,0,1,0,1,0,0,0,1
R0012,2,1,1,2026-04-26 08:57:57,1125000.0,Up,1040000.0,1040000.0,0.0,0.0,0,0,1040000.0,0.0,1040000.0,1040000.0,0.0,0.0,0.0,0.0,0.0,Stable,0,0,1,4,4,2,0,1,1,1,0,0,0,3,41,3.091042453358316,6,7,42,460955.5,2,4,0,0,0,0,0,0,0,0,0,1,0,1,0,0,0,0,0,0,0,1,0,0,0,0,0,0,0,0,0,1,1
R0012,3,2,2,2026-04-19 08:57:57,900000.0,Down,1125000.0,1125000.0,1040000.0,0.0,1,0,1082500.0,42500.0,1040000.0,1125000.0,85000.0,85000.0,0.08173076923076923,85000.0,0.08173076923076923,Up,1,0,0,4,3,2,0,0,0,1,0,0,0,3,41,3.091042453358316,6,7,42,460955.5,2,4,0,0,0,0,0,0,0,0,0,1,0,1,0,0,0,0,0,0,0,1,0,0,0,0,0,0,0,0,0,1,2
R0012,4,3,3,2026-04-12 08:57:57,735000.0,Down,900000.0,900000.0,1125000.0,1040000.0,1,1,1021666.6666666666,92766.13366717164,900000.0,1125000.0,225000.0,-225000.0,-0.2,-225000.0,-0.2,Down,0,1,0,4,2,2,0,0,0,1,0,0,0,3,41,3.091042453358316,6,7,42,460955.5,2,4,0,0,0,0,0,0,0,0,0,1,0,1,0,0,0,0,0,0,0,1,0,0,0,0,0,0,0,0,0,1,0
R0013,2,1,1,2026-04-26 09:13:34,715000.0,Up,675000.0,675000.0,0.0,0.0,0,0,675000.0,0.0,675000.0,675000.0,0.0,0.0,0.0,0.0,0.0,Stable,0,0,1,4,4,2,0,1,1,1,0,0,0,1,22,1.0986122886681096,5,8,40,739240.8333333334,1,2,0,0,0,1,0,0,1,0,0,1,1,0,1,0,0,0,0,0,1,1,0,0,0,1,1,0,1,0,0,0,1
R0013,3,2,2,2026-04-19 09:13:34,540000.0,Down,715000.0,715000.0,675000.0,0.0,1,0,695000.0,20000.0,675000.0,715000.0,40000.0,40000.0,0.05925925925925926,40000.0,0.05925925925925926,Up,1,0,0,4,3,2,0,0,0,1,0,0,0,1,22,1.0986122886681096,5,8,40,739240.8333333334,1,2,0,0,0,1,0,0,1,0,0,1,1,0,1,0,0,0,0,0,1,1,0,0,0,1,1,0,1,0,0,0,2
R0013,4,3,3,2026-04-12 09:13:34,580000.0,Up,540000.0,540000.0,715000.0,675000.0,1,1,643333.3333333334,74870.25815072068,540000.0,715000.0,175000.0,-175000.0,-0.24475524475524477,-175000.0,-0.24475524475524477,Down,0,1,0,4,2,2,0,0,0,1,0,0,0,1,22,1.0986122886681096,5,8,40,739240.8333333334,1,2,0,0,0,1,0,0,1,0,0,1,1,0,1,0,0,0,0,0,1,1,0,0,0,1,1,0,1,0,0,0,0
R0014,2,1,1,2026-04-26 09:14:22,200000.0,Up,160000.0,160000.0,0.0,0.0,0,0,160000.0,0.0,160000.0,160000.0,0.0,0.0,0.0,0.0,0.0,Stable,0,0,1,4,4,2,0,1,1,1,0,0,0,5,17,3.4339872044851463,4,5,20,550782.7152777778,0,4,0,0,0,1,0,0,1,0,0,1,1,0,1,0,0,0,1,0,0,1,0,0,0,0,1,0,1,0,0,0,1
R0014,3,2,2,2026-04-19 09:14:22,165000.0,Down,200000.0,200000.0,160000.0,0.0,1,0,180000.0,20000.0,160000.0,200000.0,40000.0,40000.0,0.25,40000.0,0.25,Up,1,0,0,4,3,2,0,0,0,1,0,0,0,5,17,3.4339872044851463,4,5,20,550782.7152777778,0,4,0,0,0,1,0,0,1,0,0,1,1,0,1,0,0,0,1,0,0,1,0,0,0,0,1,0,1,0,0,0,2
R0014,4,3,3,2026-04-12 09:14:22,255000.0,Up,165000.0,165000.0,200000.0,160000.0,1,1,175000.0,17795.130420052184,160000.0,200000.0,40000.0,-35000.0,-0.175,-35000.0,-0.175,Down,0,1,0,4,2,2,0,0,0,1,0,0,0,5,17,3.4339872044851463,4,5,20,550782.7152777778,0,4,0,0,0,1,0,0,1,0,0,1,1,0,1,0,0,0,1,0,0,1,0,0,0,0,1,0,1,0,0,0,0
R0015,2,1,1,2026-04-26 09:15:32,400000.0,Down,425000.0,425000.0,0.0,0.0,0,0,425000.0,0.0,425000.0,425000.0,0.0,0.0,0.0,0.0,0.0,Stable,0,0,1,4,4,2,0,1,1,1,0,0,0,1,30,2.8903717578961645,4,4,16,739240.8333333334,1,1,0,0,0,1,0,0,1,0,0,1,0,0,1,0,0,0,0,0,1,1,0,0,1,0,1,0,0,0,0,0,1
R0015,3,2,2,2026-04-19 09:15:32,745000.0,Up,400000.0,400000.0,425000.0,0.0,1,0,412500.0,12500.0,400000.0,425000.0,25000.0,-25000.0,-0.058823529411764705,-25000.0,-0.058823529411764705,Down,0,1,0,4,3,2,0,0,0,1,0,0,0,1,30,2.8903717578961645,4,4,16,739240.8333333334,1,1,0,0,0,1,0,0,1,0,0,1,0,0,1,0,0,0,0,0,1,1,0,0,1,0,1,0,0,0,0,0,0
R0015,4,3,3,2026-04-12 09:15:32,425000.0,Down,745000.0,745000.0,400000.0,425000.0,1,1,523333.3333333333,157073.9387111122,400000.0,745000.0,345000.0,345000.0,0.8625,345000.0,0.8625,Up,1,0,0,4,2,2,0,0,0,1,0,0,0,1,30,2.8903717578961645,4,4,16,739240.8333333334,1,1,0,0,0,1,0,0,1,0,0,1,0,0,1,0,0,0,0,0,1,1,0,0,1,0,1,0,0,0,0,0,2
R0016,2,1,1,2026-04-26 09:18:36,275000.0,Up,260000.0,260000.0,0.0,0.0,0,0,260000.0,0.0,260000.0,260000.0,0.0,0.0,0.0,0.0,0.0,Stable,0,0,1,4,4,2,0,1,1,1,0,0,2,3,27,1.6094379124341003,3,7,21,460955.5,1,2,0,0,0,0,0,0,0,0,0,1,0,1,1,0,0,1,1,0,0,1,1,0,0,0,1,0,0,0,1,1,1
R0016,3,2,2,2026-04-19 09:18:36,10000.0,Down,275000.0,275000.0,260000.0,0.0,1,0,267500.0,7500.0,260000.0,275000.0,15000.0,15000.0,0.057692307692307696,15000.0,0.057692307692307696,Up,1,0,0,4,3,2,0,0,0,1,0,0,2,3,27,1.6094379124341003,3,7,21,460955.5,1,2,0,0,0,0,0,0,0,0,0,1,0,1,1,0,0,1,1,0,0,1,1,0,0,0,1,0,0,0,1,1,2
R0016,4,3,3,2026-04-12 09:18:36,15000.0,Up,10000.0,10000.0,275000.0,260000.0,1,1,181666.66666666666,121541.03102336355,10000.0,275000.0,265000.0,-265000.0,-0.9636363636363636,-265000.0,-0.9636363636363636,Down,0,1,0,4,2,2,0,0,0,1,0,0,2,3,27,1.6094379124341003,3,7,21,460955.5,1,2,0,0,0,0,0,0,0,0,0,1,0,1,1,0,0,1,1,0,0,1,1,0,0,0,1,0,0,0,1,1,0
R0017,2,1,1,2026-04-26 09:44:03,780000.0,Down,825000.0,825000.0,0.0,0.0,0,0,825000.0,0.0,825000.0,825000.0,0.0,0.0,0.0,0.0,0.0,Stable,0,0,1,4,4,2,0,1,1,1,0,0,0,0,35,4.02535169073515,5,4,20,518297.0,1,0,1,0,0,0,0,0,0,0,0,1,1,1,1,0,0,0,0,0,1,1,0,0,1,0,1,0,1,0,0,1,1
R0017,3,2,2,2026-04-19 09:44:03,400000.0,Down,780000.0,780000.0,825000.0,0.0,1,0,802500.0,22500.0,780000.0,825000.0,45000.0,-45000.0,-0.05454545454545454,-45000.0,-0.05454545454545454,Down,0,1,0,4,3,2,0,0,0,1,0,0,0,0,35,4.02535169073515,5,4,20,518297.0,1,0,1,0,0,0,0,0,0,0,0,1,1,1,1,0,0,0,0,0,1,1,0,0,1,0,1,0,1,0,0,1,0
R0017,4,3,3,2026-04-12 09:44:03,580000.0,Up,400000.0,400000.0,780000.0,825000.0,1,1,668333.3333333334,190627.6183791029,400000.0,825000.0,425000.0,-380000.0,-0.48717948717948717,-380000.0,-0.48717948717948717,Down,0,1,0,4,2,2,0,0,0,1,0,0,0,0,35,4.02535169073515,5,4,20,518297.0,1,0,1,0,0,0,0,0,0,0,0,1,1,1,1,0,0,0,0,0,1,1,0,0,1,0,1,0,1,0,0,1,0
R0018,2,1,1,2026-04-26 10:00:19,380000.0,Down,640000.0,640000.0,0.0,0.0,0,0,640000.0,0.0,640000.0,640000.0,0.0,0.0,0.0,0.0,0.0,Stable,0,0,1,4,4,2,0,1,1,1,0,0,1,3,34,2.302585092994046,6,6,36,460955.5,0,3,0,1,0,0,0,0,0,0,0,0,0,0,1,0,0,1,0,1,0,1,0,1,0,0,1,0,0,0,1,0,1
R0018,3,2,2,2026-04-19 10:00:19,725000.0,Up,380000.0,380000.0,640000.0,0.0,1,0,510000.0,130000.0,380000.0,640000.0,260000.0,-260000.0,-0.40625,-260000.0,-0.40625,Down,0,1,0,4,3,2,0,0,0,1,0,0,1,3,34,2.302585092994046,6,6,36,460955.5,0,3,0,1,0,0,0,0,0,0,0,0,0,0,1,0,0,1,0,1,0,1,0,1,0,0,1,0,0,0,1,0,0
R0018,4,3,3,2026-04-12 10:00:19,710000.0,Stable,725000.0,725000.0,380000.0,640000.0,1,1,581666.6666666666,146761.33308500878,380000.0,725000.0,345000.0,345000.0,0.9078947368421053,345000.0,0.9078947368421053,Up,1,0,0,4,2,2,0,0,0,1,0,0,1,3,34,2.302585092994046,6,6,36,460955.5,0,3,0,1,0,0,0,0,0,0,0,0,0,0,1,0,0,1,0,1,0,1,0,1,0,0,1,0,0,0,1,0,2
R0019,2,1,1,2026-04-26 10:04:14,600000.0,Up,325000.0,325000.0,0.0,0.0,0,0,325000.0,0.0,325000.0,325000.0,0.0,0.0,0.0,0.0,0.0,Stable,0,0,1,4,4,2,0,1,1,1,0,0,0,5,26,3.58351893845611,3,4,12,550782.7152777778,0,2,0,0,0,0,0,0,0,0,0,1,1,0,1,0,0,0,0,0,1,1,0,0,0,1,1,0,1,0,0,0,1
R0019,3,2,2,2026-04-19 10:04:14,315000.0,Down,600000.0,600000.0,325000.0,0.0,1,0,462500.0,137500.0,325000.0,600000.0,275000.0,275000.0,0.8461538461538461,275000.0,0.8461538461538461,Up,1,0,0,4,3,2,0,0,0,1,0,0,0,5,26,3.58351893845611,3,4,12,550782.7152777778,0,2,0,0,0,0,0,0,0,0,0,1,1,0,1,0,0,0,0,0,1,1,0,0,0,1,1,0,1,0,0,0,2
R0019,4,3,3,2026-04-12 10:04:14,270000.0,Down,315000.0,315000.0,600000.0,325000.0,1,1,413333.3333333333,132056.38526360205,315000.0,600000.0,285000.0,-285000.0,-0.475,-285000.0,-0.475,Down,0,1,0,4,2,2,0,0,0,1,0,0,0,5,26,3.58351893845611,3,4,12,550782.7152777778,0,2,0,0,0,0,0,0,0,0,0,1,1,0,1,0,0,0,0,0,1,1,0,0,0,1,1,0,1,0,0,0,0
R0020,2,1,1,2026-04-26 10:12:59,40000.0,Stable,40000.0,40000.0,0.0,0.0,0,0,40000.0,0.0,40000.0,40000.0,0.0,0.0,0.0,0.0,0.0,Stable,0,0,1,4,4,2,0,1,1,1,0,0,0,6,26,0.6931471805599453,7,7,49,559306.0,2,0,0,0,1,0,0,0,0,0,0,0,0,0,0,1,1,0,0,1,0,1,0,0,0,0,0,1,0,1,0,0,1
R0020,3,2,2,2026-04-19 10:12:59,610000.0,Up,40000.0,40000.0,40000.0,0.0,1,0,40000.0,0.0,40000.0,40000.0,0.0,0.0,0.0,0.0,0.0,Stable,0,0,1,4,3,2,0,0,0,1,0,0,0,6,26,0.6931471805599453,7,7,49,559306.0,2,0,0,0,1,0,0,0,0,0,0,0,0,0,0,1,1,0,0,1,0,1,0,0,0,0,0,1,0,1,0,0,1
R0020,4,3,3,2026-04-12 10:12:59,940000.0,Up,610000.0,610000.0,40000.0,40000.0,1,1,230000.0,268700.5768508881,40000.0,610000.0,570000.0,570000.0,14.25,570000.0,14.25,Up,1,0,0,4,2,2,0,0,0,1,0,0,0,6,26,0.6931471805599453,7,7,49,559306.0,2,0,0,0,1,0,0,0,0,0,0,0,0,0,0,1,1,0,0,1,0,1,0,0,0,0,0,1,0,1,0,0,2
R0021,2,1,1,2026-04-26 10:31:39,600000.0,Up,560000.0,560000.0,0.0,0.0,0,0,560000.0,0.0,560000.0,560000.0,0.0,0.0,0.0,0.0,0.0,Stable,0,0,1,4,4,2,0,1,1,1,0,0,0,3,26,3.295836866004329,6,7,42,460955.5,2,4,0,0,1,0,0,0,0,0,0,0,0,0,0,1,1,0,0,0,1,1,0,0,0,0,0,1,0,1,0,0,1
R0021,3,2,2,2026-04-19 10:31:39,885000.0,Up,600000.0,600000.0,560000.0,0.0,1,0,580000.0,20000.0,560000.0,600000.0,40000.0,40000.0,0.07142857142857142,40000.0,0.07142857142857142,Up,1,0,0,4,3,2,0,0,0,1,0,0,0,3,26,3.295836866004329,6,7,42,460955.5,2,4,0,0,1,0,0,0,0,0,0,0,0,0,0,1,1,0,0,0,1,1,0,0,0,0,0,1,0,1,0,0,2
R0021,4,3,3,2026-04-12 10:31:39,490000.0,Down,885000.0,885000.0,600000.0,560000.0,1,1,681666.6666666666,144702.7604743216,560000.0,885000.0,325000.0,285000.0,0.475,285000.0,0.475,Up,1,0,0,4,2,2,0,0,0,1,0,0,0,3,26,3.295836866004329,6,7,42,460955.5,2,4,0,0,1,0,0,0,0,0,0,0,0,0,0,1,1,0,0,0,1,1,0,0,0,0,0,1,0,1,0,0,2
R0022,2,1,1,2026-04-26 10:33:20,16800.0,Down,625000.0,625000.0,0.0,0.0,0,0,625000.0,0.0,625000.0,625000.0,0.0,0.0,0.0,0.0,0.0,Stable,0,0,1,4,4,2,0,1,1,1,0,0,0,3,27,2.0794415416798357,6,5,30,460955.5,0,1,0,0,0,1,0,1,1,1,0,1,0,0,0,1,1,0,1,0,0,1,0,0,0,0,0,1,0,1,0,0,1
R0022,3,2,2,2026-04-19 10:33:20,380000.0,Up,16800.0,16800.0,625000.0,0.0,1,0,320900.0,304100.0,16800.0,625000.0,608200.0,-608200.0,-0.97312,-608200.0,-0.97312,Down,0,1,0,4,3,2,0,0,0,1,0,0,0,3,27,2.0794415416798357,6,5,30,460955.5,0,1,0,0,0,1,0,1,1,1,0,1,0,0,0,1,1,0,1,0,0,1,0,0,0,0,0,1,0,1,0,0,0
R0022,4,3,3,2026-04-12 10:33:20,430000.0,Up,380000.0,380000.0,16800.0,625000.0,1,1,340600.0,249854.73112724256,16800.0,625000.0,608200.0,363200.0,21.61904761904762,363200.0,21.61904761904762,Up,1,0,0,4,2,2,0,0,0,1,0,0,0,3,27,2.0794415416798357,6,5,30,460955.5,0,1,0,0,0,1,0,1,1,1,0,1,0,0,0,1,1,0,1,0,0,1,0,0,0,0,0,1,0,1,0,0,2
R0023,2,1,1,2026-04-26 10:38:19,225000.0,Up,105000.0,105000.0,0.0,0.0,0,0,105000.0,0.0,105000.0,105000.0,0.0,0.0,0.0,0.0,0.0,Stable,0,0,1,4,4,2,0,1,1,1,0,0,0,6,27,3.295836866004329,5,6,30,559306.0,2,2,0,0,0,1,0,0,1,0,0,0,0,0,1,1,0,1,0,0,0,1,0,1,0,1,1,1,0,0,1,0,1
R0023,3,2,2,2026-04-19 10:38:19,200000.0,Down,225000.0,225000.0,105000.0,0.0,1,0,165000.0,60000.0,105000.0,225000.0,120000.0,120000.0,1.1428571428571428,120000.0,1.1428571428571428,Up,1,0,0,4,3,2,0,0,0,1,0,0,0,6,27,3.295836866004329,5,6,30,559306.0,2,2,0,0,0,1,0,0,1,0,0,0,0,0,1,1,0,1,0,0,0,1,0,1,0,1,1,1,0,0,1,0,2
R0023,4,3,3,2026-04-12 10:38:19,200000.0,Stable,200000.0,200000.0,225000.0,105000.0,1,1,176666.66666666666,51693.5413975694,105000.0,225000.0,120000.0,-25000.0,-0.1111111111111111,-25000.0,-0.1111111111111111,Down,0,1,0,4,2,2,0,0,0,1,0,0,0,6,27,3.295836866004329,5,6,30,559306.0,2,2,0,0,0,1,0,0,1,0,0,0,0,0,1,1,0,1,0,0,0,1,0,1,0,1,1,1,0,0,1,0,0
R0024,2,1,1,2026-04-26 10:40:09,275000.0,Up,260000.0,260000.0,0.0,0.0,0,0,260000.0,0.0,260000.0,260000.0,0.0,0.0,0.0,0.0,0.0,Stable,0,0,1,4,4,2,0,1,1,1,0,0,0,1,22,3.828641396489095,5,5,25,739240.8333333334,0,1,0,0,0,1,0,0,1,0,0,1,0,0,0,1,0,0,1,0,0,1,0,1,0,0,0,1,0,0,0,0,1
R0024,3,2,2,2026-04-19 10:40:09,275000.0,Stable,275000.0,275000.0,260000.0,0.0,1,0,267500.0,7500.0,260000.0,275000.0,15000.0,15000.0,0.057692307692307696,15000.0,0.057692307692307696,Up,1,0,0,4,3,2,0,0,0,1,0,0,0,1,22,3.828641396489095,5,5,25,739240.8333333334,0,1,0,0,0,1,0,0,1,0,0,1,0,0,0,1,0,0,1,0,0,1,0,1,0,0,0,1,0,0,0,0,2
R0024,4,3,3,2026-04-12 10:40:09,350000.0,Up,275000.0,275000.0,275000.0,260000.0,1,1,270000.0,7071.067811865475,260000.0,275000.0,15000.0,0.0,0.0,0.0,0.0,Stable,0,0,1,4,2,2,0,0,0,1,0,0,0,1,22,3.828641396489095,5,5,25,739240.8333333334,0,1,0,0,0,1,0,0,1,0,0,1,0,0,0,1,0,0,1,0,0,1,0,1,0,0,0,1,0,0,0,0,1
R0025,2,1,1,2026-04-26 11:07:00,275000.0,Stable,275000.0,275000.0,0.0,0.0,0,0,275000.0,0.0,275000.0,275000.0,0.0,0.0,0.0,0.0,0.0,Stable,0,0,1,4,4,2,0,1,1,1,0,0,0,1,23,3.5263605246161616,3,2,6,739240.8333333334,1,1,0,0,0,1,0,0,1,0,0,1,1,1,1,0,0,0,0,0,1,1,0,0,0,0,1,0,1,0,0,1,1
R0025,3,2,2,2026-04-19 11:07:00,250000.0,Down,275000.0,275000.0,275000.0,0.0,1,0,275000.0,0.0,275000.0,275000.0,0.0,0.0,0.0,0.0,0.0,Stable,0,0,1,4,3,2,0,0,0,1,0,0,0,1,23,3.5263605246161616,3,2,6,739240.8333333334,1,1,0,0,0,1,0,0,1,0,0,1,1,1,1,0,0,0,0,0,1,1,0,0,0,0,1,0,1,0,0,1,1
R0025,4,3,3,2026-04-12 11:07:00,215000.0,Down,250000.0,250000.0,275000.0,275000.0,1,1,266666.6666666667,11785.113019775792,250000.0,275000.0,25000.0,-25000.0,-0.09090909090909091,-25000.0,-0.09090909090909091,Down,0,1,0,4,2,2,0,0,0,1,0,0,0,1,23,3.5263605246161616,3,2,6,739240.8333333334,1,1,0,0,0,1,0,0,1,0,0,1,1,1,1,0,0,0,0,0,1,1,0,0,0,0,1,0,1,0,0,1,0
R0026,2,1,1,2026-04-26 11:07:24,25000.0,Down,400000.0,400000.0,0.0,0.0,0,0,400000.0,0.0,400000.0,400000.0,0.0,0.0,0.0,0.0,0.0,Stable,0,0,1,4,4,2,0,1,1,1,0,0,0,6,28,3.784189633918261,6,8,48,559306.0,1,1,1,0,0,0,0,0,0,0,1,0,1,1,1,0,0,0,0,0,1,1,0,0,0,0,1,0,1,0,0,1,1
R0026,3,2,2,2026-04-19 11:07:24,505000.0,Up,25000.0,25000.0,400000.0,0.0,1,0,212500.0,187500.0,25000.0,400000.0,375000.0,-375000.0,-0.9375,-375000.0,-0.9375,Down,0,1,0,4,3,2,0,0,0,1,0,0,0,6,28,3.784189633918261,6,8,48,559306.0,1,1,1,0,0,0,0,0,0,0,1,0,1,1,1,0,0,0,0,0,1,1,0,0,0,0,1,0,1,0,0,1,0
R0026,4,3,3,2026-04-12 11:07:24,465000.0,Down,505000.0,505000.0,25000.0,400000.0,1,1,310000.0,206033.97778036515,25000.0,505000.0,480000.0,480000.0,19.2,480000.0,19.2,Up,1,0,0,4,2,2,0,0,0,1,0,0,0,6,28,3.784189633918261,6,8,48,559306.0,1,1,1,0,0,0,0,0,0,0,1,0,1,1,1,0,0,0,0,0,1,1,0,0,0,0,1,0,1,0,0,1,2
R0027,2,1,1,2026-04-26 11:11:28,225000.0,Up,200000.0,200000.0,0.0,0.0,0,0,200000.0,0.0,200000.0,200000.0,0.0,0.0,0.0,0.0,0.0,Stable,0,0,1,4,4,2,0,1,1,1,0,0,0,0,28,3.1780538303479458,4,2,8,518297.0,0,2,0,0,0,0,0,1,1,1,0,1,0,1,0,1,0,1,0,0,0,1,0,1,0,1,0,1,0,0,1,1,1
R0027,3,2,2,2026-04-19 11:11:28,180000.0,Down,225000.0,225000.0,200000.0,0.0,1,0,212500.0,12500.0,200000.0,225000.0,25000.0,25000.0,0.125,25000.0,0.125,Up,1,0,0,4,3,2,0,0,0,1,0,0,0,0,28,3.1780538303479458,4,2,8,518297.0,0,2,0,0,0,0,0,1,1,1,0,1,0,1,0,1,0,1,0,0,0,1,0,1,0,1,0,1,0,0,1,1,2
R0027,4,3,3,2026-04-12 11:11:28,155000.0,Down,180000.0,180000.0,225000.0,200000.0,1,1,201666.66666666666,18408.935028645436,180000.0,225000.0,45000.0,-45000.0,-0.2,-45000.0,-0.2,Down,0,1,0,4,2,2,0,0,0,1,0,0,0,0,28,3.1780538303479458,4,2,8,518297.0,0,2,0,0,0,0,0,1,1,1,0,1,0,1,0,1,0,1,0,0,0,1,0,1,0,1,0,1,0,0,1,1,0
R0028,2,1,1,2026-04-26 11:25:55,485000.0,Down,1336200.0,1336200.0,0.0,0.0,0,0,1336200.0,0.0,1336200.0,1336200.0,0.0,0.0,0.0,0.0,0.0,Stable,0,0,1,4,4,2,0,1,1,1,0,0,1,7,36,2.772588722239781,7,9,63,517481.9375,1,0,0,1,0,0,0,0,0,0,0,0,0,0,0,0,1,0,0,0,0,1,0,1,1,0,0,0,0,1,0,0,1
R0028,3,2,2,2026-04-19 11:25:55,1350000.0,Up,485000.0,485000.0,1336200.0,0.0,1,0,910600.0,425600.0,485000.0,1336200.0,851200.0,-851200.0,-0.6370303846729531,-851200.0,-0.6370303846729531,Down,0,1,0,4,3,2,0,0,0,1,0,0,1,7,36,2.772588722239781,7,9,63,517481.9375,1,0,0,1,0,0,0,0,0,0,0,0,0,0,0,0,1,0,0,0,0,1,0,1,1,0,0,0,0,1,0,0,0
R0028,4,3,3,2026-04-12 11:25:55,1342800.0,Stable,1350000.0,1350000.0,485000.0,1336200.0,1,1,1057066.6666666667,404551.4498250569,485000.0,1350000.0,865000.0,865000.0,1.7835051546391754,865000.0,1.7835051546391754,Up,1,0,0,4,2,2,0,0,0,1,0,0,1,7,36,2.772588722239781,7,9,63,517481.9375,1,0,0,1,0,0,0,0,0,0,0,0,0,0,0,0,1,0,0,0,0,1,0,1,1,0,0,0,0,1,0,0,2
R0029,2,1,1,2026-04-26 12:01:18,200000.0,Down,375000.0,375000.0,0.0,0.0,0,0,375000.0,0.0,375000.0,375000.0,0.0,0.0,0.0,0.0,0.0,Stable,0,0,1,4,4,2,0,1,1,1,0,0,2,6,28,1.3862943611198906,3,7,21,559306.0,1,1,0,0,0,0,0,0,0,0,0,1,0,1,0,0,0,0,0,0,0,1,1,0,0,0,0,0,0,0,0,1,1
R0029,3,2,2,2026-04-19 12:01:18,290000.0,Up,200000.0,200000.0,375000.0,0.0,1,0,287500.0,87500.0,200000.0,375000.0,175000.0,-175000.0,-0.4666666666666667,-175000.0,-0.4666666666666667,Down,0,1,0,4,3,2,0,0,0,1,0,0,2,6,28,1.3862943611198906,3,7,21,559306.0,1,1,0,0,0,0,0,0,0,0,0,1,0,1,0,0,0,0,0,0,0,1,1,0,0,0,0,0,0,0,0,1,0
R0029,4,3,3,2026-04-12 12:01:18,175000.0,Down,290000.0,290000.0,200000.0,375000.0,1,1,288333.3333333333,71453.17036742005,200000.0,375000.0,175000.0,90000.0,0.45,90000.0,0.45,Up,1,0,0,4,2,2,0,0,0,1,0,0,2,6,28,1.3862943611198906,3,7,21,559306.0,1,1,0,0,0,0,0,0,0,0,0,1,0,1,0,0,0,0,0,0,0,1,1,0,0,0,0,0,0,0,0,1,2
R0030,2,1,1,2026-04-26 12:17:29,495000.0,Stable,475000.0,475000.0,0.0,0.0,0,0,475000.0,0.0,475000.0,475000.0,0.0,0.0,0.0,0.0,0.0,Stable,0,0,1,4,4,2,0,1,1,1,0,0,0,0,17,3.7376696182833684,6,3,18,518297.0,1,2,0,0,0,0,0,0,0,0,0,1,0,0,1,0,1,1,0,0,0,1,0,0,0,1,1,0,0,1,1,0,1
R0030,3,2,2,2026-04-19 12:17:29,450000.0,Down,495000.0,495000.0,475000.0,0.0,1,0,485000.0,10000.0,475000.0,495000.0,20000.0,20000.0,0.042105263157894736,20000.0,0.042105263157894736,Stable,0,0,1,4,3,2,0,0,0,1,0,0,0,0,17,3.7376696182833684,6,3,18,518297.0,1,2,0,0,0,0,0,0,0,0,0,1,0,0,1,0,1,1,0,0,0,1,0,0,0,1,1,0,0,1,1,0,1
R0030,4,3,3,2026-04-12 12:17:29,430000.0,Stable,450000.0,450000.0,495000.0,475000.0,1,1,473333.3333333333,18408.935028645436,450000.0,495000.0,45000.0,-45000.0,-0.09090909090909091,-45000.0,-0.09090909090909091,Down,0,1,0,4,2,2,0,0,0,1,0,0,0,0,17,3.7376696182833684,6,3,18,518297.0,1,2,0,0,0,0,0,0,0,0,0,1,0,0,1,0,1,1,0,0,0,1,0,0,0,1,1,0,0,1,1,0,0
R0031,2,1,1,2026-04-26 12:41:27,730000.0,Down,775000.0,775000.0,0.0,0.0,0,0,775000.0,0.0,775000.0,775000.0,0.0,0.0,0.0,0.0,0.0,Stable,0,0,1,4,4,2,0,1,1,1,0,0,0,1,26,2.639057329615259,3,5,15,739240.8333333334,1,3,1,0,0,0,0,0,0,0,0,1,1,0,1,0,0,0,0,0,0,1,0,0,1,0,1,0,1,0,0,0,1
R0031,3,2,2,2026-04-19 12:41:27,620000.0,Down,730000.0,730000.0,775000.0,0.0,1,0,752500.0,22500.0,730000.0,775000.0,45000.0,-45000.0,-0.05806451612903226,-45000.0,-0.05806451612903226,Down,0,1,0,4,3,2,0,0,0,1,0,0,0,1,26,2.639057329615259,3,5,15,739240.8333333334,1,3,1,0,0,0,0,0,0,0,0,1,1,0,1,0,0,0,0,0,0,1,0,0,1,0,1,0,1,0,0,0,0
R0031,4,3,3,2026-04-12 12:41:27,35000.0,Down,620000.0,620000.0,730000.0,775000.0,1,1,708333.3333333334,65106.7499487487,620000.0,775000.0,155000.0,-110000.0,-0.1506849315068493,-110000.0,-0.1506849315068493,Down,0,1,0,4,2,2,0,0,0,1,0,0,0,1,26,2.639057329615259,3,5,15,739240.8333333334,1,3,1,0,0,0,0,0,0,0,0,1,1,0,1,0,0,0,0,0,0,1,0,0,1,0,1,0,1,0,0,0,0
R0032,2,1,1,2026-04-26 13:17:28,400000.0,Up,370000.0,370000.0,0.0,0.0,0,0,370000.0,0.0,370000.0,370000.0,0.0,0.0,0.0,0.0,0.0,Stable,0,0,1,4,4,2,0,1,1,1,0,0,0,2,34,1.3862943611198906,6,5,30,442180.75,0,2,0,0,0,0,0,0,0,0,0,1,1,0,0,0,1,1,1,0,0,1,0,1,0,0,0,0,1,1,1,0,1
R0032,3,2,2,2026-04-19 13:17:28,320000.0,Down,400000.0,400000.0,370000.0,0.0,1,0,385000.0,15000.0,370000.0,400000.0,30000.0,30000.0,0.08108108108108109,30000.0,0.08108108108108109,Up,1,0,0,4,3,2,0,0,0,1,0,0,0,2,34,1.3862943611198906,6,5,30,442180.75,0,2,0,0,0,0,0,0,0,0,0,1,1,0,0,0,1,1,1,0,0,1,0,1,0,0,0,0,1,1,1,0,2
R0032,4,3,3,2026-04-12 13:17:28,275000.0,Down,320000.0,320000.0,400000.0,370000.0,1,1,363333.3333333333,32998.316455372216,320000.0,400000.0,80000.0,-80000.0,-0.2,-80000.0,-0.2,Down,0,1,0,4,2,2,0,0,0,1,0,0,0,2,34,1.3862943611198906,6,5,30,442180.75,0,2,0,0,0,0,0,0,0,0,0,1,1,0,0,0,1,1,1,0,0,1,0,1,0,0,0,0,1,1,1,0,0
R0033,2,1,1,2026-04-26 13:22:05,520000.0,Up,450000.0,450000.0,0.0,0.0,0,0,450000.0,0.0,450000.0,450000.0,0.0,0.0,0.0,0.0,0.0,Stable,0,0,1,4,4,2,0,1,1,1,0,0,1,5,28,4.04305126783455,7,8,56,550782.7152777778,1,3,0,0,1,0,0,0,0,0,0,0,0,0,0,0,0,0,0,0,0,1,0,1,0,0,0,0,0,0,0,0,1
R0033,3,2,2,2026-04-19 13:22:05,640000.0,Up,520000.0,520000.0,450000.0,0.0,1,0,485000.0,35000.0,450000.0,520000.0,70000.0,70000.0,0.15555555555555556,70000.0,0.15555555555555556,Up,1,0,0,4,3,2,0,0,0,1,0,0,1,5,28,4.04305126783455,7,8,56,550782.7152777778,1,3,0,0,1,0,0,0,0,0,0,0,0,0,0,0,0,0,0,0,0,1,0,1,0,0,0,0,0,0,0,0,2
R0033,4,3,3,2026-04-12 13:22:05,575000.0,Down,640000.0,640000.0,520000.0,450000.0,1,1,536666.6666666666,78457.3486395988,450000.0,640000.0,190000.0,120000.0,0.23076923076923078,120000.0,0.23076923076923078,Up,1,0,0,4,2,2,0,0,0,1,0,0,1,5,28,4.04305126783455,7,8,56,550782.7152777778,1,3,0,0,1,0,0,0,0,0,0,0,0,0,0,0,0,0,0,0,0,1,0,1,0,0,0,0,0,0,0,0,2
R0034,2,1,1,2026-04-26 13:38:21,320000.0,Down,400000.0,400000.0,0.0,0.0,0,0,400000.0,0.0,400000.0,400000.0,0.0,0.0,0.0,0.0,0.0,Stable,0,0,1,4,4,2,0,1,1,1,0,0,0,1,25,2.4849066497880004,4,3,12,739240.8333333334,0,3,0,0,0,1,0,0,1,0,0,0,1,1,1,0,0,0,0,0,0,1,1,0,0,0,1,0,1,0,0,1,1
R0034,3,2,2,2026-04-19 13:38:21,850000.0,Up,320000.0,320000.0,400000.0,0.0,1,0,360000.0,40000.0,320000.0,400000.0,80000.0,-80000.0,-0.2,-80000.0,-0.2,Down,0,1,0,4,3,2,0,0,0,1,0,0,0,1,25,2.4849066497880004,4,3,12,739240.8333333334,0,3,0,0,0,1,0,0,1,0,0,0,1,1,1,0,0,0,0,0,0,1,1,0,0,0,1,0,1,0,0,1,0
R0034,4,3,3,2026-04-12 13:38:21,300000.0,Down,850000.0,850000.0,320000.0,400000.0,1,1,523333.3333333333,233285.7094256359,320000.0,850000.0,530000.0,530000.0,1.65625,530000.0,1.65625,Up,1,0,0,4,2,2,0,0,0,1,0,0,0,1,25,2.4849066497880004,4,3,12,739240.8333333334,0,3,0,0,0,1,0,0,1,0,0,0,1,1,1,0,0,0,0,0,0,1,1,0,0,0,1,0,1,0,0,1,2
R0035,2,1,1,2026-04-26 13:48:18,1273200.0,Up,825000.0,825000.0,0.0,0.0,0,0,825000.0,0.0,825000.0,825000.0,0.0,0.0,0.0,0.0,0.0,Stable,0,0,1,4,4,2,0,1,1,1,0,0,0,7,34,3.8918202981106265,6,9,54,517481.9375,2,3,0,0,0,0,0,1,0,0,0,0,0,0,1,0,0,0,0,0,0,1,0,1,0,0,1,0,0,0,0,0,1
R0035,3,2,2,2026-04-19 13:48:18,1350000.0,Up,1273200.0,1273200.0,825000.0,0.0,1,0,1049100.0,224100.0,825000.0,1273200.0,448200.0,448200.0,0.5432727272727272,448200.0,0.5432727272727272,Up,1,0,0,4,3,2,0,0,0,1,0,0,0,7,34,3.8918202981106265,6,9,54,517481.9375,2,3,0,0,0,0,0,1,0,0,0,0,0,0,1,0,0,0,0,0,0,1,0,1,0,0,1,0,0,0,0,0,2
R0035,4,3,3,2026-04-12 13:48:18,530000.0,Down,1350000.0,1350000.0,1273200.0,825000.0,1,1,1149400.0,231518.2930137487,825000.0,1350000.0,525000.0,76800.0,0.060320452403393024,76800.0,0.060320452403393024,Up,1,0,0,4,2,2,0,0,0,1,0,0,0,7,34,3.8918202981106265,6,9,54,517481.9375,2,3,0,0,0,0,0,1,0,0,0,0,0,0,1,0,0,0,0,0,0,1,0,1,0,0,1,0,0,0,0,0,2
R0036,2,1,1,2026-04-26 13:50:23,260000.0,Stable,260000.0,260000.0,0.0,0.0,0,0,260000.0,0.0,260000.0,260000.0,0.0,0.0,0.0,0.0,0.0,Stable,0,0,1,4,4,2,0,1,1,1,0,0,0,1,25,3.6888794541139363,5,6,30,739240.8333333334,0,1,1,0,0,0,0,0,0,0,0,1,1,0,0,0,0,0,0,0,0,1,0,0,1,1,0,0,1,0,0,0,1
R0036,3,2,2,2026-04-19 13:50:23,205000.0,Down,260000.0,260000.0,260000.0,0.0,1,0,260000.0,0.0,260000.0,260000.0,0.0,0.0,0.0,0.0,0.0,Stable,0,0,1,4,3,2,0,0,0,1,0,0,0,1,25,3.6888794541139363,5,6,30,739240.8333333334,0,1,1,0,0,0,0,0,0,0,0,1,1,0,0,0,0,0,0,0,0,1,0,0,1,1,0,0,1,0,0,0,1
R0036,4,3,3,2026-04-12 13:50:23,185000.0,Down,205000.0,205000.0,260000.0,260000.0,1,1,241666.66666666666,25927.248643506744,205000.0,260000.0,55000.0,-55000.0,-0.21153846153846154,-55000.0,-0.21153846153846154,Down,0,1,0,4,2,2,0,0,0,1,0,0,0,1,25,3.6888794541139363,5,6,30,739240.8333333334,0,1,1,0,0,0,0,0,0,0,0,1,1,0,0,0,0,0,0,0,0,1,0,0,1,1,0,0,1,0,0,0,0
R0037,2,1,1,2026-04-26 14:04:58,100000.0,Down,240000.0,240000.0,0.0,0.0,0,0,240000.0,0.0,240000.0,240000.0,0.0,0.0,0.0,0.0,0.0,Stable,0,0,1,4,4,2,0,1,1,1,0,0,2,5,31,3.044522437723423,3,6,18,550782.7152777778,0,3,0,0,0,0,0,0,0,0,0,1,0,0,1,0,0,1,0,0,0,1,0,0,0,0,1,0,0,0,1,0,1
R0037,3,2,2,2026-04-19 14:04:58,280000.0,Up,100000.0,100000.0,240000.0,0.0,1,0,170000.0,70000.0,100000.0,240000.0,140000.0,-140000.0,-0.5833333333333334,-140000.0,-0.5833333333333334,Down,0,1,0,4,3,2,0,0,0,1,0,0,2,5,31,3.044522437723423,3,6,18,550782.7152777778,0,3,0,0,0,0,0,0,0,0,0,1,0,0,1,0,0,1,0,0,0,1,0,0,0,0,1,0,0,0,1,0,0
R0037,4,3,3,2026-04-12 14:04:58,130000.0,Down,280000.0,280000.0,100000.0,240000.0,1,1,206666.66666666666,77172.2460186015,100000.0,280000.0,180000.0,180000.0,1.8,180000.0,1.8,Up,1,0,0,4,2,2,0,0,0,1,0,0,2,5,31,3.044522437723423,3,6,18,550782.7152777778,0,3,0,0,0,0,0,0,0,0,0,1,0,0,1,0,0,1,0,0,0,1,0,0,0,0,1,0,0,0,1,0,2
R0038,2,1,1,2026-04-26 14:35:05,930000.0,Up,500000.0,500000.0,0.0,0.0,0,0,500000.0,0.0,500000.0,500000.0,0.0,0.0,0.0,0.0,0.0,Stable,0,0,1,4,4,2,0,1,1,1,0,0,0,7,33,2.772588722239781,6,8,48,517481.9375,2,1,0,0,0,0,0,1,0,0,0,0,0,0,1,0,0,0,0,0,0,1,0,0,0,0,1,0,0,0,0,0,1
R0038,3,2,2,2026-04-19 14:35:05,775000.0,Down,930000.0,930000.0,500000.0,0.0,1,0,715000.0,215000.0,500000.0,930000.0,430000.0,430000.0,0.86,430000.0,0.86,Up,1,0,0,4,3,2,0,0,0,1,0,0,0,7,33,2.772588722239781,6,8,48,517481.9375,2,1,0,0,0,0,0,1,0,0,0,0,0,0,1,0,0,0,0,0,0,1,0,0,0,0,1,0,0,0,0,0,2
R0038,4,3,3,2026-04-12 14:35:05,760000.0,Stable,775000.0,775000.0,930000.0,500000.0,1,1,735000.0,177810.76082922166,500000.0,930000.0,430000.0,-155000.0,-0.16666666666666666,-155000.0,-0.16666666666666666,Down,0,1,0,4,2,2,0,0,0,1,0,0,0,7,33,2.772588722239781,6,8,48,517481.9375,2,1,0,0,0,0,0,1,0,0,0,0,0,0,1,0,0,0,0,0,0,1,0,0,0,0,1,0,0,0,0,0,0
R0039,2,1,1,2026-04-26 14:41:13,175000.0,Down,300000.0,300000.0,0.0,0.0,0,0,300000.0,0.0,300000.0,300000.0,0.0,0.0,0.0,0.0,0.0,Stable,0,0,1,4,4,2,0,1,1,1,0,0,0,7,24,2.3978952727983707,6,4,24,517481.9375,0,1,0,0,0,1,0,0,1,0,0,1,0,0,1,0,1,1,1,0,0,1,0,0,0,1,1,0,0,1,1,0,1
R0039,3,2,2,2026-04-19 14:41:13,195000.0,Up,175000.0,175000.0,300000.0,0.0,1,0,237500.0,62500.0,175000.0,300000.0,125000.0,-125000.0,-0.4166666666666667,-125000.0,-0.4166666666666667,Down,0,1,0,4,3,2,0,0,0,1,0,0,0,7,24,2.3978952727983707,6,4,24,517481.9375,0,1,0,0,0,1,0,0,1,0,0,1,0,0,1,0,1,1,1,0,0,1,0,0,0,1,1,0,0,1,1,0,0
R0039,4,3,3,2026-04-12 14:41:13,250000.0,Up,195000.0,195000.0,175000.0,300000.0,1,1,223333.33333333334,54822.947344661756,175000.0,300000.0,125000.0,20000.0,0.11428571428571428,20000.0,0.11428571428571428,Up,1,0,0,4,2,2,0,0,0,1,0,0,0,7,24,2.3978952727983707,6,4,24,517481.9375,0,1,0,0,0,1,0,0,1,0,0,1,0,0,1,0,1,1,1,0,0,1,0,0,0,1,1,0,0,1,1,0,2
R0040,2,1,1,2026-04-26 15:43:03,870000.0,Up,590000.0,590000.0,0.0,0.0,0,0,590000.0,0.0,590000.0,590000.0,0.0,0.0,0.0,0.0,0.0,Stable,0,0,1,4,4,2,0,1,1,1,0,0,1,0,37,2.833213344056216,7,7,49,518297.0,2,3,0,1,0,0,0,0,0,0,0,0,0,0,0,0,0,1,0,0,1,1,0,0,0,0,0,0,0,0,1,0,1
R0040,3,2,2,2026-04-19 15:43:03,600000.0,Down,870000.0,870000.0,590000.0,0.0,1,0,730000.0,140000.0,590000.0,870000.0,280000.0,280000.0,0.4745762711864407,280000.0,0.4745762711864407,Up,1,0,0,4,3,2,0,0,0,1,0,0,1,0,37,2.833213344056216,7,7,49,518297.0,2,3,0,1,0,0,0,0,0,0,0,0,0,0,0,0,0,1,0,0,1,1,0,0,0,0,0,0,0,0,1,0,2
R0040,4,3,3,2026-04-12 15:43:03,700000.0,Up,600000.0,600000.0,870000.0,590000.0,1,1,686666.6666666666,129700.50972229146,590000.0,870000.0,280000.0,-270000.0,-0.3103448275862069,-270000.0,-0.3103448275862069,Down,0,1,0,4,2,2,0,0,0,1,0,0,1,0,37,2.833213344056216,7,7,49,518297.0,2,3,0,1,0,0,0,0,0,0,0,0,0,0,0,0,0,1,0,0,1,1,0,0,0,0,0,0,0,0,1,0,0
R0041,2,1,1,2026-04-26 15:58:17,380000.0,Down,650000.0,650000.0,0.0,0.0,0,0,650000.0,0.0,650000.0,650000.0,0.0,0.0,0.0,0.0,0.0,Stable,0,0,1,4,4,2,0,1,1,1,0,0,1,1,35,2.4849066497880004,6,8,48,739240.8333333334,0,4,0,0,1,0,0,0,0,0,0,0,0,1,1,0,0,0,0,0,1,1,0,0,0,0,1,0,0,0,0,1,1
R0041,3,2,2,2026-04-19 15:58:17,575000.0,Up,380000.0,380000.0,650000.0,0.0,1,0,515000.0,135000.0,380000.0,650000.0,270000.0,-270000.0,-0.4153846153846154,-270000.0,-0.4153846153846154,Down,0,1,0,4,3,2,0,0,0,1,0,0,1,1,35,2.4849066497880004,6,8,48,739240.8333333334,0,4,0,0,1,0,0,0,0,0,0,0,0,1,1,0,0,0,0,0,1,1,0,0,0,0,1,0,0,0,0,1,0
R0041,4,3,3,2026-04-12 15:58:17,780000.0,Up,575000.0,575000.0,380000.0,650000.0,1,1,535000.0,113798.06676741042,380000.0,650000.0,270000.0,195000.0,0.5131578947368421,195000.0,0.5131578947368421,Up,1,0,0,4,2,2,0,0,0,1,0,0,1,1,35,2.4849066497880004,6,8,48,739240.8333333334,0,4,0,0,1,0,0,0,0,0,0,0,0,1,1,0,0,0,0,0,1,1,0,0,0,0,1,0,0,0,0,1,2
R0042,2,1,1,2026-04-26 16:07:52,390000.0,Down,425000.0,425000.0,0.0,0.0,0,0,425000.0,0.0,425000.0,425000.0,0.0,0.0,0.0,0.0,0.0,Stable,0,0,1,4,4,2,0,1,1,1,0,0,0,1,25,3.367295829986474,4,5,20,739240.8333333334,2,0,0,0,0,0,0,0,0,0,0,0,1,0,1,0,0,0,0,0,1,1,0,0,0,1,1,0,1,0,0,0,1
R0042,3,2,2,2026-04-19 16:07:52,510000.0,Up,390000.0,390000.0,425000.0,0.0,1,0,407500.0,17500.0,390000.0,425000.0,35000.0,-35000.0,-0.08235294117647059,-35000.0,-0.08235294117647059,Down,0,1,0,4,3,2,0,0,0,1,0,0,0,1,25,3.367295829986474,4,5,20,739240.8333333334,2,0,0,0,0,0,0,0,0,0,0,0,1,0,1,0,0,0,0,0,1,1,0,0,0,1,1,0,1,0,0,0,0
R0042,4,3,3,2026-04-12 16:07:52,470000.0,Down,510000.0,510000.0,390000.0,425000.0,1,1,441666.6666666667,50387.38819276991,390000.0,510000.0,120000.0,120000.0,0.3076923076923077,120000.0,0.3076923076923077,Up,1,0,0,4,2,2,0,0,0,1,0,0,0,1,25,3.367295829986474,4,5,20,739240.8333333334,2,0,0,0,0,0,0,0,0,0,0,0,1,0,1,0,0,0,0,0,1,1,0,0,0,1,1,0,1,0,0,0,2
R0043,2,1,1,2026-04-26 16:08:38,1135000.0,Up,1020000.0,1020000.0,0.0,0.0,0,0,1020000.0,0.0,1020000.0,1020000.0,0.0,0.0,0.0,0.0,0.0,Stable,0,0,1,4,4,2,0,1,1,1,0,0,1,1,35,1.3862943611198906,6,10,60,739240.8333333334,2,1,0,0,1,0,0,0,0,0,0,0,0,1,1,0,0,0,0,0,0,1,0,0,0,0,1,0,0,0,0,1,1
R0043,3,2,2,2026-04-19 16:08:38,60000.0,Down,1135000.0,1135000.0,1020000.0,0.0,1,0,1077500.0,57500.0,1020000.0,1135000.0,115000.0,115000.0,0.11274509803921569,115000.0,0.11274509803921569,Up,1,0,0,4,3,2,0,0,0,1,0,0,1,1,35,1.3862943611198906,6,10,60,739240.8333333334,2,1,0,0,1,0,0,0,0,0,0,0,0,1,1,0,0,0,0,0,0,1,0,0,0,0,1,0,0,0,0,1,2
R0043,4,3,3,2026-04-12 16:08:38,60000.0,Stable,60000.0,60000.0,1135000.0,1020000.0,1,1,738333.3333333334,481946.28561928164,60000.0,1135000.0,1075000.0,-1075000.0,-0.947136563876652,-1075000.0,-0.947136563876652,Down,0,1,0,4,2,2,0,0,0,1,0,0,1,1,35,1.3862943611198906,6,10,60,739240.8333333334,2,1,0,0,1,0,0,0,0,0,0,0,0,1,1,0,0,0,0,0,0,1,0,0,0,0,1,0,0,0,0,1,0
R0044,2,1,1,2026-04-26 16:17:51,500000.0,Up,360000.0,360000.0,0.0,0.0,0,0,360000.0,0.0,360000.0,360000.0,0.0,0.0,0.0,0.0,0.0,Stable,0,0,1,4,4,2,0,1,1,1,0,0,2,1,28,2.5649493574615367,5,8,40,739240.8333333334,2,4,0,0,0,0,0,0,0,0,0,1,0,1,1,0,0,1,0,0,0,1,0,0,0,0,1,0,0,0,1,1,1
R0044,3,2,2,2026-04-19 16:17:51,370000.0,Down,500000.0,500000.0,360000.0,0.0,1,0,430000.0,70000.0,360000.0,500000.0,140000.0,140000.0,0.3888888888888889,140000.0,0.3888888888888889,Up,1,0,0,4,3,2,0,0,0,1,0,0,2,1,28,2.5649493574615367,5,8,40,739240.8333333334,2,4,0,0,0,0,0,0,0,0,0,1,0,1,1,0,0,1,0,0,0,1,0,0,0,0,1,0,0,0,1,1,2
R0044,4,3,3,2026-04-12 16:17:51,530000.0,Up,370000.0,370000.0,500000.0,360000.0,1,1,410000.0,63770.42156569663,360000.0,500000.0,140000.0,-130000.0,-0.26,-130000.0,-0.26,Down,0,1,0,4,2,2,0,0,0,1,0,0,2,1,28,2.5649493574615367,5,8,40,739240.8333333334,2,4,0,0,0,0,0,0,0,0,0,1,0,1,1,0,0,1,0,0,0,1,0,0,0,0,1,0,0,0,1,1,0
R0045,2,1,1,2026-04-26 16:26:45,790000.0,Stable,760000.0,760000.0,0.0,0.0,0,0,760000.0,0.0,760000.0,760000.0,0.0,0.0,0.0,0.0,0.0,Stable,0,0,1,4,4,2,0,1,1,1,0,0,1,7,36,3.5553480614894135,6,7,42,517481.9375,2,4,0,1,0,0,0,0,0,0,0,0,0,0,1,0,0,0,0,0,0,1,0,0,0,0,1,0,0,0,0,0,1
R0045,3,2,2,2026-04-19 16:26:45,1130000.0,Up,790000.0,790000.0,760000.0,0.0,1,0,775000.0,15000.0,760000.0,790000.0,30000.0,30000.0,0.039473684210526314,30000.0,0.039473684210526314,Stable,0,0,1,4,3,2,0,0,0,1,0,0,1,7,36,3.5553480614894135,6,7,42,517481.9375,2,4,0,1,0,0,0,0,0,0,0,0,0,0,1,0,0,0,0,0,0,1,0,0,0,0,1,0,0,0,0,0,1
R0045,4,3,3,2026-04-12 16:26:45,1175000.0,Stable,1130000.0,1130000.0,790000.0,760000.0,1,1,893333.3333333334,167796.1726487096,760000.0,1130000.0,370000.0,340000.0,0.43037974683544306,340000.0,0.43037974683544306,Up,1,0,0,4,2,2,0,0,0,1,0,0,1,7,36,3.5553480614894135,6,7,42,517481.9375,2,4,0,1,0,0,0,0,0,0,0,0,0,0,1,0,0,0,0,0,0,1,0,0,0,0,1,0,0,0,0,0,2
R0046,2,1,1,2026-04-26 16:54:59,510000.0,Stable,505000.0,505000.0,0.0,0.0,0,0,505000.0,0.0,505000.0,505000.0,0.0,0.0,0.0,0.0,0.0,Stable,0,0,1,4,4,2,0,1,1,1,0,0,0,5,29,2.9444389791664403,7,9,63,550782.7152777778,2,1,0,0,0,0,0,1,0,0,0,0,0,0,0,1,1,0,0,0,1,1,0,1,0,0,0,1,0,1,0,0,1
R0046,3,2,2,2026-04-19 16:54:59,25000.0,Down,510000.0,510000.0,505000.0,0.0,1,0,507500.0,2500.0,505000.0,510000.0,5000.0,5000.0,0.009900990099009901,5000.0,0.009900990099009901,Stable,0,0,1,4,3,2,0,0,0,1,0,0,0,5,29,2.9444389791664403,7,9,63,550782.7152777778,2,1,0,0,0,0,0,1,0,0,0,0,0,0,0,1,1,0,0,0,1,1,0,1,0,0,0,1,0,1,0,0,1
R0046,4,3,3,2026-04-12 16:54:59,500000.0,Up,25000.0,25000.0,510000.0,505000.0,1,1,346666.6666666667,227461.84051152162,25000.0,510000.0,485000.0,-485000.0,-0.9509803921568627,-485000.0,-0.9509803921568627,Down,0,1,0,4,2,2,0,0,0,1,0,0,0,5,29,2.9444389791664403,7,9,63,550782.7152777778,2,1,0,0,0,0,0,1,0,0,0,0,0,0,0,1,1,0,0,0,1,1,0,1,0,0,0,1,0,1,0,0,0
R0047,2,1,1,2026-04-26 17:04:03,1273200.0,Stable,1320000.0,1320000.0,0.0,0.0,0,0,1320000.0,0.0,1320000.0,1320000.0,0.0,0.0,0.0,0.0,0.0,Stable,0,0,1,4,4,2,0,1,1,1,0,0,0,1,26,3.6635616461296463,4,7,28,739240.8333333334,1,1,1,0,0,0,0,0,0,0,0,1,1,0,1,0,0,0,0,0,1,1,0,0,0,1,1,0,1,0,0,0,1
R0047,3,2,2,2026-04-19 17:04:03,1200000.0,Down,1273200.0,1273200.0,1320000.0,0.0,1,0,1296600.0,23400.0,1273200.0,1320000.0,46800.0,-46800.0,-0.035454545454545454,-46800.0,-0.035454545454545454,Stable,0,0,1,4,3,2,0,0,0,1,0,0,0,1,26,3.6635616461296463,4,7,28,739240.8333333334,1,1,1,0,0,0,0,0,0,0,0,1,1,0,1,0,0,0,0,0,1,1,0,0,0,1,1,0,1,0,0,0,1
R0047,4,3,3,2026-04-12 17:04:03,630000.0,Down,1200000.0,1200000.0,1273200.0,1320000.0,1,1,1264400.0,49383.398019982385,1200000.0,1320000.0,120000.0,-73200.0,-0.057492931196983975,-73200.0,-0.057492931196983975,Down,0,1,0,4,2,2,0,0,0,1,0,0,0,1,26,3.6635616461296463,4,7,28,739240.8333333334,1,1,1,0,0,0,0,0,0,0,0,1,1,0,1,0,0,0,0,0,1,1,0,0,0,1,1,0,1,0,0,0,0
R0048,2,1,1,2026-04-26 17:04:33,560000.0,Down,890000.0,890000.0,0.0,0.0,0,0,890000.0,0.0,890000.0,890000.0,0.0,0.0,0.0,0.0,0.0,Stable,0,0,1,4,4,2,0,1,1,1,0,0,1,1,43,3.4657359027997265,6,9,54,739240.8333333334,2,0,0,0,1,0,0,0,0,0,0,0,0,0,0,0,0,0,0,0,0,1,0,0,1,0,0,0,0,0,0,0,1
R0048,3,2,2,2026-04-19 17:04:33,1105000.0,Up,560000.0,560000.0,890000.0,0.0,1,0,725000.0,165000.0,560000.0,890000.0,330000.0,-330000.0,-0.3707865168539326,-330000.0,-0.3707865168539326,Down,0,1,0,4,3,2,0,0,0,1,0,0,1,1,43,3.4657359027997265,6,9,54,739240.8333333334,2,0,0,0,1,0,0,0,0,0,0,0,0,0,0,0,0,0,0,0,0,1,0,0,1,0,0,0,0,0,0,0,0
R0048,4,3,3,2026-04-12 17:04:33,740000.0,Down,1105000.0,1105000.0,560000.0,890000.0,1,1,851666.6666666666,224140.33302573833,560000.0,1105000.0,545000.0,545000.0,0.9732142857142857,545000.0,0.9732142857142857,Up,1,0,0,4,2,2,0,0,0,1,0,0,1,1,43,3.4657359027997265,6,9,54,739240.8333333334,2,0,0,0,1,0,0,0,0,0,0,0,0,0,0,0,0,0,0,0,0,1,0,0,1,0,0,0,0,0,0,0,2
R0049,2,1,1,2026-04-26 17:11:02,200000.0,Down,225000.0,225000.0,0.0,0.0,0,0,225000.0,0.0,225000.0,225000.0,0.0,0.0,0.0,0.0,0.0,Stable,0,0,1,4,4,2,0,1,1,1,0,0,0,5,27,2.1972245773362196,5,4,20,550782.7152777778,0,0,0,0,0,0,0,0,0,0,0,1,0,1,0,0,0,0,0,0,0,1,0,0,0,1,0,0,0,0,0,1,1
R0049,3,2,2,2026-04-19 17:11:02,170000.0,Down,200000.0,200000.0,225000.0,0.0,1,0,212500.0,12500.0,200000.0,225000.0,25000.0,-25000.0,-0.1111111111111111,-25000.0,-0.1111111111111111,Down,0,1,0,4,3,2,0,0,0,1,0,0,0,5,27,2.1972245773362196,5,4,20,550782.7152777778,0,0,0,0,0,0,0,0,0,0,0,1,0,1,0,0,0,0,0,0,0,1,0,0,0,1,0,0,0,0,0,1,0
R0049,4,3,3,2026-04-12 17:11:02,210000.0,Up,170000.0,170000.0,200000.0,225000.0,1,1,198333.33333333334,22484.562605386738,170000.0,225000.0,55000.0,-30000.0,-0.15,-30000.0,-0.15,Down,0,1,0,4,2,2,0,0,0,1,0,0,0,5,27,2.1972245773362196,5,4,20,550782.7152777778,0,0,0,0,0,0,0,0,0,0,0,1,0,1,0,0,0,0,0,0,0,1,0,0,0,1,0,0,0,0,0,1,0
R0050,2,1,1,2026-04-26 17:18:10,625000.0,Up,525000.0,525000.0,0.0,0.0,0,0,525000.0,0.0,525000.0,525000.0,0.0,0.0,0.0,0.0,0.0,Stable,0,0,1,4,4,2,0,1,1,1,0,0,0,1,29,0.6931471805599453,6,7,42,739240.8333333334,1,2,0,0,0,1,0,0,1,0,0,0,0,0,1,1,1,0,0,0,0,1,0,1,0,1,1,1,0,1,0,0,1
R0050,3,2,2,2026-04-19 17:18:10,715000.0,Up,625000.0,625000.0,525000.0,0.0,1,0,575000.0,50000.0,525000.0,625000.0,100000.0,100000.0,0.19047619047619047,100000.0,0.19047619047619047,Up,1,0,0,4,3,2,0,0,0,1,0,0,0,1,29,0.6931471805599453,6,7,42,739240.8333333334,1,2,0,0,0,1,0,0,1,0,0,0,0,0,1,1,1,0,0,0,0,1,0,1,0,1,1,1,0,1,0,0,2
R0050,4,3,3,2026-04-12 17:18:10,760000.0,Up,715000.0,715000.0,625000.0,525000.0,1,1,621666.6666666666,77602.97817881877,525000.0,715000.0,190000.0,90000.0,0.144,90000.0,0.144,Up,1,0,0,4,2,2,0,0,0,1,0,0,0,1,29,0.6931471805599453,6,7,42,739240.8333333334,1,2,0,0,0,1,0,0,1,0,0,0,0,0,1,1,1,0,0,0,0,1,0,1,0,1,1,1,0,1,0,0,2
R0051,2,1,1,2026-04-26 17:21:35,970000.0,Up,450000.0,450000.0,0.0,0.0,0,0,450000.0,0.0,450000.0,450000.0,0.0,0.0,0.0,0.0,0.0,Stable,0,0,1,4,4,2,0,1,1,1,0,0,1,0,38,2.833213344056216,7,10,70,518297.0,2,4,0,1,0,0,0,0,0,0,0,0,0,0,1,0,0,0,0,0,1,1,0,0,0,0,1,0,0,0,0,0,1
R0051,3,2,2,2026-04-19 17:21:35,550000.0,Down,970000.0,970000.0,450000.0,0.0,1,0,710000.0,260000.0,450000.0,970000.0,520000.0,520000.0,1.1555555555555554,520000.0,1.1555555555555554,Up,1,0,0,4,3,2,0,0,0,1,0,0,1,0,38,2.833213344056216,7,10,70,518297.0,2,4,0,1,0,0,0,0,0,0,0,0,0,0,1,0,0,0,0,0,1,1,0,0,0,0,1,0,0,0,0,0,2
R0051,4,3,3,2026-04-12 17:21:35,300000.0,Down,550000.0,550000.0,970000.0,450000.0,1,1,656666.6666666666,225289.936649544,450000.0,970000.0,520000.0,-420000.0,-0.4329896907216495,-420000.0,-0.4329896907216495,Down,0,1,0,4,2,2,0,0,0,1,0,0,1,0,38,2.833213344056216,7,10,70,518297.0,2,4,0,1,0,0,0,0,0,0,0,0,0,0,1,0,0,0,0,0,1,1,0,0,0,0,1,0,0,0,0,0,0
R0052,2,1,1,2026-04-26 17:28:10,150000.0,Down,270000.0,270000.0,0.0,0.0,0,0,270000.0,0.0,270000.0,270000.0,0.0,0.0,0.0,0.0,0.0,Stable,0,0,1,4,4,2,0,1,1,1,0,0,0,5,18,3.6109179126442243,3,4,12,550782.7152777778,2,3,0,0,0,1,0,0,1,0,0,1,1,1,1,0,0,0,0,0,0,1,0,0,0,1,1,0,1,0,0,1,1
R0052,3,2,2,2026-04-19 17:28:10,550000.0,Up,150000.0,150000.0,270000.0,0.0,1,0,210000.0,60000.0,150000.0,270000.0,120000.0,-120000.0,-0.4444444444444444,-120000.0,-0.4444444444444444,Down,0,1,0,4,3,2,0,0,0,1,0,0,0,5,18,3.6109179126442243,3,4,12,550782.7152777778,2,3,0,0,0,1,0,0,1,0,0,1,1,1,1,0,0,0,0,0,0,1,0,0,0,1,1,0,1,0,0,1,0
R0052,4,3,3,2026-04-12 17:28:10,185000.0,Down,550000.0,550000.0,150000.0,270000.0,1,1,323333.3333333333,167597.40119968713,150000.0,550000.0,400000.0,400000.0,2.6666666666666665,400000.0,2.6666666666666665,Up,1,0,0,4,2,2,0,0,0,1,0,0,0,5,18,3.6109179126442243,3,4,12,550782.7152777778,2,3,0,0,0,1,0,0,1,0,0,1,1,1,1,0,0,0,0,0,0,1,0,0,0,1,1,0,1,0,0,1,2
R0053,2,1,1,2026-04-26 17:33:10,395000.0,Down,700000.0,700000.0,0.0,0.0,0,0,700000.0,0.0,700000.0,700000.0,0.0,0.0,0.0,0.0,0.0,Stable,0,0,1,4,4,2,0,1,1,1,0,0,1,3,33,2.70805020110221,6,9,54,460955.5,2,4,0,1,1,0,0,0,0,0,0,0,0,0,0,0,1,1,0,0,0,1,0,0,1,0,0,0,0,1,1,0,1
R0053,3,2,2,2026-04-19 17:33:10,475000.0,Up,395000.0,395000.0,700000.0,0.0,1,0,547500.0,152500.0,395000.0,700000.0,305000.0,-305000.0,-0.4357142857142857,-305000.0,-0.4357142857142857,Down,0,1,0,4,3,2,0,0,0,1,0,0,1,3,33,2.70805020110221,6,9,54,460955.5,2,4,0,1,1,0,0,0,0,0,0,0,0,0,0,0,1,1,0,0,0,1,0,0,1,0,0,0,0,1,1,0,0
R0053,4,3,3,2026-04-12 17:33:10,940000.0,Up,475000.0,475000.0,395000.0,700000.0,1,1,523333.3333333333,129120.9596549771,395000.0,700000.0,305000.0,80000.0,0.20253164556962025,80000.0,0.20253164556962025,Up,1,0,0,4,2,2,0,0,0,1,0,0,1,3,33,2.70805020110221,6,9,54,460955.5,2,4,0,1,1,0,0,0,0,0,0,0,0,0,0,0,1,1,0,0,0,1,0,0,1,0,0,0,0,1,1,0,2
R0054,2,1,1,2026-04-26 17:33:29,365000.0,Down,750000.0,750000.0,0.0,0.0,0,0,750000.0,0.0,750000.0,750000.0,0.0,0.0,0.0,0.0,0.0,Stable,0,0,1,4,4,2,0,1,1,1,0,0,0,0,26,3.6635616461296463,4,7,28,518297.0,0,0,1,0,0,1,0,0,1,0,0,0,1,0,1,0,0,1,0,0,0,1,0,0,1,0,1,0,1,0,1,0,1
R0054,3,2,2,2026-04-19 17:33:29,630000.0,Up,365000.0,365000.0,750000.0,0.0,1,0,557500.0,192500.0,365000.0,750000.0,385000.0,-385000.0,-0.5133333333333333,-385000.0,-0.5133333333333333,Down,0,1,0,4,3,2,0,0,0,1,0,0,0,0,26,3.6635616461296463,4,7,28,518297.0,0,0,1,0,0,1,0,0,1,0,0,0,1,0,1,0,0,1,0,0,0,1,0,0,1,0,1,0,1,0,1,0,0
R0054,4,3,3,2026-04-12 17:33:29,590000.0,Down,630000.0,630000.0,365000.0,750000.0,1,1,581666.6666666666,160848.4448859305,365000.0,750000.0,385000.0,265000.0,0.726027397260274,265000.0,0.726027397260274,Up,1,0,0,4,2,2,0,0,0,1,0,0,0,0,26,3.6635616461296463,4,7,28,518297.0,0,0,1,0,0,1,0,0,1,0,0,0,1,0,1,0,0,1,0,0,0,1,0,0,1,0,1,0,1,0,1,0,2
R0055,2,1,1,2026-04-26 18:08:39,980000.0,Up,555000.0,555000.0,0.0,0.0,0,0,555000.0,0.0,555000.0,555000.0,0.0,0.0,0.0,0.0,0.0,Stable,0,0,1,4,4,2,0,1,1,1,0,0,2,5,43,3.8501476017100584,5,7,35,550782.7152777778,2,0,0,0,0,0,0,0,0,0,0,1,0,1,1,0,0,1,1,0,0,1,0,0,0,0,1,0,0,0,1,1,1
R0055,3,2,2,2026-04-19 18:08:39,555000.0,Down,980000.0,980000.0,555000.0,0.0,1,0,767500.0,212500.0,555000.0,980000.0,425000.0,425000.0,0.7657657657657657,425000.0,0.7657657657657657,Up,1,0,0,4,3,2,0,0,0,1,0,0,2,5,43,3.8501476017100584,5,7,35,550782.7152777778,2,0,0,0,0,0,0,0,0,0,0,1,0,1,1,0,0,1,1,0,0,1,0,0,0,0,1,0,0,0,1,1,2
R0055,4,3,3,2026-04-12 18:08:39,590000.0,Up,555000.0,555000.0,980000.0,555000.0,1,1,696666.6666666666,200346.92133618845,555000.0,980000.0,425000.0,-425000.0,-0.4336734693877551,-425000.0,-0.4336734693877551,Down,0,1,0,4,2,2,0,0,0,1,0,0,2,5,43,3.8501476017100584,5,7,35,550782.7152777778,2,0,0,0,0,0,0,0,0,0,0,1,0,1,1,0,0,1,1,0,0,1,0,0,0,0,1,0,0,0,1,1,0
R0056,2,1,1,2026-04-26 18:10:48,250000.0,Down,750000.0,750000.0,0.0,0.0,0,0,750000.0,0.0,750000.0,750000.0,0.0,0.0,0.0,0.0,0.0,Stable,0,0,1,4,4,2,0,1,1,1,0,0,0,5,22,2.1972245773362196,6,7,42,550782.7152777778,1,0,0,0,0,1,0,0,1,0,0,0,0,0,0,1,0,1,0,0,0,1,0,0,0,1,0,1,0,0,1,0,1
R0056,3,2,2,2026-04-19 18:10:48,450000.0,Up,250000.0,250000.0,750000.0,0.0,1,0,500000.0,250000.0,250000.0,750000.0,500000.0,-500000.0,-0.6666666666666666,-500000.0,-0.6666666666666666,Down,0,1,0,4,3,2,0,0,0,1,0,0,0,5,22,2.1972245773362196,6,7,42,550782.7152777778,1,0,0,0,0,1,0,0,1,0,0,0,0,0,0,1,0,1,0,0,0,1,0,0,0,1,0,1,0,0,1,0,0
R0056,4,3,3,2026-04-12 18:10:48,225000.0,Down,450000.0,450000.0,250000.0,750000.0,1,1,483333.3333333333,205480.46676563253,250000.0,750000.0,500000.0,200000.0,0.8,200000.0,0.8,Up,1,0,0,4,2,2,0,0,0,1,0,0,0,5,22,2.1972245773362196,6,7,42,550782.7152777778,1,0,0,0,0,1,0,0,1,0,0,0,0,0,0,1,0,1,0,0,0,1,0,0,0,1,0,1,0,0,1,0,2
R0057,2,1,1,2026-04-26 18:25:46,310000.0,Up,140000.0,140000.0,0.0,0.0,0,0,140000.0,0.0,140000.0,140000.0,0.0,0.0,0.0,0.0,0.0,Stable,0,0,1,4,4,2,0,1,1,1,0,0,2,5,20,3.2188758248682006,7,6,42,550782.7152777778,2,0,0,0,0,0,0,0,0,0,0,1,0,0,1,0,0,1,1,0,0,1,0,0,0,0,1,0,0,0,1,0,1
R0057,3,2,2,2026-04-19 18:25:46,340000.0,Up,310000.0,310000.0,140000.0,0.0,1,0,225000.0,85000.0,140000.0,310000.0,170000.0,170000.0,1.2142857142857142,170000.0,1.2142857142857142,Up,1,0,0,4,3,2,0,0,0,1,0,0,2,5,20,3.2188758248682006,7,6,42,550782.7152777778,2,0,0,0,0,0,0,0,0,0,0,1,0,0,1,0,0,1,1,0,0,1,0,0,0,0,1,0,0,0,1,0,2
R0057,4,3,3,2026-04-12 18:25:46,240000.0,Down,340000.0,340000.0,310000.0,140000.0,1,1,263333.3333333333,88065.63209081937,140000.0,340000.0,200000.0,30000.0,0.0967741935483871,30000.0,0.0967741935483871,Up,1,0,0,4,2,2,0,0,0,1,0,0,2,5,20,3.2188758248682006,7,6,42,550782.7152777778,2,0,0,0,0,0,0,0,0,0,0,1,0,0,1,0,0,1,1,0,0,1,0,0,0,0,1,0,0,0,1,0,2
R0058,2,1,1,2026-04-26 18:39:52,250000.0,Down,330000.0,330000.0,0.0,0.0,0,0,330000.0,0.0,330000.0,330000.0,0.0,0.0,0.0,0.0,0.0,Stable,0,0,1,4,4,2,0,1,1,1,0,0,2,5,29,3.4011973816621555,7,10,70,550782.7152777778,2,3,0,0,0,0,0,0,0,0,0,1,0,1,0,0,0,0,0,0,0,1,0,0,0,0,0,0,0,0,0,1,1
R0058,3,2,2,2026-04-19 18:39:52,225000.0,Down,250000.0,250000.0,330000.0,0.0,1,0,290000.0,40000.0,250000.0,330000.0,80000.0,-80000.0,-0.24242424242424243,-80000.0,-0.24242424242424243,Down,0,1,0,4,3,2,0,0,0,1,0,0,2,5,29,3.4011973816621555,7,10,70,550782.7152777778,2,3,0,0,0,0,0,0,0,0,0,1,0,1,0,0,0,0,0,0,0,1,0,0,0,0,0,0,0,0,0,1,0
R0058,4,3,3,2026-04-12 18:39:52,660000.0,Up,225000.0,225000.0,250000.0,330000.0,1,1,268333.3333333333,44783.429475148005,225000.0,330000.0,105000.0,-25000.0,-0.1,-25000.0,-0.1,Down,0,1,0,4,2,2,0,0,0,1,0,0,2,5,29,3.4011973816621555,7,10,70,550782.7152777778,2,3,0,0,0,0,0,0,0,0,0,1,0,1,0,0,0,0,0,0,0,1,0,0,0,0,0,0,0,0,0,1,0
R0059,2,1,1,2026-04-26 18:48:10,480000.0,Up,440000.0,440000.0,0.0,0.0,0,0,440000.0,0.0,440000.0,440000.0,0.0,0.0,0.0,0.0,0.0,Stable,0,0,1,4,4,2,0,1,1,1,0,0,0,5,21,3.091042453358316,6,9,54,550782.7152777778,2,1,0,0,0,0,0,1,0,0,0,0,0,1,0,1,1,0,0,0,0,1,0,1,0,0,0,1,0,1,0,1,1
R0059,3,2,2,2026-04-19 18:48:10,450000.0,Down,480000.0,480000.0,440000.0,0.0,1,0,460000.0,20000.0,440000.0,480000.0,40000.0,40000.0,0.09090909090909091,40000.0,0.09090909090909091,Up,1,0,0,4,3,2,0,0,0,1,0,0,0,5,21,3.091042453358316,6,9,54,550782.7152777778,2,1,0,0,0,0,0,1,0,0,0,0,0,1,0,1,1,0,0,0,0,1,0,1,0,0,0,1,0,1,0,1,2
R0059,4,3,3,2026-04-12 18:48:10,475000.0,Up,450000.0,450000.0,480000.0,440000.0,1,1,456666.6666666667,16996.73171197595,440000.0,480000.0,40000.0,-30000.0,-0.0625,-30000.0,-0.0625,Down,0,1,0,4,2,2,0,0,0,1,0,0,0,5,21,3.091042453358316,6,9,54,550782.7152777778,2,1,0,0,0,0,0,1,0,0,0,0,0,1,0,1,1,0,0,0,0,1,0,1,0,0,0,1,0,1,0,1,0
R0060,2,1,1,2026-04-26 18:48:50,575000.0,Stable,590000.0,590000.0,0.0,0.0,0,0,590000.0,0.0,590000.0,590000.0,0.0,0.0,0.0,0.0,0.0,Stable,0,0,1,4,4,2,0,1,1,1,0,0,0,1,21,2.9444389791664403,2,5,10,739240.8333333334,1,4,0,0,0,0,0,0,0,0,0,1,0,1,1,0,0,0,0,0,0,1,1,0,0,0,1,0,0,0,0,1,1
R0060,3,2,2,2026-04-19 18:48:50,870000.0,Up,575000.0,575000.0,590000.0,0.0,1,0,582500.0,7500.0,575000.0,590000.0,15000.0,-15000.0,-0.025423728813559324,-15000.0,-0.025423728813559324,Stable,0,0,1,4,3,2,0,0,0,1,0,0,0,1,21,2.9444389791664403,2,5,10,739240.8333333334,1,4,0,0,0,0,0,0,0,0,0,1,0,1,1,0,0,0,0,0,0,1,1,0,0,0,1,0,0,0,0,1,1
R0060,4,3,3,2026-04-12 18:48:50,625000.0,Down,870000.0,870000.0,575000.0,590000.0,1,1,678333.3333333334,135667.07616645814,575000.0,870000.0,295000.0,295000.0,0.5130434782608696,295000.0,0.5130434782608696,Up,1,0,0,4,2,2,0,0,0,1,0,0,0,1,21,2.9444389791664403,2,5,10,739240.8333333334,1,4,0,0,0,0,0,0,0,0,0,1,0,1,1,0,0,0,0,0,0,1,1,0,0,0,1,0,0,0,0,1,2
R0061,2,1,1,2026-04-26 19:09:34,350000.0,Up,130000.0,130000.0,0.0,0.0,0,0,130000.0,0.0,130000.0,130000.0,0.0,0.0,0.0,0.0,0.0,Stable,0,0,1,4,4,2,0,1,1,1,0,0,2,3,51,2.995732273553991,5,7,35,460955.5,1,2,0,0,0,0,0,0,0,0,0,1,0,0,1,0,0,0,0,0,0,1,1,0,0,0,1,0,0,0,0,0,1
R0061,3,2,2,2026-04-19 19:09:34,120000.0,Down,350000.0,350000.0,130000.0,0.0,1,0,240000.0,110000.0,130000.0,350000.0,220000.0,220000.0,1.6923076923076923,220000.0,1.6923076923076923,Up,1,0,0,4,3,2,0,0,0,1,0,0,2,3,51,2.995732273553991,5,7,35,460955.5,1,2,0,0,0,0,0,0,0,0,0,1,0,0,1,0,0,0,0,0,0,1,1,0,0,0,1,0,0,0,0,0,2
R0061,4,3,3,2026-04-12 19:09:34,310000.0,Up,120000.0,120000.0,350000.0,130000.0,1,1,200000.0,106144.55552060438,120000.0,350000.0,230000.0,-230000.0,-0.6571428571428571,-230000.0,-0.6571428571428571,Down,0,1,0,4,2,2,0,0,0,1,0,0,2,3,51,2.995732273553991,5,7,35,460955.5,1,2,0,0,0,0,0,0,0,0,0,1,0,0,1,0,0,0,0,0,0,1,1,0,0,0,1,0,0,0,0,0,0
R0062,2,1,1,2026-04-26 19:33:30,725000.0,Up,345000.0,345000.0,0.0,0.0,0,0,345000.0,0.0,345000.0,345000.0,0.0,0.0,0.0,0.0,0.0,Stable,0,0,1,4,4,2,0,1,1,1,0,0,0,6,21,2.639057329615259,3,6,18,559306.0,1,2,0,0,0,1,0,0,1,0,0,0,1,0,0,0,0,0,0,0,0,1,0,0,0,0,0,0,1,0,0,0,1
R0062,3,2,2,2026-04-19 19:33:30,650000.0,Down,725000.0,725000.0,345000.0,0.0,1,0,535000.0,190000.0,345000.0,725000.0,380000.0,380000.0,1.1014492753623188,380000.0,1.1014492753623188,Up,1,0,0,4,3,2,0,0,0,1,0,0,0,6,21,2.639057329615259,3,6,18,559306.0,1,2,0,0,0,1,0,0,1,0,0,0,1,0,0,0,0,0,0,0,0,1,0,0,0,0,0,0,1,0,0,0,2
R0062,4,3,3,2026-04-12 19:33:30,480000.0,Down,650000.0,650000.0,725000.0,345000.0,1,1,573333.3333333334,164333.67139924658,345000.0,725000.0,380000.0,-75000.0,-0.10344827586206896,-75000.0,-0.10344827586206896,Down,0,1,0,4,2,2,0,0,0,1,0,0,0,6,21,2.639057329615259,3,6,18,559306.0,1,2,0,0,0,1,0,0,1,0,0,0,1,0,0,0,0,0,0,0,0,1,0,0,0,0,0,0,1,0,0,0,0
R0063,2,1,1,2026-04-26 19:38:25,900000.0,Up,510000.0,510000.0,0.0,0.0,0,0,510000.0,0.0,510000.0,510000.0,0.0,0.0,0.0,0.0,0.0,Stable,0,0,1,4,4,2,0,1,1,1,0,0,1,2,29,3.8501476017100584,7,7,49,442180.75,1,1,0,1,0,0,0,0,0,0,0,0,0,1,0,0,1,0,0,0,1,1,0,0,0,0,0,0,0,1,0,1,1
R0063,3,2,2,2026-04-19 19:38:25,375000.0,Down,900000.0,900000.0,510000.0,0.0,1,0,705000.0,195000.0,510000.0,900000.0,390000.0,390000.0,0.7647058823529411,390000.0,0.7647058823529411,Up,1,0,0,4,3,2,0,0,0,1,0,0,1,2,29,3.8501476017100584,7,7,49,442180.75,1,1,0,1,0,0,0,0,0,0,0,0,0,1,0,0,1,0,0,0,1,1,0,0,0,0,0,0,0,1,0,1,2
R0063,4,3,3,2026-04-12 19:38:25,1000000.0,Up,375000.0,375000.0,900000.0,510000.0,1,1,595000.0,222598.29289552066,375000.0,900000.0,525000.0,-525000.0,-0.5833333333333334,-525000.0,-0.5833333333333334,Down,0,1,0,4,2,2,0,0,0,1,0,0,1,2,29,3.8501476017100584,7,7,49,442180.75,1,1,0,1,0,0,0,0,0,0,0,0,0,1,0,0,1,0,0,0,1,1,0,0,0,0,0,0,0,1,0,1,0
R0064,2,1,1,2026-04-26 19:42:32,650000.0,Up,500000.0,500000.0,0.0,0.0,0,0,500000.0,0.0,500000.0,500000.0,0.0,0.0,0.0,0.0,0.0,Stable,0,0,1,4,4,2,0,1,1,1,0,0,1,0,31,2.772588722239781,6,11,66,518297.0,2,1,0,0,1,0,0,0,0,0,0,0,0,1,1,0,0,0,0,0,1,1,0,0,0,0,1,0,0,0,0,1,1
R0064,3,2,2,2026-04-19 19:42:32,665000.0,Stable,650000.0,650000.0,500000.0,0.0,1,0,575000.0,75000.0,500000.0,650000.0,150000.0,150000.0,0.3,150000.0,0.3,Up,1,0,0,4,3,2,0,0,0,1,0,0,1,0,31,2.772588722239781,6,11,66,518297.0,2,1,0,0,1,0,0,0,0,0,0,0,0,1,1,0,0,0,0,0,1,1,0,0,0,0,1,0,0,0,0,1,2
R0064,4,3,3,2026-04-12 19:42:32,565000.0,Down,665000.0,665000.0,650000.0,500000.0,1,1,605000.0,74498.3221287567,500000.0,665000.0,165000.0,15000.0,0.023076923076923078,15000.0,0.023076923076923078,Stable,0,0,1,4,2,2,0,0,0,1,0,0,1,0,31,2.772588722239781,6,11,66,518297.0,2,1,0,0,1,0,0,0,0,0,0,0,0,1,1,0,0,0,0,0,1,1,0,0,0,0,1,0,0,0,0,1,1
R0065,2,1,1,2026-04-26 19:46:51,80000.0,Down,115000.0,115000.0,0.0,0.0,0,0,115000.0,0.0,115000.0,115000.0,0.0,0.0,0.0,0.0,0.0,Stable,0,0,1,4,4,2,0,1,1,1,0,0,0,7,24,3.4965075614664802,4,7,28,517481.9375,0,3,0,0,0,1,0,1,1,1,0,0,0,0,1,1,0,0,0,0,0,1,0,0,0,0,1,1,0,0,0,0,1
R0065,3,2,2,2026-04-19 19:46:51,50000.0,Down,80000.0,80000.0,115000.0,0.0,1,0,97500.0,17500.0,80000.0,115000.0,35000.0,-35000.0,-0.30434782608695654,-35000.0,-0.30434782608695654,Down,0,1,0,4,3,2,0,0,0,1,0,0,0,7,24,3.4965075614664802,4,7,28,517481.9375,0,3,0,0,0,1,0,1,1,1,0,0,0,0,1,1,0,0,0,0,0,1,0,0,0,0,1,1,0,0,0,0,0
R0065,4,3,3,2026-04-12 19:46:51,80000.0,Up,50000.0,50000.0,80000.0,115000.0,1,1,81666.66666666667,26562.29575084871,50000.0,115000.0,65000.0,-30000.0,-0.375,-30000.0,-0.375,Down,0,1,0,4,2,2,0,0,0,1,0,0,0,7,24,3.4965075614664802,4,7,28,517481.9375,0,3,0,0,0,1,0,1,1,1,0,0,0,0,1,1,0,0,0,0,0,1,0,0,0,0,1,1,0,0,0,0,0
R0066,2,1,1,2026-04-26 20:04:51,16800.0,Down,230000.0,230000.0,0.0,0.0,0,0,230000.0,0.0,230000.0,230000.0,0.0,0.0,0.0,0.0,0.0,Stable,0,0,1,4,4,2,0,1,1,1,0,0,0,7,27,1.9459101490553132,2,5,10,517481.9375,1,4,0,0,0,1,0,0,1,0,0,1,0,1,1,0,0,0,0,0,0,1,0,0,0,1,1,0,0,0,0,1,1
R0066,3,2,2,2026-04-19 20:04:51,300000.0,Up,16800.0,16800.0,230000.0,0.0,1,0,123400.0,106600.0,16800.0,230000.0,213200.0,-213200.0,-0.9269565217391305,-213200.0,-0.9269565217391305,Down,0,1,0,4,3,2,0,0,0,1,0,0,0,7,27,1.9459101490553132,2,5,10,517481.9375,1,4,0,0,0,1,0,0,1,0,0,1,0,1,1,0,0,0,0,0,0,1,0,0,0,1,1,0,0,0,0,1,0
R0066,4,3,3,2026-04-12 20:04:51,200000.0,Down,300000.0,300000.0,16800.0,230000.0,1,1,182266.66666666666,120442.0007952191,16800.0,300000.0,283200.0,283200.0,16.857142857142858,283200.0,16.857142857142858,Up,1,0,0,4,2,2,0,0,0,1,0,0,0,7,27,1.9459101490553132,2,5,10,517481.9375,1,4,0,0,0,1,0,0,1,0,0,1,0,1,1,0,0,0,0,0,0,1,0,0,0,1,1,0,0,0,0,1,2
R0067,2,1,1,2026-04-26 20:20:55,275000.0,Stable,270000.0,270000.0,0.0,0.0,0,0,270000.0,0.0,270000.0,270000.0,0.0,0.0,0.0,0.0,0.0,Stable,0,0,1,4,4,2,0,1,1,1,0,0,0,5,25,3.2188758248682006,3,8,24,550782.7152777778,1,4,0,0,0,0,0,0,0,0,0,1,1,0,1,0,0,0,0,0,0,1,0,0,1,0,1,0,1,0,0,0,1
R0067,3,2,2,2026-04-19 20:20:55,250000.0,Down,275000.0,275000.0,270000.0,0.0,1,0,272500.0,2500.0,270000.0,275000.0,5000.0,5000.0,0.018518518518518517,5000.0,0.018518518518518517,Stable,0,0,1,4,3,2,0,0,0,1,0,0,0,5,25,3.2188758248682006,3,8,24,550782.7152777778,1,4,0,0,0,0,0,0,0,0,0,1,1,0,1,0,0,0,0,0,0,1,0,0,1,0,1,0,1,0,0,0,1
R0067,4,3,3,2026-04-12 20:20:55,280000.0,Up,250000.0,250000.0,275000.0,270000.0,1,1,265000.0,10801.234497346433,250000.0,275000.0,25000.0,-25000.0,-0.09090909090909091,-25000.0,-0.09090909090909091,Down,0,1,0,4,2,2,0,0,0,1,0,0,0,5,25,3.2188758248682006,3,8,24,550782.7152777778,1,4,0,0,0,0,0,0,0,0,0,1,1,0,1,0,0,0,0,0,0,1,0,0,1,0,1,0,1,0,0,0,0
R0068,2,1,1,2026-04-26 20:27:16,1040000.0,Down,1336200.0,1336200.0,0.0,0.0,0,0,1336200.0,0.0,1336200.0,1336200.0,0.0,0.0,0.0,0.0,0.0,Stable,0,0,1,4,4,2,0,1,1,1,0,0,1,2,32,4.189654742026425,7,7,49,442180.75,2,1,0,1,1,0,0,0,0,0,0,0,0,0,1,0,0,0,0,1,1,1,0,0,0,0,1,0,0,0,0,0,1
R0068,3,2,2,2026-04-19 20:27:16,1350000.0,Up,1040000.0,1040000.0,1336200.0,0.0,1,0,1188100.0,148100.0,1040000.0,1336200.0,296200.0,-296200.0,-0.2216734021853016,-296200.0,-0.2216734021853016,Down,0,1,0,4,3,2,0,0,0,1,0,0,1,2,32,4.189654742026425,7,7,49,442180.75,2,1,0,1,1,0,0,0,0,0,0,0,0,0,1,0,0,0,0,1,1,1,0,0,0,0,1,0,0,0,0,0,0
R0068,4,3,3,2026-04-12 20:27:16,1200000.0,Down,1350000.0,1350000.0,1040000.0,1336200.0,1,1,1242066.6666666667,142993.7372365968,1040000.0,1350000.0,310000.0,310000.0,0.2980769230769231,310000.0,0.2980769230769231,Up,1,0,0,4,2,2,0,0,0,1,0,0,1,2,32,4.189654742026425,7,7,49,442180.75,2,1,0,1,1,0,0,0,0,0,0,0,0,0,1,0,0,0,0,1,1,1,0,0,0,0,1,0,0,0,0,0,2
R0069,2,1,1,2026-04-26 20:28:51,450000.0,Stable,470000.0,470000.0,0.0,0.0,0,0,470000.0,0.0,470000.0,470000.0,0.0,0.0,0.0,0.0,0.0,Stable,0,0,1,4,4,2,0,1,1,1,0,0,1,5,37,3.7376696182833684,7,10,70,550782.7152777778,1,1,0,1,1,0,0,0,0,0,0,0,0,1,1,0,0,0,0,0,1,1,0,0,0,0,1,0,0,0,0,1,1
R0069,3,2,2,2026-04-19 20:28:51,390000.0,Down,450000.0,450000.0,470000.0,0.0,1,0,460000.0,10000.0,450000.0,470000.0,20000.0,-20000.0,-0.0425531914893617,-20000.0,-0.0425531914893617,Stable,0,0,1,4,3,2,0,0,0,1,0,0,1,5,37,3.7376696182833684,7,10,70,550782.7152777778,1,1,0,1,1,0,0,0,0,0,0,0,0,1,1,0,0,0,0,0,1,1,0,0,0,0,1,0,0,0,0,1,1
R0069,4,3,3,2026-04-12 20:28:51,410000.0,Up,390000.0,390000.0,450000.0,470000.0,1,1,436666.6666666667,33993.4634239519,390000.0,470000.0,80000.0,-60000.0,-0.13333333333333333,-60000.0,-0.13333333333333333,Down,0,1,0,4,2,2,0,0,0,1,0,0,1,5,37,3.7376696182833684,7,10,70,550782.7152777778,1,1,0,1,1,0,0,0,0,0,0,0,0,1,1,0,0,0,0,0,1,1,0,0,0,0,1,0,0,0,0,1,0
R0070,2,1,1,2026-04-26 20:29:32,425000.0,Up,400000.0,400000.0,0.0,0.0,0,0,400000.0,0.0,400000.0,400000.0,0.0,0.0,0.0,0.0,0.0,Stable,0,0,1,4,4,2,0,1,1,1,0,0,0,1,26,2.833213344056216,3,4,12,739240.8333333334,1,2,0,0,0,0,0,0,0,0,0,1,0,1,0,0,0,0,0,0,0,1,0,0,0,1,0,0,0,0,0,1,1
R0070,3,2,2,2026-04-19 20:29:32,350000.0,Down,425000.0,425000.0,400000.0,0.0,1,0,412500.0,12500.0,400000.0,425000.0,25000.0,25000.0,0.0625,25000.0,0.0625,Up,1,0,0,4,3,2,0,0,0,1,0,0,0,1,26,2.833213344056216,3,4,12,739240.8333333334,1,2,0,0,0,0,0,0,0,0,0,1,0,1,0,0,0,0,0,0,0,1,0,0,0,1,0,0,0,0,0,1,2
R0070,4,3,3,2026-04-12 20:29:32,410000.0,Up,350000.0,350000.0,425000.0,400000.0,1,1,391666.6666666667,31180.47822311618,350000.0,425000.0,75000.0,-75000.0,-0.17647058823529413,-75000.0,-0.17647058823529413,Down,0,1,0,4,2,2,0,0,0,1,0,0,0,1,26,2.833213344056216,3,4,12,739240.8333333334,1,2,0,0,0,0,0,0,0,0,0,1,0,1,0,0,0,0,0,0,0,1,0,0,0,1,0,0,0,0,0,1,0
R0071,2,1,1,2026-04-26 20:49:29,400000.0,Stable,405000.0,405000.0,0.0,0.0,0,0,405000.0,0.0,405000.0,405000.0,0.0,0.0,0.0,0.0,0.0,Stable,0,0,1,4,4,2,0,1,1,1,0,0,0,5,25,2.8903717578961645,4,4,16,550782.7152777778,0,2,0,0,0,0,0,1,1,1,0,1,0,1,0,1,0,0,0,0,0,1,0,0,0,0,0,1,0,0,0,1,1
R0071,3,2,2,2026-04-19 20:49:29,325000.0,Down,400000.0,400000.0,405000.0,0.0,1,0,402500.0,2500.0,400000.0,405000.0,5000.0,-5000.0,-0.012345679012345678,-5000.0,-0.012345679012345678,Stable,0,0,1,4,3,2,0,0,0,1,0,0,0,5,25,2.8903717578961645,4,4,16,550782.7152777778,0,2,0,0,0,0,0,1,1,1,0,1,0,1,0,1,0,0,0,0,0,1,0,0,0,0,0,1,0,0,0,1,1
R0071,4,3,3,2026-04-12 20:49:29,425000.0,Up,325000.0,325000.0,400000.0,405000.0,1,1,376666.6666666667,36590.830666833586,325000.0,405000.0,80000.0,-75000.0,-0.1875,-75000.0,-0.1875,Down,0,1,0,4,2,2,0,0,0,1,0,0,0,5,25,2.8903717578961645,4,4,16,550782.7152777778,0,2,0,0,0,0,0,1,1,1,0,1,0,1,0,1,0,0,0,0,0,1,0,0,0,0,0,1,0,0,0,1,0
R0072,2,1,1,2026-04-26 20:51:42,130000.0,Down,190000.0,190000.0,0.0,0.0,0,0,190000.0,0.0,190000.0,190000.0,0.0,0.0,0.0,0.0,0.0,Stable,0,0,1,4,4,2,0,1,1,1,0,0,0,1,23,3.5263605246161616,6,3,18,739240.8333333334,0,3,0,0,0,1,0,0,1,0,0,1,1,0,0,0,0,0,0,0,1,1,0,0,1,0,0,0,1,0,0,0,1
R0072,3,2,2,2026-04-19 20:51:42,225000.0,Up,130000.0,130000.0,190000.0,0.0,1,0,160000.0,30000.0,130000.0,190000.0,60000.0,-60000.0,-0.3157894736842105,-60000.0,-0.3157894736842105,Down,0,1,0,4,3,2,0,0,0,1,0,0,0,1,23,3.5263605246161616,6,3,18,739240.8333333334,0,3,0,0,0,1,0,0,1,0,0,1,1,0,0,0,0,0,0,0,1,1,0,0,1,0,0,0,1,0,0,0,0
R0072,4,3,3,2026-04-12 20:51:42,6800.0,Down,225000.0,225000.0,130000.0,190000.0,1,1,181666.66666666666,39228.67431979939,130000.0,225000.0,95000.0,95000.0,0.7307692307692307,95000.0,0.7307692307692307,Up,1,0,0,4,2,2,0,0,0,1,0,0,0,1,23,3.5263605246161616,6,3,18,739240.8333333334,0,3,0,0,0,1,0,0,1,0,0,1,1,0,0,0,0,0,0,0,1,1,0,0,1,0,0,0,1,0,0,0,2
R0073,2,1,1,2026-04-26 21:02:28,975000.0,Up,625000.0,625000.0,0.0,0.0,0,0,625000.0,0.0,625000.0,625000.0,0.0,0.0,0.0,0.0,0.0,Stable,0,0,1,4,4,2,0,1,1,1,0,0,0,5,23,3.6888794541139363,6,7,42,550782.7152777778,2,4,0,0,0,1,0,0,1,0,0,0,1,0,1,0,0,1,0,0,0,1,0,0,0,1,1,0,1,0,1,0,1
R0073,3,2,2,2026-04-19 21:02:28,550000.0,Down,975000.0,975000.0,625000.0,0.0,1,0,800000.0,175000.0,625000.0,975000.0,350000.0,350000.0,0.56,350000.0,0.56,Up,1,0,0,4,3,2,0,0,0,1,0,0,0,5,23,3.6888794541139363,6,7,42,550782.7152777778,2,4,0,0,0,1,0,0,1,0,0,0,1,0,1,0,0,1,0,0,0,1,0,0,0,1,1,0,1,0,1,0,2
R0073,4,3,3,2026-04-12 21:02:28,715000.0,Up,550000.0,550000.0,975000.0,625000.0,1,1,716666.6666666666,185217.58975744058,550000.0,975000.0,425000.0,-425000.0,-0.4358974358974359,-425000.0,-0.4358974358974359,Down,0,1,0,4,2,2,0,0,0,1,0,0,0,5,23,3.6888794541139363,6,7,42,550782.7152777778,2,4,0,0,0,1,0,0,1,0,0,0,1,0,1,0,0,1,0,0,0,1,0,0,0,1,1,0,1,0,1,0,0
R0074,2,1,1,2026-04-26 21:03:52,620000.0,Up,230000.0,230000.0,0.0,0.0,0,0,230000.0,0.0,230000.0,230000.0,0.0,0.0,0.0,0.0,0.0,Stable,0,0,1,4,4,2,0,1,1,1,0,0,0,2,24,2.639057329615259,6,11,66,442180.75,2,2,0,0,0,0,0,1,0,0,0,0,0,1,1,1,0,0,0,1,0,1,0,0,0,0,1,1,0,0,0,1,1
R0074,3,2,2,2026-04-19 21:03:52,160000.0,Down,620000.0,620000.0,230000.0,0.0,1,0,425000.0,195000.0,230000.0,620000.0,390000.0,390000.0,1.6956521739130435,390000.0,1.6956521739130435,Up,1,0,0,4,3,2,0,0,0,1,0,0,0,2,24,2.639057329615259,6,11,66,442180.75,2,2,0,0,0,0,0,1,0,0,0,0,0,1,1,1,0,0,0,1,0,1,0,0,0,0,1,1,0,0,0,1,2
R0074,4,3,3,2026-04-12 21:03:52,495000.0,Up,160000.0,160000.0,620000.0,230000.0,1,1,336666.6666666667,202374.78982214053,160000.0,620000.0,460000.0,-460000.0,-0.7419354838709677,-460000.0,-0.7419354838709677,Down,0,1,0,4,2,2,0,0,0,1,0,0,0,2,24,2.639057329615259,6,11,66,442180.75,2,2,0,0,0,0,0,1,0,0,0,0,0,1,1,1,0,0,0,1,0,1,0,0,0,0,1,1,0,0,0,1,0
R0075,2,1,1,2026-04-26 21:06:16,210000.0,Stable,200000.0,200000.0,0.0,0.0,0,0,200000.0,0.0,200000.0,200000.0,0.0,0.0,0.0,0.0,0.0,Stable,0,0,1,4,4,2,0,1,1,1,0,0,0,5,36,2.8903717578961645,6,3,18,550782.7152777778,0,0,0,0,0,0,0,1,1,1,0,1,0,0,0,1,0,1,0,0,0,1,0,0,0,0,0,1,0,0,1,0,1
R0075,3,2,2,2026-04-19 21:06:16,225000.0,Up,210000.0,210000.0,200000.0,0.0,1,0,205000.0,5000.0,200000.0,210000.0,10000.0,10000.0,0.05,10000.0,0.05,Stable,0,0,1,4,3,2,0,0,0,1,0,0,0,5,36,2.8903717578961645,6,3,18,550782.7152777778,0,0,0,0,0,0,0,1,1,1,0,1,0,0,0,1,0,1,0,0,0,1,0,0,0,0,0,1,0,0,1,0,1
R0075,4,3,3,2026-04-12 21:06:16,200000.0,Down,225000.0,225000.0,210000.0,200000.0,1,1,211666.66666666666,10274.023338281626,200000.0,225000.0,25000.0,15000.0,0.07142857142857142,15000.0,0.07142857142857142,Up,1,0,0,4,2,2,0,0,0,1,0,0,0,5,36,2.8903717578961645,6,3,18,550782.7152777778,0,0,0,0,0,0,0,1,1,1,0,1,0,0,0,1,0,1,0,0,0,1,0,0,0,0,0,1,0,0,1,0,2
R0076,2,1,1,2026-04-26 21:08:26,325000.0,Stable,325000.0,325000.0,0.0,0.0,0,0,325000.0,0.0,325000.0,325000.0,0.0,0.0,0.0,0.0,0.0,Stable,0,0,1,4,4,2,0,1,1,1,0,0,0,0,25,2.70805020110221,4,7,28,518297.0,0,1,0,0,0,0,0,0,0,0,1,1,1,0,1,0,0,0,0,0,0,1,0,0,0,0,1,0,1,0,0,0,1
R0076,3,2,2,2026-04-19 21:08:26,270000.0,Down,325000.0,325000.0,325000.0,0.0,1,0,325000.0,0.0,325000.0,325000.0,0.0,0.0,0.0,0.0,0.0,Stable,0,0,1,4,3,2,0,0,0,1,0,0,0,0,25,2.70805020110221,4,7,28,518297.0,0,1,0,0,0,0,0,0,0,0,1,1,1,0,1,0,0,0,0,0,0,1,0,0,0,0,1,0,1,0,0,0,1
R0076,4,3,3,2026-04-12 21:08:26,315000.0,Up,270000.0,270000.0,325000.0,325000.0,1,1,306666.6666666667,25927.248643506744,270000.0,325000.0,55000.0,-55000.0,-0.16923076923076924,-55000.0,-0.16923076923076924,Down,0,1,0,4,2,2,0,0,0,1,0,0,0,0,25,2.70805020110221,4,7,28,518297.0,0,1,0,0,0,0,0,0,0,0,1,1,1,0,1,0,0,0,0,0,0,1,0,0,0,0,1,0,1,0,0,0,0
R0077,2,1,1,2026-04-26 21:20:37,600000.0,Down,1336200.0,1336200.0,0.0,0.0,0,0,1336200.0,0.0,1336200.0,1336200.0,0.0,0.0,0.0,0.0,0.0,Stable,0,0,1,4,4,2,0,1,1,1,0,0,1,5,41,3.8712010109078907,7,7,49,550782.7152777778,2,1,0,1,0,0,0,0,0,0,0,0,0,1,0,0,1,0,0,1,0,1,0,1,0,0,0,0,0,1,0,1,1
R0077,3,2,2,2026-04-19 21:20:37,1350000.0,Up,600000.0,600000.0,1336200.0,0.0,1,0,968100.0,368100.0,600000.0,1336200.0,736200.0,-736200.0,-0.550965424337674,-736200.0,-0.550965424337674,Down,0,1,0,4,3,2,0,0,0,1,0,0,1,5,41,3.8712010109078907,7,7,49,550782.7152777778,2,1,0,1,0,0,0,0,0,0,0,0,0,1,0,0,1,0,0,1,0,1,0,1,0,0,0,0,0,1,0,1,0
R0077,4,3,3,2026-04-12 21:20:37,1342800.0,Stable,1350000.0,1350000.0,600000.0,1336200.0,1,1,1095400.0,350346.0004053136,600000.0,1350000.0,750000.0,750000.0,1.25,750000.0,1.25,Up,1,0,0,4,2,2,0,0,0,1,0,0,1,5,41,3.8712010109078907,7,7,49,550782.7152777778,2,1,0,1,0,0,0,0,0,0,0,0,0,1,0,0,1,0,0,1,0,1,0,1,0,0,0,0,0,1,0,1,2
R0078,2,1,1,2026-04-26 21:27:39,1075000.0,Up,850000.0,850000.0,0.0,0.0,0,0,850000.0,0.0,850000.0,850000.0,0.0,0.0,0.0,0.0,0.0,Stable,0,0,1,4,4,2,0,1,1,1,0,0,1,3,39,2.70805020110221,5,9,45,460955.5,2,2,0,1,1,0,0,0,0,0,0,0,0,0,0,0,1,0,0,0,0,1,0,0,0,0,0,0,0,1,0,0,1
R0078,3,2,2,2026-04-19 21:27:39,1105000.0,Stable,1075000.0,1075000.0,850000.0,0.0,1,0,962500.0,112500.0,850000.0,1075000.0,225000.0,225000.0,0.2647058823529412,225000.0,0.2647058823529412,Up,1,0,0,4,3,2,0,0,0,1,0,0,1,3,39,2.70805020110221,5,9,45,460955.5,2,2,0,1,1,0,0,0,0,0,0,0,0,0,0,0,1,0,0,0,0,1,0,0,0,0,0,0,0,1,0,0,2
R0078,4,3,3,2026-04-12 21:27:39,850000.0,Down,1105000.0,1105000.0,1075000.0,850000.0,1,1,1010000.0,113798.06676741042,850000.0,1105000.0,255000.0,30000.0,0.027906976744186046,30000.0,0.027906976744186046,Stable,0,0,1,4,2,2,0,0,0,1,0,0,1,3,39,2.70805020110221,5,9,45,460955.5,2,2,0,1,1,0,0,0,0,0,0,0,0,0,0,0,1,0,0,0,0,1,0,0,0,0,0,0,0,1,0,0,1
R0079,2,1,1,2026-04-26 21:41:26,270000.0,Down,315000.0,315000.0,0.0,0.0,0,0,315000.0,0.0,315000.0,315000.0,0.0,0.0,0.0,0.0,0.0,Stable,0,0,1,4,4,2,0,1,1,1,0,0,0,2,21,1.9459101490553132,2,5,10,442180.75,1,4,0,0,0,0,0,0,0,0,0,1,1,1,1,0,0,0,0,0,0,1,1,0,0,0,1,0,1,0,0,1,1
R0079,3,2,2,2026-04-19 21:41:26,160000.0,Down,270000.0,270000.0,315000.0,0.0,1,0,292500.0,22500.0,270000.0,315000.0,45000.0,-45000.0,-0.14285714285714285,-45000.0,-0.14285714285714285,Down,0,1,0,4,3,2,0,0,0,1,0,0,0,2,21,1.9459101490553132,2,5,10,442180.75,1,4,0,0,0,0,0,0,0,0,0,1,1,1,1,0,0,0,0,0,0,1,1,0,0,0,1,0,1,0,0,1,0
R0079,4,3,3,2026-04-12 21:41:26,410000.0,Up,160000.0,160000.0,270000.0,315000.0,1,1,248333.33333333334,65106.7499487487,160000.0,315000.0,155000.0,-110000.0,-0.4074074074074074,-110000.0,-0.4074074074074074,Down,0,1,0,4,2,2,0,0,0,1,0,0,0,2,21,1.9459101490553132,2,5,10,442180.75,1,4,0,0,0,0,0,0,0,0,0,1,1,1,1,0,0,0,0,0,0,1,1,0,0,0,1,0,1,0,0,1,0
R0080,2,1,1,2026-04-26 22:36:02,530000.0,Up,360000.0,360000.0,0.0,0.0,0,0,360000.0,0.0,360000.0,360000.0,0.0,0.0,0.0,0.0,0.0,Stable,0,0,1,4,4,2,0,1,1,1,0,0,1,2,31,2.772588722239781,7,11,77,442180.75,1,4,0,1,1,0,0,0,0,0,0,0,0,0,1,0,0,0,0,0,0,1,0,1,0,0,1,0,0,0,0,0,1
R0080,3,2,2,2026-04-19 22:36:02,745000.0,Up,530000.0,530000.0,360000.0,0.0,1,0,445000.0,85000.0,360000.0,530000.0,170000.0,170000.0,0.4722222222222222,170000.0,0.4722222222222222,Up,1,0,0,4,3,2,0,0,0,1,0,0,1,2,31,2.772588722239781,7,11,77,442180.75,1,4,0,1,1,0,0,0,0,0,0,0,0,0,1,0,0,0,0,0,0,1,0,1,0,0,1,0,0,0,0,0,2
R0080,4,3,3,2026-04-12 22:36:02,480000.0,Down,745000.0,745000.0,530000.0,360000.0,1,1,545000.0,157533.06531222793,360000.0,745000.0,385000.0,215000.0,0.4056603773584906,215000.0,0.4056603773584906,Up,1,0,0,4,2,2,0,0,0,1,0,0,1,2,31,2.772588722239781,7,11,77,442180.75,1,4,0,1,1,0,0,0,0,0,0,0,0,0,1,0,0,0,0,0,0,1,0,1,0,0,1,0,0,0,0,0,2
R0081,2,1,1,2026-04-26 22:58:53,725000.0,Up,670000.0,670000.0,0.0,0.0,0,0,670000.0,0.0,670000.0,670000.0,0.0,0.0,0.0,0.0,0.0,Stable,0,0,1,4,4,2,0,1,1,1,0,0,0,5,22,1.3862943611198906,5,5,25,550782.7152777778,2,2,0,0,0,1,0,1,1,1,0,0,0,0,0,0,1,1,1,0,0,1,0,0,0,1,0,0,0,1,1,0,1
R0081,3,2,2,2026-04-19 22:58:53,590000.0,Down,725000.0,725000.0,670000.0,0.0,1,0,697500.0,27500.0,670000.0,725000.0,55000.0,55000.0,0.08208955223880597,55000.0,0.08208955223880597,Up,1,0,0,4,3,2,0,0,0,1,0,0,0,5,22,1.3862943611198906,5,5,25,550782.7152777778,2,2,0,0,0,1,0,1,1,1,0,0,0,0,0,0,1,1,1,0,0,1,0,0,0,1,0,0,0,1,1,0,2
R0081,4,3,3,2026-04-12 22:58:53,575000.0,Stable,590000.0,590000.0,725000.0,670000.0,1,1,661666.6666666666,55427.63049438631,590000.0,725000.0,135000.0,-135000.0,-0.18620689655172415,-135000.0,-0.18620689655172415,Down,0,1,0,4,2,2,0,0,0,1,0,0,0,5,22,1.3862943611198906,5,5,25,550782.7152777778,2,2,0,0,0,1,0,1,1,1,0,0,0,0,0,0,1,1,1,0,0,1,0,0,0,1,0,0,0,1,1,0,0
R0082,2,1,1,2026-04-26 23:17:23,16800.0,Down,200000.0,200000.0,0.0,0.0,0,0,200000.0,0.0,200000.0,200000.0,0.0,0.0,0.0,0.0,0.0,Stable,0,0,1,4,4,2,0,1,1,1,0,0,0,1,25,2.302585092994046,6,5,30,739240.8333333334,0,2,0,0,0,1,0,1,1,1,0,1,1,0,0,0,1,1,0,0,0,1,0,0,0,0,0,0,1,1,1,0,1
R0082,3,2,2,2026-04-19 23:17:23,735000.0,Up,16800.0,16800.0,200000.0,0.0,1,0,108400.0,91600.0,16800.0,200000.0,183200.0,-183200.0,-0.916,-183200.0,-0.916,Down,0,1,0,4,3,2,0,0,0,1,0,0,0,1,25,2.302585092994046,6,5,30,739240.8333333334,0,2,0,0,0,1,0,1,1,1,0,1,1,0,0,0,1,1,0,0,0,1,0,0,0,0,0,0,1,1,1,0,0
R0082,4,3,3,2026-04-12 23:17:23,790000.0,Up,735000.0,735000.0,16800.0,200000.0,1,1,317266.6666666667,304703.5863844657,16800.0,735000.0,718200.0,718200.0,42.75,718200.0,42.75,Up,1,0,0,4,2,2,0,0,0,1,0,0,0,1,25,2.302585092994046,6,5,30,739240.8333333334,0,2,0,0,0,1,0,1,1,1,0,1,1,0,0,0,1,1,0,0,0,1,0,0,0,0,0,0,1,1,1,0,2
R0083,2,1,1,2026-04-26 23:37:42,90000.0,Down,250000.0,250000.0,0.0,0.0,0,0,250000.0,0.0,250000.0,250000.0,0.0,0.0,0.0,0.0,0.0,Stable,0,0,1,4,4,2,0,1,1,1,0,0,2,3,33,2.70805020110221,4,5,20,460955.5,0,2,0,0,0,0,0,0,0,0,0,1,0,0,1,0,0,1,0,0,1,1,0,0,0,0,1,0,0,0,1,0,1
R0083,3,2,2,2026-04-19 23:37:42,95000.0,Up,90000.0,90000.0,250000.0,0.0,1,0,170000.0,80000.0,90000.0,250000.0,160000.0,-160000.0,-0.64,-160000.0,-0.64,Down,0,1,0,4,3,2,0,0,0,1,0,0,2,3,33,2.70805020110221,4,5,20,460955.5,0,2,0,0,0,0,0,0,0,0,0,1,0,0,1,0,0,1,0,0,1,1,0,0,0,0,1,0,0,0,1,0,0
R0083,4,3,3,2026-04-12 23:37:42,330000.0,Up,95000.0,95000.0,90000.0,250000.0,1,1,145000.0,74274.26651719064,90000.0,250000.0,160000.0,5000.0,0.05555555555555555,5000.0,0.05555555555555555,Up,1,0,0,4,2,2,0,0,0,1,0,0,2,3,33,2.70805020110221,4,5,20,460955.5,0,2,0,0,0,0,0,0,0,0,0,1,0,0,1,0,0,1,0,0,1,1,0,0,0,0,1,0,0,0,1,0,2
R0084,2,1,1,2026-04-26 23:41:57,650000.0,Up,520000.0,520000.0,0.0,0.0,0,0,520000.0,0.0,520000.0,520000.0,0.0,0.0,0.0,0.0,0.0,Stable,0,0,1,4,4,2,0,1,1,1,0,0,0,1,29,4.204692619390966,7,9,63,739240.8333333334,0,2,0,1,0,0,0,1,0,0,0,0,0,0,0,0,1,0,0,0,1,1,0,0,0,0,0,0,0,1,0,0,1
R0084,3,2,2,2026-04-19 23:41:57,10000.0,Down,650000.0,650000.0,520000.0,0.0,1,0,585000.0,65000.0,520000.0,650000.0,130000.0,130000.0,0.25,130000.0,0.25,Up,1,0,0,4,3,2,0,0,0,1,0,0,0,1,29,4.204692619390966,7,9,63,739240.8333333334,0,2,0,1,0,0,0,1,0,0,0,0,0,0,0,0,1,0,0,0,1,1,0,0,0,0,0,0,0,1,0,0,2
R0084,4,3,3,2026-04-12 23:41:57,620000.0,Up,10000.0,10000.0,650000.0,520000.0,1,1,393333.3333333333,276204.43314488797,10000.0,650000.0,640000.0,-640000.0,-0.9846153846153847,-640000.0,-0.9846153846153847,Down,0,1,0,4,2,2,0,0,0,1,0,0,0,1,29,4.204692619390966,7,9,63,739240.8333333334,0,2,0,1,0,0,0,1,0,0,0,0,0,0,0,0,1,0,0,0,1,1,0,0,0,0,0,0,0,1,0,0,0
R0085,2,1,1,2026-04-26 23:44:22,450000.0,Up,400000.0,400000.0,0.0,0.0,0,0,400000.0,0.0,400000.0,400000.0,0.0,0.0,0.0,0.0,0.0,Stable,0,0,1,4,4,2,0,1,1,1,0,0,0,5,26,3.332204510175204,5,7,35,550782.7152777778,0,3,0,0,0,0,0,0,0,0,0,1,1,0,1,0,0,0,0,0,1,1,0,0,0,1,1,0,1,0,0,0,1
R0085,3,2,2,2026-04-19 23:44:22,400000.0,Down,450000.0,450000.0,400000.0,0.0,1,0,425000.0,25000.0,400000.0,450000.0,50000.0,50000.0,0.125,50000.0,0.125,Up,1,0,0,4,3,2,0,0,0,1,0,0,0,5,26,3.332204510175204,5,7,35,550782.7152777778,0,3,0,0,0,0,0,0,0,0,0,1,1,0,1,0,0,0,0,0,1,1,0,0,0,1,1,0,1,0,0,0,2
R0085,4,3,3,2026-04-12 23:44:22,370000.0,Down,400000.0,400000.0,450000.0,400000.0,1,1,416666.6666666667,23570.22603955158,400000.0,450000.0,50000.0,-50000.0,-0.1111111111111111,-50000.0,-0.1111111111111111,Down,0,1,0,4,2,2,0,0,0,1,0,0,0,5,26,3.332204510175204,5,7,35,550782.7152777778,0,3,0,0,0,0,0,0,0,0,0,1,1,0,1,0,0,0,0,0,1,1,0,0,0,1,1,0,1,0,0,0,0
R0086,2,1,1,2026-04-26 23:49:57,220000.0,Down,810000.0,810000.0,0.0,0.0,0,0,810000.0,0.0,810000.0,810000.0,0.0,0.0,0.0,0.0,0.0,Stable,0,0,1,4,4,2,0,1,1,1,0,0,1,3,39,4.02535169073515,6,10,60,460955.5,0,4,0,1,0,0,0,0,0,0,0,0,0,1,0,0,0,0,0,1,1,1,0,0,0,0,0,0,0,0,0,1,1
R0086,3,2,2,2026-04-19 23:49:57,425000.0,Up,220000.0,220000.0,810000.0,0.0,1,0,515000.0,295000.0,220000.0,810000.0,590000.0,-590000.0,-0.7283950617283951,-590000.0,-0.7283950617283951,Down,0,1,0,4,3,2,0,0,0,1,0,0,1,3,39,4.02535169073515,6,10,60,460955.5,0,4,0,1,0,0,0,0,0,0,0,0,0,1,0,0,0,0,0,1,1,1,0,0,0,0,0,0,0,0,0,1,0
R0086,4,3,3,2026-04-12 23:49:57,425000.0,Stable,425000.0,425000.0,220000.0,810000.0,1,1,485000.0,244574.4603728416,220000.0,810000.0,590000.0,205000.0,0.9318181818181818,205000.0,0.9318181818181818,Up,1,0,0,4,2,2,0,0,0,1,0,0,1,3,39,4.02535169073515,6,10,60,460955.5,0,4,0,1,0,0,0,0,0,0,0,0,0,1,0,0,0,0,0,1,1,1,0,0,0,0,0,0,0,0,0,1,2
R0087,2,1,1,2026-04-26 23:50:27,360000.0,Down,400000.0,400000.0,0.0,0.0,0,0,400000.0,0.0,400000.0,400000.0,0.0,0.0,0.0,0.0,0.0,Stable,0,0,1,4,4,2,0,1,1,1,0,0,0,5,21,3.1354942159291497,6,5,30,550782.7152777778,0,4,0,0,0,1,0,0,1,0,0,0,1,0,1,0,0,0,0,0,0,1,0,0,1,0,1,0,1,0,0,0,1
R0087,3,2,2,2026-04-19 23:50:27,420000.0,Up,360000.0,360000.0,400000.0,0.0,1,0,380000.0,20000.0,360000.0,400000.0,40000.0,-40000.0,-0.1,-40000.0,-0.1,Down,0,1,0,4,3,2,0,0,0,1,0,0,0,5,21,3.1354942159291497,6,5,30,550782.7152777778,0,4,0,0,0,1,0,0,1,0,0,0,1,0,1,0,0,0,0,0,0,1,0,0,1,0,1,0,1,0,0,0,0
R0087,4,3,3,2026-04-12 23:50:27,450000.0,Up,420000.0,420000.0,360000.0,400000.0,1,1,393333.3333333333,24944.382578492943,360000.0,420000.0,60000.0,60000.0,0.16666666666666666,60000.0,0.16666666666666666,Up,1,0,0,4,2,2,0,0,0,1,0,0,0,5,21,3.1354942159291497,6,5,30,550782.7152777778,0,4,0,0,0,1,0,0,1,0,0,0,1,0,1,0,0,0,0,0,0,1,0,0,1,0,1,0,1,0,0,0,2
R0088,2,1,1,2026-04-26 23:58:06,900000.0,Down,1336200.0,1336200.0,0.0,0.0,0,0,1336200.0,0.0,1336200.0,1336200.0,0.0,0.0,0.0,0.0,0.0,Stable,0,0,1,4,4,2,0,1,1,1,0,0,1,1,32,3.2188758248682006,7,7,49,739240.8333333334,2,0,0,1,0,0,0,0,0,0,0,0,0,0,0,0,1,0,0,0,0,1,0,0,0,0,0,0,0,1,0,0,1
R0088,3,2,2,2026-04-19 23:58:06,1325000.0,Up,900000.0,900000.0,1336200.0,0.0,1,0,1118100.0,218100.0,900000.0,1336200.0,436200.0,-436200.0,-0.326448136506511,-436200.0,-0.326448136506511,Down,0,1,0,4,3,2,0,0,0,1,0,0,1,1,32,3.2188758248682006,7,7,49,739240.8333333334,2,0,0,1,0,0,0,0,0,0,0,0,0,0,0,0,1,0,0,0,0,1,0,0,0,0,0,0,0,1,0,0,0
R0088,4,3,3,2026-04-12 23:58:06,1342800.0,Stable,1325000.0,1325000.0,900000.0,1336200.0,1,1,1187066.6666666667,203038.27772669424,900000.0,1336200.0,436200.0,425000.0,0.4722222222222222,425000.0,0.4722222222222222,Up,1,0,0,4,2,2,0,0,0,1,0,0,1,1,32,3.2188758248682006,7,7,49,739240.8333333334,2,0,0,1,0,0,0,0,0,0,0,0,0,0,0,0,1,0,0,0,0,1,0,0,0,0,0,0,0,1,0,0,2
R0089,2,1,1,2026-04-27 00:06:22,300000.0,Down,350000.0,350000.0,0.0,0.0,0,0,350000.0,0.0,350000.0,350000.0,0.0,0.0,0.0,0.0,0.0,Stable,0,0,1,4,4,2,0,1,1,0,0,0,0,1,24,2.772588722239781,3,5,15,739240.8333333334,1,3,0,0,0,1,0,0,1,0,0,1,0,0,1,0,0,0,0,0,1,1,1,0,0,0,1,0,0,0,0,0,1
R0089,3,2,2,2026-04-20 00:06:22,380000.0,Up,300000.0,300000.0,350000.0,0.0,1,0,325000.0,25000.0,300000.0,350000.0,50000.0,-50000.0,-0.14285714285714285,-50000.0,-0.14285714285714285,Down,0,1,0,4,3,2,0,0,0,0,0,0,0,1,24,2.772588722239781,3,5,15,739240.8333333334,1,3,0,0,0,1,0,0,1,0,0,1,0,0,1,0,0,0,0,0,1,1,1,0,0,0,1,0,0,0,0,0,0
R0089,4,3,3,2026-04-13 00:06:22,330000.0,Down,380000.0,380000.0,300000.0,350000.0,1,1,343333.3333333333,32998.316455372216,300000.0,380000.0,80000.0,80000.0,0.26666666666666666,80000.0,0.26666666666666666,Up,1,0,0,4,2,2,0,0,0,0,0,0,0,1,24,2.772588722239781,3,5,15,739240.8333333334,1,3,0,0,0,1,0,0,1,0,0,1,0,0,1,0,0,0,0,0,1,1,1,0,0,0,1,0,0,0,0,0,2
R0090,2,1,1,2026-04-27 02:22:25,750000.0,Up,630000.0,630000.0,0.0,0.0,0,0,630000.0,0.0,630000.0,630000.0,0.0,0.0,0.0,0.0,0.0,Stable,0,0,1,4,4,2,0,1,1,0,0,0,0,1,38,3.4011973816621555,7,4,28,739240.8333333334,1,2,0,0,0,1,0,1,1,1,0,1,1,0,0,1,0,0,1,0,0,1,0,0,0,0,0,1,1,0,0,0,1
R0090,3,2,2,2026-04-20 02:22:25,680000.0,Down,750000.0,750000.0,630000.0,0.0,1,0,690000.0,60000.0,630000.0,750000.0,120000.0,120000.0,0.19047619047619047,120000.0,0.19047619047619047,Up,1,0,0,4,3,2,0,0,0,0,0,0,0,1,38,3.4011973816621555,7,4,28,739240.8333333334,1,2,0,0,0,1,0,1,1,1,0,1,1,0,0,1,0,0,1,0,0,1,0,0,0,0,0,1,1,0,0,0,2
R0090,4,3,3,2026-04-13 02:22:25,710000.0,Stable,680000.0,680000.0,750000.0,630000.0,1,1,686666.6666666666,49216.076867444666,630000.0,750000.0,120000.0,-70000.0,-0.09333333333333334,-70000.0,-0.09333333333333334,Down,0,1,0,4,2,2,0,0,0,0,0,0,0,1,38,3.4011973816621555,7,4,28,739240.8333333334,1,2,0,0,0,1,0,1,1,1,0,1,1,0,0,1,0,0,1,0,0,1,0,0,0,0,0,1,1,0,0,0,0
R0091,2,1,1,2026-04-27 03:54:19,925000.0,Up,810000.0,810000.0,0.0,0.0,0,0,810000.0,0.0,810000.0,810000.0,0.0,0.0,0.0,0.0,0.0,Stable,0,0,1,4,4,2,0,1,1,0,0,0,1,1,44,2.639057329615259,6,9,54,739240.8333333334,1,0,0,1,1,0,0,0,0,0,0,0,0,1,0,0,0,0,0,0,1,1,0,0,0,0,0,0,0,0,0,1,1
R0091,3,2,2,2026-04-20 03:54:19,750000.0,Down,925000.0,925000.0,810000.0,0.0,1,0,867500.0,57500.0,810000.0,925000.0,115000.0,115000.0,0.1419753086419753,115000.0,0.1419753086419753,Up,1,0,0,4,3,2,0,0,0,0,0,0,1,1,44,2.639057329615259,6,9,54,739240.8333333334,1,0,0,1,1,0,0,0,0,0,0,0,0,1,0,0,0,0,0,0,1,1,0,0,0,0,0,0,0,0,0,1,2
R0091,4,3,3,2026-04-13 03:54:19,870000.0,Up,750000.0,750000.0,925000.0,810000.0,1,1,828333.3333333334,72610.06970263988,750000.0,925000.0,175000.0,-175000.0,-0.1891891891891892,-175000.0,-0.1891891891891892,Down,0,1,0,4,2,2,0,0,0,0,0,0,1,1,44,2.639057329615259,6,9,54,739240.8333333334,1,0,0,1,1,0,0,0,0,0,0,0,0,1,0,0,0,0,0,0,1,1,0,0,0,0,0,0,0,0,0,1,0
R0092,2,1,1,2026-04-27 05:26:55,800000.0,Down,920000.0,920000.0,0.0,0.0,0,0,920000.0,0.0,920000.0,920000.0,0.0,0.0,0.0,0.0,0.0,Stable,0,0,1,4,4,2,0,1,1,0,0,0,1,1,34,2.0794415416798357,5,10,50,739240.8333333334,2,4,0,0,1,0,0,0,0,0,0,0,0,1,1,0,1,0,0,0,0,1,0,0,0,0,1,0,0,1,0,1,1
R0092,3,2,2,2026-04-20 05:26:55,880000.0,Up,800000.0,800000.0,920000.0,0.0,1,0,860000.0,60000.0,800000.0,920000.0,120000.0,-120000.0,-0.13043478260869565,-120000.0,-0.13043478260869565,Down,0,1,0,4,3,2,0,0,0,0,0,0,1,1,34,2.0794415416798357,5,10,50,739240.8333333334,2,4,0,0,1,0,0,0,0,0,0,0,0,1,1,0,1,0,0,0,0,1,0,0,0,0,1,0,0,1,0,1,0
R0092,4,3,3,2026-04-13 05:26:55,780000.0,Down,880000.0,880000.0,800000.0,920000.0,1,1,866666.6666666666,49888.765156985886,800000.0,920000.0,120000.0,80000.0,0.1,80000.0,0.1,Up,1,0,0,4,2,2,0,0,0,0,0,0,1,1,34,2.0794415416798357,5,10,50,739240.8333333334,2,4,0,0,1,0,0,0,0,0,0,0,0,1,1,0,1,0,0,0,0,1,0,0,0,0,1,0,0,1,0,1,2
R0093,2,1,1,2026-04-27 06:13:00,570000.0,Up,420000.0,420000.0,0.0,0.0,0,0,420000.0,0.0,420000.0,420000.0,0.0,0.0,0.0,0.0,0.0,Stable,0,0,1,4,4,2,0,1,1,0,0,0,0,0,21,3.2188758248682006,4,5,20,518297.0,0,2,0,0,0,0,0,0,0,0,1,1,1,0,1,0,0,0,0,0,1,1,0,0,0,1,1,0,1,0,0,0,1
R0093,3,2,2,2026-04-20 06:13:00,140000.0,Down,570000.0,570000.0,420000.0,0.0,1,0,495000.0,75000.0,420000.0,570000.0,150000.0,150000.0,0.35714285714285715,150000.0,0.35714285714285715,Up,1,0,0,4,3,2,0,0,0,0,0,0,0,0,21,3.2188758248682006,4,5,20,518297.0,0,2,0,0,0,0,0,0,0,0,1,1,1,0,1,0,0,0,0,0,1,1,0,0,0,1,1,0,1,0,0,0,2
R0093,4,3,3,2026-04-13 06:13:00,120000.0,Down,140000.0,140000.0,570000.0,420000.0,1,1,376666.6666666667,178200.88539498215,140000.0,570000.0,430000.0,-430000.0,-0.7543859649122807,-430000.0,-0.7543859649122807,Down,0,1,0,4,2,2,0,0,0,0,0,0,0,0,21,3.2188758248682006,4,5,20,518297.0,0,2,0,0,0,0,0,0,0,0,1,1,1,0,1,0,0,0,0,0,1,1,0,0,0,1,1,0,1,0,0,0,0
R0094,2,1,1,2026-04-27 07:10:29,410000.0,Down,850000.0,850000.0,0.0,0.0,0,0,850000.0,0.0,850000.0,850000.0,0.0,0.0,0.0,0.0,0.0,Stable,0,0,1,4,4,2,0,1,1,0,0,0,0,2,24,3.4657359027997265,4,4,16,442180.75,0,1,0,0,0,0,0,0,0,0,0,1,1,0,1,0,0,0,0,0,0,1,0,0,1,1,1,0,1,0,0,0,1
R0094,3,2,2,2026-04-20 07:10:29,860000.0,Up,410000.0,410000.0,850000.0,0.0,1,0,630000.0,220000.0,410000.0,850000.0,440000.0,-440000.0,-0.5176470588235295,-440000.0,-0.5176470588235295,Down,0,1,0,4,3,2,0,0,0,0,0,0,0,2,24,3.4657359027997265,4,4,16,442180.75,0,1,0,0,0,0,0,0,0,0,0,1,1,0,1,0,0,0,0,0,0,1,0,0,1,1,1,0,1,0,0,0,0
R0094,4,3,3,2026-04-13 07:10:29,300000.0,Down,860000.0,860000.0,410000.0,850000.0,1,1,706666.6666666666,209814.73309141622,410000.0,860000.0,450000.0,450000.0,1.0975609756097562,450000.0,1.0975609756097562,Up,1,0,0,4,2,2,0,0,0,0,0,0,0,2,24,3.4657359027997265,4,4,16,442180.75,0,1,0,0,0,0,0,0,0,0,0,1,1,0,1,0,0,0,0,0,0,1,0,0,1,1,1,0,1,0,0,0,2
R0095,2,1,1,2026-04-27 08:04:02,575000.0,Up,380000.0,380000.0,0.0,0.0,0,0,380000.0,0.0,380000.0,380000.0,0.0,0.0,0.0,0.0,0.0,Stable,0,0,1,4,4,2,0,1,1,0,0,0,0,0,22,4.3694478524670215,4,4,16,518297.0,2,2,0,0,0,1,0,0,1,0,0,0,1,1,1,0,0,0,0,0,0,1,0,0,1,0,1,0,1,0,0,1,1
R0095,3,2,2,2026-04-20 08:04:02,290000.0,Down,575000.0,575000.0,380000.0,0.0,1,0,477500.0,97500.0,380000.0,575000.0,195000.0,195000.0,0.5131578947368421,195000.0,0.5131578947368421,Up,1,0,0,4,3,2,0,0,0,0,0,0,0,0,22,4.3694478524670215,4,4,16,518297.0,2,2,0,0,0,1,0,0,1,0,0,0,1,1,1,0,0,0,0,0,0,1,0,0,1,0,1,0,1,0,0,1,2
R0095,4,3,3,2026-04-13 08:04:02,560000.0,Up,290000.0,290000.0,575000.0,380000.0,1,1,415000.0,118953.77253370319,290000.0,575000.0,285000.0,-285000.0,-0.4956521739130435,-285000.0,-0.4956521739130435,Down,0,1,0,4,2,2,0,0,0,0,0,0,0,0,22,4.3694478524670215,4,4,16,518297.0,2,2,0,0,0,1,0,0,1,0,0,0,1,1,1,0,0,0,0,0,0,1,0,0,1,0,1,0,1,0,0,1,0
R0096,2,1,1,2026-04-27 08:10:00,325000.0,Down,355000.0,355000.0,0.0,0.0,0,0,355000.0,0.0,355000.0,355000.0,0.0,0.0,0.0,0.0,0.0,Stable,0,0,1,4,4,2,0,1,1,0,0,0,0,1,26,3.4011973816621555,2,5,10,739240.8333333334,0,0,0,0,0,1,0,0,1,0,0,0,0,1,1,0,0,0,0,0,1,1,0,0,0,1,1,0,0,0,0,1,1
R0096,3,2,2,2026-04-20 08:10:00,380000.0,Up,325000.0,325000.0,355000.0,0.0,1,0,340000.0,15000.0,325000.0,355000.0,30000.0,-30000.0,-0.08450704225352113,-30000.0,-0.08450704225352113,Down,0,1,0,4,3,2,0,0,0,0,0,0,0,1,26,3.4011973816621555,2,5,10,739240.8333333334,0,0,0,0,0,1,0,0,1,0,0,0,0,1,1,0,0,0,0,0,1,1,0,0,0,1,1,0,0,0,0,1,0
R0096,4,3,3,2026-04-13 08:10:00,350000.0,Down,380000.0,380000.0,325000.0,355000.0,1,1,353333.3333333333,22484.562605386735,325000.0,380000.0,55000.0,55000.0,0.16923076923076924,55000.0,0.16923076923076924,Up,1,0,0,4,2,2,0,0,0,0,0,0,0,1,26,3.4011973816621555,2,5,10,739240.8333333334,0,0,0,0,0,1,0,0,1,0,0,0,0,1,1,0,0,0,0,0,1,1,0,0,0,1,1,0,0,0,0,1,2
R0097,2,1,1,2026-04-27 08:30:37,90000.0,Down,115000.0,115000.0,0.0,0.0,0,0,115000.0,0.0,115000.0,115000.0,0.0,0.0,0.0,0.0,0.0,Stable,0,0,1,4,4,2,0,1,1,0,0,0,0,2,29,3.58351893845611,4,5,20,442180.75,0,4,0,0,0,0,0,0,0,0,1,1,1,0,1,0,0,1,0,0,1,1,0,0,1,0,1,0,1,0,1,0,1
R0097,3,2,2,2026-04-20 08:30:37,10000.0,Down,90000.0,90000.0,115000.0,0.0,1,0,102500.0,12500.0,90000.0,115000.0,25000.0,-25000.0,-0.21739130434782608,-25000.0,-0.21739130434782608,Down,0,1,0,4,3,2,0,0,0,0,0,0,0,2,29,3.58351893845611,4,5,20,442180.75,0,4,0,0,0,0,0,0,0,0,1,1,1,0,1,0,0,1,0,0,1,1,0,0,1,0,1,0,1,0,1,0,0
R0097,4,3,3,2026-04-13 08:30:37,200000.0,Up,10000.0,10000.0,90000.0,115000.0,1,1,71666.66666666667,44783.429475148005,10000.0,115000.0,105000.0,-80000.0,-0.8888888888888888,-80000.0,-0.8888888888888888,Down,0,1,0,4,2,2,0,0,0,0,0,0,0,2,29,3.58351893845611,4,5,20,442180.75,0,4,0,0,0,0,0,0,0,0,1,1,1,0,1,0,0,1,0,0,1,1,0,0,1,0,1,0,1,0,1,0,0
R0098,2,1,1,2026-04-27 08:43:52,525000.0,Up,350000.0,350000.0,0.0,0.0,0,0,350000.0,0.0,350000.0,350000.0,0.0,0.0,0.0,0.0,0.0,Stable,0,0,1,4,4,2,0,1,1,0,0,0,0,5,37,2.9444389791664403,7,4,28,550782.7152777778,1,3,0,0,0,1,0,1,1,1,0,1,1,0,0,0,0,0,0,0,0,1,0,0,0,1,0,0,1,0,0,0,1
R0098,3,2,2,2026-04-20 08:43:52,575000.0,Up,525000.0,525000.0,350000.0,0.0,1,0,437500.0,87500.0,350000.0,525000.0,175000.0,175000.0,0.5,175000.0,0.5,Up,1,0,0,4,3,2,0,0,0,0,0,0,0,5,37,2.9444389791664403,7,4,28,550782.7152777778,1,3,0,0,0,1,0,1,1,1,0,1,1,0,0,0,0,0,0,0,0,1,0,0,0,1,0,0,1,0,0,0,2
R0098,4,3,3,2026-04-13 08:43:52,415000.0,Down,575000.0,575000.0,525000.0,350000.0,1,1,483333.3333333333,96465.30752325187,350000.0,575000.0,225000.0,50000.0,0.09523809523809523,50000.0,0.09523809523809523,Up,1,0,0,4,2,2,0,0,0,0,0,0,0,5,37,2.9444389791664403,7,4,28,550782.7152777778,1,3,0,0,0,1,0,1,1,1,0,1,1,0,0,0,0,0,0,0,0,1,0,0,0,1,0,0,1,0,0,0,2
R0099,2,1,1,2026-04-27 09:37:40,270000.0,Up,150000.0,150000.0,0.0,0.0,0,0,150000.0,0.0,150000.0,150000.0,0.0,0.0,0.0,0.0,0.0,Stable,0,0,1,4,4,2,0,1,1,0,0,0,0,0,19,2.772588722239781,5,4,20,518297.0,1,4,0,0,0,1,0,0,1,0,0,0,1,1,1,0,0,0,0,0,1,1,0,0,0,0,1,0,1,0,0,1,1
R0099,3,2,2,2026-04-20 09:37:40,100000.0,Down,270000.0,270000.0,150000.0,0.0,1,0,210000.0,60000.0,150000.0,270000.0,120000.0,120000.0,0.8,120000.0,0.8,Up,1,0,0,4,3,2,0,0,0,0,0,0,0,0,19,2.772588722239781,5,4,20,518297.0,1,4,0,0,0,1,0,0,1,0,0,0,1,1,1,0,0,0,0,0,1,1,0,0,0,0,1,0,1,0,0,1,2
R0099,4,3,3,2026-04-13 09:37:40,295000.0,Up,100000.0,100000.0,270000.0,150000.0,1,1,173333.33333333334,71336.44853010899,100000.0,270000.0,170000.0,-170000.0,-0.6296296296296297,-170000.0,-0.6296296296296297,Down,0,1,0,4,2,2,0,0,0,0,0,0,0,0,19,2.772588722239781,5,4,20,518297.0,1,4,0,0,0,1,0,0,1,0,0,0,1,1,1,0,0,0,0,0,1,1,0,0,0,0,1,0,1,0,0,1,0
R0100,2,1,1,2026-04-27 09:51:44,300000.0,Up,250000.0,250000.0,0.0,0.0,0,0,250000.0,0.0,250000.0,250000.0,0.0,0.0,0.0,0.0,0.0,Stable,0,0,1,4,4,2,0,1,1,0,0,0,2,0,27,3.367295829986474,5,6,30,518297.0,0,3,0,0,0,0,0,0,0,0,0,1,0,1,0,0,0,1,1,0,1,1,0,0,0,0,0,0,0,0,1,1,1
R0100,3,2,2,2026-04-20 09:51:44,235000.0,Down,300000.0,300000.0,250000.0,0.0,1,0,275000.0,25000.0,250000.0,300000.0,50000.0,50000.0,0.2,50000.0,0.2,Up,1,0,0,4,3,2,0,0,0,0,0,0,2,0,27,3.367295829986474,5,6,30,518297.0,0,3,0,0,0,0,0,0,0,0,0,1,0,1,0,0,0,1,1,0,1,1,0,0,0,0,0,0,0,0,1,1,2
R0100,4,3,3,2026-04-13 09:51:44,275000.0,Up,235000.0,235000.0,300000.0,250000.0,1,1,261666.66666666666,27788.88666755511,235000.0,300000.0,65000.0,-65000.0,-0.21666666666666667,-65000.0,-0.21666666666666667,Down,0,1,0,4,2,2,0,0,0,0,0,0,2,0,27,3.367295829986474,5,6,30,518297.0,0,3,0,0,0,0,0,0,0,0,0,1,0,1,0,0,0,1,1,0,1,1,0,0,0,0,0,0,0,0,1,1,0
R0101,2,1,1,2026-04-27 09:59:56,800000.0,Up,680000.0,680000.0,0.0,0.0,0,0,680000.0,0.0,680000.0,680000.0,0.0,0.0,0.0,0.0,0.0,Stable,0,0,1,4,4,2,0,1,1,0,0,0,0,4,30,3.1354942159291497,6,8,48,653189.75,2,2,0,0,1,0,0,0,0,0,0,0,0,0,1,1,0,0,0,0,1,1,0,1,0,0,1,1,0,0,0,0,1
R0101,3,2,2,2026-04-20 09:59:56,665000.0,Down,800000.0,800000.0,680000.0,0.0,1,0,740000.0,60000.0,680000.0,800000.0,120000.0,120000.0,0.17647058823529413,120000.0,0.17647058823529413,Up,1,0,0,4,3,2,0,0,0,0,0,0,0,4,30,3.1354942159291497,6,8,48,653189.75,2,2,0,0,1,0,0,0,0,0,0,0,0,0,1,1,0,0,0,0,1,1,0,1,0,0,1,1,0,0,0,0,2
R0101,4,3,3,2026-04-13 09:59:56,580000.0,Down,665000.0,665000.0,800000.0,680000.0,1,1,715000.0,60415.22986797286,665000.0,800000.0,135000.0,-135000.0,-0.16875,-135000.0,-0.16875,Down,0,1,0,4,2,2,0,0,0,0,0,0,0,4,30,3.1354942159291497,6,8,48,653189.75,2,2,0,0,1,0,0,0,0,0,0,0,0,0,1,1,0,0,0,0,1,1,0,1,0,0,1,1,0,0,0,0,0
R0102,2,1,1,2026-04-27 10:14:02,225000.0,Stable,230000.0,230000.0,0.0,0.0,0,0,230000.0,0.0,230000.0,230000.0,0.0,0.0,0.0,0.0,0.0,Stable,0,0,1,4,4,2,0,1,1,0,0,0,0,1,33,2.70805020110221,4,7,28,739240.8333333334,0,1,0,0,0,0,0,0,0,0,1,1,1,0,1,0,0,0,0,0,0,1,0,0,1,1,1,0,1,0,0,0,1
R0102,3,2,2,2026-04-20 10:14:02,290000.0,Up,225000.0,225000.0,230000.0,0.0,1,0,227500.0,2500.0,225000.0,230000.0,5000.0,-5000.0,-0.021739130434782608,-5000.0,-0.021739130434782608,Stable,0,0,1,4,3,2,0,0,0,0,0,0,0,1,33,2.70805020110221,4,7,28,739240.8333333334,0,1,0,0,0,0,0,0,0,0,1,1,1,0,1,0,0,0,0,0,0,1,0,0,1,1,1,0,1,0,0,0,1
R0102,4,3,3,2026-04-13 10:14:02,245000.0,Down,290000.0,290000.0,225000.0,230000.0,1,1,248333.33333333334,29533.40857778225,225000.0,290000.0,65000.0,65000.0,0.28888888888888886,65000.0,0.28888888888888886,Up,1,0,0,4,2,2,0,0,0,0,0,0,0,1,33,2.70805020110221,4,7,28,739240.8333333334,0,1,0,0,0,0,0,0,0,0,1,1,1,0,1,0,0,0,0,0,0,1,0,0,1,1,1,0,1,0,0,0,2
R0103,2,1,1,2026-04-27 10:28:05,560000.0,Down,590000.0,590000.0,0.0,0.0,0,0,590000.0,0.0,590000.0,590000.0,0.0,0.0,0.0,0.0,0.0,Stable,0,0,1,4,4,2,0,1,1,0,0,0,0,6,17,2.8903717578961645,5,3,15,559306.0,1,4,1,0,0,0,0,0,0,0,0,1,1,1,1,0,0,0,0,0,0,1,0,0,1,0,1,0,1,0,0,1,1
R0103,3,2,2,2026-04-20 10:28:05,550000.0,Stable,560000.0,560000.0,590000.0,0.0,1,0,575000.0,15000.0,560000.0,590000.0,30000.0,-30000.0,-0.05084745762711865,-30000.0,-0.05084745762711865,Down,0,1,0,4,3,2,0,0,0,0,0,0,0,6,17,2.8903717578961645,5,3,15,559306.0,1,4,1,0,0,0,0,0,0,0,0,1,1,1,1,0,0,0,0,0,0,1,0,0,1,0,1,0,1,0,0,1,0
R0103,4,3,3,2026-04-13 10:28:05,540000.0,Stable,550000.0,550000.0,560000.0,590000.0,1,1,566666.6666666666,16996.73171197595,550000.0,590000.0,40000.0,-10000.0,-0.017857142857142856,-10000.0,-0.017857142857142856,Stable,0,0,1,4,2,2,0,0,0,0,0,0,0,6,17,2.8903717578961645,5,3,15,559306.0,1,4,1,0,0,0,0,0,0,0,0,1,1,1,1,0,0,0,0,0,0,1,0,0,1,0,1,0,1,0,0,1,1
R0104,2,1,1,2026-04-27 10:48:21,1273200.0,Up,815000.0,815000.0,0.0,0.0,0,0,815000.0,0.0,815000.0,815000.0,0.0,0.0,0.0,0.0,0.0,Stable,0,0,1,4,4,2,0,1,1,0,0,0,1,1,47,2.70805020110221,7,8,56,739240.8333333334,2,1,0,1,0,0,0,0,0,0,0,0,0,0,1,0,0,1,0,0,0,1,0,0,0,0,1,0,0,0,1,0,1
R0104,3,2,2,2026-04-20 10:48:21,905000.0,Down,1273200.0,1273200.0,815000.0,0.0,1,0,1044100.0,229100.0,815000.0,1273200.0,458200.0,458200.0,0.5622085889570552,458200.0,0.5622085889570552,Up,1,0,0,4,3,2,0,0,0,0,0,0,1,1,47,2.70805020110221,7,8,56,739240.8333333334,2,1,0,1,0,0,0,0,0,0,0,0,0,0,1,0,0,1,0,0,0,1,0,0,0,0,1,0,0,0,1,0,2
R0104,4,3,3,2026-04-13 10:48:21,1342800.0,Up,905000.0,905000.0,1273200.0,815000.0,1,1,997733.3333333334,198219.4294770879,815000.0,1273200.0,458200.0,-368200.0,-0.28919258561105876,-368200.0,-0.28919258561105876,Down,0,1,0,4,2,2,0,0,0,0,0,0,1,1,47,2.70805020110221,7,8,56,739240.8333333334,2,1,0,1,0,0,0,0,0,0,0,0,0,0,1,0,0,1,0,0,0,1,0,0,0,0,1,0,0,0,1,0,0
R0105,2,1,1,2026-04-27 11:40:58,800000.0,Up,360000.0,360000.0,0.0,0.0,0,0,360000.0,0.0,360000.0,360000.0,0.0,0.0,0.0,0.0,0.0,Stable,0,0,1,4,4,2,0,1,1,0,0,0,0,0,23,1.791759469228055,6,2,12,518297.0,0,0,0,0,0,1,0,0,1,0,0,0,0,1,0,0,0,0,0,0,0,1,0,1,0,0,0,0,0,0,0,1,1
R0105,3,2,2,2026-04-20 11:40:58,790000.0,Stable,800000.0,800000.0,360000.0,0.0,1,0,580000.0,220000.0,360000.0,800000.0,440000.0,440000.0,1.2222222222222223,440000.0,1.2222222222222223,Up,1,0,0,4,3,2,0,0,0,0,0,0,0,0,23,1.791759469228055,6,2,12,518297.0,0,0,0,0,0,1,0,0,1,0,0,0,0,1,0,0,0,0,0,0,0,1,0,1,0,0,0,0,0,0,0,1,2
R0105,4,3,3,2026-04-13 11:40:58,6800.0,Down,790000.0,790000.0,800000.0,360000.0,1,1,650000.0,205101.6008388688,360000.0,800000.0,440000.0,-10000.0,-0.0125,-10000.0,-0.0125,Stable,0,0,1,4,2,2,0,0,0,0,0,0,0,0,23,1.791759469228055,6,2,12,518297.0,0,0,0,0,0,1,0,0,1,0,0,0,0,1,0,0,0,0,0,0,0,1,0,1,0,0,0,0,0,0,0,1,1
R0106,2,1,1,2026-04-27 11:51:10,16800.0,Down,75000.0,75000.0,0.0,0.0,0,0,75000.0,0.0,75000.0,75000.0,0.0,0.0,0.0,0.0,0.0,Stable,0,0,1,4,4,2,0,1,1,0,0,0,0,5,24,2.995732273553991,4,5,20,550782.7152777778,0,4,0,0,0,0,0,0,0,0,0,1,0,0,0,0,0,1,1,0,0,1,0,0,0,1,0,0,0,0,1,0,1
R0106,3,2,2,2026-04-20 11:51:10,175000.0,Up,16800.0,16800.0,75000.0,0.0,1,0,45900.0,29100.0,16800.0,75000.0,58200.0,-58200.0,-0.776,-58200.0,-0.776,Down,0,1,0,4,3,2,0,0,0,0,0,0,0,5,24,2.995732273553991,4,5,20,550782.7152777778,0,4,0,0,0,0,0,0,0,0,0,1,0,0,0,0,0,1,1,0,0,1,0,0,0,1,0,0,0,0,1,0,0
R0106,4,3,3,2026-04-13 11:51:10,170000.0,Stable,175000.0,175000.0,16800.0,75000.0,1,1,88933.33333333333,65332.04080354107,16800.0,175000.0,158200.0,158200.0,9.416666666666666,158200.0,9.416666666666666,Up,1,0,0,4,2,2,0,0,0,0,0,0,0,5,24,2.995732273553991,4,5,20,550782.7152777778,0,4,0,0,0,0,0,0,0,0,0,1,0,0,0,0,0,1,1,0,0,1,0,0,0,1,0,0,0,0,1,0,2
R0107,2,1,1,2026-04-27 11:55:33,340000.0,Up,190000.0,190000.0,0.0,0.0,0,0,190000.0,0.0,190000.0,190000.0,0.0,0.0,0.0,0.0,0.0,Stable,0,0,1,4,4,2,0,1,1,0,0,0,0,1,28,3.5553480614894135,4,5,20,739240.8333333334,0,3,0,0,0,1,0,0,1,0,0,1,1,1,1,0,0,0,0,0,0,1,1,0,0,1,1,0,1,0,0,1,1
R0107,3,2,2,2026-04-20 11:55:33,540000.0,Up,340000.0,340000.0,190000.0,0.0,1,0,265000.0,75000.0,190000.0,340000.0,150000.0,150000.0,0.7894736842105263,150000.0,0.7894736842105263,Up,1,0,0,4,3,2,0,0,0,0,0,0,0,1,28,3.5553480614894135,4,5,20,739240.8333333334,0,3,0,0,0,1,0,0,1,0,0,1,1,1,1,0,0,0,0,0,0,1,1,0,0,1,1,0,1,0,0,1,2
R0107,4,3,3,2026-04-13 11:55:33,440000.0,Down,540000.0,540000.0,340000.0,190000.0,1,1,356666.6666666667,143372.08778404378,190000.0,540000.0,350000.0,200000.0,0.5882352941176471,200000.0,0.5882352941176471,Up,1,0,0,4,2,2,0,0,0,0,0,0,0,1,28,3.5553480614894135,4,5,20,739240.8333333334,0,3,0,0,0,1,0,0,1,0,0,1,1,1,1,0,0,0,0,0,0,1,1,0,0,1,1,0,1,0,0,1,2
R0108,2,1,1,2026-04-27 12:05:56,350000.0,Up,230000.0,230000.0,0.0,0.0,0,0,230000.0,0.0,230000.0,230000.0,0.0,0.0,0.0,0.0,0.0,Stable,0,0,1,4,4,2,0,1,1,0,0,0,1,2,41,3.332204510175204,7,6,42,442180.75,0,2,0,0,1,0,0,0,0,0,0,0,0,1,0,0,0,0,0,0,0,1,0,0,0,0,0,0,0,0,0,1,1
R0108,3,2,2,2026-04-20 12:05:56,265000.0,Down,350000.0,350000.0,230000.0,0.0,1,0,290000.0,60000.0,230000.0,350000.0,120000.0,120000.0,0.5217391304347826,120000.0,0.5217391304347826,Up,1,0,0,4,3,2,0,0,0,0,0,0,1,2,41,3.332204510175204,7,6,42,442180.75,0,2,0,0,1,0,0,0,0,0,0,0,0,1,0,0,0,0,0,0,0,1,0,0,0,0,0,0,0,0,0,1,2
R0108,4,3,3,2026-04-13 12:05:56,255000.0,Stable,265000.0,265000.0,350000.0,230000.0,1,1,281666.6666666667,50387.38819276991,230000.0,350000.0,120000.0,-85000.0,-0.24285714285714285,-85000.0,-0.24285714285714285,Down,0,1,0,4,2,2,0,0,0,0,0,0,1,2,41,3.332204510175204,7,6,42,442180.75,0,2,0,0,1,0,0,0,0,0,0,0,0,1,0,0,0,0,0,0,0,1,0,0,0,0,0,0,0,0,0,1,0
R0109,2,1,1,2026-04-27 12:34:05,730000.0,Down,850000.0,850000.0,0.0,0.0,0,0,850000.0,0.0,850000.0,850000.0,0.0,0.0,0.0,0.0,0.0,Stable,0,0,1,4,4,2,0,1,1,0,0,0,2,1,25,4.0943445622221,5,7,35,739240.8333333334,2,3,0,0,0,0,0,0,0,0,0,1,0,1,0,0,0,0,0,0,0,1,0,0,0,0,0,0,0,0,0,1,1
R0109,3,2,2,2026-04-20 12:34:05,900000.0,Up,730000.0,730000.0,850000.0,0.0,1,0,790000.0,60000.0,730000.0,850000.0,120000.0,-120000.0,-0.1411764705882353,-120000.0,-0.1411764705882353,Down,0,1,0,4,3,2,0,0,0,0,0,0,2,1,25,4.0943445622221,5,7,35,739240.8333333334,2,3,0,0,0,0,0,0,0,0,0,1,0,1,0,0,0,0,0,0,0,1,0,0,0,0,0,0,0,0,0,1,0
R0109,4,3,3,2026-04-13 12:34:05,875000.0,Stable,900000.0,900000.0,730000.0,850000.0,1,1,826666.6666666666,71336.44853010899,730000.0,900000.0,170000.0,170000.0,0.2328767123287671,170000.0,0.2328767123287671,Up,1,0,0,4,2,2,0,0,0,0,0,0,2,1,25,4.0943445622221,5,7,35,739240.8333333334,2,3,0,0,0,0,0,0,0,0,0,1,0,1,0,0,0,0,0,0,0,1,0,0,0,0,0,0,0,0,0,1,2
R0110,2,1,1,2026-04-27 12:36:58,130000.0,Down,150000.0,150000.0,0.0,0.0,0,0,150000.0,0.0,150000.0,150000.0,0.0,0.0,0.0,0.0,0.0,Stable,0,0,1,4,4,2,0,1,1,0,0,0,0,4,21,2.3978952727983707,4,8,32,653189.75,2,0,0,0,0,1,0,1,1,1,0,1,0,0,0,1,0,0,0,0,0,1,0,1,0,1,0,1,0,0,0,0,1
R0110,3,2,2,2026-04-20 12:36:58,235000.0,Up,130000.0,130000.0,150000.0,0.0,1,0,140000.0,10000.0,130000.0,150000.0,20000.0,-20000.0,-0.13333333333333333,-20000.0,-0.13333333333333333,Down,0,1,0,4,3,2,0,0,0,0,0,0,0,4,21,2.3978952727983707,4,8,32,653189.75,2,0,0,0,0,1,0,1,1,1,0,1,0,0,0,1,0,0,0,0,0,1,0,1,0,1,0,1,0,0,0,0,0
R0110,4,3,3,2026-04-13 12:36:58,160000.0,Down,235000.0,235000.0,130000.0,150000.0,1,1,171666.66666666666,45521.66761249221,130000.0,235000.0,105000.0,105000.0,0.8076923076923077,105000.0,0.8076923076923077,Up,1,0,0,4,2,2,0,0,0,0,0,0,0,4,21,2.3978952727983707,4,8,32,653189.75,2,0,0,0,0,1,0,1,1,1,0,1,0,0,0,1,0,0,0,0,0,1,0,1,0,1,0,1,0,0,0,0,2
R0111,2,1,1,2026-04-27 12:47:39,725000.0,Up,520000.0,520000.0,0.0,0.0,0,0,520000.0,0.0,520000.0,520000.0,0.0,0.0,0.0,0.0,0.0,Stable,0,0,1,4,4,2,0,1,1,0,0,0,1,3,31,1.791759469228055,7,7,49,460955.5,2,0,0,0,1,0,0,0,0,0,0,0,0,1,0,0,0,0,0,0,1,1,0,0,0,0,0,0,0,0,0,1,1
R0111,3,2,2,2026-04-20 12:47:39,560000.0,Down,725000.0,725000.0,520000.0,0.0,1,0,622500.0,102500.0,520000.0,725000.0,205000.0,205000.0,0.3942307692307692,205000.0,0.3942307692307692,Up,1,0,0,4,3,2,0,0,0,0,0,0,1,3,31,1.791759469228055,7,7,49,460955.5,2,0,0,0,1,0,0,0,0,0,0,0,0,1,0,0,0,0,0,0,1,1,0,0,0,0,0,0,0,0,0,1,2
R0111,4,3,3,2026-04-13 12:47:39,675000.0,Up,560000.0,560000.0,725000.0,520000.0,1,1,601666.6666666666,88725.54436137443,520000.0,725000.0,205000.0,-165000.0,-0.22758620689655173,-165000.0,-0.22758620689655173,Down,0,1,0,4,2,2,0,0,0,0,0,0,1,3,31,1.791759469228055,7,7,49,460955.5,2,0,0,0,1,0,0,0,0,0,0,0,0,1,0,0,0,0,0,0,1,1,0,0,0,0,0,0,0,0,0,1,0
R0112,2,1,1,2026-04-27 13:05:15,580000.0,Up,425000.0,425000.0,0.0,0.0,0,0,425000.0,0.0,425000.0,425000.0,0.0,0.0,0.0,0.0,0.0,Stable,0,0,1,4,4,2,0,1,1,0,0,0,2,1,26,2.70805020110221,5,9,45,739240.8333333334,1,2,0,0,0,0,0,0,0,0,0,1,0,0,1,0,0,1,0,0,1,1,1,0,0,0,1,0,0,0,1,0,1
R0112,3,2,2,2026-04-20 13:05:15,360000.0,Down,580000.0,580000.0,425000.0,0.0,1,0,502500.0,77500.0,425000.0,580000.0,155000.0,155000.0,0.36470588235294116,155000.0,0.36470588235294116,Up,1,0,0,4,3,2,0,0,0,0,0,0,2,1,26,2.70805020110221,5,9,45,739240.8333333334,1,2,0,0,0,0,0,0,0,0,0,1,0,0,1,0,0,1,0,0,1,1,1,0,0,0,1,0,0,0,1,0,2
R0112,4,3,3,2026-04-13 13:05:15,350000.0,Stable,360000.0,360000.0,580000.0,425000.0,1,1,455000.0,92285.78799938085,360000.0,580000.0,220000.0,-220000.0,-0.3793103448275862,-220000.0,-0.3793103448275862,Down,0,1,0,4,2,2,0,0,0,0,0,0,2,1,26,2.70805020110221,5,9,45,739240.8333333334,1,2,0,0,0,0,0,0,0,0,0,1,0,0,1,0,0,1,0,0,1,1,1,0,0,0,1,0,0,0,1,0,0
R0113,2,1,1,2026-04-27 13:49:51,625000.0,Down,820000.0,820000.0,0.0,0.0,0,0,820000.0,0.0,820000.0,820000.0,0.0,0.0,0.0,0.0,0.0,Stable,0,0,1,4,4,2,0,1,1,0,0,0,0,2,35,4.02535169073515,7,11,77,442180.75,2,3,0,1,0,0,0,1,0,0,0,0,0,0,1,0,0,0,0,0,0,1,0,0,0,0,1,0,0,0,0,0,1
R0113,3,2,2,2026-04-20 13:49:51,1290000.0,Up,625000.0,625000.0,820000.0,0.0,1,0,722500.0,97500.0,625000.0,820000.0,195000.0,-195000.0,-0.23780487804878048,-195000.0,-0.23780487804878048,Down,0,1,0,4,3,2,0,0,0,0,0,0,0,2,35,4.02535169073515,7,11,77,442180.75,2,3,0,1,0,0,0,1,0,0,0,0,0,0,1,0,0,0,0,0,0,1,0,0,0,0,1,0,0,0,0,0,0
R0113,4,3,3,2026-04-13 13:49:51,605000.0,Down,1290000.0,1290000.0,625000.0,820000.0,1,1,911666.6666666666,279115.66698334145,625000.0,1290000.0,665000.0,665000.0,1.064,665000.0,1.064,Up,1,0,0,4,2,2,0,0,0,0,0,0,0,2,35,4.02535169073515,7,11,77,442180.75,2,3,0,1,0,0,0,1,0,0,0,0,0,0,1,0,0,0,0,0,0,1,0,0,0,0,1,0,0,0,0,0,2
R0114,2,1,1,2026-04-27 14:57:27,1170000.0,Up,970000.0,970000.0,0.0,0.0,0,0,970000.0,0.0,970000.0,970000.0,0.0,0.0,0.0,0.0,0.0,Stable,0,0,1,4,4,2,0,1,1,0,0,0,1,5,42,3.9512437185814275,5,9,45,550782.7152777778,2,0,0,0,1,0,0,0,0,0,0,0,0,0,1,0,0,1,0,0,1,1,0,1,0,0,1,0,0,0,1,0,1
R0114,3,2,2,2026-04-20 14:57:27,1075000.0,Down,1170000.0,1170000.0,970000.0,0.0,1,0,1070000.0,100000.0,970000.0,1170000.0,200000.0,200000.0,0.20618556701030927,200000.0,0.20618556701030927,Up,1,0,0,4,3,2,0,0,0,0,0,0,1,5,42,3.9512437185814275,5,9,45,550782.7152777778,2,0,0,0,1,0,0,0,0,0,0,0,0,0,1,0,0,1,0,0,1,1,0,1,0,0,1,0,0,0,1,0,2
R0114,4,3,3,2026-04-13 14:57:27,1060000.0,Stable,1075000.0,1075000.0,1170000.0,970000.0,1,1,1071666.6666666667,81683.67169895231,970000.0,1170000.0,200000.0,-95000.0,-0.0811965811965812,-95000.0,-0.0811965811965812,Down,0,1,0,4,2,2,0,0,0,0,0,0,1,5,42,3.9512437185814275,5,9,45,550782.7152777778,2,0,0,0,1,0,0,0,0,0,0,0,0,0,1,0,0,1,0,0,1,1,0,1,0,0,1,0,0,0,1,0,0
R0115,2,1,1,2026-04-27 15:14:13,510000.0,Stable,500000.0,500000.0,0.0,0.0,0,0,500000.0,0.0,500000.0,500000.0,0.0,0.0,0.0,0.0,0.0,Stable,0,0,1,4,4,2,0,1,1,0,0,0,1,1,32,3.332204510175204,7,8,56,739240.8333333334,2,4,0,1,0,0,0,0,0,0,0,0,0,0,0,0,0,0,0,0,1,1,0,0,0,0,0,0,0,0,0,0,1
R0115,3,2,2,2026-04-20 15:14:13,550000.0,Up,510000.0,510000.0,500000.0,0.0,1,0,505000.0,5000.0,500000.0,510000.0,10000.0,10000.0,0.02,10000.0,0.02,Stable,0,0,1,4,3,2,0,0,0,0,0,0,1,1,32,3.332204510175204,7,8,56,739240.8333333334,2,4,0,1,0,0,0,0,0,0,0,0,0,0,0,0,0,0,0,0,1,1,0,0,0,0,0,0,0,0,0,0,1
R0115,4,3,3,2026-04-13 15:14:13,565000.0,Stable,550000.0,550000.0,510000.0,500000.0,1,1,520000.0,21602.468994692867,500000.0,550000.0,50000.0,40000.0,0.0784313725490196,40000.0,0.0784313725490196,Up,1,0,0,4,2,2,0,0,0,0,0,0,1,1,32,3.332204510175204,7,8,56,739240.8333333334,2,4,0,1,0,0,0,0,0,0,0,0,0,0,0,0,0,0,0,0,1,1,0,0,0,0,0,0,0,0,0,0,2
R0116,2,1,1,2026-04-27 15:54:58,170000.0,Down,340000.0,340000.0,0.0,0.0,0,0,340000.0,0.0,340000.0,340000.0,0.0,0.0,0.0,0.0,0.0,Stable,0,0,1,4,4,2,0,1,1,0,0,0,2,1,27,2.8903717578961645,3,6,18,739240.8333333334,1,1,0,0,0,0,0,0,0,0,0,1,0,1,0,0,0,1,0,0,0,1,0,0,0,0,0,0,0,0,1,1,1
R0116,3,2,2,2026-04-20 15:54:58,200000.0,Up,170000.0,170000.0,340000.0,0.0,1,0,255000.0,85000.0,170000.0,340000.0,170000.0,-170000.0,-0.5,-170000.0,-0.5,Down,0,1,0,4,3,2,0,0,0,0,0,0,2,1,27,2.8903717578961645,3,6,18,739240.8333333334,1,1,0,0,0,0,0,0,0,0,0,1,0,1,0,0,0,1,0,0,0,1,0,0,0,0,0,0,0,0,1,1,0
R0116,4,3,3,2026-04-13 15:54:58,340000.0,Up,200000.0,200000.0,170000.0,340000.0,1,1,236666.66666666666,74087.03590297623,170000.0,340000.0,170000.0,30000.0,0.17647058823529413,30000.0,0.17647058823529413,Up,1,0,0,4,2,2,0,0,0,0,0,0,2,1,27,2.8903717578961645,3,6,18,739240.8333333334,1,1,0,0,0,0,0,0,0,0,0,1,0,1,0,0,0,1,0,0,0,1,0,0,0,0,0,0,0,0,1,1,2
R0117,2,1,1,2026-04-27 15:58:05,250000.0,Down,280000.0,280000.0,0.0,0.0,0,0,280000.0,0.0,280000.0,280000.0,0.0,0.0,0.0,0.0,0.0,Stable,0,0,1,4,4,2,0,1,1,0,0,0,2,6,29,2.302585092994046,6,9,54,559306.0,2,1,0,0,0,0,0,0,0,0,0,1,0,1,1,0,0,0,0,0,0,1,0,0,0,0,1,0,0,0,0,1,1
R0117,3,2,2,2026-04-20 15:58:05,275000.0,Up,250000.0,250000.0,280000.0,0.0,1,0,265000.0,15000.0,250000.0,280000.0,30000.0,-30000.0,-0.10714285714285714,-30000.0,-0.10714285714285714,Down,0,1,0,4,3,2,0,0,0,0,0,0,2,6,29,2.302585092994046,6,9,54,559306.0,2,1,0,0,0,0,0,0,0,0,0,1,0,1,1,0,0,0,0,0,0,1,0,0,0,0,1,0,0,0,0,1,0
R0117,4,3,3,2026-04-13 15:58:05,275000.0,Stable,275000.0,275000.0,250000.0,280000.0,1,1,268333.3333333333,13123.346456686353,250000.0,280000.0,30000.0,25000.0,0.1,25000.0,0.1,Up,1,0,0,4,2,2,0,0,0,0,0,0,2,6,29,2.302585092994046,6,9,54,559306.0,2,1,0,0,0,0,0,0,0,0,0,1,0,1,1,0,0,0,0,0,0,1,0,0,0,0,1,0,0,0,0,1,2
R0118,2,1,1,2026-04-27 16:08:00,975000.0,Up,600000.0,600000.0,0.0,0.0,0,0,600000.0,0.0,600000.0,600000.0,0.0,0.0,0.0,0.0,0.0,Stable,0,0,1,4,4,2,0,1,1,0,0,0,0,2,19,1.9459101490553132,3,6,18,442180.75,2,2,0,0,0,0,0,0,0,0,0,1,1,0,1,0,0,0,0,0,0,1,0,0,1,0,1,0,1,0,0,0,1
R0118,3,2,2,2026-04-20 16:08:00,950000.0,Stable,975000.0,975000.0,600000.0,0.0,1,0,787500.0,187500.0,600000.0,975000.0,375000.0,375000.0,0.625,375000.0,0.625,Up,1,0,0,4,3,2,0,0,0,0,0,0,0,2,19,1.9459101490553132,3,6,18,442180.75,2,2,0,0,0,0,0,0,0,0,0,1,1,0,1,0,0,0,0,0,0,1,0,0,1,0,1,0,1,0,0,0,2
R0118,4,3,3,2026-04-13 16:08:00,700000.0,Down,950000.0,950000.0,975000.0,600000.0,1,1,841666.6666666666,171188.6548681178,600000.0,975000.0,375000.0,-25000.0,-0.02564102564102564,-25000.0,-0.02564102564102564,Stable,0,0,1,4,2,2,0,0,0,0,0,0,0,2,19,1.9459101490553132,3,6,18,442180.75,2,2,0,0,0,0,0,0,0,0,0,1,1,0,1,0,0,0,0,0,0,1,0,0,1,0,1,0,1,0,0,0,1
R0119,2,1,1,2026-04-27 16:33:08,16800.0,Down,155000.0,155000.0,0.0,0.0,0,0,155000.0,0.0,155000.0,155000.0,0.0,0.0,0.0,0.0,0.0,Stable,0,0,1,4,4,2,0,1,1,0,0,0,0,2,17,3.8712010109078907,4,4,16,442180.75,1,2,0,0,0,1,0,0,1,0,0,0,0,0,0,0,0,1,1,0,0,1,0,0,0,1,0,0,0,0,1,0,1
R0119,3,2,2,2026-04-20 16:33:08,10000.0,Down,16800.0,16800.0,155000.0,0.0,1,0,85900.0,69100.0,16800.0,155000.0,138200.0,-138200.0,-0.8916129032258064,-138200.0,-0.8916129032258064,Down,0,1,0,4,3,2,0,0,0,0,0,0,0,2,17,3.8712010109078907,4,4,16,442180.75,1,2,0,0,0,1,0,0,1,0,0,0,0,0,0,0,0,1,1,0,0,1,0,0,0,1,0,0,0,0,1,0,0
R0119,4,3,3,2026-04-13 16:33:08,10000.0,Stable,10000.0,10000.0,16800.0,155000.0,1,1,60600.0,66808.58228301711,10000.0,155000.0,145000.0,-6800.0,-0.40476190476190477,-6800.0,-0.40476190476190477,Down,0,1,0,4,2,2,0,0,0,0,0,0,0,2,17,3.8712010109078907,4,4,16,442180.75,1,2,0,0,0,1,0,0,1,0,0,0,0,0,0,0,0,1,1,0,0,1,0,0,0,1,0,0,0,0,1,0,0
R0120,2,1,1,2026-04-27 16:43:07,350000.0,Up,320000.0,320000.0,0.0,0.0,0,0,320000.0,0.0,320000.0,320000.0,0.0,0.0,0.0,0.0,0.0,Stable,0,0,1,4,4,2,0,1,1,0,0,0,2,0,41,3.9889840465642745,3,7,21,518297.0,0,4,0,0,0,0,0,0,0,0,0,1,0,1,1,0,0,1,0,0,1,1,1,0,0,0,1,0,0,0,1,1,1
R0120,3,2,2,2026-04-20 16:43:07,180000.0,Down,350000.0,350000.0,320000.0,0.0,1,0,335000.0,15000.0,320000.0,350000.0,30000.0,30000.0,0.09375,30000.0,0.09375,Up,1,0,0,4,3,2,0,0,0,0,0,0,2,0,41,3.9889840465642745,3,7,21,518297.0,0,4,0,0,0,0,0,0,0,0,0,1,0,1,1,0,0,1,0,0,1,1,1,0,0,0,1,0,0,0,1,1,2
R0120,4,3,3,2026-04-13 16:43:07,6800.0,Down,180000.0,180000.0,350000.0,320000.0,1,1,283333.3333333333,74087.03590297623,180000.0,350000.0,170000.0,-170000.0,-0.4857142857142857,-170000.0,-0.4857142857142857,Down,0,1,0,4,2,2,0,0,0,0,0,0,2,0,41,3.9889840465642745,3,7,21,518297.0,0,4,0,0,0,0,0,0,0,0,0,1,0,1,1,0,0,1,0,0,1,1,1,0,0,0,1,0,0,0,1,1,0
R0121,2,1,1,2026-04-27 17:32:04,830000.0,Up,525000.0,525000.0,0.0,0.0,0,0,525000.0,0.0,525000.0,525000.0,0.0,0.0,0.0,0.0,0.0,Stable,0,0,1,4,4,2,0,1,1,0,0,0,0,1,17,2.1972245773362196,5,6,30,739240.8333333334,1,2,0,0,0,0,0,0,0,0,0,1,1,0,1,0,0,0,0,0,1,1,0,0,1,0,1,0,1,0,0,0,1
R0121,3,2,2,2026-04-20 17:32:04,750000.0,Down,830000.0,830000.0,525000.0,0.0,1,0,677500.0,152500.0,525000.0,830000.0,305000.0,305000.0,0.580952380952381,305000.0,0.580952380952381,Up,1,0,0,4,3,2,0,0,0,0,0,0,0,1,17,2.1972245773362196,5,6,30,739240.8333333334,1,2,0,0,0,0,0,0,0,0,0,1,1,0,1,0,0,0,0,0,1,1,0,0,1,0,1,0,1,0,0,0,2
R0121,4,3,3,2026-04-13 17:32:04,525000.0,Down,750000.0,750000.0,830000.0,525000.0,1,1,701666.6666666666,129120.9596549771,525000.0,830000.0,305000.0,-80000.0,-0.0963855421686747,-80000.0,-0.0963855421686747,Down,0,1,0,4,2,2,0,0,0,0,0,0,0,1,17,2.1972245773362196,5,6,30,739240.8333333334,1,2,0,0,0,0,0,0,0,0,0,1,1,0,1,0,0,0,0,0,1,1,0,0,1,0,1,0,1,0,0,0,0
R0122,2,1,1,2026-04-27 17:51:28,580000.0,Down,740000.0,740000.0,0.0,0.0,0,0,740000.0,0.0,740000.0,740000.0,0.0,0.0,0.0,0.0,0.0,Stable,0,0,1,4,4,2,0,1,1,0,0,0,0,1,18,2.3978952727983707,6,8,48,739240.8333333334,1,1,0,0,0,1,0,1,1,1,0,1,1,0,0,1,0,1,0,0,0,1,0,1,0,1,0,1,1,0,1,0,1
R0122,3,2,2,2026-04-20 17:51:28,725000.0,Up,580000.0,580000.0,740000.0,0.0,1,0,660000.0,80000.0,580000.0,740000.0,160000.0,-160000.0,-0.21621621621621623,-160000.0,-0.21621621621621623,Down,0,1,0,4,3,2,0,0,0,0,0,0,0,1,18,2.3978952727983707,6,8,48,739240.8333333334,1,1,0,0,0,1,0,1,1,1,0,1,1,0,0,1,0,1,0,0,0,1,0,1,0,1,0,1,1,0,1,0,0
R0122,4,3,3,2026-04-13 17:51:28,675000.0,Down,725000.0,725000.0,580000.0,740000.0,1,1,681666.6666666666,72149.53607304454,580000.0,740000.0,160000.0,145000.0,0.25,145000.0,0.25,Up,1,0,0,4,2,2,0,0,0,0,0,0,0,1,18,2.3978952727983707,6,8,48,739240.8333333334,1,1,0,0,0,1,0,1,1,1,0,1,1,0,0,1,0,1,0,0,0,1,0,1,0,1,0,1,1,0,1,0,2
R0123,2,1,1,2026-04-27 18:01:09,190000.0,Stable,200000.0,200000.0,0.0,0.0,0,0,200000.0,0.0,200000.0,200000.0,0.0,0.0,0.0,0.0,0.0,Stable,0,0,1,4,4,2,0,1,1,0,0,0,0,5,21,2.772588722239781,6,3,18,550782.7152777778,0,1,0,0,0,1,0,0,1,0,0,0,1,0,1,0,0,0,0,0,1,1,0,0,0,0,1,0,1,0,0,0,1
R0123,3,2,2,2026-04-20 18:01:09,175000.0,Down,190000.0,190000.0,200000.0,0.0,1,0,195000.0,5000.0,190000.0,200000.0,10000.0,-10000.0,-0.05,-10000.0,-0.05,Stable,0,0,1,4,3,2,0,0,0,0,0,0,0,5,21,2.772588722239781,6,3,18,550782.7152777778,0,1,0,0,0,1,0,0,1,0,0,0,1,0,1,0,0,0,0,0,1,1,0,0,0,0,1,0,1,0,0,0,1
R0123,4,3,3,2026-04-13 18:01:09,170000.0,Stable,175000.0,175000.0,190000.0,200000.0,1,1,188333.33333333334,10274.023338281626,175000.0,200000.0,25000.0,-15000.0,-0.07894736842105263,-15000.0,-0.07894736842105263,Down,0,1,0,4,2,2,0,0,0,0,0,0,0,5,21,2.772588722239781,6,3,18,550782.7152777778,0,1,0,0,0,1,0,0,1,0,0,0,1,0,1,0,0,0,0,0,1,1,0,0,0,0,1,0,1,0,0,0,0
R0124,2,1,1,2026-04-27 18:29:29,795000.0,Stable,800000.0,800000.0,0.0,0.0,0,0,800000.0,0.0,800000.0,800000.0,0.0,0.0,0.0,0.0,0.0,Stable,0,0,1,4,4,2,0,1,1,0,0,0,0,2,21,1.0986122886681096,5,8,40,442180.75,2,4,0,0,1,0,0,1,0,0,0,0,0,1,0,0,1,0,0,0,0,1,0,1,0,0,0,0,0,1,0,1,1
R0124,3,2,2,2026-04-20 18:29:29,820000.0,Stable,795000.0,795000.0,800000.0,0.0,1,0,797500.0,2500.0,795000.0,800000.0,5000.0,-5000.0,-0.00625,-5000.0,-0.00625,Stable,0,0,1,4,3,2,0,0,0,0,0,0,0,2,21,1.0986122886681096,5,8,40,442180.75,2,4,0,0,1,0,0,1,0,0,0,0,0,1,0,0,1,0,0,0,0,1,0,1,0,0,0,0,0,1,0,1,1
R0124,4,3,3,2026-04-13 18:29:29,925000.0,Up,820000.0,820000.0,795000.0,800000.0,1,1,805000.0,10801.234497346433,795000.0,820000.0,25000.0,25000.0,0.031446540880503145,25000.0,0.031446540880503145,Stable,0,0,1,4,2,2,0,0,0,0,0,0,0,2,21,1.0986122886681096,5,8,40,442180.75,2,4,0,0,1,0,0,1,0,0,0,0,0,1,0,0,1,0,0,0,0,1,0,1,0,0,0,0,0,1,0,1,1
R0125,2,1,1,2026-04-27 18:37:34,365000.0,Down,520000.0,520000.0,0.0,0.0,0,0,520000.0,0.0,520000.0,520000.0,0.0,0.0,0.0,0.0,0.0,Stable,0,0,1,4,4,2,0,1,1,0,0,0,0,1,20,2.639057329615259,4,4,16,739240.8333333334,0,1,0,0,0,1,0,0,1,0,0,1,0,1,0,0,0,0,0,0,0,1,0,0,0,0,0,0,0,0,0,1,1
R0125,3,2,2,2026-04-20 18:37:34,410000.0,Up,365000.0,365000.0,520000.0,0.0,1,0,442500.0,77500.0,365000.0,520000.0,155000.0,-155000.0,-0.2980769230769231,-155000.0,-0.2980769230769231,Down,0,1,0,4,3,2,0,0,0,0,0,0,0,1,20,2.639057329615259,4,4,16,739240.8333333334,0,1,0,0,0,1,0,0,1,0,0,1,0,1,0,0,0,0,0,0,0,1,0,0,0,0,0,0,0,0,0,1,0
R0125,4,3,3,2026-04-13 18:37:34,245000.0,Down,410000.0,410000.0,365000.0,520000.0,1,1,431666.6666666667,65106.7499487487,365000.0,520000.0,155000.0,45000.0,0.1232876712328767,45000.0,0.1232876712328767,Up,1,0,0,4,2,2,0,0,0,0,0,0,0,1,20,2.639057329615259,4,4,16,739240.8333333334,0,1,0,0,0,1,0,0,1,0,0,1,0,1,0,0,0,0,0,0,0,1,0,0,0,0,0,0,0,0,0,1,2
R0126,2,1,1,2026-04-27 19:12:23,1240000.0,Up,420000.0,420000.0,0.0,0.0,0,0,420000.0,0.0,420000.0,420000.0,0.0,0.0,0.0,0.0,0.0,Stable,0,0,1,4,4,2,0,1,1,0,0,0,0,1,30,3.1780538303479458,7,10,70,739240.8333333334,2,4,0,0,0,0,0,1,0,0,0,0,0,0,0,0,1,0,0,0,0,1,0,0,0,0,0,0,0,1,0,0,1
R0126,3,2,2,2026-04-20 19:12:23,565000.0,Down,1240000.0,1240000.0,420000.0,0.0,1,0,830000.0,410000.0,420000.0,1240000.0,820000.0,820000.0,1.9523809523809523,820000.0,1.9523809523809523,Up,1,0,0,4,3,2,0,0,0,0,0,0,0,1,30,3.1780538303479458,7,10,70,739240.8333333334,2,4,0,0,0,0,0,1,0,0,0,0,0,0,0,0,1,0,0,0,0,1,0,0,0,0,0,0,0,1,0,0,2
R0126,4,3,3,2026-04-13 19:12:23,1240000.0,Up,565000.0,565000.0,1240000.0,420000.0,1,1,741666.6666666666,357312.49939264957,420000.0,1240000.0,820000.0,-675000.0,-0.5443548387096774,-675000.0,-0.5443548387096774,Down,0,1,0,4,2,2,0,0,0,0,0,0,0,1,30,3.1780538303479458,7,10,70,739240.8333333334,2,4,0,0,0,0,0,1,0,0,0,0,0,0,0,0,1,0,0,0,0,1,0,0,0,0,0,0,0,1,0,0,0
R0127,2,1,1,2026-04-27 19:17:16,740000.0,Down,850000.0,850000.0,0.0,0.0,0,0,850000.0,0.0,850000.0,850000.0,0.0,0.0,0.0,0.0,0.0,Stable,0,0,1,4,4,2,0,1,1,0,0,0,0,0,19,3.6109179126442243,5,5,25,518297.0,2,1,0,0,0,1,0,0,1,0,0,0,1,0,1,0,0,1,0,0,1,1,0,0,0,0,1,0,1,0,1,0,1
R0127,3,2,2,2026-04-20 19:17:16,795000.0,Up,740000.0,740000.0,850000.0,0.0,1,0,795000.0,55000.0,740000.0,850000.0,110000.0,-110000.0,-0.12941176470588237,-110000.0,-0.12941176470588237,Down,0,1,0,4,3,2,0,0,0,0,0,0,0,0,19,3.6109179126442243,5,5,25,518297.0,2,1,0,0,0,1,0,0,1,0,0,0,1,0,1,0,0,1,0,0,1,1,0,0,0,0,1,0,1,0,1,0,0
R0127,4,3,3,2026-04-13 19:17:16,640000.0,Down,795000.0,795000.0,740000.0,850000.0,1,1,795000.0,44907.31195102493,740000.0,850000.0,110000.0,55000.0,0.07432432432432433,55000.0,0.07432432432432433,Up,1,0,0,4,2,2,0,0,0,0,0,0,0,0,19,3.6109179126442243,5,5,25,518297.0,2,1,0,0,0,1,0,0,1,0,0,0,1,0,1,0,0,1,0,0,1,1,0,0,0,0,1,0,1,0,1,0,2
R0128,2,1,1,2026-04-27 19:18:27,16800.0,Down,250000.0,250000.0,0.0,0.0,0,0,250000.0,0.0,250000.0,250000.0,0.0,0.0,0.0,0.0,0.0,Stable,0,0,1,4,4,2,0,1,1,0,0,0,2,5,35,2.1972245773362196,3,8,24,550782.7152777778,1,3,0,0,0,0,0,0,0,0,0,1,0,0,1,0,0,1,0,0,0,1,1,0,0,0,1,0,0,0,1,0,1
R0128,3,2,2,2026-04-20 19:18:27,360000.0,Up,16800.0,16800.0,250000.0,0.0,1,0,133400.0,116600.0,16800.0,250000.0,233200.0,-233200.0,-0.9328,-233200.0,-0.9328,Down,0,1,0,4,3,2,0,0,0,0,0,0,2,5,35,2.1972245773362196,3,8,24,550782.7152777778,1,3,0,0,0,0,0,0,0,0,0,1,0,0,1,0,0,1,0,0,0,1,1,0,0,0,1,0,0,0,1,0,0
R0128,4,3,3,2026-04-13 19:18:27,275000.0,Down,360000.0,360000.0,16800.0,250000.0,1,1,208933.33333333334,143088.34877639601,16800.0,360000.0,343200.0,343200.0,20.428571428571427,343200.0,20.428571428571427,Up,1,0,0,4,2,2,0,0,0,0,0,0,2,5,35,2.1972245773362196,3,8,24,550782.7152777778,1,3,0,0,0,0,0,0,0,0,0,1,0,0,1,0,0,1,0,0,0,1,1,0,0,0,1,0,0,0,1,0,2
R0129,2,1,1,2026-04-27 19:22:45,300000.0,Down,1110000.0,1110000.0,0.0,0.0,0,0,1110000.0,0.0,1110000.0,1110000.0,0.0,0.0,0.0,0.0,0.0,Stable,0,0,1,4,4,2,0,1,1,0,0,0,0,2,26,4.290459441148391,7,6,42,442180.75,1,1,0,0,0,0,0,0,0,0,0,1,0,0,0,0,0,1,1,0,0,1,0,1,0,0,0,0,0,0,1,0,1
R0129,3,2,2,2026-04-20 19:22:45,545000.0,Up,300000.0,300000.0,1110000.0,0.0,1,0,705000.0,405000.0,300000.0,1110000.0,810000.0,-810000.0,-0.7297297297297297,-810000.0,-0.7297297297297297,Down,0,1,0,4,3,2,0,0,0,0,0,0,0,2,26,4.290459441148391,7,6,42,442180.75,1,1,0,0,0,0,0,0,0,0,0,1,0,0,0,0,0,1,1,0,0,1,0,1,0,0,0,0,0,0,1,0,0
R0129,4,3,3,2026-04-13 19:22:45,440000.0,Down,545000.0,545000.0,300000.0,1110000.0,1,1,651666.6666666666,339173.8328481266,300000.0,1110000.0,810000.0,245000.0,0.8166666666666667,245000.0,0.8166666666666667,Up,1,0,0,4,2,2,0,0,0,0,0,0,0,2,26,4.290459441148391,7,6,42,442180.75,1,1,0,0,0,0,0,0,0,0,0,1,0,0,0,0,0,1,1,0,0,1,0,1,0,0,0,0,0,0,1,0,2
R0130,2,1,1,2026-04-27 19:23:30,575000.0,Up,435000.0,435000.0,0.0,0.0,0,0,435000.0,0.0,435000.0,435000.0,0.0,0.0,0.0,0.0,0.0,Stable,0,0,1,4,4,2,0,1,1,0,0,0,0,1,29,2.995732273553991,4,5,20,739240.8333333334,2,4,0,0,0,1,0,0,1,0,0,1,1,0,1,0,0,1,0,0,0,1,0,0,0,0,1,0,1,0,1,0,1
R0130,3,2,2,2026-04-20 19:23:30,1350000.0,Up,575000.0,575000.0,435000.0,0.0,1,0,505000.0,70000.0,435000.0,575000.0,140000.0,140000.0,0.3218390804597701,140000.0,0.3218390804597701,Up,1,0,0,4,3,2,0,0,0,0,0,0,0,1,29,2.995732273553991,4,5,20,739240.8333333334,2,4,0,0,0,1,0,0,1,0,0,1,1,0,1,0,0,1,0,0,0,1,0,0,0,0,1,0,1,0,1,0,2
R0130,4,3,3,2026-04-13 19:23:30,1342800.0,Stable,1350000.0,1350000.0,575000.0,435000.0,1,1,786666.6666666666,402416.31290106627,435000.0,1350000.0,915000.0,775000.0,1.3478260869565217,775000.0,1.3478260869565217,Up,1,0,0,4,2,2,0,0,0,0,0,0,0,1,29,2.995732273553991,4,5,20,739240.8333333334,2,4,0,0,0,1,0,0,1,0,0,1,1,0,1,0,0,1,0,0,0,1,0,0,0,0,1,0,1,0,1,0,2
R0131,2,1,1,2026-04-27 19:26:30,525000.0,Stable,500000.0,500000.0,0.0,0.0,0,0,500000.0,0.0,500000.0,500000.0,0.0,0.0,0.0,0.0,0.0,Stable,0,0,1,4,4,2,0,1,1,0,0,0,0,1,28,2.639057329615259,4,9,36,739240.8333333334,1,3,1,0,0,0,0,0,0,0,0,0,1,0,1,0,0,0,0,0,1,1,0,0,1,0,1,0,1,0,0,0,1
R0131,3,2,2,2026-04-20 19:26:30,490000.0,Down,525000.0,525000.0,500000.0,0.0,1,0,512500.0,12500.0,500000.0,525000.0,25000.0,25000.0,0.05,25000.0,0.05,Stable,0,0,1,4,3,2,0,0,0,0,0,0,0,1,28,2.639057329615259,4,9,36,739240.8333333334,1,3,1,0,0,0,0,0,0,0,0,0,1,0,1,0,0,0,0,0,1,1,0,0,1,0,1,0,1,0,0,0,1
R0131,4,3,3,2026-04-13 19:26:30,490000.0,Stable,490000.0,490000.0,525000.0,500000.0,1,1,505000.0,14719.601443879745,490000.0,525000.0,35000.0,-35000.0,-0.06666666666666667,-35000.0,-0.06666666666666667,Down,0,1,0,4,2,2,0,0,0,0,0,0,0,1,28,2.639057329615259,4,9,36,739240.8333333334,1,3,1,0,0,0,0,0,0,0,0,0,1,0,1,0,0,0,0,0,1,1,0,0,1,0,1,0,1,0,0,0,0
R0132,2,1,1,2026-04-27 19:59:55,170000.0,Stable,175000.0,175000.0,0.0,0.0,0,0,175000.0,0.0,175000.0,175000.0,0.0,0.0,0.0,0.0,0.0,Stable,0,0,1,4,4,2,0,1,1,0,0,0,0,5,25,2.9444389791664403,4,4,16,550782.7152777778,1,0,0,0,0,0,0,0,0,0,0,1,0,1,0,1,0,0,0,0,0,1,0,0,0,0,0,1,0,0,0,1,1
R0132,3,2,2,2026-04-20 19:59:55,170000.0,Stable,170000.0,170000.0,175000.0,0.0,1,0,172500.0,2500.0,170000.0,175000.0,5000.0,-5000.0,-0.02857142857142857,-5000.0,-0.02857142857142857,Stable,0,0,1,4,3,2,0,0,0,0,0,0,0,5,25,2.9444389791664403,4,4,16,550782.7152777778,1,0,0,0,0,0,0,0,0,0,0,1,0,1,0,1,0,0,0,0,0,1,0,0,0,0,0,1,0,0,0,1,1
R0132,4,3,3,2026-04-13 19:59:55,175000.0,Stable,170000.0,170000.0,170000.0,175000.0,1,1,171666.66666666666,2357.0226039551585,170000.0,175000.0,5000.0,0.0,0.0,0.0,0.0,Stable,0,0,1,4,2,2,0,0,0,0,0,0,0,5,25,2.9444389791664403,4,4,16,550782.7152777778,1,0,0,0,0,0,0,0,0,0,0,1,0,1,0,1,0,0,0,0,0,1,0,0,0,0,0,1,0,0,0,1,1
R0133,2,1,1,2026-04-27 20:33:37,940000.0,Stable,900000.0,900000.0,0.0,0.0,0,0,900000.0,0.0,900000.0,900000.0,0.0,0.0,0.0,0.0,0.0,Stable,0,0,1,4,4,2,0,1,1,0,0,0,1,1,40,3.4657359027997265,7,8,56,739240.8333333334,2,1,0,1,0,0,0,0,0,0,0,0,0,0,0,0,1,1,0,0,1,1,0,0,1,0,0,0,0,1,1,0,1
R0133,3,2,2,2026-04-20 20:33:37,930000.0,Stable,940000.0,940000.0,900000.0,0.0,1,0,920000.0,20000.0,900000.0,940000.0,40000.0,40000.0,0.044444444444444446,40000.0,0.044444444444444446,Stable,0,0,1,4,3,2,0,0,0,0,0,0,1,1,40,3.4657359027997265,7,8,56,739240.8333333334,2,1,0,1,0,0,0,0,0,0,0,0,0,0,0,0,1,1,0,0,1,1,0,0,1,0,0,0,0,1,1,0,1
R0133,4,3,3,2026-04-13 20:33:37,910000.0,Stable,930000.0,930000.0,940000.0,900000.0,1,1,923333.3333333334,16996.73171197595,900000.0,940000.0,40000.0,-10000.0,-0.010638297872340425,-10000.0,-0.010638297872340425,Stable,0,0,1,4,2,2,0,0,0,0,0,0,1,1,40,3.4657359027997265,7,8,56,739240.8333333334,2,1,0,1,0,0,0,0,0,0,0,0,0,0,0,0,1,1,0,0,1,1,0,0,1,0,0,0,0,1,1,0,1
R0134,2,1,1,2026-04-27 20:34:22,755000.0,Up,640000.0,640000.0,0.0,0.0,0,0,640000.0,0.0,640000.0,640000.0,0.0,0.0,0.0,0.0,0.0,Stable,0,0,1,4,4,2,0,1,1,0,0,0,0,0,31,3.1354942159291497,6,8,48,518297.0,1,0,0,0,1,0,0,0,0,0,0,0,0,0,1,0,1,0,0,1,0,1,0,1,0,0,1,0,0,1,0,0,1
R0134,3,2,2,2026-04-20 20:34:22,635000.0,Down,755000.0,755000.0,640000.0,0.0,1,0,697500.0,57500.0,640000.0,755000.0,115000.0,115000.0,0.1796875,115000.0,0.1796875,Up,1,0,0,4,3,2,0,0,0,0,0,0,0,0,31,3.1354942159291497,6,8,48,518297.0,1,0,0,0,1,0,0,0,0,0,0,0,0,0,1,0,1,0,0,1,0,1,0,1,0,0,1,0,0,1,0,0,2
R0134,4,3,3,2026-04-13 20:34:22,600000.0,Down,635000.0,635000.0,755000.0,640000.0,1,1,676666.6666666666,55427.63049438631,635000.0,755000.0,120000.0,-120000.0,-0.15894039735099338,-120000.0,-0.15894039735099338,Down,0,1,0,4,2,2,0,0,0,0,0,0,0,0,31,3.1354942159291497,6,8,48,518297.0,1,0,0,0,1,0,0,0,0,0,0,0,0,0,1,0,1,0,0,1,0,1,0,1,0,0,1,0,0,1,0,0,0
R0135,2,1,1,2026-04-27 20:50:06,410000.0,Down,575000.0,575000.0,0.0,0.0,0,0,575000.0,0.0,575000.0,575000.0,0.0,0.0,0.0,0.0,0.0,Stable,0,0,1,4,4,2,0,1,1,0,0,0,2,4,39,3.091042453358316,7,7,49,653189.75,2,1,0,0,0,0,0,0,0,0,0,1,0,1,1,0,0,1,0,0,1,1,0,0,0,0,1,0,0,0,1,1,1
R0135,3,2,2,2026-04-20 20:50:06,570000.0,Up,410000.0,410000.0,575000.0,0.0,1,0,492500.0,82500.0,410000.0,575000.0,165000.0,-165000.0,-0.28695652173913044,-165000.0,-0.28695652173913044,Down,0,1,0,4,3,2,0,0,0,0,0,0,2,4,39,3.091042453358316,7,7,49,653189.75,2,1,0,0,0,0,0,0,0,0,0,1,0,1,1,0,0,1,0,0,1,1,0,0,0,0,1,0,0,0,1,1,0
R0135,4,3,3,2026-04-13 20:50:06,1240000.0,Up,570000.0,570000.0,410000.0,575000.0,1,1,518333.3333333333,76630.42621715099,410000.0,575000.0,165000.0,160000.0,0.3902439024390244,160000.0,0.3902439024390244,Up,1,0,0,4,2,2,0,0,0,0,0,0,2,4,39,3.091042453358316,7,7,49,653189.75,2,1,0,0,0,0,0,0,0,0,0,1,0,1,1,0,0,1,0,0,1,1,0,0,0,0,1,0,0,0,1,1,2
R0136,2,1,1,2026-04-27 21:07:20,685000.0,Down,825000.0,825000.0,0.0,0.0,0,0,825000.0,0.0,825000.0,825000.0,0.0,0.0,0.0,0.0,0.0,Stable,0,0,1,4,4,2,0,1,1,0,0,0,0,1,20,3.4339872044851463,7,4,28,739240.8333333334,1,1,0,0,0,1,0,1,1,1,0,1,0,0,0,1,0,0,0,0,0,1,0,0,0,0,0,1,0,0,0,0,1
R0136,3,2,2,2026-04-20 21:07:20,670000.0,Stable,685000.0,685000.0,825000.0,0.0,1,0,755000.0,70000.0,685000.0,825000.0,140000.0,-140000.0,-0.1696969696969697,-140000.0,-0.1696969696969697,Down,0,1,0,4,3,2,0,0,0,0,0,0,0,1,20,3.4339872044851463,7,4,28,739240.8333333334,1,1,0,0,0,1,0,1,1,1,0,1,0,0,0,1,0,0,0,0,0,1,0,0,0,0,0,1,0,0,0,0,0
R0136,4,3,3,2026-04-13 21:07:20,650000.0,Stable,670000.0,670000.0,685000.0,825000.0,1,1,726666.6666666666,69801.30530457308,670000.0,825000.0,155000.0,-15000.0,-0.021897810218978103,-15000.0,-0.021897810218978103,Stable,0,0,1,4,2,2,0,0,0,0,0,0,0,1,20,3.4339872044851463,7,4,28,739240.8333333334,1,1,0,0,0,1,0,1,1,1,0,1,0,0,0,1,0,0,0,0,0,1,0,0,0,0,0,1,0,0,0,0,1
R0137,2,1,1,2026-04-27 21:08:52,830000.0,Up,520000.0,520000.0,0.0,0.0,0,0,520000.0,0.0,520000.0,520000.0,0.0,0.0,0.0,0.0,0.0,Stable,0,0,1,4,4,2,0,1,1,0,0,0,0,3,25,4.07753744390572,5,8,40,460955.5,1,4,0,0,0,0,0,0,0,0,0,1,0,0,1,0,0,0,0,0,0,1,0,0,0,0,1,0,0,0,0,0,1
R0137,3,2,2,2026-04-20 21:08:52,525000.0,Down,830000.0,830000.0,520000.0,0.0,1,0,675000.0,155000.0,520000.0,830000.0,310000.0,310000.0,0.5961538461538461,310000.0,0.5961538461538461,Up,1,0,0,4,3,2,0,0,0,0,0,0,0,3,25,4.07753744390572,5,8,40,460955.5,1,4,0,0,0,0,0,0,0,0,0,1,0,0,1,0,0,0,0,0,0,1,0,0,0,0,1,0,0,0,0,0,2
R0137,4,3,3,2026-04-13 21:08:52,1025000.0,Up,525000.0,525000.0,830000.0,520000.0,1,1,625000.0,144971.26151988422,520000.0,830000.0,310000.0,-305000.0,-0.3674698795180723,-305000.0,-0.3674698795180723,Down,0,1,0,4,2,2,0,0,0,0,0,0,0,3,25,4.07753744390572,5,8,40,460955.5,1,4,0,0,0,0,0,0,0,0,0,1,0,0,1,0,0,0,0,0,0,1,0,0,0,0,1,0,0,0,0,0,0
R0138,2,1,1,2026-04-27 21:13:04,390000.0,Up,18400.0,18400.0,0.0,0.0,0,0,18400.0,0.0,18400.0,18400.0,0.0,0.0,0.0,0.0,0.0,Stable,0,0,1,4,4,2,0,1,1,0,0,0,0,3,21,3.4657359027997265,5,2,10,460955.5,0,4,0,0,0,1,0,1,1,1,0,0,0,1,0,1,0,0,0,0,0,1,0,0,0,0,0,1,0,0,0,1,1
R0138,3,2,2,2026-04-20 21:13:04,405000.0,Stable,390000.0,390000.0,18400.0,0.0,1,0,204200.0,185800.0,18400.0,390000.0,371600.0,371600.0,20.195652173913043,371600.0,20.195652173913043,Up,1,0,0,4,3,2,0,0,0,0,0,0,0,3,21,3.4657359027997265,5,2,10,460955.5,0,4,0,0,0,1,0,1,1,1,0,0,0,1,0,1,0,0,0,0,0,1,0,0,0,0,0,1,0,0,0,1,2
R0138,4,3,3,2026-04-13 21:13:04,325000.0,Down,405000.0,405000.0,390000.0,18400.0,1,1,271133.3333333333,178814.34195524946,18400.0,405000.0,386600.0,15000.0,0.038461538461538464,15000.0,0.038461538461538464,Stable,0,0,1,4,2,2,0,0,0,0,0,0,0,3,21,3.4657359027997265,5,2,10,460955.5,0,4,0,0,0,1,0,1,1,1,0,0,0,1,0,1,0,0,0,0,0,1,0,0,0,0,0,1,0,0,0,1,1
R0139,2,1,1,2026-04-27 21:13:45,275000.0,Down,300000.0,300000.0,0.0,0.0,0,0,300000.0,0.0,300000.0,300000.0,0.0,0.0,0.0,0.0,0.0,Stable,0,0,1,4,4,2,0,1,1,0,0,0,0,5,27,2.639057329615259,4,4,16,550782.7152777778,0,1,0,0,0,1,0,0,1,0,0,1,1,1,1,0,0,0,0,0,0,1,1,0,0,0,1,0,1,0,0,1,1
R0139,3,2,2,2026-04-20 21:13:45,255000.0,Down,275000.0,275000.0,300000.0,0.0,1,0,287500.0,12500.0,275000.0,300000.0,25000.0,-25000.0,-0.08333333333333333,-25000.0,-0.08333333333333333,Down,0,1,0,4,3,2,0,0,0,0,0,0,0,5,27,2.639057329615259,4,4,16,550782.7152777778,0,1,0,0,0,1,0,0,1,0,0,1,1,1,1,0,0,0,0,0,0,1,1,0,0,0,1,0,1,0,0,1,0
R0139,4,3,3,2026-04-13 21:13:45,250000.0,Stable,255000.0,255000.0,275000.0,300000.0,1,1,276666.6666666667,18408.935028645436,255000.0,300000.0,45000.0,-20000.0,-0.07272727272727272,-20000.0,-0.07272727272727272,Down,0,1,0,4,2,2,0,0,0,0,0,0,0,5,27,2.639057329615259,4,4,16,550782.7152777778,0,1,0,0,0,1,0,0,1,0,0,1,1,1,1,0,0,0,0,0,0,1,1,0,0,0,1,0,1,0,0,1,0
R0140,2,1,1,2026-04-27 21:20:26,410000.0,Down,680000.0,680000.0,0.0,0.0,0,0,680000.0,0.0,680000.0,680000.0,0.0,0.0,0.0,0.0,0.0,Stable,0,0,1,4,4,2,0,1,1,0,0,0,1,1,32,1.0986122886681096,7,9,63,739240.8333333334,2,3,0,1,1,0,0,0,0,0,0,0,0,0,0,0,0,1,0,1,0,1,0,0,0,0,0,0,0,0,1,0,1
R0140,3,2,2,2026-04-20 21:20:26,805000.0,Up,410000.0,410000.0,680000.0,0.0,1,0,545000.0,135000.0,410000.0,680000.0,270000.0,-270000.0,-0.39705882352941174,-270000.0,-0.39705882352941174,Down,0,1,0,4,3,2,0,0,0,0,0,0,1,1,32,1.0986122886681096,7,9,63,739240.8333333334,2,3,0,1,1,0,0,0,0,0,0,0,0,0,0,0,0,1,0,1,0,1,0,0,0,0,0,0,0,0,1,0,0
R0140,4,3,3,2026-04-13 21:20:26,550000.0,Down,805000.0,805000.0,410000.0,680000.0,1,1,631666.6666666666,164839.98975437428,410000.0,805000.0,395000.0,395000.0,0.9634146341463414,395000.0,0.9634146341463414,Up,1,0,0,4,2,2,0,0,0,0,0,0,1,1,32,1.0986122886681096,7,9,63,739240.8333333334,2,3,0,1,1,0,0,0,0,0,0,0,0,0,0,0,0,1,0,1,0,1,0,0,0,0,0,0,0,0,1,0,2
R0141,2,1,1,2026-04-27 21:31:04,210000.0,Down,295000.0,295000.0,0.0,0.0,0,0,295000.0,0.0,295000.0,295000.0,0.0,0.0,0.0,0.0,0.0,Stable,0,0,1,4,4,2,0,1,1,0,0,0,2,2,44,3.258096538021482,7,7,49,442180.75,2,1,0,0,0,0,0,0,0,0,0,1,0,1,1,0,0,1,1,0,0,1,1,0,0,0,1,0,0,0,1,1,1
R0141,3,2,2,2026-04-20 21:31:04,350000.0,Up,210000.0,210000.0,295000.0,0.0,1,0,252500.0,42500.0,210000.0,295000.0,85000.0,-85000.0,-0.288135593220339,-85000.0,-0.288135593220339,Down,0,1,0,4,3,2,0,0,0,0,0,0,2,2,44,3.258096538021482,7,7,49,442180.75,2,1,0,0,0,0,0,0,0,0,0,1,0,1,1,0,0,1,1,0,0,1,1,0,0,0,1,0,0,0,1,1,0
R0141,4,3,3,2026-04-13 21:31:04,300000.0,Down,350000.0,350000.0,210000.0,295000.0,1,1,285000.0,57590.50847723665,210000.0,350000.0,140000.0,140000.0,0.6666666666666666,140000.0,0.6666666666666666,Up,1,0,0,4,2,2,0,0,0,0,0,0,2,2,44,3.258096538021482,7,7,49,442180.75,2,1,0,0,0,0,0,0,0,0,0,1,0,1,1,0,0,1,1,0,0,1,1,0,0,0,1,0,0,0,1,1,2
R0142,2,1,1,2026-04-27 21:45:39,610000.0,Stable,600000.0,600000.0,0.0,0.0,0,0,600000.0,0.0,600000.0,600000.0,0.0,0.0,0.0,0.0,0.0,Stable,0,0,1,4,4,2,0,1,1,0,0,0,0,7,25,1.791759469228055,6,7,42,517481.9375,2,4,0,0,0,0,0,1,0,0,0,0,0,0,0,0,1,0,0,1,0,1,0,0,0,0,0,0,0,1,0,0,1
R0142,3,2,2,2026-04-20 21:45:39,700000.0,Up,610000.0,610000.0,600000.0,0.0,1,0,605000.0,5000.0,600000.0,610000.0,10000.0,10000.0,0.016666666666666666,10000.0,0.016666666666666666,Stable,0,0,1,4,3,2,0,0,0,0,0,0,0,7,25,1.791759469228055,6,7,42,517481.9375,2,4,0,0,0,0,0,1,0,0,0,0,0,0,0,0,1,0,0,1,0,1,0,0,0,0,0,0,0,1,0,0,1
R0142,4,3,3,2026-04-13 21:45:39,280000.0,Down,700000.0,700000.0,610000.0,600000.0,1,1,636666.6666666666,44969.12521077347,600000.0,700000.0,100000.0,90000.0,0.14754098360655737,90000.0,0.14754098360655737,Up,1,0,0,4,2,2,0,0,0,0,0,0,0,7,25,1.791759469228055,6,7,42,517481.9375,2,4,0,0,0,0,0,1,0,0,0,0,0,0,0,0,1,0,0,1,0,1,0,0,0,0,0,0,0,1,0,0,2
R0143,2,1,1,2026-04-27 21:47:39,450000.0,Up,400000.0,400000.0,0.0,0.0,0,0,400000.0,0.0,400000.0,400000.0,0.0,0.0,0.0,0.0,0.0,Stable,0,0,1,4,4,2,0,1,1,0,0,0,0,5,28,2.833213344056216,5,3,15,550782.7152777778,1,4,0,0,0,1,0,0,1,0,0,1,0,0,0,1,0,0,1,0,0,1,0,0,0,0,0,1,0,0,0,0,1
R0143,3,2,2,2026-04-20 21:47:39,340000.0,Down,450000.0,450000.0,400000.0,0.0,1,0,425000.0,25000.0,400000.0,450000.0,50000.0,50000.0,0.125,50000.0,0.125,Up,1,0,0,4,3,2,0,0,0,0,0,0,0,5,28,2.833213344056216,5,3,15,550782.7152777778,1,4,0,0,0,1,0,0,1,0,0,1,0,0,0,1,0,0,1,0,0,1,0,0,0,0,0,1,0,0,0,0,2
R0143,4,3,3,2026-04-13 21:47:39,375000.0,Up,340000.0,340000.0,450000.0,400000.0,1,1,396666.6666666667,44969.125210773476,340000.0,450000.0,110000.0,-110000.0,-0.24444444444444444,-110000.0,-0.24444444444444444,Down,0,1,0,4,2,2,0,0,0,0,0,0,0,5,28,2.833213344056216,5,3,15,550782.7152777778,1,4,0,0,0,1,0,0,1,0,0,1,0,0,0,1,0,0,1,0,0,1,0,0,0,0,0,1,0,0,0,0,0
R0144,2,1,1,2026-04-27 21:56:42,675000.0,Up,530000.0,530000.0,0.0,0.0,0,0,530000.0,0.0,530000.0,530000.0,0.0,0.0,0.0,0.0,0.0,Stable,0,0,1,4,4,2,0,1,1,0,0,0,0,3,28,2.995732273553991,5,8,40,460955.5,1,4,1,0,0,0,0,0,0,0,0,0,1,0,1,0,0,0,0,0,0,1,0,0,0,0,1,0,1,0,0,0,1
R0144,3,2,2,2026-04-20 21:56:42,525000.0,Down,675000.0,675000.0,530000.0,0.0,1,0,602500.0,72500.0,530000.0,675000.0,145000.0,145000.0,0.27358490566037735,145000.0,0.27358490566037735,Up,1,0,0,4,3,2,0,0,0,0,0,0,0,3,28,2.995732273553991,5,8,40,460955.5,1,4,1,0,0,0,0,0,0,0,0,0,1,0,1,0,0,0,0,0,0,1,0,0,0,0,1,0,1,0,0,0,2
R0144,4,3,3,2026-04-13 21:56:42,1342800.0,Up,525000.0,525000.0,675000.0,530000.0,1,1,576666.6666666666,69562.12251569735,525000.0,675000.0,150000.0,-150000.0,-0.2222222222222222,-150000.0,-0.2222222222222222,Down,0,1,0,4,2,2,0,0,0,0,0,0,0,3,28,2.995732273553991,5,8,40,460955.5,1,4,1,0,0,0,0,0,0,0,0,0,1,0,1,0,0,0,0,0,0,1,0,0,0,0,1,0,1,0,0,0,0
R0145,2,1,1,2026-04-27 22:38:38,820000.0,Up,325000.0,325000.0,0.0,0.0,0,0,325000.0,0.0,325000.0,325000.0,0.0,0.0,0.0,0.0,0.0,Stable,0,0,1,4,4,2,0,1,1,0,0,0,0,1,24,3.7612001156935624,3,2,6,739240.8333333334,1,4,0,0,0,1,0,0,1,0,0,0,0,1,0,0,0,0,0,0,1,1,0,0,0,1,0,0,0,0,0,1,1
R0145,3,2,2,2026-04-20 22:38:38,825000.0,Stable,820000.0,820000.0,325000.0,0.0,1,0,572500.0,247500.0,325000.0,820000.0,495000.0,495000.0,1.523076923076923,495000.0,1.523076923076923,Up,1,0,0,4,3,2,0,0,0,0,0,0,0,1,24,3.7612001156935624,3,2,6,739240.8333333334,1,4,0,0,0,1,0,0,1,0,0,0,0,1,0,0,0,0,0,0,1,1,0,0,0,1,0,0,0,0,0,1,2
R0145,4,3,3,2026-04-13 22:38:38,400000.0,Down,825000.0,825000.0,820000.0,325000.0,1,1,656666.6666666666,234532.63217632542,325000.0,825000.0,500000.0,5000.0,0.006097560975609756,5000.0,0.006097560975609756,Stable,0,0,1,4,2,2,0,0,0,0,0,0,0,1,24,3.7612001156935624,3,2,6,739240.8333333334,1,4,0,0,0,1,0,0,1,0,0,0,0,1,0,0,0,0,0,0,1,1,0,0,0,1,0,0,0,0,0,1,1
R0146,2,1,1,2026-04-27 22:46:37,60000.0,Stable,60000.0,60000.0,0.0,0.0,0,0,60000.0,0.0,60000.0,60000.0,0.0,0.0,0.0,0.0,0.0,Stable,0,0,1,4,4,2,0,1,1,0,0,0,0,5,26,3.7612001156935624,5,4,20,550782.7152777778,0,4,0,0,0,1,0,1,1,1,0,1,0,0,0,0,1,1,0,0,0,1,0,1,0,1,0,0,0,1,1,0,1
R0146,3,2,2,2026-04-20 22:46:37,75000.0,Up,60000.0,60000.0,60000.0,0.0,1,0,60000.0,0.0,60000.0,60000.0,0.0,0.0,0.0,0.0,0.0,Stable,0,0,1,4,3,2,0,0,0,0,0,0,0,5,26,3.7612001156935624,5,4,20,550782.7152777778,0,4,0,0,0,1,0,1,1,1,0,1,0,0,0,0,1,1,0,0,0,1,0,1,0,1,0,0,0,1,1,0,1
R0146,4,3,3,2026-04-13 22:46:37,6800.0,Down,75000.0,75000.0,60000.0,60000.0,1,1,65000.0,7071.067811865475,60000.0,75000.0,15000.0,15000.0,0.25,15000.0,0.25,Up,1,0,0,4,2,2,0,0,0,0,0,0,0,5,26,3.7612001156935624,5,4,20,550782.7152777778,0,4,0,0,0,1,0,1,1,1,0,1,0,0,0,0,1,1,0,0,0,1,0,1,0,1,0,0,0,1,1,0,2
R0147,2,1,1,2026-04-27 23:15:20,660000.0,Down,930000.0,930000.0,0.0,0.0,0,0,930000.0,0.0,930000.0,930000.0,0.0,0.0,0.0,0.0,0.0,Stable,0,0,1,4,4,2,0,1,1,0,0,0,1,3,34,0.6931471805599453,5,11,55,460955.5,2,2,0,0,1,0,0,0,0,0,0,0,0,0,0,0,0,1,0,0,1,1,0,1,0,0,0,0,0,0,1,0,1
R0147,3,2,2,2026-04-20 23:15:20,710000.0,Up,660000.0,660000.0,930000.0,0.0,1,0,795000.0,135000.0,660000.0,930000.0,270000.0,-270000.0,-0.2903225806451613,-270000.0,-0.2903225806451613,Down,0,1,0,4,3,2,0,0,0,0,0,0,1,3,34,0.6931471805599453,5,11,55,460955.5,2,2,0,0,1,0,0,0,0,0,0,0,0,0,0,0,0,1,0,0,1,1,0,1,0,0,0,0,0,0,1,0,0
R0147,4,3,3,2026-04-13 23:15:20,450000.0,Down,710000.0,710000.0,660000.0,930000.0,1,1,766666.6666666666,117284.08057172787,660000.0,930000.0,270000.0,50000.0,0.07575757575757576,50000.0,0.07575757575757576,Up,1,0,0,4,2,2,0,0,0,0,0,0,1,3,34,0.6931471805599453,5,11,55,460955.5,2,2,0,0,1,0,0,0,0,0,0,0,0,0,0,0,0,1,0,0,1,1,0,1,0,0,0,0,0,0,1,0,2
R0148,2,1,1,2026-04-27 23:55:51,1075000.0,Down,1270000.0,1270000.0,0.0,0.0,0,0,1270000.0,0.0,1270000.0,1270000.0,0.0,0.0,0.0,0.0,0.0,Stable,0,0,1,4,4,2,0,1,1,0,0,0,0,5,26,4.04305126783455,4,6,24,550782.7152777778,1,1,1,0,0,0,0,0,0,0,1,0,1,0,1,0,0,1,0,0,0,1,0,0,1,0,1,0,1,0,1,0,1
R0148,3,2,2,2026-04-20 23:55:51,790000.0,Down,1075000.0,1075000.0,1270000.0,0.0,1,0,1172500.0,97500.0,1075000.0,1270000.0,195000.0,-195000.0,-0.15354330708661418,-195000.0,-0.15354330708661418,Down,0,1,0,4,3,2,0,0,0,0,0,0,0,5,26,4.04305126783455,4,6,24,550782.7152777778,1,1,1,0,0,0,0,0,0,0,1,0,1,0,1,0,0,1,0,0,0,1,0,0,1,0,1,0,1,0,1,0,0
R0148,4,3,3,2026-04-13 23:55:51,375000.0,Down,790000.0,790000.0,1075000.0,1270000.0,1,1,1045000.0,197104.03344427023,790000.0,1270000.0,480000.0,-285000.0,-0.2651162790697674,-285000.0,-0.2651162790697674,Down,0,1,0,4,2,2,0,0,0,0,0,0,0,5,26,4.04305126783455,4,6,24,550782.7152777778,1,1,1,0,0,0,0,0,0,0,1,0,1,0,1,0,0,1,0,0,0,1,0,0,1,0,1,0,1,0,1,0,0
R0149,2,1,1,2026-04-28 00:25:05,360000.0,Down,420000.0,420000.0,0.0,0.0,0,0,420000.0,0.0,420000.0,420000.0,0.0,0.0,0.0,0.0,0.0,Stable,0,0,1,4,4,2,0,1,1,0,0,0,0,0,24,3.6109179126442243,5,6,30,518297.0,0,0,0,0,0,0,0,0,0,0,0,1,1,0,1,0,0,0,0,0,1,1,0,0,0,1,1,0,1,0,0,0,1
R0149,3,2,2,2026-04-21 00:25:05,450000.0,Up,360000.0,360000.0,420000.0,0.0,1,0,390000.0,30000.0,360000.0,420000.0,60000.0,-60000.0,-0.14285714285714285,-60000.0,-0.14285714285714285,Down,0,1,0,4,3,2,0,0,0,0,0,0,0,0,24,3.6109179126442243,5,6,30,518297.0,0,0,0,0,0,0,0,0,0,0,0,1,1,0,1,0,0,0,0,0,1,1,0,0,0,1,1,0,1,0,0,0,0
R0149,4,3,3,2026-04-14 00:25:05,6800.0,Down,450000.0,450000.0,360000.0,420000.0,1,1,410000.0,37416.57386773941,360000.0,450000.0,90000.0,90000.0,0.25,90000.0,0.25,Up,1,0,0,4,2,2,0,0,0,0,0,0,0,0,24,3.6109179126442243,5,6,30,518297.0,0,0,0,0,0,0,0,0,0,0,0,1,1,0,1,0,0,0,0,0,1,1,0,0,0,1,1,0,1,0,0,0,2
R0150,2,1,1,2026-04-28 01:22:05,550000.0,Down,725000.0,725000.0,0.0,0.0,0,0,725000.0,0.0,725000.0,725000.0,0.0,0.0,0.0,0.0,0.0,Stable,0,0,1,4,4,2,0,1,1,0,0,0,2,5,22,1.9459101490553132,5,8,40,550782.7152777778,2,1,0,0,0,0,0,0,0,0,0,1,0,0,1,0,0,1,1,0,0,1,0,0,0,0,1,0,0,0,1,0,1
R0150,3,2,2,2026-04-21 01:22:05,740000.0,Up,550000.0,550000.0,725000.0,0.0,1,0,637500.0,87500.0,550000.0,725000.0,175000.0,-175000.0,-0.2413793103448276,-175000.0,-0.2413793103448276,Down,0,1,0,4,3,2,0,0,0,0,0,0,2,5,22,1.9459101490553132,5,8,40,550782.7152777778,2,1,0,0,0,0,0,0,0,0,0,1,0,0,1,0,0,1,1,0,0,1,0,0,0,0,1,0,0,0,1,0,0
R0150,4,3,3,2026-04-14 01:22:05,725000.0,Stable,740000.0,740000.0,550000.0,725000.0,1,1,671666.6666666666,86248.99355290408,550000.0,740000.0,190000.0,190000.0,0.34545454545454546,190000.0,0.34545454545454546,Up,1,0,0,4,2,2,0,0,0,0,0,0,2,5,22,1.9459101490553132,5,8,40,550782.7152777778,2,1,0,0,0,0,0,0,0,0,0,1,0,0,1,0,0,1,1,0,0,1,0,0,0,0,1,0,0,0,1,0,2
R0151,2,1,1,2026-04-28 06:06:22,675000.0,Up,220000.0,220000.0,0.0,0.0,0,0,220000.0,0.0,220000.0,220000.0,0.0,0.0,0.0,0.0,0.0,Stable,0,0,1,4,4,2,0,1,1,0,0,0,2,0,26,1.0986122886681096,5,9,45,518297.0,1,2,0,0,0,0,0,0,0,0,0,1,0,0,0,0,0,1,0,0,1,1,0,0,0,0,0,0,0,0,1,0,1
R0151,3,2,2,2026-04-21 06:06:22,300000.0,Down,675000.0,675000.0,220000.0,0.0,1,0,447500.0,227500.0,220000.0,675000.0,455000.0,455000.0,2.0681818181818183,455000.0,2.0681818181818183,Up,1,0,0,4,3,2,0,0,0,0,0,0,2,0,26,1.0986122886681096,5,9,45,518297.0,1,2,0,0,0,0,0,0,0,0,0,1,0,0,0,0,0,1,0,0,1,1,0,0,0,0,0,0,0,0,1,0,2
R0151,4,3,3,2026-04-14 06:06:22,225000.0,Down,300000.0,300000.0,675000.0,220000.0,1,1,398333.3333333333,198340.33601082987,220000.0,675000.0,455000.0,-375000.0,-0.5555555555555556,-375000.0,-0.5555555555555556,Down,0,1,0,4,2,2,0,0,0,0,0,0,2,0,26,1.0986122886681096,5,9,45,518297.0,1,2,0,0,0,0,0,0,0,0,0,1,0,0,0,0,0,1,0,0,1,1,0,0,0,0,0,0,0,0,1,0,0
R0152,2,1,1,2026-04-28 08:01:31,270000.0,Down,425000.0,425000.0,0.0,0.0,0,0,425000.0,0.0,425000.0,425000.0,0.0,0.0,0.0,0.0,0.0,Stable,0,0,1,4,4,2,0,1,1,0,0,0,2,5,17,3.5263605246161616,6,10,60,550782.7152777778,2,0,0,0,0,0,0,0,0,0,0,1,0,0,1,0,0,1,0,0,0,1,1,0,0,0,1,0,0,0,1,0,1
R0152,3,2,2,2026-04-21 08:01:31,920000.0,Up,270000.0,270000.0,425000.0,0.0,1,0,347500.0,77500.0,270000.0,425000.0,155000.0,-155000.0,-0.36470588235294116,-155000.0,-0.36470588235294116,Down,0,1,0,4,3,2,0,0,0,0,0,0,2,5,17,3.5263605246161616,6,10,60,550782.7152777778,2,0,0,0,0,0,0,0,0,0,0,1,0,0,1,0,0,1,0,0,0,1,1,0,0,0,1,0,0,0,1,0,0
R0152,4,3,3,2026-04-14 08:01:31,425000.0,Down,920000.0,920000.0,270000.0,425000.0,1,1,538333.3333333334,277198.284426309,270000.0,920000.0,650000.0,650000.0,2.4074074074074074,650000.0,2.4074074074074074,Up,1,0,0,4,2,2,0,0,0,0,0,0,2,5,17,3.5263605246161616,6,10,60,550782.7152777778,2,0,0,0,0,0,0,0,0,0,0,1,0,0,1,0,0,1,0,0,0,1,1,0,0,0,1,0,0,0,1,0,2
R0153,2,1,1,2026-04-28 08:26:14,350000.0,Up,200000.0,200000.0,0.0,0.0,0,0,200000.0,0.0,200000.0,200000.0,0.0,0.0,0.0,0.0,0.0,Stable,0,0,1,4,4,2,0,1,1,0,0,0,0,2,17,3.5553480614894135,4,2,8,442180.75,1,3,0,0,0,1,0,0,1,0,0,0,1,1,1,0,0,0,0,0,0,1,1,0,0,1,1,0,1,0,0,1,1
R0153,3,2,2,2026-04-21 08:26:14,320000.0,Down,350000.0,350000.0,200000.0,0.0,1,0,275000.0,75000.0,200000.0,350000.0,150000.0,150000.0,0.75,150000.0,0.75,Up,1,0,0,4,3,2,0,0,0,0,0,0,0,2,17,3.5553480614894135,4,2,8,442180.75,1,3,0,0,0,1,0,0,1,0,0,0,1,1,1,0,0,0,0,0,0,1,1,0,0,1,1,0,1,0,0,1,2
R0153,4,3,3,2026-04-14 08:26:14,500000.0,Up,320000.0,320000.0,350000.0,200000.0,1,1,290000.0,64807.4069840786,200000.0,350000.0,150000.0,-30000.0,-0.08571428571428572,-30000.0,-0.08571428571428572,Down,0,1,0,4,2,2,0,0,0,0,0,0,0,2,17,3.5553480614894135,4,2,8,442180.75,1,3,0,0,0,1,0,0,1,0,0,0,1,1,1,0,0,0,0,0,0,1,1,0,0,1,1,0,1,0,0,1,0
R0154,2,1,1,2026-04-28 08:46:17,300000.0,Up,225000.0,225000.0,0.0,0.0,0,0,225000.0,0.0,225000.0,225000.0,0.0,0.0,0.0,0.0,0.0,Stable,0,0,1,4,4,2,0,1,1,0,0,0,2,1,44,3.8066624897703196,6,8,48,739240.8333333334,2,4,0,0,0,0,0,0,0,0,0,1,0,0,1,0,0,1,0,0,1,1,1,0,0,0,1,0,0,0,1,0,1
R0154,3,2,2,2026-04-21 08:46:17,230000.0,Down,300000.0,300000.0,225000.0,0.0,1,0,262500.0,37500.0,225000.0,300000.0,75000.0,75000.0,0.3333333333333333,75000.0,0.3333333333333333,Up,1,0,0,4,3,2,0,0,0,0,0,0,2,1,44,3.8066624897703196,6,8,48,739240.8333333334,2,4,0,0,0,0,0,0,0,0,0,1,0,0,1,0,0,1,0,0,1,1,1,0,0,0,1,0,0,0,1,0,2
R0154,4,3,3,2026-04-14 08:46:17,275000.0,Up,230000.0,230000.0,300000.0,225000.0,1,1,251666.66666666666,34237.73097362356,225000.0,300000.0,75000.0,-70000.0,-0.23333333333333334,-70000.0,-0.23333333333333334,Down,0,1,0,4,2,2,0,0,0,0,0,0,2,1,44,3.8066624897703196,6,8,48,739240.8333333334,2,4,0,0,0,0,0,0,0,0,0,1,0,0,1,0,0,1,0,0,1,1,1,0,0,0,1,0,0,0,1,0,0
R0155,2,1,1,2026-04-28 09:08:48,715000.0,Up,220000.0,220000.0,0.0,0.0,0,0,220000.0,0.0,220000.0,220000.0,0.0,0.0,0.0,0.0,0.0,Stable,0,0,1,4,4,2,0,1,1,0,0,0,0,6,26,4.1588830833596715,5,6,30,559306.0,2,2,0,0,0,1,0,1,1,1,0,0,0,0,0,1,0,1,0,0,0,1,0,0,0,1,0,1,0,0,1,0,1
R0155,3,2,2,2026-04-21 09:08:48,175000.0,Down,715000.0,715000.0,220000.0,0.0,1,0,467500.0,247500.0,220000.0,715000.0,495000.0,495000.0,2.25,495000.0,2.25,Up,1,0,0,4,3,2,0,0,0,0,0,0,0,6,26,4.1588830833596715,5,6,30,559306.0,2,2,0,0,0,1,0,1,1,1,0,0,0,0,0,1,0,1,0,0,0,1,0,0,0,1,0,1,0,0,1,0,2
R0155,4,3,3,2026-04-14 09:08:48,625000.0,Up,175000.0,175000.0,715000.0,220000.0,1,1,370000.0,244642.59645450136,175000.0,715000.0,540000.0,-540000.0,-0.7552447552447552,-540000.0,-0.7552447552447552,Down,0,1,0,4,2,2,0,0,0,0,0,0,0,6,26,4.1588830833596715,5,6,30,559306.0,2,2,0,0,0,1,0,1,1,1,0,0,0,0,0,1,0,1,0,0,0,1,0,0,0,1,0,1,0,0,1,0,0
R0156,2,1,1,2026-04-28 09:09:57,140000.0,Down,550000.0,550000.0,0.0,0.0,0,0,550000.0,0.0,550000.0,550000.0,0.0,0.0,0.0,0.0,0.0,Stable,0,0,1,4,4,2,0,1,1,0,0,0,0,0,25,3.6635616461296463,4,7,28,518297.0,0,1,0,0,0,1,0,0,1,0,0,0,0,0,0,0,1,0,0,0,0,1,0,0,0,0,0,0,0,1,0,0,1
R0156,3,2,2,2026-04-21 09:09:57,100000.0,Down,140000.0,140000.0,550000.0,0.0,1,0,345000.0,205000.0,140000.0,550000.0,410000.0,-410000.0,-0.7454545454545455,-410000.0,-0.7454545454545455,Down,0,1,0,4,3,2,0,0,0,0,0,0,0,0,25,3.6635616461296463,4,7,28,518297.0,0,1,0,0,0,1,0,0,1,0,0,0,0,0,0,0,1,0,0,0,0,1,0,0,0,0,0,0,0,1,0,0,0
R0156,4,3,3,2026-04-14 09:09:57,540000.0,Up,100000.0,100000.0,140000.0,550000.0,1,1,263333.3333333333,203360.6539022619,100000.0,550000.0,450000.0,-40000.0,-0.2857142857142857,-40000.0,-0.2857142857142857,Down,0,1,0,4,2,2,0,0,0,0,0,0,0,0,25,3.6635616461296463,4,7,28,518297.0,0,1,0,0,0,1,0,0,1,0,0,0,0,0,0,0,1,0,0,0,0,1,0,0,0,0,0,0,0,1,0,0,0
R0157,2,1,1,2026-04-28 10:21:16,700000.0,Down,1000000.0,1000000.0,0.0,0.0,0,0,1000000.0,0.0,1000000.0,1000000.0,0.0,0.0,0.0,0.0,0.0,Stable,0,0,1,4,4,2,0,1,1,0,0,0,0,1,17,3.091042453358316,4,4,16,739240.8333333334,0,3,0,0,0,0,0,0,0,0,1,0,1,1,1,0,0,0,0,0,0,1,0,0,0,0,1,0,1,0,0,1,1
R0157,3,2,2,2026-04-21 10:21:16,1180000.0,Up,700000.0,700000.0,1000000.0,0.0,1,0,850000.0,150000.0,700000.0,1000000.0,300000.0,-300000.0,-0.3,-300000.0,-0.3,Down,0,1,0,4,3,2,0,0,0,0,0,0,0,1,17,3.091042453358316,4,4,16,739240.8333333334,0,3,0,0,0,0,0,0,0,0,1,0,1,1,1,0,0,0,0,0,0,1,0,0,0,0,1,0,1,0,0,1,0
R0157,4,3,3,2026-04-14 10:21:16,650000.0,Down,1180000.0,1180000.0,700000.0,1000000.0,1,1,960000.0,197989.8987322333,700000.0,1180000.0,480000.0,480000.0,0.6857142857142857,480000.0,0.6857142857142857,Up,1,0,0,4,2,2,0,0,0,0,0,0,0,1,17,3.091042453358316,4,4,16,739240.8333333334,0,3,0,0,0,0,0,0,0,0,1,0,1,1,1,0,0,0,0,0,0,1,0,0,0,0,1,0,1,0,0,1,2
R0158,2,1,1,2026-04-28 10:39:43,200000.0,Down,720000.0,720000.0,0.0,0.0,0,0,720000.0,0.0,720000.0,720000.0,0.0,0.0,0.0,0.0,0.0,Stable,0,0,1,4,4,2,0,1,1,0,0,0,2,1,17,1.0986122886681096,4,6,24,739240.8333333334,0,4,0,0,0,0,0,0,0,0,0,1,0,0,1,0,0,1,1,0,0,1,0,0,0,0,1,0,0,0,1,0,1
R0158,3,2,2,2026-04-21 10:39:43,250000.0,Up,200000.0,200000.0,720000.0,0.0,1,0,460000.0,260000.0,200000.0,720000.0,520000.0,-520000.0,-0.7222222222222222,-520000.0,-0.7222222222222222,Down,0,1,0,4,3,2,0,0,0,0,0,0,2,1,17,1.0986122886681096,4,6,24,739240.8333333334,0,4,0,0,0,0,0,0,0,0,0,1,0,0,1,0,0,1,1,0,0,1,0,0,0,0,1,0,0,0,1,0,0
R0158,4,3,3,2026-04-14 10:39:43,240000.0,Stable,250000.0,250000.0,200000.0,720000.0,1,1,390000.0,234236.34787681152,200000.0,720000.0,520000.0,50000.0,0.25,50000.0,0.25,Up,1,0,0,4,2,2,0,0,0,0,0,0,2,1,17,1.0986122886681096,4,6,24,739240.8333333334,0,4,0,0,0,0,0,0,0,0,0,1,0,0,1,0,0,1,1,0,0,1,0,0,0,0,1,0,0,0,1,0,2
R0159,2,1,1,2026-04-28 10:43:00,830000.0,Down,930000.0,930000.0,0.0,0.0,0,0,930000.0,0.0,930000.0,930000.0,0.0,0.0,0.0,0.0,0.0,Stable,0,0,1,4,4,2,0,1,1,0,0,0,1,6,29,3.6375861597263857,6,10,60,559306.0,2,0,0,0,1,0,0,0,0,0,0,0,0,0,1,0,1,0,0,0,1,1,0,0,0,0,1,0,0,1,0,0,1
R0159,3,2,2,2026-04-21 10:43:00,910000.0,Up,830000.0,830000.0,930000.0,0.0,1,0,880000.0,50000.0,830000.0,930000.0,100000.0,-100000.0,-0.10752688172043011,-100000.0,-0.10752688172043011,Down,0,1,0,4,3,2,0,0,0,0,0,0,1,6,29,3.6375861597263857,6,10,60,559306.0,2,0,0,0,1,0,0,0,0,0,0,0,0,0,1,0,1,0,0,0,1,1,0,0,0,0,1,0,0,1,0,0,0
R0159,4,3,3,2026-04-14 10:43:00,825000.0,Down,910000.0,910000.0,830000.0,930000.0,1,1,890000.0,43204.93798938573,830000.0,930000.0,100000.0,80000.0,0.0963855421686747,80000.0,0.0963855421686747,Up,1,0,0,4,2,2,0,0,0,0,0,0,1,6,29,3.6375861597263857,6,10,60,559306.0,2,0,0,0,1,0,0,0,0,0,0,0,0,0,1,0,1,0,0,0,1,1,0,0,0,0,1,0,0,1,0,0,2
R0160,2,1,1,2026-04-28 11:52:11,440000.0,Down,570000.0,570000.0,0.0,0.0,0,0,570000.0,0.0,570000.0,570000.0,0.0,0.0,0.0,0.0,0.0,Stable,0,0,1,4,4,2,0,1,1,0,0,0,0,1,33,1.3862943611198906,7,4,28,739240.8333333334,2,0,0,0,0,1,0,1,1,1,0,1,1,0,0,0,0,0,1,0,0,1,0,0,0,0,0,0,1,0,0,0,1
R0160,3,2,2,2026-04-21 11:52:11,560000.0,Up,440000.0,440000.0,570000.0,0.0,1,0,505000.0,65000.0,440000.0,570000.0,130000.0,-130000.0,-0.22807017543859648,-130000.0,-0.22807017543859648,Down,0,1,0,4,3,2,0,0,0,0,0,0,0,1,33,1.3862943611198906,7,4,28,739240.8333333334,2,0,0,0,0,1,0,1,1,1,0,1,1,0,0,0,0,0,1,0,0,1,0,0,0,0,0,0,1,0,0,0,0
R0160,4,3,3,2026-04-14 11:52:11,370000.0,Down,560000.0,560000.0,440000.0,570000.0,1,1,523333.3333333333,59066.8171555645,440000.0,570000.0,130000.0,120000.0,0.2727272727272727,120000.0,0.2727272727272727,Up,1,0,0,4,2,2,0,0,0,0,0,0,0,1,33,1.3862943611198906,7,4,28,739240.8333333334,2,0,0,0,0,1,0,1,1,1,0,1,1,0,0,0,0,0,1,0,0,1,0,0,0,0,0,0,1,0,0,0,2
R0161,2,1,1,2026-04-28 11:53:38,425000.0,Up,400000.0,400000.0,0.0,0.0,0,0,400000.0,0.0,400000.0,400000.0,0.0,0.0,0.0,0.0,0.0,Stable,0,0,1,4,4,2,0,1,1,0,0,0,0,5,25,3.6888794541139363,6,6,36,550782.7152777778,1,3,0,0,0,1,0,0,1,0,0,1,0,0,0,0,1,1,0,0,0,1,0,1,0,0,0,0,0,1,1,0,1
R0161,3,2,2,2026-04-21 11:53:38,435000.0,Stable,425000.0,425000.0,400000.0,0.0,1,0,412500.0,12500.0,400000.0,425000.0,25000.0,25000.0,0.0625,25000.0,0.0625,Up,1,0,0,4,3,2,0,0,0,0,0,0,0,5,25,3.6888794541139363,6,6,36,550782.7152777778,1,3,0,0,0,1,0,0,1,0,0,1,0,0,0,0,1,1,0,0,0,1,0,1,0,0,0,0,0,1,1,0,2
R0161,4,3,3,2026-04-14 11:53:38,400000.0,Down,435000.0,435000.0,425000.0,400000.0,1,1,420000.0,14719.601443879745,400000.0,435000.0,35000.0,10000.0,0.023529411764705882,10000.0,0.023529411764705882,Stable,0,0,1,4,2,2,0,0,0,0,0,0,0,5,25,3.6888794541139363,6,6,36,550782.7152777778,1,3,0,0,0,1,0,0,1,0,0,1,0,0,0,0,1,1,0,0,0,1,0,1,0,0,0,0,0,1,1,0,1
R0162,2,1,1,2026-04-28 12:04:12,300000.0,Down,325000.0,325000.0,0.0,0.0,0,0,325000.0,0.0,325000.0,325000.0,0.0,0.0,0.0,0.0,0.0,Stable,0,0,1,4,4,2,0,1,1,0,0,0,0,1,30,1.6094379124341003,6,4,24,739240.8333333334,0,1,0,0,0,0,0,0,0,0,0,1,1,0,0,1,0,0,1,0,0,1,0,1,0,0,0,1,1,0,0,0,1
R0162,3,2,2,2026-04-21 12:04:12,315000.0,Stable,300000.0,300000.0,325000.0,0.0,1,0,312500.0,12500.0,300000.0,325000.0,25000.0,-25000.0,-0.07692307692307693,-25000.0,-0.07692307692307693,Down,0,1,0,4,3,2,0,0,0,0,0,0,0,1,30,1.6094379124341003,6,4,24,739240.8333333334,0,1,0,0,0,0,0,0,0,0,0,1,1,0,0,1,0,0,1,0,0,1,0,1,0,0,0,1,1,0,0,0,0
R0162,4,3,3,2026-04-14 12:04:12,300000.0,Stable,315000.0,315000.0,300000.0,325000.0,1,1,313333.3333333333,10274.023338281628,300000.0,325000.0,25000.0,15000.0,0.05,15000.0,0.05,Stable,0,0,1,4,2,2,0,0,0,0,0,0,0,1,30,1.6094379124341003,6,4,24,739240.8333333334,0,1,0,0,0,0,0,0,0,0,0,1,1,0,0,1,0,0,1,0,0,1,0,1,0,0,0,1,1,0,0,0,1
R0163,2,1,1,2026-04-28 12:10:06,470000.0,Up,440000.0,440000.0,0.0,0.0,0,0,440000.0,0.0,440000.0,440000.0,0.0,0.0,0.0,0.0,0.0,Stable,0,0,1,4,4,2,0,1,1,0,0,0,2,1,19,1.0986122886681096,5,7,35,739240.8333333334,2,3,0,0,0,0,0,0,0,0,0,1,0,1,1,0,0,0,0,0,0,1,0,0,0,0,1,0,0,0,0,1,1
R0163,3,2,2,2026-04-21 12:10:06,570000.0,Up,470000.0,470000.0,440000.0,0.0,1,0,455000.0,15000.0,440000.0,470000.0,30000.0,30000.0,0.06818181818181818,30000.0,0.06818181818181818,Up,1,0,0,4,3,2,0,0,0,0,0,0,2,1,19,1.0986122886681096,5,7,35,739240.8333333334,2,3,0,0,0,0,0,0,0,0,0,1,0,1,1,0,0,0,0,0,0,1,0,0,0,0,1,0,0,0,0,1,2
R0163,4,3,3,2026-04-14 12:10:06,330000.0,Down,570000.0,570000.0,470000.0,440000.0,1,1,493333.3333333333,55577.77333511022,440000.0,570000.0,130000.0,100000.0,0.2127659574468085,100000.0,0.2127659574468085,Up,1,0,0,4,2,2,0,0,0,0,0,0,2,1,19,1.0986122886681096,5,7,35,739240.8333333334,2,3,0,0,0,0,0,0,0,0,0,1,0,1,1,0,0,0,0,0,0,1,0,0,0,0,1,0,0,0,0,1,2
R0164,2,1,1,2026-04-28 12:57:46,225000.0,Down,450000.0,450000.0,0.0,0.0,0,0,450000.0,0.0,450000.0,450000.0,0.0,0.0,0.0,0.0,0.0,Stable,0,0,1,4,4,2,0,1,1,0,0,0,0,1,25,1.791759469228055,5,3,15,739240.8333333334,0,1,0,0,0,1,0,1,1,1,0,0,0,1,0,1,0,1,0,0,0,1,0,0,0,1,0,1,0,0,1,1,1
R0164,3,2,2,2026-04-21 12:57:46,275000.0,Up,225000.0,225000.0,450000.0,0.0,1,0,337500.0,112500.0,225000.0,450000.0,225000.0,-225000.0,-0.5,-225000.0,-0.5,Down,0,1,0,4,3,2,0,0,0,0,0,0,0,1,25,1.791759469228055,5,3,15,739240.8333333334,0,1,0,0,0,1,0,1,1,1,0,0,0,1,0,1,0,1,0,0,0,1,0,0,0,1,0,1,0,0,1,1,0
R0164,4,3,3,2026-04-14 12:57:46,425000.0,Up,275000.0,275000.0,225000.0,450000.0,1,1,316666.6666666667,96465.30752325187,225000.0,450000.0,225000.0,50000.0,0.2222222222222222,50000.0,0.2222222222222222,Up,1,0,0,4,2,2,0,0,0,0,0,0,0,1,25,1.791759469228055,5,3,15,739240.8333333334,0,1,0,0,0,1,0,1,1,1,0,0,0,1,0,1,0,1,0,0,0,1,0,0,0,1,0,1,0,0,1,1,2
R0165,2,1,1,2026-04-28 13:16:01,455000.0,Down,490000.0,490000.0,0.0,0.0,0,0,490000.0,0.0,490000.0,490000.0,0.0,0.0,0.0,0.0,0.0,Stable,0,0,1,4,4,2,0,1,1,0,0,0,0,2,21,4.174387269895637,4,6,24,442180.75,0,1,1,0,0,0,0,0,0,0,0,0,1,0,0,0,0,0,0,0,1,1,0,0,0,0,0,0,1,0,0,0,1
R0165,3,2,2,2026-04-21 13:16:01,315000.0,Down,455000.0,455000.0,490000.0,0.0,1,0,472500.0,17500.0,455000.0,490000.0,35000.0,-35000.0,-0.07142857142857142,-35000.0,-0.07142857142857142,Down,0,1,0,4,3,2,0,0,0,0,0,0,0,2,21,4.174387269895637,4,6,24,442180.75,0,1,1,0,0,0,0,0,0,0,0,0,1,0,0,0,0,0,0,0,1,1,0,0,0,0,0,0,1,0,0,0,0
R0165,4,3,3,2026-04-14 13:16:01,930000.0,Up,315000.0,315000.0,455000.0,490000.0,1,1,420000.0,75608.64148142503,315000.0,490000.0,175000.0,-140000.0,-0.3076923076923077,-140000.0,-0.3076923076923077,Down,0,1,0,4,2,2,0,0,0,0,0,0,0,2,21,4.174387269895637,4,6,24,442180.75,0,1,1,0,0,0,0,0,0,0,0,0,1,0,0,0,0,0,0,0,1,1,0,0,0,0,0,0,1,0,0,0,0
R0166,2,1,1,2026-04-28 13:33:14,1273200.0,Up,580000.0,580000.0,0.0,0.0,0,0,580000.0,0.0,580000.0,580000.0,0.0,0.0,0.0,0.0,0.0,Stable,0,0,1,4,4,2,0,1,1,0,0,0,0,1,26,1.6094379124341003,4,7,28,739240.8333333334,1,4,0,0,0,0,0,0,0,0,1,0,1,1,1,0,0,0,0,0,0,1,0,0,0,0,1,0,1,0,0,1,1
R0166,3,2,2,2026-04-21 13:33:14,400000.0,Down,1273200.0,1273200.0,580000.0,0.0,1,0,926600.0,346600.0,580000.0,1273200.0,693200.0,693200.0,1.1951724137931035,693200.0,1.1951724137931035,Up,1,0,0,4,3,2,0,0,0,0,0,0,0,1,26,1.6094379124341003,4,7,28,739240.8333333334,1,4,0,0,0,0,0,0,0,0,1,0,1,1,1,0,0,0,0,0,0,1,0,0,0,0,1,0,1,0,0,1,2
R0166,4,3,3,2026-04-14 13:33:14,1342800.0,Up,400000.0,400000.0,1273200.0,580000.0,1,1,751066.6666666666,376446.02387180144,400000.0,1273200.0,873200.0,-873200.0,-0.6858309770656613,-873200.0,-0.6858309770656613,Down,0,1,0,4,2,2,0,0,0,0,0,0,0,1,26,1.6094379124341003,4,7,28,739240.8333333334,1,4,0,0,0,0,0,0,0,0,1,0,1,1,1,0,0,0,0,0,0,1,0,0,0,0,1,0,1,0,0,1,0
R0167,2,1,1,2026-04-28 13:44:20,355000.0,Stable,360000.0,360000.0,0.0,0.0,0,0,360000.0,0.0,360000.0,360000.0,0.0,0.0,0.0,0.0,0.0,Stable,0,0,1,4,4,2,0,1,1,0,0,0,2,0,33,3.044522437723423,6,7,42,518297.0,1,4,0,0,0,0,0,0,0,0,0,1,0,1,1,0,0,1,1,0,1,1,0,0,0,0,1,0,0,0,1,1,1
R0167,3,2,2,2026-04-21 13:44:20,325000.0,Down,355000.0,355000.0,360000.0,0.0,1,0,357500.0,2500.0,355000.0,360000.0,5000.0,-5000.0,-0.013888888888888888,-5000.0,-0.013888888888888888,Stable,0,0,1,4,3,2,0,0,0,0,0,0,2,0,33,3.044522437723423,6,7,42,518297.0,1,4,0,0,0,0,0,0,0,0,0,1,0,1,1,0,0,1,1,0,1,1,0,0,0,0,1,0,0,0,1,1,1
R0167,4,3,3,2026-04-14 13:44:20,425000.0,Up,325000.0,325000.0,355000.0,360000.0,1,1,346666.6666666667,15456.030825826174,325000.0,360000.0,35000.0,-30000.0,-0.08450704225352113,-30000.0,-0.08450704225352113,Down,0,1,0,4,2,2,0,0,0,0,0,0,2,0,33,3.044522437723423,6,7,42,518297.0,1,4,0,0,0,0,0,0,0,0,0,1,0,1,1,0,0,1,1,0,1,1,0,0,0,0,1,0,0,0,1,1,0
R0168,2,1,1,2026-04-28 14:24:12,650000.0,Down,700000.0,700000.0,0.0,0.0,0,0,700000.0,0.0,700000.0,700000.0,0.0,0.0,0.0,0.0,0.0,Stable,0,0,1,4,4,2,0,1,1,0,0,0,0,5,28,3.2188758248682006,3,4,12,550782.7152777778,2,1,1,0,0,1,0,0,1,0,0,0,1,0,1,0,0,0,0,0,1,1,0,0,0,1,1,0,1,0,0,0,1
R0168,3,2,2,2026-04-21 14:24:12,615000.0,Down,650000.0,650000.0,700000.0,0.0,1,0,675000.0,25000.0,650000.0,700000.0,50000.0,-50000.0,-0.07142857142857142,-50000.0,-0.07142857142857142,Down,0,1,0,4,3,2,0,0,0,0,0,0,0,5,28,3.2188758248682006,3,4,12,550782.7152777778,2,1,1,0,0,1,0,0,1,0,0,0,1,0,1,0,0,0,0,0,1,1,0,0,0,1,1,0,1,0,0,0,0
R0168,4,3,3,2026-04-14 14:24:12,625000.0,Stable,615000.0,615000.0,650000.0,700000.0,1,1,655000.0,34880.74922742725,615000.0,700000.0,85000.0,-35000.0,-0.05384615384615385,-35000.0,-0.05384615384615385,Down,0,1,0,4,2,2,0,0,0,0,0,0,0,5,28,3.2188758248682006,3,4,12,550782.7152777778,2,1,1,0,0,1,0,0,1,0,0,0,1,0,1,0,0,0,0,0,1,1,0,0,0,1,1,0,1,0,0,0,0
R0169,2,1,1,2026-04-28 14:44:40,720000.0,Up,325000.0,325000.0,0.0,0.0,0,0,325000.0,0.0,325000.0,325000.0,0.0,0.0,0.0,0.0,0.0,Stable,0,0,1,4,4,2,0,1,1,0,0,0,1,1,31,3.828641396489095,7,10,70,739240.8333333334,2,4,0,0,1,0,0,0,0,0,0,0,0,0,1,0,0,0,0,0,0,1,0,0,0,0,1,0,0,0,0,0,1
R0169,3,2,2,2026-04-21 14:44:40,490000.0,Down,720000.0,720000.0,325000.0,0.0,1,0,522500.0,197500.0,325000.0,720000.0,395000.0,395000.0,1.2153846153846153,395000.0,1.2153846153846153,Up,1,0,0,4,3,2,0,0,0,0,0,0,1,1,31,3.828641396489095,7,10,70,739240.8333333334,2,4,0,0,1,0,0,0,0,0,0,0,0,0,1,0,0,0,0,0,0,1,0,0,0,0,1,0,0,0,0,0,2
R0169,4,3,3,2026-04-14 14:44:40,765000.0,Up,490000.0,490000.0,720000.0,325000.0,1,1,511666.6666666667,161984.22419757082,325000.0,720000.0,395000.0,-230000.0,-0.3194444444444444,-230000.0,-0.3194444444444444,Down,0,1,0,4,2,2,0,0,0,0,0,0,1,1,31,3.828641396489095,7,10,70,739240.8333333334,2,4,0,0,1,0,0,0,0,0,0,0,0,0,1,0,0,0,0,0,0,1,0,0,0,0,1,0,0,0,0,0,0
R0170,2,1,1,2026-04-28 14:47:37,330000.0,Up,310000.0,310000.0,0.0,0.0,0,0,310000.0,0.0,310000.0,310000.0,0.0,0.0,0.0,0.0,0.0,Stable,0,0,1,4,4,2,0,1,1,0,0,0,0,3,29,2.833213344056216,5,5,25,460955.5,0,1,0,0,0,1,0,1,1,1,0,0,0,0,1,1,0,0,0,0,0,1,0,0,0,1,1,1,0,0,0,0,1
R0170,3,2,2,2026-04-21 14:47:37,210000.0,Down,330000.0,330000.0,310000.0,0.0,1,0,320000.0,10000.0,310000.0,330000.0,20000.0,20000.0,0.06451612903225806,20000.0,0.06451612903225806,Up,1,0,0,4,3,2,0,0,0,0,0,0,0,3,29,2.833213344056216,5,5,25,460955.5,0,1,0,0,0,1,0,1,1,1,0,0,0,0,1,1,0,0,0,0,0,1,0,0,0,1,1,1,0,0,0,0,2
R0170,4,3,3,2026-04-14 14:47:37,250000.0,Up,210000.0,210000.0,330000.0,310000.0,1,1,283333.3333333333,52493.385826745405,210000.0,330000.0,120000.0,-120000.0,-0.36363636363636365,-120000.0,-0.36363636363636365,Down,0,1,0,4,2,2,0,0,0,0,0,0,0,3,29,2.833213344056216,5,5,25,460955.5,0,1,0,0,0,1,0,1,1,1,0,0,0,0,1,1,0,0,0,0,0,1,0,0,0,1,1,1,0,0,0,0,0
R0171,2,1,1,2026-04-28 15:01:42,310000.0,Down,340000.0,340000.0,0.0,0.0,0,0,340000.0,0.0,340000.0,340000.0,0.0,0.0,0.0,0.0,0.0,Stable,0,0,1,4,4,2,0,1,1,0,0,0,0,3,28,3.1354942159291497,4,3,12,460955.5,1,3,0,0,0,0,0,0,0,0,0,1,1,0,1,0,0,0,0,0,1,1,0,0,0,0,1,0,1,0,0,0,1
R0171,3,2,2,2026-04-21 15:01:42,400000.0,Up,310000.0,310000.0,340000.0,0.0,1,0,325000.0,15000.0,310000.0,340000.0,30000.0,-30000.0,-0.08823529411764706,-30000.0,-0.08823529411764706,Down,0,1,0,4,3,2,0,0,0,0,0,0,0,3,28,3.1354942159291497,4,3,12,460955.5,1,3,0,0,0,0,0,0,0,0,0,1,1,0,1,0,0,0,0,0,1,1,0,0,0,0,1,0,1,0,0,0,0
R0171,4,3,3,2026-04-14 15:01:42,170000.0,Down,400000.0,400000.0,310000.0,340000.0,1,1,350000.0,37416.57386773941,310000.0,400000.0,90000.0,90000.0,0.2903225806451613,90000.0,0.2903225806451613,Up,1,0,0,4,2,2,0,0,0,0,0,0,0,3,28,3.1354942159291497,4,3,12,460955.5,1,3,0,0,0,0,0,0,0,0,0,1,1,0,1,0,0,0,0,0,1,1,0,0,0,0,1,0,1,0,0,0,2
R0172,2,1,1,2026-04-28 15:08:14,250000.0,Stable,260000.0,260000.0,0.0,0.0,0,0,260000.0,0.0,260000.0,260000.0,0.0,0.0,0.0,0.0,0.0,Stable,0,0,1,4,4,2,0,1,1,0,0,0,0,7,23,2.1972245773362196,5,10,50,517481.9375,2,4,0,0,0,0,0,1,0,0,0,0,0,1,1,0,1,0,0,0,0,1,0,1,0,0,1,0,0,1,0,1,1
R0172,3,2,2,2026-04-21 15:08:14,350000.0,Up,250000.0,250000.0,260000.0,0.0,1,0,255000.0,5000.0,250000.0,260000.0,10000.0,-10000.0,-0.038461538461538464,-10000.0,-0.038461538461538464,Stable,0,0,1,4,3,2,0,0,0,0,0,0,0,7,23,2.1972245773362196,5,10,50,517481.9375,2,4,0,0,0,0,0,1,0,0,0,0,0,1,1,0,1,0,0,0,0,1,0,1,0,0,1,0,0,1,0,1,1
R0172,4,3,3,2026-04-14 15:08:14,590000.0,Up,350000.0,350000.0,250000.0,260000.0,1,1,286666.6666666667,44969.125210773476,250000.0,350000.0,100000.0,100000.0,0.4,100000.0,0.4,Up,1,0,0,4,2,2,0,0,0,0,0,0,0,7,23,2.1972245773362196,5,10,50,517481.9375,2,4,0,0,0,0,0,1,0,0,0,0,0,1,1,0,1,0,0,0,0,1,0,1,0,0,1,0,0,1,0,1,2
R0173,2,1,1,2026-04-28 16:24:44,225000.0,Down,310000.0,310000.0,0.0,0.0,0,0,310000.0,0.0,310000.0,310000.0,0.0,0.0,0.0,0.0,0.0,Stable,0,0,1,4,4,2,0,1,1,0,0,0,2,7,32,2.70805020110221,5,6,30,517481.9375,1,1,0,0,0,0,0,0,0,0,0,1,0,0,1,0,0,0,0,0,0,1,0,0,0,0,1,0,0,0,0,0,1
R0173,3,2,2,2026-04-21 16:24:44,270000.0,Up,225000.0,225000.0,310000.0,0.0,1,0,267500.0,42500.0,225000.0,310000.0,85000.0,-85000.0,-0.27419354838709675,-85000.0,-0.27419354838709675,Down,0,1,0,4,3,2,0,0,0,0,0,0,2,7,32,2.70805020110221,5,6,30,517481.9375,1,1,0,0,0,0,0,0,0,0,0,1,0,0,1,0,0,0,0,0,0,1,0,0,0,0,1,0,0,0,0,0,0
R0173,4,3,3,2026-04-14 16:24:44,200000.0,Down,270000.0,270000.0,225000.0,310000.0,1,1,268333.3333333333,34721.111093332765,225000.0,310000.0,85000.0,45000.0,0.2,45000.0,0.2,Up,1,0,0,4,2,2,0,0,0,0,0,0,2,7,32,2.70805020110221,5,6,30,517481.9375,1,1,0,0,0,0,0,0,0,0,0,1,0,0,1,0,0,0,0,0,0,1,0,0,0,0,1,0,0,0,0,0,2
R0174,2,1,1,2026-04-28 18:01:47,805000.0,Down,1130000.0,1130000.0,0.0,0.0,0,0,1130000.0,0.0,1130000.0,1130000.0,0.0,0.0,0.0,0.0,0.0,Stable,0,0,1,4,4,2,0,1,1,0,0,0,1,3,35,3.828641396489095,6,8,48,460955.5,2,4,0,1,0,0,0,0,0,0,0,0,0,0,1,0,0,1,0,0,1,1,0,0,0,0,1,0,0,0,1,0,1
R0174,3,2,2,2026-04-21 18:01:47,770000.0,Stable,805000.0,805000.0,1130000.0,0.0,1,0,967500.0,162500.0,805000.0,1130000.0,325000.0,-325000.0,-0.28761061946902655,-325000.0,-0.28761061946902655,Down,0,1,0,4,3,2,0,0,0,0,0,0,1,3,35,3.828641396489095,6,8,48,460955.5,2,4,0,1,0,0,0,0,0,0,0,0,0,0,1,0,0,1,0,0,1,1,0,0,0,0,1,0,0,0,1,0,0
R0174,4,3,3,2026-04-14 18:01:47,925000.0,Up,770000.0,770000.0,805000.0,1130000.0,1,1,901666.6666666666,162087.0822188561,770000.0,1130000.0,360000.0,-35000.0,-0.043478260869565216,-35000.0,-0.043478260869565216,Stable,0,0,1,4,2,2,0,0,0,0,0,0,1,3,35,3.828641396489095,6,8,48,460955.5,2,4,0,1,0,0,0,0,0,0,0,0,0,0,1,0,0,1,0,0,1,1,0,0,0,0,1,0,0,0,1,0,1
R0175,2,1,1,2026-04-28 18:30:59,360000.0,Down,670000.0,670000.0,0.0,0.0,0,0,670000.0,0.0,670000.0,670000.0,0.0,0.0,0.0,0.0,0.0,Stable,0,0,1,4,4,2,0,1,1,0,0,0,2,1,34,4.3694478524670215,6,10,60,739240.8333333334,2,1,0,0,0,0,0,0,0,0,0,1,0,1,1,0,0,1,0,0,1,1,1,0,0,0,1,0,0,0,1,1,1
R0175,3,2,2,2026-04-21 18:30:59,475000.0,Up,360000.0,360000.0,670000.0,0.0,1,0,515000.0,155000.0,360000.0,670000.0,310000.0,-310000.0,-0.4626865671641791,-310000.0,-0.4626865671641791,Down,0,1,0,4,3,2,0,0,0,0,0,0,2,1,34,4.3694478524670215,6,10,60,739240.8333333334,2,1,0,0,0,0,0,0,0,0,0,1,0,1,1,0,0,1,0,0,1,1,1,0,0,0,1,0,0,0,1,1,0
R0175,4,3,3,2026-04-14 18:30:59,420000.0,Down,475000.0,475000.0,360000.0,670000.0,1,1,501666.6666666667,127953.98478446157,360000.0,670000.0,310000.0,115000.0,0.3194444444444444,115000.0,0.3194444444444444,Up,1,0,0,4,2,2,0,0,0,0,0,0,2,1,34,4.3694478524670215,6,10,60,739240.8333333334,2,1,0,0,0,0,0,0,0,0,0,1,0,1,1,0,0,1,0,0,1,1,1,0,0,0,1,0,0,0,1,1,2
R0176,2,1,1,2026-04-28 18:58:10,225000.0,Up,18400.0,18400.0,0.0,0.0,0,0,18400.0,0.0,18400.0,18400.0,0.0,0.0,0.0,0.0,0.0,Stable,0,0,1,4,4,2,0,1,1,0,0,0,0,1,21,1.0986122886681096,3,5,15,739240.8333333334,0,4,0,0,0,1,0,0,1,0,0,0,0,1,1,0,0,0,0,0,0,1,0,0,0,0,1,0,0,0,0,1,1
R0176,3,2,2,2026-04-21 18:58:10,260000.0,Up,225000.0,225000.0,18400.0,0.0,1,0,121700.0,103300.0,18400.0,225000.0,206600.0,206600.0,11.228260869565217,206600.0,11.228260869565217,Up,1,0,0,4,3,2,0,0,0,0,0,0,0,1,21,1.0986122886681096,3,5,15,739240.8333333334,0,4,0,0,0,1,0,0,1,0,0,0,0,1,1,0,0,0,0,0,0,1,0,0,0,0,1,0,0,0,0,1,2
R0176,4,3,3,2026-04-14 18:58:10,275000.0,Up,260000.0,260000.0,225000.0,18400.0,1,1,167800.0,106603.68974227237,18400.0,260000.0,241600.0,35000.0,0.15555555555555556,35000.0,0.15555555555555556,Up,1,0,0,4,2,2,0,0,0,0,0,0,0,1,21,1.0986122886681096,3,5,15,739240.8333333334,0,4,0,0,0,1,0,0,1,0,0,0,0,1,1,0,0,0,0,0,0,1,0,0,0,0,1,0,0,0,0,1,2
R0177,2,1,1,2026-04-28 19:53:13,450000.0,Stable,450000.0,450000.0,0.0,0.0,0,0,450000.0,0.0,450000.0,450000.0,0.0,0.0,0.0,0.0,0.0,Stable,0,0,1,4,4,2,0,1,1,0,0,0,2,5,30,3.044522437723423,5,8,40,550782.7152777778,1,0,0,0,0,0,0,0,0,0,0,1,0,1,1,0,0,1,0,0,1,1,0,0,0,0,1,0,0,0,1,1,1
R0177,3,2,2,2026-04-21 19:53:13,410000.0,Down,450000.0,450000.0,450000.0,0.0,1,0,450000.0,0.0,450000.0,450000.0,0.0,0.0,0.0,0.0,0.0,Stable,0,0,1,4,3,2,0,0,0,0,0,0,2,5,30,3.044522437723423,5,8,40,550782.7152777778,1,0,0,0,0,0,0,0,0,0,0,1,0,1,1,0,0,1,0,0,1,1,0,0,0,0,1,0,0,0,1,1,1
R0177,4,3,3,2026-04-14 19:53:13,380000.0,Down,410000.0,410000.0,450000.0,450000.0,1,1,436666.6666666667,18856.180831641268,410000.0,450000.0,40000.0,-40000.0,-0.08888888888888889,-40000.0,-0.08888888888888889,Down,0,1,0,4,2,2,0,0,0,0,0,0,2,5,30,3.044522437723423,5,8,40,550782.7152777778,1,0,0,0,0,0,0,0,0,0,0,1,0,1,1,0,0,1,0,0,1,1,0,0,0,0,1,0,0,0,1,1,0
R0178,2,1,1,2026-04-28 19:55:16,375000.0,Down,980000.0,980000.0,0.0,0.0,0,0,980000.0,0.0,980000.0,980000.0,0.0,0.0,0.0,0.0,0.0,Stable,0,0,1,4,4,2,0,1,1,0,0,0,0,4,27,2.0794415416798357,4,5,20,653189.75,2,1,0,0,0,0,0,0,0,0,0,1,1,0,1,0,0,1,0,0,1,1,0,0,0,0,1,0,1,0,1,0,1
R0178,3,2,2,2026-04-21 19:55:16,860000.0,Up,375000.0,375000.0,980000.0,0.0,1,0,677500.0,302500.0,375000.0,980000.0,605000.0,-605000.0,-0.6173469387755102,-605000.0,-0.6173469387755102,Down,0,1,0,4,3,2,0,0,0,0,0,0,0,4,27,2.0794415416798357,4,5,20,653189.75,2,1,0,0,0,0,0,0,0,0,0,1,1,0,1,0,0,1,0,0,1,1,0,0,0,0,1,0,1,0,1,0,0
R0178,4,3,3,2026-04-14 19:55:16,300000.0,Down,860000.0,860000.0,375000.0,980000.0,1,1,738333.3333333334,261544.5574955739,375000.0,980000.0,605000.0,485000.0,1.2933333333333332,485000.0,1.2933333333333332,Up,1,0,0,4,2,2,0,0,0,0,0,0,0,4,27,2.0794415416798357,4,5,20,653189.75,2,1,0,0,0,0,0,0,0,0,0,1,1,0,1,0,0,1,0,0,1,1,0,0,0,0,1,0,1,0,1,0,2
R0179,2,1,1,2026-04-28 20:44:17,370000.0,Up,275000.0,275000.0,0.0,0.0,0,0,275000.0,0.0,275000.0,275000.0,0.0,0.0,0.0,0.0,0.0,Stable,0,0,1,4,4,2,0,1,1,0,0,0,0,5,22,2.8903717578961645,6,5,30,550782.7152777778,1,4,1,0,0,0,0,0,0,0,1,0,1,0,1,0,0,0,0,0,0,1,0,0,0,0,1,0,1,0,0,0,1
R0179,3,2,2,2026-04-21 20:44:17,500000.0,Up,370000.0,370000.0,275000.0,0.0,1,0,322500.0,47500.0,275000.0,370000.0,95000.0,95000.0,0.34545454545454546,95000.0,0.34545454545454546,Up,1,0,0,4,3,2,0,0,0,0,0,0,0,5,22,2.8903717578961645,6,5,30,550782.7152777778,1,4,1,0,0,0,0,0,0,0,1,0,1,0,1,0,0,0,0,0,0,1,0,0,0,0,1,0,1,0,0,0,2
R0179,4,3,3,2026-04-14 20:44:17,220000.0,Down,500000.0,500000.0,370000.0,275000.0,1,1,381666.6666666667,92225.56888171281,275000.0,500000.0,225000.0,130000.0,0.35135135135135137,130000.0,0.35135135135135137,Up,1,0,0,4,2,2,0,0,0,0,0,0,0,5,22,2.8903717578961645,6,5,30,550782.7152777778,1,4,1,0,0,0,0,0,0,0,1,0,1,0,1,0,0,0,0,0,0,1,0,0,0,0,1,0,1,0,0,0,2
R0180,2,1,1,2026-04-28 20:47:26,200000.0,Down,270000.0,270000.0,0.0,0.0,0,0,270000.0,0.0,270000.0,270000.0,0.0,0.0,0.0,0.0,0.0,Stable,0,0,1,4,4,2,0,1,1,0,0,0,1,5,45,3.58351893845611,6,6,36,550782.7152777778,0,3,0,1,0,0,0,0,0,0,0,0,0,0,0,0,1,0,0,0,0,1,0,1,0,0,0,0,0,1,0,0,1
R0180,3,2,2,2026-04-21 20:47:26,225000.0,Up,200000.0,200000.0,270000.0,0.0,1,0,235000.0,35000.0,200000.0,270000.0,70000.0,-70000.0,-0.25925925925925924,-70000.0,-0.25925925925925924,Down,0,1,0,4,3,2,0,0,0,0,0,0,1,5,45,3.58351893845611,6,6,36,550782.7152777778,0,3,0,1,0,0,0,0,0,0,0,0,0,0,0,0,1,0,0,0,0,1,0,1,0,0,0,0,0,1,0,0,0
R0180,4,3,3,2026-04-14 20:47:26,250000.0,Up,225000.0,225000.0,200000.0,270000.0,1,1,231666.66666666666,28963.578661637945,200000.0,270000.0,70000.0,25000.0,0.125,25000.0,0.125,Up,1,0,0,4,2,2,0,0,0,0,0,0,1,5,45,3.58351893845611,6,6,36,550782.7152777778,0,3,0,1,0,0,0,0,0,0,0,0,0,0,0,0,1,0,0,0,0,1,0,1,0,0,0,0,0,1,0,0,2
R0181,2,1,1,2026-04-28 20:56:15,875000.0,Up,790000.0,790000.0,0.0,0.0,0,0,790000.0,0.0,790000.0,790000.0,0.0,0.0,0.0,0.0,0.0,Stable,0,0,1,4,4,2,0,1,1,0,0,0,0,3,31,0.6931471805599453,5,9,45,460955.5,2,4,0,0,0,0,0,0,0,0,0,0,1,0,1,0,0,0,0,0,1,1,0,0,0,0,1,0,1,0,0,0,1
R0181,3,2,2,2026-04-21 20:56:15,825000.0,Down,875000.0,875000.0,790000.0,0.0,1,0,832500.0,42500.0,790000.0,875000.0,85000.0,85000.0,0.10759493670886076,85000.0,0.10759493670886076,Up,1,0,0,4,3,2,0,0,0,0,0,0,0,3,31,0.6931471805599453,5,9,45,460955.5,2,4,0,0,0,0,0,0,0,0,0,0,1,0,1,0,0,0,0,0,1,1,0,0,0,0,1,0,1,0,0,0,2
R0181,4,3,3,2026-04-14 20:56:15,775000.0,Down,825000.0,825000.0,875000.0,790000.0,1,1,830000.0,34880.74922742725,790000.0,875000.0,85000.0,-50000.0,-0.05714285714285714,-50000.0,-0.05714285714285714,Down,0,1,0,4,2,2,0,0,0,0,0,0,0,3,31,0.6931471805599453,5,9,45,460955.5,2,4,0,0,0,0,0,0,0,0,0,0,1,0,1,0,0,0,0,0,1,1,0,0,0,0,1,0,1,0,0,0,0
R0182,2,1,1,2026-04-28 21:12:26,870000.0,Down,925000.0,925000.0,0.0,0.0,0,0,925000.0,0.0,925000.0,925000.0,0.0,0.0,0.0,0.0,0.0,Stable,0,0,1,4,4,2,0,1,1,0,0,0,2,1,25,4.406719247264253,6,7,42,739240.8333333334,2,1,0,0,0,0,0,0,0,0,0,1,0,0,1,0,0,1,1,0,0,1,0,0,0,0,1,0,0,0,1,0,1
R0182,3,2,2,2026-04-21 21:12:26,870000.0,Stable,870000.0,870000.0,925000.0,0.0,1,0,897500.0,27500.0,870000.0,925000.0,55000.0,-55000.0,-0.05945945945945946,-55000.0,-0.05945945945945946,Down,0,1,0,4,3,2,0,0,0,0,0,0,2,1,25,4.406719247264253,6,7,42,739240.8333333334,2,1,0,0,0,0,0,0,0,0,0,1,0,0,1,0,0,1,1,0,0,1,0,0,0,0,1,0,0,0,1,0,0
R0182,4,3,3,2026-04-14 21:12:26,775000.0,Down,870000.0,870000.0,870000.0,925000.0,1,1,888333.3333333334,25927.248643506744,870000.0,925000.0,55000.0,0.0,0.0,0.0,0.0,Stable,0,0,1,4,2,2,0,0,0,0,0,0,2,1,25,4.406719247264253,6,7,42,739240.8333333334,2,1,0,0,0,0,0,0,0,0,0,1,0,0,1,0,0,1,1,0,0,1,0,0,0,0,1,0,0,0,1,0,1
R0183,2,1,1,2026-04-28 21:12:29,830000.0,Down,875000.0,875000.0,0.0,0.0,0,0,875000.0,0.0,875000.0,875000.0,0.0,0.0,0.0,0.0,0.0,Stable,0,0,1,4,4,2,0,1,1,0,0,0,0,0,21,3.044522437723423,6,9,54,518297.0,2,4,0,1,0,0,0,1,0,0,0,0,0,1,0,1,0,0,0,0,1,1,0,0,0,0,0,1,0,0,0,1,1
R0183,3,2,2,2026-04-21 21:12:29,800000.0,Stable,830000.0,830000.0,875000.0,0.0,1,0,852500.0,22500.0,830000.0,875000.0,45000.0,-45000.0,-0.05142857142857143,-45000.0,-0.05142857142857143,Down,0,1,0,4,3,2,0,0,0,0,0,0,0,0,21,3.044522437723423,6,9,54,518297.0,2,4,0,1,0,0,0,1,0,0,0,0,0,1,0,1,0,0,0,0,1,1,0,0,0,0,0,1,0,0,0,1,0
R0183,4,3,3,2026-04-14 21:12:29,950000.0,Up,800000.0,800000.0,830000.0,875000.0,1,1,835000.0,30822.07001484488,800000.0,875000.0,75000.0,-30000.0,-0.03614457831325301,-30000.0,-0.03614457831325301,Stable,0,0,1,4,2,2,0,0,0,0,0,0,0,0,21,3.044522437723423,6,9,54,518297.0,2,4,0,1,0,0,0,1,0,0,0,0,0,1,0,1,0,0,0,0,1,1,0,0,0,0,0,1,0,0,0,1,1
R0184,2,1,1,2026-04-28 21:25:19,325000.0,Up,175000.0,175000.0,0.0,0.0,0,0,175000.0,0.0,175000.0,175000.0,0.0,0.0,0.0,0.0,0.0,Stable,0,0,1,4,4,2,0,1,1,0,0,0,0,4,21,2.302585092994046,3,4,12,653189.75,0,0,0,0,0,0,0,0,0,0,0,1,0,1,1,0,0,0,0,0,0,1,0,0,0,0,1,0,0,0,0,1,1
R0184,3,2,2,2026-04-21 21:25:19,270000.0,Down,325000.0,325000.0,175000.0,0.0,1,0,250000.0,75000.0,175000.0,325000.0,150000.0,150000.0,0.8571428571428571,150000.0,0.8571428571428571,Up,1,0,0,4,3,2,0,0,0,0,0,0,0,4,21,2.302585092994046,3,4,12,653189.75,0,0,0,0,0,0,0,0,0,0,0,1,0,1,1,0,0,0,0,0,0,1,0,0,0,0,1,0,0,0,0,1,2
R0184,4,3,3,2026-04-14 21:25:19,6800.0,Down,270000.0,270000.0,325000.0,175000.0,1,1,256666.66666666666,61958.767651470356,175000.0,325000.0,150000.0,-55000.0,-0.16923076923076924,-55000.0,-0.16923076923076924,Down,0,1,0,4,2,2,0,0,0,0,0,0,0,4,21,2.302585092994046,3,4,12,653189.75,0,0,0,0,0,0,0,0,0,0,0,1,0,1,1,0,0,0,0,0,0,1,0,0,0,0,1,0,0,0,0,1,0
R0185,2,1,1,2026-04-28 21:28:15,440000.0,Stable,440000.0,440000.0,0.0,0.0,0,0,440000.0,0.0,440000.0,440000.0,0.0,0.0,0.0,0.0,0.0,Stable,0,0,1,4,4,2,0,1,1,0,0,0,2,1,26,3.7612001156935624,3,9,27,739240.8333333334,1,0,0,0,0,0,0,0,0,0,0,1,0,1,1,0,0,1,1,0,0,1,0,0,0,0,1,0,0,0,1,1,1
R0185,3,2,2,2026-04-21 21:28:15,450000.0,Stable,440000.0,440000.0,440000.0,0.0,1,0,440000.0,0.0,440000.0,440000.0,0.0,0.0,0.0,0.0,0.0,Stable,0,0,1,4,3,2,0,0,0,0,0,0,2,1,26,3.7612001156935624,3,9,27,739240.8333333334,1,0,0,0,0,0,0,0,0,0,0,1,0,1,1,0,0,1,1,0,0,1,0,0,0,0,1,0,0,0,1,1,1
R0185,4,3,3,2026-04-14 21:28:15,540000.0,Up,450000.0,450000.0,440000.0,440000.0,1,1,443333.3333333333,4714.045207910317,440000.0,450000.0,10000.0,10000.0,0.022727272727272728,10000.0,0.022727272727272728,Stable,0,0,1,4,2,2,0,0,0,0,0,0,2,1,26,3.7612001156935624,3,9,27,739240.8333333334,1,0,0,0,0,0,0,0,0,0,0,1,0,1,1,0,0,1,1,0,0,1,0,0,0,0,1,0,0,0,1,1,1
R0186,2,1,1,2026-04-28 21:46:34,365000.0,Down,805000.0,805000.0,0.0,0.0,0,0,805000.0,0.0,805000.0,805000.0,0.0,0.0,0.0,0.0,0.0,Stable,0,0,1,4,4,2,0,1,1,0,0,0,0,1,23,4.189654742026425,6,8,48,739240.8333333334,1,4,0,0,0,0,0,0,0,0,0,1,1,0,0,0,0,0,0,0,0,1,0,0,0,1,0,0,1,0,0,0,1
R0186,3,2,2,2026-04-21 21:46:34,510000.0,Up,365000.0,365000.0,805000.0,0.0,1,0,585000.0,220000.0,365000.0,805000.0,440000.0,-440000.0,-0.546583850931677,-440000.0,-0.546583850931677,Down,0,1,0,4,3,2,0,0,0,0,0,0,0,1,23,4.189654742026425,6,8,48,739240.8333333334,1,4,0,0,0,0,0,0,0,0,0,1,1,0,0,0,0,0,0,0,0,1,0,0,0,1,0,0,1,0,0,0,0
R0186,4,3,3,2026-04-14 21:46:34,905000.0,Up,510000.0,510000.0,365000.0,805000.0,1,1,560000.0,183075.57637944684,365000.0,805000.0,440000.0,145000.0,0.3972602739726027,145000.0,0.3972602739726027,Up,1,0,0,4,2,2,0,0,0,0,0,0,0,1,23,4.189654742026425,6,8,48,739240.8333333334,1,4,0,0,0,0,0,0,0,0,0,1,1,0,0,0,0,0,0,0,0,1,0,0,0,1,0,0,1,0,0,0,2
R0187,2,1,1,2026-04-28 22:05:23,425000.0,Up,310000.0,310000.0,0.0,0.0,0,0,310000.0,0.0,310000.0,310000.0,0.0,0.0,0.0,0.0,0.0,Stable,0,0,1,4,4,2,0,1,1,0,0,0,0,5,17,1.791759469228055,4,9,36,550782.7152777778,1,4,0,0,0,0,0,0,0,0,0,0,1,0,0,0,0,0,0,0,1,1,0,0,0,1,0,0,1,0,0,0,1
R0187,3,2,2,2026-04-21 22:05:23,350000.0,Down,425000.0,425000.0,310000.0,0.0,1,0,367500.0,57500.0,310000.0,425000.0,115000.0,115000.0,0.3709677419354839,115000.0,0.3709677419354839,Up,1,0,0,4,3,2,0,0,0,0,0,0,0,5,17,1.791759469228055,4,9,36,550782.7152777778,1,4,0,0,0,0,0,0,0,0,0,0,1,0,0,0,0,0,0,0,1,1,0,0,0,1,0,0,1,0,0,0,2
R0187,4,3,3,2026-04-14 22:05:23,430000.0,Up,350000.0,350000.0,425000.0,310000.0,1,1,361666.6666666667,47667.83215358364,310000.0,425000.0,115000.0,-75000.0,-0.17647058823529413,-75000.0,-0.17647058823529413,Down,0,1,0,4,2,2,0,0,0,0,0,0,0,5,17,1.791759469228055,4,9,36,550782.7152777778,1,4,0,0,0,0,0,0,0,0,0,0,1,0,0,0,0,0,0,0,1,1,0,0,0,1,0,0,1,0,0,0,0
R0188,2,1,1,2026-04-28 23:25:14,250000.0,Down,550000.0,550000.0,0.0,0.0,0,0,550000.0,0.0,550000.0,550000.0,0.0,0.0,0.0,0.0,0.0,Stable,0,0,1,4,4,2,0,1,1,0,0,0,0,3,31,2.1972245773362196,6,6,36,460955.5,0,4,1,0,0,0,0,0,0,0,0,1,1,0,1,0,0,1,0,0,0,1,0,0,1,0,1,0,1,0,1,0,1
R0188,3,2,2,2026-04-21 23:25:14,580000.0,Up,250000.0,250000.0,550000.0,0.0,1,0,400000.0,150000.0,250000.0,550000.0,300000.0,-300000.0,-0.5454545454545454,-300000.0,-0.5454545454545454,Down,0,1,0,4,3,2,0,0,0,0,0,0,0,3,31,2.1972245773362196,6,6,36,460955.5,0,4,1,0,0,0,0,0,0,0,0,1,1,0,1,0,0,1,0,0,0,1,0,0,1,0,1,0,1,0,1,0,0
R0188,4,3,3,2026-04-14 23:25:14,280000.0,Down,580000.0,580000.0,250000.0,550000.0,1,1,460000.0,148996.6442575134,250000.0,580000.0,330000.0,330000.0,1.32,330000.0,1.32,Up,1,0,0,4,2,2,0,0,0,0,0,0,0,3,31,2.1972245773362196,6,6,36,460955.5,0,4,1,0,0,0,0,0,0,0,0,1,1,0,1,0,0,1,0,0,0,1,0,0,1,0,1,0,1,0,1,0,2
R0189,2,1,1,2026-04-28 23:47:29,810000.0,Up,375000.0,375000.0,0.0,0.0,0,0,375000.0,0.0,375000.0,375000.0,0.0,0.0,0.0,0.0,0.0,Stable,0,0,1,4,4,2,0,1,1,0,0,0,0,5,24,3.7376696182833684,3,2,6,550782.7152777778,1,0,0,0,0,0,0,0,0,0,0,1,0,1,0,1,0,0,1,0,0,1,0,1,0,0,0,1,0,0,0,1,1
R0189,3,2,2,2026-04-21 23:47:29,500000.0,Down,810000.0,810000.0,375000.0,0.0,1,0,592500.0,217500.0,375000.0,810000.0,435000.0,435000.0,1.16,435000.0,1.16,Up,1,0,0,4,3,2,0,0,0,0,0,0,0,5,24,3.7376696182833684,3,2,6,550782.7152777778,1,0,0,0,0,0,0,0,0,0,0,1,0,1,0,1,0,0,1,0,0,1,0,1,0,0,0,1,0,0,0,1,2
R0189,4,3,3,2026-04-14 23:47:29,625000.0,Up,500000.0,500000.0,810000.0,375000.0,1,1,561666.6666666666,182863.03313925667,375000.0,810000.0,435000.0,-310000.0,-0.38271604938271603,-310000.0,-0.38271604938271603,Down,0,1,0,4,2,2,0,0,0,0,0,0,0,5,24,3.7376696182833684,3,2,6,550782.7152777778,1,0,0,0,0,0,0,0,0,0,0,1,0,1,0,1,0,0,1,0,0,1,0,1,0,0,0,1,0,0,0,1,0
R0190,2,1,1,2026-04-29 00:33:29,1150000.0,Up,1050000.0,1050000.0,0.0,0.0,0,0,1050000.0,0.0,1050000.0,1050000.0,0.0,0.0,0.0,0.0,0.0,Stable,0,0,1,4,5,2,0,1,1,0,0,0,2,2,26,3.8066624897703196,5,10,50,442180.75,2,4,0,0,0,0,0,0,0,0,0,1,0,0,1,0,0,0,1,0,1,1,0,0,0,0,1,0,0,0,0,0,1
R0190,3,2,2,2026-04-22 00:33:29,1075000.0,Down,1150000.0,1150000.0,1050000.0,0.0,1,0,1100000.0,50000.0,1050000.0,1150000.0,100000.0,100000.0,0.09523809523809523,100000.0,0.09523809523809523,Up,1,0,0,4,4,2,0,0,0,0,0,0,2,2,26,3.8066624897703196,5,10,50,442180.75,2,4,0,0,0,0,0,0,0,0,0,1,0,0,1,0,0,0,1,0,1,1,0,0,0,0,1,0,0,0,0,0,2
R0190,4,3,3,2026-04-15 00:33:29,680000.0,Down,1075000.0,1075000.0,1150000.0,1050000.0,1,1,1091666.6666666667,42491.82927993988,1050000.0,1150000.0,100000.0,-75000.0,-0.06521739130434782,-75000.0,-0.06521739130434782,Down,0,1,0,4,3,2,0,0,0,0,0,0,2,2,26,3.8066624897703196,5,10,50,442180.75,2,4,0,0,0,0,0,0,0,0,0,1,0,0,1,0,0,0,1,0,1,1,0,0,0,0,1,0,0,0,0,0,0
R0191,2,1,1,2026-04-29 09:37:23,300000.0,Down,705000.0,705000.0,0.0,0.0,0,0,705000.0,0.0,705000.0,705000.0,0.0,0.0,0.0,0.0,0.0,Stable,0,0,1,4,5,2,0,1,1,0,0,0,0,1,32,3.970291913552122,3,6,18,739240.8333333334,1,1,0,0,0,1,0,0,1,0,0,1,0,1,1,0,0,0,0,0,0,1,1,0,0,1,1,0,0,0,0,1,1
R0191,3,2,2,2026-04-22 09:37:23,700000.0,Up,300000.0,300000.0,705000.0,0.0,1,0,502500.0,202500.0,300000.0,705000.0,405000.0,-405000.0,-0.574468085106383,-405000.0,-0.574468085106383,Down,0,1,0,4,4,2,0,0,0,0,0,0,0,1,32,3.970291913552122,3,6,18,739240.8333333334,1,1,0,0,0,1,0,0,1,0,0,1,0,1,1,0,0,0,0,0,0,1,1,0,0,1,1,0,0,0,0,1,0
R0191,4,3,3,2026-04-15 09:37:23,325000.0,Down,700000.0,700000.0,300000.0,705000.0,1,1,568333.3333333334,189751.29921967743,300000.0,705000.0,405000.0,400000.0,1.3333333333333333,400000.0,1.3333333333333333,Up,1,0,0,4,3,2,0,0,0,0,0,0,0,1,32,3.970291913552122,3,6,18,739240.8333333334,1,1,0,0,0,1,0,0,1,0,0,1,0,1,1,0,0,0,0,0,0,1,1,0,0,1,1,0,0,0,0,1,2
R0192,2,1,1,2026-04-29 09:40:26,850000.0,Up,700000.0,700000.0,0.0,0.0,0,0,700000.0,0.0,700000.0,700000.0,0.0,0.0,0.0,0.0,0.0,Stable,0,0,1,4,5,2,0,1,1,0,0,0,1,1,35,3.4011973816621555,7,8,56,739240.8333333334,1,0,0,1,0,0,0,0,0,0,0,0,0,1,0,0,0,1,0,0,0,1,0,0,1,0,0,0,0,0,1,1,1
R0192,3,2,2,2026-04-22 09:40:26,930000.0,Up,850000.0,850000.0,700000.0,0.0,1,0,775000.0,75000.0,700000.0,850000.0,150000.0,150000.0,0.21428571428571427,150000.0,0.21428571428571427,Up,1,0,0,4,4,2,0,0,0,0,0,0,1,1,35,3.4011973816621555,7,8,56,739240.8333333334,1,0,0,1,0,0,0,0,0,0,0,0,0,1,0,0,0,1,0,0,0,1,0,0,1,0,0,0,0,0,1,1,2
R0192,4,3,3,2026-04-15 09:40:26,790000.0,Down,930000.0,930000.0,850000.0,700000.0,1,1,826666.6666666666,95335.66430716727,700000.0,930000.0,230000.0,80000.0,0.09411764705882353,80000.0,0.09411764705882353,Up,1,0,0,4,3,2,0,0,0,0,0,0,1,1,35,3.4011973816621555,7,8,56,739240.8333333334,1,0,0,1,0,0,0,0,0,0,0,0,0,1,0,0,0,1,0,0,0,1,0,0,1,0,0,0,0,0,1,1,2
R0193,2,1,1,2026-04-29 11:30:00,200000.0,Up,125000.0,125000.0,0.0,0.0,0,0,125000.0,0.0,125000.0,125000.0,0.0,0.0,0.0,0.0,0.0,Stable,0,0,1,4,5,2,0,1,1,0,0,0,1,1,38,3.367295829986474,6,9,54,739240.8333333334,0,2,0,1,0,0,0,0,0,0,0,0,0,0,0,0,0,0,0,0,1,1,0,1,0,0,0,0,0,0,0,0,1
R0193,3,2,2,2026-04-22 11:30:00,10000.0,Down,200000.0,200000.0,125000.0,0.0,1,0,162500.0,37500.0,125000.0,200000.0,75000.0,75000.0,0.6,75000.0,0.6,Up,1,0,0,4,4,2,0,0,0,0,0,0,1,1,38,3.367295829986474,6,9,54,739240.8333333334,0,2,0,1,0,0,0,0,0,0,0,0,0,0,0,0,0,0,0,0,1,1,0,1,0,0,0,0,0,0,0,0,2
R0193,4,3,3,2026-04-15 11:30:00,150000.0,Up,10000.0,10000.0,200000.0,125000.0,1,1,111666.66666666667,78138.05446487362,10000.0,200000.0,190000.0,-190000.0,-0.95,-190000.0,-0.95,Down,0,1,0,4,3,2,0,0,0,0,0,0,1,1,38,3.367295829986474,6,9,54,739240.8333333334,0,2,0,1,0,0,0,0,0,0,0,0,0,0,0,0,0,0,0,0,1,1,0,1,0,0,0,0,0,0,0,0,0
R0194,2,1,1,2026-04-29 12:20:33,980000.0,Down,1336200.0,1336200.0,0.0,0.0,0,0,1336200.0,0.0,1336200.0,1336200.0,0.0,0.0,0.0,0.0,0.0,Stable,0,0,1,4,5,2,0,1,1,0,0,0,1,1,40,4.394449154672439,7,10,70,739240.8333333334,2,1,0,0,1,0,0,0,0,0,0,0,0,1,0,0,0,0,0,1,0,1,0,0,0,0,0,0,0,0,0,1,1
R0194,3,2,2,2026-04-22 12:20:33,1175000.0,Up,980000.0,980000.0,1336200.0,0.0,1,0,1158100.0,178100.0,980000.0,1336200.0,356200.0,-356200.0,-0.2665768597515342,-356200.0,-0.2665768597515342,Down,0,1,0,4,4,2,0,0,0,0,0,0,1,1,40,4.394449154672439,7,10,70,739240.8333333334,2,1,0,0,1,0,0,0,0,0,0,0,0,1,0,0,0,0,0,1,0,1,0,0,0,0,0,0,0,0,0,1,0
R0194,4,3,3,2026-04-15 12:20:33,760000.0,Down,1175000.0,1175000.0,980000.0,1336200.0,1,1,1163733.3333333333,145636.106634157,980000.0,1336200.0,356200.0,195000.0,0.1989795918367347,195000.0,0.1989795918367347,Up,1,0,0,4,3,2,0,0,0,0,0,0,1,1,40,4.394449154672439,7,10,70,739240.8333333334,2,1,0,0,1,0,0,0,0,0,0,0,0,1,0,0,0,0,0,1,0,1,0,0,0,0,0,0,0,0,0,1,2
R0195,2,1,1,2026-04-29 12:21:23,260000.0,Up,18400.0,18400.0,0.0,0.0,0,0,18400.0,0.0,18400.0,18400.0,0.0,0.0,0.0,0.0,0.0,Stable,0,0,1,4,5,2,0,1,1,0,0,0,2,0,35,3.6635616461296463,6,8,48,518297.0,0,0,0,0,0,0,0,0,0,0,0,1,0,0,1,0,0,1,0,0,1,1,1,0,0,0,1,0,0,0,1,0,1
R0195,3,2,2,2026-04-22 12:21:23,250000.0,Stable,260000.0,260000.0,18400.0,0.0,1,0,139200.0,120800.0,18400.0,260000.0,241600.0,241600.0,13.130434782608695,241600.0,13.130434782608695,Up,1,0,0,4,4,2,0,0,0,0,0,0,2,0,35,3.6635616461296463,6,8,48,518297.0,0,0,0,0,0,0,0,0,0,0,0,1,0,0,1,0,0,1,0,0,1,1,1,0,0,0,1,0,0,0,1,0,2
R0195,4,3,3,2026-04-15 12:21:23,150000.0,Down,250000.0,250000.0,260000.0,18400.0,1,1,176133.33333333334,111609.00003534163,18400.0,260000.0,241600.0,-10000.0,-0.038461538461538464,-10000.0,-0.038461538461538464,Stable,0,0,1,4,3,2,0,0,0,0,0,0,2,0,35,3.6635616461296463,6,8,48,518297.0,0,0,0,0,0,0,0,0,0,0,0,1,0,0,1,0,0,1,0,0,1,1,1,0,0,0,1,0,0,0,1,0,1
R0196,2,1,1,2026-04-29 12:49:11,20000.0,Up,18400.0,18400.0,0.0,0.0,0,0,18400.0,0.0,18400.0,18400.0,0.0,0.0,0.0,0.0,0.0,Stable,0,0,1,4,5,2,0,1,1,0,0,0,0,6,43,4.442651256490317,4,5,20,559306.0,2,3,0,0,0,0,0,1,1,1,0,1,0,0,0,0,1,0,0,0,0,1,0,0,0,0,0,0,0,1,0,0,1
R0196,3,2,2,2026-04-22 12:49:11,300000.0,Up,20000.0,20000.0,18400.0,0.0,1,0,19200.0,800.0,18400.0,20000.0,1600.0,1600.0,0.08695652173913043,1600.0,0.08695652173913043,Up,1,0,0,4,4,2,0,0,0,0,0,0,0,6,43,4.442651256490317,4,5,20,559306.0,2,3,0,0,0,0,0,1,1,1,0,1,0,0,0,0,1,0,0,0,0,1,0,0,0,0,0,0,0,1,0,0,2
R0196,4,3,3,2026-04-15 12:49:11,15000.0,Down,300000.0,300000.0,20000.0,18400.0,1,1,112800.0,132372.00106769812,18400.0,300000.0,281600.0,280000.0,14.0,280000.0,14.0,Up,1,0,0,4,3,2,0,0,0,0,0,0,0,6,43,4.442651256490317,4,5,20,559306.0,2,3,0,0,0,0,0,1,1,1,0,1,0,0,0,0,1,0,0,0,0,1,0,0,0,0,0,0,0,1,0,0,2
R0197,2,1,1,2026-04-29 12:58:40,460000.0,Stable,460000.0,460000.0,0.0,0.0,0,0,460000.0,0.0,460000.0,460000.0,0.0,0.0,0.0,0.0,0.0,Stable,0,0,1,4,5,2,0,1,1,0,0,0,0,1,28,3.5553480614894135,4,5,20,739240.8333333334,2,1,0,0,0,0,0,1,1,1,0,1,0,0,0,1,1,1,1,0,0,1,0,1,0,0,0,1,0,1,1,0,1
R0197,3,2,2,2026-04-22 12:58:40,720000.0,Up,460000.0,460000.0,460000.0,0.0,1,0,460000.0,0.0,460000.0,460000.0,0.0,0.0,0.0,0.0,0.0,Stable,0,0,1,4,4,2,0,0,0,0,0,0,0,1,28,3.5553480614894135,4,5,20,739240.8333333334,2,1,0,0,0,0,0,1,1,1,0,1,0,0,0,1,1,1,1,0,0,1,0,1,0,0,0,1,0,1,1,0,1
R0197,4,3,3,2026-04-15 12:58:40,495000.0,Down,720000.0,720000.0,460000.0,460000.0,1,1,546666.6666666666,122565.17540566824,460000.0,720000.0,260000.0,260000.0,0.5652173913043478,260000.0,0.5652173913043478,Up,1,0,0,4,3,2,0,0,0,0,0,0,0,1,28,3.5553480614894135,4,5,20,739240.8333333334,2,1,0,0,0,0,0,1,1,1,0,1,0,0,0,1,1,1,1,0,0,1,0,1,0,0,0,1,0,1,1,0,2
R0198,2,1,1,2026-04-29 13:51:41,470000.0,Down,775000.0,775000.0,0.0,0.0,0,0,775000.0,0.0,775000.0,775000.0,0.0,0.0,0.0,0.0,0.0,Stable,0,0,1,4,5,2,0,1,1,0,0,0,0,1,36,2.833213344056216,6,5,30,739240.8333333334,1,2,0,0,0,0,0,1,1,1,0,1,0,0,0,0,0,1,0,0,0,1,0,1,0,0,0,0,0,0,1,0,1
R0198,3,2,2,2026-04-22 13:51:41,690000.0,Up,470000.0,470000.0,775000.0,0.0,1,0,622500.0,152500.0,470000.0,775000.0,305000.0,-305000.0,-0.3935483870967742,-305000.0,-0.3935483870967742,Down,0,1,0,4,4,2,0,0,0,0,0,0,0,1,36,2.833213344056216,6,5,30,739240.8333333334,1,2,0,0,0,0,0,1,1,1,0,1,0,0,0,0,0,1,0,0,0,1,0,1,0,0,0,0,0,0,1,0,0
R0198,4,3,3,2026-04-15 13:51:41,875000.0,Up,690000.0,690000.0,470000.0,775000.0,1,1,645000.0,128517.18432438001,470000.0,775000.0,305000.0,220000.0,0.46808510638297873,220000.0,0.46808510638297873,Up,1,0,0,4,3,2,0,0,0,0,0,0,0,1,36,2.833213344056216,6,5,30,739240.8333333334,1,2,0,0,0,0,0,1,1,1,0,1,0,0,0,0,0,1,0,0,0,1,0,1,0,0,0,0,0,0,1,0,2
R0199,2,1,1,2026-04-29 13:55:48,640000.0,Stable,640000.0,640000.0,0.0,0.0,0,0,640000.0,0.0,640000.0,640000.0,0.0,0.0,0.0,0.0,0.0,Stable,0,0,1,4,5,2,0,1,1,0,0,0,1,7,34,1.3862943611198906,5,8,40,517481.9375,0,3,0,1,1,0,0,0,0,0,0,0,0,0,0,0,1,0,0,0,0,1,0,1,1,0,0,0,0,1,0,0,1
R0199,3,2,2,2026-04-22 13:55:48,450000.0,Down,640000.0,640000.0,640000.0,0.0,1,0,640000.0,0.0,640000.0,640000.0,0.0,0.0,0.0,0.0,0.0,Stable,0,0,1,4,4,2,0,0,0,0,0,0,1,7,34,1.3862943611198906,5,8,40,517481.9375,0,3,0,1,1,0,0,0,0,0,0,0,0,0,0,0,1,0,0,0,0,1,0,1,1,0,0,0,0,1,0,0,1
R0199,4,3,3,2026-04-15 13:55:48,675000.0,Up,450000.0,450000.0,640000.0,640000.0,1,1,576666.6666666666,89566.85895029602,450000.0,640000.0,190000.0,-190000.0,-0.296875,-190000.0,-0.296875,Down,0,1,0,4,3,2,0,0,0,0,0,0,1,7,34,1.3862943611198906,5,8,40,517481.9375,0,3,0,1,1,0,0,0,0,0,0,0,0,0,0,0,1,0,0,0,0,1,0,1,1,0,0,0,0,1,0,0,0
R0200,2,1,1,2026-04-29 13:56:41,460000.0,Down,500000.0,500000.0,0.0,0.0,0,0,500000.0,0.0,500000.0,500000.0,0.0,0.0,0.0,0.0,0.0,Stable,0,0,1,4,5,2,0,1,1,0,0,0,0,1,20,2.833213344056216,4,4,16,739240.8333333334,0,1,1,0,0,0,0,0,0,0,0,0,1,0,0,0,0,0,0,0,1,1,0,0,1,0,0,0,1,0,0,0,1
R0200,3,2,2,2026-04-22 13:56:41,250000.0,Down,460000.0,460000.0,500000.0,0.0,1,0,480000.0,20000.0,460000.0,500000.0,40000.0,-40000.0,-0.08,-40000.0,-0.08,Down,0,1,0,4,4,2,0,0,0,0,0,0,0,1,20,2.833213344056216,4,4,16,739240.8333333334,0,1,1,0,0,0,0,0,0,0,0,0,1,0,0,0,0,0,0,0,1,1,0,0,1,0,0,0,1,0,0,0,0
R0200,4,3,3,2026-04-15 13:56:41,420000.0,Up,250000.0,250000.0,460000.0,500000.0,1,1,403333.3333333333,109645.89468932351,250000.0,500000.0,250000.0,-210000.0,-0.45652173913043476,-210000.0,-0.45652173913043476,Down,0,1,0,4,3,2,0,0,0,0,0,0,0,1,20,2.833213344056216,4,4,16,739240.8333333334,0,1,1,0,0,0,0,0,0,0,0,0,1,0,0,0,0,0,0,0,1,1,0,0,1,0,0,0,1,0,0,0,0
R0201,2,1,1,2026-04-29 14:19:34,685000.0,Down,790000.0,790000.0,0.0,0.0,0,0,790000.0,0.0,790000.0,790000.0,0.0,0.0,0.0,0.0,0.0,Stable,0,0,1,4,5,2,0,1,1,0,0,0,1,4,30,2.4849066497880004,5,10,50,653189.75,2,4,0,0,1,0,0,0,0,0,0,0,0,0,0,0,0,1,0,0,0,1,0,0,0,0,0,0,0,0,1,0,1
R0201,3,2,2,2026-04-22 14:19:34,940000.0,Up,685000.0,685000.0,790000.0,0.0,1,0,737500.0,52500.0,685000.0,790000.0,105000.0,-105000.0,-0.13291139240506328,-105000.0,-0.13291139240506328,Down,0,1,0,4,4,2,0,0,0,0,0,0,1,4,30,2.4849066497880004,5,10,50,653189.75,2,4,0,0,1,0,0,0,0,0,0,0,0,0,0,0,0,1,0,0,0,1,0,0,0,0,0,0,0,0,1,0,0
R0201,4,3,3,2026-04-15 14:19:34,950000.0,Stable,940000.0,940000.0,685000.0,790000.0,1,1,805000.0,104642.24768228176,685000.0,940000.0,255000.0,255000.0,0.3722627737226277,255000.0,0.3722627737226277,Up,1,0,0,4,3,2,0,0,0,0,0,0,1,4,30,2.4849066497880004,5,10,50,653189.75,2,4,0,0,1,0,0,0,0,0,0,0,0,0,0,0,0,1,0,0,0,1,0,0,0,0,0,0,0,0,1,0,2
R0202,2,1,1,2026-04-29 14:35:23,600000.0,Down,1336200.0,1336200.0,0.0,0.0,0,0,1336200.0,0.0,1336200.0,1336200.0,0.0,0.0,0.0,0.0,0.0,Stable,0,0,1,4,5,2,0,1,1,0,0,0,1,0,33,4.248495242049359,6,11,66,518297.0,2,0,0,1,0,0,0,0,0,0,0,0,0,0,1,0,1,0,0,0,0,1,0,1,0,0,1,0,0,1,0,0,1
R0202,3,2,2,2026-04-22 14:35:23,1140000.0,Up,600000.0,600000.0,1336200.0,0.0,1,0,968100.0,368100.0,600000.0,1336200.0,736200.0,-736200.0,-0.550965424337674,-736200.0,-0.550965424337674,Down,0,1,0,4,4,2,0,0,0,0,0,0,1,0,33,4.248495242049359,6,11,66,518297.0,2,0,0,1,0,0,0,0,0,0,0,0,0,0,1,0,1,0,0,0,0,1,0,1,0,0,1,0,0,1,0,0,0
R0202,4,3,3,2026-04-15 14:35:23,380000.0,Down,1140000.0,1140000.0,600000.0,1336200.0,1,1,1025400.0,311284.9498449933,600000.0,1336200.0,736200.0,540000.0,0.9,540000.0,0.9,Up,1,0,0,4,3,2,0,0,0,0,0,0,1,0,33,4.248495242049359,6,11,66,518297.0,2,0,0,1,0,0,0,0,0,0,0,0,0,0,1,0,1,0,0,0,0,1,0,1,0,0,1,0,0,1,0,0,2
R0203,2,1,1,2026-04-29 14:47:23,550000.0,Stable,530000.0,530000.0,0.0,0.0,0,0,530000.0,0.0,530000.0,530000.0,0.0,0.0,0.0,0.0,0.0,Stable,0,0,1,4,5,2,0,1,1,0,0,0,0,1,22,3.4339872044851463,6,3,18,739240.8333333334,0,2,0,0,0,0,0,0,0,0,0,1,1,0,1,1,0,0,0,0,0,1,0,1,0,0,1,1,1,0,0,0,1
R0203,3,2,2,2026-04-22 14:47:23,450000.0,Down,550000.0,550000.0,530000.0,0.0,1,0,540000.0,10000.0,530000.0,550000.0,20000.0,20000.0,0.03773584905660377,20000.0,0.03773584905660377,Stable,0,0,1,4,4,2,0,0,0,0,0,0,0,1,22,3.4339872044851463,6,3,18,739240.8333333334,0,2,0,0,0,0,0,0,0,0,0,1,1,0,1,1,0,0,0,0,0,1,0,1,0,0,1,1,1,0,0,0,1
R0203,4,3,3,2026-04-15 14:47:23,460000.0,Stable,450000.0,450000.0,550000.0,530000.0,1,1,510000.0,43204.93798938573,450000.0,550000.0,100000.0,-100000.0,-0.18181818181818182,-100000.0,-0.18181818181818182,Down,0,1,0,4,3,2,0,0,0,0,0,0,0,1,22,3.4339872044851463,6,3,18,739240.8333333334,0,2,0,0,0,0,0,0,0,0,0,1,1,0,1,1,0,0,0,0,0,1,0,1,0,0,1,1,1,0,0,0,0
R0204,2,1,1,2026-04-29 15:38:01,1050000.0,Up,870000.0,870000.0,0.0,0.0,0,0,870000.0,0.0,870000.0,870000.0,0.0,0.0,0.0,0.0,0.0,Stable,0,0,1,4,5,2,0,1,1,0,0,0,1,0,31,3.044522437723423,6,11,66,518297.0,2,3,0,1,0,0,0,0,0,0,0,0,0,1,0,0,1,0,0,0,0,1,0,0,0,0,0,0,0,1,0,1,1
R0204,3,2,2,2026-04-22 15:38:01,1090000.0,Stable,1050000.0,1050000.0,870000.0,0.0,1,0,960000.0,90000.0,870000.0,1050000.0,180000.0,180000.0,0.20689655172413793,180000.0,0.20689655172413793,Up,1,0,0,4,4,2,0,0,0,0,0,0,1,0,31,3.044522437723423,6,11,66,518297.0,2,3,0,1,0,0,0,0,0,0,0,0,0,1,0,0,1,0,0,0,0,1,0,0,0,0,0,0,0,1,0,1,2
R0204,4,3,3,2026-04-15 15:38:01,300000.0,Down,1090000.0,1090000.0,1050000.0,870000.0,1,1,1003333.3333333334,95684.66729604882,870000.0,1090000.0,220000.0,40000.0,0.0380952380952381,40000.0,0.0380952380952381,Stable,0,0,1,4,3,2,0,0,0,0,0,0,1,0,31,3.044522437723423,6,11,66,518297.0,2,3,0,1,0,0,0,0,0,0,0,0,0,1,0,0,1,0,0,0,0,1,0,0,0,0,0,0,0,1,0,1,1
R0205,2,1,1,2026-04-29 16:25:10,375000.0,Down,780000.0,780000.0,0.0,0.0,0,0,780000.0,0.0,780000.0,780000.0,0.0,0.0,0.0,0.0,0.0,Stable,0,0,1,4,5,2,0,1,1,0,0,0,2,1,34,4.04305126783455,7,9,63,739240.8333333334,2,1,0,0,0,0,0,0,0,0,0,1,0,1,1,0,0,1,1,0,0,1,1,0,0,0,1,0,0,0,1,1,1
R0205,3,2,2,2026-04-22 16:25:10,570000.0,Up,375000.0,375000.0,780000.0,0.0,1,0,577500.0,202500.0,375000.0,780000.0,405000.0,-405000.0,-0.5192307692307693,-405000.0,-0.5192307692307693,Down,0,1,0,4,4,2,0,0,0,0,0,0,2,1,34,4.04305126783455,7,9,63,739240.8333333334,2,1,0,0,0,0,0,0,0,0,0,1,0,1,1,0,0,1,1,0,0,1,1,0,0,0,1,0,0,0,1,1,0
R0205,4,3,3,2026-04-15 16:25:10,625000.0,Up,570000.0,570000.0,375000.0,780000.0,1,1,575000.0,165378.35408541228,375000.0,780000.0,405000.0,195000.0,0.52,195000.0,0.52,Up,1,0,0,4,3,2,0,0,0,0,0,0,2,1,34,4.04305126783455,7,9,63,739240.8333333334,2,1,0,0,0,0,0,0,0,0,0,1,0,1,1,0,0,1,1,0,0,1,1,0,0,0,1,0,0,0,1,1,2
R0206,2,1,1,2026-04-29 17:01:07,635000.0,Up,430000.0,430000.0,0.0,0.0,0,0,430000.0,0.0,430000.0,430000.0,0.0,0.0,0.0,0.0,0.0,Stable,0,0,1,4,5,2,0,1,1,0,0,0,0,1,29,2.639057329615259,5,9,45,739240.8333333334,2,3,1,0,0,0,0,0,0,0,1,0,0,0,1,0,0,0,0,0,0,1,0,0,0,1,1,0,0,0,0,0,1
R0206,3,2,2,2026-04-22 17:01:07,745000.0,Up,635000.0,635000.0,430000.0,0.0,1,0,532500.0,102500.0,430000.0,635000.0,205000.0,205000.0,0.47674418604651164,205000.0,0.47674418604651164,Up,1,0,0,4,4,2,0,0,0,0,0,0,0,1,29,2.639057329615259,5,9,45,739240.8333333334,2,3,1,0,0,0,0,0,0,0,1,0,0,0,1,0,0,0,0,0,0,1,0,0,0,1,1,0,0,0,0,0,2
R0206,4,3,3,2026-04-15 17:01:07,375000.0,Down,745000.0,745000.0,635000.0,430000.0,1,1,603333.3333333334,130533.09499467516,430000.0,745000.0,315000.0,110000.0,0.1732283464566929,110000.0,0.1732283464566929,Up,1,0,0,4,3,2,0,0,0,0,0,0,0,1,29,2.639057329615259,5,9,45,739240.8333333334,2,3,1,0,0,0,0,0,0,0,1,0,0,0,1,0,0,0,0,0,0,1,0,0,0,1,1,0,0,0,0,0,2
R0207,2,1,1,2026-04-29 17:16:31,400000.0,Up,340000.0,340000.0,0.0,0.0,0,0,340000.0,0.0,340000.0,340000.0,0.0,0.0,0.0,0.0,0.0,Stable,0,0,1,4,5,2,0,1,1,0,0,0,0,3,25,2.995732273553991,4,5,20,460955.5,0,4,0,0,0,0,0,0,0,0,0,0,1,0,1,0,0,0,0,0,0,1,0,0,0,0,1,0,1,0,0,0,1
R0207,3,2,2,2026-04-22 17:16:31,330000.0,Down,400000.0,400000.0,340000.0,0.0,1,0,370000.0,30000.0,340000.0,400000.0,60000.0,60000.0,0.17647058823529413,60000.0,0.17647058823529413,Up,1,0,0,4,4,2,0,0,0,0,0,0,0,3,25,2.995732273553991,4,5,20,460955.5,0,4,0,0,0,0,0,0,0,0,0,0,1,0,1,0,0,0,0,0,0,1,0,0,0,0,1,0,1,0,0,0,2
R0207,4,3,3,2026-04-15 17:16:31,400000.0,Up,330000.0,330000.0,400000.0,340000.0,1,1,356666.6666666667,30912.061651652344,330000.0,400000.0,70000.0,-70000.0,-0.175,-70000.0,-0.175,Down,0,1,0,4,3,2,0,0,0,0,0,0,0,3,25,2.995732273553991,4,5,20,460955.5,0,4,0,0,0,0,0,0,0,0,0,0,1,0,1,0,0,0,0,0,0,1,0,0,0,0,1,0,1,0,0,0,0
R0208,2,1,1,2026-04-29 18:45:31,1270000.0,Up,750000.0,750000.0,0.0,0.0,0,0,750000.0,0.0,750000.0,750000.0,0.0,0.0,0.0,0.0,0.0,Stable,0,0,1,4,5,2,0,1,1,0,0,0,0,7,26,0.6931471805599453,4,6,24,517481.9375,1,3,1,0,0,0,0,0,0,0,1,0,1,0,0,0,0,0,0,0,1,1,0,0,0,0,0,0,1,0,0,0,1
R0208,3,2,2,2026-04-22 18:45:31,1350000.0,Up,1270000.0,1270000.0,750000.0,0.0,1,0,1010000.0,260000.0,750000.0,1270000.0,520000.0,520000.0,0.6933333333333334,520000.0,0.6933333333333334,Up,1,0,0,4,4,2,0,0,0,0,0,0,0,7,26,0.6931471805599453,4,6,24,517481.9375,1,3,1,0,0,0,0,0,0,0,1,0,1,0,0,0,0,0,0,0,1,1,0,0,0,0,0,0,1,0,0,0,2
R0208,4,3,3,2026-04-15 18:45:31,1025000.0,Down,1350000.0,1350000.0,1270000.0,750000.0,1,1,1123333.3333333333,265999.1645768001,750000.0,1350000.0,600000.0,80000.0,0.06299212598425197,80000.0,0.06299212598425197,Up,1,0,0,4,3,2,0,0,0,0,0,0,0,7,26,0.6931471805599453,4,6,24,517481.9375,1,3,1,0,0,0,0,0,0,0,1,0,1,0,0,0,0,0,0,0,1,1,0,0,0,0,0,0,1,0,0,0,2
R0209,2,1,1,2026-04-29 19:02:01,250000.0,Stable,245000.0,245000.0,0.0,0.0,0,0,245000.0,0.0,245000.0,245000.0,0.0,0.0,0.0,0.0,0.0,Stable,0,0,1,4,5,2,0,1,1,0,0,0,0,5,19,3.4339872044851463,3,5,15,550782.7152777778,0,1,0,0,0,1,0,0,1,0,0,1,0,1,1,0,0,0,0,0,1,1,0,0,0,1,1,0,0,0,0,1,1
R0209,3,2,2,2026-04-22 19:02:01,250000.0,Stable,250000.0,250000.0,245000.0,0.0,1,0,247500.0,2500.0,245000.0,250000.0,5000.0,5000.0,0.02040816326530612,5000.0,0.02040816326530612,Stable,0,0,1,4,4,2,0,0,0,0,0,0,0,5,19,3.4339872044851463,3,5,15,550782.7152777778,0,1,0,0,0,1,0,0,1,0,0,1,0,1,1,0,0,0,0,0,1,1,0,0,0,1,1,0,0,0,0,1,1
R0209,4,3,3,2026-04-15 19:02:01,240000.0,Stable,250000.0,250000.0,250000.0,245000.0,1,1,248333.33333333334,2357.0226039551585,245000.0,250000.0,5000.0,0.0,0.0,0.0,0.0,Stable,0,0,1,4,3,2,0,0,0,0,0,0,0,5,19,3.4339872044851463,3,5,15,550782.7152777778,0,1,0,0,0,1,0,0,1,0,0,1,0,1,1,0,0,0,0,0,1,1,0,0,0,1,1,0,0,0,0,1,1
R0210,2,1,1,2026-04-29 19:02:30,475000.0,Down,625000.0,625000.0,0.0,0.0,0,0,625000.0,0.0,625000.0,625000.0,0.0,0.0,0.0,0.0,0.0,Stable,0,0,1,4,5,2,0,1,1,0,0,0,0,3,25,3.258096538021482,5,5,25,460955.5,2,3,0,0,0,1,0,1,1,1,0,1,1,0,0,0,1,1,0,0,0,1,0,1,0,0,0,0,1,1,1,0,1
R0210,3,2,2,2026-04-22 19:02:30,725000.0,Up,475000.0,475000.0,625000.0,0.0,1,0,550000.0,75000.0,475000.0,625000.0,150000.0,-150000.0,-0.24,-150000.0,-0.24,Down,0,1,0,4,4,2,0,0,0,0,0,0,0,3,25,3.258096538021482,5,5,25,460955.5,2,3,0,0,0,1,0,1,1,1,0,1,1,0,0,0,1,1,0,0,0,1,0,1,0,0,0,0,1,1,1,0,0
R0210,4,3,3,2026-04-15 19:02:30,425000.0,Down,725000.0,725000.0,475000.0,625000.0,1,1,608333.3333333334,102740.23338281627,475000.0,725000.0,250000.0,250000.0,0.5263157894736842,250000.0,0.5263157894736842,Up,1,0,0,4,3,2,0,0,0,0,0,0,0,3,25,3.258096538021482,5,5,25,460955.5,2,3,0,0,0,1,0,1,1,1,0,1,1,0,0,0,1,1,0,0,0,1,0,1,0,0,0,0,1,1,1,0,2
R0211,2,1,1,2026-04-29 19:14:02,375000.0,Stable,370000.0,370000.0,0.0,0.0,0,0,370000.0,0.0,370000.0,370000.0,0.0,0.0,0.0,0.0,0.0,Stable,0,0,1,4,5,2,0,1,1,0,0,0,0,7,28,4.290459441148391,4,3,12,517481.9375,1,1,0,0,0,0,0,0,0,0,0,1,0,0,0,1,0,0,0,0,0,1,0,1,0,0,0,1,0,0,0,0,1
R0211,3,2,2,2026-04-22 19:14:02,410000.0,Up,375000.0,375000.0,370000.0,0.0,1,0,372500.0,2500.0,370000.0,375000.0,5000.0,5000.0,0.013513513513513514,5000.0,0.013513513513513514,Stable,0,0,1,4,4,2,0,0,0,0,0,0,0,7,28,4.290459441148391,4,3,12,517481.9375,1,1,0,0,0,0,0,0,0,0,0,1,0,0,0,1,0,0,0,0,0,1,0,1,0,0,0,1,0,0,0,0,1
R0211,4,3,3,2026-04-15 19:14:02,375000.0,Down,410000.0,410000.0,375000.0,370000.0,1,1,385000.0,17795.130420052184,370000.0,410000.0,40000.0,35000.0,0.09333333333333334,35000.0,0.09333333333333334,Up,1,0,0,4,3,2,0,0,0,0,0,0,0,7,28,4.290459441148391,4,3,12,517481.9375,1,1,0,0,0,0,0,0,0,0,0,1,0,0,0,1,0,0,0,0,0,1,0,1,0,0,0,1,0,0,0,0,2
R0212,2,1,1,2026-04-29 19:24:47,100000.0,Down,230000.0,230000.0,0.0,0.0,0,0,230000.0,0.0,230000.0,230000.0,0.0,0.0,0.0,0.0,0.0,Stable,0,0,1,4,5,2,0,1,1,0,0,0,0,7,22,1.6094379124341003,3,5,15,517481.9375,0,1,0,0,0,1,0,0,1,0,0,0,0,1,1,0,0,0,0,0,0,1,1,0,0,1,1,0,0,0,0,1,1
R0212,3,2,2,2026-04-22 19:24:47,190000.0,Up,100000.0,100000.0,230000.0,0.0,1,0,165000.0,65000.0,100000.0,230000.0,130000.0,-130000.0,-0.5652173913043478,-130000.0,-0.5652173913043478,Down,0,1,0,4,4,2,0,0,0,0,0,0,0,7,22,1.6094379124341003,3,5,15,517481.9375,0,1,0,0,0,1,0,0,1,0,0,0,0,1,1,0,0,0,0,0,0,1,1,0,0,1,1,0,0,0,0,1,0
R0212,4,3,3,2026-04-15 19:24:47,230000.0,Up,190000.0,190000.0,100000.0,230000.0,1,1,173333.33333333334,54365.021434333634,100000.0,230000.0,130000.0,90000.0,0.9,90000.0,0.9,Up,1,0,0,4,3,2,0,0,0,0,0,0,0,7,22,1.6094379124341003,3,5,15,517481.9375,0,1,0,0,0,1,0,0,1,0,0,0,0,1,1,0,0,0,0,0,0,1,1,0,0,1,1,0,0,0,0,1,2
R0213,2,1,1,2026-04-29 19:41:33,450000.0,Down,625000.0,625000.0,0.0,0.0,0,0,625000.0,0.0,625000.0,625000.0,0.0,0.0,0.0,0.0,0.0,Stable,0,0,1,4,5,2,0,1,1,0,0,0,0,1,25,3.4011973816621555,6,4,24,739240.8333333334,1,4,0,0,0,0,0,0,0,0,0,1,0,0,1,0,0,0,0,0,0,1,0,0,0,0,1,0,0,0,0,0,1
R0213,3,2,2,2026-04-22 19:41:33,475000.0,Up,450000.0,450000.0,625000.0,0.0,1,0,537500.0,87500.0,450000.0,625000.0,175000.0,-175000.0,-0.28,-175000.0,-0.28,Down,0,1,0,4,4,2,0,0,0,0,0,0,0,1,25,3.4011973816621555,6,4,24,739240.8333333334,1,4,0,0,0,0,0,0,0,0,0,1,0,0,1,0,0,0,0,0,0,1,0,0,0,0,1,0,0,0,0,0,0
R0213,4,3,3,2026-04-15 19:41:33,925000.0,Up,475000.0,475000.0,450000.0,625000.0,1,1,516666.6666666667,77280.15412913087,450000.0,625000.0,175000.0,25000.0,0.05555555555555555,25000.0,0.05555555555555555,Up,1,0,0,4,3,2,0,0,0,0,0,0,0,1,25,3.4011973816621555,6,4,24,739240.8333333334,1,4,0,0,0,0,0,0,0,0,0,1,0,0,1,0,0,0,0,0,0,1,0,0,0,0,1,0,0,0,0,0,2
R0214,2,1,1,2026-04-29 19:55:01,975000.0,Up,910000.0,910000.0,0.0,0.0,0,0,910000.0,0.0,910000.0,910000.0,0.0,0.0,0.0,0.0,0.0,Stable,0,0,1,4,5,2,0,1,1,0,0,0,1,2,42,4.356708826689592,5,10,50,442180.75,2,0,0,0,1,0,0,0,0,0,0,0,0,0,1,0,0,0,0,0,0,1,0,0,1,0,1,0,0,0,0,0,1
R0214,3,2,2,2026-04-22 19:55:01,400000.0,Down,975000.0,975000.0,910000.0,0.0,1,0,942500.0,32500.0,910000.0,975000.0,65000.0,65000.0,0.07142857142857142,65000.0,0.07142857142857142,Up,1,0,0,4,4,2,0,0,0,0,0,0,1,2,42,4.356708826689592,5,10,50,442180.75,2,0,0,0,1,0,0,0,0,0,0,0,0,0,1,0,0,0,0,0,0,1,0,0,1,0,1,0,0,0,0,0,2
R0214,4,3,3,2026-04-15 19:55:01,370000.0,Down,400000.0,400000.0,975000.0,910000.0,1,1,761666.6666666666,257110.0067199944,400000.0,975000.0,575000.0,-575000.0,-0.5897435897435898,-575000.0,-0.5897435897435898,Down,0,1,0,4,3,2,0,0,0,0,0,0,1,2,42,4.356708826689592,5,10,50,442180.75,2,0,0,0,1,0,0,0,0,0,0,0,0,0,1,0,0,0,0,0,0,1,0,0,1,0,1,0,0,0,0,0,0
R0215,2,1,1,2026-04-29 20:08:10,630000.0,Up,18400.0,18400.0,0.0,0.0,0,0,18400.0,0.0,18400.0,18400.0,0.0,0.0,0.0,0.0,0.0,Stable,0,0,1,4,5,2,0,1,1,0,0,0,0,0,19,2.8903717578961645,4,6,24,518297.0,0,3,1,0,0,0,0,0,0,0,0,1,1,0,1,0,0,0,0,0,0,1,0,0,1,0,1,0,1,0,0,0,1
R0215,3,2,2,2026-04-22 20:08:10,240000.0,Down,630000.0,630000.0,18400.0,0.0,1,0,324200.0,305800.0,18400.0,630000.0,611600.0,611600.0,33.23913043478261,611600.0,33.23913043478261,Up,1,0,0,4,4,2,0,0,0,0,0,0,0,0,19,2.8903717578961645,4,6,24,518297.0,0,3,1,0,0,0,0,0,0,0,0,1,1,0,1,0,0,0,0,0,0,1,0,0,1,0,1,0,1,0,0,0,2
R0215,4,3,3,2026-04-15 20:08:10,175000.0,Down,240000.0,240000.0,630000.0,18400.0,1,1,296133.3333333333,252819.90076380898,18400.0,630000.0,611600.0,-390000.0,-0.6190476190476191,-390000.0,-0.6190476190476191,Down,0,1,0,4,3,2,0,0,0,0,0,0,0,0,19,2.8903717578961645,4,6,24,518297.0,0,3,1,0,0,0,0,0,0,0,0,1,1,0,1,0,0,0,0,0,0,1,0,0,1,0,1,0,1,0,0,0,0
R0216,2,1,1,2026-04-29 20:15:58,205000.0,Down,220000.0,220000.0,0.0,0.0,0,0,220000.0,0.0,220000.0,220000.0,0.0,0.0,0.0,0.0,0.0,Stable,0,0,1,4,5,2,0,1,1,0,0,0,0,4,25,3.091042453358316,4,6,24,653189.75,1,1,0,0,0,1,0,0,1,0,0,0,0,0,1,0,0,0,0,0,0,1,1,0,0,0,1,0,0,0,0,0,1
R0216,3,2,2,2026-04-22 20:15:58,220000.0,Up,205000.0,205000.0,220000.0,0.0,1,0,212500.0,7500.0,205000.0,220000.0,15000.0,-15000.0,-0.06818181818181818,-15000.0,-0.06818181818181818,Down,0,1,0,4,4,2,0,0,0,0,0,0,0,4,25,3.091042453358316,4,6,24,653189.75,1,1,0,0,0,1,0,0,1,0,0,0,0,0,1,0,0,0,0,0,0,1,1,0,0,0,1,0,0,0,0,0,0
R0216,4,3,3,2026-04-15 20:15:58,150000.0,Down,220000.0,220000.0,205000.0,220000.0,1,1,215000.0,7071.067811865475,205000.0,220000.0,15000.0,15000.0,0.07317073170731707,15000.0,0.07317073170731707,Up,1,0,0,4,3,2,0,0,0,0,0,0,0,4,25,3.091042453358316,4,6,24,653189.75,1,1,0,0,0,1,0,0,1,0,0,0,0,0,1,0,0,0,0,0,0,1,1,0,0,0,1,0,0,0,0,0,2
R0217,2,1,1,2026-04-29 20:33:52,425000.0,Down,580000.0,580000.0,0.0,0.0,0,0,580000.0,0.0,580000.0,580000.0,0.0,0.0,0.0,0.0,0.0,Stable,0,0,1,4,5,2,0,1,1,0,0,0,0,7,36,4.143134726391533,6,10,60,517481.9375,2,2,0,0,1,0,0,1,0,0,0,0,0,1,0,1,1,0,0,1,1,1,0,0,0,0,0,1,0,1,0,1,1
R0217,3,2,2,2026-04-22 20:33:52,600000.0,Up,425000.0,425000.0,580000.0,0.0,1,0,502500.0,77500.0,425000.0,580000.0,155000.0,-155000.0,-0.2672413793103448,-155000.0,-0.2672413793103448,Down,0,1,0,4,4,2,0,0,0,0,0,0,0,7,36,4.143134726391533,6,10,60,517481.9375,2,2,0,0,1,0,0,1,0,0,0,0,0,1,0,1,1,0,0,1,1,1,0,0,0,0,0,1,0,1,0,1,0
R0217,4,3,3,2026-04-15 20:33:52,525000.0,Down,600000.0,600000.0,425000.0,580000.0,1,1,535000.0,78209.1213776671,425000.0,600000.0,175000.0,175000.0,0.4117647058823529,175000.0,0.4117647058823529,Up,1,0,0,4,3,2,0,0,0,0,0,0,0,7,36,4.143134726391533,6,10,60,517481.9375,2,2,0,0,1,0,0,1,0,0,0,0,0,1,0,1,1,0,0,1,1,1,0,0,0,0,0,1,0,1,0,1,2
R0218,2,1,1,2026-04-29 20:48:24,345000.0,Up,170000.0,170000.0,0.0,0.0,0,0,170000.0,0.0,170000.0,170000.0,0.0,0.0,0.0,0.0,0.0,Stable,0,0,1,4,5,2,0,1,1,0,0,0,0,1,18,4.1588830833596715,3,3,9,739240.8333333334,1,1,0,0,0,1,0,1,1,1,0,0,0,0,0,1,0,1,0,0,0,1,0,0,0,1,0,1,0,0,1,0,1
R0218,3,2,2,2026-04-22 20:48:24,260000.0,Down,345000.0,345000.0,170000.0,0.0,1,0,257500.0,87500.0,170000.0,345000.0,175000.0,175000.0,1.0294117647058822,175000.0,1.0294117647058822,Up,1,0,0,4,4,2,0,0,0,0,0,0,0,1,18,4.1588830833596715,3,3,9,739240.8333333334,1,1,0,0,0,1,0,1,1,1,0,0,0,0,0,1,0,1,0,0,0,1,0,0,0,1,0,1,0,0,1,0,2
R0218,4,3,3,2026-04-15 20:48:24,230000.0,Down,260000.0,260000.0,345000.0,170000.0,1,1,258333.33333333334,71453.17036742005,170000.0,345000.0,175000.0,-85000.0,-0.2463768115942029,-85000.0,-0.2463768115942029,Down,0,1,0,4,3,2,0,0,0,0,0,0,0,1,18,4.1588830833596715,3,3,9,739240.8333333334,1,1,0,0,0,1,0,1,1,1,0,0,0,0,0,1,0,1,0,0,0,1,0,0,0,1,0,1,0,0,1,0,0
R0219,2,1,1,2026-04-29 21:50:19,350000.0,Down,460000.0,460000.0,0.0,0.0,0,0,460000.0,0.0,460000.0,460000.0,0.0,0.0,0.0,0.0,0.0,Stable,0,0,1,4,5,2,0,1,1,0,0,0,0,6,25,2.4849066497880004,4,6,24,559306.0,2,4,0,0,0,0,0,1,1,1,0,1,0,0,1,0,0,0,0,0,0,1,0,0,0,0,1,0,0,0,0,0,1
R0219,3,2,2,2026-04-22 21:50:19,610000.0,Up,350000.0,350000.0,460000.0,0.0,1,0,405000.0,55000.0,350000.0,460000.0,110000.0,-110000.0,-0.2391304347826087,-110000.0,-0.2391304347826087,Down,0,1,0,4,4,2,0,0,0,0,0,0,0,6,25,2.4849066497880004,4,6,24,559306.0,2,4,0,0,0,0,0,1,1,1,0,1,0,0,1,0,0,0,0,0,0,1,0,0,0,0,1,0,0,0,0,0,0
R0219,4,3,3,2026-04-15 21:50:19,600000.0,Stable,610000.0,610000.0,350000.0,460000.0,1,1,473333.3333333333,106562.44908763854,350000.0,610000.0,260000.0,260000.0,0.7428571428571429,260000.0,0.7428571428571429,Up,1,0,0,4,3,2,0,0,0,0,0,0,0,6,25,2.4849066497880004,4,6,24,559306.0,2,4,0,0,0,0,0,1,1,1,0,1,0,0,1,0,0,0,0,0,0,1,0,0,0,0,1,0,0,0,0,0,2
R0220,2,1,1,2026-04-29 23:31:36,605000.0,Up,500000.0,500000.0,0.0,0.0,0,0,500000.0,0.0,500000.0,500000.0,0.0,0.0,0.0,0.0,0.0,Stable,0,0,1,4,5,2,0,1,1,0,0,0,2,1,25,2.302585092994046,4,5,20,739240.8333333334,1,2,0,0,0,0,0,0,0,0,0,1,0,0,1,0,0,1,0,0,0,1,1,0,0,0,1,0,0,0,1,0,1
R0220,3,2,2,2026-04-22 23:31:36,605000.0,Stable,605000.0,605000.0,500000.0,0.0,1,0,552500.0,52500.0,500000.0,605000.0,105000.0,105000.0,0.21,105000.0,0.21,Up,1,0,0,4,4,2,0,0,0,0,0,0,2,1,25,2.302585092994046,4,5,20,739240.8333333334,1,2,0,0,0,0,0,0,0,0,0,1,0,0,1,0,0,1,0,0,0,1,1,0,0,0,1,0,0,0,1,0,2
R0220,4,3,3,2026-04-15 23:31:36,450000.0,Down,605000.0,605000.0,605000.0,500000.0,1,1,570000.0,49497.474683058324,500000.0,605000.0,105000.0,0.0,0.0,0.0,0.0,Stable,0,0,1,4,3,2,0,0,0,0,0,0,2,1,25,2.302585092994046,4,5,20,739240.8333333334,1,2,0,0,0,0,0,0,0,0,0,1,0,0,1,0,0,1,0,0,0,1,1,0,0,0,1,0,0,0,1,0,1
R0221,2,1,1,2026-04-29 23:48:24,325000.0,Stable,330000.0,330000.0,0.0,0.0,0,0,330000.0,0.0,330000.0,330000.0,0.0,0.0,0.0,0.0,0.0,Stable,0,0,1,4,5,2,0,1,1,0,0,0,0,3,21,2.995732273553991,5,8,40,460955.5,2,1,0,0,0,0,0,0,0,0,0,0,1,0,1,0,0,1,0,0,0,1,0,0,0,0,1,0,1,0,1,0,1
R0221,3,2,2,2026-04-22 23:48:24,290000.0,Down,325000.0,325000.0,330000.0,0.0,1,0,327500.0,2500.0,325000.0,330000.0,5000.0,-5000.0,-0.015151515151515152,-5000.0,-0.015151515151515152,Stable,0,0,1,4,4,2,0,0,0,0,0,0,0,3,21,2.995732273553991,5,8,40,460955.5,2,1,0,0,0,0,0,0,0,0,0,0,1,0,1,0,0,1,0,0,0,1,0,0,0,0,1,0,1,0,1,0,1
R0221,4,3,3,2026-04-15 23:48:24,200000.0,Down,290000.0,290000.0,325000.0,330000.0,1,1,315000.0,17795.130420052184,290000.0,330000.0,40000.0,-35000.0,-0.1076923076923077,-35000.0,-0.1076923076923077,Down,0,1,0,4,3,2,0,0,0,0,0,0,0,3,21,2.995732273553991,5,8,40,460955.5,2,1,0,0,0,0,0,0,0,0,0,0,1,0,1,0,0,1,0,0,0,1,0,0,0,0,1,0,1,0,1,0,0
R0222,2,1,1,2026-04-30 03:02:19,220000.0,Stable,210000.0,210000.0,0.0,0.0,0,0,210000.0,0.0,210000.0,210000.0,0.0,0.0,0.0,0.0,0.0,Stable,0,0,1,4,5,2,0,1,1,0,0,0,0,2,23,3.784189633918261,3,5,15,442180.75,2,1,0,0,0,1,0,0,1,0,0,1,1,0,1,0,0,0,0,0,0,1,0,0,1,1,1,0,1,0,0,0,1
R0222,3,2,2,2026-04-23 03:02:19,205000.0,Down,220000.0,220000.0,210000.0,0.0,1,0,215000.0,5000.0,210000.0,220000.0,10000.0,10000.0,0.047619047619047616,10000.0,0.047619047619047616,Stable,0,0,1,4,4,2,0,0,0,0,0,0,0,2,23,3.784189633918261,3,5,15,442180.75,2,1,0,0,0,1,0,0,1,0,0,1,1,0,1,0,0,0,0,0,0,1,0,0,1,1,1,0,1,0,0,0,1
R0222,4,3,3,2026-04-16 03:02:19,200000.0,Stable,205000.0,205000.0,220000.0,210000.0,1,1,211666.66666666666,6236.095644623236,205000.0,220000.0,15000.0,-15000.0,-0.06818181818181818,-15000.0,-0.06818181818181818,Down,0,1,0,4,3,2,0,0,0,0,0,0,0,2,23,3.784189633918261,3,5,15,442180.75,2,1,0,0,0,1,0,0,1,0,0,1,1,0,1,0,0,0,0,0,0,1,0,0,1,1,1,0,1,0,0,0,0
R0223,2,1,1,2026-04-30 03:29:50,600000.0,Stable,620000.0,620000.0,0.0,0.0,0,0,620000.0,0.0,620000.0,620000.0,0.0,0.0,0.0,0.0,0.0,Stable,0,0,1,4,5,2,0,1,1,0,0,0,0,1,21,3.2188758248682006,4,7,28,739240.8333333334,1,1,1,0,0,1,0,0,1,0,0,0,1,0,0,0,0,0,0,0,0,1,0,0,1,0,0,0,1,0,0,0,1
R0223,3,2,2,2026-04-23 03:29:50,490000.0,Down,600000.0,600000.0,620000.0,0.0,1,0,610000.0,10000.0,600000.0,620000.0,20000.0,-20000.0,-0.03225806451612903,-20000.0,-0.03225806451612903,Stable,0,0,1,4,4,2,0,0,0,0,0,0,0,1,21,3.2188758248682006,4,7,28,739240.8333333334,1,1,1,0,0,1,0,0,1,0,0,0,1,0,0,0,0,0,0,0,0,1,0,0,1,0,0,0,1,0,0,0,1
R0223,4,3,3,2026-04-16 03:29:50,130000.0,Down,490000.0,490000.0,600000.0,620000.0,1,1,570000.0,57154.76066494082,490000.0,620000.0,130000.0,-110000.0,-0.18333333333333332,-110000.0,-0.18333333333333332,Down,0,1,0,4,3,2,0,0,0,0,0,0,0,1,21,3.2188758248682006,4,7,28,739240.8333333334,1,1,1,0,0,1,0,0,1,0,0,0,1,0,0,0,0,0,0,0,0,1,0,0,1,0,0,0,1,0,0,0,0
R0224,2,1,1,2026-04-30 04:29:36,1110000.0,Up,380000.0,380000.0,0.0,0.0,0,0,380000.0,0.0,380000.0,380000.0,0.0,0.0,0.0,0.0,0.0,Stable,0,0,1,4,5,2,0,1,1,0,0,0,2,5,30,3.1780538303479458,6,9,54,550782.7152777778,2,2,0,0,0,0,0,0,0,0,0,1,0,0,0,0,0,1,1,0,1,1,0,0,0,0,0,0,0,0,1,0,1
R0224,3,2,2,2026-04-23 04:29:36,1110000.0,Stable,1110000.0,1110000.0,380000.0,0.0,1,0,745000.0,365000.0,380000.0,1110000.0,730000.0,730000.0,1.9210526315789473,730000.0,1.9210526315789473,Up,1,0,0,4,4,2,0,0,0,0,0,0,2,5,30,3.1780538303479458,6,9,54,550782.7152777778,2,2,0,0,0,0,0,0,0,0,0,1,0,0,0,0,0,1,1,0,1,1,0,0,0,0,0,0,0,0,1,0,2
R0224,4,3,3,2026-04-16 04:29:36,320000.0,Down,1110000.0,1110000.0,1110000.0,380000.0,1,1,866666.6666666666,344125.30017745314,380000.0,1110000.0,730000.0,0.0,0.0,0.0,0.0,Stable,0,0,1,4,3,2,0,0,0,0,0,0,2,5,30,3.1780538303479458,6,9,54,550782.7152777778,2,2,0,0,0,0,0,0,0,0,0,1,0,0,0,0,0,1,1,0,1,1,0,0,0,0,0,0,0,0,1,0,1
R0225,2,1,1,2026-04-30 08:06:12,525000.0,Up,280000.0,280000.0,0.0,0.0,0,0,280000.0,0.0,280000.0,280000.0,0.0,0.0,0.0,0.0,0.0,Stable,0,0,1,4,5,2,0,1,1,0,0,0,0,7,34,2.8903717578961645,6,7,42,517481.9375,1,2,0,1,0,0,0,1,0,0,0,0,0,0,1,1,0,0,0,0,0,1,0,0,0,0,1,1,0,0,0,0,1
R0225,3,2,2,2026-04-23 08:06:12,400000.0,Down,525000.0,525000.0,280000.0,0.0,1,0,402500.0,122500.0,280000.0,525000.0,245000.0,245000.0,0.875,245000.0,0.875,Up,1,0,0,4,4,2,0,0,0,0,0,0,0,7,34,2.8903717578961645,6,7,42,517481.9375,1,2,0,1,0,0,0,1,0,0,0,0,0,0,1,1,0,0,0,0,0,1,0,0,0,0,1,1,0,0,0,0,2
R0225,4,3,3,2026-04-16 08:06:12,680000.0,Up,400000.0,400000.0,525000.0,280000.0,1,1,401666.6666666667,100027.77392082439,280000.0,525000.0,245000.0,-125000.0,-0.23809523809523808,-125000.0,-0.23809523809523808,Down,0,1,0,4,3,2,0,0,0,0,0,0,0,7,34,2.8903717578961645,6,7,42,517481.9375,1,2,0,1,0,0,0,1,0,0,0,0,0,0,1,1,0,0,0,0,0,1,0,0,0,0,1,1,0,0,0,0,0
R0226,2,1,1,2026-04-30 08:06:51,20000.0,Down,540000.0,540000.0,0.0,0.0,0,0,540000.0,0.0,540000.0,540000.0,0.0,0.0,0.0,0.0,0.0,Stable,0,0,1,4,5,2,0,1,1,0,0,0,0,7,24,3.258096538021482,4,3,12,517481.9375,1,1,0,0,0,1,0,0,1,0,0,0,1,0,1,0,0,1,0,0,0,1,0,0,1,0,1,0,1,0,1,0,1
R0226,3,2,2,2026-04-23 08:06:51,20000.0,Stable,20000.0,20000.0,540000.0,0.0,1,0,280000.0,260000.0,20000.0,540000.0,520000.0,-520000.0,-0.9629629629629629,-520000.0,-0.9629629629629629,Down,0,1,0,4,4,2,0,0,0,0,0,0,0,7,24,3.258096538021482,4,3,12,517481.9375,1,1,0,0,0,1,0,0,1,0,0,0,1,0,1,0,0,1,0,0,0,1,0,0,1,0,1,0,1,0,1,0,0
R0226,4,3,3,2026-04-16 08:06:51,350000.0,Up,20000.0,20000.0,20000.0,540000.0,1,1,193333.33333333334,245130.35081133648,20000.0,540000.0,520000.0,0.0,0.0,0.0,0.0,Stable,0,0,1,4,3,2,0,0,0,0,0,0,0,7,24,3.258096538021482,4,3,12,517481.9375,1,1,0,0,0,1,0,0,1,0,0,0,1,0,1,0,0,1,0,0,0,1,0,0,1,0,1,0,1,0,1,0,1
R0227,2,1,1,2026-04-30 08:07:57,215000.0,Stable,225000.0,225000.0,0.0,0.0,0,0,225000.0,0.0,225000.0,225000.0,0.0,0.0,0.0,0.0,0.0,Stable,0,0,1,4,5,2,0,1,1,0,0,0,0,2,34,2.772588722239781,4,4,16,442180.75,1,1,0,0,0,1,0,0,1,0,0,0,0,0,1,0,0,0,0,0,0,1,0,0,1,0,1,0,0,0,0,0,1
R0227,3,2,2,2026-04-23 08:07:57,100000.0,Down,215000.0,215000.0,225000.0,0.0,1,0,220000.0,5000.0,215000.0,225000.0,10000.0,-10000.0,-0.044444444444444446,-10000.0,-0.044444444444444446,Stable,0,0,1,4,4,2,0,0,0,0,0,0,0,2,34,2.772588722239781,4,4,16,442180.75,1,1,0,0,0,1,0,0,1,0,0,0,0,0,1,0,0,0,0,0,0,1,0,0,1,0,1,0,0,0,0,0,1
R0227,4,3,3,2026-04-16 08:07:57,100000.0,Stable,100000.0,100000.0,215000.0,225000.0,1,1,180000.0,56715.66509057851,100000.0,225000.0,125000.0,-115000.0,-0.5348837209302325,-115000.0,-0.5348837209302325,Down,0,1,0,4,3,2,0,0,0,0,0,0,0,2,34,2.772588722239781,4,4,16,442180.75,1,1,0,0,0,1,0,0,1,0,0,0,0,0,1,0,0,0,0,0,0,1,0,0,1,0,1,0,0,0,0,0,0
R0228,2,1,1,2026-04-30 09:49:19,160000.0,Down,560000.0,560000.0,0.0,0.0,0,0,560000.0,0.0,560000.0,560000.0,0.0,0.0,0.0,0.0,0.0,Stable,0,0,1,4,5,2,0,1,1,0,0,0,0,1,17,2.70805020110221,4,7,28,739240.8333333334,0,3,0,0,0,1,0,1,1,1,0,1,1,0,0,1,0,0,0,0,0,1,0,0,0,0,0,1,1,0,0,0,1
R0228,3,2,2,2026-04-23 09:49:19,240000.0,Up,160000.0,160000.0,560000.0,0.0,1,0,360000.0,200000.0,160000.0,560000.0,400000.0,-400000.0,-0.7142857142857143,-400000.0,-0.7142857142857143,Down,0,1,0,4,4,2,0,0,0,0,0,0,0,1,17,2.70805020110221,4,7,28,739240.8333333334,0,3,0,0,0,1,0,1,1,1,0,1,1,0,0,1,0,0,0,0,0,1,0,0,0,0,0,1,1,0,0,0,0
R0228,4,3,3,2026-04-16 09:49:19,180000.0,Down,240000.0,240000.0,160000.0,560000.0,1,1,320000.0,172819.75195754293,160000.0,560000.0,400000.0,80000.0,0.5,80000.0,0.5,Up,1,0,0,4,3,2,0,0,0,0,0,0,0,1,17,2.70805020110221,4,7,28,739240.8333333334,0,3,0,0,0,1,0,1,1,1,0,1,1,0,0,1,0,0,0,0,0,1,0,0,0,0,0,1,1,0,0,0,2
R0229,2,1,1,2026-04-30 09:51:10,250000.0,Down,355000.0,355000.0,0.0,0.0,0,0,355000.0,0.0,355000.0,355000.0,0.0,0.0,0.0,0.0,0.0,Stable,0,0,1,4,5,2,0,1,1,0,0,0,0,1,23,2.772588722239781,4,4,16,739240.8333333334,1,1,0,0,0,1,0,0,1,0,0,0,0,0,0,0,1,0,1,0,0,1,0,0,0,1,0,0,0,1,0,0,1
R0229,3,2,2,2026-04-23 09:51:10,350000.0,Up,250000.0,250000.0,355000.0,0.0,1,0,302500.0,52500.0,250000.0,355000.0,105000.0,-105000.0,-0.29577464788732394,-105000.0,-0.29577464788732394,Down,0,1,0,4,4,2,0,0,0,0,0,0,0,1,23,2.772588722239781,4,4,16,739240.8333333334,1,1,0,0,0,1,0,0,1,0,0,0,0,0,0,0,1,0,1,0,0,1,0,0,0,1,0,0,0,1,0,0,0
R0229,4,3,3,2026-04-16 09:51:10,225000.0,Down,350000.0,350000.0,250000.0,355000.0,1,1,318333.3333333333,48362.0604284897,250000.0,355000.0,105000.0,100000.0,0.4,100000.0,0.4,Up,1,0,0,4,3,2,0,0,0,0,0,0,0,1,23,2.772588722239781,4,4,16,739240.8333333334,1,1,0,0,0,1,0,0,1,0,0,0,0,0,0,0,1,0,1,0,0,1,0,0,0,1,0,0,0,1,0,0,2
R0230,2,1,1,2026-04-30 11:09:27,700000.0,Down,740000.0,740000.0,0.0,0.0,0,0,740000.0,0.0,740000.0,740000.0,0.0,0.0,0.0,0.0,0.0,Stable,0,0,1,4,5,2,0,1,1,0,0,0,0,2,17,4.02535169073515,6,8,48,442180.75,1,1,0,0,0,1,0,1,1,1,0,1,0,0,0,1,1,0,0,0,0,1,0,1,0,0,0,1,0,1,0,0,1
R0230,3,2,2,2026-04-23 11:09:27,550000.0,Down,700000.0,700000.0,740000.0,0.0,1,0,720000.0,20000.0,700000.0,740000.0,40000.0,-40000.0,-0.05405405405405406,-40000.0,-0.05405405405405406,Down,0,1,0,4,4,2,0,0,0,0,0,0,0,2,17,4.02535169073515,6,8,48,442180.75,1,1,0,0,0,1,0,1,1,1,0,1,0,0,0,1,1,0,0,0,0,1,0,1,0,0,0,1,0,1,0,0,0
R0230,4,3,3,2026-04-16 11:09:27,640000.0,Up,550000.0,550000.0,700000.0,740000.0,1,1,663333.3333333334,81785.62764256865,550000.0,740000.0,190000.0,-150000.0,-0.21428571428571427,-150000.0,-0.21428571428571427,Down,0,1,0,4,3,2,0,0,0,0,0,0,0,2,17,4.02535169073515,6,8,48,442180.75,1,1,0,0,0,1,0,1,1,1,0,1,0,0,0,1,1,0,0,0,0,1,0,1,0,0,0,1,0,1,0,0,0
R0231,2,1,1,2026-04-30 12:04:54,185000.0,Down,240000.0,240000.0,0.0,0.0,0,0,240000.0,0.0,240000.0,240000.0,0.0,0.0,0.0,0.0,0.0,Stable,0,0,1,4,5,2,0,1,1,0,0,0,0,3,22,1.3862943611198906,3,4,12,460955.5,1,4,1,0,0,1,0,0,1,0,0,0,0,0,1,0,0,0,0,0,1,1,0,0,1,0,1,0,0,0,0,0,1
R0231,3,2,2,2026-04-23 12:04:54,200000.0,Up,185000.0,185000.0,240000.0,0.0,1,0,212500.0,27500.0,185000.0,240000.0,55000.0,-55000.0,-0.22916666666666666,-55000.0,-0.22916666666666666,Down,0,1,0,4,4,2,0,0,0,0,0,0,0,3,22,1.3862943611198906,3,4,12,460955.5,1,4,1,0,0,1,0,0,1,0,0,0,0,0,1,0,0,0,0,0,1,1,0,0,1,0,1,0,0,0,0,0,0
R0231,4,3,3,2026-04-16 12:04:54,260000.0,Up,200000.0,200000.0,185000.0,240000.0,1,1,208333.33333333334,23213.980461973533,185000.0,240000.0,55000.0,15000.0,0.08108108108108109,15000.0,0.08108108108108109,Up,1,0,0,4,3,2,0,0,0,0,0,0,0,3,22,1.3862943611198906,3,4,12,460955.5,1,4,1,0,0,1,0,0,1,0,0,0,0,0,1,0,0,0,0,0,1,1,0,0,1,0,1,0,0,0,0,0,2
R0232,2,1,1,2026-04-30 14:53:33,175000.0,Down,320000.0,320000.0,0.0,0.0,0,0,320000.0,0.0,320000.0,320000.0,0.0,0.0,0.0,0.0,0.0,Stable,0,0,1,4,5,2,0,1,1,0,0,0,2,5,34,3.4657359027997265,7,6,42,550782.7152777778,2,3,0,0,0,0,0,0,0,0,0,1,0,0,1,0,0,1,1,0,0,1,1,0,0,0,1,0,0,0,1,0,1
R0232,3,2,2,2026-04-23 14:53:33,400000.0,Up,175000.0,175000.0,320000.0,0.0,1,0,247500.0,72500.0,175000.0,320000.0,145000.0,-145000.0,-0.453125,-145000.0,-0.453125,Down,0,1,0,4,4,2,0,0,0,0,0,0,2,5,34,3.4657359027997265,7,6,42,550782.7152777778,2,3,0,0,0,0,0,0,0,0,0,1,0,0,1,0,0,1,1,0,0,1,1,0,0,0,1,0,0,0,1,0,0
R0232,4,3,3,2026-04-16 14:53:33,200000.0,Down,400000.0,400000.0,175000.0,320000.0,1,1,298333.3333333333,93124.76696465995,175000.0,400000.0,225000.0,225000.0,1.2857142857142858,225000.0,1.2857142857142858,Up,1,0,0,4,3,2,0,0,0,0,0,0,2,5,34,3.4657359027997265,7,6,42,550782.7152777778,2,3,0,0,0,0,0,0,0,0,0,1,0,0,1,0,0,1,1,0,0,1,1,0,0,0,1,0,0,0,1,0,2
R0233,2,1,1,2026-04-30 15:40:40,25000.0,Down,600000.0,600000.0,0.0,0.0,0,0,600000.0,0.0,600000.0,600000.0,0.0,0.0,0.0,0.0,0.0,Stable,0,0,1,4,5,2,0,1,1,0,0,0,0,3,35,3.8918202981106265,5,7,35,460955.5,1,0,0,0,0,1,0,1,1,1,0,1,0,0,0,1,1,1,0,0,0,1,0,1,0,1,0,1,0,1,1,0,1
R0233,3,2,2,2026-04-23 15:40:40,30000.0,Up,25000.0,25000.0,600000.0,0.0,1,0,312500.0,287500.0,25000.0,600000.0,575000.0,-575000.0,-0.9583333333333334,-575000.0,-0.9583333333333334,Down,0,1,0,4,4,2,0,0,0,0,0,0,0,3,35,3.8918202981106265,5,7,35,460955.5,1,0,0,0,0,1,0,1,1,1,0,1,0,0,0,1,1,1,0,0,0,1,0,1,0,1,0,1,0,1,1,0,0
R0233,4,3,3,2026-04-16 15:40:40,670000.0,Up,30000.0,30000.0,25000.0,600000.0,1,1,218333.33333333334,269886.8075488109,25000.0,600000.0,575000.0,5000.0,0.2,5000.0,0.2,Up,1,0,0,4,3,2,0,0,0,0,0,0,0,3,35,3.8918202981106265,5,7,35,460955.5,1,0,0,0,0,1,0,1,1,1,0,1,0,0,0,1,1,1,0,0,0,1,0,1,0,1,0,1,0,1,1,0,2
R0234,2,1,1,2026-04-30 15:57:50,395000.0,Up,175000.0,175000.0,0.0,0.0,0,0,175000.0,0.0,175000.0,175000.0,0.0,0.0,0.0,0.0,0.0,Stable,0,0,1,4,5,2,0,1,1,0,0,0,0,3,23,3.7612001156935624,6,3,18,460955.5,0,1,0,0,0,1,0,0,1,0,0,0,0,1,0,0,0,1,1,0,0,1,0,1,0,0,0,0,0,0,1,1,1
R0234,3,2,2,2026-04-23 15:57:50,100000.0,Down,395000.0,395000.0,175000.0,0.0,1,0,285000.0,110000.0,175000.0,395000.0,220000.0,220000.0,1.2571428571428571,220000.0,1.2571428571428571,Up,1,0,0,4,4,2,0,0,0,0,0,0,0,3,23,3.7612001156935624,6,3,18,460955.5,0,1,0,0,0,1,0,0,1,0,0,0,0,1,0,0,0,1,1,0,0,1,0,1,0,0,0,0,0,0,1,1,2
R0234,4,3,3,2026-04-16 15:57:50,440000.0,Up,100000.0,100000.0,395000.0,175000.0,1,1,223333.33333333334,125188.74638809281,100000.0,395000.0,295000.0,-295000.0,-0.7468354430379747,-295000.0,-0.7468354430379747,Down,0,1,0,4,3,2,0,0,0,0,0,0,0,3,23,3.7612001156935624,6,3,18,460955.5,0,1,0,0,0,1,0,0,1,0,0,0,0,1,0,0,0,1,1,0,0,1,0,1,0,0,0,0,0,0,1,1,0
R0235,2,1,1,2026-04-30 16:31:13,200000.0,Down,290000.0,290000.0,0.0,0.0,0,0,290000.0,0.0,290000.0,290000.0,0.0,0.0,0.0,0.0,0.0,Stable,0,0,1,4,5,2,0,1,1,0,0,0,2,2,35,2.9444389791664403,5,7,35,442180.75,2,2,0,0,0,0,0,0,0,0,0,1,0,0,0,0,0,1,0,0,0,1,0,0,0,0,0,0,0,0,1,0,1
R0235,3,2,2,2026-04-23 16:31:13,410000.0,Up,200000.0,200000.0,290000.0,0.0,1,0,245000.0,45000.0,200000.0,290000.0,90000.0,-90000.0,-0.3103448275862069,-90000.0,-0.3103448275862069,Down,0,1,0,4,4,2,0,0,0,0,0,0,2,2,35,2.9444389791664403,5,7,35,442180.75,2,2,0,0,0,0,0,0,0,0,0,1,0,0,0,0,0,1,0,0,0,1,0,0,0,0,0,0,0,0,1,0,0
R0235,4,3,3,2026-04-16 16:31:13,370000.0,Down,410000.0,410000.0,200000.0,290000.0,1,1,300000.0,86023.25267042627,200000.0,410000.0,210000.0,210000.0,1.05,210000.0,1.05,Up,1,0,0,4,3,2,0,0,0,0,0,0,2,2,35,2.9444389791664403,5,7,35,442180.75,2,2,0,0,0,0,0,0,0,0,0,1,0,0,0,0,0,1,0,0,0,1,0,0,0,0,0,0,0,0,1,0,2
R0236,2,1,1,2026-04-30 16:32:16,275000.0,Down,620000.0,620000.0,0.0,0.0,0,0,620000.0,0.0,620000.0,620000.0,0.0,0.0,0.0,0.0,0.0,Stable,0,0,1,4,5,2,0,1,1,0,0,0,0,6,24,3.367295829986474,6,11,66,559306.0,1,1,0,0,1,0,0,1,0,0,0,0,0,1,1,0,0,0,0,0,1,1,0,1,0,0,1,0,0,0,0,1,1
R0236,3,2,2,2026-04-23 16:32:16,560000.0,Up,275000.0,275000.0,620000.0,0.0,1,0,447500.0,172500.0,275000.0,620000.0,345000.0,-345000.0,-0.5564516129032258,-345000.0,-0.5564516129032258,Down,0,1,0,4,4,2,0,0,0,0,0,0,0,6,24,3.367295829986474,6,11,66,559306.0,1,1,0,0,1,0,0,1,0,0,0,0,0,1,1,0,0,0,0,0,1,1,0,1,0,0,1,0,0,0,0,1,0
R0236,4,3,3,2026-04-16 16:32:16,650000.0,Up,560000.0,560000.0,275000.0,620000.0,1,1,485000.0,150499.1694329241,275000.0,620000.0,345000.0,285000.0,1.0363636363636364,285000.0,1.0363636363636364,Up,1,0,0,4,3,2,0,0,0,0,0,0,0,6,24,3.367295829986474,6,11,66,559306.0,1,1,0,0,1,0,0,1,0,0,0,0,0,1,1,0,0,0,0,0,1,1,0,1,0,0,1,0,0,0,0,1,2
R0237,2,1,1,2026-04-30 17:30:23,1100000.0,Up,480000.0,480000.0,0.0,0.0,0,0,480000.0,0.0,480000.0,480000.0,0.0,0.0,0.0,0.0,0.0,Stable,0,0,1,4,5,2,0,1,1,0,0,0,0,7,25,1.9459101490553132,5,9,45,517481.9375,1,3,0,0,0,0,0,0,0,0,0,0,1,0,1,0,0,0,0,0,0,1,0,0,0,1,1,0,1,0,0,0,1
R0237,3,2,2,2026-04-23 17:30:23,800000.0,Down,1100000.0,1100000.0,480000.0,0.0,1,0,790000.0,310000.0,480000.0,1100000.0,620000.0,620000.0,1.2916666666666667,620000.0,1.2916666666666667,Up,1,0,0,4,4,2,0,0,0,0,0,0,0,7,25,1.9459101490553132,5,9,45,517481.9375,1,3,0,0,0,0,0,0,0,0,0,0,1,0,1,0,0,0,0,0,0,1,0,0,0,1,1,0,1,0,0,0,2
R0237,4,3,3,2026-04-16 17:30:23,1075000.0,Up,800000.0,800000.0,1100000.0,480000.0,1,1,793333.3333333334,253157.83394730033,480000.0,1100000.0,620000.0,-300000.0,-0.2727272727272727,-300000.0,-0.2727272727272727,Down,0,1,0,4,3,2,0,0,0,0,0,0,0,7,25,1.9459101490553132,5,9,45,517481.9375,1,3,0,0,0,0,0,0,0,0,0,0,1,0,1,0,0,0,0,0,0,1,0,0,0,1,1,0,1,0,0,0,0
R0238,2,1,1,2026-04-30 17:34:00,1070000.0,Up,240000.0,240000.0,0.0,0.0,0,0,240000.0,0.0,240000.0,240000.0,0.0,0.0,0.0,0.0,0.0,Stable,0,0,1,4,5,2,0,1,1,0,0,0,0,5,23,2.9444389791664403,7,8,56,550782.7152777778,2,4,0,0,1,0,0,0,0,0,0,0,0,1,0,1,1,0,0,0,1,1,0,1,0,0,0,1,0,1,0,1,1
R0238,3,2,2,2026-04-23 17:34:00,525000.0,Down,1070000.0,1070000.0,240000.0,0.0,1,0,655000.0,415000.0,240000.0,1070000.0,830000.0,830000.0,3.4583333333333335,830000.0,3.4583333333333335,Up,1,0,0,4,4,2,0,0,0,0,0,0,0,5,23,2.9444389791664403,7,8,56,550782.7152777778,2,4,0,0,1,0,0,0,0,0,0,0,0,1,0,1,1,0,0,0,1,1,0,1,0,0,0,1,0,1,0,1,2
R0238,4,3,3,2026-04-16 17:34:00,600000.0,Up,525000.0,525000.0,1070000.0,240000.0,1,1,611666.6666666666,344343.17507716373,240000.0,1070000.0,830000.0,-545000.0,-0.5093457943925234,-545000.0,-0.5093457943925234,Down,0,1,0,4,3,2,0,0,0,0,0,0,0,5,23,2.9444389791664403,7,8,56,550782.7152777778,2,4,0,0,1,0,0,0,0,0,0,0,0,1,0,1,1,0,0,0,1,1,0,1,0,0,0,1,0,1,0,1,0
R0239,2,1,1,2026-04-30 18:36:49,500000.0,Down,550000.0,550000.0,0.0,0.0,0,0,550000.0,0.0,550000.0,550000.0,0.0,0.0,0.0,0.0,0.0,Stable,0,0,1,4,5,2,0,1,1,0,0,0,2,0,17,3.8918202981106265,7,9,63,518297.0,2,4,0,0,0,0,0,0,0,0,0,1,0,0,1,0,0,1,1,0,0,1,0,0,0,0,1,0,0,0,1,0,1
R0239,3,2,2,2026-04-23 18:36:49,580000.0,Up,500000.0,500000.0,550000.0,0.0,1,0,525000.0,25000.0,500000.0,550000.0,50000.0,-50000.0,-0.09090909090909091,-50000.0,-0.09090909090909091,Down,0,1,0,4,4,2,0,0,0,0,0,0,2,0,17,3.8918202981106265,7,9,63,518297.0,2,4,0,0,0,0,0,0,0,0,0,1,0,0,1,0,0,1,1,0,0,1,0,0,0,0,1,0,0,0,1,0,0
R0239,4,3,3,2026-04-16 18:36:49,525000.0,Down,580000.0,580000.0,500000.0,550000.0,1,1,543333.3333333334,32998.31645537222,500000.0,580000.0,80000.0,80000.0,0.16,80000.0,0.16,Up,1,0,0,4,3,2,0,0,0,0,0,0,2,0,17,3.8918202981106265,7,9,63,518297.0,2,4,0,0,0,0,0,0,0,0,0,1,0,0,1,0,0,1,1,0,0,1,0,0,0,0,1,0,0,0,1,0,2
R0240,2,1,1,2026-04-30 18:52:14,875000.0,Up,625000.0,625000.0,0.0,0.0,0,0,625000.0,0.0,625000.0,625000.0,0.0,0.0,0.0,0.0,0.0,Stable,0,0,1,4,5,2,0,1,1,0,0,0,0,5,27,1.3862943611198906,5,7,35,550782.7152777778,2,0,0,0,0,1,0,0,1,0,0,1,1,0,1,0,0,0,0,0,0,1,0,0,1,1,1,0,1,0,0,0,1
R0240,3,2,2,2026-04-23 18:52:14,570000.0,Down,875000.0,875000.0,625000.0,0.0,1,0,750000.0,125000.0,625000.0,875000.0,250000.0,250000.0,0.4,250000.0,0.4,Up,1,0,0,4,4,2,0,0,0,0,0,0,0,5,27,1.3862943611198906,5,7,35,550782.7152777778,2,0,0,0,0,1,0,0,1,0,0,1,1,0,1,0,0,0,0,0,0,1,0,0,1,1,1,0,1,0,0,0,2
R0240,4,3,3,2026-04-16 18:52:14,725000.0,Up,570000.0,570000.0,875000.0,625000.0,1,1,690000.0,132727.79161376363,570000.0,875000.0,305000.0,-305000.0,-0.3485714285714286,-305000.0,-0.3485714285714286,Down,0,1,0,4,3,2,0,0,0,0,0,0,0,5,27,1.3862943611198906,5,7,35,550782.7152777778,2,0,0,0,0,1,0,0,1,0,0,1,1,0,1,0,0,0,0,0,0,1,0,0,1,1,1,0,1,0,0,0,0
R0241,2,1,1,2026-04-30 19:32:03,575000.0,Down,660000.0,660000.0,0.0,0.0,0,0,660000.0,0.0,660000.0,660000.0,0.0,0.0,0.0,0.0,0.0,Stable,0,0,1,4,5,2,0,1,1,0,0,0,1,6,38,2.5649493574615367,7,10,70,559306.0,1,3,0,0,1,0,0,0,0,0,0,0,0,0,1,0,1,1,0,1,0,1,0,0,0,0,1,0,0,1,1,0,1
R0241,3,2,2,2026-04-23 19:32:03,805000.0,Up,575000.0,575000.0,660000.0,0.0,1,0,617500.0,42500.0,575000.0,660000.0,85000.0,-85000.0,-0.12878787878787878,-85000.0,-0.12878787878787878,Down,0,1,0,4,4,2,0,0,0,0,0,0,1,6,38,2.5649493574615367,7,10,70,559306.0,1,3,0,0,1,0,0,0,0,0,0,0,0,0,1,0,1,1,0,1,0,1,0,0,0,0,1,0,0,1,1,0,0
R0241,4,3,3,2026-04-16 19:32:03,410000.0,Down,805000.0,805000.0,575000.0,660000.0,1,1,680000.0,94956.13022162743,575000.0,805000.0,230000.0,230000.0,0.4,230000.0,0.4,Up,1,0,0,4,3,2,0,0,0,0,0,0,1,6,38,2.5649493574615367,7,10,70,559306.0,1,3,0,0,1,0,0,0,0,0,0,0,0,0,1,0,1,1,0,1,0,1,0,0,0,0,1,0,0,1,1,0,2
R0242,2,1,1,2026-04-30 19:37:25,400000.0,Up,275000.0,275000.0,0.0,0.0,0,0,275000.0,0.0,275000.0,275000.0,0.0,0.0,0.0,0.0,0.0,Stable,0,0,1,4,5,2,0,1,1,0,0,0,0,3,41,3.1354942159291497,6,3,18,460955.5,0,4,0,0,0,0,0,1,1,1,0,1,0,0,0,0,1,1,0,0,0,1,0,0,0,0,0,0,0,1,1,0,1
R0242,3,2,2,2026-04-23 19:37:25,260000.0,Down,400000.0,400000.0,275000.0,0.0,1,0,337500.0,62500.0,275000.0,400000.0,125000.0,125000.0,0.45454545454545453,125000.0,0.45454545454545453,Up,1,0,0,4,4,2,0,0,0,0,0,0,0,3,41,3.1354942159291497,6,3,18,460955.5,0,4,0,0,0,0,0,1,1,1,0,1,0,0,0,0,1,1,0,0,0,1,0,0,0,0,0,0,0,1,1,0,2
R0242,4,3,3,2026-04-16 19:37:25,560000.0,Up,260000.0,260000.0,400000.0,275000.0,1,1,311666.6666666667,62760.56794587577,260000.0,400000.0,140000.0,-140000.0,-0.35,-140000.0,-0.35,Down,0,1,0,4,3,2,0,0,0,0,0,0,0,3,41,3.1354942159291497,6,3,18,460955.5,0,4,0,0,0,0,0,1,1,1,0,1,0,0,0,0,1,1,0,0,0,1,0,0,0,0,0,0,0,1,1,0,0
R0243,2,1,1,2026-04-30 20:20:16,410000.0,Down,835000.0,835000.0,0.0,0.0,0,0,835000.0,0.0,835000.0,835000.0,0.0,0.0,0.0,0.0,0.0,Stable,0,0,1,4,5,2,0,1,1,0,0,0,0,0,26,3.2188758248682006,4,8,32,518297.0,2,0,0,0,0,0,0,0,0,0,0,1,1,0,1,0,0,0,0,0,0,1,0,0,1,1,1,0,1,0,0,0,1
R0243,3,2,2,2026-04-23 20:20:16,425000.0,Stable,410000.0,410000.0,835000.0,0.0,1,0,622500.0,212500.0,410000.0,835000.0,425000.0,-425000.0,-0.5089820359281437,-425000.0,-0.5089820359281437,Down,0,1,0,4,4,2,0,0,0,0,0,0,0,0,26,3.2188758248682006,4,8,32,518297.0,2,0,0,0,0,0,0,0,0,0,0,1,1,0,1,0,0,0,0,0,0,1,0,0,1,1,1,0,1,0,0,0,0
R0243,4,3,3,2026-04-16 20:20:16,300000.0,Down,425000.0,425000.0,410000.0,835000.0,1,1,556666.6666666666,196906.63326110225,410000.0,835000.0,425000.0,15000.0,0.036585365853658534,15000.0,0.036585365853658534,Stable,0,0,1,4,3,2,0,0,0,0,0,0,0,0,26,3.2188758248682006,4,8,32,518297.0,2,0,0,0,0,0,0,0,0,0,0,1,1,0,1,0,0,0,0,0,0,1,0,0,1,1,1,0,1,0,0,0,1
R0244,2,1,1,2026-04-30 20:36:27,330000.0,Down,375000.0,375000.0,0.0,0.0,0,0,375000.0,0.0,375000.0,375000.0,0.0,0.0,0.0,0.0,0.0,Stable,0,0,1,4,5,2,0,1,1,0,0,0,0,1,34,1.0986122886681096,4,6,24,739240.8333333334,0,4,0,0,0,1,0,1,1,1,0,1,0,0,0,1,0,0,0,0,0,1,0,1,0,1,0,1,0,0,0,0,1
R0244,3,2,2,2026-04-23 20:36:27,375000.0,Up,330000.0,330000.0,375000.0,0.0,1,0,352500.0,22500.0,330000.0,375000.0,45000.0,-45000.0,-0.12,-45000.0,-0.12,Down,0,1,0,4,4,2,0,0,0,0,0,0,0,1,34,1.0986122886681096,4,6,24,739240.8333333334,0,4,0,0,0,1,0,1,1,1,0,1,0,0,0,1,0,0,0,0,0,1,0,1,0,1,0,1,0,0,0,0,0
R0244,4,3,3,2026-04-16 20:36:27,380000.0,Stable,375000.0,375000.0,330000.0,375000.0,1,1,360000.0,21213.203435596424,330000.0,375000.0,45000.0,45000.0,0.13636363636363635,45000.0,0.13636363636363635,Up,1,0,0,4,3,2,0,0,0,0,0,0,0,1,34,1.0986122886681096,4,6,24,739240.8333333334,0,4,0,0,0,1,0,1,1,1,0,1,0,0,0,1,0,0,0,0,0,1,0,1,0,1,0,1,0,0,0,0,2
R0245,2,1,1,2026-04-30 20:45:06,910000.0,Up,320000.0,320000.0,0.0,0.0,0,0,320000.0,0.0,320000.0,320000.0,0.0,0.0,0.0,0.0,0.0,Stable,0,0,1,4,5,2,0,1,1,0,0,0,0,4,30,4.343805421853684,6,8,48,653189.75,2,4,0,0,0,0,0,1,1,1,0,1,0,0,1,0,0,1,0,0,0,1,0,1,0,0,1,0,0,0,1,0,1
R0245,3,2,2,2026-04-23 20:45:06,1200000.0,Up,910000.0,910000.0,320000.0,0.0,1,0,615000.0,295000.0,320000.0,910000.0,590000.0,590000.0,1.84375,590000.0,1.84375,Up,1,0,0,4,4,2,0,0,0,0,0,0,0,4,30,4.343805421853684,6,8,48,653189.75,2,4,0,0,0,0,0,1,1,1,0,1,0,0,1,0,0,1,0,0,0,1,0,1,0,0,1,0,0,0,1,0,2
R0245,4,3,3,2026-04-16 20:45:06,350000.0,Down,1200000.0,1200000.0,910000.0,320000.0,1,1,810000.0,366151.1527588937,320000.0,1200000.0,880000.0,290000.0,0.31868131868131866,290000.0,0.31868131868131866,Up,1,0,0,4,3,2,0,0,0,0,0,0,0,4,30,4.343805421853684,6,8,48,653189.75,2,4,0,0,0,0,0,1,1,1,0,1,0,0,1,0,0,1,0,0,0,1,0,1,0,0,1,0,0,0,1,0,2
R0246,2,1,1,2026-04-30 21:23:54,390000.0,Down,470000.0,470000.0,0.0,0.0,0,0,470000.0,0.0,470000.0,470000.0,0.0,0.0,0.0,0.0,0.0,Stable,0,0,1,4,5,2,0,1,1,0,0,0,0,1,32,2.9444389791664403,5,6,30,739240.8333333334,1,2,0,0,0,0,0,1,1,1,0,1,0,0,0,0,1,0,0,0,0,1,0,0,0,0,0,0,0,1,0,0,1
R0246,3,2,2,2026-04-23 21:23:54,150000.0,Down,390000.0,390000.0,470000.0,0.0,1,0,430000.0,40000.0,390000.0,470000.0,80000.0,-80000.0,-0.1702127659574468,-80000.0,-0.1702127659574468,Down,0,1,0,4,4,2,0,0,0,0,0,0,0,1,32,2.9444389791664403,5,6,30,739240.8333333334,1,2,0,0,0,0,0,1,1,1,0,1,0,0,0,0,1,0,0,0,0,1,0,0,0,0,0,0,0,1,0,0,0
R0246,4,3,3,2026-04-16 21:23:54,375000.0,Up,150000.0,150000.0,390000.0,470000.0,1,1,336666.6666666667,135973.8536958076,150000.0,470000.0,320000.0,-240000.0,-0.6153846153846154,-240000.0,-0.6153846153846154,Down,0,1,0,4,3,2,0,0,0,0,0,0,0,1,32,2.9444389791664403,5,6,30,739240.8333333334,1,2,0,0,0,0,0,1,1,1,0,1,0,0,0,0,1,0,0,0,0,1,0,0,0,0,0,0,0,1,0,0,0
R0247,2,1,1,2026-04-30 21:29:06,125000.0,Stable,125000.0,125000.0,0.0,0.0,0,0,125000.0,0.0,125000.0,125000.0,0.0,0.0,0.0,0.0,0.0,Stable,0,0,1,4,5,2,0,1,1,0,0,0,2,7,30,3.2188758248682006,6,7,42,517481.9375,0,0,0,0,0,0,0,0,0,0,0,1,0,1,1,0,0,1,1,0,0,1,0,0,0,0,1,0,0,0,1,1,1
R0247,3,2,2,2026-04-23 21:29:06,135000.0,Up,125000.0,125000.0,125000.0,0.0,1,0,125000.0,0.0,125000.0,125000.0,0.0,0.0,0.0,0.0,0.0,Stable,0,0,1,4,4,2,0,0,0,0,0,0,2,7,30,3.2188758248682006,6,7,42,517481.9375,0,0,0,0,0,0,0,0,0,0,0,1,0,1,1,0,0,1,1,0,0,1,0,0,0,0,1,0,0,0,1,1,1
R0247,4,3,3,2026-04-16 21:29:06,135000.0,Stable,135000.0,135000.0,125000.0,125000.0,1,1,128333.33333333333,4714.045207910317,125000.0,135000.0,10000.0,10000.0,0.08,10000.0,0.08,Up,1,0,0,4,3,2,0,0,0,0,0,0,2,7,30,3.2188758248682006,6,7,42,517481.9375,0,0,0,0,0,0,0,0,0,0,0,1,0,1,1,0,0,1,1,0,0,1,0,0,0,0,1,0,0,0,1,1,2
R0248,2,1,1,2026-04-30 21:55:13,1273200.0,Up,1150000.0,1150000.0,0.0,0.0,0,0,1150000.0,0.0,1150000.0,1150000.0,0.0,0.0,0.0,0.0,0.0,Stable,0,0,1,4,5,2,0,1,1,0,0,0,1,7,28,4.23410650459726,5,10,50,517481.9375,2,1,0,0,1,0,0,0,0,0,0,0,0,0,0,0,0,1,0,1,0,1,0,0,0,0,0,0,0,0,1,0,1
R0248,3,2,2,2026-04-23 21:55:13,740000.0,Down,1273200.0,1273200.0,1150000.0,0.0,1,0,1211600.0,61600.0,1150000.0,1273200.0,123200.0,123200.0,0.1071304347826087,123200.0,0.1071304347826087,Up,1,0,0,4,4,2,0,0,0,0,0,0,1,7,28,4.23410650459726,5,10,50,517481.9375,2,1,0,0,1,0,0,0,0,0,0,0,0,0,0,0,0,1,0,1,0,1,0,0,0,0,0,0,0,0,1,0,2
R0248,4,3,3,2026-04-16 21:55:13,545000.0,Down,740000.0,740000.0,1273200.0,1150000.0,1,1,1054400.0,227932.85561030175,740000.0,1273200.0,533200.0,-533200.0,-0.4187873075714735,-533200.0,-0.4187873075714735,Down,0,1,0,4,3,2,0,0,0,0,0,0,1,7,28,4.23410650459726,5,10,50,517481.9375,2,1,0,0,1,0,0,0,0,0,0,0,0,0,0,0,0,1,0,1,0,1,0,0,0,0,0,0,0,0,1,0,0
R0249,2,1,1,2026-04-30 22:45:16,110000.0,Down,190000.0,190000.0,0.0,0.0,0,0,190000.0,0.0,190000.0,190000.0,0.0,0.0,0.0,0.0,0.0,Stable,0,0,1,4,5,2,0,1,1,0,0,0,0,1,23,2.995732273553991,3,4,12,739240.8333333334,1,0,0,0,0,1,0,0,1,0,0,1,1,1,1,0,0,0,0,0,1,1,1,0,0,0,1,0,1,0,0,1,1
R0249,3,2,2,2026-04-23 22:45:16,200000.0,Up,110000.0,110000.0,190000.0,0.0,1,0,150000.0,40000.0,110000.0,190000.0,80000.0,-80000.0,-0.42105263157894735,-80000.0,-0.42105263157894735,Down,0,1,0,4,4,2,0,0,0,0,0,0,0,1,23,2.995732273553991,3,4,12,739240.8333333334,1,0,0,0,0,1,0,0,1,0,0,1,1,1,1,0,0,0,0,0,1,1,1,0,0,0,1,0,1,0,0,1,0
R0249,4,3,3,2026-04-16 22:45:16,115000.0,Down,200000.0,200000.0,110000.0,190000.0,1,1,166666.66666666666,40276.81991198191,110000.0,200000.0,90000.0,90000.0,0.8181818181818182,90000.0,0.8181818181818182,Up,1,0,0,4,3,2,0,0,0,0,0,0,0,1,23,2.995732273553991,3,4,12,739240.8333333334,1,0,0,0,0,1,0,0,1,0,0,1,1,1,1,0,0,0,0,0,1,1,1,0,0,0,1,0,1,0,0,1,2
R0250,2,1,1,2026-04-30 23:10:27,705000.0,Stable,720000.0,720000.0,0.0,0.0,0,0,720000.0,0.0,720000.0,720000.0,0.0,0.0,0.0,0.0,0.0,Stable,0,0,1,4,5,2,0,1,1,0,0,0,0,0,19,4.418840607796598,6,4,24,518297.0,1,1,0,0,0,0,0,0,0,0,0,1,1,0,0,0,0,0,0,0,0,1,0,0,0,0,0,0,1,0,0,0,1
R0250,3,2,2,2026-04-23 23:10:27,630000.0,Down,705000.0,705000.0,720000.0,0.0,1,0,712500.0,7500.0,705000.0,720000.0,15000.0,-15000.0,-0.020833333333333332,-15000.0,-0.020833333333333332,Stable,0,0,1,4,4,2,0,0,0,0,0,0,0,0,19,4.418840607796598,6,4,24,518297.0,1,1,0,0,0,0,0,0,0,0,0,1,1,0,0,0,0,0,0,0,0,1,0,0,0,0,0,0,1,0,0,0,1
R0250,4,3,3,2026-04-16 23:10:27,625000.0,Stable,630000.0,630000.0,705000.0,720000.0,1,1,685000.0,39370.03937005906,630000.0,720000.0,90000.0,-75000.0,-0.10638297872340426,-75000.0,-0.10638297872340426,Down,0,1,0,4,3,2,0,0,0,0,0,0,0,0,19,4.418840607796598,6,4,24,518297.0,1,1,0,0,0,0,0,0,0,0,0,1,1,0,0,0,0,0,0,0,0,1,0,0,0,0,0,0,1,0,0,0,0
R0251,2,1,1,2026-04-30 23:41:10,855000.0,Down,1080000.0,1080000.0,0.0,0.0,0,0,1080000.0,0.0,1080000.0,1080000.0,0.0,0.0,0.0,0.0,0.0,Stable,0,0,1,4,5,2,0,1,1,0,0,0,1,0,26,3.6635616461296463,5,9,45,518297.0,2,1,0,1,0,0,0,0,0,0,0,0,0,1,1,0,0,0,0,0,0,1,0,0,0,0,1,0,0,0,0,1,1
R0251,3,2,2,2026-04-23 23:41:10,920000.0,Up,855000.0,855000.0,1080000.0,0.0,1,0,967500.0,112500.0,855000.0,1080000.0,225000.0,-225000.0,-0.20833333333333334,-225000.0,-0.20833333333333334,Down,0,1,0,4,4,2,0,0,0,0,0,0,1,0,26,3.6635616461296463,5,9,45,518297.0,2,1,0,1,0,0,0,0,0,0,0,0,0,1,1,0,0,0,0,0,0,1,0,0,0,0,1,0,0,0,0,1,0
R0251,4,3,3,2026-04-16 23:41:10,1025000.0,Up,920000.0,920000.0,855000.0,1080000.0,1,1,951666.6666666666,94545.69735788557,855000.0,1080000.0,225000.0,65000.0,0.07602339181286549,65000.0,0.07602339181286549,Up,1,0,0,4,3,2,0,0,0,0,0,0,1,0,26,3.6635616461296463,5,9,45,518297.0,2,1,0,1,0,0,0,0,0,0,0,0,0,1,1,0,0,0,0,0,0,1,0,0,0,0,1,0,0,0,0,1,2
R0252,2,1,1,2026-05-01 01:04:47,150000.0,Down,375000.0,375000.0,0.0,0.0,0,0,375000.0,0.0,375000.0,375000.0,0.0,0.0,0.0,0.0,0.0,Stable,0,0,1,5,1,2,1,0,1,0,0,0,2,1,29,0.6931471805599453,3,7,21,739240.8333333334,1,4,0,0,0,0,0,0,0,0,0,1,0,1,1,0,0,0,0,0,1,1,1,0,0,0,1,0,0,0,0,1,1
R0252,3,2,2,2026-04-24 01:04:47,650000.0,Up,150000.0,150000.0,375000.0,0.0,1,0,262500.0,112500.0,150000.0,375000.0,225000.0,-225000.0,-0.6,-225000.0,-0.6,Down,0,1,0,4,4,2,0,1,0,0,0,0,2,1,29,0.6931471805599453,3,7,21,739240.8333333334,1,4,0,0,0,0,0,0,0,0,0,1,0,1,1,0,0,0,0,0,1,1,1,0,0,0,1,0,0,0,0,1,0
R0252,4,3,3,2026-04-17 01:04:47,150000.0,Down,650000.0,650000.0,150000.0,375000.0,1,1,391666.6666666667,204464.0691064216,150000.0,650000.0,500000.0,500000.0,3.3333333333333335,500000.0,3.3333333333333335,Up,1,0,0,4,3,2,0,0,0,0,0,0,2,1,29,0.6931471805599453,3,7,21,739240.8333333334,1,4,0,0,0,0,0,0,0,0,0,1,0,1,1,0,0,0,0,0,1,1,1,0,0,0,1,0,0,0,0,1,2
R0253,2,1,1,2026-05-01 02:26:34,525000.0,Up,460000.0,460000.0,0.0,0.0,0,0,460000.0,0.0,460000.0,460000.0,0.0,0.0,0.0,0.0,0.0,Stable,0,0,1,5,1,2,1,0,1,0,0,0,2,1,17,3.8066624897703196,5,5,25,739240.8333333334,1,2,0,0,0,0,0,0,0,0,0,1,0,1,0,0,0,0,0,0,1,1,0,0,0,0,0,0,0,0,0,1,1
R0253,3,2,2,2026-04-24 02:26:34,505000.0,Stable,525000.0,525000.0,460000.0,0.0,1,0,492500.0,32500.0,460000.0,525000.0,65000.0,65000.0,0.14130434782608695,65000.0,0.14130434782608695,Up,1,0,0,4,4,2,0,1,0,0,0,0,2,1,17,3.8066624897703196,5,5,25,739240.8333333334,1,2,0,0,0,0,0,0,0,0,0,1,0,1,0,0,0,0,0,0,1,1,0,0,0,0,0,0,0,0,0,1,2
R0253,4,3,3,2026-04-17 02:26:34,450000.0,Down,505000.0,505000.0,525000.0,460000.0,1,1,496666.6666666667,27182.510717166817,460000.0,525000.0,65000.0,-20000.0,-0.0380952380952381,-20000.0,-0.0380952380952381,Stable,0,0,1,4,3,2,0,0,0,0,0,0,2,1,17,3.8066624897703196,5,5,25,739240.8333333334,1,2,0,0,0,0,0,0,0,0,0,1,0,1,0,0,0,0,0,0,1,1,0,0,0,0,0,0,0,0,0,1,1
R0254,2,1,1,2026-05-01 02:51:23,295000.0,Down,325000.0,325000.0,0.0,0.0,0,0,325000.0,0.0,325000.0,325000.0,0.0,0.0,0.0,0.0,0.0,Stable,0,0,1,5,1,2,1,0,1,0,0,0,2,1,24,4.276666119016055,5,9,45,739240.8333333334,2,0,0,0,0,0,0,0,0,0,0,1,0,1,0,0,0,1,0,0,1,1,1,0,0,0,0,0,0,0,1,1,1
R0254,3,2,2,2026-04-24 02:51:23,360000.0,Up,295000.0,295000.0,325000.0,0.0,1,0,310000.0,15000.0,295000.0,325000.0,30000.0,-30000.0,-0.09230769230769231,-30000.0,-0.09230769230769231,Down,0,1,0,4,4,2,0,1,0,0,0,0,2,1,24,4.276666119016055,5,9,45,739240.8333333334,2,0,0,0,0,0,0,0,0,0,0,1,0,1,0,0,0,1,0,0,1,1,1,0,0,0,0,0,0,0,1,1,0
R0254,4,3,3,2026-04-17 02:51:23,300000.0,Down,360000.0,360000.0,295000.0,325000.0,1,1,326666.6666666667,26562.29575084871,295000.0,360000.0,65000.0,65000.0,0.22033898305084745,65000.0,0.22033898305084745,Up,1,0,0,4,3,2,0,0,0,0,0,0,2,1,24,4.276666119016055,5,9,45,739240.8333333334,2,0,0,0,0,0,0,0,0,0,0,1,0,1,0,0,0,1,0,0,1,1,1,0,0,0,0,0,0,0,1,1,2
R0255,2,1,1,2026-05-01 02:57:20,600000.0,Up,535000.0,535000.0,0.0,0.0,0,0,535000.0,0.0,535000.0,535000.0,0.0,0.0,0.0,0.0,0.0,Stable,0,0,1,5,1,2,1,0,1,0,0,0,2,1,39,2.70805020110221,6,9,54,739240.8333333334,2,0,0,0,0,0,0,0,0,0,0,1,0,1,1,0,0,1,0,0,1,1,1,0,0,0,1,0,0,0,1,1,1
R0255,3,2,2,2026-04-24 02:57:20,550000.0,Down,600000.0,600000.0,535000.0,0.0,1,0,567500.0,32500.0,535000.0,600000.0,65000.0,65000.0,0.12149532710280374,65000.0,0.12149532710280374,Up,1,0,0,4,4,2,0,1,0,0,0,0,2,1,39,2.70805020110221,6,9,54,739240.8333333334,2,0,0,0,0,0,0,0,0,0,0,1,0,1,1,0,0,1,0,0,1,1,1,0,0,0,1,0,0,0,1,1,2
R0255,4,3,3,2026-04-17 02:57:20,750000.0,Up,550000.0,550000.0,600000.0,535000.0,1,1,561666.6666666666,27788.88666755511,535000.0,600000.0,65000.0,-50000.0,-0.08333333333333333,-50000.0,-0.08333333333333333,Down,0,1,0,4,3,2,0,0,0,0,0,0,2,1,39,2.70805020110221,6,9,54,739240.8333333334,2,0,0,0,0,0,0,0,0,0,0,1,0,1,1,0,0,1,0,0,1,1,1,0,0,0,1,0,0,0,1,1,0
R0256,2,1,1,2026-05-01 05:19:47,600000.0,Up,540000.0,540000.0,0.0,0.0,0,0,540000.0,0.0,540000.0,540000.0,0.0,0.0,0.0,0.0,0.0,Stable,0,0,1,5,1,2,1,0,1,0,0,0,0,2,34,2.70805020110221,6,11,66,442180.75,2,1,0,0,1,0,0,0,0,0,0,0,0,0,1,1,1,0,0,0,1,1,0,0,0,0,1,1,0,1,0,0,1
R0256,3,2,2,2026-04-24 05:19:47,30000.0,Down,600000.0,600000.0,540000.0,0.0,1,0,570000.0,30000.0,540000.0,600000.0,60000.0,60000.0,0.1111111111111111,60000.0,0.1111111111111111,Up,1,0,0,4,4,2,0,1,0,0,0,0,0,2,34,2.70805020110221,6,11,66,442180.75,2,1,0,0,1,0,0,0,0,0,0,0,0,0,1,1,1,0,0,0,1,1,0,0,0,0,1,1,0,1,0,0,2
R0256,4,3,3,2026-04-17 05:19:47,680000.0,Up,30000.0,30000.0,600000.0,540000.0,1,1,390000.0,255734.23705088845,30000.0,600000.0,570000.0,-570000.0,-0.95,-570000.0,-0.95,Down,0,1,0,4,3,2,0,0,0,0,0,0,0,2,34,2.70805020110221,6,11,66,442180.75,2,1,0,0,1,0,0,0,0,0,0,0,0,0,1,1,1,0,0,0,1,1,0,0,0,0,1,1,0,1,0,0,0
R0257,2,1,1,2026-05-01 07:33:12,770000.0,Up,475000.0,475000.0,0.0,0.0,0,0,475000.0,0.0,475000.0,475000.0,0.0,0.0,0.0,0.0,0.0,Stable,0,0,1,5,1,2,1,0,1,0,0,0,0,0,22,2.995732273553991,6,4,24,518297.0,1,2,0,0,0,0,0,0,0,0,0,0,1,0,0,0,0,0,0,0,1,1,0,0,0,0,0,0,1,0,0,0,1
R0257,3,2,2,2026-04-24 07:33:12,430000.0,Down,770000.0,770000.0,475000.0,0.0,1,0,622500.0,147500.0,475000.0,770000.0,295000.0,295000.0,0.6210526315789474,295000.0,0.6210526315789474,Up,1,0,0,4,4,2,0,1,0,0,0,0,0,0,22,2.995732273553991,6,4,24,518297.0,1,2,0,0,0,0,0,0,0,0,0,0,1,0,0,0,0,0,0,0,1,1,0,0,0,0,0,0,1,0,0,0,2
R0257,4,3,3,2026-04-17 07:33:12,400000.0,Down,430000.0,430000.0,770000.0,475000.0,1,1,558333.3333333334,150794.19381690028,430000.0,770000.0,340000.0,-340000.0,-0.44155844155844154,-340000.0,-0.44155844155844154,Down,0,1,0,4,3,2,0,0,0,0,0,0,0,0,22,2.995732273553991,6,4,24,518297.0,1,2,0,0,0,0,0,0,0,0,0,0,1,0,0,0,0,0,0,0,1,1,0,0,0,0,0,0,1,0,0,0,0
R0258,2,1,1,2026-05-01 08:01:49,650000.0,Stable,630000.0,630000.0,0.0,0.0,0,0,630000.0,0.0,630000.0,630000.0,0.0,0.0,0.0,0.0,0.0,Stable,0,0,1,5,1,2,1,0,1,0,0,0,0,5,17,2.772588722239781,5,3,15,550782.7152777778,0,0,0,0,0,1,0,0,1,0,0,1,0,0,0,0,0,1,1,0,0,1,0,0,0,1,0,0,0,0,1,0,1
R0258,3,2,2,2026-04-24 08:01:49,325000.0,Down,650000.0,650000.0,630000.0,0.0,1,0,640000.0,10000.0,630000.0,650000.0,20000.0,20000.0,0.031746031746031744,20000.0,0.031746031746031744,Stable,0,0,1,4,4,2,0,1,0,0,0,0,0,5,17,2.772588722239781,5,3,15,550782.7152777778,0,0,0,0,0,1,0,0,1,0,0,1,0,0,0,0,0,1,1,0,0,1,0,0,0,1,0,0,0,0,1,0,1
R0258,4,3,3,2026-04-17 08:01:49,375000.0,Up,325000.0,325000.0,650000.0,630000.0,1,1,535000.0,148716.73297469478,325000.0,650000.0,325000.0,-325000.0,-0.5,-325000.0,-0.5,Down,0,1,0,4,3,2,0,0,0,0,0,0,0,5,17,2.772588722239781,5,3,15,550782.7152777778,0,0,0,0,0,1,0,0,1,0,0,1,0,0,0,0,0,1,1,0,0,1,0,0,0,1,0,0,0,0,1,0,0
R0259,2,1,1,2026-05-01 08:31:09,110000.0,Down,370000.0,370000.0,0.0,0.0,0,0,370000.0,0.0,370000.0,370000.0,0.0,0.0,0.0,0.0,0.0,Stable,0,0,1,5,1,2,1,0,1,0,0,0,0,0,25,3.2188758248682006,5,3,15,518297.0,0,1,0,0,0,1,0,0,1,0,0,0,0,0,0,1,1,0,1,0,0,1,0,1,0,0,0,1,0,1,0,0,1
R0259,3,2,2,2026-04-24 08:31:09,10000.0,Down,110000.0,110000.0,370000.0,0.0,1,0,240000.0,130000.0,110000.0,370000.0,260000.0,-260000.0,-0.7027027027027027,-260000.0,-0.7027027027027027,Down,0,1,0,4,4,2,0,1,0,0,0,0,0,0,25,3.2188758248682006,5,3,15,518297.0,0,1,0,0,0,1,0,0,1,0,0,0,0,0,0,1,1,0,1,0,0,1,0,1,0,0,0,1,0,1,0,0,0
R0259,4,3,3,2026-04-17 08:31:09,150000.0,Up,10000.0,10000.0,110000.0,370000.0,1,1,163333.33333333334,151730.75568988055,10000.0,370000.0,360000.0,-100000.0,-0.9090909090909091,-100000.0,-0.9090909090909091,Down,0,1,0,4,3,2,0,0,0,0,0,0,0,0,25,3.2188758248682006,5,3,15,518297.0,0,1,0,0,0,1,0,0,1,0,0,0,0,0,0,1,1,0,1,0,0,1,0,1,0,0,0,1,0,1,0,0,0
R0260,2,1,1,2026-05-01 08:43:17,150000.0,Down,255000.0,255000.0,0.0,0.0,0,0,255000.0,0.0,255000.0,255000.0,0.0,0.0,0.0,0.0,0.0,Stable,0,0,1,5,1,2,1,0,1,0,0,0,0,2,26,3.1354942159291497,6,5,30,442180.75,0,1,0,0,0,0,0,0,0,0,1,0,1,0,0,0,0,0,0,0,0,1,0,0,0,0,0,0,1,0,0,0,1
R0260,3,2,2,2026-04-24 08:43:17,120000.0,Down,150000.0,150000.0,255000.0,0.0,1,0,202500.0,52500.0,150000.0,255000.0,105000.0,-105000.0,-0.4117647058823529,-105000.0,-0.4117647058823529,Down,0,1,0,4,4,2,0,1,0,0,0,0,0,2,26,3.1354942159291497,6,5,30,442180.75,0,1,0,0,0,0,0,0,0,0,1,0,1,0,0,0,0,0,0,0,0,1,0,0,0,0,0,0,1,0,0,0,0
R0260,4,3,3,2026-04-17 08:43:17,125000.0,Stable,120000.0,120000.0,150000.0,255000.0,1,1,175000.0,57879.18451395113,120000.0,255000.0,135000.0,-30000.0,-0.2,-30000.0,-0.2,Down,0,1,0,4,3,2,0,0,0,0,0,0,0,2,26,3.1354942159291497,6,5,30,442180.75,0,1,0,0,0,0,0,0,0,0,1,0,1,0,0,0,0,0,0,0,0,1,0,0,0,0,0,0,1,0,0,0,0
R0261,2,1,1,2026-05-01 10:49:14,380000.0,Up,360000.0,360000.0,0.0,0.0,0,0,360000.0,0.0,360000.0,360000.0,0.0,0.0,0.0,0.0,0.0,Stable,0,0,1,5,1,2,1,0,1,0,0,0,0,5,28,2.70805020110221,3,5,15,550782.7152777778,2,3,0,0,0,1,0,0,1,0,0,0,1,0,1,0,0,1,0,0,1,1,0,0,0,1,1,0,1,0,1,0,1
R0261,3,2,2,2026-04-24 10:49:14,515000.0,Up,380000.0,380000.0,360000.0,0.0,1,0,370000.0,10000.0,360000.0,380000.0,20000.0,20000.0,0.05555555555555555,20000.0,0.05555555555555555,Up,1,0,0,4,4,2,0,1,0,0,0,0,0,5,28,2.70805020110221,3,5,15,550782.7152777778,2,3,0,0,0,1,0,0,1,0,0,0,1,0,1,0,0,1,0,0,1,1,0,0,0,1,1,0,1,0,1,0,2
R0261,4,3,3,2026-04-17 10:49:14,295000.0,Down,515000.0,515000.0,380000.0,360000.0,1,1,418333.3333333333,68839.58809354462,360000.0,515000.0,155000.0,135000.0,0.35526315789473684,135000.0,0.35526315789473684,Up,1,0,0,4,3,2,0,0,0,0,0,0,0,5,28,2.70805020110221,3,5,15,550782.7152777778,2,3,0,0,0,1,0,0,1,0,0,0,1,0,1,0,0,1,0,0,1,1,0,0,0,1,1,0,1,0,1,0,2
R0262,2,1,1,2026-05-01 11:09:24,610000.0,Down,1090000.0,1090000.0,0.0,0.0,0,0,1090000.0,0.0,1090000.0,1090000.0,0.0,0.0,0.0,0.0,0.0,Stable,0,0,1,5,1,2,1,0,1,0,0,0,0,1,35,1.9459101490553132,5,11,55,739240.8333333334,2,1,0,0,0,0,0,1,0,0,0,0,0,0,1,1,0,0,0,0,1,1,0,0,0,0,1,1,0,0,0,0,1
R0262,3,2,2,2026-04-24 11:09:24,800000.0,Up,610000.0,610000.0,1090000.0,0.0,1,0,850000.0,240000.0,610000.0,1090000.0,480000.0,-480000.0,-0.44036697247706424,-480000.0,-0.44036697247706424,Down,0,1,0,4,4,2,0,1,0,0,0,0,0,1,35,1.9459101490553132,5,11,55,739240.8333333334,2,1,0,0,0,0,0,1,0,0,0,0,0,0,1,1,0,0,0,0,1,1,0,0,0,0,1,1,0,0,0,0,0
R0262,4,3,3,2026-04-17 11:09:24,675000.0,Down,800000.0,800000.0,610000.0,1090000.0,1,1,833333.3333333334,197371.6179078328,610000.0,1090000.0,480000.0,190000.0,0.3114754098360656,190000.0,0.3114754098360656,Up,1,0,0,4,3,2,0,0,0,0,0,0,0,1,35,1.9459101490553132,5,11,55,739240.8333333334,2,1,0,0,0,0,0,1,0,0,0,0,0,0,1,1,0,0,0,0,1,1,0,0,0,0,1,1,0,0,0,0,2
R0263,2,1,1,2026-05-01 11:33:20,490000.0,Stable,470000.0,470000.0,0.0,0.0,0,0,470000.0,0.0,470000.0,470000.0,0.0,0.0,0.0,0.0,0.0,Stable,0,0,1,5,1,2,1,0,1,0,0,0,0,6,22,3.044522437723423,4,5,20,559306.0,2,3,0,0,0,0,0,0,0,0,0,1,1,0,1,0,0,0,0,0,1,1,0,0,1,0,1,0,1,0,0,0,1
R0263,3,2,2,2026-04-24 11:33:20,450000.0,Down,490000.0,490000.0,470000.0,0.0,1,0,480000.0,10000.0,470000.0,490000.0,20000.0,20000.0,0.0425531914893617,20000.0,0.0425531914893617,Stable,0,0,1,4,4,2,0,1,0,0,0,0,0,6,22,3.044522437723423,4,5,20,559306.0,2,3,0,0,0,0,0,0,0,0,0,1,1,0,1,0,0,0,0,0,1,1,0,0,1,0,1,0,1,0,0,0,1
R0263,4,3,3,2026-04-17 11:33:20,490000.0,Up,450000.0,450000.0,490000.0,470000.0,1,1,470000.0,16329.93161855452,450000.0,490000.0,40000.0,-40000.0,-0.08163265306122448,-40000.0,-0.08163265306122448,Down,0,1,0,4,3,2,0,0,0,0,0,0,0,6,22,3.044522437723423,4,5,20,559306.0,2,3,0,0,0,0,0,0,0,0,0,1,1,0,1,0,0,0,0,0,1,1,0,0,1,0,1,0,1,0,0,0,0
R0264,2,1,1,2026-05-01 11:46:05,310000.0,Up,275000.0,275000.0,0.0,0.0,0,0,275000.0,0.0,275000.0,275000.0,0.0,0.0,0.0,0.0,0.0,Stable,0,0,1,5,1,2,1,0,1,0,0,0,0,1,28,2.1972245773362196,2,3,6,739240.8333333334,0,4,0,0,0,1,0,0,1,0,0,1,0,1,1,0,0,0,0,0,0,1,1,0,0,0,1,0,0,0,0,1,1
R0264,3,2,2,2026-04-24 11:46:05,295000.0,Stable,310000.0,310000.0,275000.0,0.0,1,0,292500.0,17500.0,275000.0,310000.0,35000.0,35000.0,0.12727272727272726,35000.0,0.12727272727272726,Up,1,0,0,4,4,2,0,1,0,0,0,0,0,1,28,2.1972245773362196,2,3,6,739240.8333333334,0,4,0,0,0,1,0,0,1,0,0,1,0,1,1,0,0,0,0,0,0,1,1,0,0,0,1,0,0,0,0,1,2
R0264,4,3,3,2026-04-17 11:46:05,350000.0,Up,295000.0,295000.0,310000.0,275000.0,1,1,293333.3333333333,14337.208778404378,275000.0,310000.0,35000.0,-15000.0,-0.04838709677419355,-15000.0,-0.04838709677419355,Stable,0,0,1,4,3,2,0,0,0,0,0,0,0,1,28,2.1972245773362196,2,3,6,739240.8333333334,0,4,0,0,0,1,0,0,1,0,0,1,0,1,1,0,0,0,0,0,0,1,1,0,0,0,1,0,0,0,0,1,1
R0265,2,1,1,2026-05-01 11:57:04,680000.0,Up,550000.0,550000.0,0.0,0.0,0,0,550000.0,0.0,550000.0,550000.0,0.0,0.0,0.0,0.0,0.0,Stable,0,0,1,5,1,2,1,0,1,0,0,0,0,2,28,2.3978952727983707,7,3,21,442180.75,1,2,0,0,0,1,0,0,1,0,0,1,1,0,0,0,1,0,1,0,0,1,0,1,0,0,0,0,1,1,0,0,1
R0265,3,2,2,2026-04-24 11:57:04,625000.0,Down,680000.0,680000.0,550000.0,0.0,1,0,615000.0,65000.0,550000.0,680000.0,130000.0,130000.0,0.23636363636363636,130000.0,0.23636363636363636,Up,1,0,0,4,4,2,0,1,0,0,0,0,0,2,28,2.3978952727983707,7,3,21,442180.75,1,2,0,0,0,1,0,0,1,0,0,1,1,0,0,0,1,0,1,0,0,1,0,1,0,0,0,0,1,1,0,0,2
R0265,4,3,3,2026-04-17 11:57:04,610000.0,Stable,625000.0,625000.0,680000.0,550000.0,1,1,618333.3333333334,53281.22454381927,550000.0,680000.0,130000.0,-55000.0,-0.08088235294117647,-55000.0,-0.08088235294117647,Down,0,1,0,4,3,2,0,0,0,0,0,0,0,2,28,2.3978952727983707,7,3,21,442180.75,1,2,0,0,0,1,0,0,1,0,0,1,1,0,0,0,1,0,1,0,0,1,0,1,0,0,0,0,1,1,0,0,0
R0266,2,1,1,2026-05-01 12:33:19,160000.0,Down,550000.0,550000.0,0.0,0.0,0,0,550000.0,0.0,550000.0,550000.0,0.0,0.0,0.0,0.0,0.0,Stable,0,0,1,5,1,2,1,0,1,0,0,0,0,5,28,3.5263605246161616,6,6,36,550782.7152777778,1,1,0,0,0,0,0,1,1,1,0,0,0,0,0,0,1,0,0,0,0,1,0,0,0,0,0,0,0,1,0,0,1
R0266,3,2,2,2026-04-24 12:33:19,550000.0,Up,160000.0,160000.0,550000.0,0.0,1,0,355000.0,195000.0,160000.0,550000.0,390000.0,-390000.0,-0.7090909090909091,-390000.0,-0.7090909090909091,Down,0,1,0,4,4,2,0,1,0,0,0,0,0,5,28,3.5263605246161616,6,6,36,550782.7152777778,1,1,0,0,0,0,0,1,1,1,0,0,0,0,0,0,1,0,0,0,0,1,0,0,0,0,0,0,0,1,0,0,0
R0266,4,3,3,2026-04-17 12:33:19,475000.0,Down,550000.0,550000.0,160000.0,550000.0,1,1,420000.0,183847.76310850235,160000.0,550000.0,390000.0,390000.0,2.4375,390000.0,2.4375,Up,1,0,0,4,3,2,0,0,0,0,0,0,0,5,28,3.5263605246161616,6,6,36,550782.7152777778,1,1,0,0,0,0,0,1,1,1,0,0,0,0,0,0,1,0,0,0,0,1,0,0,0,0,0,0,0,1,0,0,2
R0267,2,1,1,2026-05-01 12:33:56,765000.0,Down,1000000.0,1000000.0,0.0,0.0,0,0,1000000.0,0.0,1000000.0,1000000.0,0.0,0.0,0.0,0.0,0.0,Stable,0,0,1,5,1,2,1,0,1,0,0,0,1,3,32,3.4965075614664802,7,8,56,460955.5,2,0,0,1,1,0,0,0,0,0,0,0,0,0,1,0,0,0,0,0,1,1,0,0,0,0,1,0,0,0,0,0,1
R0267,3,2,2,2026-04-24 12:33:56,710000.0,Down,765000.0,765000.0,1000000.0,0.0,1,0,882500.0,117500.0,765000.0,1000000.0,235000.0,-235000.0,-0.235,-235000.0,-0.235,Down,0,1,0,4,4,2,0,1,0,0,0,0,1,3,32,3.4965075614664802,7,8,56,460955.5,2,0,0,1,1,0,0,0,0,0,0,0,0,0,1,0,0,0,0,0,1,1,0,0,0,0,1,0,0,0,0,0,0
R0267,4,3,3,2026-04-17 12:33:56,750000.0,Up,710000.0,710000.0,765000.0,1000000.0,1,1,825000.0,125764.32986608987,710000.0,1000000.0,290000.0,-55000.0,-0.0718954248366013,-55000.0,-0.0718954248366013,Down,0,1,0,4,3,2,0,0,0,0,0,0,1,3,32,3.4965075614664802,7,8,56,460955.5,2,0,0,1,1,0,0,0,0,0,0,0,0,0,1,0,0,0,0,0,1,1,0,0,0,0,1,0,0,0,0,0,0
R0268,2,1,1,2026-05-01 13:37:24,70000.0,Down,100000.0,100000.0,0.0,0.0,0,0,100000.0,0.0,100000.0,100000.0,0.0,0.0,0.0,0.0,0.0,Stable,0,0,1,5,1,2,1,0,1,0,0,0,0,1,23,3.2188758248682006,5,3,15,739240.8333333334,0,3,0,0,0,0,0,1,1,1,0,0,0,0,0,1,0,1,0,0,0,1,0,1,0,0,0,1,0,0,1,0,1
R0268,3,2,2,2026-04-24 13:37:24,210000.0,Up,70000.0,70000.0,100000.0,0.0,1,0,85000.0,15000.0,70000.0,100000.0,30000.0,-30000.0,-0.3,-30000.0,-0.3,Down,0,1,0,4,4,2,0,1,0,0,0,0,0,1,23,3.2188758248682006,5,3,15,739240.8333333334,0,3,0,0,0,0,0,1,1,1,0,0,0,0,0,1,0,1,0,0,0,1,0,1,0,0,0,1,0,0,1,0,0
R0268,4,3,3,2026-04-17 13:37:24,80000.0,Down,210000.0,210000.0,70000.0,100000.0,1,1,126666.66666666667,60184.900284225965,70000.0,210000.0,140000.0,140000.0,2.0,140000.0,2.0,Up,1,0,0,4,3,2,0,0,0,0,0,0,0,1,23,3.2188758248682006,5,3,15,739240.8333333334,0,3,0,0,0,0,0,1,1,1,0,0,0,0,0,1,0,1,0,0,0,1,0,1,0,0,0,1,0,0,1,0,2
R0269,2,1,1,2026-05-01 13:39:34,100000.0,Down,125000.0,125000.0,0.0,0.0,0,0,125000.0,0.0,125000.0,125000.0,0.0,0.0,0.0,0.0,0.0,Stable,0,0,1,5,1,2,1,0,1,0,0,0,0,0,21,2.1972245773362196,3,6,18,518297.0,1,3,0,0,0,1,0,0,1,0,0,1,1,1,1,0,0,0,0,0,0,1,0,0,0,1,1,0,1,0,0,1,1
R0269,3,2,2,2026-04-24 13:39:34,260000.0,Up,100000.0,100000.0,125000.0,0.0,1,0,112500.0,12500.0,100000.0,125000.0,25000.0,-25000.0,-0.2,-25000.0,-0.2,Down,0,1,0,4,4,2,0,1,0,0,0,0,0,0,21,2.1972245773362196,3,6,18,518297.0,1,3,0,0,0,1,0,0,1,0,0,1,1,1,1,0,0,0,0,0,0,1,0,0,0,1,1,0,1,0,0,1,0
R0269,4,3,3,2026-04-17 13:39:34,125000.0,Down,260000.0,260000.0,100000.0,125000.0,1,1,161666.66666666666,70277.22880769339,100000.0,260000.0,160000.0,160000.0,1.6,160000.0,1.6,Up,1,0,0,4,3,2,0,0,0,0,0,0,0,0,21,2.1972245773362196,3,6,18,518297.0,1,3,0,0,0,1,0,0,1,0,0,1,1,1,1,0,0,0,0,0,0,1,0,0,0,1,1,0,1,0,0,1,2
R0270,2,1,1,2026-05-01 14:22:47,675000.0,Up,635000.0,635000.0,0.0,0.0,0,0,635000.0,0.0,635000.0,635000.0,0.0,0.0,0.0,0.0,0.0,Stable,0,0,1,5,1,2,1,0,1,0,0,0,0,2,17,3.091042453358316,7,10,70,442180.75,2,4,0,0,0,0,0,1,0,0,0,0,0,1,1,0,0,0,0,0,1,1,0,1,0,0,1,0,0,0,0,1,1
R0270,3,2,2,2026-04-24 14:22:47,660000.0,Stable,675000.0,675000.0,635000.0,0.0,1,0,655000.0,20000.0,635000.0,675000.0,40000.0,40000.0,0.06299212598425197,40000.0,0.06299212598425197,Up,1,0,0,4,4,2,0,1,0,0,0,0,0,2,17,3.091042453358316,7,10,70,442180.75,2,4,0,0,0,0,0,1,0,0,0,0,0,1,1,0,0,0,0,0,1,1,0,1,0,0,1,0,0,0,0,1,2
R0270,4,3,3,2026-04-17 14:22:47,770000.0,Up,660000.0,660000.0,675000.0,635000.0,1,1,656666.6666666666,16499.15822768611,635000.0,675000.0,40000.0,-15000.0,-0.022222222222222223,-15000.0,-0.022222222222222223,Stable,0,0,1,4,3,2,0,0,0,0,0,0,0,2,17,3.091042453358316,7,10,70,442180.75,2,4,0,0,0,0,0,1,0,0,0,0,0,1,1,0,0,0,0,0,1,1,0,1,0,0,1,0,0,0,0,1,1
R0271,2,1,1,2026-05-01 15:18:19,16800.0,Down,100000.0,100000.0,0.0,0.0,0,0,100000.0,0.0,100000.0,100000.0,0.0,0.0,0.0,0.0,0.0,Stable,0,0,1,5,1,2,1,0,1,0,0,0,0,6,17,1.0986122886681096,3,2,6,559306.0,0,3,0,0,0,1,0,0,1,0,0,1,0,1,0,0,0,0,0,0,0,1,0,0,0,1,0,0,0,0,0,1,1
R0271,3,2,2,2026-04-24 15:18:19,175000.0,Up,16800.0,16800.0,100000.0,0.0,1,0,58400.0,41600.0,16800.0,100000.0,83200.0,-83200.0,-0.832,-83200.0,-0.832,Down,0,1,0,4,4,2,0,1,0,0,0,0,0,6,17,1.0986122886681096,3,2,6,559306.0,0,3,0,0,0,1,0,0,1,0,0,1,0,1,0,0,0,0,0,0,0,1,0,0,0,1,0,0,0,0,0,1,0
R0271,4,3,3,2026-04-17 15:18:19,130000.0,Down,175000.0,175000.0,16800.0,100000.0,1,1,97266.66666666667,64613.79281718589,16800.0,175000.0,158200.0,158200.0,9.416666666666666,158200.0,9.416666666666666,Up,1,0,0,4,3,2,0,0,0,0,0,0,0,6,17,1.0986122886681096,3,2,6,559306.0,0,3,0,0,0,1,0,0,1,0,0,1,0,1,0,0,0,0,0,0,0,1,0,0,0,1,0,0,0,0,0,1,2
R0272,2,1,1,2026-05-01 16:05:50,515000.0,Stable,525000.0,525000.0,0.0,0.0,0,0,525000.0,0.0,525000.0,525000.0,0.0,0.0,0.0,0.0,0.0,Stable,0,0,1,5,1,2,1,0,1,0,0,0,0,6,36,3.828641396489095,5,11,55,559306.0,1,3,0,0,1,0,0,1,0,0,0,0,0,1,1,0,0,0,0,0,1,1,0,0,0,0,1,0,0,0,0,1,1
R0272,3,2,2,2026-04-24 16:05:50,575000.0,Up,515000.0,515000.0,525000.0,0.0,1,0,520000.0,5000.0,515000.0,525000.0,10000.0,-10000.0,-0.01904761904761905,-10000.0,-0.01904761904761905,Stable,0,0,1,4,4,2,0,1,0,0,0,0,0,6,36,3.828641396489095,5,11,55,559306.0,1,3,0,0,1,0,0,1,0,0,0,0,0,1,1,0,0,0,0,0,1,1,0,0,0,0,1,0,0,0,0,1,1
R0272,4,3,3,2026-04-17 16:05:50,570000.0,Stable,575000.0,575000.0,515000.0,525000.0,1,1,538333.3333333334,26246.692913372703,515000.0,575000.0,60000.0,60000.0,0.11650485436893204,60000.0,0.11650485436893204,Up,1,0,0,4,3,2,0,0,0,0,0,0,0,6,36,3.828641396489095,5,11,55,559306.0,1,3,0,0,1,0,0,1,0,0,0,0,0,1,1,0,0,0,0,0,1,1,0,0,0,0,1,0,0,0,0,1,2
R0273,2,1,1,2026-05-01 16:26:43,120000.0,Down,150000.0,150000.0,0.0,0.0,0,0,150000.0,0.0,150000.0,150000.0,0.0,0.0,0.0,0.0,0.0,Stable,0,0,1,5,1,2,1,0,1,0,0,0,0,1,23,2.0794415416798357,3,4,12,739240.8333333334,0,1,0,0,0,1,0,0,1,0,0,1,1,1,1,0,0,0,0,0,0,1,0,0,0,1,1,0,1,0,0,1,1
R0273,3,2,2,2026-04-24 16:26:43,410000.0,Up,120000.0,120000.0,150000.0,0.0,1,0,135000.0,15000.0,120000.0,150000.0,30000.0,-30000.0,-0.2,-30000.0,-0.2,Down,0,1,0,4,4,2,0,1,0,0,0,0,0,1,23,2.0794415416798357,3,4,12,739240.8333333334,0,1,0,0,0,1,0,0,1,0,0,1,1,1,1,0,0,0,0,0,0,1,0,0,0,1,1,0,1,0,0,1,0
R0273,4,3,3,2026-04-17 16:26:43,165000.0,Down,410000.0,410000.0,120000.0,150000.0,1,1,226666.66666666666,130213.4998974974,120000.0,410000.0,290000.0,290000.0,2.4166666666666665,290000.0,2.4166666666666665,Up,1,0,0,4,3,2,0,0,0,0,0,0,0,1,23,2.0794415416798357,3,4,12,739240.8333333334,0,1,0,0,0,1,0,0,1,0,0,1,1,1,1,0,0,0,0,0,0,1,0,0,0,1,1,0,1,0,0,1,2
R0274,2,1,1,2026-05-01 16:45:47,650000.0,Down,730000.0,730000.0,0.0,0.0,0,0,730000.0,0.0,730000.0,730000.0,0.0,0.0,0.0,0.0,0.0,Stable,0,0,1,5,1,2,1,0,1,0,0,0,1,7,34,1.791759469228055,5,11,55,517481.9375,2,4,0,0,1,0,0,0,0,0,0,0,0,0,0,0,1,1,0,0,0,1,0,0,0,0,0,0,0,1,1,0,1
R0274,3,2,2,2026-04-24 16:45:47,550000.0,Down,650000.0,650000.0,730000.0,0.0,1,0,690000.0,40000.0,650000.0,730000.0,80000.0,-80000.0,-0.1095890410958904,-80000.0,-0.1095890410958904,Down,0,1,0,4,4,2,0,1,0,0,0,0,1,7,34,1.791759469228055,5,11,55,517481.9375,2,4,0,0,1,0,0,0,0,0,0,0,0,0,0,0,1,1,0,0,0,1,0,0,0,0,0,0,0,1,1,0,0
R0274,4,3,3,2026-04-17 16:45:47,920000.0,Up,550000.0,550000.0,650000.0,730000.0,1,1,643333.3333333334,73635.74011458174,550000.0,730000.0,180000.0,-100000.0,-0.15384615384615385,-100000.0,-0.15384615384615385,Down,0,1,0,4,3,2,0,0,0,0,0,0,1,7,34,1.791759469228055,5,11,55,517481.9375,2,4,0,0,1,0,0,0,0,0,0,0,0,0,0,0,1,1,0,0,0,1,0,0,0,0,0,0,0,1,1,0,0
R0275,2,1,1,2026-05-01 17:37:03,525000.0,Stable,515000.0,515000.0,0.0,0.0,0,0,515000.0,0.0,515000.0,515000.0,0.0,0.0,0.0,0.0,0.0,Stable,0,0,1,5,1,2,1,0,1,0,0,0,0,5,22,2.639057329615259,6,3,18,550782.7152777778,0,2,0,0,0,1,0,0,1,0,0,0,0,1,0,1,0,1,0,0,0,1,0,0,0,1,0,1,0,0,1,1,1
R0275,3,2,2,2026-04-24 17:37:03,370000.0,Down,525000.0,525000.0,515000.0,0.0,1,0,520000.0,5000.0,515000.0,525000.0,10000.0,10000.0,0.019417475728155338,10000.0,0.019417475728155338,Stable,0,0,1,4,4,2,0,1,0,0,0,0,0,5,22,2.639057329615259,6,3,18,550782.7152777778,0,2,0,0,0,1,0,0,1,0,0,0,0,1,0,1,0,1,0,0,0,1,0,0,0,1,0,1,0,0,1,1,1
R0275,4,3,3,2026-04-17 17:37:03,450000.0,Up,370000.0,370000.0,525000.0,515000.0,1,1,470000.0,70828.43120291927,370000.0,525000.0,155000.0,-155000.0,-0.29523809523809524,-155000.0,-0.29523809523809524,Down,0,1,0,4,3,2,0,0,0,0,0,0,0,5,22,2.639057329615259,6,3,18,550782.7152777778,0,2,0,0,0,1,0,0,1,0,0,0,0,1,0,1,0,1,0,0,0,1,0,0,0,1,0,1,0,0,1,1,0
R0276,2,1,1,2026-05-01 18:10:15,185000.0,Down,340000.0,340000.0,0.0,0.0,0,0,340000.0,0.0,340000.0,340000.0,0.0,0.0,0.0,0.0,0.0,Stable,0,0,1,5,1,2,1,0,1,0,0,0,0,4,35,4.189654742026425,6,5,30,653189.75,0,4,0,0,0,1,0,0,1,0,0,1,1,0,1,0,0,1,0,0,0,1,0,0,0,0,1,0,1,0,1,0,1
R0276,3,2,2,2026-04-24 18:10:15,300000.0,Up,185000.0,185000.0,340000.0,0.0,1,0,262500.0,77500.0,185000.0,340000.0,155000.0,-155000.0,-0.45588235294117646,-155000.0,-0.45588235294117646,Down,0,1,0,4,4,2,0,1,0,0,0,0,0,4,35,4.189654742026425,6,5,30,653189.75,0,4,0,0,0,1,0,0,1,0,0,1,1,0,1,0,0,1,0,0,0,1,0,0,0,0,1,0,1,0,1,0,0
R0276,4,3,3,2026-04-17 18:10:15,6800.0,Down,300000.0,300000.0,185000.0,340000.0,1,1,275000.0,65701.34448142341,185000.0,340000.0,155000.0,115000.0,0.6216216216216216,115000.0,0.6216216216216216,Up,1,0,0,4,3,2,0,0,0,0,0,0,0,4,35,4.189654742026425,6,5,30,653189.75,0,4,0,0,0,1,0,0,1,0,0,1,1,0,1,0,0,1,0,0,0,1,0,0,0,0,1,0,1,0,1,0,2
R0277,2,1,1,2026-05-01 18:55:11,580000.0,Stable,600000.0,600000.0,0.0,0.0,0,0,600000.0,0.0,600000.0,600000.0,0.0,0.0,0.0,0.0,0.0,Stable,0,0,1,5,1,2,1,0,1,0,0,0,0,2,27,3.1354942159291497,6,7,42,442180.75,2,0,0,0,0,0,0,1,0,0,0,0,0,0,0,1,0,0,0,1,0,1,0,1,0,0,0,1,0,0,0,0,1
R0277,3,2,2,2026-04-24 18:55:11,570000.0,Stable,580000.0,580000.0,600000.0,0.0,1,0,590000.0,10000.0,580000.0,600000.0,20000.0,-20000.0,-0.03333333333333333,-20000.0,-0.03333333333333333,Stable,0,0,1,4,4,2,0,1,0,0,0,0,0,2,27,3.1354942159291497,6,7,42,442180.75,2,0,0,0,0,0,0,1,0,0,0,0,0,0,0,1,0,0,0,1,0,1,0,1,0,0,0,1,0,0,0,0,1
R0277,4,3,3,2026-04-17 18:55:11,615000.0,Up,570000.0,570000.0,580000.0,600000.0,1,1,583333.3333333334,12472.191289246472,570000.0,600000.0,30000.0,-10000.0,-0.017241379310344827,-10000.0,-0.017241379310344827,Stable,0,0,1,4,3,2,0,0,0,0,0,0,0,2,27,3.1354942159291497,6,7,42,442180.75,2,0,0,0,0,0,0,1,0,0,0,0,0,0,0,1,0,0,0,1,0,1,0,1,0,0,0,1,0,0,0,0,1
R0278,2,1,1,2026-05-01 19:09:57,1175000.0,Down,1325000.0,1325000.0,0.0,0.0,0,0,1325000.0,0.0,1325000.0,1325000.0,0.0,0.0,0.0,0.0,0.0,Stable,0,0,1,5,1,2,1,0,1,0,0,0,1,3,27,2.302585092994046,6,7,42,460955.5,2,1,0,0,1,0,0,0,0,0,0,0,0,0,0,0,1,0,0,0,1,1,0,0,1,0,0,0,0,1,0,0,1
R0278,3,2,2,2026-04-24 19:09:57,1350000.0,Up,1175000.0,1175000.0,1325000.0,0.0,1,0,1250000.0,75000.0,1175000.0,1325000.0,150000.0,-150000.0,-0.11320754716981132,-150000.0,-0.11320754716981132,Down,0,1,0,4,4,2,0,1,0,0,0,0,1,3,27,2.302585092994046,6,7,42,460955.5,2,1,0,0,1,0,0,0,0,0,0,0,0,0,0,0,1,0,0,0,1,1,0,0,1,0,0,0,0,1,0,0,0
R0278,4,3,3,2026-04-17 19:09:57,650000.0,Down,1350000.0,1350000.0,1175000.0,1325000.0,1,1,1283333.3333333333,77280.15412913087,1175000.0,1350000.0,175000.0,175000.0,0.14893617021276595,175000.0,0.14893617021276595,Up,1,0,0,4,3,2,0,0,0,0,0,0,1,3,27,2.302585092994046,6,7,42,460955.5,2,1,0,0,1,0,0,0,0,0,0,0,0,0,0,0,1,0,0,0,1,1,0,0,1,0,0,0,0,1,0,0,2
R0279,2,1,1,2026-05-01 20:42:25,545000.0,Down,830000.0,830000.0,0.0,0.0,0,0,830000.0,0.0,830000.0,830000.0,0.0,0.0,0.0,0.0,0.0,Stable,0,0,1,5,1,2,1,0,1,0,0,0,2,3,24,3.7376696182833684,7,9,63,460955.5,2,1,0,0,0,0,0,0,0,0,0,1,0,0,0,0,0,1,0,0,0,1,1,0,0,0,0,0,0,0,1,0,1
R0279,3,2,2,2026-04-24 20:42:25,575000.0,Up,545000.0,545000.0,830000.0,0.0,1,0,687500.0,142500.0,545000.0,830000.0,285000.0,-285000.0,-0.3433734939759036,-285000.0,-0.3433734939759036,Down,0,1,0,4,4,2,0,1,0,0,0,0,2,3,24,3.7376696182833684,7,9,63,460955.5,2,1,0,0,0,0,0,0,0,0,0,1,0,0,0,0,0,1,0,0,0,1,1,0,0,0,0,0,0,0,1,0,0
R0279,4,3,3,2026-04-17 20:42:25,725000.0,Up,575000.0,575000.0,545000.0,830000.0,1,1,650000.0,127867.11852544422,545000.0,830000.0,285000.0,30000.0,0.05504587155963303,30000.0,0.05504587155963303,Up,1,0,0,4,3,2,0,0,0,0,0,0,2,3,24,3.7376696182833684,7,9,63,460955.5,2,1,0,0,0,0,0,0,0,0,0,1,0,0,0,0,0,1,0,0,0,1,1,0,0,0,0,0,0,0,1,0,2
R0280,2,1,1,2026-05-01 21:04:28,25000.0,Down,600000.0,600000.0,0.0,0.0,0,0,600000.0,0.0,600000.0,600000.0,0.0,0.0,0.0,0.0,0.0,Stable,0,0,1,5,1,2,1,0,1,0,0,0,0,1,25,2.995732273553991,6,9,54,739240.8333333334,2,1,0,0,1,0,0,0,0,0,0,0,0,1,0,1,0,0,0,1,0,1,0,1,0,0,0,1,0,0,0,1,1
R0280,3,2,2,2026-04-24 21:04:28,715000.0,Up,25000.0,25000.0,600000.0,0.0,1,0,312500.0,287500.0,25000.0,600000.0,575000.0,-575000.0,-0.9583333333333334,-575000.0,-0.9583333333333334,Down,0,1,0,4,4,2,0,1,0,0,0,0,0,1,25,2.995732273553991,6,9,54,739240.8333333334,2,1,0,0,1,0,0,0,0,0,0,0,0,1,0,1,0,0,0,1,0,1,0,1,0,0,0,1,0,0,0,1,0
R0280,4,3,3,2026-04-17 21:04:28,950000.0,Up,715000.0,715000.0,25000.0,600000.0,1,1,446666.6666666667,301836.9685037861,25000.0,715000.0,690000.0,690000.0,27.6,690000.0,27.6,Up,1,0,0,4,3,2,0,0,0,0,0,0,0,1,25,2.995732273553991,6,9,54,739240.8333333334,2,1,0,0,1,0,0,0,0,0,0,0,0,1,0,1,0,0,0,1,0,1,0,1,0,0,0,1,0,0,0,1,2
R0281,2,1,1,2026-05-01 21:13:47,325000.0,Down,375000.0,375000.0,0.0,0.0,0,0,375000.0,0.0,375000.0,375000.0,0.0,0.0,0.0,0.0,0.0,Stable,0,0,1,5,1,2,1,0,1,0,0,0,0,0,38,4.23410650459726,5,4,20,518297.0,1,4,0,0,0,0,0,1,1,1,0,1,1,0,0,0,1,0,0,0,0,1,0,0,0,1,0,0,1,1,0,0,1
R0281,3,2,2,2026-04-24 21:13:47,330000.0,Stable,325000.0,325000.0,375000.0,0.0,1,0,350000.0,25000.0,325000.0,375000.0,50000.0,-50000.0,-0.13333333333333333,-50000.0,-0.13333333333333333,Down,0,1,0,4,4,2,0,1,0,0,0,0,0,0,38,4.23410650459726,5,4,20,518297.0,1,4,0,0,0,0,0,1,1,1,0,1,1,0,0,0,1,0,0,0,0,1,0,0,0,1,0,0,1,1,0,0,0
R0281,4,3,3,2026-04-17 21:13:47,330000.0,Stable,330000.0,330000.0,325000.0,375000.0,1,1,343333.3333333333,22484.562605386735,325000.0,375000.0,50000.0,5000.0,0.015384615384615385,5000.0,0.015384615384615385,Stable,0,0,1,4,3,2,0,0,0,0,0,0,0,0,38,4.23410650459726,5,4,20,518297.0,1,4,0,0,0,0,0,1,1,1,0,1,1,0,0,0,1,0,0,0,0,1,0,0,0,1,0,0,1,1,0,0,1
R0282,2,1,1,2026-05-01 21:50:31,250000.0,Up,210000.0,210000.0,0.0,0.0,0,0,210000.0,0.0,210000.0,210000.0,0.0,0.0,0.0,0.0,0.0,Stable,0,0,1,5,1,2,1,0,1,0,0,0,0,0,22,4.418840607796598,6,2,12,518297.0,0,3,0,0,0,0,0,1,1,1,0,0,0,1,0,1,0,0,0,0,0,1,0,0,0,1,0,1,0,0,0,1,1
R0282,3,2,2,2026-04-24 21:50:31,320000.0,Up,250000.0,250000.0,210000.0,0.0,1,0,230000.0,20000.0,210000.0,250000.0,40000.0,40000.0,0.19047619047619047,40000.0,0.19047619047619047,Up,1,0,0,4,4,2,0,1,0,0,0,0,0,0,22,4.418840607796598,6,2,12,518297.0,0,3,0,0,0,0,0,1,1,1,0,0,0,1,0,1,0,0,0,0,0,1,0,0,0,1,0,1,0,0,0,1,2
R0282,4,3,3,2026-04-17 21:50:31,220000.0,Down,320000.0,320000.0,250000.0,210000.0,1,1,260000.0,45460.60565661952,210000.0,320000.0,110000.0,70000.0,0.28,70000.0,0.28,Up,1,0,0,4,3,2,0,0,0,0,0,0,0,0,22,4.418840607796598,6,2,12,518297.0,0,3,0,0,0,0,0,1,1,1,0,0,0,1,0,1,0,0,0,0,0,1,0,0,0,1,0,1,0,0,0,1,2
R0283,2,1,1,2026-05-01 22:40:58,785000.0,Up,610000.0,610000.0,0.0,0.0,0,0,610000.0,0.0,610000.0,610000.0,0.0,0.0,0.0,0.0,0.0,Stable,0,0,1,5,1,2,1,0,1,0,0,0,0,6,34,3.091042453358316,6,6,36,559306.0,2,1,0,0,0,0,0,0,0,0,1,1,1,0,1,0,0,0,0,0,0,1,0,0,0,0,1,0,1,0,0,0,1
R0283,3,2,2,2026-04-24 22:40:58,570000.0,Down,785000.0,785000.0,610000.0,0.0,1,0,697500.0,87500.0,610000.0,785000.0,175000.0,175000.0,0.28688524590163933,175000.0,0.28688524590163933,Up,1,0,0,4,4,2,0,1,0,0,0,0,0,6,34,3.091042453358316,6,6,36,559306.0,2,1,0,0,0,0,0,0,0,0,1,1,1,0,1,0,0,0,0,0,0,1,0,0,0,0,1,0,1,0,0,0,2
R0283,4,3,3,2026-04-17 22:40:58,695000.0,Up,570000.0,570000.0,785000.0,610000.0,1,1,655000.0,93363.09049440612,570000.0,785000.0,215000.0,-215000.0,-0.27388535031847133,-215000.0,-0.27388535031847133,Down,0,1,0,4,3,2,0,0,0,0,0,0,0,6,34,3.091042453358316,6,6,36,559306.0,2,1,0,0,0,0,0,0,0,0,1,1,1,0,1,0,0,0,0,0,0,1,0,0,0,0,1,0,1,0,0,0,0
R0284,2,1,1,2026-05-01 22:51:08,960000.0,Up,890000.0,890000.0,0.0,0.0,0,0,890000.0,0.0,890000.0,890000.0,0.0,0.0,0.0,0.0,0.0,Stable,0,0,1,5,1,2,1,0,1,0,0,0,2,1,44,3.6109179126442243,4,7,28,739240.8333333334,1,1,0,0,0,0,0,0,0,0,0,1,0,1,0,0,0,1,0,0,1,1,0,0,0,0,0,0,0,0,1,1,1
R0284,3,2,2,2026-04-24 22:51:08,300000.0,Down,960000.0,960000.0,890000.0,0.0,1,0,925000.0,35000.0,890000.0,960000.0,70000.0,70000.0,0.07865168539325842,70000.0,0.07865168539325842,Up,1,0,0,4,4,2,0,1,0,0,0,0,2,1,44,3.6109179126442243,4,7,28,739240.8333333334,1,1,0,0,0,0,0,0,0,0,0,1,0,1,0,0,0,1,0,0,1,1,0,0,0,0,0,0,0,0,1,1,2
R0284,4,3,3,2026-04-17 22:51:08,750000.0,Up,300000.0,300000.0,960000.0,890000.0,1,1,716666.6666666666,296010.51032391103,300000.0,960000.0,660000.0,-660000.0,-0.6875,-660000.0,-0.6875,Down,0,1,0,4,3,2,0,0,0,0,0,0,2,1,44,3.6109179126442243,4,7,28,739240.8333333334,1,1,0,0,0,0,0,0,0,0,0,1,0,1,0,0,0,1,0,0,1,1,0,0,0,0,0,0,0,0,1,1,0
R0285,2,1,1,2026-05-01 22:54:46,680000.0,Stable,700000.0,700000.0,0.0,0.0,0,0,700000.0,0.0,700000.0,700000.0,0.0,0.0,0.0,0.0,0.0,Stable,0,0,1,5,1,2,1,0,1,0,0,0,0,1,25,3.828641396489095,5,8,40,739240.8333333334,0,0,1,0,0,0,0,0,0,0,0,0,1,1,1,0,0,0,0,0,0,1,0,0,1,0,1,0,1,0,0,1,1
R0285,3,2,2,2026-04-24 22:54:46,625000.0,Down,680000.0,680000.0,700000.0,0.0,1,0,690000.0,10000.0,680000.0,700000.0,20000.0,-20000.0,-0.02857142857142857,-20000.0,-0.02857142857142857,Stable,0,0,1,4,4,2,0,1,0,0,0,0,0,1,25,3.828641396489095,5,8,40,739240.8333333334,0,0,1,0,0,0,0,0,0,0,0,0,1,1,1,0,0,0,0,0,0,1,0,0,1,0,1,0,1,0,0,1,1
R0285,4,3,3,2026-04-17 22:54:46,660000.0,Up,625000.0,625000.0,680000.0,700000.0,1,1,668333.3333333334,31710.495984067416,625000.0,700000.0,75000.0,-55000.0,-0.08088235294117647,-55000.0,-0.08088235294117647,Down,0,1,0,4,3,2,0,0,0,0,0,0,0,1,25,3.828641396489095,5,8,40,739240.8333333334,0,0,1,0,0,0,0,0,0,0,0,0,1,1,1,0,0,0,0,0,0,1,0,0,1,0,1,0,1,0,0,1,0
R0286,2,1,1,2026-05-01 23:58:00,420000.0,Up,360000.0,360000.0,0.0,0.0,0,0,360000.0,0.0,360000.0,360000.0,0.0,0.0,0.0,0.0,0.0,Stable,0,0,1,5,1,2,1,0,1,0,0,0,0,5,18,2.5649493574615367,6,4,24,550782.7152777778,1,3,0,0,0,1,0,0,1,0,0,1,0,0,1,1,0,1,1,0,0,1,0,0,0,0,1,1,0,0,1,0,1
R0286,3,2,2,2026-04-24 23:58:00,330000.0,Down,420000.0,420000.0,360000.0,0.0,1,0,390000.0,30000.0,360000.0,420000.0,60000.0,60000.0,0.16666666666666666,60000.0,0.16666666666666666,Up,1,0,0,4,4,2,0,1,0,0,0,0,0,5,18,2.5649493574615367,6,4,24,550782.7152777778,1,3,0,0,0,1,0,0,1,0,0,1,0,0,1,1,0,1,1,0,0,1,0,0,0,0,1,1,0,0,1,0,2
R0286,4,3,3,2026-04-17 23:58:00,330000.0,Stable,330000.0,330000.0,420000.0,360000.0,1,1,370000.0,37416.57386773941,330000.0,420000.0,90000.0,-90000.0,-0.21428571428571427,-90000.0,-0.21428571428571427,Down,0,1,0,4,3,2,0,0,0,0,0,0,0,5,18,2.5649493574615367,6,4,24,550782.7152777778,1,3,0,0,0,1,0,0,1,0,0,1,0,0,1,1,0,1,1,0,0,1,0,0,0,0,1,1,0,0,1,0,0
R0287,2,1,1,2026-05-02 01:07:20,465000.0,Up,25000.0,25000.0,0.0,0.0,0,0,25000.0,0.0,25000.0,25000.0,0.0,0.0,0.0,0.0,0.0,Stable,0,0,1,5,1,2,1,0,1,1,0,0,0,1,18,2.833213344056216,3,3,9,739240.8333333334,2,3,0,0,0,1,0,0,1,0,0,1,1,1,1,0,0,0,0,0,1,1,1,0,0,0,1,0,1,0,0,1,1
R0287,3,2,2,2026-04-25 01:07:20,510000.0,Up,465000.0,465000.0,25000.0,0.0,1,0,245000.0,220000.0,25000.0,465000.0,440000.0,440000.0,17.6,440000.0,17.6,Up,1,0,0,4,4,2,0,1,1,1,0,0,0,1,18,2.833213344056216,3,3,9,739240.8333333334,2,3,0,0,0,1,0,0,1,0,0,1,1,1,1,0,0,0,0,0,1,1,1,0,0,0,1,0,1,0,0,1,2
R0287,4,3,3,2026-04-18 01:07:20,570000.0,Up,510000.0,510000.0,465000.0,25000.0,1,1,333333.3333333333,218797.21712632047,25000.0,510000.0,485000.0,45000.0,0.0967741935483871,45000.0,0.0967741935483871,Up,1,0,0,4,3,2,0,0,0,1,0,0,0,1,18,2.833213344056216,3,3,9,739240.8333333334,2,3,0,0,0,1,0,0,1,0,0,1,1,1,1,0,0,0,0,0,1,1,1,0,0,0,1,0,1,0,0,1,2
R0288,2,1,1,2026-05-02 01:33:27,230000.0,Up,90000.0,90000.0,0.0,0.0,0,0,90000.0,0.0,90000.0,90000.0,0.0,0.0,0.0,0.0,0.0,Stable,0,0,1,5,1,2,1,0,1,1,0,0,0,4,20,4.07753744390572,4,6,24,653189.75,0,2,1,0,0,1,0,0,1,0,0,0,1,0,1,0,0,0,0,0,0,1,0,0,0,1,1,0,1,0,0,0,1
R0288,3,2,2,2026-04-25 01:33:27,150000.0,Down,230000.0,230000.0,90000.0,0.0,1,0,160000.0,70000.0,90000.0,230000.0,140000.0,140000.0,1.5555555555555556,140000.0,1.5555555555555556,Up,1,0,0,4,4,2,0,1,1,1,0,0,0,4,20,4.07753744390572,4,6,24,653189.75,0,2,1,0,0,1,0,0,1,0,0,0,1,0,1,0,0,0,0,0,0,1,0,0,0,1,1,0,1,0,0,0,2
R0288,4,3,3,2026-04-18 01:33:27,225000.0,Up,150000.0,150000.0,230000.0,90000.0,1,1,156666.66666666666,57348.83511361751,90000.0,230000.0,140000.0,-80000.0,-0.34782608695652173,-80000.0,-0.34782608695652173,Down,0,1,0,4,3,2,0,0,0,1,0,0,0,4,20,4.07753744390572,4,6,24,653189.75,0,2,1,0,0,1,0,0,1,0,0,0,1,0,1,0,0,0,0,0,0,1,0,0,0,1,1,0,1,0,0,0,0
R0289,2,1,1,2026-05-02 02:20:12,740000.0,Down,835000.0,835000.0,0.0,0.0,0,0,835000.0,0.0,835000.0,835000.0,0.0,0.0,0.0,0.0,0.0,Stable,0,0,1,5,1,2,1,0,1,1,0,0,0,0,31,2.772588722239781,4,8,32,518297.0,2,0,0,0,0,1,0,1,1,1,0,0,1,0,1,0,0,0,0,0,0,1,0,1,0,0,1,0,1,0,0,0,1
R0289,3,2,2,2026-04-25 02:20:12,820000.0,Up,740000.0,740000.0,835000.0,0.0,1,0,787500.0,47500.0,740000.0,835000.0,95000.0,-95000.0,-0.11377245508982035,-95000.0,-0.11377245508982035,Down,0,1,0,4,4,2,0,1,1,1,0,0,0,0,31,2.772588722239781,4,8,32,518297.0,2,0,0,0,0,1,0,1,1,1,0,0,1,0,1,0,0,0,0,0,0,1,0,1,0,0,1,0,1,0,0,0,0
R0289,4,3,3,2026-04-18 02:20:12,720000.0,Down,820000.0,820000.0,740000.0,835000.0,1,1,798333.3333333334,41699.98667732268,740000.0,835000.0,95000.0,80000.0,0.10810810810810811,80000.0,0.10810810810810811,Up,1,0,0,4,3,2,0,0,0,1,0,0,0,0,31,2.772588722239781,4,8,32,518297.0,2,0,0,0,0,1,0,1,1,1,0,0,1,0,1,0,0,0,0,0,0,1,0,1,0,0,1,0,1,0,0,0,2
R0290,2,1,1,2026-05-02 04:27:16,340000.0,Down,610000.0,610000.0,0.0,0.0,0,0,610000.0,0.0,610000.0,610000.0,0.0,0.0,0.0,0.0,0.0,Stable,0,0,1,5,1,2,1,0,1,1,0,0,0,2,20,2.3978952727983707,3,7,21,442180.75,2,4,1,0,0,0,0,0,0,0,0,0,1,0,0,0,0,0,0,0,1,1,0,0,0,0,0,0,1,0,0,0,1
R0290,3,2,2,2026-04-25 04:27:16,350000.0,Stable,340000.0,340000.0,610000.0,0.0,1,0,475000.0,135000.0,340000.0,610000.0,270000.0,-270000.0,-0.4426229508196721,-270000.0,-0.4426229508196721,Down,0,1,0,4,4,2,0,1,1,1,0,0,0,2,20,2.3978952727983707,3,7,21,442180.75,2,4,1,0,0,0,0,0,0,0,0,0,1,0,0,0,0,0,0,0,1,1,0,0,0,0,0,0,1,0,0,0,0
R0290,4,3,3,2026-04-18 04:27:16,680000.0,Up,350000.0,350000.0,340000.0,610000.0,1,1,433333.3333333333,124988.88839501783,340000.0,610000.0,270000.0,10000.0,0.029411764705882353,10000.0,0.029411764705882353,Stable,0,0,1,4,3,2,0,0,0,1,0,0,0,2,20,2.3978952727983707,3,7,21,442180.75,2,4,1,0,0,0,0,0,0,0,0,0,1,0,0,0,0,0,0,0,1,1,0,0,0,0,0,0,1,0,0,0,1
R0291,2,1,1,2026-05-02 07:17:18,880000.0,Stable,900000.0,900000.0,0.0,0.0,0,0,900000.0,0.0,900000.0,900000.0,0.0,0.0,0.0,0.0,0.0,Stable,0,0,1,5,1,2,1,0,1,1,0,0,0,4,31,3.784189633918261,7,7,49,653189.75,2,1,0,0,1,0,0,1,0,0,0,0,0,0,0,1,0,0,0,1,0,1,0,0,0,0,0,1,0,0,0,0,1
R0291,3,2,2,2026-04-25 07:17:18,730000.0,Down,880000.0,880000.0,900000.0,0.0,1,0,890000.0,10000.0,880000.0,900000.0,20000.0,-20000.0,-0.022222222222222223,-20000.0,-0.022222222222222223,Stable,0,0,1,4,4,2,0,1,1,1,0,0,0,4,31,3.784189633918261,7,7,49,653189.75,2,1,0,0,1,0,0,1,0,0,0,0,0,0,0,1,0,0,0,1,0,1,0,0,0,0,0,1,0,0,0,0,1
R0291,4,3,3,2026-04-18 07:17:18,900000.0,Up,730000.0,730000.0,880000.0,900000.0,1,1,836666.6666666666,75865.37784494027,730000.0,900000.0,170000.0,-150000.0,-0.17045454545454544,-150000.0,-0.17045454545454544,Down,0,1,0,4,3,2,0,0,0,1,0,0,0,4,31,3.784189633918261,7,7,49,653189.75,2,1,0,0,1,0,0,1,0,0,0,0,0,0,0,1,0,0,0,1,0,1,0,0,0,0,0,1,0,0,0,0,0
R0292,2,1,1,2026-05-02 07:54:37,500000.0,Down,1075000.0,1075000.0,0.0,0.0,0,0,1075000.0,0.0,1075000.0,1075000.0,0.0,0.0,0.0,0.0,0.0,Stable,0,0,1,5,1,2,1,0,1,1,0,0,2,0,17,3.6375861597263857,5,9,45,518297.0,2,0,0,0,0,0,0,0,0,0,0,1,0,1,1,0,0,0,0,0,1,1,0,0,0,0,1,0,0,0,0,1,1
R0292,3,2,2,2026-04-25 07:54:37,325000.0,Down,500000.0,500000.0,1075000.0,0.0,1,0,787500.0,287500.0,500000.0,1075000.0,575000.0,-575000.0,-0.5348837209302325,-575000.0,-0.5348837209302325,Down,0,1,0,4,4,2,0,1,1,1,0,0,2,0,17,3.6375861597263857,5,9,45,518297.0,2,0,0,0,0,0,0,0,0,0,0,1,0,1,1,0,0,0,0,0,1,1,0,0,0,0,1,0,0,0,0,1,0
R0292,4,3,3,2026-04-18 07:54:37,375000.0,Up,325000.0,325000.0,500000.0,1075000.0,1,1,633333.3333333334,320373.04644568474,325000.0,1075000.0,750000.0,-175000.0,-0.35,-175000.0,-0.35,Down,0,1,0,4,3,2,0,0,0,1,0,0,2,0,17,3.6375861597263857,5,9,45,518297.0,2,0,0,0,0,0,0,0,0,0,0,1,0,1,1,0,0,0,0,0,1,1,0,0,0,0,1,0,0,0,0,1,0
R0293,2,1,1,2026-05-02 08:21:52,200000.0,Down,375000.0,375000.0,0.0,0.0,0,0,375000.0,0.0,375000.0,375000.0,0.0,0.0,0.0,0.0,0.0,Stable,0,0,1,5,1,2,1,0,1,1,0,0,0,5,25,1.0986122886681096,4,8,32,550782.7152777778,1,2,0,0,0,1,0,0,1,0,0,1,0,0,1,0,0,0,0,0,0,1,0,0,1,0,1,0,0,0,0,0,1
R0293,3,2,2,2026-04-25 08:21:52,290000.0,Up,200000.0,200000.0,375000.0,0.0,1,0,287500.0,87500.0,200000.0,375000.0,175000.0,-175000.0,-0.4666666666666667,-175000.0,-0.4666666666666667,Down,0,1,0,4,4,2,0,1,1,1,0,0,0,5,25,1.0986122886681096,4,8,32,550782.7152777778,1,2,0,0,0,1,0,0,1,0,0,1,0,0,1,0,0,0,0,0,0,1,0,0,1,0,1,0,0,0,0,0,0
R0293,4,3,3,2026-04-18 08:21:52,435000.0,Up,290000.0,290000.0,200000.0,375000.0,1,1,288333.3333333333,71453.17036742005,200000.0,375000.0,175000.0,90000.0,0.45,90000.0,0.45,Up,1,0,0,4,3,2,0,0,0,1,0,0,0,5,25,1.0986122886681096,4,8,32,550782.7152777778,1,2,0,0,0,1,0,0,1,0,0,1,0,0,1,0,0,0,0,0,0,1,0,0,1,0,1,0,0,0,0,0,2
R0294,2,1,1,2026-05-02 08:22:15,270000.0,Up,205000.0,205000.0,0.0,0.0,0,0,205000.0,0.0,205000.0,205000.0,0.0,0.0,0.0,0.0,0.0,Stable,0,0,1,5,1,2,1,0,1,1,0,0,2,1,36,2.995732273553991,5,8,40,739240.8333333334,1,4,0,0,0,0,0,0,0,0,0,1,0,0,1,0,0,1,0,0,0,1,1,0,0,0,1,0,0,0,1,0,1
R0294,3,2,2,2026-04-25 08:22:15,250000.0,Down,270000.0,270000.0,205000.0,0.0,1,0,237500.0,32500.0,205000.0,270000.0,65000.0,65000.0,0.3170731707317073,65000.0,0.3170731707317073,Up,1,0,0,4,4,2,0,1,1,1,0,0,2,1,36,2.995732273553991,5,8,40,739240.8333333334,1,4,0,0,0,0,0,0,0,0,0,1,0,0,1,0,0,1,0,0,0,1,1,0,0,0,1,0,0,0,1,0,2
R0294,4,3,3,2026-04-18 08:22:15,410000.0,Up,250000.0,250000.0,270000.0,205000.0,1,1,241666.66666666666,27182.510717166817,205000.0,270000.0,65000.0,-20000.0,-0.07407407407407407,-20000.0,-0.07407407407407407,Down,0,1,0,4,3,2,0,0,0,1,0,0,2,1,36,2.995732273553991,5,8,40,739240.8333333334,1,4,0,0,0,0,0,0,0,0,0,1,0,0,1,0,0,1,0,0,0,1,1,0,0,0,1,0,0,0,1,0,0
R0295,2,1,1,2026-05-02 08:52:37,360000.0,Down,920000.0,920000.0,0.0,0.0,0,0,920000.0,0.0,920000.0,920000.0,0.0,0.0,0.0,0.0,0.0,Stable,0,0,1,5,1,2,1,0,1,1,0,0,2,0,30,3.8712010109078907,5,8,40,518297.0,2,4,0,0,0,0,0,0,0,0,0,1,0,1,1,0,0,0,0,0,0,1,0,0,0,0,1,0,0,0,0,1,1
R0295,3,2,2,2026-04-25 08:52:37,650000.0,Up,360000.0,360000.0,920000.0,0.0,1,0,640000.0,280000.0,360000.0,920000.0,560000.0,-560000.0,-0.6086956521739131,-560000.0,-0.6086956521739131,Down,0,1,0,4,4,2,0,1,1,1,0,0,2,0,30,3.8712010109078907,5,8,40,518297.0,2,4,0,0,0,0,0,0,0,0,0,1,0,1,1,0,0,0,0,0,0,1,0,0,0,0,1,0,0,0,0,1,0
R0295,4,3,3,2026-04-18 08:52:37,610000.0,Down,650000.0,650000.0,360000.0,920000.0,1,1,643333.3333333334,228667.63848189995,360000.0,920000.0,560000.0,290000.0,0.8055555555555556,290000.0,0.8055555555555556,Up,1,0,0,4,3,2,0,0,0,1,0,0,2,0,30,3.8712010109078907,5,8,40,518297.0,2,4,0,0,0,0,0,0,0,0,0,1,0,1,1,0,0,0,0,0,0,1,0,0,0,0,1,0,0,0,0,1,2
R0296,2,1,1,2026-05-02 10:52:30,175000.0,Down,385000.0,385000.0,0.0,0.0,0,0,385000.0,0.0,385000.0,385000.0,0.0,0.0,0.0,0.0,0.0,Stable,0,0,1,5,1,2,1,0,1,1,0,0,0,1,22,2.8903717578961645,5,7,35,739240.8333333334,1,1,0,0,0,1,0,1,1,1,0,0,1,0,0,0,0,0,0,0,0,1,0,0,0,1,0,0,1,0,0,0,1
R0296,3,2,2,2026-04-25 10:52:30,150000.0,Down,175000.0,175000.0,385000.0,0.0,1,0,280000.0,105000.0,175000.0,385000.0,210000.0,-210000.0,-0.5454545454545454,-210000.0,-0.5454545454545454,Down,0,1,0,4,4,2,0,1,1,1,0,0,0,1,22,2.8903717578961645,5,7,35,739240.8333333334,1,1,0,0,0,1,0,1,1,1,0,0,1,0,0,0,0,0,0,0,0,1,0,0,0,1,0,0,1,0,0,0,0
R0296,4,3,3,2026-04-18 10:52:30,170000.0,Up,150000.0,150000.0,175000.0,385000.0,1,1,236666.66666666666,105382.89973024825,150000.0,385000.0,235000.0,-25000.0,-0.14285714285714285,-25000.0,-0.14285714285714285,Down,0,1,0,4,3,2,0,0,0,1,0,0,0,1,22,2.8903717578961645,5,7,35,739240.8333333334,1,1,0,0,0,1,0,1,1,1,0,0,1,0,0,0,0,0,0,0,0,1,0,0,0,1,0,0,1,0,0,0,0
R0297,2,1,1,2026-05-02 11:02:47,225000.0,Down,475000.0,475000.0,0.0,0.0,0,0,475000.0,0.0,475000.0,475000.0,0.0,0.0,0.0,0.0,0.0,Stable,0,0,1,5,1,2,1,0,1,1,0,0,0,5,22,3.091042453358316,6,7,42,550782.7152777778,0,4,1,0,0,1,0,0,1,0,0,0,1,1,1,0,0,0,0,0,0,1,0,0,1,0,1,0,1,0,0,1,1
R0297,3,2,2,2026-04-25 11:02:47,295000.0,Up,225000.0,225000.0,475000.0,0.0,1,0,350000.0,125000.0,225000.0,475000.0,250000.0,-250000.0,-0.5263157894736842,-250000.0,-0.5263157894736842,Down,0,1,0,4,4,2,0,1,1,1,0,0,0,5,22,3.091042453358316,6,7,42,550782.7152777778,0,4,1,0,0,1,0,0,1,0,0,0,1,1,1,0,0,0,0,0,0,1,0,0,1,0,1,0,1,0,0,1,0
R0297,4,3,3,2026-04-18 11:02:47,6800.0,Down,295000.0,295000.0,225000.0,475000.0,1,1,331666.6666666667,105303.79332620876,225000.0,475000.0,250000.0,70000.0,0.3111111111111111,70000.0,0.3111111111111111,Up,1,0,0,4,3,2,0,0,0,1,0,0,0,5,22,3.091042453358316,6,7,42,550782.7152777778,0,4,1,0,0,1,0,0,1,0,0,0,1,1,1,0,0,0,0,0,0,1,0,0,1,0,1,0,1,0,0,1,2
R0298,2,1,1,2026-05-02 11:30:17,40000.0,Down,725000.0,725000.0,0.0,0.0,0,0,725000.0,0.0,725000.0,725000.0,0.0,0.0,0.0,0.0,0.0,Stable,0,0,1,5,1,2,1,0,1,1,0,0,0,1,25,2.995732273553991,6,7,42,739240.8333333334,1,4,0,0,1,0,0,1,0,0,0,0,0,0,1,1,0,0,0,1,0,1,0,0,0,0,1,1,0,0,0,0,1
R0298,3,2,2,2026-04-25 11:30:17,40000.0,Stable,40000.0,40000.0,725000.0,0.0,1,0,382500.0,342500.0,40000.0,725000.0,685000.0,-685000.0,-0.9448275862068966,-685000.0,-0.9448275862068966,Down,0,1,0,4,4,2,0,1,1,1,0,0,0,1,25,2.995732273553991,6,7,42,739240.8333333334,1,4,0,0,1,0,0,1,0,0,0,0,0,0,1,1,0,0,0,1,0,1,0,0,0,0,1,1,0,0,0,0,0
R0298,4,3,3,2026-04-18 11:30:17,730000.0,Up,40000.0,40000.0,40000.0,725000.0,1,1,268333.3333333333,322912.0967418567,40000.0,725000.0,685000.0,0.0,0.0,0.0,0.0,Stable,0,0,1,4,3,2,0,0,0,1,0,0,0,1,25,2.995732273553991,6,7,42,739240.8333333334,1,4,0,0,1,0,0,1,0,0,0,0,0,0,1,1,0,0,0,1,0,1,0,0,0,0,1,1,0,0,0,0,1
R0299,2,1,1,2026-05-02 11:40:33,825000.0,Down,990000.0,990000.0,0.0,0.0,0,0,990000.0,0.0,990000.0,990000.0,0.0,0.0,0.0,0.0,0.0,Stable,0,0,1,5,1,2,1,0,1,1,0,0,2,2,17,3.9512437185814275,6,6,36,442180.75,2,4,0,0,0,0,0,0,0,0,0,1,0,1,1,0,0,1,0,0,0,1,1,0,0,0,1,0,0,0,1,1,1
R0299,3,2,2,2026-04-25 11:40:33,775000.0,Down,825000.0,825000.0,990000.0,0.0,1,0,907500.0,82500.0,825000.0,990000.0,165000.0,-165000.0,-0.16666666666666666,-165000.0,-0.16666666666666666,Down,0,1,0,4,4,2,0,1,1,1,0,0,2,2,17,3.9512437185814275,6,6,36,442180.75,2,4,0,0,0,0,0,0,0,0,0,1,0,1,1,0,0,1,0,0,0,1,1,0,0,0,1,0,0,0,1,1,0
R0299,4,3,3,2026-04-18 11:40:33,1010000.0,Up,775000.0,775000.0,825000.0,990000.0,1,1,863333.3333333334,91863.42519680446,775000.0,990000.0,215000.0,-50000.0,-0.06060606060606061,-50000.0,-0.06060606060606061,Down,0,1,0,4,3,2,0,0,0,1,0,0,2,2,17,3.9512437185814275,6,6,36,442180.75,2,4,0,0,0,0,0,0,0,0,0,1,0,1,1,0,0,1,0,0,0,1,1,0,0,0,1,0,0,0,1,1,0
R0300,2,1,1,2026-05-02 12:03:29,100000.0,Up,85000.0,85000.0,0.0,0.0,0,0,85000.0,0.0,85000.0,85000.0,0.0,0.0,0.0,0.0,0.0,Stable,0,0,1,5,1,2,1,0,1,1,0,0,0,7,25,2.1972245773362196,4,4,16,517481.9375,0,3,0,0,0,1,0,0,1,0,0,0,0,0,1,0,0,0,0,0,1,1,0,0,0,0,1,0,0,0,0,0,1
R0300,3,2,2,2026-04-25 12:03:29,115000.0,Up,100000.0,100000.0,85000.0,0.0,1,0,92500.0,7500.0,85000.0,100000.0,15000.0,15000.0,0.17647058823529413,15000.0,0.17647058823529413,Up,1,0,0,4,4,2,0,1,1,1,0,0,0,7,25,2.1972245773362196,4,4,16,517481.9375,0,3,0,0,0,1,0,0,1,0,0,0,0,0,1,0,0,0,0,0,1,1,0,0,0,0,1,0,0,0,0,0,2
R0300,4,3,3,2026-04-18 12:03:29,95000.0,Down,115000.0,115000.0,100000.0,85000.0,1,1,100000.0,12247.44871391589,85000.0,115000.0,30000.0,15000.0,0.15,15000.0,0.15,Up,1,0,0,4,3,2,0,0,0,1,0,0,0,7,25,2.1972245773362196,4,4,16,517481.9375,0,3,0,0,0,1,0,0,1,0,0,0,0,0,1,0,0,0,0,0,1,1,0,0,0,0,1,0,0,0,0,0,2
R0301,2,1,1,2026-05-02 12:17:38,105000.0,Up,75000.0,75000.0,0.0,0.0,0,0,75000.0,0.0,75000.0,75000.0,0.0,0.0,0.0,0.0,0.0,Stable,0,0,1,5,1,2,1,0,1,1,0,0,0,2,23,2.639057329615259,6,7,42,442180.75,0,2,0,0,0,0,0,0,0,0,0,1,1,0,0,0,0,0,1,0,0,1,0,1,0,0,0,0,1,0,0,0,1
R0301,3,2,2,2026-04-25 12:17:38,90000.0,Down,105000.0,105000.0,75000.0,0.0,1,0,90000.0,15000.0,75000.0,105000.0,30000.0,30000.0,0.4,30000.0,0.4,Up,1,0,0,4,4,2,0,1,1,1,0,0,0,2,23,2.639057329615259,6,7,42,442180.75,0,2,0,0,0,0,0,0,0,0,0,1,1,0,0,0,0,0,1,0,0,1,0,1,0,0,0,0,1,0,0,0,2
R0301,4,3,3,2026-04-18 12:17:38,70000.0,Down,90000.0,90000.0,105000.0,75000.0,1,1,90000.0,12247.44871391589,75000.0,105000.0,30000.0,-15000.0,-0.14285714285714285,-15000.0,-0.14285714285714285,Down,0,1,0,4,3,2,0,0,0,1,0,0,0,2,23,2.639057329615259,6,7,42,442180.75,0,2,0,0,0,0,0,0,0,0,0,1,1,0,0,0,0,0,1,0,0,1,0,1,0,0,0,0,1,0,0,0,0
R0302,2,1,1,2026-05-02 12:27:25,600000.0,Down,1336200.0,1336200.0,0.0,0.0,0,0,1336200.0,0.0,1336200.0,1336200.0,0.0,0.0,0.0,0.0,0.0,Stable,0,0,1,5,1,2,1,0,1,1,0,0,1,3,32,4.143134726391533,6,8,48,460955.5,1,0,0,1,0,0,0,0,0,0,0,0,0,1,1,0,0,1,0,0,0,1,0,0,0,0,1,0,0,0,1,1,1
R0302,3,2,2,2026-04-25 12:27:25,680000.0,Up,600000.0,600000.0,1336200.0,0.0,1,0,968100.0,368100.0,600000.0,1336200.0,736200.0,-736200.0,-0.550965424337674,-736200.0,-0.550965424337674,Down,0,1,0,4,4,2,0,1,1,1,0,0,1,3,32,4.143134726391533,6,8,48,460955.5,1,0,0,1,0,0,0,0,0,0,0,0,0,1,1,0,0,1,0,0,0,1,0,0,0,0,1,0,0,0,1,1,0
R0302,4,3,3,2026-04-18 12:27:25,510000.0,Down,680000.0,680000.0,600000.0,1336200.0,1,1,872066.6666666666,329812.8897150962,600000.0,1336200.0,736200.0,80000.0,0.13333333333333333,80000.0,0.13333333333333333,Up,1,0,0,4,3,2,0,0,0,1,0,0,1,3,32,4.143134726391533,6,8,48,460955.5,1,0,0,1,0,0,0,0,0,0,0,0,0,1,1,0,0,1,0,0,0,1,0,0,0,0,1,0,0,0,1,1,2
R0303,2,1,1,2026-05-02 12:27:47,16800.0,Down,18400.0,18400.0,0.0,0.0,0,0,18400.0,0.0,18400.0,18400.0,0.0,0.0,0.0,0.0,0.0,Stable,0,0,1,5,1,2,1,0,1,1,0,0,0,2,29,3.2188758248682006,5,3,15,442180.75,0,3,0,0,0,0,0,1,1,1,0,0,1,0,0,0,0,1,1,0,0,1,0,0,0,1,0,0,1,0,1,0,1
R0303,3,2,2,2026-04-25 12:27:47,110000.0,Up,16800.0,16800.0,18400.0,0.0,1,0,17600.0,800.0,16800.0,18400.0,1600.0,-1600.0,-0.08695652173913043,-1600.0,-0.08695652173913043,Down,0,1,0,4,4,2,0,1,1,1,0,0,0,2,29,3.2188758248682006,5,3,15,442180.75,0,3,0,0,0,0,0,1,1,1,0,0,1,0,0,0,0,1,1,0,0,1,0,0,0,1,0,0,1,0,1,0,0
R0303,4,3,3,2026-04-18 12:27:47,100000.0,Down,110000.0,110000.0,16800.0,18400.0,1,1,48400.0,43562.67515507589,16800.0,110000.0,93200.0,93200.0,5.5476190476190474,93200.0,5.5476190476190474,Up,1,0,0,4,3,2,0,0,0,1,0,0,0,2,29,3.2188758248682006,5,3,15,442180.75,0,3,0,0,0,0,0,1,1,1,0,0,1,0,0,0,0,1,1,0,0,1,0,0,0,1,0,0,1,0,1,0,2
R0304,2,1,1,2026-05-02 12:29:00,200000.0,Down,845000.0,845000.0,0.0,0.0,0,0,845000.0,0.0,845000.0,845000.0,0.0,0.0,0.0,0.0,0.0,Stable,0,0,1,5,1,2,1,0,1,1,0,0,1,6,31,2.3978952727983707,7,9,63,559306.0,1,0,0,1,1,0,0,0,0,0,0,0,0,0,0,0,0,0,0,0,0,1,0,1,0,0,0,0,0,0,0,0,1
R0304,3,2,2,2026-04-25 12:29:00,795000.0,Up,200000.0,200000.0,845000.0,0.0,1,0,522500.0,322500.0,200000.0,845000.0,645000.0,-645000.0,-0.7633136094674556,-645000.0,-0.7633136094674556,Down,0,1,0,4,4,2,0,1,1,1,0,0,1,6,31,2.3978952727983707,7,9,63,559306.0,1,0,0,1,1,0,0,0,0,0,0,0,0,0,0,0,0,0,0,0,0,1,0,1,0,0,0,0,0,0,0,0,0
R0304,4,3,3,2026-04-18 12:29:00,245000.0,Down,795000.0,795000.0,200000.0,845000.0,1,1,613333.3333333334,292982.7450361009,200000.0,845000.0,645000.0,595000.0,2.975,595000.0,2.975,Up,1,0,0,4,3,2,0,0,0,1,0,0,1,6,31,2.3978952727983707,7,9,63,559306.0,1,0,0,1,1,0,0,0,0,0,0,0,0,0,0,0,0,0,0,0,0,1,0,1,0,0,0,0,0,0,0,0,2
R0305,2,1,1,2026-05-02 12:31:33,1010000.0,Up,820000.0,820000.0,0.0,0.0,0,0,820000.0,0.0,820000.0,820000.0,0.0,0.0,0.0,0.0,0.0,Stable,0,0,1,5,1,2,1,0,1,1,0,0,0,2,22,1.6094379124341003,6,6,36,442180.75,2,4,0,0,0,1,0,0,1,0,0,1,0,0,0,1,0,0,0,0,0,1,0,0,0,0,0,1,0,0,0,0,1
R0305,3,2,2,2026-04-25 12:31:33,830000.0,Down,1010000.0,1010000.0,820000.0,0.0,1,0,915000.0,95000.0,820000.0,1010000.0,190000.0,190000.0,0.23170731707317074,190000.0,0.23170731707317074,Up,1,0,0,4,4,2,0,1,1,1,0,0,0,2,22,1.6094379124341003,6,6,36,442180.75,2,4,0,0,0,1,0,0,1,0,0,1,0,0,0,1,0,0,0,0,0,1,0,0,0,0,0,1,0,0,0,0,2
R0305,4,3,3,2026-04-18 12:31:33,50000.0,Down,830000.0,830000.0,1010000.0,820000.0,1,1,886666.6666666666,87305.3390247253,820000.0,1010000.0,190000.0,-180000.0,-0.1782178217821782,-180000.0,-0.1782178217821782,Down,0,1,0,4,3,2,0,0,0,1,0,0,0,2,22,1.6094379124341003,6,6,36,442180.75,2,4,0,0,0,1,0,0,1,0,0,1,0,0,0,1,0,0,0,0,0,1,0,0,0,0,0,1,0,0,0,0,0
R0306,2,1,1,2026-05-02 12:49:27,780000.0,Down,920000.0,920000.0,0.0,0.0,0,0,920000.0,0.0,920000.0,920000.0,0.0,0.0,0.0,0.0,0.0,Stable,0,0,1,5,1,2,1,0,1,1,0,0,2,1,17,3.9889840465642745,6,8,48,739240.8333333334,2,1,0,0,0,0,0,0,0,0,0,1,0,1,1,0,0,1,0,0,1,1,0,0,0,0,1,0,0,0,1,1,1
R0306,3,2,2,2026-04-25 12:49:27,610000.0,Down,780000.0,780000.0,920000.0,0.0,1,0,850000.0,70000.0,780000.0,920000.0,140000.0,-140000.0,-0.15217391304347827,-140000.0,-0.15217391304347827,Down,0,1,0,4,4,2,0,1,1,1,0,0,2,1,17,3.9889840465642745,6,8,48,739240.8333333334,2,1,0,0,0,0,0,0,0,0,0,1,0,1,1,0,0,1,0,0,1,1,0,0,0,0,1,0,0,0,1,1,0
R0306,4,3,3,2026-04-18 12:49:27,430000.0,Down,610000.0,610000.0,780000.0,920000.0,1,1,770000.0,126754.35561221029,610000.0,920000.0,310000.0,-170000.0,-0.21794871794871795,-170000.0,-0.21794871794871795,Down,0,1,0,4,3,2,0,0,0,1,0,0,2,1,17,3.9889840465642745,6,8,48,739240.8333333334,2,1,0,0,0,0,0,0,0,0,0,1,0,1,1,0,0,1,0,0,1,1,0,0,0,0,1,0,0,0,1,1,0
R0307,2,1,1,2026-05-02 13:06:59,325000.0,Up,290000.0,290000.0,0.0,0.0,0,0,290000.0,0.0,290000.0,290000.0,0.0,0.0,0.0,0.0,0.0,Stable,0,0,1,5,1,2,1,0,1,1,0,0,0,5,22,1.3862943611198906,6,6,36,550782.7152777778,0,2,0,0,0,0,0,0,0,0,0,1,1,0,0,0,0,0,0,0,0,1,0,0,0,1,0,0,1,0,0,0,1
R0307,3,2,2,2026-04-25 13:06:59,325000.0,Stable,325000.0,325000.0,290000.0,0.0,1,0,307500.0,17500.0,290000.0,325000.0,35000.0,35000.0,0.1206896551724138,35000.0,0.1206896551724138,Up,1,0,0,4,4,2,0,1,1,1,0,0,0,5,22,1.3862943611198906,6,6,36,550782.7152777778,0,2,0,0,0,0,0,0,0,0,0,1,1,0,0,0,0,0,0,0,0,1,0,0,0,1,0,0,1,0,0,0,2
R0307,4,3,3,2026-04-18 13:06:59,310000.0,Stable,325000.0,325000.0,325000.0,290000.0,1,1,313333.3333333333,16499.158227686108,290000.0,325000.0,35000.0,0.0,0.0,0.0,0.0,Stable,0,0,1,4,3,2,0,0,0,1,0,0,0,5,22,1.3862943611198906,6,6,36,550782.7152777778,0,2,0,0,0,0,0,0,0,0,0,1,1,0,0,0,0,0,0,0,0,1,0,0,0,1,0,0,1,0,0,0,1
R0308,2,1,1,2026-05-02 13:34:05,675000.0,Stable,670000.0,670000.0,0.0,0.0,0,0,670000.0,0.0,670000.0,670000.0,0.0,0.0,0.0,0.0,0.0,Stable,0,0,1,5,1,2,1,0,1,1,0,0,0,1,39,2.639057329615259,7,7,49,739240.8333333334,2,3,0,0,1,0,0,0,0,0,0,0,0,0,0,0,1,0,0,0,1,1,0,0,0,0,0,0,0,1,0,0,1
R0308,3,2,2,2026-04-25 13:34:05,570000.0,Down,675000.0,675000.0,670000.0,0.0,1,0,672500.0,2500.0,670000.0,675000.0,5000.0,5000.0,0.007462686567164179,5000.0,0.007462686567164179,Stable,0,0,1,4,4,2,0,1,1,1,0,0,0,1,39,2.639057329615259,7,7,49,739240.8333333334,2,3,0,0,1,0,0,0,0,0,0,0,0,0,0,0,1,0,0,0,1,1,0,0,0,0,0,0,0,1,0,0,1
R0308,4,3,3,2026-04-18 13:34:05,605000.0,Up,570000.0,570000.0,675000.0,670000.0,1,1,638333.3333333334,48362.0604284897,570000.0,675000.0,105000.0,-105000.0,-0.15555555555555556,-105000.0,-0.15555555555555556,Down,0,1,0,4,3,2,0,0,0,1,0,0,0,1,39,2.639057329615259,7,7,49,739240.8333333334,2,3,0,0,1,0,0,0,0,0,0,0,0,0,0,0,1,0,0,0,1,1,0,0,0,0,0,0,0,1,0,0,0
R0309,2,1,1,2026-05-02 14:36:21,345000.0,Stable,350000.0,350000.0,0.0,0.0,0,0,350000.0,0.0,350000.0,350000.0,0.0,0.0,0.0,0.0,0.0,Stable,0,0,1,5,1,2,1,0,1,1,0,0,0,1,30,3.091042453358316,5,5,25,739240.8333333334,0,0,0,0,0,0,0,1,1,1,0,1,0,0,0,0,0,1,0,0,0,1,0,0,0,0,0,0,0,0,1,0,1
R0309,3,2,2,2026-04-25 14:36:21,350000.0,Stable,345000.0,345000.0,350000.0,0.0,1,0,347500.0,2500.0,345000.0,350000.0,5000.0,-5000.0,-0.014285714285714285,-5000.0,-0.014285714285714285,Stable,0,0,1,4,4,2,0,1,1,1,0,0,0,1,30,3.091042453358316,5,5,25,739240.8333333334,0,0,0,0,0,0,0,1,1,1,0,1,0,0,0,0,0,1,0,0,0,1,0,0,0,0,0,0,0,0,1,0,1
R0309,4,3,3,2026-04-18 14:36:21,405000.0,Up,350000.0,350000.0,345000.0,350000.0,1,1,348333.3333333333,2357.0226039551585,345000.0,350000.0,5000.0,5000.0,0.014492753623188406,5000.0,0.014492753623188406,Stable,0,0,1,4,3,2,0,0,0,1,0,0,0,1,30,3.091042453358316,5,5,25,739240.8333333334,0,0,0,0,0,0,0,1,1,1,0,1,0,0,0,0,0,1,0,0,0,1,0,0,0,0,0,0,0,0,1,0,1
R0310,2,1,1,2026-05-02 15:02:18,400000.0,Down,920000.0,920000.0,0.0,0.0,0,0,920000.0,0.0,920000.0,920000.0,0.0,0.0,0.0,0.0,0.0,Stable,0,0,1,5,1,2,1,0,1,1,0,0,0,2,34,2.70805020110221,7,9,63,442180.75,2,1,0,0,0,0,0,1,0,0,0,0,0,0,0,1,0,0,0,1,1,1,0,0,0,0,0,1,0,0,0,0,1
R0310,3,2,2,2026-04-25 15:02:18,940000.0,Up,400000.0,400000.0,920000.0,0.0,1,0,660000.0,260000.0,400000.0,920000.0,520000.0,-520000.0,-0.5652173913043478,-520000.0,-0.5652173913043478,Down,0,1,0,4,4,2,0,1,1,1,0,0,0,2,34,2.70805020110221,7,9,63,442180.75,2,1,0,0,0,0,0,1,0,0,0,0,0,0,0,1,0,0,0,1,1,1,0,0,0,0,0,1,0,0,0,0,0
R0310,4,3,3,2026-04-18 15:02:18,570000.0,Down,940000.0,940000.0,400000.0,920000.0,1,1,753333.3333333334,249977.77679003566,400000.0,940000.0,540000.0,540000.0,1.35,540000.0,1.35,Up,1,0,0,4,3,2,0,0,0,1,0,0,0,2,34,2.70805020110221,7,9,63,442180.75,2,1,0,0,0,0,0,1,0,0,0,0,0,0,0,1,0,0,0,1,1,1,0,0,0,0,0,1,0,0,0,0,2
R0311,2,1,1,2026-05-02 15:28:44,470000.0,Down,545000.0,545000.0,0.0,0.0,0,0,545000.0,0.0,545000.0,545000.0,0.0,0.0,0.0,0.0,0.0,Stable,0,0,1,5,1,2,1,0,1,1,0,0,1,6,24,1.3862943611198906,7,11,77,559306.0,2,1,0,1,0,0,0,0,0,0,0,0,0,0,1,0,0,1,0,0,0,1,0,0,0,0,1,0,0,0,1,0,1
R0311,3,2,2,2026-04-25 15:28:44,1350000.0,Up,470000.0,470000.0,545000.0,0.0,1,0,507500.0,37500.0,470000.0,545000.0,75000.0,-75000.0,-0.13761467889908258,-75000.0,-0.13761467889908258,Down,0,1,0,4,4,2,0,1,1,1,0,0,1,6,24,1.3862943611198906,7,11,77,559306.0,2,1,0,1,0,0,0,0,0,0,0,0,0,0,1,0,0,1,0,0,0,1,0,0,0,0,1,0,0,0,1,0,0
R0311,4,3,3,2026-04-18 15:28:44,1240000.0,Down,1350000.0,1350000.0,470000.0,545000.0,1,1,788333.3333333334,398336.8200684217,470000.0,1350000.0,880000.0,880000.0,1.872340425531915,880000.0,1.872340425531915,Up,1,0,0,4,3,2,0,0,0,1,0,0,1,6,24,1.3862943611198906,7,11,77,559306.0,2,1,0,1,0,0,0,0,0,0,0,0,0,0,1,0,0,1,0,0,0,1,0,0,0,0,1,0,0,0,1,0,2
R0312,2,1,1,2026-05-02 15:31:44,240000.0,Down,390000.0,390000.0,0.0,0.0,0,0,390000.0,0.0,390000.0,390000.0,0.0,0.0,0.0,0.0,0.0,Stable,0,0,1,5,1,2,1,0,1,1,0,0,0,1,28,4.060443010546419,7,6,42,739240.8333333334,1,4,0,0,0,0,0,1,1,1,0,0,0,0,0,1,1,0,1,0,0,1,0,1,0,0,0,1,0,1,0,0,1
R0312,3,2,2,2026-04-25 15:31:44,250000.0,Stable,240000.0,240000.0,390000.0,0.0,1,0,315000.0,75000.0,240000.0,390000.0,150000.0,-150000.0,-0.38461538461538464,-150000.0,-0.38461538461538464,Down,0,1,0,4,4,2,0,1,1,1,0,0,0,1,28,4.060443010546419,7,6,42,739240.8333333334,1,4,0,0,0,0,0,1,1,1,0,0,0,0,0,1,1,0,1,0,0,1,0,1,0,0,0,1,0,1,0,0,0
R0312,4,3,3,2026-04-18 15:31:44,190000.0,Down,250000.0,250000.0,240000.0,390000.0,1,1,293333.3333333333,68475.46194724712,240000.0,390000.0,150000.0,10000.0,0.041666666666666664,10000.0,0.041666666666666664,Stable,0,0,1,4,3,2,0,0,0,1,0,0,0,1,28,4.060443010546419,7,6,42,739240.8333333334,1,4,0,0,0,0,0,1,1,1,0,0,0,0,0,1,1,0,1,0,0,1,0,1,0,0,0,1,0,1,0,0,1
R0313,2,1,1,2026-05-02 15:32:28,825000.0,Stable,820000.0,820000.0,0.0,0.0,0,0,820000.0,0.0,820000.0,820000.0,0.0,0.0,0.0,0.0,0.0,Stable,0,0,1,5,1,2,1,0,1,1,0,0,2,1,24,2.9444389791664403,7,8,56,739240.8333333334,2,2,0,0,0,0,0,0,0,0,0,1,0,1,0,0,0,0,0,0,0,1,1,0,0,0,0,0,0,0,0,1,1
R0313,3,2,2,2026-04-25 15:32:28,245000.0,Down,825000.0,825000.0,820000.0,0.0,1,0,822500.0,2500.0,820000.0,825000.0,5000.0,5000.0,0.006097560975609756,5000.0,0.006097560975609756,Stable,0,0,1,4,4,2,0,1,1,1,0,0,2,1,24,2.9444389791664403,7,8,56,739240.8333333334,2,2,0,0,0,0,0,0,0,0,0,1,0,1,0,0,0,0,0,0,0,1,1,0,0,0,0,0,0,0,0,1,1
R0313,4,3,3,2026-04-18 15:32:28,500000.0,Up,245000.0,245000.0,825000.0,820000.0,1,1,630000.0,272243.763320056,245000.0,825000.0,580000.0,-580000.0,-0.703030303030303,-580000.0,-0.703030303030303,Down,0,1,0,4,3,2,0,0,0,1,0,0,2,1,24,2.9444389791664403,7,8,56,739240.8333333334,2,2,0,0,0,0,0,0,0,0,0,1,0,1,0,0,0,0,0,0,0,1,1,0,0,0,0,0,0,0,0,1,0
R0314,2,1,1,2026-05-02 17:25:49,550000.0,Stable,525000.0,525000.0,0.0,0.0,0,0,525000.0,0.0,525000.0,525000.0,0.0,0.0,0.0,0.0,0.0,Stable,0,0,1,5,1,2,1,0,1,1,0,0,2,0,41,2.9444389791664403,6,8,48,518297.0,2,0,0,0,0,0,0,0,0,0,0,1,0,1,1,0,0,1,1,0,0,1,1,0,0,0,1,0,0,0,1,1,1
R0314,3,2,2,2026-04-25 17:25:49,570000.0,Stable,550000.0,550000.0,525000.0,0.0,1,0,537500.0,12500.0,525000.0,550000.0,25000.0,25000.0,0.047619047619047616,25000.0,0.047619047619047616,Stable,0,0,1,4,4,2,0,1,1,1,0,0,2,0,41,2.9444389791664403,6,8,48,518297.0,2,0,0,0,0,0,0,0,0,0,0,1,0,1,1,0,0,1,1,0,0,1,1,0,0,0,1,0,0,0,1,1,1
R0314,4,3,3,2026-04-18 17:25:49,600000.0,Up,570000.0,570000.0,550000.0,525000.0,1,1,548333.3333333334,18408.935028645436,525000.0,570000.0,45000.0,20000.0,0.03636363636363636,20000.0,0.03636363636363636,Stable,0,0,1,4,3,2,0,0,0,1,0,0,2,0,41,2.9444389791664403,6,8,48,518297.0,2,0,0,0,0,0,0,0,0,0,0,1,0,1,1,0,0,1,1,0,0,1,1,0,0,0,1,0,0,0,1,1,1
R0315,2,1,1,2026-05-02 17:31:26,420000.0,Up,210000.0,210000.0,0.0,0.0,0,0,210000.0,0.0,210000.0,210000.0,0.0,0.0,0.0,0.0,0.0,Stable,0,0,1,5,1,2,1,0,1,1,0,0,0,0,32,3.6375861597263857,6,7,42,518297.0,1,3,0,0,0,1,0,0,1,0,0,1,1,0,0,1,0,1,0,0,0,1,0,0,0,1,0,1,1,0,1,0,1
R0315,3,2,2,2026-04-25 17:31:26,425000.0,Stable,420000.0,420000.0,210000.0,0.0,1,0,315000.0,105000.0,210000.0,420000.0,210000.0,210000.0,1.0,210000.0,1.0,Up,1,0,0,4,4,2,0,1,1,1,0,0,0,0,32,3.6375861597263857,6,7,42,518297.0,1,3,0,0,0,1,0,0,1,0,0,1,1,0,0,1,0,1,0,0,0,1,0,0,0,1,0,1,1,0,1,0,2
R0315,4,3,3,2026-04-18 17:31:26,350000.0,Down,425000.0,425000.0,420000.0,210000.0,1,1,351666.6666666667,100194.25576792758,210000.0,425000.0,215000.0,5000.0,0.011904761904761904,5000.0,0.011904761904761904,Stable,0,0,1,4,3,2,0,0,0,1,0,0,0,0,32,3.6375861597263857,6,7,42,518297.0,1,3,0,0,0,1,0,0,1,0,0,1,1,0,0,1,0,1,0,0,0,1,0,0,0,1,0,1,1,0,1,0,1
R0316,2,1,1,2026-05-02 18:44:39,1125000.0,Stable,1080000.0,1080000.0,0.0,0.0,0,0,1080000.0,0.0,1080000.0,1080000.0,0.0,0.0,0.0,0.0,0.0,Stable,0,0,1,5,1,2,1,0,1,1,0,0,1,2,40,2.70805020110221,6,11,66,442180.75,2,2,0,1,0,0,0,0,0,0,0,0,0,0,0,0,0,1,0,0,0,1,0,0,1,0,0,0,0,0,1,0,1
R0316,3,2,2,2026-04-25 18:44:39,950000.0,Down,1125000.0,1125000.0,1080000.0,0.0,1,0,1102500.0,22500.0,1080000.0,1125000.0,45000.0,45000.0,0.041666666666666664,45000.0,0.041666666666666664,Stable,0,0,1,4,4,2,0,1,1,1,0,0,1,2,40,2.70805020110221,6,11,66,442180.75,2,2,0,1,0,0,0,0,0,0,0,0,0,0,0,0,0,1,0,0,0,1,0,0,1,0,0,0,0,0,1,0,1
R0316,4,3,3,2026-04-18 18:44:39,990000.0,Stable,950000.0,950000.0,1125000.0,1080000.0,1,1,1051666.6666666667,74199.43096517355,950000.0,1125000.0,175000.0,-175000.0,-0.15555555555555556,-175000.0,-0.15555555555555556,Down,0,1,0,4,3,2,0,0,0,1,0,0,1,2,40,2.70805020110221,6,11,66,442180.75,2,2,0,1,0,0,0,0,0,0,0,0,0,0,0,0,0,1,0,0,0,1,0,0,1,0,0,0,0,0,1,0,0
R0317,2,1,1,2026-05-02 19:12:09,650000.0,Up,475000.0,475000.0,0.0,0.0,0,0,475000.0,0.0,475000.0,475000.0,0.0,0.0,0.0,0.0,0.0,Stable,0,0,1,5,1,2,1,0,1,1,0,0,0,7,25,3.2188758248682006,5,5,25,517481.9375,2,2,0,0,0,1,0,1,1,1,0,0,1,0,0,1,1,0,0,0,0,1,0,1,0,1,0,1,1,1,0,0,1
R0317,3,2,2,2026-04-25 19:12:09,600000.0,Down,650000.0,650000.0,475000.0,0.0,1,0,562500.0,87500.0,475000.0,650000.0,175000.0,175000.0,0.3684210526315789,175000.0,0.3684210526315789,Up,1,0,0,4,4,2,0,1,1,1,0,0,0,7,25,3.2188758248682006,5,5,25,517481.9375,2,2,0,0,0,1,0,1,1,1,0,0,1,0,0,1,1,0,0,0,0,1,0,1,0,1,0,1,1,1,0,0,2
R0317,4,3,3,2026-04-18 19:12:09,575000.0,Stable,600000.0,600000.0,650000.0,475000.0,1,1,575000.0,73598.00721939873,475000.0,650000.0,175000.0,-50000.0,-0.07692307692307693,-50000.0,-0.07692307692307693,Down,0,1,0,4,3,2,0,0,0,1,0,0,0,7,25,3.2188758248682006,5,5,25,517481.9375,2,2,0,0,0,1,0,1,1,1,0,0,1,0,0,1,1,0,0,0,0,1,0,1,0,1,0,1,1,1,0,0,0
R0318,2,1,1,2026-05-02 19:23:23,145000.0,Down,170000.0,170000.0,0.0,0.0,0,0,170000.0,0.0,170000.0,170000.0,0.0,0.0,0.0,0.0,0.0,Stable,0,0,1,5,1,2,1,0,1,1,0,0,0,5,23,1.3862943611198906,5,6,30,550782.7152777778,1,4,0,0,0,1,0,1,1,1,0,1,0,0,0,1,1,0,1,0,0,1,0,0,0,0,0,1,0,1,0,0,1
R0318,3,2,2,2026-04-25 19:23:23,475000.0,Up,145000.0,145000.0,170000.0,0.0,1,0,157500.0,12500.0,145000.0,170000.0,25000.0,-25000.0,-0.14705882352941177,-25000.0,-0.14705882352941177,Down,0,1,0,4,4,2,0,1,1,1,0,0,0,5,23,1.3862943611198906,5,6,30,550782.7152777778,1,4,0,0,0,1,0,1,1,1,0,1,0,0,0,1,1,0,1,0,0,1,0,0,0,0,0,1,0,1,0,0,0
R0318,4,3,3,2026-04-18 19:23:23,195000.0,Down,475000.0,475000.0,145000.0,170000.0,1,1,263333.3333333333,150018.51737554118,145000.0,475000.0,330000.0,330000.0,2.2758620689655173,330000.0,2.2758620689655173,Up,1,0,0,4,3,2,0,0,0,1,0,0,0,5,23,1.3862943611198906,5,6,30,550782.7152777778,1,4,0,0,0,1,0,1,1,1,0,1,0,0,0,1,1,0,1,0,0,1,0,0,0,0,0,1,0,1,0,0,2
R0319,2,1,1,2026-05-02 19:29:35,360000.0,Stable,350000.0,350000.0,0.0,0.0,0,0,350000.0,0.0,350000.0,350000.0,0.0,0.0,0.0,0.0,0.0,Stable,0,0,1,5,1,2,1,0,1,1,0,0,0,7,19,3.367295829986474,5,5,25,517481.9375,1,1,0,0,0,1,0,0,1,0,0,1,0,1,0,1,0,0,0,0,0,1,0,0,0,1,0,1,0,0,0,1,1
R0319,3,2,2,2026-04-25 19:29:35,405000.0,Up,360000.0,360000.0,350000.0,0.0,1,0,355000.0,5000.0,350000.0,360000.0,10000.0,10000.0,0.02857142857142857,10000.0,0.02857142857142857,Stable,0,0,1,4,4,2,0,1,1,1,0,0,0,7,19,3.367295829986474,5,5,25,517481.9375,1,1,0,0,0,1,0,0,1,0,0,1,0,1,0,1,0,0,0,0,0,1,0,0,0,1,0,1,0,0,0,1,1
R0319,4,3,3,2026-04-18 19:29:35,330000.0,Down,405000.0,405000.0,360000.0,350000.0,1,1,371666.6666666667,23921.166824012205,350000.0,405000.0,55000.0,45000.0,0.125,45000.0,0.125,Up,1,0,0,4,3,2,0,0,0,1,0,0,0,7,19,3.367295829986474,5,5,25,517481.9375,1,1,0,0,0,1,0,0,1,0,0,1,0,1,0,1,0,0,0,0,0,1,0,0,0,1,0,1,0,0,0,1,2
R0320,2,1,1,2026-05-02 20:17:49,360000.0,Down,410000.0,410000.0,0.0,0.0,0,0,410000.0,0.0,410000.0,410000.0,0.0,0.0,0.0,0.0,0.0,Stable,0,0,1,5,1,2,1,0,1,1,0,0,0,0,28,1.9459101490553132,4,8,32,518297.0,1,4,0,0,0,1,0,0,1,0,0,1,1,0,0,0,0,0,0,0,0,1,0,0,0,0,0,0,1,0,0,0,1
R0320,3,2,2,2026-04-25 20:17:49,400000.0,Up,360000.0,360000.0,410000.0,0.0,1,0,385000.0,25000.0,360000.0,410000.0,50000.0,-50000.0,-0.12195121951219512,-50000.0,-0.12195121951219512,Down,0,1,0,4,4,2,0,1,1,1,0,0,0,0,28,1.9459101490553132,4,8,32,518297.0,1,4,0,0,0,1,0,0,1,0,0,1,1,0,0,0,0,0,0,0,0,1,0,0,0,0,0,0,1,0,0,0,0
R0320,4,3,3,2026-04-18 20:17:49,315000.0,Down,400000.0,400000.0,360000.0,410000.0,1,1,390000.0,21602.468994692867,360000.0,410000.0,50000.0,40000.0,0.1111111111111111,40000.0,0.1111111111111111,Up,1,0,0,4,3,2,0,0,0,1,0,0,0,0,28,1.9459101490553132,4,8,32,518297.0,1,4,0,0,0,1,0,0,1,0,0,1,1,0,0,0,0,0,0,0,0,1,0,0,0,0,0,0,1,0,0,0,2
R0321,2,1,1,2026-05-02 20:28:12,500000.0,Up,425000.0,425000.0,0.0,0.0,0,0,425000.0,0.0,425000.0,425000.0,0.0,0.0,0.0,0.0,0.0,Stable,0,0,1,5,1,2,1,0,1,1,0,0,0,1,30,2.1972245773362196,3,9,27,739240.8333333334,1,1,0,0,0,0,0,0,0,0,0,0,0,0,1,0,0,0,0,0,1,1,0,0,0,1,1,0,0,0,0,0,1
R0321,3,2,2,2026-04-25 20:28:12,900000.0,Up,500000.0,500000.0,425000.0,0.0,1,0,462500.0,37500.0,425000.0,500000.0,75000.0,75000.0,0.17647058823529413,75000.0,0.17647058823529413,Up,1,0,0,4,4,2,0,1,1,1,0,0,0,1,30,2.1972245773362196,3,9,27,739240.8333333334,1,1,0,0,0,0,0,0,0,0,0,0,0,0,1,0,0,0,0,0,1,1,0,0,0,1,1,0,0,0,0,0,2
R0321,4,3,3,2026-04-18 20:28:12,390000.0,Down,900000.0,900000.0,500000.0,425000.0,1,1,608333.3333333334,208499.93338661338,425000.0,900000.0,475000.0,400000.0,0.8,400000.0,0.8,Up,1,0,0,4,3,2,0,0,0,1,0,0,0,1,30,2.1972245773362196,3,9,27,739240.8333333334,1,1,0,0,0,0,0,0,0,0,0,0,0,0,1,0,0,0,0,0,1,1,0,0,0,1,1,0,0,0,0,0,2
R0322,2,1,1,2026-05-02 20:43:23,600000.0,Stable,600000.0,600000.0,0.0,0.0,0,0,600000.0,0.0,600000.0,600000.0,0.0,0.0,0.0,0.0,0.0,Stable,0,0,1,5,1,2,1,0,1,1,0,0,0,1,21,3.4011973816621555,3,5,15,739240.8333333334,0,4,0,0,0,0,0,0,0,0,0,0,1,0,1,0,0,0,0,0,0,1,0,0,0,0,1,0,1,0,0,0,1
R0322,3,2,2,2026-04-25 20:43:23,455000.0,Down,600000.0,600000.0,600000.0,0.0,1,0,600000.0,0.0,600000.0,600000.0,0.0,0.0,0.0,0.0,0.0,Stable,0,0,1,4,4,2,0,1,1,1,0,0,0,1,21,3.4011973816621555,3,5,15,739240.8333333334,0,4,0,0,0,0,0,0,0,0,0,0,1,0,1,0,0,0,0,0,0,1,0,0,0,0,1,0,1,0,0,0,1
R0322,4,3,3,2026-04-18 20:43:23,480000.0,Up,455000.0,455000.0,600000.0,600000.0,1,1,551666.6666666666,68353.6555146996,455000.0,600000.0,145000.0,-145000.0,-0.24166666666666667,-145000.0,-0.24166666666666667,Down,0,1,0,4,3,2,0,0,0,1,0,0,0,1,21,3.4011973816621555,3,5,15,739240.8333333334,0,4,0,0,0,0,0,0,0,0,0,0,1,0,1,0,0,0,0,0,0,1,0,0,0,0,1,0,1,0,0,0,0
R0323,2,1,1,2026-05-02 20:55:02,715000.0,Down,850000.0,850000.0,0.0,0.0,0,0,850000.0,0.0,850000.0,850000.0,0.0,0.0,0.0,0.0,0.0,Stable,0,0,1,5,1,2,1,0,1,1,0,0,0,1,25,2.4849066497880004,6,5,30,739240.8333333334,2,0,1,0,0,1,0,0,1,0,0,0,1,0,1,0,0,0,0,0,0,1,0,0,1,0,1,0,1,0,0,0,1
R0323,3,2,2,2026-04-25 20:55:02,1075000.0,Up,715000.0,715000.0,850000.0,0.0,1,0,782500.0,67500.0,715000.0,850000.0,135000.0,-135000.0,-0.1588235294117647,-135000.0,-0.1588235294117647,Down,0,1,0,4,4,2,0,1,1,1,0,0,0,1,25,2.4849066497880004,6,5,30,739240.8333333334,2,0,1,0,0,1,0,0,1,0,0,0,1,0,1,0,0,0,0,0,0,1,0,0,1,0,1,0,1,0,0,0,0
R0323,4,3,3,2026-04-18 20:55:02,1342800.0,Up,1075000.0,1075000.0,715000.0,850000.0,1,1,880000.0,148492.42404917497,715000.0,1075000.0,360000.0,360000.0,0.5034965034965035,360000.0,0.5034965034965035,Up,1,0,0,4,3,2,0,0,0,1,0,0,0,1,25,2.4849066497880004,6,5,30,739240.8333333334,2,0,1,0,0,1,0,0,1,0,0,0,1,0,1,0,0,0,0,0,0,1,0,0,1,0,1,0,1,0,0,0,2
R0324,2,1,1,2026-05-02 20:57:26,220000.0,Up,175000.0,175000.0,0.0,0.0,0,0,175000.0,0.0,175000.0,175000.0,0.0,0.0,0.0,0.0,0.0,Stable,0,0,1,5,1,2,1,0,1,1,0,0,0,0,20,1.0986122886681096,4,3,12,518297.0,0,4,0,0,0,0,0,1,1,1,0,1,0,1,0,1,0,1,0,0,0,1,0,0,0,0,0,1,0,0,1,1,1
R0324,3,2,2,2026-04-25 20:57:26,490000.0,Up,220000.0,220000.0,175000.0,0.0,1,0,197500.0,22500.0,175000.0,220000.0,45000.0,45000.0,0.2571428571428571,45000.0,0.2571428571428571,Up,1,0,0,4,4,2,0,1,1,1,0,0,0,0,20,1.0986122886681096,4,3,12,518297.0,0,4,0,0,0,0,0,1,1,1,0,1,0,1,0,1,0,1,0,0,0,1,0,0,0,0,0,1,0,0,1,1,2
R0324,4,3,3,2026-04-18 20:57:26,490000.0,Stable,490000.0,490000.0,220000.0,175000.0,1,1,295000.0,139104.27743243557,175000.0,490000.0,315000.0,270000.0,1.2272727272727273,270000.0,1.2272727272727273,Up,1,0,0,4,3,2,0,0,0,1,0,0,0,0,20,1.0986122886681096,4,3,12,518297.0,0,4,0,0,0,0,0,1,1,1,0,1,0,1,0,1,0,1,0,0,0,1,0,0,0,0,0,1,0,0,1,1,2
R0325,2,1,1,2026-05-02 21:05:16,700000.0,Down,855000.0,855000.0,0.0,0.0,0,0,855000.0,0.0,855000.0,855000.0,0.0,0.0,0.0,0.0,0.0,Stable,0,0,1,5,1,2,1,0,1,1,0,0,1,5,22,2.639057329615259,6,9,54,550782.7152777778,2,3,0,1,0,0,0,0,0,0,0,0,0,1,1,0,0,1,0,0,1,1,0,0,0,0,1,0,0,0,1,1,1
R0325,3,2,2,2026-04-25 21:05:16,900000.0,Up,700000.0,700000.0,855000.0,0.0,1,0,777500.0,77500.0,700000.0,855000.0,155000.0,-155000.0,-0.18128654970760233,-155000.0,-0.18128654970760233,Down,0,1,0,4,4,2,0,1,1,1,0,0,1,5,22,2.639057329615259,6,9,54,550782.7152777778,2,3,0,1,0,0,0,0,0,0,0,0,0,1,1,0,0,1,0,0,1,1,0,0,0,0,1,0,0,0,1,1,0
R0325,4,3,3,2026-04-18 21:05:16,825000.0,Down,900000.0,900000.0,700000.0,855000.0,1,1,818333.3333333334,85667.31517264264,700000.0,900000.0,200000.0,200000.0,0.2857142857142857,200000.0,0.2857142857142857,Up,1,0,0,4,3,2,0,0,0,1,0,0,1,5,22,2.639057329615259,6,9,54,550782.7152777778,2,3,0,1,0,0,0,0,0,0,0,0,0,1,1,0,0,1,0,0,1,1,0,0,0,0,1,0,0,0,1,1,2
R0326,2,1,1,2026-05-02 21:06:26,370000.0,Down,505000.0,505000.0,0.0,0.0,0,0,505000.0,0.0,505000.0,505000.0,0.0,0.0,0.0,0.0,0.0,Stable,0,0,1,5,1,2,1,0,1,1,0,0,0,3,29,2.833213344056216,5,4,20,460955.5,0,4,0,0,0,1,0,1,1,1,0,1,1,0,1,0,1,0,1,0,0,1,0,1,0,0,1,0,1,1,0,0,1
R0326,3,2,2,2026-04-25 21:06:26,600000.0,Up,370000.0,370000.0,505000.0,0.0,1,0,437500.0,67500.0,370000.0,505000.0,135000.0,-135000.0,-0.26732673267326734,-135000.0,-0.26732673267326734,Down,0,1,0,4,4,2,0,1,1,1,0,0,0,3,29,2.833213344056216,5,4,20,460955.5,0,4,0,0,0,1,0,1,1,1,0,1,1,0,1,0,1,0,1,0,0,1,0,1,0,0,1,0,1,1,0,0,0
R0326,4,3,3,2026-04-18 21:06:26,680000.0,Up,600000.0,600000.0,370000.0,505000.0,1,1,491666.6666666667,94369.25111261377,370000.0,600000.0,230000.0,230000.0,0.6216216216216216,230000.0,0.6216216216216216,Up,1,0,0,4,3,2,0,0,0,1,0,0,0,3,29,2.833213344056216,5,4,20,460955.5,0,4,0,0,0,1,0,1,1,1,0,1,1,0,1,0,1,0,1,0,0,1,0,1,0,0,1,0,1,1,0,0,2
R0327,2,1,1,2026-05-02 21:18:09,380000.0,Down,425000.0,425000.0,0.0,0.0,0,0,425000.0,0.0,425000.0,425000.0,0.0,0.0,0.0,0.0,0.0,Stable,0,0,1,5,1,2,1,0,1,1,0,0,0,5,23,3.4657359027997265,5,4,20,550782.7152777778,2,1,0,0,0,1,0,0,1,0,0,1,0,0,1,0,0,0,0,0,0,1,0,0,1,1,1,0,0,0,0,0,1
R0327,3,2,2,2026-04-25 21:18:09,340000.0,Down,380000.0,380000.0,425000.0,0.0,1,0,402500.0,22500.0,380000.0,425000.0,45000.0,-45000.0,-0.10588235294117647,-45000.0,-0.10588235294117647,Down,0,1,0,4,4,2,0,1,1,1,0,0,0,5,23,3.4657359027997265,5,4,20,550782.7152777778,2,1,0,0,0,1,0,0,1,0,0,1,0,0,1,0,0,0,0,0,0,1,0,0,1,1,1,0,0,0,0,0,0
R0327,4,3,3,2026-04-18 21:18:09,420000.0,Up,340000.0,340000.0,380000.0,425000.0,1,1,381666.6666666667,34721.111093332765,340000.0,425000.0,85000.0,-40000.0,-0.10526315789473684,-40000.0,-0.10526315789473684,Down,0,1,0,4,3,2,0,0,0,1,0,0,0,5,23,3.4657359027997265,5,4,20,550782.7152777778,2,1,0,0,0,1,0,0,1,0,0,1,0,0,1,0,0,0,0,0,0,1,0,0,1,1,1,0,0,0,0,0,0
R0328,2,1,1,2026-05-02 21:30:07,900000.0,Up,785000.0,785000.0,0.0,0.0,0,0,785000.0,0.0,785000.0,785000.0,0.0,0.0,0.0,0.0,0.0,Stable,0,0,1,5,1,2,1,0,1,1,0,0,0,1,23,4.248495242049359,6,5,30,739240.8333333334,2,0,1,0,0,0,0,0,0,0,0,0,1,0,1,0,0,1,0,0,0,1,0,0,1,1,1,0,1,0,1,0,1
R0328,3,2,2,2026-04-25 21:30:07,1290000.0,Up,900000.0,900000.0,785000.0,0.0,1,0,842500.0,57500.0,785000.0,900000.0,115000.0,115000.0,0.1464968152866242,115000.0,0.1464968152866242,Up,1,0,0,4,4,2,0,1,1,1,0,0,0,1,23,4.248495242049359,6,5,30,739240.8333333334,2,0,1,0,0,0,0,0,0,0,0,0,1,0,1,0,0,1,0,0,0,1,0,0,1,1,1,0,1,0,1,0,2
R0328,4,3,3,2026-04-18 21:30:07,875000.0,Down,1290000.0,1290000.0,900000.0,785000.0,1,1,991666.6666666666,216114.68149007266,785000.0,1290000.0,505000.0,390000.0,0.43333333333333335,390000.0,0.43333333333333335,Up,1,0,0,4,3,2,0,0,0,1,0,0,0,1,23,4.248495242049359,6,5,30,739240.8333333334,2,0,1,0,0,0,0,0,0,0,0,0,1,0,1,0,0,1,0,0,0,1,0,0,1,1,1,0,1,0,1,0,2
R0329,2,1,1,2026-05-02 22:03:59,570000.0,Up,525000.0,525000.0,0.0,0.0,0,0,525000.0,0.0,525000.0,525000.0,0.0,0.0,0.0,0.0,0.0,Stable,0,0,1,5,1,2,1,0,1,1,0,0,0,0,33,2.833213344056216,4,3,12,518297.0,1,3,0,0,0,0,0,1,1,1,0,0,0,0,0,0,0,1,0,0,0,1,0,1,0,0,0,0,0,0,1,0,1
R0329,3,2,2,2026-04-25 22:03:59,590000.0,Stable,570000.0,570000.0,525000.0,0.0,1,0,547500.0,22500.0,525000.0,570000.0,45000.0,45000.0,0.08571428571428572,45000.0,0.08571428571428572,Up,1,0,0,4,4,2,0,1,1,1,0,0,0,0,33,2.833213344056216,4,3,12,518297.0,1,3,0,0,0,0,0,1,1,1,0,0,0,0,0,0,0,1,0,0,0,1,0,1,0,0,0,0,0,0,1,0,2
R0329,4,3,3,2026-04-18 22:03:59,530000.0,Down,590000.0,590000.0,570000.0,525000.0,1,1,561666.6666666666,27182.510717166817,525000.0,590000.0,65000.0,20000.0,0.03508771929824561,20000.0,0.03508771929824561,Stable,0,0,1,4,3,2,0,0,0,1,0,0,0,0,33,2.833213344056216,4,3,12,518297.0,1,3,0,0,0,0,0,1,1,1,0,0,0,0,0,0,0,1,0,0,0,1,0,1,0,0,0,0,0,0,1,0,1
R0330,2,1,1,2026-05-02 22:13:47,500000.0,Down,1336200.0,1336200.0,0.0,0.0,0,0,1336200.0,0.0,1336200.0,1336200.0,0.0,0.0,0.0,0.0,0.0,Stable,0,0,1,5,1,2,1,0,1,1,0,0,0,1,47,3.6888794541139363,6,10,60,739240.8333333334,2,0,0,1,0,0,0,1,0,0,0,0,0,0,1,0,1,0,0,1,0,1,0,1,0,0,1,0,0,1,0,0,1
R0330,3,2,2,2026-04-25 22:13:47,725000.0,Up,500000.0,500000.0,1336200.0,0.0,1,0,918100.0,418100.0,500000.0,1336200.0,836200.0,-836200.0,-0.625804520281395,-836200.0,-0.625804520281395,Down,0,1,0,4,4,2,0,1,1,1,0,0,0,1,47,3.6888794541139363,6,10,60,739240.8333333334,2,0,0,1,0,0,0,1,0,0,0,0,0,0,1,0,1,0,0,1,0,1,0,1,0,0,1,0,0,1,0,0,0
R0330,4,3,3,2026-04-18 22:13:47,650000.0,Down,725000.0,725000.0,500000.0,1336200.0,1,1,853733.3333333334,353305.1686888011,500000.0,1336200.0,836200.0,225000.0,0.45,225000.0,0.45,Up,1,0,0,4,3,2,0,0,0,1,0,0,0,1,47,3.6888794541139363,6,10,60,739240.8333333334,2,0,0,1,0,0,0,1,0,0,0,0,0,0,1,0,1,0,0,1,0,1,0,1,0,0,1,0,0,1,0,0,2
R0331,2,1,1,2026-05-02 23:11:19,200000.0,Down,250000.0,250000.0,0.0,0.0,0,0,250000.0,0.0,250000.0,250000.0,0.0,0.0,0.0,0.0,0.0,Stable,0,0,1,5,1,2,1,0,1,1,0,0,2,7,39,4.394449154672439,7,10,70,517481.9375,2,4,0,0,0,0,0,0,0,0,0,1,0,1,1,0,0,1,1,0,0,1,0,0,0,0,1,0,0,0,1,1,1
R0331,3,2,2,2026-04-25 23:11:19,225000.0,Up,200000.0,200000.0,250000.0,0.0,1,0,225000.0,25000.0,200000.0,250000.0,50000.0,-50000.0,-0.2,-50000.0,-0.2,Down,0,1,0,4,4,2,0,1,1,1,0,0,2,7,39,4.394449154672439,7,10,70,517481.9375,2,4,0,0,0,0,0,0,0,0,0,1,0,1,1,0,0,1,1,0,0,1,0,0,0,0,1,0,0,0,1,1,0
R0331,4,3,3,2026-04-18 23:11:19,430000.0,Up,225000.0,225000.0,200000.0,250000.0,1,1,225000.0,20412.41452319315,200000.0,250000.0,50000.0,25000.0,0.125,25000.0,0.125,Up,1,0,0,4,3,2,0,0,0,1,0,0,2,7,39,4.394449154672439,7,10,70,517481.9375,2,4,0,0,0,0,0,0,0,0,0,1,0,1,1,0,0,1,1,0,0,1,0,0,0,0,1,0,0,0,1,1,2
R0332,2,1,1,2026-05-02 23:54:39,16800.0,Down,155000.0,155000.0,0.0,0.0,0,0,155000.0,0.0,155000.0,155000.0,0.0,0.0,0.0,0.0,0.0,Stable,0,0,1,5,1,2,1,0,1,1,0,0,0,1,21,0.6931471805599453,6,6,36,739240.8333333334,0,0,0,0,0,1,0,1,1,1,0,0,0,1,0,1,0,0,1,0,0,1,0,1,0,0,0,1,0,0,0,1,1
R0332,3,2,2,2026-04-25 23:54:39,150000.0,Up,16800.0,16800.0,155000.0,0.0,1,0,85900.0,69100.0,16800.0,155000.0,138200.0,-138200.0,-0.8916129032258064,-138200.0,-0.8916129032258064,Down,0,1,0,4,4,2,0,1,1,1,0,0,0,1,21,0.6931471805599453,6,6,36,739240.8333333334,0,0,0,0,0,1,0,1,1,1,0,0,0,1,0,1,0,0,1,0,0,1,0,1,0,0,0,1,0,0,0,1,0
R0332,4,3,3,2026-04-18 23:54:39,150000.0,Stable,150000.0,150000.0,16800.0,155000.0,1,1,107266.66666666667,64002.15274157234,16800.0,155000.0,138200.0,133200.0,7.928571428571429,133200.0,7.928571428571429,Up,1,0,0,4,3,2,0,0,0,1,0,0,0,1,21,0.6931471805599453,6,6,36,739240.8333333334,0,0,0,0,0,1,0,1,1,1,0,0,0,1,0,1,0,0,1,0,0,1,0,1,0,0,0,1,0,0,0,1,2
R0333,2,1,1,2026-05-03 00:37:07,625000.0,Stable,610000.0,610000.0,0.0,0.0,0,0,610000.0,0.0,610000.0,610000.0,0.0,0.0,0.0,0.0,0.0,Stable,0,0,1,5,1,2,1,0,1,1,0,0,1,3,36,2.5649493574615367,7,8,56,460955.5,1,3,0,1,0,0,0,0,0,0,0,0,0,0,1,0,1,0,0,1,0,1,0,0,0,0,1,0,0,1,0,0,1
R0333,3,2,2,2026-04-26 00:37:07,725000.0,Up,625000.0,625000.0,610000.0,0.0,1,0,617500.0,7500.0,610000.0,625000.0,15000.0,15000.0,0.02459016393442623,15000.0,0.02459016393442623,Stable,0,0,1,4,4,2,0,1,1,1,0,0,1,3,36,2.5649493574615367,7,8,56,460955.5,1,3,0,1,0,0,0,0,0,0,0,0,0,0,1,0,1,0,0,1,0,1,0,0,0,0,1,0,0,1,0,0,1
R0333,4,3,3,2026-04-19 00:37:07,625000.0,Down,725000.0,725000.0,625000.0,610000.0,1,1,653333.3333333334,51044.642770378516,610000.0,725000.0,115000.0,100000.0,0.16,100000.0,0.16,Up,1,0,0,4,3,2,0,0,0,1,0,0,1,3,36,2.5649493574615367,7,8,56,460955.5,1,3,0,1,0,0,0,0,0,0,0,0,0,0,1,0,1,0,0,1,0,1,0,0,0,0,1,0,0,1,0,0,2
R0334,2,1,1,2026-05-03 02:13:44,175000.0,Up,18400.0,18400.0,0.0,0.0,0,0,18400.0,0.0,18400.0,18400.0,0.0,0.0,0.0,0.0,0.0,Stable,0,0,1,5,1,2,1,0,1,1,0,0,0,5,17,2.8903717578961645,4,6,24,550782.7152777778,0,0,0,0,0,0,0,1,1,1,0,1,0,1,0,0,0,1,1,0,0,1,0,0,0,0,0,0,0,0,1,1,1
R0334,3,2,2,2026-04-26 02:13:44,180000.0,Stable,175000.0,175000.0,18400.0,0.0,1,0,96700.0,78300.0,18400.0,175000.0,156600.0,156600.0,8.51086956521739,156600.0,8.51086956521739,Up,1,0,0,4,4,2,0,1,1,1,0,0,0,5,17,2.8903717578961645,4,6,24,550782.7152777778,0,0,0,0,0,0,0,1,1,1,0,1,0,1,0,0,0,1,1,0,0,1,0,0,0,0,0,0,0,0,1,1,2
R0334,4,3,3,2026-04-19 02:13:44,280000.0,Up,180000.0,180000.0,175000.0,18400.0,1,1,124466.66666666667,75028.2317235023,18400.0,180000.0,161600.0,5000.0,0.02857142857142857,5000.0,0.02857142857142857,Stable,0,0,1,4,3,2,0,0,0,1,0,0,0,5,17,2.8903717578961645,4,6,24,550782.7152777778,0,0,0,0,0,0,0,1,1,1,0,1,0,1,0,0,0,1,1,0,0,1,0,0,0,0,0,0,0,0,1,1,1
R0335,2,1,1,2026-05-03 02:48:32,835000.0,Up,775000.0,775000.0,0.0,0.0,0,0,775000.0,0.0,775000.0,775000.0,0.0,0.0,0.0,0.0,0.0,Stable,0,0,1,5,1,2,1,0,1,1,0,0,0,0,36,3.1780538303479458,6,7,42,518297.0,2,2,0,0,1,0,0,0,0,0,0,0,0,1,0,1,0,0,0,0,0,1,0,0,0,0,0,1,0,0,0,1,1
R0335,3,2,2,2026-04-26 02:48:32,900000.0,Up,835000.0,835000.0,775000.0,0.0,1,0,805000.0,30000.0,775000.0,835000.0,60000.0,60000.0,0.07741935483870968,60000.0,0.07741935483870968,Up,1,0,0,4,4,2,0,1,1,1,0,0,0,0,36,3.1780538303479458,6,7,42,518297.0,2,2,0,0,1,0,0,0,0,0,0,0,0,1,0,1,0,0,0,0,0,1,0,0,0,0,0,1,0,0,0,1,2
R0335,4,3,3,2026-04-19 02:48:32,820000.0,Down,900000.0,900000.0,835000.0,775000.0,1,1,836666.6666666666,51044.642770378516,775000.0,900000.0,125000.0,65000.0,0.07784431137724551,65000.0,0.07784431137724551,Up,1,0,0,4,3,2,0,0,0,1,0,0,0,0,36,3.1780538303479458,6,7,42,518297.0,2,2,0,0,1,0,0,0,0,0,0,0,0,1,0,1,0,0,0,0,0,1,0,0,0,0,0,1,0,0,0,1,2
R0336,2,1,1,2026-05-03 03:09:55,310000.0,Stable,310000.0,310000.0,0.0,0.0,0,0,310000.0,0.0,310000.0,310000.0,0.0,0.0,0.0,0.0,0.0,Stable,0,0,1,5,1,2,1,0,1,1,0,0,0,0,18,3.6635616461296463,3,5,15,518297.0,1,0,0,0,0,1,0,0,1,0,0,0,1,1,1,0,0,0,0,0,0,1,0,0,0,1,1,0,1,0,0,1,1
R0336,3,2,2,2026-04-26 03:09:55,405000.0,Up,310000.0,310000.0,310000.0,0.0,1,0,310000.0,0.0,310000.0,310000.0,0.0,0.0,0.0,0.0,0.0,Stable,0,0,1,4,4,2,0,1,1,1,0,0,0,0,18,3.6635616461296463,3,5,15,518297.0,1,0,0,0,0,1,0,0,1,0,0,0,1,1,1,0,0,0,0,0,0,1,0,0,0,1,1,0,1,0,0,1,1
R0336,4,3,3,2026-04-19 03:09:55,225000.0,Down,405000.0,405000.0,310000.0,310000.0,1,1,341666.6666666667,44783.42947514801,310000.0,405000.0,95000.0,95000.0,0.3064516129032258,95000.0,0.3064516129032258,Up,1,0,0,4,3,2,0,0,0,1,0,0,0,0,18,3.6635616461296463,3,5,15,518297.0,1,0,0,0,0,1,0,0,1,0,0,0,1,1,1,0,0,0,0,0,0,1,0,0,0,1,1,0,1,0,0,1,2
R0337,2,1,1,2026-05-03 03:12:08,375000.0,Up,175000.0,175000.0,0.0,0.0,0,0,175000.0,0.0,175000.0,175000.0,0.0,0.0,0.0,0.0,0.0,Stable,0,0,1,5,1,2,1,0,1,1,0,0,0,3,18,3.828641396489095,2,2,4,460955.5,1,1,0,0,0,1,0,0,1,0,0,1,0,1,0,0,0,0,0,0,0,1,0,0,0,0,0,0,0,0,0,1,1
R0337,3,2,2,2026-04-26 03:12:08,400000.0,Up,375000.0,375000.0,175000.0,0.0,1,0,275000.0,100000.0,175000.0,375000.0,200000.0,200000.0,1.1428571428571428,200000.0,1.1428571428571428,Up,1,0,0,4,4,2,0,1,1,1,0,0,0,3,18,3.828641396489095,2,2,4,460955.5,1,1,0,0,0,1,0,0,1,0,0,1,0,1,0,0,0,0,0,0,0,1,0,0,0,0,0,0,0,0,0,1,2
R0337,4,3,3,2026-04-19 03:12:08,215000.0,Down,400000.0,400000.0,375000.0,175000.0,1,1,316666.6666666667,100692.04977995476,175000.0,400000.0,225000.0,25000.0,0.06666666666666667,25000.0,0.06666666666666667,Up,1,0,0,4,3,2,0,0,0,1,0,0,0,3,18,3.828641396489095,2,2,4,460955.5,1,1,0,0,0,1,0,0,1,0,0,1,0,1,0,0,0,0,0,0,0,1,0,0,0,0,0,0,0,0,0,1,2
R0338,2,1,1,2026-05-03 05:18:10,135000.0,Stable,140000.0,140000.0,0.0,0.0,0,0,140000.0,0.0,140000.0,140000.0,0.0,0.0,0.0,0.0,0.0,Stable,0,0,1,5,1,2,1,0,1,1,0,0,0,2,26,3.2188758248682006,3,5,15,442180.75,0,4,0,0,0,1,0,0,1,0,0,1,1,1,1,0,0,0,0,0,1,1,0,0,0,1,1,0,1,0,0,1,1
R0338,3,2,2,2026-04-26 05:18:10,80000.0,Down,135000.0,135000.0,140000.0,0.0,1,0,137500.0,2500.0,135000.0,140000.0,5000.0,-5000.0,-0.03571428571428571,-5000.0,-0.03571428571428571,Stable,0,0,1,4,4,2,0,1,1,1,0,0,0,2,26,3.2188758248682006,3,5,15,442180.75,0,4,0,0,0,1,0,0,1,0,0,1,1,1,1,0,0,0,0,0,1,1,0,0,0,1,1,0,1,0,0,1,1
R0338,4,3,3,2026-04-19 05:18:10,6800.0,Down,80000.0,80000.0,135000.0,140000.0,1,1,118333.33333333333,27182.510717166817,80000.0,140000.0,60000.0,-55000.0,-0.4074074074074074,-55000.0,-0.4074074074074074,Down,0,1,0,4,3,2,0,0,0,1,0,0,0,2,26,3.2188758248682006,3,5,15,442180.75,0,4,0,0,0,1,0,0,1,0,0,1,1,1,1,0,0,0,0,0,1,1,0,0,0,1,1,0,1,0,0,1,0
R0339,2,1,1,2026-05-03 08:24:40,755000.0,Down,1000000.0,1000000.0,0.0,0.0,0,0,1000000.0,0.0,1000000.0,1000000.0,0.0,0.0,0.0,0.0,0.0,Stable,0,0,1,5,1,2,1,0,1,1,0,0,1,7,22,4.330733340286331,5,8,40,517481.9375,2,1,0,1,0,0,0,0,0,0,0,0,0,1,0,0,1,1,0,1,0,1,0,1,0,0,0,0,0,1,1,1,1
R0339,3,2,2,2026-04-26 08:24:40,1350000.0,Up,755000.0,755000.0,1000000.0,0.0,1,0,877500.0,122500.0,755000.0,1000000.0,245000.0,-245000.0,-0.245,-245000.0,-0.245,Down,0,1,0,4,4,2,0,1,1,1,0,0,1,7,22,4.330733340286331,5,8,40,517481.9375,2,1,0,1,0,0,0,0,0,0,0,0,0,1,0,0,1,1,0,1,0,1,0,1,0,0,0,0,0,1,1,1,0
R0339,4,3,3,2026-04-19 08:24:40,1200000.0,Down,1350000.0,1350000.0,755000.0,1000000.0,1,1,1035000.0,244165.24459199075,755000.0,1350000.0,595000.0,595000.0,0.7880794701986755,595000.0,0.7880794701986755,Up,1,0,0,4,3,2,0,0,0,1,0,0,1,7,22,4.330733340286331,5,8,40,517481.9375,2,1,0,1,0,0,0,0,0,0,0,0,0,1,0,0,1,1,0,1,0,1,0,1,0,0,0,0,0,1,1,1,2
R0340,2,1,1,2026-05-03 08:44:30,640000.0,Up,35000.0,35000.0,0.0,0.0,0,0,35000.0,0.0,35000.0,35000.0,0.0,0.0,0.0,0.0,0.0,Stable,0,0,1,5,1,2,1,0,1,1,0,0,0,1,26,3.9512437185814275,5,7,35,739240.8333333334,1,1,0,0,0,0,0,1,1,1,0,1,0,1,0,1,0,1,0,0,0,1,0,1,0,1,0,1,0,0,1,1,1
R0340,3,2,2,2026-04-26 08:44:30,600000.0,Down,640000.0,640000.0,35000.0,0.0,1,0,337500.0,302500.0,35000.0,640000.0,605000.0,605000.0,17.285714285714285,605000.0,17.285714285714285,Up,1,0,0,4,4,2,0,1,1,1,0,0,0,1,26,3.9512437185814275,5,7,35,739240.8333333334,1,1,0,0,0,0,0,1,1,1,0,1,0,1,0,1,0,1,0,0,0,1,0,1,0,1,0,1,0,0,1,1,2
R0340,4,3,3,2026-04-19 08:44:30,755000.0,Up,600000.0,600000.0,640000.0,35000.0,1,1,425000.0,276254.7133836211,35000.0,640000.0,605000.0,-40000.0,-0.0625,-40000.0,-0.0625,Down,0,1,0,4,3,2,0,0,0,1,0,0,0,1,26,3.9512437185814275,5,7,35,739240.8333333334,1,1,0,0,0,0,0,1,1,1,0,1,0,1,0,1,0,1,0,0,0,1,0,1,0,1,0,1,0,0,1,1,0
R0341,2,1,1,2026-05-03 09:26:16,505000.0,Up,325000.0,325000.0,0.0,0.0,0,0,325000.0,0.0,325000.0,325000.0,0.0,0.0,0.0,0.0,0.0,Stable,0,0,1,5,1,2,1,0,1,1,0,0,0,4,28,3.5553480614894135,4,3,12,653189.75,0,3,0,0,0,0,0,1,1,1,0,0,0,1,0,0,0,1,0,0,0,1,0,1,0,0,0,0,0,0,1,1,1
R0341,3,2,2,2026-04-26 09:26:16,510000.0,Stable,505000.0,505000.0,325000.0,0.0,1,0,415000.0,90000.0,325000.0,505000.0,180000.0,180000.0,0.5538461538461539,180000.0,0.5538461538461539,Up,1,0,0,4,4,2,0,1,1,1,0,0,0,4,28,3.5553480614894135,4,3,12,653189.75,0,3,0,0,0,0,0,1,1,1,0,0,0,1,0,0,0,1,0,0,0,1,0,1,0,0,0,0,0,0,1,1,2
R0341,4,3,3,2026-04-19 09:26:16,200000.0,Down,510000.0,510000.0,505000.0,325000.0,1,1,446666.6666666667,86055.53762283723,325000.0,510000.0,185000.0,5000.0,0.009900990099009901,5000.0,0.009900990099009901,Stable,0,0,1,4,3,2,0,0,0,1,0,0,0,4,28,3.5553480614894135,4,3,12,653189.75,0,3,0,0,0,0,0,1,1,1,0,0,0,1,0,0,0,1,0,0,0,1,0,1,0,0,0,0,0,0,1,1,1
R0342,2,1,1,2026-05-03 09:45:39,475000.0,Stable,480000.0,480000.0,0.0,0.0,0,0,480000.0,0.0,480000.0,480000.0,0.0,0.0,0.0,0.0,0.0,Stable,0,0,1,5,1,2,1,0,1,1,0,0,0,6,25,3.6375861597263857,5,7,35,559306.0,0,1,0,0,0,0,0,1,1,1,0,0,0,0,0,0,0,1,0,0,0,1,0,0,0,1,0,0,0,0,1,0,1
R0342,3,2,2,2026-04-26 09:45:39,460000.0,Stable,475000.0,475000.0,480000.0,0.0,1,0,477500.0,2500.0,475000.0,480000.0,5000.0,-5000.0,-0.010416666666666666,-5000.0,-0.010416666666666666,Stable,0,0,1,4,4,2,0,1,1,1,0,0,0,6,25,3.6375861597263857,5,7,35,559306.0,0,1,0,0,0,0,0,1,1,1,0,0,0,0,0,0,0,1,0,0,0,1,0,0,0,1,0,0,0,0,1,0,1
R0342,4,3,3,2026-04-19 09:45:39,450000.0,Stable,460000.0,460000.0,475000.0,480000.0,1,1,471666.6666666667,8498.365855987975,460000.0,480000.0,20000.0,-15000.0,-0.031578947368421054,-15000.0,-0.031578947368421054,Stable,0,0,1,4,3,2,0,0,0,1,0,0,0,6,25,3.6375861597263857,5,7,35,559306.0,0,1,0,0,0,0,0,1,1,1,0,0,0,0,0,0,0,1,0,0,0,1,0,0,0,1,0,0,0,0,1,0,1
R0343,2,1,1,2026-05-03 09:51:57,260000.0,Up,85000.0,85000.0,0.0,0.0,0,0,85000.0,0.0,85000.0,85000.0,0.0,0.0,0.0,0.0,0.0,Stable,0,0,1,5,1,2,1,0,1,1,0,0,0,1,23,2.9444389791664403,4,8,32,739240.8333333334,0,2,1,0,0,0,0,0,0,0,0,0,0,0,1,0,0,0,0,0,0,1,0,0,0,0,1,0,0,0,0,0,1
R0343,3,2,2,2026-04-26 09:51:57,10000.0,Down,260000.0,260000.0,85000.0,0.0,1,0,172500.0,87500.0,85000.0,260000.0,175000.0,175000.0,2.0588235294117645,175000.0,2.0588235294117645,Up,1,0,0,4,4,2,0,1,1,1,0,0,0,1,23,2.9444389791664403,4,8,32,739240.8333333334,0,2,1,0,0,0,0,0,0,0,0,0,0,0,1,0,0,0,0,0,0,1,0,0,0,0,1,0,0,0,0,0,2
R0343,4,3,3,2026-04-19 09:51:57,200000.0,Up,10000.0,10000.0,260000.0,85000.0,1,1,118333.33333333333,104748.37574980446,10000.0,260000.0,250000.0,-250000.0,-0.9615384615384616,-250000.0,-0.9615384615384616,Down,0,1,0,4,3,2,0,0,0,1,0,0,0,1,23,2.9444389791664403,4,8,32,739240.8333333334,0,2,1,0,0,0,0,0,0,0,0,0,0,0,1,0,0,0,0,0,0,1,0,0,0,0,1,0,0,0,0,0,0
R0344,2,1,1,2026-05-03 10:29:15,275000.0,Stable,265000.0,265000.0,0.0,0.0,0,0,265000.0,0.0,265000.0,265000.0,0.0,0.0,0.0,0.0,0.0,Stable,0,0,1,5,1,2,1,0,1,1,0,0,0,1,39,3.044522437723423,6,5,30,739240.8333333334,2,4,0,0,0,1,0,0,1,0,0,0,1,0,0,1,0,1,0,0,0,1,0,0,0,0,0,1,1,0,1,0,1
R0344,3,2,2,2026-04-26 10:29:15,515000.0,Up,275000.0,275000.0,265000.0,0.0,1,0,270000.0,5000.0,265000.0,275000.0,10000.0,10000.0,0.03773584905660377,10000.0,0.03773584905660377,Stable,0,0,1,4,4,2,0,1,1,1,0,0,0,1,39,3.044522437723423,6,5,30,739240.8333333334,2,4,0,0,0,1,0,0,1,0,0,0,1,0,0,1,0,1,0,0,0,1,0,0,0,0,0,1,1,0,1,0,1
R0344,4,3,3,2026-04-19 10:29:15,570000.0,Up,515000.0,515000.0,275000.0,265000.0,1,1,351666.6666666667,115566.23882239811,265000.0,515000.0,250000.0,240000.0,0.8727272727272727,240000.0,0.8727272727272727,Up,1,0,0,4,3,2,0,0,0,1,0,0,0,1,39,3.044522437723423,6,5,30,739240.8333333334,2,4,0,0,0,1,0,0,1,0,0,0,1,0,0,1,0,1,0,0,0,1,0,0,0,0,0,1,1,0,1,0,2
R0345,2,1,1,2026-05-03 11:34:33,830000.0,Up,605000.0,605000.0,0.0,0.0,0,0,605000.0,0.0,605000.0,605000.0,0.0,0.0,0.0,0.0,0.0,Stable,0,0,1,5,1,2,1,0,1,1,0,0,0,7,26,2.5649493574615367,5,7,35,517481.9375,2,2,0,0,0,0,0,1,1,1,0,0,1,0,0,0,0,0,0,0,0,1,0,0,0,1,0,0,1,0,0,0,1
R0345,3,2,2,2026-04-26 11:34:33,375000.0,Down,830000.0,830000.0,605000.0,0.0,1,0,717500.0,112500.0,605000.0,830000.0,225000.0,225000.0,0.371900826446281,225000.0,0.371900826446281,Up,1,0,0,4,4,2,0,1,1,1,0,0,0,7,26,2.5649493574615367,5,7,35,517481.9375,2,2,0,0,0,0,0,1,1,1,0,0,1,0,0,0,0,0,0,0,0,1,0,0,0,1,0,0,1,0,0,0,2
R0345,4,3,3,2026-04-19 11:34:33,675000.0,Up,375000.0,375000.0,830000.0,605000.0,1,1,603333.3333333334,185756.71066089525,375000.0,830000.0,455000.0,-455000.0,-0.5481927710843374,-455000.0,-0.5481927710843374,Down,0,1,0,4,3,2,0,0,0,1,0,0,0,7,26,2.5649493574615367,5,7,35,517481.9375,2,2,0,0,0,0,0,1,1,1,0,0,1,0,0,0,0,0,0,0,0,1,0,0,0,1,0,0,1,0,0,0,0
R0346,2,1,1,2026-05-03 12:07:16,915000.0,Stable,890000.0,890000.0,0.0,0.0,0,0,890000.0,0.0,890000.0,890000.0,0.0,0.0,0.0,0.0,0.0,Stable,0,0,1,5,1,2,1,0,1,1,0,0,0,6,37,3.295836866004329,6,5,30,559306.0,2,2,0,0,0,0,0,0,0,0,0,1,1,0,0,1,0,1,1,0,0,1,0,1,0,0,0,1,1,0,1,0,1
R0346,3,2,2,2026-04-26 12:07:16,775000.0,Down,915000.0,915000.0,890000.0,0.0,1,0,902500.0,12500.0,890000.0,915000.0,25000.0,25000.0,0.028089887640449437,25000.0,0.028089887640449437,Stable,0,0,1,4,4,2,0,1,1,1,0,0,0,6,37,3.295836866004329,6,5,30,559306.0,2,2,0,0,0,0,0,0,0,0,0,1,1,0,0,1,0,1,1,0,0,1,0,1,0,0,0,1,1,0,1,0,1
R0346,4,3,3,2026-04-19 12:07:16,500000.0,Down,775000.0,775000.0,915000.0,890000.0,1,1,860000.0,60964.4705272396,775000.0,915000.0,140000.0,-140000.0,-0.15300546448087432,-140000.0,-0.15300546448087432,Down,0,1,0,4,3,2,0,0,0,1,0,0,0,6,37,3.295836866004329,6,5,30,559306.0,2,2,0,0,0,0,0,0,0,0,0,1,1,0,0,1,0,1,1,0,0,1,0,1,0,0,0,1,1,0,1,0,0
R0347,2,1,1,2026-05-03 12:16:14,310000.0,Down,350000.0,350000.0,0.0,0.0,0,0,350000.0,0.0,350000.0,350000.0,0.0,0.0,0.0,0.0,0.0,Stable,0,0,1,5,1,2,1,0,1,1,0,0,0,5,32,2.70805020110221,4,8,32,550782.7152777778,1,1,0,0,0,0,0,0,0,0,0,1,1,0,0,0,0,0,0,0,0,1,0,0,0,0,0,0,1,0,0,0,1
R0347,3,2,2,2026-04-26 12:16:14,350000.0,Up,310000.0,310000.0,350000.0,0.0,1,0,330000.0,20000.0,310000.0,350000.0,40000.0,-40000.0,-0.11428571428571428,-40000.0,-0.11428571428571428,Down,0,1,0,4,4,2,0,1,1,1,0,0,0,5,32,2.70805020110221,4,8,32,550782.7152777778,1,1,0,0,0,0,0,0,0,0,0,1,1,0,0,0,0,0,0,0,0,1,0,0,0,0,0,0,1,0,0,0,0
R0347,4,3,3,2026-04-19 12:16:14,350000.0,Stable,350000.0,350000.0,310000.0,350000.0,1,1,336666.6666666667,18856.180831641268,310000.0,350000.0,40000.0,40000.0,0.12903225806451613,40000.0,0.12903225806451613,Up,1,0,0,4,3,2,0,0,0,1,0,0,0,5,32,2.70805020110221,4,8,32,550782.7152777778,1,1,0,0,0,0,0,0,0,0,0,1,1,0,0,0,0,0,0,0,0,1,0,0,0,0,0,0,1,0,0,0,2
R0348,2,1,1,2026-05-03 12:23:12,310000.0,Stable,325000.0,325000.0,0.0,0.0,0,0,325000.0,0.0,325000.0,325000.0,0.0,0.0,0.0,0.0,0.0,Stable,0,0,1,5,1,2,1,0,1,1,0,0,0,4,31,4.07753744390572,5,5,25,653189.75,1,3,0,0,0,0,0,0,0,0,0,1,1,0,0,0,0,0,0,0,0,1,0,0,0,0,0,0,1,0,0,0,1
R0348,3,2,2,2026-04-26 12:23:12,380000.0,Up,310000.0,310000.0,325000.0,0.0,1,0,317500.0,7500.0,310000.0,325000.0,15000.0,-15000.0,-0.046153846153846156,-15000.0,-0.046153846153846156,Stable,0,0,1,4,4,2,0,1,1,1,0,0,0,4,31,4.07753744390572,5,5,25,653189.75,1,3,0,0,0,0,0,0,0,0,0,1,1,0,0,0,0,0,0,0,0,1,0,0,0,0,0,0,1,0,0,0,1
R0348,4,3,3,2026-04-19 12:23:12,350000.0,Down,380000.0,380000.0,310000.0,325000.0,1,1,338333.3333333333,30092.450142112983,310000.0,380000.0,70000.0,70000.0,0.22580645161290322,70000.0,0.22580645161290322,Up,1,0,0,4,3,2,0,0,0,1,0,0,0,4,31,4.07753744390572,5,5,25,653189.75,1,3,0,0,0,0,0,0,0,0,0,1,1,0,0,0,0,0,0,0,0,1,0,0,0,0,0,0,1,0,0,0,2
R0349,2,1,1,2026-05-03 12:54:39,800000.0,Down,1336200.0,1336200.0,0.0,0.0,0,0,1336200.0,0.0,1336200.0,1336200.0,0.0,0.0,0.0,0.0,0.0,Stable,0,0,1,5,1,2,1,0,1,1,0,0,1,4,38,3.1780538303479458,5,9,45,653189.75,2,1,0,1,0,0,0,0,0,0,0,0,0,0,0,0,0,1,0,0,0,1,0,1,1,0,0,0,0,0,1,0,1
R0349,3,2,2,2026-04-26 12:54:39,1040000.0,Up,800000.0,800000.0,1336200.0,0.0,1,0,1068100.0,268100.0,800000.0,1336200.0,536200.0,-536200.0,-0.401287232450232,-536200.0,-0.401287232450232,Down,0,1,0,4,4,2,0,1,1,1,0,0,1,4,38,3.1780538303479458,5,9,45,653189.75,2,1,0,1,0,0,0,0,0,0,0,0,0,0,0,0,0,1,0,0,0,1,0,1,1,0,0,0,0,0,1,0,0
R0349,4,3,3,2026-04-19 12:54:39,1330000.0,Up,1040000.0,1040000.0,800000.0,1336200.0,1,1,1058733.3333333333,219303.1590186415,800000.0,1336200.0,536200.0,240000.0,0.3,240000.0,0.3,Up,1,0,0,4,3,2,0,0,0,1,0,0,1,4,38,3.1780538303479458,5,9,45,653189.75,2,1,0,1,0,0,0,0,0,0,0,0,0,0,0,0,0,1,0,0,0,1,0,1,1,0,0,0,0,0,1,0,2
R0350,2,1,1,2026-05-03 13:35:44,360000.0,Down,570000.0,570000.0,0.0,0.0,0,0,570000.0,0.0,570000.0,570000.0,0.0,0.0,0.0,0.0,0.0,Stable,0,0,1,5,1,2,1,0,1,1,0,0,0,1,26,2.8903717578961645,5,4,20,739240.8333333334,1,4,1,0,0,0,0,0,0,0,0,0,1,0,0,0,0,0,0,0,1,1,0,0,0,1,0,0,1,0,0,0,1
R0350,3,2,2,2026-04-26 13:35:44,1340000.0,Up,360000.0,360000.0,570000.0,0.0,1,0,465000.0,105000.0,360000.0,570000.0,210000.0,-210000.0,-0.3684210526315789,-210000.0,-0.3684210526315789,Down,0,1,0,4,4,2,0,1,1,1,0,0,0,1,26,2.8903717578961645,5,4,20,739240.8333333334,1,4,1,0,0,0,0,0,0,0,0,0,1,0,0,0,0,0,0,0,1,1,0,0,0,1,0,0,1,0,0,0,0
R0350,4,3,3,2026-04-19 13:35:44,775000.0,Down,1340000.0,1340000.0,360000.0,570000.0,1,1,756666.6666666666,421294.3019895817,360000.0,1340000.0,980000.0,980000.0,2.7222222222222223,980000.0,2.7222222222222223,Up,1,0,0,4,3,2,0,0,0,1,0,0,0,1,26,2.8903717578961645,5,4,20,739240.8333333334,1,4,1,0,0,0,0,0,0,0,0,0,1,0,0,0,0,0,0,0,1,1,0,0,0,1,0,0,1,0,0,0,2
R0351,2,1,1,2026-05-03 13:39:35,250000.0,Up,190000.0,190000.0,0.0,0.0,0,0,190000.0,0.0,190000.0,190000.0,0.0,0.0,0.0,0.0,0.0,Stable,0,0,1,5,1,2,1,0,1,1,0,0,0,5,30,2.833213344056216,6,6,36,550782.7152777778,1,0,0,0,0,0,0,0,0,0,0,1,1,0,1,0,0,1,0,0,1,1,0,0,0,1,1,0,1,0,1,0,1
R0351,3,2,2,2026-04-26 13:39:35,250000.0,Stable,250000.0,250000.0,190000.0,0.0,1,0,220000.0,30000.0,190000.0,250000.0,60000.0,60000.0,0.3157894736842105,60000.0,0.3157894736842105,Up,1,0,0,4,4,2,0,1,1,1,0,0,0,5,30,2.833213344056216,6,6,36,550782.7152777778,1,0,0,0,0,0,0,0,0,0,0,1,1,0,1,0,0,1,0,0,1,1,0,0,0,1,1,0,1,0,1,0,2
R0351,4,3,3,2026-04-19 13:39:35,230000.0,Down,250000.0,250000.0,250000.0,190000.0,1,1,230000.0,28284.2712474619,190000.0,250000.0,60000.0,0.0,0.0,0.0,0.0,Stable,0,0,1,4,3,2,0,0,0,1,0,0,0,5,30,2.833213344056216,6,6,36,550782.7152777778,1,0,0,0,0,0,0,0,0,0,0,1,1,0,1,0,0,1,0,0,1,1,0,0,0,1,1,0,1,0,1,0,1
R0352,2,1,1,2026-05-03 13:45:58,565000.0,Down,715000.0,715000.0,0.0,0.0,0,0,715000.0,0.0,715000.0,715000.0,0.0,0.0,0.0,0.0,0.0,Stable,0,0,1,5,1,2,1,0,1,1,0,0,2,5,35,4.290459441148391,7,8,56,550782.7152777778,2,2,0,0,0,0,0,0,0,0,0,1,0,1,0,0,0,1,0,0,0,1,1,0,0,0,0,0,0,0,1,1,1
R0352,3,2,2,2026-04-26 13:45:58,500000.0,Down,565000.0,565000.0,715000.0,0.0,1,0,640000.0,75000.0,565000.0,715000.0,150000.0,-150000.0,-0.2097902097902098,-150000.0,-0.2097902097902098,Down,0,1,0,4,4,2,0,1,1,1,0,0,2,5,35,4.290459441148391,7,8,56,550782.7152777778,2,2,0,0,0,0,0,0,0,0,0,1,0,1,0,0,0,1,0,0,0,1,1,0,0,0,0,0,0,0,1,1,0
R0352,4,3,3,2026-04-19 13:45:58,300000.0,Down,500000.0,500000.0,565000.0,715000.0,1,1,593333.3333333334,90030.85890713004,500000.0,715000.0,215000.0,-65000.0,-0.11504424778761062,-65000.0,-0.11504424778761062,Down,0,1,0,4,3,2,0,0,0,1,0,0,2,5,35,4.290459441148391,7,8,56,550782.7152777778,2,2,0,0,0,0,0,0,0,0,0,1,0,1,0,0,0,1,0,0,0,1,1,0,0,0,0,0,0,0,1,1,0
R0353,2,1,1,2026-05-03 14:14:06,1060000.0,Up,290000.0,290000.0,0.0,0.0,0,0,290000.0,0.0,290000.0,290000.0,0.0,0.0,0.0,0.0,0.0,Stable,0,0,1,5,1,2,1,0,1,1,0,0,0,2,24,3.091042453358316,6,7,42,442180.75,1,2,1,0,0,0,0,0,0,0,0,1,1,0,1,0,0,0,0,0,0,1,0,0,1,1,1,0,1,0,0,0,1
R0353,3,2,2,2026-04-26 14:14:06,470000.0,Down,1060000.0,1060000.0,290000.0,0.0,1,0,675000.0,385000.0,290000.0,1060000.0,770000.0,770000.0,2.6551724137931036,770000.0,2.6551724137931036,Up,1,0,0,4,4,2,0,1,1,1,0,0,0,2,24,3.091042453358316,6,7,42,442180.75,1,2,1,0,0,0,0,0,0,0,0,1,1,0,1,0,0,0,0,0,0,1,0,0,1,1,1,0,1,0,0,0,2
R0353,4,3,3,2026-04-19 14:14:06,650000.0,Up,470000.0,470000.0,1060000.0,290000.0,1,1,606666.6666666666,328870.119584549,290000.0,1060000.0,770000.0,-590000.0,-0.5566037735849056,-590000.0,-0.5566037735849056,Down,0,1,0,4,3,2,0,0,0,1,0,0,0,2,24,3.091042453358316,6,7,42,442180.75,1,2,1,0,0,0,0,0,0,0,0,1,1,0,1,0,0,0,0,0,0,1,0,0,1,1,1,0,1,0,0,0,0
R0354,2,1,1,2026-05-03 14:20:19,350000.0,Down,500000.0,500000.0,0.0,0.0,0,0,500000.0,0.0,500000.0,500000.0,0.0,0.0,0.0,0.0,0.0,Stable,0,0,1,5,1,2,1,0,1,1,0,0,2,3,37,3.9889840465642745,4,6,24,460955.5,1,3,0,0,0,0,0,0,0,0,0,1,0,1,0,0,0,0,1,0,0,1,0,0,0,0,0,0,0,0,0,1,1
R0354,3,2,2,2026-04-26 14:20:19,1090000.0,Up,350000.0,350000.0,500000.0,0.0,1,0,425000.0,75000.0,350000.0,500000.0,150000.0,-150000.0,-0.3,-150000.0,-0.3,Down,0,1,0,4,4,2,0,1,1,1,0,0,2,3,37,3.9889840465642745,4,6,24,460955.5,1,3,0,0,0,0,0,0,0,0,0,1,0,1,0,0,0,0,1,0,0,1,0,0,0,0,0,0,0,0,0,1,0
R0354,4,3,3,2026-04-19 14:20:19,380000.0,Down,1090000.0,1090000.0,350000.0,500000.0,1,1,646666.6666666666,319409.1767971331,350000.0,1090000.0,740000.0,740000.0,2.1142857142857143,740000.0,2.1142857142857143,Up,1,0,0,4,3,2,0,0,0,1,0,0,2,3,37,3.9889840465642745,4,6,24,460955.5,1,3,0,0,0,0,0,0,0,0,0,1,0,1,0,0,0,0,1,0,0,1,0,0,0,0,0,0,0,0,0,1,2
R0355,2,1,1,2026-05-03 15:18:05,220000.0,Up,100000.0,100000.0,0.0,0.0,0,0,100000.0,0.0,100000.0,100000.0,0.0,0.0,0.0,0.0,0.0,Stable,0,0,1,5,1,2,1,0,1,1,0,0,0,6,26,3.4339872044851463,3,4,12,559306.0,0,2,0,0,0,0,0,0,0,0,0,1,0,1,1,0,0,0,0,0,1,1,0,0,0,1,1,0,0,0,0,1,1
R0355,3,2,2,2026-04-26 15:18:05,170000.0,Down,220000.0,220000.0,100000.0,0.0,1,0,160000.0,60000.0,100000.0,220000.0,120000.0,120000.0,1.2,120000.0,1.2,Up,1,0,0,4,4,2,0,1,1,1,0,0,0,6,26,3.4339872044851463,3,4,12,559306.0,0,2,0,0,0,0,0,0,0,0,0,1,0,1,1,0,0,0,0,0,1,1,0,0,0,1,1,0,0,0,0,1,2
R0355,4,3,3,2026-04-19 15:18:05,100000.0,Down,170000.0,170000.0,220000.0,100000.0,1,1,163333.33333333334,49216.076867444666,100000.0,220000.0,120000.0,-50000.0,-0.22727272727272727,-50000.0,-0.22727272727272727,Down,0,1,0,4,3,2,0,0,0,1,0,0,0,6,26,3.4339872044851463,3,4,12,559306.0,0,2,0,0,0,0,0,0,0,0,0,1,0,1,1,0,0,0,0,0,1,1,0,0,0,1,1,0,0,0,0,1,0
R0356,2,1,1,2026-05-03 15:29:34,335000.0,Down,355000.0,355000.0,0.0,0.0,0,0,355000.0,0.0,355000.0,355000.0,0.0,0.0,0.0,0.0,0.0,Stable,0,0,1,5,1,2,1,0,1,1,0,0,0,0,17,1.6094379124341003,5,6,30,518297.0,0,1,0,0,0,0,0,0,0,0,0,1,0,1,0,1,0,1,1,0,0,1,0,0,0,1,0,1,0,0,1,1,1
R0356,3,2,2,2026-04-26 15:29:34,300000.0,Down,335000.0,335000.0,355000.0,0.0,1,0,345000.0,10000.0,335000.0,355000.0,20000.0,-20000.0,-0.056338028169014086,-20000.0,-0.056338028169014086,Down,0,1,0,4,4,2,0,1,1,1,0,0,0,0,17,1.6094379124341003,5,6,30,518297.0,0,1,0,0,0,0,0,0,0,0,0,1,0,1,0,1,0,1,1,0,0,1,0,0,0,1,0,1,0,0,1,1,0
R0356,4,3,3,2026-04-19 15:29:34,300000.0,Stable,300000.0,300000.0,335000.0,355000.0,1,1,330000.0,22730.30282830976,300000.0,355000.0,55000.0,-35000.0,-0.1044776119402985,-35000.0,-0.1044776119402985,Down,0,1,0,4,3,2,0,0,0,1,0,0,0,0,17,1.6094379124341003,5,6,30,518297.0,0,1,0,0,0,0,0,0,0,0,0,1,0,1,0,1,0,1,1,0,0,1,0,0,0,1,0,1,0,0,1,1,0
R0357,2,1,1,2026-05-03 15:34:34,30000.0,Stable,30000.0,30000.0,0.0,0.0,0,0,30000.0,0.0,30000.0,30000.0,0.0,0.0,0.0,0.0,0.0,Stable,0,0,1,5,1,2,1,0,1,1,0,0,0,2,30,2.5649493574615367,4,7,28,442180.75,0,3,1,0,0,0,0,0,0,0,0,1,1,0,1,0,0,0,0,0,1,1,0,0,1,0,1,0,1,0,0,0,1
R0357,3,2,2,2026-04-26 15:34:34,775000.0,Up,30000.0,30000.0,30000.0,0.0,1,0,30000.0,0.0,30000.0,30000.0,0.0,0.0,0.0,0.0,0.0,Stable,0,0,1,4,4,2,0,1,1,1,0,0,0,2,30,2.5649493574615367,4,7,28,442180.75,0,3,1,0,0,0,0,0,0,0,0,1,1,0,1,0,0,0,0,0,1,1,0,0,1,0,1,0,1,0,0,0,1
R0357,4,3,3,2026-04-19 15:34:34,25000.0,Down,775000.0,775000.0,30000.0,30000.0,1,1,278333.3333333333,351196.3679893186,30000.0,775000.0,745000.0,745000.0,24.833333333333332,745000.0,24.833333333333332,Up,1,0,0,4,3,2,0,0,0,1,0,0,0,2,30,2.5649493574615367,4,7,28,442180.75,0,3,1,0,0,0,0,0,0,0,0,1,1,0,1,0,0,0,0,0,1,1,0,0,1,0,1,0,1,0,0,0,2
R0358,2,1,1,2026-05-03 15:42:30,25000.0,Stable,25000.0,25000.0,0.0,0.0,0,0,25000.0,0.0,25000.0,25000.0,0.0,0.0,0.0,0.0,0.0,Stable,0,0,1,5,1,2,1,0,1,1,0,0,0,2,25,3.4657359027997265,3,9,27,442180.75,1,4,1,0,0,0,0,0,0,0,0,0,1,0,1,0,0,0,0,0,0,1,0,0,0,0,1,0,1,0,0,0,1
R0358,3,2,2,2026-04-26 15:42:30,30000.0,Up,25000.0,25000.0,25000.0,0.0,1,0,25000.0,0.0,25000.0,25000.0,0.0,0.0,0.0,0.0,0.0,Stable,0,0,1,4,4,2,0,1,1,1,0,0,0,2,25,3.4657359027997265,3,9,27,442180.75,1,4,1,0,0,0,0,0,0,0,0,0,1,0,1,0,0,0,0,0,0,1,0,0,0,0,1,0,1,0,0,0,1
R0358,4,3,3,2026-04-19 15:42:30,650000.0,Up,30000.0,30000.0,25000.0,25000.0,1,1,26666.666666666668,2357.0226039551585,25000.0,30000.0,5000.0,5000.0,0.2,5000.0,0.2,Up,1,0,0,4,3,2,0,0,0,1,0,0,0,2,25,3.4657359027997265,3,9,27,442180.75,1,4,1,0,0,0,0,0,0,0,0,0,1,0,1,0,0,0,0,0,0,1,0,0,0,0,1,0,1,0,0,0,2
R0359,2,1,1,2026-05-03 16:39:03,675000.0,Stable,675000.0,675000.0,0.0,0.0,0,0,675000.0,0.0,675000.0,675000.0,0.0,0.0,0.0,0.0,0.0,Stable,0,0,1,5,1,2,1,0,1,1,0,0,0,1,34,3.1354942159291497,7,10,70,739240.8333333334,1,4,0,0,1,0,0,1,0,0,0,0,0,0,1,1,1,0,0,1,0,1,0,1,0,0,1,1,0,1,0,0,1
R0359,3,2,2,2026-04-26 16:39:03,1350000.0,Up,675000.0,675000.0,675000.0,0.0,1,0,675000.0,0.0,675000.0,675000.0,0.0,0.0,0.0,0.0,0.0,Stable,0,0,1,4,4,2,0,1,1,1,0,0,0,1,34,3.1354942159291497,7,10,70,739240.8333333334,1,4,0,0,1,0,0,1,0,0,0,0,0,0,1,1,1,0,0,1,0,1,0,1,0,0,1,1,0,1,0,0,1
R0359,4,3,3,2026-04-19 16:39:03,575000.0,Down,1350000.0,1350000.0,675000.0,675000.0,1,1,900000.0,318198.05153394636,675000.0,1350000.0,675000.0,675000.0,1.0,675000.0,1.0,Up,1,0,0,4,3,2,0,0,0,1,0,0,0,1,34,3.1354942159291497,7,10,70,739240.8333333334,1,4,0,0,1,0,0,1,0,0,0,0,0,0,1,1,1,0,0,1,0,1,0,1,0,0,1,1,0,1,0,0,2
R0360,2,1,1,2026-05-03 16:53:12,420000.0,Down,445000.0,445000.0,0.0,0.0,0,0,445000.0,0.0,445000.0,445000.0,0.0,0.0,0.0,0.0,0.0,Stable,0,0,1,5,1,2,1,0,1,1,0,0,0,2,31,3.6109179126442243,5,7,35,442180.75,0,4,1,0,0,0,0,0,0,0,0,0,1,0,1,0,0,0,0,0,0,1,0,0,0,0,1,0,1,0,0,0,1
R0360,3,2,2,2026-04-26 16:53:12,395000.0,Down,420000.0,420000.0,445000.0,0.0,1,0,432500.0,12500.0,420000.0,445000.0,25000.0,-25000.0,-0.056179775280898875,-25000.0,-0.056179775280898875,Down,0,1,0,4,4,2,0,1,1,1,0,0,0,2,31,3.6109179126442243,5,7,35,442180.75,0,4,1,0,0,0,0,0,0,0,0,0,1,0,1,0,0,0,0,0,0,1,0,0,0,0,1,0,1,0,0,0,0
R0360,4,3,3,2026-04-19 16:53:12,575000.0,Up,395000.0,395000.0,420000.0,445000.0,1,1,420000.0,20412.41452319315,395000.0,445000.0,50000.0,-25000.0,-0.05952380952380952,-25000.0,-0.05952380952380952,Down,0,1,0,4,3,2,0,0,0,1,0,0,0,2,31,3.6109179126442243,5,7,35,442180.75,0,4,1,0,0,0,0,0,0,0,0,0,1,0,1,0,0,0,0,0,0,1,0,0,0,0,1,0,1,0,0,0,0
R0361,2,1,1,2026-05-03 16:53:31,75000.0,Down,90000.0,90000.0,0.0,0.0,0,0,90000.0,0.0,90000.0,90000.0,0.0,0.0,0.0,0.0,0.0,Stable,0,0,1,5,1,2,1,0,1,1,0,0,0,6,21,4.418840607796598,4,4,16,559306.0,0,4,1,0,0,0,0,0,0,0,0,0,1,0,0,0,0,0,0,0,1,1,0,0,1,0,0,0,1,0,0,0,1
R0361,3,2,2,2026-04-26 16:53:31,80000.0,Up,75000.0,75000.0,90000.0,0.0,1,0,82500.0,7500.0,75000.0,90000.0,15000.0,-15000.0,-0.16666666666666666,-15000.0,-0.16666666666666666,Down,0,1,0,4,4,2,0,1,1,1,0,0,0,6,21,4.418840607796598,4,4,16,559306.0,0,4,1,0,0,0,0,0,0,0,0,0,1,0,0,0,0,0,0,0,1,1,0,0,1,0,0,0,1,0,0,0,0
R0361,4,3,3,2026-04-19 16:53:31,80000.0,Stable,80000.0,80000.0,75000.0,90000.0,1,1,81666.66666666667,6236.095644623236,75000.0,90000.0,15000.0,5000.0,0.06666666666666667,5000.0,0.06666666666666667,Up,1,0,0,4,3,2,0,0,0,1,0,0,0,6,21,4.418840607796598,4,4,16,559306.0,0,4,1,0,0,0,0,0,0,0,0,0,1,0,0,0,0,0,0,0,1,1,0,0,1,0,0,0,1,0,0,0,2
R0362,2,1,1,2026-05-03 17:29:39,540000.0,Down,625000.0,625000.0,0.0,0.0,0,0,625000.0,0.0,625000.0,625000.0,0.0,0.0,0.0,0.0,0.0,Stable,0,0,1,5,1,2,1,0,1,1,0,0,2,3,48,3.8918202981106265,7,9,63,460955.5,2,4,0,0,0,0,0,0,0,0,0,1,0,0,0,0,0,1,0,0,1,1,1,0,0,0,0,0,0,0,1,0,1
R0362,3,2,2,2026-04-26 17:29:39,500000.0,Down,540000.0,540000.0,625000.0,0.0,1,0,582500.0,42500.0,540000.0,625000.0,85000.0,-85000.0,-0.136,-85000.0,-0.136,Down,0,1,0,4,4,2,0,1,1,1,0,0,2,3,48,3.8918202981106265,7,9,63,460955.5,2,4,0,0,0,0,0,0,0,0,0,1,0,0,0,0,0,1,0,0,1,1,1,0,0,0,0,0,0,0,1,0,0
R0362,4,3,3,2026-04-19 17:29:39,505000.0,Stable,500000.0,500000.0,540000.0,625000.0,1,1,555000.0,52121.652570372964,500000.0,625000.0,125000.0,-40000.0,-0.07407407407407407,-40000.0,-0.07407407407407407,Down,0,1,0,4,3,2,0,0,0,1,0,0,2,3,48,3.8918202981106265,7,9,63,460955.5,2,4,0,0,0,0,0,0,0,0,0,1,0,0,0,0,0,1,0,0,1,1,1,0,0,0,0,0,0,0,1,0,0
R0363,2,1,1,2026-05-03 17:36:24,555000.0,Up,380000.0,380000.0,0.0,0.0,0,0,380000.0,0.0,380000.0,380000.0,0.0,0.0,0.0,0.0,0.0,Stable,0,0,1,5,1,2,1,0,1,1,0,0,0,4,34,2.1972245773362196,4,5,20,653189.75,0,0,0,0,0,0,0,0,0,0,0,1,0,0,1,0,1,0,1,0,0,1,0,0,0,0,1,0,0,1,0,0,1
R0363,3,2,2,2026-04-26 17:36:24,520000.0,Down,555000.0,555000.0,380000.0,0.0,1,0,467500.0,87500.0,380000.0,555000.0,175000.0,175000.0,0.4605263157894737,175000.0,0.4605263157894737,Up,1,0,0,4,4,2,0,1,1,1,0,0,0,4,34,2.1972245773362196,4,5,20,653189.75,0,0,0,0,0,0,0,0,0,0,0,1,0,0,1,0,1,0,1,0,0,1,0,0,0,0,1,0,0,1,0,0,2
R0363,4,3,3,2026-04-19 17:36:24,350000.0,Down,520000.0,520000.0,555000.0,380000.0,1,1,485000.0,75608.64148142503,380000.0,555000.0,175000.0,-35000.0,-0.06306306306306306,-35000.0,-0.06306306306306306,Down,0,1,0,4,3,2,0,0,0,1,0,0,0,4,34,2.1972245773362196,4,5,20,653189.75,0,0,0,0,0,0,0,0,0,0,0,1,0,0,1,0,1,0,1,0,0,1,0,0,0,0,1,0,0,1,0,0,0
R0364,2,1,1,2026-05-03 17:43:06,700000.0,Down,1000000.0,1000000.0,0.0,0.0,0,0,1000000.0,0.0,1000000.0,1000000.0,0.0,0.0,0.0,0.0,0.0,Stable,0,0,1,5,1,2,1,0,1,1,0,0,0,6,30,1.0986122886681096,7,11,77,559306.0,2,1,0,0,0,0,0,1,0,0,0,0,0,0,1,0,1,0,0,1,0,1,0,1,0,0,1,0,0,1,0,0,1
R0364,3,2,2,2026-04-26 17:43:06,540000.0,Down,700000.0,700000.0,1000000.0,0.0,1,0,850000.0,150000.0,700000.0,1000000.0,300000.0,-300000.0,-0.3,-300000.0,-0.3,Down,0,1,0,4,4,2,0,1,1,1,0,0,0,6,30,1.0986122886681096,7,11,77,559306.0,2,1,0,0,0,0,0,1,0,0,0,0,0,0,1,0,1,0,0,1,0,1,0,1,0,0,1,0,0,1,0,0,0
R0364,4,3,3,2026-04-19 17:43:06,420000.0,Down,540000.0,540000.0,700000.0,1000000.0,1,1,746666.6666666666,190671.32861433455,540000.0,1000000.0,460000.0,-160000.0,-0.22857142857142856,-160000.0,-0.22857142857142856,Down,0,1,0,4,3,2,0,0,0,1,0,0,0,6,30,1.0986122886681096,7,11,77,559306.0,2,1,0,0,0,0,0,1,0,0,0,0,0,0,1,0,1,0,0,1,0,1,0,1,0,0,1,0,0,1,0,0,0
R0365,2,1,1,2026-05-03 18:07:11,200000.0,Down,220000.0,220000.0,0.0,0.0,0,0,220000.0,0.0,220000.0,220000.0,0.0,0.0,0.0,0.0,0.0,Stable,0,0,1,5,1,2,1,0,1,1,0,0,2,1,30,4.02535169073515,6,8,48,739240.8333333334,0,1,0,0,0,0,0,0,0,0,0,1,0,0,1,0,0,1,1,0,0,1,0,0,0,0,1,0,0,0,1,0,1
R0365,3,2,2,2026-04-26 18:07:11,210000.0,Stable,200000.0,200000.0,220000.0,0.0,1,0,210000.0,10000.0,200000.0,220000.0,20000.0,-20000.0,-0.09090909090909091,-20000.0,-0.09090909090909091,Down,0,1,0,4,4,2,0,1,1,1,0,0,2,1,30,4.02535169073515,6,8,48,739240.8333333334,0,1,0,0,0,0,0,0,0,0,0,1,0,0,1,0,0,1,1,0,0,1,0,0,0,0,1,0,0,0,1,0,0
R0365,4,3,3,2026-04-19 18:07:11,210000.0,Stable,210000.0,210000.0,200000.0,220000.0,1,1,210000.0,8164.96580927726,200000.0,220000.0,20000.0,10000.0,0.05,10000.0,0.05,Stable,0,0,1,4,3,2,0,0,0,1,0,0,2,1,30,4.02535169073515,6,8,48,739240.8333333334,0,1,0,0,0,0,0,0,0,0,0,1,0,0,1,0,0,1,1,0,0,1,0,0,0,0,1,0,0,0,1,0,1
R0366,2,1,1,2026-05-03 18:10:24,320000.0,Down,470000.0,470000.0,0.0,0.0,0,0,470000.0,0.0,470000.0,470000.0,0.0,0.0,0.0,0.0,0.0,Stable,0,0,1,5,1,2,1,0,1,1,0,0,0,5,31,4.189654742026425,7,11,77,550782.7152777778,2,4,0,0,0,0,0,0,0,0,0,1,0,1,1,0,1,0,0,0,0,1,0,0,0,0,1,0,0,1,0,1,1
R0366,3,2,2,2026-04-26 18:10:24,475000.0,Up,320000.0,320000.0,470000.0,0.0,1,0,395000.0,75000.0,320000.0,470000.0,150000.0,-150000.0,-0.3191489361702128,-150000.0,-0.3191489361702128,Down,0,1,0,4,4,2,0,1,1,1,0,0,0,5,31,4.189654742026425,7,11,77,550782.7152777778,2,4,0,0,0,0,0,0,0,0,0,1,0,1,1,0,1,0,0,0,0,1,0,0,0,0,1,0,0,1,0,1,0
R0366,4,3,3,2026-04-19 18:10:24,520000.0,Up,475000.0,475000.0,320000.0,470000.0,1,1,421666.6666666667,71918.1633679714,320000.0,475000.0,155000.0,155000.0,0.484375,155000.0,0.484375,Up,1,0,0,4,3,2,0,0,0,1,0,0,0,5,31,4.189654742026425,7,11,77,550782.7152777778,2,4,0,0,0,0,0,0,0,0,0,1,0,1,1,0,1,0,0,0,0,1,0,0,0,0,1,0,0,1,0,1,2
R0367,2,1,1,2026-05-03 18:21:32,75000.0,Down,110000.0,110000.0,0.0,0.0,0,0,110000.0,0.0,110000.0,110000.0,0.0,0.0,0.0,0.0,0.0,Stable,0,0,1,5,1,2,1,0,1,1,0,0,0,1,20,2.9444389791664403,5,3,15,739240.8333333334,0,1,0,0,0,0,0,1,1,1,0,1,0,1,0,1,0,0,0,0,0,1,0,0,0,1,0,1,0,0,0,1,1
R0367,3,2,2,2026-04-26 18:21:32,100000.0,Up,75000.0,75000.0,110000.0,0.0,1,0,92500.0,17500.0,75000.0,110000.0,35000.0,-35000.0,-0.3181818181818182,-35000.0,-0.3181818181818182,Down,0,1,0,4,4,2,0,1,1,1,0,0,0,1,20,2.9444389791664403,5,3,15,739240.8333333334,0,1,0,0,0,0,0,1,1,1,0,1,0,1,0,1,0,0,0,0,0,1,0,0,0,1,0,1,0,0,0,1,0
R0367,4,3,3,2026-04-19 18:21:32,50000.0,Down,100000.0,100000.0,75000.0,110000.0,1,1,95000.0,14719.601443879745,75000.0,110000.0,35000.0,25000.0,0.3333333333333333,25000.0,0.3333333333333333,Up,1,0,0,4,3,2,0,0,0,1,0,0,0,1,20,2.9444389791664403,5,3,15,739240.8333333334,0,1,0,0,0,0,0,1,1,1,0,1,0,1,0,1,0,0,0,0,0,1,0,0,0,1,0,1,0,0,0,1,2
R0368,2,1,1,2026-05-03 18:42:13,310000.0,Down,725000.0,725000.0,0.0,0.0,0,0,725000.0,0.0,725000.0,725000.0,0.0,0.0,0.0,0.0,0.0,Stable,0,0,1,5,1,2,1,0,1,1,0,0,2,5,29,4.007333185232471,3,5,15,550782.7152777778,1,1,0,0,0,0,0,0,0,0,0,1,0,1,0,0,0,1,0,0,0,1,1,0,0,0,0,0,0,0,1,1,1
R0368,3,2,2,2026-04-26 18:42:13,725000.0,Up,310000.0,310000.0,725000.0,0.0,1,0,517500.0,207500.0,310000.0,725000.0,415000.0,-415000.0,-0.5724137931034483,-415000.0,-0.5724137931034483,Down,0,1,0,4,4,2,0,1,1,1,0,0,2,5,29,4.007333185232471,3,5,15,550782.7152777778,1,1,0,0,0,0,0,0,0,0,0,1,0,1,0,0,0,1,0,0,0,1,1,0,0,0,0,0,0,0,1,1,0
R0368,4,3,3,2026-04-19 18:42:13,250000.0,Down,725000.0,725000.0,310000.0,725000.0,1,1,586666.6666666666,195632.87612827815,310000.0,725000.0,415000.0,415000.0,1.3387096774193548,415000.0,1.3387096774193548,Up,1,0,0,4,3,2,0,0,0,1,0,0,2,5,29,4.007333185232471,3,5,15,550782.7152777778,1,1,0,0,0,0,0,0,0,0,0,1,0,1,0,0,0,1,0,0,0,1,1,0,0,0,0,0,0,0,1,1,2
R0369,2,1,1,2026-05-03 18:48:04,450000.0,Down,525000.0,525000.0,0.0,0.0,0,0,525000.0,0.0,525000.0,525000.0,0.0,0.0,0.0,0.0,0.0,Stable,0,0,1,5,1,2,1,0,1,1,0,0,0,1,43,2.70805020110221,6,8,48,739240.8333333334,2,4,0,0,0,1,0,0,1,0,0,1,0,0,0,0,1,0,0,0,0,1,0,0,0,0,0,0,0,1,0,0,1
R0369,3,2,2,2026-04-26 18:48:04,665000.0,Up,450000.0,450000.0,525000.0,0.0,1,0,487500.0,37500.0,450000.0,525000.0,75000.0,-75000.0,-0.14285714285714285,-75000.0,-0.14285714285714285,Down,0,1,0,4,4,2,0,1,1,1,0,0,0,1,43,2.70805020110221,6,8,48,739240.8333333334,2,4,0,0,0,1,0,0,1,0,0,1,0,0,0,0,1,0,0,0,0,1,0,0,0,0,0,0,0,1,0,0,0
R0369,4,3,3,2026-04-19 18:48:04,650000.0,Stable,665000.0,665000.0,450000.0,525000.0,1,1,546666.6666666666,89100.44269749106,450000.0,665000.0,215000.0,215000.0,0.4777777777777778,215000.0,0.4777777777777778,Up,1,0,0,4,3,2,0,0,0,1,0,0,0,1,43,2.70805020110221,6,8,48,739240.8333333334,2,4,0,0,0,1,0,0,1,0,0,1,0,0,0,0,1,0,0,0,0,1,0,0,0,0,0,0,0,1,0,0,2
R0370,2,1,1,2026-05-03 18:48:28,200000.0,Stable,205000.0,205000.0,0.0,0.0,0,0,205000.0,0.0,205000.0,205000.0,0.0,0.0,0.0,0.0,0.0,Stable,0,0,1,5,1,2,1,0,1,1,0,0,0,0,22,3.044522437723423,3,3,9,518297.0,0,2,0,0,0,0,0,0,0,0,0,1,0,0,1,0,0,0,0,0,1,1,1,0,0,0,1,0,0,0,0,0,1
R0370,3,2,2,2026-04-26 18:48:28,200000.0,Stable,200000.0,200000.0,205000.0,0.0,1,0,202500.0,2500.0,200000.0,205000.0,5000.0,-5000.0,-0.024390243902439025,-5000.0,-0.024390243902439025,Stable,0,0,1,4,4,2,0,1,1,1,0,0,0,0,22,3.044522437723423,3,3,9,518297.0,0,2,0,0,0,0,0,0,0,0,0,1,0,0,1,0,0,0,0,0,1,1,1,0,0,0,1,0,0,0,0,0,1
R0370,4,3,3,2026-04-19 18:48:28,6800.0,Down,200000.0,200000.0,200000.0,205000.0,1,1,201666.66666666666,2357.0226039551585,200000.0,205000.0,5000.0,0.0,0.0,0.0,0.0,Stable,0,0,1,4,3,2,0,0,0,1,0,0,0,0,22,3.044522437723423,3,3,9,518297.0,0,2,0,0,0,0,0,0,0,0,0,1,0,0,1,0,0,0,0,0,1,1,1,0,0,0,1,0,0,0,0,0,1
R0371,2,1,1,2026-05-03 19:09:46,125000.0,Down,570000.0,570000.0,0.0,0.0,0,0,570000.0,0.0,570000.0,570000.0,0.0,0.0,0.0,0.0,0.0,Stable,0,0,1,5,1,2,1,0,1,1,0,0,0,1,21,1.6094379124341003,3,4,12,739240.8333333334,2,1,1,0,0,0,0,0,0,0,0,0,1,0,1,0,0,0,0,0,0,1,0,0,1,1,1,0,1,0,0,0,1
R0371,3,2,2,2026-04-26 19:09:46,475000.0,Up,125000.0,125000.0,570000.0,0.0,1,0,347500.0,222500.0,125000.0,570000.0,445000.0,-445000.0,-0.7807017543859649,-445000.0,-0.7807017543859649,Down,0,1,0,4,4,2,0,1,1,1,0,0,0,1,21,1.6094379124341003,3,4,12,739240.8333333334,2,1,1,0,0,0,0,0,0,0,0,0,1,0,1,0,0,0,0,0,0,1,0,0,1,1,1,0,1,0,0,0,0
R0371,4,3,3,2026-04-19 19:09:46,375000.0,Down,475000.0,475000.0,125000.0,570000.0,1,1,390000.0,191354.8187704367,125000.0,570000.0,445000.0,350000.0,2.8,350000.0,2.8,Up,1,0,0,4,3,2,0,0,0,1,0,0,0,1,21,1.6094379124341003,3,4,12,739240.8333333334,2,1,1,0,0,0,0,0,0,0,0,0,1,0,1,0,0,0,0,0,0,1,0,0,1,1,1,0,1,0,0,0,2
R0372,2,1,1,2026-05-03 19:36:49,275000.0,Down,325000.0,325000.0,0.0,0.0,0,0,325000.0,0.0,325000.0,325000.0,0.0,0.0,0.0,0.0,0.0,Stable,0,0,1,5,1,2,1,0,1,1,0,0,0,3,23,3.7612001156935624,5,5,25,460955.5,0,2,1,0,0,1,0,0,1,0,0,0,1,0,1,0,0,0,0,0,0,1,0,0,0,1,1,0,1,0,0,0,1
R0372,3,2,2,2026-04-26 19:36:49,220000.0,Down,275000.0,275000.0,325000.0,0.0,1,0,300000.0,25000.0,275000.0,325000.0,50000.0,-50000.0,-0.15384615384615385,-50000.0,-0.15384615384615385,Down,0,1,0,4,4,2,0,1,1,1,0,0,0,3,23,3.7612001156935624,5,5,25,460955.5,0,2,1,0,0,1,0,0,1,0,0,0,1,0,1,0,0,0,0,0,0,1,0,0,0,1,1,0,1,0,0,0,0
R0372,4,3,3,2026-04-19 19:36:49,200000.0,Down,220000.0,220000.0,275000.0,325000.0,1,1,273333.3333333333,42882.26776756202,220000.0,325000.0,105000.0,-55000.0,-0.2,-55000.0,-0.2,Down,0,1,0,4,3,2,0,0,0,1,0,0,0,3,23,3.7612001156935624,5,5,25,460955.5,0,2,1,0,0,1,0,0,1,0,0,0,1,0,1,0,0,0,0,0,0,1,0,0,0,1,1,0,1,0,0,0,0
R0373,2,1,1,2026-05-03 20:19:30,510000.0,Down,550000.0,550000.0,0.0,0.0,0,0,550000.0,0.0,550000.0,550000.0,0.0,0.0,0.0,0.0,0.0,Stable,0,0,1,5,1,2,1,0,1,1,0,0,0,0,25,3.8066624897703196,5,6,30,518297.0,0,4,0,0,0,1,0,1,1,1,0,0,0,0,0,1,0,1,1,0,0,1,0,1,0,0,0,1,0,0,1,0,1
R0373,3,2,2,2026-04-26 20:19:30,300000.0,Down,510000.0,510000.0,550000.0,0.0,1,0,530000.0,20000.0,510000.0,550000.0,40000.0,-40000.0,-0.07272727272727272,-40000.0,-0.07272727272727272,Down,0,1,0,4,4,2,0,1,1,1,0,0,0,0,25,3.8066624897703196,5,6,30,518297.0,0,4,0,0,0,1,0,1,1,1,0,0,0,0,0,1,0,1,1,0,0,1,0,1,0,0,0,1,0,0,1,0,0
R0373,4,3,3,2026-04-19 20:19:30,200000.0,Down,300000.0,300000.0,510000.0,550000.0,1,1,453333.3333333333,109645.89468932351,300000.0,550000.0,250000.0,-210000.0,-0.4117647058823529,-210000.0,-0.4117647058823529,Down,0,1,0,4,3,2,0,0,0,1,0,0,0,0,25,3.8066624897703196,5,6,30,518297.0,0,4,0,0,0,1,0,1,1,1,0,0,0,0,0,1,0,1,1,0,0,1,0,1,0,0,0,1,0,0,1,0,0
R0374,2,1,1,2026-05-03 20:23:09,625000.0,Stable,615000.0,615000.0,0.0,0.0,0,0,615000.0,0.0,615000.0,615000.0,0.0,0.0,0.0,0.0,0.0,Stable,0,0,1,5,1,2,1,0,1,1,0,0,1,3,31,4.3694478524670215,5,7,35,460955.5,2,4,0,0,1,0,0,0,0,0,0,0,0,0,1,0,0,0,0,1,0,1,0,0,1,0,1,0,0,0,0,0,1
R0374,3,2,2,2026-04-26 20:23:09,590000.0,Down,625000.0,625000.0,615000.0,0.0,1,0,620000.0,5000.0,615000.0,625000.0,10000.0,10000.0,0.016260162601626018,10000.0,0.016260162601626018,Stable,0,0,1,4,4,2,0,1,1,1,0,0,1,3,31,4.3694478524670215,5,7,35,460955.5,2,4,0,0,1,0,0,0,0,0,0,0,0,0,1,0,0,0,0,1,0,1,0,0,1,0,1,0,0,0,0,0,1
R0374,4,3,3,2026-04-19 20:23:09,630000.0,Up,590000.0,590000.0,625000.0,615000.0,1,1,610000.0,14719.601443879745,590000.0,625000.0,35000.0,-35000.0,-0.056,-35000.0,-0.056,Down,0,1,0,4,3,2,0,0,0,1,0,0,1,3,31,4.3694478524670215,5,7,35,460955.5,2,4,0,0,1,0,0,0,0,0,0,0,0,0,1,0,0,0,0,1,0,1,0,0,1,0,1,0,0,0,0,0,0
R0375,2,1,1,2026-05-03 20:33:41,75000.0,Up,18400.0,18400.0,0.0,0.0,0,0,18400.0,0.0,18400.0,18400.0,0.0,0.0,0.0,0.0,0.0,Stable,0,0,1,5,1,2,1,0,1,1,0,0,0,1,22,4.189654742026425,5,6,30,739240.8333333334,0,1,0,0,0,0,0,1,1,1,0,1,0,1,0,0,0,0,0,0,0,1,0,1,0,1,0,0,0,0,0,1,1
R0375,3,2,2,2026-04-26 20:33:41,40000.0,Down,75000.0,75000.0,18400.0,0.0,1,0,46700.0,28300.0,18400.0,75000.0,56600.0,56600.0,3.0760869565217392,56600.0,3.0760869565217392,Up,1,0,0,4,4,2,0,1,1,1,0,0,0,1,22,4.189654742026425,5,6,30,739240.8333333334,0,1,0,0,0,0,0,1,1,1,0,1,0,1,0,0,0,0,0,0,0,1,0,1,0,1,0,0,0,0,0,1,2
R0375,4,3,3,2026-04-19 20:33:41,40000.0,Stable,40000.0,40000.0,75000.0,18400.0,1,1,44466.666666666664,23321.711391367106,18400.0,75000.0,56600.0,-35000.0,-0.4666666666666667,-35000.0,-0.4666666666666667,Down,0,1,0,4,3,2,0,0,0,1,0,0,0,1,22,4.189654742026425,5,6,30,739240.8333333334,0,1,0,0,0,0,0,1,1,1,0,1,0,1,0,0,0,0,0,0,0,1,0,1,0,1,0,0,0,0,0,1,0
R0376,2,1,1,2026-05-03 20:49:44,115000.0,Up,75000.0,75000.0,0.0,0.0,0,0,75000.0,0.0,75000.0,75000.0,0.0,0.0,0.0,0.0,0.0,Stable,0,0,1,5,1,2,1,0,1,1,0,0,0,3,27,3.4657359027997265,3,6,18,460955.5,0,3,0,0,0,1,0,0,1,0,0,0,1,0,1,0,0,0,0,0,0,1,0,0,1,1,1,0,1,0,0,0,1
R0376,3,2,2,2026-04-26 20:49:44,140000.0,Up,115000.0,115000.0,75000.0,0.0,1,0,95000.0,20000.0,75000.0,115000.0,40000.0,40000.0,0.5333333333333333,40000.0,0.5333333333333333,Up,1,0,0,4,4,2,0,1,1,1,0,0,0,3,27,3.4657359027997265,3,6,18,460955.5,0,3,0,0,0,1,0,0,1,0,0,0,1,0,1,0,0,0,0,0,0,1,0,0,1,1,1,0,1,0,0,0,2
R0376,4,3,3,2026-04-19 20:49:44,125000.0,Down,140000.0,140000.0,115000.0,75000.0,1,1,110000.0,26770.630673681684,75000.0,140000.0,65000.0,25000.0,0.21739130434782608,25000.0,0.21739130434782608,Up,1,0,0,4,3,2,0,0,0,1,0,0,0,3,27,3.4657359027997265,3,6,18,460955.5,0,3,0,0,0,1,0,0,1,0,0,0,1,0,1,0,0,0,0,0,0,1,0,0,1,1,1,0,1,0,0,0,2
R0377,2,1,1,2026-05-03 20:51:32,675000.0,Up,320000.0,320000.0,0.0,0.0,0,0,320000.0,0.0,320000.0,320000.0,0.0,0.0,0.0,0.0,0.0,Stable,0,0,1,5,1,2,1,0,1,1,0,0,0,1,28,4.418840607796598,5,6,30,739240.8333333334,1,4,1,0,0,0,0,0,0,0,0,1,0,0,1,0,0,0,0,0,1,1,0,0,0,0,1,0,0,0,0,0,1
R0377,3,2,2,2026-04-26 20:51:32,630000.0,Down,675000.0,675000.0,320000.0,0.0,1,0,497500.0,177500.0,320000.0,675000.0,355000.0,355000.0,1.109375,355000.0,1.109375,Up,1,0,0,4,4,2,0,1,1,1,0,0,0,1,28,4.418840607796598,5,6,30,739240.8333333334,1,4,1,0,0,0,0,0,0,0,0,1,0,0,1,0,0,0,0,0,1,1,0,0,0,0,1,0,0,0,0,0,2
R0377,4,3,3,2026-04-19 20:51:32,290000.0,Down,630000.0,630000.0,675000.0,320000.0,1,1,541666.6666666666,157814.94085021087,320000.0,675000.0,355000.0,-45000.0,-0.06666666666666667,-45000.0,-0.06666666666666667,Down,0,1,0,4,3,2,0,0,0,1,0,0,0,1,28,4.418840607796598,5,6,30,739240.8333333334,1,4,1,0,0,0,0,0,0,0,0,1,0,0,1,0,0,0,0,0,1,1,0,0,0,0,1,0,0,0,0,0,0
R0378,2,1,1,2026-05-03 21:01:19,50000.0,Down,80000.0,80000.0,0.0,0.0,0,0,80000.0,0.0,80000.0,80000.0,0.0,0.0,0.0,0.0,0.0,Stable,0,0,1,5,1,2,1,0,1,1,0,0,2,6,34,2.995732273553991,3,6,18,559306.0,0,1,0,0,0,0,0,0,0,0,0,1,0,1,1,0,0,1,1,0,1,1,0,0,0,0,1,0,0,0,1,1,1
R0378,3,2,2,2026-04-26 21:01:19,150000.0,Up,50000.0,50000.0,80000.0,0.0,1,0,65000.0,15000.0,50000.0,80000.0,30000.0,-30000.0,-0.375,-30000.0,-0.375,Down,0,1,0,4,4,2,0,1,1,1,0,0,2,6,34,2.995732273553991,3,6,18,559306.0,0,1,0,0,0,0,0,0,0,0,0,1,0,1,1,0,0,1,1,0,1,1,0,0,0,0,1,0,0,0,1,1,0
R0378,4,3,3,2026-04-19 21:01:19,130000.0,Down,150000.0,150000.0,50000.0,80000.0,1,1,93333.33333333333,41899.35029992178,50000.0,150000.0,100000.0,100000.0,2.0,100000.0,2.0,Up,1,0,0,4,3,2,0,0,0,1,0,0,2,6,34,2.995732273553991,3,6,18,559306.0,0,1,0,0,0,0,0,0,0,0,0,1,0,1,1,0,0,1,1,0,1,1,0,0,0,0,1,0,0,0,1,1,2
R0379,2,1,1,2026-05-03 21:33:38,425000.0,Down,610000.0,610000.0,0.0,0.0,0,0,610000.0,0.0,610000.0,610000.0,0.0,0.0,0.0,0.0,0.0,Stable,0,0,1,5,1,2,1,0,1,1,0,0,1,3,34,1.3862943611198906,7,9,63,460955.5,2,1,0,1,0,0,0,0,0,0,0,0,0,0,0,0,1,0,0,0,0,1,0,1,0,0,0,0,0,1,0,0,1
R0379,3,2,2,2026-04-26 21:33:38,440000.0,Stable,425000.0,425000.0,610000.0,0.0,1,0,517500.0,92500.0,425000.0,610000.0,185000.0,-185000.0,-0.30327868852459017,-185000.0,-0.30327868852459017,Down,0,1,0,4,4,2,0,1,1,1,0,0,1,3,34,1.3862943611198906,7,9,63,460955.5,2,1,0,1,0,0,0,0,0,0,0,0,0,0,0,0,1,0,0,0,0,1,0,1,0,0,0,0,0,1,0,0,0
R0379,4,3,3,2026-04-19 21:33:38,540000.0,Up,440000.0,440000.0,425000.0,610000.0,1,1,491666.6666666667,83898.0863243548,425000.0,610000.0,185000.0,15000.0,0.03529411764705882,15000.0,0.03529411764705882,Stable,0,0,1,4,3,2,0,0,0,1,0,0,1,3,34,1.3862943611198906,7,9,63,460955.5,2,1,0,1,0,0,0,0,0,0,0,0,0,0,0,0,1,0,0,0,0,1,0,1,0,0,0,0,0,1,0,0,1
R0380,2,1,1,2026-05-03 21:36:27,370000.0,Stable,380000.0,380000.0,0.0,0.0,0,0,380000.0,0.0,380000.0,380000.0,0.0,0.0,0.0,0.0,0.0,Stable,0,0,1,5,1,2,1,0,1,1,0,0,2,7,45,2.995732273553991,7,6,42,517481.9375,2,3,0,0,0,0,0,0,0,0,0,1,0,1,1,0,0,0,0,0,0,1,1,0,0,0,1,0,0,0,0,1,1
R0380,3,2,2,2026-04-26 21:36:27,320000.0,Down,370000.0,370000.0,380000.0,0.0,1,0,375000.0,5000.0,370000.0,380000.0,10000.0,-10000.0,-0.02631578947368421,-10000.0,-0.02631578947368421,Stable,0,0,1,4,4,2,0,1,1,1,0,0,2,7,45,2.995732273553991,7,6,42,517481.9375,2,3,0,0,0,0,0,0,0,0,0,1,0,1,1,0,0,0,0,0,0,1,1,0,0,0,1,0,0,0,0,1,1
R0380,4,3,3,2026-04-19 21:36:27,330000.0,Stable,320000.0,320000.0,370000.0,380000.0,1,1,356666.6666666667,26246.692913372706,320000.0,380000.0,60000.0,-50000.0,-0.13513513513513514,-50000.0,-0.13513513513513514,Down,0,1,0,4,3,2,0,0,0,1,0,0,2,7,45,2.995732273553991,7,6,42,517481.9375,2,3,0,0,0,0,0,0,0,0,0,1,0,1,1,0,0,0,0,0,0,1,1,0,0,0,1,0,0,0,0,1,0
R0381,2,1,1,2026-05-03 21:42:08,840000.0,Down,925000.0,925000.0,0.0,0.0,0,0,925000.0,0.0,925000.0,925000.0,0.0,0.0,0.0,0.0,0.0,Stable,0,0,1,5,1,2,1,0,1,1,0,0,0,3,22,3.58351893845611,6,9,54,460955.5,1,0,0,0,0,0,0,1,0,0,0,0,0,1,0,0,0,0,0,1,0,1,0,0,0,0,0,0,0,0,0,1,1
R0381,3,2,2,2026-04-26 21:42:08,270000.0,Down,840000.0,840000.0,925000.0,0.0,1,0,882500.0,42500.0,840000.0,925000.0,85000.0,-85000.0,-0.0918918918918919,-85000.0,-0.0918918918918919,Down,0,1,0,4,4,2,0,1,1,1,0,0,0,3,22,3.58351893845611,6,9,54,460955.5,1,0,0,0,0,0,0,1,0,0,0,0,0,1,0,0,0,0,0,1,0,1,0,0,0,0,0,0,0,0,0,1,0
R0381,4,3,3,2026-04-19 21:42:08,210000.0,Down,270000.0,270000.0,840000.0,925000.0,1,1,678333.3333333334,290813.0365410434,270000.0,925000.0,655000.0,-570000.0,-0.6785714285714286,-570000.0,-0.6785714285714286,Down,0,1,0,4,3,2,0,0,0,1,0,0,0,3,22,3.58351893845611,6,9,54,460955.5,1,0,0,0,0,0,0,1,0,0,0,0,0,1,0,0,0,0,0,1,0,1,0,0,0,0,0,0,0,0,0,1,0
R0382,2,1,1,2026-05-03 23:10:38,340000.0,Up,75000.0,75000.0,0.0,0.0,0,0,75000.0,0.0,75000.0,75000.0,0.0,0.0,0.0,0.0,0.0,Stable,0,0,1,5,1,2,1,0,1,1,0,0,0,2,28,3.5263605246161616,7,6,42,442180.75,2,4,0,0,0,1,0,0,1,0,0,1,0,0,1,0,1,1,0,0,0,1,0,0,0,1,1,0,0,1,1,0,1
R0382,3,2,2,2026-04-26 23:10:38,295000.0,Down,340000.0,340000.0,75000.0,0.0,1,0,207500.0,132500.0,75000.0,340000.0,265000.0,265000.0,3.533333333333333,265000.0,3.533333333333333,Up,1,0,0,4,4,2,0,1,1,1,0,0,0,2,28,3.5263605246161616,7,6,42,442180.75,2,4,0,0,0,1,0,0,1,0,0,1,0,0,1,0,1,1,0,0,0,1,0,0,0,1,1,0,0,1,1,0,2
R0382,4,3,3,2026-04-19 23:10:38,125000.0,Down,295000.0,295000.0,340000.0,75000.0,1,1,236666.66666666666,115782.36288638937,75000.0,340000.0,265000.0,-45000.0,-0.1323529411764706,-45000.0,-0.1323529411764706,Down,0,1,0,4,3,2,0,0,0,1,0,0,0,2,28,3.5263605246161616,7,6,42,442180.75,2,4,0,0,0,1,0,0,1,0,0,1,0,0,1,0,1,1,0,0,0,1,0,0,0,1,1,0,0,1,1,0,0
R0383,2,1,1,2026-05-04 09:13:44,275000.0,Down,360000.0,360000.0,0.0,0.0,0,0,360000.0,0.0,360000.0,360000.0,0.0,0.0,0.0,0.0,0.0,Stable,0,0,1,5,1,2,1,0,1,0,0,0,0,3,22,3.6109179126442243,5,4,20,460955.5,1,1,0,0,0,1,0,0,1,0,0,1,0,0,0,1,1,0,0,0,0,1,0,0,0,0,0,1,0,1,0,0,1
R0383,3,2,2,2026-04-27 09:13:44,320000.0,Up,275000.0,275000.0,360000.0,0.0,1,0,317500.0,42500.0,275000.0,360000.0,85000.0,-85000.0,-0.2361111111111111,-85000.0,-0.2361111111111111,Down,0,1,0,4,4,2,0,1,1,0,0,0,0,3,22,3.6109179126442243,5,4,20,460955.5,1,1,0,0,0,1,0,0,1,0,0,1,0,0,0,1,1,0,0,0,0,1,0,0,0,0,0,1,0,1,0,0,0
R0383,4,3,3,2026-04-20 09:13:44,300000.0,Down,320000.0,320000.0,275000.0,360000.0,1,1,318333.3333333333,34721.111093332765,275000.0,360000.0,85000.0,45000.0,0.16363636363636364,45000.0,0.16363636363636364,Up,1,0,0,4,3,2,0,0,0,0,0,0,0,3,22,3.6109179126442243,5,4,20,460955.5,1,1,0,0,0,1,0,0,1,0,0,1,0,0,0,1,1,0,0,0,0,1,0,0,0,0,0,1,0,1,0,0,2
R0384,2,1,1,2026-05-04 09:51:46,775000.0,Up,290000.0,290000.0,0.0,0.0,0,0,290000.0,0.0,290000.0,290000.0,0.0,0.0,0.0,0.0,0.0,Stable,0,0,1,5,1,2,1,0,1,0,0,0,2,1,26,1.9459101490553132,7,6,42,739240.8333333334,2,0,0,0,0,0,0,0,0,0,0,1,0,1,1,0,0,1,0,0,0,1,0,0,0,0,1,0,0,0,1,1,1
R0384,3,2,2,2026-04-27 09:51:46,350000.0,Down,775000.0,775000.0,290000.0,0.0,1,0,532500.0,242500.0,290000.0,775000.0,485000.0,485000.0,1.6724137931034482,485000.0,1.6724137931034482,Up,1,0,0,4,4,2,0,1,1,0,0,0,2,1,26,1.9459101490553132,7,6,42,739240.8333333334,2,0,0,0,0,0,0,0,0,0,0,1,0,1,1,0,0,1,0,0,0,1,0,0,0,0,1,0,0,0,1,1,2
R0384,4,3,3,2026-04-20 09:51:46,300000.0,Down,350000.0,350000.0,775000.0,290000.0,1,1,471666.6666666667,215883.1988728061,290000.0,775000.0,485000.0,-425000.0,-0.5483870967741935,-425000.0,-0.5483870967741935,Down,0,1,0,4,3,2,0,0,0,0,0,0,2,1,26,1.9459101490553132,7,6,42,739240.8333333334,2,0,0,0,0,0,0,0,0,0,0,1,0,1,1,0,0,1,0,0,0,1,0,0,0,0,1,0,0,0,1,1,0
R0385,2,1,1,2026-05-04 10:17:33,200000.0,Down,500000.0,500000.0,0.0,0.0,0,0,500000.0,0.0,500000.0,500000.0,0.0,0.0,0.0,0.0,0.0,Stable,0,0,1,5,1,2,1,0,1,0,0,0,0,1,24,2.5649493574615367,4,4,16,739240.8333333334,0,1,0,0,0,0,0,0,0,0,0,1,1,1,1,0,0,0,0,0,0,1,0,0,1,1,1,0,1,0,0,1,1
R0385,3,2,2,2026-04-27 10:17:33,320000.0,Up,200000.0,200000.0,500000.0,0.0,1,0,350000.0,150000.0,200000.0,500000.0,300000.0,-300000.0,-0.6,-300000.0,-0.6,Down,0,1,0,4,4,2,0,1,1,0,0,0,0,1,24,2.5649493574615367,4,4,16,739240.8333333334,0,1,0,0,0,0,0,0,0,0,0,1,1,1,1,0,0,0,0,0,0,1,0,0,1,1,1,0,1,0,0,1,0
R0385,4,3,3,2026-04-20 10:17:33,475000.0,Up,320000.0,320000.0,200000.0,500000.0,1,1,340000.0,123288.28005937953,200000.0,500000.0,300000.0,120000.0,0.6,120000.0,0.6,Up,1,0,0,4,3,2,0,0,0,0,0,0,0,1,24,2.5649493574615367,4,4,16,739240.8333333334,0,1,0,0,0,0,0,0,0,0,0,1,1,1,1,0,0,0,0,0,0,1,0,0,1,1,1,0,1,0,0,1,2
R0386,2,1,1,2026-05-04 10:32:29,350000.0,Up,270000.0,270000.0,0.0,0.0,0,0,270000.0,0.0,270000.0,270000.0,0.0,0.0,0.0,0.0,0.0,Stable,0,0,1,5,1,2,1,0,1,0,0,0,0,1,26,2.639057329615259,5,6,30,739240.8333333334,0,4,0,0,0,0,0,0,0,0,0,0,1,0,1,0,0,0,0,0,0,1,0,0,1,1,1,0,1,0,0,0,1
R0386,3,2,2,2026-04-27 10:32:29,400000.0,Up,350000.0,350000.0,270000.0,0.0,1,0,310000.0,40000.0,270000.0,350000.0,80000.0,80000.0,0.2962962962962963,80000.0,0.2962962962962963,Up,1,0,0,4,4,2,0,1,1,0,0,0,0,1,26,2.639057329615259,5,6,30,739240.8333333334,0,4,0,0,0,0,0,0,0,0,0,0,1,0,1,0,0,0,0,0,0,1,0,0,1,1,1,0,1,0,0,0,2
R0386,4,3,3,2026-04-20 10:32:29,325000.0,Down,400000.0,400000.0,350000.0,270000.0,1,1,340000.0,53541.26134736337,270000.0,400000.0,130000.0,50000.0,0.14285714285714285,50000.0,0.14285714285714285,Up,1,0,0,4,3,2,0,0,0,0,0,0,0,1,26,2.639057329615259,5,6,30,739240.8333333334,0,4,0,0,0,0,0,0,0,0,0,0,1,0,1,0,0,0,0,0,0,1,0,0,1,1,1,0,1,0,0,0,2
R0387,2,1,1,2026-05-04 12:48:04,280000.0,Down,535000.0,535000.0,0.0,0.0,0,0,535000.0,0.0,535000.0,535000.0,0.0,0.0,0.0,0.0,0.0,Stable,0,0,1,5,1,2,1,0,1,0,0,0,2,0,31,0.6931471805599453,3,5,15,518297.0,1,4,0,0,0,0,0,0,0,0,0,1,0,1,1,0,0,1,0,0,1,1,1,0,0,0,1,0,0,0,1,1,1
R0387,3,2,2,2026-04-27 12:48:04,350000.0,Up,280000.0,280000.0,535000.0,0.0,1,0,407500.0,127500.0,280000.0,535000.0,255000.0,-255000.0,-0.4766355140186916,-255000.0,-0.4766355140186916,Down,0,1,0,4,4,2,0,1,1,0,0,0,2,0,31,0.6931471805599453,3,5,15,518297.0,1,4,0,0,0,0,0,0,0,0,0,1,0,1,1,0,0,1,0,0,1,1,1,0,0,0,1,0,0,0,1,1,0
R0387,4,3,3,2026-04-20 12:48:04,400000.0,Up,350000.0,350000.0,280000.0,535000.0,1,1,388333.3333333333,107574.26375403284,280000.0,535000.0,255000.0,70000.0,0.25,70000.0,0.25,Up,1,0,0,4,3,2,0,0,0,0,0,0,2,0,31,0.6931471805599453,3,5,15,518297.0,1,4,0,0,0,0,0,0,0,0,0,1,0,1,1,0,0,1,0,0,1,1,1,0,0,0,1,0,0,0,1,1,2
R0388,2,1,1,2026-05-04 12:54:04,490000.0,Stable,480000.0,480000.0,0.0,0.0,0,0,480000.0,0.0,480000.0,480000.0,0.0,0.0,0.0,0.0,0.0,Stable,0,0,1,5,1,2,1,0,1,0,0,0,0,1,27,1.6094379124341003,6,6,36,739240.8333333334,2,4,0,0,0,1,0,0,1,0,0,0,1,0,0,0,0,1,0,0,0,1,0,0,0,0,0,0,1,0,1,0,1
R0388,3,2,2,2026-04-27 12:54:04,350000.0,Down,490000.0,490000.0,480000.0,0.0,1,0,485000.0,5000.0,480000.0,490000.0,10000.0,10000.0,0.020833333333333332,10000.0,0.020833333333333332,Stable,0,0,1,4,4,2,0,1,1,0,0,0,0,1,27,1.6094379124341003,6,6,36,739240.8333333334,2,4,0,0,0,1,0,0,1,0,0,0,1,0,0,0,0,1,0,0,0,1,0,0,0,0,0,0,1,0,1,0,1
R0388,4,3,3,2026-04-20 12:54:04,450000.0,Up,350000.0,350000.0,490000.0,480000.0,1,1,440000.0,63770.42156569663,350000.0,490000.0,140000.0,-140000.0,-0.2857142857142857,-140000.0,-0.2857142857142857,Down,0,1,0,4,3,2,0,0,0,0,0,0,0,1,27,1.6094379124341003,6,6,36,739240.8333333334,2,4,0,0,0,1,0,0,1,0,0,0,1,0,0,0,0,1,0,0,0,1,0,0,0,0,0,0,1,0,1,0,0
R0389,2,1,1,2026-05-04 12:58:10,700000.0,Stable,675000.0,675000.0,0.0,0.0,0,0,675000.0,0.0,675000.0,675000.0,0.0,0.0,0.0,0.0,0.0,Stable,0,0,1,5,1,2,1,0,1,0,0,0,0,5,23,2.1972245773362196,5,4,20,550782.7152777778,2,4,0,0,0,0,0,0,0,0,0,1,1,0,1,0,0,1,0,0,0,1,0,0,0,1,1,0,1,0,1,0,1
R0389,3,2,2,2026-04-27 12:58:10,875000.0,Up,700000.0,700000.0,675000.0,0.0,1,0,687500.0,12500.0,675000.0,700000.0,25000.0,25000.0,0.037037037037037035,25000.0,0.037037037037037035,Stable,0,0,1,4,4,2,0,1,1,0,0,0,0,5,23,2.1972245773362196,5,4,20,550782.7152777778,2,4,0,0,0,0,0,0,0,0,0,1,1,0,1,0,0,1,0,0,0,1,0,0,0,1,1,0,1,0,1,0,1
R0389,4,3,3,2026-04-20 12:58:10,825000.0,Down,875000.0,875000.0,700000.0,675000.0,1,1,750000.0,88975.65210026092,675000.0,875000.0,200000.0,175000.0,0.25,175000.0,0.25,Up,1,0,0,4,3,2,0,0,0,0,0,0,0,5,23,2.1972245773362196,5,4,20,550782.7152777778,2,4,0,0,0,0,0,0,0,0,0,1,1,0,1,0,0,1,0,0,0,1,0,0,0,1,1,0,1,0,1,0,2
R0390,2,1,1,2026-05-04 13:08:28,665000.0,Down,815000.0,815000.0,0.0,0.0,0,0,815000.0,0.0,815000.0,815000.0,0.0,0.0,0.0,0.0,0.0,Stable,0,0,1,5,1,2,1,0,1,0,0,0,0,3,26,0.6931471805599453,5,4,20,460955.5,2,2,0,0,0,0,0,1,1,1,0,1,0,0,0,0,1,1,0,0,0,1,0,0,0,0,0,0,0,1,1,0,1
R0390,3,2,2,2026-04-27 13:08:28,680000.0,Stable,665000.0,665000.0,815000.0,0.0,1,0,740000.0,75000.0,665000.0,815000.0,150000.0,-150000.0,-0.18404907975460122,-150000.0,-0.18404907975460122,Down,0,1,0,4,4,2,0,1,1,0,0,0,0,3,26,0.6931471805599453,5,4,20,460955.5,2,2,0,0,0,0,0,1,1,1,0,1,0,0,0,0,1,1,0,0,0,1,0,0,0,0,0,0,0,1,1,0,0
R0390,4,3,3,2026-04-20 13:08:28,720000.0,Up,680000.0,680000.0,665000.0,815000.0,1,1,720000.0,67453.6878161602,665000.0,815000.0,150000.0,15000.0,0.022556390977443608,15000.0,0.022556390977443608,Stable,0,0,1,4,3,2,0,0,0,0,0,0,0,3,26,0.6931471805599453,5,4,20,460955.5,2,2,0,0,0,0,0,1,1,1,0,1,0,0,0,0,1,1,0,0,0,1,0,0,0,0,0,0,0,1,1,0,1
R0391,2,1,1,2026-05-04 14:25:02,290000.0,Up,25000.0,25000.0,0.0,0.0,0,0,25000.0,0.0,25000.0,25000.0,0.0,0.0,0.0,0.0,0.0,Stable,0,0,1,5,1,2,1,0,1,0,0,0,0,0,19,3.4965075614664802,5,5,25,518297.0,1,1,0,0,0,1,0,0,1,0,0,1,0,0,0,1,0,1,1,0,0,1,0,0,0,1,0,1,0,0,1,0,1
R0391,3,2,2,2026-04-27 14:25:02,300000.0,Stable,290000.0,290000.0,25000.0,0.0,1,0,157500.0,132500.0,25000.0,290000.0,265000.0,265000.0,10.6,265000.0,10.6,Up,1,0,0,4,4,2,0,1,1,0,0,0,0,0,19,3.4965075614664802,5,5,25,518297.0,1,1,0,0,0,1,0,0,1,0,0,1,0,0,0,1,0,1,1,0,0,1,0,0,0,1,0,1,0,0,1,0,2
R0391,4,3,3,2026-04-20 14:25:02,400000.0,Up,300000.0,300000.0,290000.0,25000.0,1,1,205000.0,127344.67663262044,25000.0,300000.0,275000.0,10000.0,0.034482758620689655,10000.0,0.034482758620689655,Stable,0,0,1,4,3,2,0,0,0,0,0,0,0,0,19,3.4965075614664802,5,5,25,518297.0,1,1,0,0,0,1,0,0,1,0,0,1,0,0,0,1,0,1,1,0,0,1,0,0,0,1,0,1,0,0,1,0,1
R0392,2,1,1,2026-05-04 15:12:04,710000.0,Up,540000.0,540000.0,0.0,0.0,0,0,540000.0,0.0,540000.0,540000.0,0.0,0.0,0.0,0.0,0.0,Stable,0,0,1,5,1,2,1,0,1,0,0,0,2,7,30,1.0986122886681096,6,10,60,517481.9375,2,2,0,0,0,0,0,0,0,0,0,1,0,1,1,0,0,0,0,0,0,1,1,0,0,0,1,0,0,0,0,1,1
R0392,3,2,2,2026-04-27 15:12:04,570000.0,Down,710000.0,710000.0,540000.0,0.0,1,0,625000.0,85000.0,540000.0,710000.0,170000.0,170000.0,0.3148148148148148,170000.0,0.3148148148148148,Up,1,0,0,4,4,2,0,1,1,0,0,0,2,7,30,1.0986122886681096,6,10,60,517481.9375,2,2,0,0,0,0,0,0,0,0,0,1,0,1,1,0,0,0,0,0,0,1,1,0,0,0,1,0,0,0,0,1,2
R0392,4,3,3,2026-04-20 15:12:04,25000.0,Down,570000.0,570000.0,710000.0,540000.0,1,1,606666.6666666666,74087.03590297623,540000.0,710000.0,170000.0,-140000.0,-0.19718309859154928,-140000.0,-0.19718309859154928,Down,0,1,0,4,3,2,0,0,0,0,0,0,2,7,30,1.0986122886681096,6,10,60,517481.9375,2,2,0,0,0,0,0,0,0,0,0,1,0,1,1,0,0,0,0,0,0,1,1,0,0,0,1,0,0,0,0,1,0
R0393,2,1,1,2026-05-04 15:15:25,1273200.0,Up,585000.0,585000.0,0.0,0.0,0,0,585000.0,0.0,585000.0,585000.0,0.0,0.0,0.0,0.0,0.0,Stable,0,0,1,5,1,2,1,0,1,0,0,0,0,1,32,3.091042453358316,6,8,48,739240.8333333334,2,0,0,0,1,0,0,1,0,0,0,0,0,1,1,0,0,0,0,1,1,1,0,0,0,0,1,0,0,0,0,1,1
R0393,3,2,2,2026-04-27 15:15:25,1350000.0,Up,1273200.0,1273200.0,585000.0,0.0,1,0,929100.0,344100.0,585000.0,1273200.0,688200.0,688200.0,1.1764102564102563,688200.0,1.1764102564102563,Up,1,0,0,4,4,2,0,1,1,0,0,0,0,1,32,3.091042453358316,6,8,48,739240.8333333334,2,0,0,0,1,0,0,1,0,0,0,0,0,1,1,0,0,0,0,1,1,1,0,0,0,0,1,0,0,0,0,1,2
R0393,4,3,3,2026-04-20 15:15:25,1070000.0,Down,1350000.0,1350000.0,1273200.0,585000.0,1,1,1069400.0,343954.5318788517,585000.0,1350000.0,765000.0,76800.0,0.060320452403393024,76800.0,0.060320452403393024,Up,1,0,0,4,3,2,0,0,0,0,0,0,0,1,32,3.091042453358316,6,8,48,739240.8333333334,2,0,0,0,1,0,0,1,0,0,0,0,0,1,1,0,0,0,0,1,1,1,0,0,0,0,1,0,0,0,0,1,2
R0394,2,1,1,2026-05-04 15:49:20,460000.0,Up,395000.0,395000.0,0.0,0.0,0,0,395000.0,0.0,395000.0,395000.0,0.0,0.0,0.0,0.0,0.0,Stable,0,0,1,5,1,2,1,0,1,0,0,0,2,7,37,3.091042453358316,5,10,50,517481.9375,1,1,0,0,0,0,0,0,0,0,0,1,0,1,1,0,0,1,0,0,1,1,0,0,0,0,1,0,0,0,1,1,1
R0394,3,2,2,2026-04-27 15:49:20,480000.0,Stable,460000.0,460000.0,395000.0,0.0,1,0,427500.0,32500.0,395000.0,460000.0,65000.0,65000.0,0.16455696202531644,65000.0,0.16455696202531644,Up,1,0,0,4,4,2,0,1,1,0,0,0,2,7,37,3.091042453358316,5,10,50,517481.9375,1,1,0,0,0,0,0,0,0,0,0,1,0,1,1,0,0,1,0,0,1,1,0,0,0,0,1,0,0,0,1,1,2
R0394,4,3,3,2026-04-20 15:49:20,475000.0,Stable,480000.0,480000.0,460000.0,395000.0,1,1,445000.0,36285.9017617954,395000.0,480000.0,85000.0,20000.0,0.043478260869565216,20000.0,0.043478260869565216,Stable,0,0,1,4,3,2,0,0,0,0,0,0,2,7,37,3.091042453358316,5,10,50,517481.9375,1,1,0,0,0,0,0,0,0,0,0,1,0,1,1,0,0,1,0,0,1,1,0,0,0,0,1,0,0,0,1,1,1
R0395,2,1,1,2026-05-04 16:08:28,440000.0,Up,270000.0,270000.0,0.0,0.0,0,0,270000.0,0.0,270000.0,270000.0,0.0,0.0,0.0,0.0,0.0,Stable,0,0,1,5,1,2,1,0,1,0,0,0,0,1,24,3.044522437723423,5,6,30,739240.8333333334,0,3,0,0,0,1,0,0,1,0,0,0,1,0,1,0,0,0,0,0,0,1,0,0,1,1,1,0,1,0,0,0,1
R0395,3,2,2,2026-04-27 16:08:28,275000.0,Down,440000.0,440000.0,270000.0,0.0,1,0,355000.0,85000.0,270000.0,440000.0,170000.0,170000.0,0.6296296296296297,170000.0,0.6296296296296297,Up,1,0,0,4,4,2,0,1,1,0,0,0,0,1,24,3.044522437723423,5,6,30,739240.8333333334,0,3,0,0,0,1,0,0,1,0,0,0,1,0,1,0,0,0,0,0,0,1,0,0,1,1,1,0,1,0,0,0,2
R0395,4,3,3,2026-04-20 16:08:28,500000.0,Up,275000.0,275000.0,440000.0,270000.0,1,1,328333.3333333333,78986.63740715191,270000.0,440000.0,170000.0,-165000.0,-0.375,-165000.0,-0.375,Down,0,1,0,4,3,2,0,0,0,0,0,0,0,1,24,3.044522437723423,5,6,30,739240.8333333334,0,3,0,0,0,1,0,0,1,0,0,0,1,0,1,0,0,0,0,0,0,1,0,0,1,1,1,0,1,0,0,0,0
R0396,2,1,1,2026-05-04 18:25:23,400000.0,Down,1336200.0,1336200.0,0.0,0.0,0,0,1336200.0,0.0,1336200.0,1336200.0,0.0,0.0,0.0,0.0,0.0,Stable,0,0,1,5,1,2,1,0,1,0,0,0,1,1,34,3.367295829986474,5,11,55,739240.8333333334,2,2,0,0,1,0,0,0,0,0,0,0,0,0,0,0,1,0,0,1,0,1,0,0,0,0,0,0,0,1,0,0,1
R0396,3,2,2,2026-04-27 18:25:23,1350000.0,Up,400000.0,400000.0,1336200.0,0.0,1,0,868100.0,468100.0,400000.0,1336200.0,936200.0,-936200.0,-0.700643616225116,-936200.0,-0.700643616225116,Down,0,1,0,4,4,2,0,1,1,0,0,0,1,1,34,3.367295829986474,5,11,55,739240.8333333334,2,2,0,0,1,0,0,0,0,0,0,0,0,0,0,0,1,0,0,1,0,1,0,0,0,0,0,0,0,1,0,0,0
R0396,4,3,3,2026-04-20 18:25:23,655000.0,Down,1350000.0,1350000.0,400000.0,1336200.0,1,1,1028733.3333333334,444617.29860883986,400000.0,1350000.0,950000.0,950000.0,2.375,950000.0,2.375,Up,1,0,0,4,3,2,0,0,0,0,0,0,1,1,34,3.367295829986474,5,11,55,739240.8333333334,2,2,0,0,1,0,0,0,0,0,0,0,0,0,0,0,1,0,0,1,0,1,0,0,0,0,0,0,0,1,0,0,2
R0397,2,1,1,2026-05-04 19:32:26,1273200.0,Up,1140000.0,1140000.0,0.0,0.0,0,0,1140000.0,0.0,1140000.0,1140000.0,0.0,0.0,0.0,0.0,0.0,Stable,0,0,1,5,1,2,1,0,1,0,0,0,1,1,33,3.1780538303479458,7,10,70,739240.8333333334,1,3,0,1,0,0,0,0,0,0,0,0,0,0,1,0,0,0,0,0,1,1,0,0,0,0,1,0,0,0,0,0,1
R0397,3,2,2,2026-04-27 19:32:26,1125000.0,Down,1273200.0,1273200.0,1140000.0,0.0,1,0,1206600.0,66600.0,1140000.0,1273200.0,133200.0,133200.0,0.1168421052631579,133200.0,0.1168421052631579,Up,1,0,0,4,4,2,0,1,1,0,0,0,1,1,33,3.1780538303479458,7,10,70,739240.8333333334,1,3,0,1,0,0,0,0,0,0,0,0,0,0,1,0,0,0,0,0,1,1,0,0,0,0,1,0,0,0,0,0,2
R0397,4,3,3,2026-04-20 19:32:26,695000.0,Down,1125000.0,1125000.0,1273200.0,1140000.0,1,1,1179400.0,66608.70813940172,1125000.0,1273200.0,148200.0,-148200.0,-0.11639962299717248,-148200.0,-0.11639962299717248,Down,0,1,0,4,3,2,0,0,0,0,0,0,1,1,33,3.1780538303479458,7,10,70,739240.8333333334,1,3,0,1,0,0,0,0,0,0,0,0,0,0,1,0,0,0,0,0,1,1,0,0,0,0,1,0,0,0,0,0,0
R0398,2,1,1,2026-05-04 20:16:21,530000.0,Down,1090000.0,1090000.0,0.0,0.0,0,0,1090000.0,0.0,1090000.0,1090000.0,0.0,0.0,0.0,0.0,0.0,Stable,0,0,1,5,1,2,1,0,1,0,0,0,0,7,23,2.772588722239781,3,8,24,517481.9375,2,1,0,0,0,0,0,0,0,0,0,0,1,0,1,0,0,0,0,0,1,1,0,0,0,0,1,0,1,0,0,0,1
R0398,3,2,2,2026-04-27 20:16:21,1350000.0,Up,530000.0,530000.0,1090000.0,0.0,1,0,810000.0,280000.0,530000.0,1090000.0,560000.0,-560000.0,-0.5137614678899083,-560000.0,-0.5137614678899083,Down,0,1,0,4,4,2,0,1,1,0,0,0,0,7,23,2.772588722239781,3,8,24,517481.9375,2,1,0,0,0,0,0,0,0,0,0,0,1,0,1,0,0,0,0,0,1,1,0,0,0,0,1,0,1,0,0,0,0
R0398,4,3,3,2026-04-20 20:16:21,1342800.0,Stable,1350000.0,1350000.0,530000.0,1090000.0,1,1,990000.0,342150.06454283575,530000.0,1350000.0,820000.0,820000.0,1.5471698113207548,820000.0,1.5471698113207548,Up,1,0,0,4,3,2,0,0,0,0,0,0,0,7,23,2.772588722239781,3,8,24,517481.9375,2,1,0,0,0,0,0,0,0,0,0,0,1,0,1,0,0,0,0,0,1,1,0,0,0,0,1,0,1,0,0,0,2
R0399,2,1,1,2026-05-04 20:35:05,170000.0,Down,240000.0,240000.0,0.0,0.0,0,0,240000.0,0.0,240000.0,240000.0,0.0,0.0,0.0,0.0,0.0,Stable,0,0,1,5,1,2,1,0,1,0,0,0,0,6,26,1.0986122886681096,4,2,8,559306.0,1,1,0,0,0,1,0,0,1,0,0,0,0,1,1,0,0,0,0,0,0,1,1,0,0,0,1,0,0,0,0,1,1
R0399,3,2,2,2026-04-27 20:35:05,205000.0,Up,170000.0,170000.0,240000.0,0.0,1,0,205000.0,35000.0,170000.0,240000.0,70000.0,-70000.0,-0.2916666666666667,-70000.0,-0.2916666666666667,Down,0,1,0,4,4,2,0,1,1,0,0,0,0,6,26,1.0986122886681096,4,2,8,559306.0,1,1,0,0,0,1,0,0,1,0,0,0,0,1,1,0,0,0,0,0,0,1,1,0,0,0,1,0,0,0,0,1,0
R0399,4,3,3,2026-04-20 20:35:05,325000.0,Up,205000.0,205000.0,170000.0,240000.0,1,1,205000.0,28577.38033247041,170000.0,240000.0,70000.0,35000.0,0.20588235294117646,35000.0,0.20588235294117646,Up,1,0,0,4,3,2,0,0,0,0,0,0,0,6,26,1.0986122886681096,4,2,8,559306.0,1,1,0,0,0,1,0,0,1,0,0,0,0,1,1,0,0,0,0,0,0,1,1,0,0,0,1,0,0,0,0,1,2
R0400,2,1,1,2026-05-04 21:12:31,350000.0,Down,470000.0,470000.0,0.0,0.0,0,0,470000.0,0.0,470000.0,470000.0,0.0,0.0,0.0,0.0,0.0,Stable,0,0,1,5,1,2,1,0,1,0,0,0,0,7,21,3.784189633918261,5,6,30,517481.9375,1,0,0,0,0,1,0,1,1,1,0,0,0,0,0,1,0,1,0,0,0,1,0,1,0,0,0,1,0,0,1,0,1
R0400,3,2,2,2026-04-27 21:12:31,495000.0,Up,350000.0,350000.0,470000.0,0.0,1,0,410000.0,60000.0,350000.0,470000.0,120000.0,-120000.0,-0.2553191489361702,-120000.0,-0.2553191489361702,Down,0,1,0,4,4,2,0,1,1,0,0,0,0,7,21,3.784189633918261,5,6,30,517481.9375,1,0,0,0,0,1,0,1,1,1,0,0,0,0,0,1,0,1,0,0,0,1,0,1,0,0,0,1,0,0,1,0,0
R0400,4,3,3,2026-04-20 21:12:31,280000.0,Down,495000.0,495000.0,350000.0,470000.0,1,1,438333.3333333333,63289.45848682508,350000.0,495000.0,145000.0,145000.0,0.4142857142857143,145000.0,0.4142857142857143,Up,1,0,0,4,3,2,0,0,0,0,0,0,0,7,21,3.784189633918261,5,6,30,517481.9375,1,0,0,0,0,1,0,1,1,1,0,0,0,0,0,1,0,1,0,0,0,1,0,1,0,0,0,1,0,0,1,0,2
R0401,2,1,1,2026-05-04 21:21:45,375000.0,Up,310000.0,310000.0,0.0,0.0,0,0,310000.0,0.0,310000.0,310000.0,0.0,0.0,0.0,0.0,0.0,Stable,0,0,1,5,1,2,1,0,1,0,0,0,0,0,28,3.5553480614894135,4,5,20,518297.0,0,4,0,0,0,1,0,0,1,0,0,0,0,0,0,0,0,1,0,0,0,1,0,1,0,0,0,0,0,0,1,0,1
R0401,3,2,2,2026-04-27 21:21:45,360000.0,Stable,375000.0,375000.0,310000.0,0.0,1,0,342500.0,32500.0,310000.0,375000.0,65000.0,65000.0,0.20967741935483872,65000.0,0.20967741935483872,Up,1,0,0,4,4,2,0,1,1,0,0,0,0,0,28,3.5553480614894135,4,5,20,518297.0,0,4,0,0,0,1,0,0,1,0,0,0,0,0,0,0,0,1,0,0,0,1,0,1,0,0,0,0,0,0,1,0,2
R0401,4,3,3,2026-04-20 21:21:45,400000.0,Up,360000.0,360000.0,375000.0,310000.0,1,1,348333.3333333333,27788.886667555114,310000.0,375000.0,65000.0,-15000.0,-0.04,-15000.0,-0.04,Stable,0,0,1,4,3,2,0,0,0,0,0,0,0,0,28,3.5553480614894135,4,5,20,518297.0,0,4,0,0,0,1,0,0,1,0,0,0,0,0,0,0,0,1,0,0,0,1,0,1,0,0,0,0,0,0,1,0,1
R0402,2,1,1,2026-05-04 21:47:44,320000.0,Up,250000.0,250000.0,0.0,0.0,0,0,250000.0,0.0,250000.0,250000.0,0.0,0.0,0.0,0.0,0.0,Stable,0,0,1,5,1,2,1,0,1,0,0,0,2,5,51,3.044522437723423,5,7,35,550782.7152777778,2,3,0,0,0,0,0,0,0,0,0,1,0,1,1,0,0,1,0,0,1,1,1,0,0,0,1,0,0,0,1,1,1
R0402,3,2,2,2026-04-27 21:47:44,920000.0,Up,320000.0,320000.0,250000.0,0.0,1,0,285000.0,35000.0,250000.0,320000.0,70000.0,70000.0,0.28,70000.0,0.28,Up,1,0,0,4,4,2,0,1,1,0,0,0,2,5,51,3.044522437723423,5,7,35,550782.7152777778,2,3,0,0,0,0,0,0,0,0,0,1,0,1,1,0,0,1,0,0,1,1,1,0,0,0,1,0,0,0,1,1,2
R0402,4,3,3,2026-04-20 21:47:44,790000.0,Down,920000.0,920000.0,320000.0,250000.0,1,1,496666.6666666667,300702.8803025043,250000.0,920000.0,670000.0,600000.0,1.875,600000.0,1.875,Up,1,0,0,4,3,2,0,0,0,0,0,0,2,5,51,3.044522437723423,5,7,35,550782.7152777778,2,3,0,0,0,0,0,0,0,0,0,1,0,1,1,0,0,1,0,0,1,1,1,0,0,0,1,0,0,0,1,1,2
R0403,2,1,1,2026-05-04 22:22:24,320000.0,Up,255000.0,255000.0,0.0,0.0,0,0,255000.0,0.0,255000.0,255000.0,0.0,0.0,0.0,0.0,0.0,Stable,0,0,1,5,1,2,1,0,1,0,0,0,0,5,22,4.204692619390966,5,7,35,550782.7152777778,0,0,0,0,0,1,0,0,1,0,0,0,1,0,1,0,0,1,0,0,0,1,0,0,0,1,1,0,1,0,1,0,1
R0403,3,2,2,2026-04-27 22:22:24,325000.0,Stable,320000.0,320000.0,255000.0,0.0,1,0,287500.0,32500.0,255000.0,320000.0,65000.0,65000.0,0.2549019607843137,65000.0,0.2549019607843137,Up,1,0,0,4,4,2,0,1,1,0,0,0,0,5,22,4.204692619390966,5,7,35,550782.7152777778,0,0,0,0,0,1,0,0,1,0,0,0,1,0,1,0,0,1,0,0,0,1,0,0,0,1,1,0,1,0,1,0,2
R0403,4,3,3,2026-04-20 22:22:24,270000.0,Down,325000.0,325000.0,320000.0,255000.0,1,1,300000.0,31885.210782848317,255000.0,325000.0,70000.0,5000.0,0.015625,5000.0,0.015625,Stable,0,0,1,4,3,2,0,0,0,0,0,0,0,5,22,4.204692619390966,5,7,35,550782.7152777778,0,0,0,0,0,1,0,0,1,0,0,0,1,0,1,0,0,1,0,0,0,1,0,0,0,1,1,0,1,0,1,0,1
R0404,2,1,1,2026-05-04 22:35:38,290000.0,Stable,280000.0,280000.0,0.0,0.0,0,0,280000.0,0.0,280000.0,280000.0,0.0,0.0,0.0,0.0,0.0,Stable,0,0,1,5,1,2,1,0,1,0,0,0,2,7,37,2.8903717578961645,5,8,40,517481.9375,1,0,0,0,0,0,0,0,0,0,0,1,0,1,0,0,0,0,0,0,0,1,1,0,0,0,0,0,0,0,0,1,1
R0404,3,2,2,2026-04-27 22:35:38,285000.0,Stable,290000.0,290000.0,280000.0,0.0,1,0,285000.0,5000.0,280000.0,290000.0,10000.0,10000.0,0.03571428571428571,10000.0,0.03571428571428571,Stable,0,0,1,4,4,2,0,1,1,0,0,0,2,7,37,2.8903717578961645,5,8,40,517481.9375,1,0,0,0,0,0,0,0,0,0,0,1,0,1,0,0,0,0,0,0,0,1,1,0,0,0,0,0,0,0,0,1,1
R0404,4,3,3,2026-04-20 22:35:38,345000.0,Up,285000.0,285000.0,290000.0,280000.0,1,1,285000.0,4082.48290463863,280000.0,290000.0,10000.0,-5000.0,-0.017241379310344827,-5000.0,-0.017241379310344827,Stable,0,0,1,4,3,2,0,0,0,0,0,0,2,7,37,2.8903717578961645,5,8,40,517481.9375,1,0,0,0,0,0,0,0,0,0,0,1,0,1,0,0,0,0,0,0,0,1,1,0,0,0,0,0,0,0,0,1,1
R0405,2,1,1,2026-05-04 22:48:30,620000.0,Down,710000.0,710000.0,0.0,0.0,0,0,710000.0,0.0,710000.0,710000.0,0.0,0.0,0.0,0.0,0.0,Stable,0,0,1,5,1,2,1,0,1,0,0,0,0,4,26,2.995732273553991,4,6,24,653189.75,1,1,0,0,0,0,0,0,0,0,0,0,1,0,1,0,0,0,0,0,1,1,0,0,0,1,1,0,1,0,0,0,1
R0405,3,2,2,2026-04-27 22:48:30,600000.0,Stable,620000.0,620000.0,710000.0,0.0,1,0,665000.0,45000.0,620000.0,710000.0,90000.0,-90000.0,-0.1267605633802817,-90000.0,-0.1267605633802817,Down,0,1,0,4,4,2,0,1,1,0,0,0,0,4,26,2.995732273553991,4,6,24,653189.75,1,1,0,0,0,0,0,0,0,0,0,0,1,0,1,0,0,0,0,0,1,1,0,0,0,1,1,0,1,0,0,0,0
R0405,4,3,3,2026-04-20 22:48:30,625000.0,Stable,600000.0,600000.0,620000.0,710000.0,1,1,643333.3333333334,47842.33364802441,600000.0,710000.0,110000.0,-20000.0,-0.03225806451612903,-20000.0,-0.03225806451612903,Stable,0,0,1,4,3,2,0,0,0,0,0,0,0,4,26,2.995732273553991,4,6,24,653189.75,1,1,0,0,0,0,0,0,0,0,0,0,1,0,1,0,0,0,0,0,1,1,0,0,0,1,1,0,1,0,0,0,1
R0406,2,1,1,2026-05-04 23:03:27,270000.0,Down,640000.0,640000.0,0.0,0.0,0,0,640000.0,0.0,640000.0,640000.0,0.0,0.0,0.0,0.0,0.0,Stable,0,0,1,5,1,2,1,0,1,0,0,0,2,3,24,3.1780538303479458,6,8,48,460955.5,2,3,0,0,0,0,0,0,0,0,0,1,0,0,1,0,0,1,1,0,0,1,0,0,0,0,1,0,0,0,1,0,1
R0406,3,2,2,2026-04-27 23:03:27,360000.0,Up,270000.0,270000.0,640000.0,0.0,1,0,455000.0,185000.0,270000.0,640000.0,370000.0,-370000.0,-0.578125,-370000.0,-0.578125,Down,0,1,0,4,4,2,0,1,1,0,0,0,2,3,24,3.1780538303479458,6,8,48,460955.5,2,3,0,0,0,0,0,0,0,0,0,1,0,0,1,0,0,1,1,0,0,1,0,0,0,0,1,0,0,0,1,0,0
R0406,4,3,3,2026-04-20 23:03:27,595000.0,Up,360000.0,360000.0,270000.0,640000.0,1,1,423333.3333333333,157550.697307953,270000.0,640000.0,370000.0,90000.0,0.3333333333333333,90000.0,0.3333333333333333,Up,1,0,0,4,3,2,0,0,0,0,0,0,2,3,24,3.1780538303479458,6,8,48,460955.5,2,3,0,0,0,0,0,0,0,0,0,1,0,0,1,0,0,1,1,0,0,1,0,0,0,0,1,0,0,0,1,0,2
R0407,2,1,1,2026-05-05 00:01:21,150000.0,Down,175000.0,175000.0,0.0,0.0,0,0,175000.0,0.0,175000.0,175000.0,0.0,0.0,0.0,0.0,0.0,Stable,0,0,1,5,1,2,1,0,1,0,0,0,0,0,25,3.4011973816621555,3,4,12,518297.0,1,4,0,0,0,1,0,0,1,0,0,1,0,0,1,0,0,0,0,0,0,1,1,0,0,0,1,0,0,0,0,0,1
R0407,3,2,2,2026-04-28 00:01:21,195000.0,Up,150000.0,150000.0,175000.0,0.0,1,0,162500.0,12500.0,150000.0,175000.0,25000.0,-25000.0,-0.14285714285714285,-25000.0,-0.14285714285714285,Down,0,1,0,4,4,2,0,1,1,0,0,0,0,0,25,3.4011973816621555,3,4,12,518297.0,1,4,0,0,0,1,0,0,1,0,0,1,0,0,1,0,0,0,0,0,0,1,1,0,0,0,1,0,0,0,0,0,0
R0407,4,3,3,2026-04-21 00:01:21,555000.0,Up,195000.0,195000.0,150000.0,175000.0,1,1,173333.33333333334,18408.935028645436,150000.0,195000.0,45000.0,45000.0,0.3,45000.0,0.3,Up,1,0,0,4,3,2,0,0,0,0,0,0,0,0,25,3.4011973816621555,3,4,12,518297.0,1,4,0,0,0,1,0,0,1,0,0,1,0,0,1,0,0,0,0,0,0,1,1,0,0,0,1,0,0,0,0,0,2
R0408,2,1,1,2026-05-05 06:37:55,750000.0,Down,810000.0,810000.0,0.0,0.0,0,0,810000.0,0.0,810000.0,810000.0,0.0,0.0,0.0,0.0,0.0,Stable,0,0,1,5,1,2,1,0,1,0,0,0,0,5,23,1.3862943611198906,4,8,32,550782.7152777778,2,1,0,0,0,1,0,0,1,0,0,0,1,0,1,0,0,0,0,0,1,1,0,0,1,0,1,0,1,0,0,0,1
R0408,3,2,2,2026-04-28 06:37:55,700000.0,Down,750000.0,750000.0,810000.0,0.0,1,0,780000.0,30000.0,750000.0,810000.0,60000.0,-60000.0,-0.07407407407407407,-60000.0,-0.07407407407407407,Down,0,1,0,4,4,2,0,1,1,0,0,0,0,5,23,1.3862943611198906,4,8,32,550782.7152777778,2,1,0,0,0,1,0,0,1,0,0,0,1,0,1,0,0,0,0,0,1,1,0,0,1,0,1,0,1,0,0,0,0
R0408,4,3,3,2026-04-21 06:37:55,1342800.0,Up,700000.0,700000.0,750000.0,810000.0,1,1,753333.3333333334,44969.12521077347,700000.0,810000.0,110000.0,-50000.0,-0.06666666666666667,-50000.0,-0.06666666666666667,Down,0,1,0,4,3,2,0,0,0,0,0,0,0,5,23,1.3862943611198906,4,8,32,550782.7152777778,2,1,0,0,0,1,0,0,1,0,0,0,1,0,1,0,0,0,0,0,1,1,0,0,1,0,1,0,1,0,0,0,0
R0409,2,1,1,2026-05-05 08:01:43,340000.0,Stable,350000.0,350000.0,0.0,0.0,0,0,350000.0,0.0,350000.0,350000.0,0.0,0.0,0.0,0.0,0.0,Stable,0,0,1,5,1,2,1,0,1,0,0,0,0,1,17,2.9444389791664403,2,3,6,739240.8333333334,0,1,0,0,0,1,0,0,1,0,0,1,0,1,0,0,0,0,0,0,0,1,0,0,0,0,0,0,0,0,0,1,1
R0409,3,2,2,2026-04-28 08:01:43,350000.0,Stable,340000.0,340000.0,350000.0,0.0,1,0,345000.0,5000.0,340000.0,350000.0,10000.0,-10000.0,-0.02857142857142857,-10000.0,-0.02857142857142857,Stable,0,0,1,4,4,2,0,1,1,0,0,0,0,1,17,2.9444389791664403,2,3,6,739240.8333333334,0,1,0,0,0,1,0,0,1,0,0,1,0,1,0,0,0,0,0,0,0,1,0,0,0,0,0,0,0,0,0,1,1
R0409,4,3,3,2026-04-21 08:01:43,340000.0,Stable,350000.0,350000.0,340000.0,350000.0,1,1,346666.6666666667,4714.045207910317,340000.0,350000.0,10000.0,10000.0,0.029411764705882353,10000.0,0.029411764705882353,Stable,0,0,1,4,3,2,0,0,0,0,0,0,0,1,17,2.9444389791664403,2,3,6,739240.8333333334,0,1,0,0,0,1,0,0,1,0,0,1,0,1,0,0,0,0,0,0,0,1,0,0,0,0,0,0,0,0,0,1,1
R0410,2,1,1,2026-05-05 09:12:55,1030000.0,Up,980000.0,980000.0,0.0,0.0,0,0,980000.0,0.0,980000.0,980000.0,0.0,0.0,0.0,0.0,0.0,Stable,0,0,1,5,1,2,1,0,1,0,0,0,0,1,21,3.091042453358316,4,8,32,739240.8333333334,2,1,0,0,0,1,0,0,1,0,0,0,1,0,1,0,0,0,0,0,0,1,0,0,0,1,1,0,1,0,0,0,1
R0410,3,2,2,2026-04-28 09:12:55,1000000.0,Stable,1030000.0,1030000.0,980000.0,0.0,1,0,1005000.0,25000.0,980000.0,1030000.0,50000.0,50000.0,0.05102040816326531,50000.0,0.05102040816326531,Up,1,0,0,4,4,2,0,1,1,0,0,0,0,1,21,3.091042453358316,4,8,32,739240.8333333334,2,1,0,0,0,1,0,0,1,0,0,0,1,0,1,0,0,0,0,0,0,1,0,0,0,1,1,0,1,0,0,0,2
R0410,4,3,3,2026-04-21 09:12:55,1015000.0,Stable,1000000.0,1000000.0,1030000.0,980000.0,1,1,1003333.3333333334,20548.046676563255,980000.0,1030000.0,50000.0,-30000.0,-0.02912621359223301,-30000.0,-0.02912621359223301,Stable,0,0,1,4,3,2,0,0,0,0,0,0,0,1,21,3.091042453358316,4,8,32,739240.8333333334,2,1,0,0,0,1,0,0,1,0,0,0,1,0,1,0,0,0,0,0,0,1,0,0,0,1,1,0,1,0,0,0,1
R0411,2,1,1,2026-05-05 09:33:46,270000.0,Down,325000.0,325000.0,0.0,0.0,0,0,325000.0,0.0,325000.0,325000.0,0.0,0.0,0.0,0.0,0.0,Stable,0,0,1,5,1,2,1,0,1,0,0,0,2,5,37,2.5649493574615367,5,6,30,550782.7152777778,1,4,0,0,0,0,0,0,0,0,0,1,0,1,1,0,0,0,1,0,0,1,0,0,0,0,1,0,0,0,0,1,1
R0411,3,2,2,2026-04-28 09:33:46,270000.0,Stable,270000.0,270000.0,325000.0,0.0,1,0,297500.0,27500.0,270000.0,325000.0,55000.0,-55000.0,-0.16923076923076924,-55000.0,-0.16923076923076924,Down,0,1,0,4,4,2,0,1,1,0,0,0,2,5,37,2.5649493574615367,5,6,30,550782.7152777778,1,4,0,0,0,0,0,0,0,0,0,1,0,1,1,0,0,0,1,0,0,1,0,0,0,0,1,0,0,0,0,1,0
R0411,4,3,3,2026-04-21 09:33:46,325000.0,Up,270000.0,270000.0,270000.0,325000.0,1,1,288333.3333333333,25927.248643506744,270000.0,325000.0,55000.0,0.0,0.0,0.0,0.0,Stable,0,0,1,4,3,2,0,0,0,0,0,0,2,5,37,2.5649493574615367,5,6,30,550782.7152777778,1,4,0,0,0,0,0,0,0,0,0,1,0,1,1,0,0,0,1,0,0,1,0,0,0,0,1,0,0,0,0,1,1
R0412,2,1,1,2026-05-05 09:45:21,305000.0,Up,210000.0,210000.0,0.0,0.0,0,0,210000.0,0.0,210000.0,210000.0,0.0,0.0,0.0,0.0,0.0,Stable,0,0,1,5,1,2,1,0,1,0,0,0,0,6,38,2.995732273553991,4,4,16,559306.0,1,0,0,0,0,1,0,1,1,1,0,1,1,0,1,0,0,1,1,0,0,1,0,1,0,0,1,0,1,0,1,0,1
R0412,3,2,2,2026-04-28 09:45:21,175000.0,Down,305000.0,305000.0,210000.0,0.0,1,0,257500.0,47500.0,210000.0,305000.0,95000.0,95000.0,0.4523809523809524,95000.0,0.4523809523809524,Up,1,0,0,4,4,2,0,1,1,0,0,0,0,6,38,2.995732273553991,4,4,16,559306.0,1,0,0,0,0,1,0,1,1,1,0,1,1,0,1,0,0,1,1,0,0,1,0,1,0,0,1,0,1,0,1,0,2
R0412,4,3,3,2026-04-21 09:45:21,280000.0,Up,175000.0,175000.0,305000.0,210000.0,1,1,230000.0,54924.1901776136,175000.0,305000.0,130000.0,-130000.0,-0.4262295081967213,-130000.0,-0.4262295081967213,Down,0,1,0,4,3,2,0,0,0,0,0,0,0,6,38,2.995732273553991,4,4,16,559306.0,1,0,0,0,0,1,0,1,1,1,0,1,1,0,1,0,0,1,1,0,0,1,0,1,0,0,1,0,1,0,1,0,0
R0413,2,1,1,2026-05-05 10:51:38,160000.0,Up,80000.0,80000.0,0.0,0.0,0,0,80000.0,0.0,80000.0,80000.0,0.0,0.0,0.0,0.0,0.0,Stable,0,0,1,5,1,2,1,0,1,0,0,0,0,0,22,2.833213344056216,5,5,25,518297.0,1,1,0,0,0,1,0,0,1,0,0,1,1,0,0,0,0,1,0,0,0,1,0,0,0,0,0,0,1,0,1,0,1
R0413,3,2,2,2026-04-28 10:51:38,100000.0,Down,160000.0,160000.0,80000.0,0.0,1,0,120000.0,40000.0,80000.0,160000.0,80000.0,80000.0,1.0,80000.0,1.0,Up,1,0,0,4,4,2,0,1,1,0,0,0,0,0,22,2.833213344056216,5,5,25,518297.0,1,1,0,0,0,1,0,0,1,0,0,1,1,0,0,0,0,1,0,0,0,1,0,0,0,0,0,0,1,0,1,0,2
R0413,4,3,3,2026-04-21 10:51:38,130000.0,Up,100000.0,100000.0,160000.0,80000.0,1,1,113333.33333333333,33993.4634239519,80000.0,160000.0,80000.0,-60000.0,-0.375,-60000.0,-0.375,Down,0,1,0,4,3,2,0,0,0,0,0,0,0,0,22,2.833213344056216,5,5,25,518297.0,1,1,0,0,0,1,0,0,1,0,0,1,1,0,0,0,0,1,0,0,0,1,0,0,0,0,0,0,1,0,1,0,0
R0414,2,1,1,2026-05-05 11:50:50,130000.0,Down,175000.0,175000.0,0.0,0.0,0,0,175000.0,0.0,175000.0,175000.0,0.0,0.0,0.0,0.0,0.0,Stable,0,0,1,5,1,2,1,0,1,0,0,0,0,1,20,4.31748811353631,5,3,15,739240.8333333334,1,0,0,0,0,0,0,1,1,1,0,0,0,0,0,0,1,1,1,0,0,1,0,1,0,0,0,0,0,1,1,0,1
R0414,3,2,2,2026-04-28 11:50:50,125000.0,Stable,130000.0,130000.0,175000.0,0.0,1,0,152500.0,22500.0,130000.0,175000.0,45000.0,-45000.0,-0.2571428571428571,-45000.0,-0.2571428571428571,Down,0,1,0,4,4,2,0,1,1,0,0,0,0,1,20,4.31748811353631,5,3,15,739240.8333333334,1,0,0,0,0,0,0,1,1,1,0,0,0,0,0,0,1,1,1,0,0,1,0,1,0,0,0,0,0,1,1,0,0
R0414,4,3,3,2026-04-21 11:50:50,150000.0,Up,125000.0,125000.0,130000.0,175000.0,1,1,143333.33333333334,22484.562605386738,125000.0,175000.0,50000.0,-5000.0,-0.038461538461538464,-5000.0,-0.038461538461538464,Stable,0,0,1,4,3,2,0,0,0,0,0,0,0,1,20,4.31748811353631,5,3,15,739240.8333333334,1,0,0,0,0,0,0,1,1,1,0,0,0,0,0,0,1,1,1,0,0,1,0,1,0,0,0,0,0,1,1,0,1
R0415,2,1,1,2026-05-05 11:59:23,415000.0,Up,365000.0,365000.0,0.0,0.0,0,0,365000.0,0.0,365000.0,365000.0,0.0,0.0,0.0,0.0,0.0,Stable,0,0,1,5,1,2,1,0,1,0,0,0,2,0,29,3.8918202981106265,6,8,48,518297.0,2,0,0,0,0,0,0,0,0,0,0,1,0,0,1,0,0,1,0,0,0,1,0,0,0,0,1,0,0,0,1,0,1
R0415,3,2,2,2026-04-28 11:59:23,425000.0,Stable,415000.0,415000.0,365000.0,0.0,1,0,390000.0,25000.0,365000.0,415000.0,50000.0,50000.0,0.136986301369863,50000.0,0.136986301369863,Up,1,0,0,4,4,2,0,1,1,0,0,0,2,0,29,3.8918202981106265,6,8,48,518297.0,2,0,0,0,0,0,0,0,0,0,0,1,0,0,1,0,0,1,0,0,0,1,0,0,0,0,1,0,0,0,1,0,2
R0415,4,3,3,2026-04-21 11:59:23,350000.0,Down,425000.0,425000.0,415000.0,365000.0,1,1,401666.6666666667,26246.692913372703,365000.0,425000.0,60000.0,10000.0,0.024096385542168676,10000.0,0.024096385542168676,Stable,0,0,1,4,3,2,0,0,0,0,0,0,2,0,29,3.8918202981106265,6,8,48,518297.0,2,0,0,0,0,0,0,0,0,0,0,1,0,0,1,0,0,1,0,0,0,1,0,0,0,0,1,0,0,0,1,0,1
R0416,2,1,1,2026-05-05 14:16:48,960000.0,Stable,925000.0,925000.0,0.0,0.0,0,0,925000.0,0.0,925000.0,925000.0,0.0,0.0,0.0,0.0,0.0,Stable,0,0,1,5,1,2,1,0,1,0,0,0,0,1,25,3.713572066704308,4,7,28,739240.8333333334,2,2,0,0,0,1,0,0,1,0,0,0,1,0,0,0,0,0,0,0,0,1,0,0,0,0,0,0,1,0,0,0,1
R0416,3,2,2,2026-04-28 14:16:48,725000.0,Down,960000.0,960000.0,925000.0,0.0,1,0,942500.0,17500.0,925000.0,960000.0,35000.0,35000.0,0.03783783783783784,35000.0,0.03783783783783784,Stable,0,0,1,4,4,2,0,1,1,0,0,0,0,1,25,3.713572066704308,4,7,28,739240.8333333334,2,2,0,0,0,1,0,0,1,0,0,0,1,0,0,0,0,0,0,0,0,1,0,0,0,0,0,0,1,0,0,0,1
R0416,4,3,3,2026-04-21 14:16:48,310000.0,Down,725000.0,725000.0,960000.0,925000.0,1,1,870000.0,103521.33435513022,725000.0,960000.0,235000.0,-235000.0,-0.24479166666666666,-235000.0,-0.24479166666666666,Down,0,1,0,4,3,2,0,0,0,0,0,0,0,1,25,3.713572066704308,4,7,28,739240.8333333334,2,2,0,0,0,1,0,0,1,0,0,0,1,0,0,0,0,0,0,0,0,1,0,0,0,0,0,0,1,0,0,0,0
R0417,2,1,1,2026-05-05 18:26:41,500000.0,Stable,500000.0,500000.0,0.0,0.0,0,0,500000.0,0.0,500000.0,500000.0,0.0,0.0,0.0,0.0,0.0,Stable,0,0,1,5,1,2,1,0,1,0,0,0,2,0,34,3.1780538303479458,5,6,30,518297.0,2,0,0,0,0,0,0,0,0,0,0,1,0,1,1,0,0,0,0,0,0,1,0,0,0,0,1,0,0,0,0,1,1
R0417,3,2,2,2026-04-28 18:26:41,525000.0,Stable,500000.0,500000.0,500000.0,0.0,1,0,500000.0,0.0,500000.0,500000.0,0.0,0.0,0.0,0.0,0.0,Stable,0,0,1,4,4,2,0,1,1,0,0,0,2,0,34,3.1780538303479458,5,6,30,518297.0,2,0,0,0,0,0,0,0,0,0,0,1,0,1,1,0,0,0,0,0,0,1,0,0,0,0,1,0,0,0,0,1,1
R0417,4,3,3,2026-04-21 18:26:41,575000.0,Up,525000.0,525000.0,500000.0,500000.0,1,1,508333.3333333333,11785.113019775792,500000.0,525000.0,25000.0,25000.0,0.05,25000.0,0.05,Stable,0,0,1,4,3,2,0,0,0,0,0,0,2,0,34,3.1780538303479458,5,6,30,518297.0,2,0,0,0,0,0,0,0,0,0,0,1,0,1,1,0,0,0,0,0,0,1,0,0,0,0,1,0,0,0,0,1,1
R0418,2,1,1,2026-05-05 19:11:25,245000.0,Up,110000.0,110000.0,0.0,0.0,0,0,110000.0,0.0,110000.0,110000.0,0.0,0.0,0.0,0.0,0.0,Stable,0,0,1,5,1,2,1,0,1,0,0,0,0,2,26,3.6375861597263857,5,6,30,442180.75,0,3,0,0,0,0,0,1,1,1,0,1,0,1,0,1,0,0,1,0,0,1,0,0,0,1,0,1,0,0,0,1,1
R0418,3,2,2,2026-04-28 19:11:25,250000.0,Stable,245000.0,245000.0,110000.0,0.0,1,0,177500.0,67500.0,110000.0,245000.0,135000.0,135000.0,1.2272727272727273,135000.0,1.2272727272727273,Up,1,0,0,4,4,2,0,1,1,0,0,0,0,2,26,3.6375861597263857,5,6,30,442180.75,0,3,0,0,0,0,0,1,1,1,0,1,0,1,0,1,0,0,1,0,0,1,0,0,0,1,0,1,0,0,0,1,2
R0418,4,3,3,2026-04-21 19:11:25,140000.0,Down,250000.0,250000.0,245000.0,110000.0,1,1,201666.66666666666,64850.25486114573,110000.0,250000.0,140000.0,5000.0,0.02040816326530612,5000.0,0.02040816326530612,Stable,0,0,1,4,3,2,0,0,0,0,0,0,0,2,26,3.6375861597263857,5,6,30,442180.75,0,3,0,0,0,0,0,1,1,1,0,1,0,1,0,1,0,0,1,0,0,1,0,0,0,1,0,1,0,0,0,1,1
R0419,2,1,1,2026-05-05 19:53:19,1273200.0,Up,1075000.0,1075000.0,0.0,0.0,0,0,1075000.0,0.0,1075000.0,1075000.0,0.0,0.0,0.0,0.0,0.0,Stable,0,0,1,5,1,2,1,0,1,0,0,0,1,0,33,3.295836866004329,5,11,55,518297.0,2,1,0,1,1,0,0,0,0,0,0,0,0,1,0,0,0,0,0,0,0,1,0,0,0,0,0,0,0,0,0,1,1
R0419,3,2,2,2026-04-28 19:53:19,1095000.0,Down,1273200.0,1273200.0,1075000.0,0.0,1,0,1174100.0,99100.0,1075000.0,1273200.0,198200.0,198200.0,0.1843720930232558,198200.0,0.1843720930232558,Up,1,0,0,4,4,2,0,1,1,0,0,0,1,0,33,3.295836866004329,5,11,55,518297.0,2,1,0,1,1,0,0,0,0,0,0,0,0,1,0,0,0,0,0,0,0,1,0,0,0,0,0,0,0,0,0,1,2
R0419,4,3,3,2026-04-21 19:53:19,1150000.0,Up,1095000.0,1095000.0,1273200.0,1075000.0,1,1,1147733.3333333333,89093.25950311217,1075000.0,1273200.0,198200.0,-178200.0,-0.13996229971724788,-178200.0,-0.13996229971724788,Down,0,1,0,4,3,2,0,0,0,0,0,0,1,0,33,3.295836866004329,5,11,55,518297.0,2,1,0,1,1,0,0,0,0,0,0,0,0,1,0,0,0,0,0,0,0,1,0,0,0,0,0,0,0,0,0,1,0
R0420,2,1,1,2026-05-05 21:13:58,310000.0,Down,350000.0,350000.0,0.0,0.0,0,0,350000.0,0.0,350000.0,350000.0,0.0,0.0,0.0,0.0,0.0,Stable,0,0,1,5,1,2,1,0,1,0,0,0,0,0,20,4.3694478524670215,4,5,20,518297.0,1,1,0,0,0,1,0,0,1,0,0,1,1,1,1,0,0,0,0,0,1,1,0,0,0,0,1,0,1,0,0,1,1
R0420,3,2,2,2026-04-28 21:13:58,340000.0,Up,310000.0,310000.0,350000.0,0.0,1,0,330000.0,20000.0,310000.0,350000.0,40000.0,-40000.0,-0.11428571428571428,-40000.0,-0.11428571428571428,Down,0,1,0,4,4,2,0,1,1,0,0,0,0,0,20,4.3694478524670215,4,5,20,518297.0,1,1,0,0,0,1,0,0,1,0,0,1,1,1,1,0,0,0,0,0,1,1,0,0,0,0,1,0,1,0,0,1,0
R0420,4,3,3,2026-04-21 21:13:58,210000.0,Down,340000.0,340000.0,310000.0,350000.0,1,1,333333.3333333333,16996.73171197595,310000.0,350000.0,40000.0,30000.0,0.0967741935483871,30000.0,0.0967741935483871,Up,1,0,0,4,3,2,0,0,0,0,0,0,0,0,20,4.3694478524670215,4,5,20,518297.0,1,1,0,0,0,1,0,0,1,0,0,1,1,1,1,0,0,0,0,0,1,1,0,0,0,0,1,0,1,0,0,1,2
R0421,2,1,1,2026-05-05 23:30:04,550000.0,Down,590000.0,590000.0,0.0,0.0,0,0,590000.0,0.0,590000.0,590000.0,0.0,0.0,0.0,0.0,0.0,Stable,0,0,1,5,1,2,1,0,1,0,0,0,0,5,18,3.1780538303479458,6,8,48,550782.7152777778,2,4,0,1,0,0,0,1,0,0,0,0,0,0,1,0,0,0,0,0,0,1,0,1,0,0,1,0,0,0,0,0,1
R0421,3,2,2,2026-04-28 23:30:04,625000.0,Up,550000.0,550000.0,590000.0,0.0,1,0,570000.0,20000.0,550000.0,590000.0,40000.0,-40000.0,-0.06779661016949153,-40000.0,-0.06779661016949153,Down,0,1,0,4,4,2,0,1,1,0,0,0,0,5,18,3.1780538303479458,6,8,48,550782.7152777778,2,4,0,1,0,0,0,1,0,0,0,0,0,0,1,0,0,0,0,0,0,1,0,1,0,0,1,0,0,0,0,0,0
R0421,4,3,3,2026-04-21 23:30:04,650000.0,Stable,625000.0,625000.0,550000.0,590000.0,1,1,588333.3333333334,30641.29385141706,550000.0,625000.0,75000.0,75000.0,0.13636363636363635,75000.0,0.13636363636363635,Up,1,0,0,4,3,2,0,0,0,0,0,0,0,5,18,3.1780538303479458,6,8,48,550782.7152777778,2,4,0,1,0,0,0,1,0,0,0,0,0,0,1,0,0,0,0,0,0,1,0,1,0,0,1,0,0,0,0,0,2
R0422,2,1,1,2026-05-05 23:36:55,1010000.0,Up,850000.0,850000.0,0.0,0.0,0,0,850000.0,0.0,850000.0,850000.0,0.0,0.0,0.0,0.0,0.0,Stable,0,0,1,5,1,2,1,0,1,0,0,0,1,6,31,1.0986122886681096,6,11,66,559306.0,2,2,0,1,0,0,0,0,0,0,0,0,0,1,0,0,1,0,0,0,1,1,0,0,0,0,0,0,0,1,0,1,1
R0422,3,2,2,2026-04-28 23:36:55,645000.0,Down,1010000.0,1010000.0,850000.0,0.0,1,0,930000.0,80000.0,850000.0,1010000.0,160000.0,160000.0,0.18823529411764706,160000.0,0.18823529411764706,Up,1,0,0,4,4,2,0,1,1,0,0,0,1,6,31,1.0986122886681096,6,11,66,559306.0,2,2,0,1,0,0,0,0,0,0,0,0,0,1,0,0,1,0,0,0,1,1,0,0,0,0,0,0,0,1,0,1,2
R0422,4,3,3,2026-04-21 23:36:55,500000.0,Down,645000.0,645000.0,1010000.0,850000.0,1,1,835000.0,149387.6389353104,645000.0,1010000.0,365000.0,-365000.0,-0.3613861386138614,-365000.0,-0.3613861386138614,Down,0,1,0,4,3,2,0,0,0,0,0,0,1,6,31,1.0986122886681096,6,11,66,559306.0,2,2,0,1,0,0,0,0,0,0,0,0,0,1,0,0,1,0,0,0,1,1,0,0,0,0,0,0,0,1,0,1,0
R0423,2,1,1,2026-05-06 07:44:31,215000.0,Up,175000.0,175000.0,0.0,0.0,0,0,175000.0,0.0,175000.0,175000.0,0.0,0.0,0.0,0.0,0.0,Stable,0,0,1,5,1,2,1,0,1,0,0,0,0,5,19,2.4849066497880004,6,7,42,550782.7152777778,1,1,0,0,0,0,0,0,0,0,0,0,1,0,1,0,0,0,0,0,1,1,0,0,0,1,1,0,1,0,0,0,1
R0423,3,2,2,2026-04-29 07:44:31,150000.0,Down,215000.0,215000.0,175000.0,0.0,1,0,195000.0,20000.0,175000.0,215000.0,40000.0,40000.0,0.22857142857142856,40000.0,0.22857142857142856,Up,1,0,0,4,5,2,0,1,1,0,0,0,0,5,19,2.4849066497880004,6,7,42,550782.7152777778,1,1,0,0,0,0,0,0,0,0,0,0,1,0,1,0,0,0,0,0,1,1,0,0,0,1,1,0,1,0,0,0,2
R0423,4,3,3,2026-04-22 07:44:31,200000.0,Up,150000.0,150000.0,215000.0,175000.0,1,1,180000.0,26770.630673681684,150000.0,215000.0,65000.0,-65000.0,-0.3023255813953488,-65000.0,-0.3023255813953488,Down,0,1,0,4,4,2,0,0,0,0,0,0,0,5,19,2.4849066497880004,6,7,42,550782.7152777778,1,1,0,0,0,0,0,0,0,0,0,0,1,0,1,0,0,0,0,0,1,1,0,0,0,1,1,0,1,0,0,0,0
R0424,2,1,1,2026-05-06 08:20:11,810000.0,Up,18400.0,18400.0,0.0,0.0,0,0,18400.0,0.0,18400.0,18400.0,0.0,0.0,0.0,0.0,0.0,Stable,0,0,1,5,1,2,1,0,1,0,0,0,0,1,24,4.23410650459726,4,4,16,739240.8333333334,0,2,1,0,0,0,0,0,0,0,0,0,1,0,1,0,0,1,0,0,0,1,0,0,0,0,1,0,1,0,1,0,1
R0424,3,2,2,2026-04-29 08:20:11,770000.0,Stable,810000.0,810000.0,18400.0,0.0,1,0,414200.0,395800.0,18400.0,810000.0,791600.0,791600.0,43.02173913043478,791600.0,43.02173913043478,Up,1,0,0,4,5,2,0,1,1,0,0,0,0,1,24,4.23410650459726,4,4,16,739240.8333333334,0,2,1,0,0,0,0,0,0,0,0,0,1,0,1,0,0,1,0,0,0,1,0,0,0,0,1,0,1,0,1,0,2
R0424,4,3,3,2026-04-22 08:20:11,680000.0,Down,770000.0,770000.0,810000.0,18400.0,1,1,532800.0,364102.11022001324,18400.0,810000.0,791600.0,-40000.0,-0.04938271604938271,-40000.0,-0.04938271604938271,Stable,0,0,1,4,4,2,0,0,0,0,0,0,0,1,24,4.23410650459726,4,4,16,739240.8333333334,0,2,1,0,0,0,0,0,0,0,0,0,1,0,1,0,0,1,0,0,0,1,0,0,0,0,1,0,1,0,1,0,1
R0425,2,1,1,2026-05-06 09:00:54,450000.0,Up,320000.0,320000.0,0.0,0.0,0,0,320000.0,0.0,320000.0,320000.0,0.0,0.0,0.0,0.0,0.0,Stable,0,0,1,5,1,2,1,0,1,0,0,0,0,4,33,3.044522437723423,6,6,36,653189.75,2,1,0,0,0,1,0,1,1,1,0,1,0,0,1,1,0,0,0,0,0,1,0,0,0,1,1,1,0,0,0,0,1
R0425,3,2,2,2026-04-29 09:00:54,415000.0,Down,450000.0,450000.0,320000.0,0.0,1,0,385000.0,65000.0,320000.0,450000.0,130000.0,130000.0,0.40625,130000.0,0.40625,Up,1,0,0,4,5,2,0,1,1,0,0,0,0,4,33,3.044522437723423,6,6,36,653189.75,2,1,0,0,0,1,0,1,1,1,0,1,0,0,1,1,0,0,0,0,0,1,0,0,0,1,1,1,0,0,0,0,2
R0425,4,3,3,2026-04-22 09:00:54,505000.0,Up,415000.0,415000.0,450000.0,320000.0,1,1,395000.0,54924.1901776136,320000.0,450000.0,130000.0,-35000.0,-0.07777777777777778,-35000.0,-0.07777777777777778,Down,0,1,0,4,4,2,0,0,0,0,0,0,0,4,33,3.044522437723423,6,6,36,653189.75,2,1,0,0,0,1,0,1,1,1,0,1,0,0,1,1,0,0,0,0,0,1,0,0,0,1,1,1,0,0,0,0,0
R0426,2,1,1,2026-05-06 09:41:53,110000.0,Down,140000.0,140000.0,0.0,0.0,0,0,140000.0,0.0,140000.0,140000.0,0.0,0.0,0.0,0.0,0.0,Stable,0,0,1,5,1,2,1,0,1,0,0,0,0,0,25,4.248495242049359,2,4,8,518297.0,0,0,0,0,0,0,0,0,0,0,0,1,0,1,0,0,0,0,0,0,0,1,1,0,0,1,0,0,0,0,0,1,1
R0426,3,2,2,2026-04-29 09:41:53,200000.0,Up,110000.0,110000.0,140000.0,0.0,1,0,125000.0,15000.0,110000.0,140000.0,30000.0,-30000.0,-0.21428571428571427,-30000.0,-0.21428571428571427,Down,0,1,0,4,5,2,0,1,1,0,0,0,0,0,25,4.248495242049359,2,4,8,518297.0,0,0,0,0,0,0,0,0,0,0,0,1,0,1,0,0,0,0,0,0,0,1,1,0,0,1,0,0,0,0,0,1,0
R0426,4,3,3,2026-04-22 09:41:53,140000.0,Down,200000.0,200000.0,110000.0,140000.0,1,1,150000.0,37416.57386773941,110000.0,200000.0,90000.0,90000.0,0.8181818181818182,90000.0,0.8181818181818182,Up,1,0,0,4,4,2,0,0,0,0,0,0,0,0,25,4.248495242049359,2,4,8,518297.0,0,0,0,0,0,0,0,0,0,0,0,1,0,1,0,0,0,0,0,0,0,1,1,0,0,1,0,0,0,0,0,1,2
R0427,2,1,1,2026-05-06 10:04:08,600000.0,Up,475000.0,475000.0,0.0,0.0,0,0,475000.0,0.0,475000.0,475000.0,0.0,0.0,0.0,0.0,0.0,Stable,0,0,1,5,1,2,1,0,1,0,0,0,2,5,28,3.912023005428146,5,7,35,550782.7152777778,1,4,0,0,0,0,0,0,0,0,0,1,0,1,1,0,0,1,0,0,0,1,0,0,0,0,1,0,0,0,1,1,1
R0427,3,2,2,2026-04-29 10:04:08,620000.0,Stable,600000.0,600000.0,475000.0,0.0,1,0,537500.0,62500.0,475000.0,600000.0,125000.0,125000.0,0.2631578947368421,125000.0,0.2631578947368421,Up,1,0,0,4,5,2,0,1,1,0,0,0,2,5,28,3.912023005428146,5,7,35,550782.7152777778,1,4,0,0,0,0,0,0,0,0,0,1,0,1,1,0,0,1,0,0,0,1,0,0,0,0,1,0,0,0,1,1,2
R0427,4,3,3,2026-04-22 10:04:08,630000.0,Stable,620000.0,620000.0,600000.0,475000.0,1,1,565000.0,64161.255183067195,475000.0,620000.0,145000.0,20000.0,0.03333333333333333,20000.0,0.03333333333333333,Stable,0,0,1,4,4,2,0,0,0,0,0,0,2,5,28,3.912023005428146,5,7,35,550782.7152777778,1,4,0,0,0,0,0,0,0,0,0,1,0,1,1,0,0,1,0,0,0,1,0,0,0,0,1,0,0,0,1,1,1
R0428,2,1,1,2026-05-06 11:54:27,455000.0,Up,360000.0,360000.0,0.0,0.0,0,0,360000.0,0.0,360000.0,360000.0,0.0,0.0,0.0,0.0,0.0,Stable,0,0,1,5,1,2,1,0,1,0,0,0,0,5,24,0.6931471805599453,3,6,18,550782.7152777778,0,0,0,0,0,1,0,0,1,0,0,0,1,0,1,0,0,1,0,0,0,1,0,0,0,1,1,0,1,0,1,0,1
R0428,3,2,2,2026-04-29 11:54:27,475000.0,Stable,455000.0,455000.0,360000.0,0.0,1,0,407500.0,47500.0,360000.0,455000.0,95000.0,95000.0,0.2638888888888889,95000.0,0.2638888888888889,Up,1,0,0,4,5,2,0,1,1,0,0,0,0,5,24,0.6931471805599453,3,6,18,550782.7152777778,0,0,0,0,0,1,0,0,1,0,0,0,1,0,1,0,0,1,0,0,0,1,0,0,0,1,1,0,1,0,1,0,2
R0428,4,3,3,2026-04-22 11:54:27,450000.0,Down,475000.0,475000.0,455000.0,360000.0,1,1,430000.0,50166.3898109747,360000.0,475000.0,115000.0,20000.0,0.04395604395604396,20000.0,0.04395604395604396,Stable,0,0,1,4,4,2,0,0,0,0,0,0,0,5,24,0.6931471805599453,3,6,18,550782.7152777778,0,0,0,0,0,1,0,0,1,0,0,0,1,0,1,0,0,1,0,0,0,1,0,0,0,1,1,0,1,0,1,0,1
R0429,2,1,1,2026-05-06 14:27:12,1273200.0,Up,585000.0,585000.0,0.0,0.0,0,0,585000.0,0.0,585000.0,585000.0,0.0,0.0,0.0,0.0,0.0,Stable,0,0,1,5,1,2,1,0,1,0,0,0,0,3,20,2.4849066497880004,3,6,18,460955.5,2,1,0,0,0,0,0,0,0,0,1,0,1,0,1,0,0,0,0,0,0,1,0,0,1,1,1,0,1,0,0,0,1
R0429,3,2,2,2026-04-29 14:27:12,480000.0,Down,1273200.0,1273200.0,585000.0,0.0,1,0,929100.0,344100.0,585000.0,1273200.0,688200.0,688200.0,1.1764102564102563,688200.0,1.1764102564102563,Up,1,0,0,4,5,2,0,1,1,0,0,0,0,3,20,2.4849066497880004,3,6,18,460955.5,2,1,0,0,0,0,0,0,0,0,1,0,1,0,1,0,0,0,0,0,0,1,0,0,1,1,1,0,1,0,0,0,2
R0429,4,3,3,2026-04-22 14:27:12,685000.0,Up,480000.0,480000.0,1273200.0,585000.0,1,1,779400.0,351790.7332491861,480000.0,1273200.0,793200.0,-793200.0,-0.6229971724787936,-793200.0,-0.6229971724787936,Down,0,1,0,4,4,2,0,0,0,0,0,0,0,3,20,2.4849066497880004,3,6,18,460955.5,2,1,0,0,0,0,0,0,0,0,1,0,1,0,1,0,0,0,0,0,0,1,0,0,1,1,1,0,1,0,0,0,0
R0430,2,1,1,2026-05-06 16:12:05,225000.0,Up,150000.0,150000.0,0.0,0.0,0,0,150000.0,0.0,150000.0,150000.0,0.0,0.0,0.0,0.0,0.0,Stable,0,0,1,5,1,2,1,0,1,0,0,0,0,4,26,2.0794415416798357,7,8,56,653189.75,0,1,0,1,0,0,0,1,0,0,0,0,0,0,0,0,1,0,0,1,0,1,0,0,0,0,0,0,0,1,0,0,1
R0430,3,2,2,2026-04-29 16:12:05,160000.0,Down,225000.0,225000.0,150000.0,0.0,1,0,187500.0,37500.0,150000.0,225000.0,75000.0,75000.0,0.5,75000.0,0.5,Up,1,0,0,4,5,2,0,1,1,0,0,0,0,4,26,2.0794415416798357,7,8,56,653189.75,0,1,0,1,0,0,0,1,0,0,0,0,0,0,0,0,1,0,0,1,0,1,0,0,0,0,0,0,0,1,0,0,2
R0430,4,3,3,2026-04-22 16:12:05,190000.0,Up,160000.0,160000.0,225000.0,150000.0,1,1,178333.33333333334,33249.89557210001,150000.0,225000.0,75000.0,-65000.0,-0.28888888888888886,-65000.0,-0.28888888888888886,Down,0,1,0,4,4,2,0,0,0,0,0,0,0,4,26,2.0794415416798357,7,8,56,653189.75,0,1,0,1,0,0,0,1,0,0,0,0,0,0,0,0,1,0,0,1,0,1,0,0,0,0,0,0,0,1,0,0,0
R0431,2,1,1,2026-05-06 16:42:44,1050000.0,Up,575000.0,575000.0,0.0,0.0,0,0,575000.0,0.0,575000.0,575000.0,0.0,0.0,0.0,0.0,0.0,Stable,0,0,1,5,1,2,1,0,1,0,0,0,1,0,46,3.1780538303479458,7,8,56,518297.0,1,1,0,1,1,0,0,0,0,0,0,0,0,0,0,0,0,1,0,0,1,1,0,0,1,0,0,0,0,0,1,0,1
R0431,3,2,2,2026-04-29 16:42:44,650000.0,Down,1050000.0,1050000.0,575000.0,0.0,1,0,812500.0,237500.0,575000.0,1050000.0,475000.0,475000.0,0.8260869565217391,475000.0,0.8260869565217391,Up,1,0,0,4,5,2,0,1,1,0,0,0,1,0,46,3.1780538303479458,7,8,56,518297.0,1,1,0,1,1,0,0,0,0,0,0,0,0,0,0,0,0,1,0,0,1,1,0,0,1,0,0,0,0,0,1,0,2
R0431,4,3,3,2026-04-22 16:42:44,950000.0,Up,650000.0,650000.0,1050000.0,575000.0,1,1,758333.3333333334,208499.93338661338,575000.0,1050000.0,475000.0,-400000.0,-0.38095238095238093,-400000.0,-0.38095238095238093,Down,0,1,0,4,4,2,0,0,0,0,0,0,1,0,46,3.1780538303479458,7,8,56,518297.0,1,1,0,1,1,0,0,0,0,0,0,0,0,0,0,0,0,1,0,0,1,1,0,0,1,0,0,0,0,0,1,0,0
R0432,2,1,1,2026-05-06 17:26:17,620000.0,Down,675000.0,675000.0,0.0,0.0,0,0,675000.0,0.0,675000.0,675000.0,0.0,0.0,0.0,0.0,0.0,Stable,0,0,1,5,1,2,1,0,1,0,0,0,0,7,21,2.70805020110221,5,7,35,517481.9375,1,1,1,0,0,0,0,0,0,0,0,0,1,0,0,0,0,0,0,0,0,1,0,0,1,0,0,0,1,0,0,0,1
R0432,3,2,2,2026-04-29 17:26:17,470000.0,Down,620000.0,620000.0,675000.0,0.0,1,0,647500.0,27500.0,620000.0,675000.0,55000.0,-55000.0,-0.08148148148148149,-55000.0,-0.08148148148148149,Down,0,1,0,4,5,2,0,1,1,0,0,0,0,7,21,2.70805020110221,5,7,35,517481.9375,1,1,1,0,0,0,0,0,0,0,0,0,1,0,0,0,0,0,0,0,0,1,0,0,1,0,0,0,1,0,0,0,0
R0432,4,3,3,2026-04-22 17:26:17,570000.0,Up,470000.0,470000.0,620000.0,675000.0,1,1,588333.3333333334,86634.60945578017,470000.0,675000.0,205000.0,-150000.0,-0.24193548387096775,-150000.0,-0.24193548387096775,Down,0,1,0,4,4,2,0,0,0,0,0,0,0,7,21,2.70805020110221,5,7,35,517481.9375,1,1,1,0,0,0,0,0,0,0,0,0,1,0,0,0,0,0,0,0,0,1,0,0,1,0,0,0,1,0,0,0,0
R0433,2,1,1,2026-05-06 18:41:16,420000.0,Down,520000.0,520000.0,0.0,0.0,0,0,520000.0,0.0,520000.0,520000.0,0.0,0.0,0.0,0.0,0.0,Stable,0,0,1,5,1,2,1,0,1,0,0,0,2,7,47,3.091042453358316,6,6,36,517481.9375,2,0,0,0,0,0,0,0,0,0,0,1,0,0,0,0,0,1,0,0,0,1,1,0,0,0,0,0,0,0,1,0,1
R0433,3,2,2,2026-04-29 18:41:16,25000.0,Down,420000.0,420000.0,520000.0,0.0,1,0,470000.0,50000.0,420000.0,520000.0,100000.0,-100000.0,-0.19230769230769232,-100000.0,-0.19230769230769232,Down,0,1,0,4,5,2,0,1,1,0,0,0,2,7,47,3.091042453358316,6,6,36,517481.9375,2,0,0,0,0,0,0,0,0,0,0,1,0,0,0,0,0,1,0,0,0,1,1,0,0,0,0,0,0,0,1,0,0
R0433,4,3,3,2026-04-22 18:41:16,500000.0,Up,25000.0,25000.0,420000.0,520000.0,1,1,321666.6666666667,213710.60390683057,25000.0,520000.0,495000.0,-395000.0,-0.9404761904761905,-395000.0,-0.9404761904761905,Down,0,1,0,4,4,2,0,0,0,0,0,0,2,7,47,3.091042453358316,6,6,36,517481.9375,2,0,0,0,0,0,0,0,0,0,0,1,0,0,0,0,0,1,0,0,0,1,1,0,0,0,0,0,0,0,1,0,0
R0434,2,1,1,2026-05-06 19:18:16,30000.0,Down,680000.0,680000.0,0.0,0.0,0,0,680000.0,0.0,680000.0,680000.0,0.0,0.0,0.0,0.0,0.0,Stable,0,0,1,5,1,2,1,0,1,0,0,0,0,1,27,2.1972245773362196,6,5,30,739240.8333333334,0,1,0,0,0,0,0,0,0,0,0,0,1,1,1,0,0,0,0,0,1,1,0,0,0,0,1,0,1,0,0,1,1
R0434,3,2,2,2026-04-29 19:18:16,675000.0,Up,30000.0,30000.0,680000.0,0.0,1,0,355000.0,325000.0,30000.0,680000.0,650000.0,-650000.0,-0.9558823529411765,-650000.0,-0.9558823529411765,Down,0,1,0,4,5,2,0,1,1,0,0,0,0,1,27,2.1972245773362196,6,5,30,739240.8333333334,0,1,0,0,0,0,0,0,0,0,0,0,1,1,1,0,0,0,0,0,1,1,0,0,0,0,1,0,1,0,0,1,0
R0434,4,3,3,2026-04-22 19:18:16,650000.0,Stable,675000.0,675000.0,30000.0,680000.0,1,1,461666.6666666667,305241.2524909145,30000.0,680000.0,650000.0,645000.0,21.5,645000.0,21.5,Up,1,0,0,4,4,2,0,0,0,0,0,0,0,1,27,2.1972245773362196,6,5,30,739240.8333333334,0,1,0,0,0,0,0,0,0,0,0,0,1,1,1,0,0,0,0,0,1,1,0,0,0,0,1,0,1,0,0,1,2
R0435,2,1,1,2026-05-06 20:19:53,530000.0,Up,430000.0,430000.0,0.0,0.0,0,0,430000.0,0.0,430000.0,430000.0,0.0,0.0,0.0,0.0,0.0,Stable,0,0,1,5,1,2,1,0,1,0,0,0,2,1,17,4.1588830833596715,5,7,35,739240.8333333334,2,0,0,0,0,0,0,0,0,0,0,1,0,1,1,0,0,1,1,0,0,1,1,0,0,0,1,0,0,0,1,1,1
R0435,3,2,2,2026-04-29 20:19:53,300000.0,Down,530000.0,530000.0,430000.0,0.0,1,0,480000.0,50000.0,430000.0,530000.0,100000.0,100000.0,0.23255813953488372,100000.0,0.23255813953488372,Up,1,0,0,4,5,2,0,1,1,0,0,0,2,1,17,4.1588830833596715,5,7,35,739240.8333333334,2,0,0,0,0,0,0,0,0,0,0,1,0,1,1,0,0,1,1,0,0,1,1,0,0,0,1,0,0,0,1,1,2
R0435,4,3,3,2026-04-22 20:19:53,325000.0,Up,300000.0,300000.0,530000.0,430000.0,1,1,420000.0,94162.9792788369,300000.0,530000.0,230000.0,-230000.0,-0.4339622641509434,-230000.0,-0.4339622641509434,Down,0,1,0,4,4,2,0,0,0,0,0,0,2,1,17,4.1588830833596715,5,7,35,739240.8333333334,2,0,0,0,0,0,0,0,0,0,0,1,0,1,1,0,0,1,1,0,0,1,1,0,0,0,1,0,0,0,1,1,0
R0436,2,1,1,2026-05-06 20:39:32,700000.0,Down,875000.0,875000.0,0.0,0.0,0,0,875000.0,0.0,875000.0,875000.0,0.0,0.0,0.0,0.0,0.0,Stable,0,0,1,5,1,2,1,0,1,0,0,0,1,4,31,4.394449154672439,6,9,54,653189.75,1,1,0,1,0,0,0,0,0,0,0,0,0,1,0,0,1,1,0,0,0,1,0,0,0,0,0,0,0,1,1,1,1
R0436,3,2,2,2026-04-29 20:39:32,730000.0,Stable,700000.0,700000.0,875000.0,0.0,1,0,787500.0,87500.0,700000.0,875000.0,175000.0,-175000.0,-0.2,-175000.0,-0.2,Down,0,1,0,4,5,2,0,1,1,0,0,0,1,4,31,4.394449154672439,6,9,54,653189.75,1,1,0,1,0,0,0,0,0,0,0,0,0,1,0,0,1,1,0,0,0,1,0,0,0,0,0,0,0,1,1,1,0
R0436,4,3,3,2026-04-22 20:39:32,825000.0,Up,730000.0,730000.0,700000.0,875000.0,1,1,768333.3333333334,76412.622575651,700000.0,875000.0,175000.0,30000.0,0.04285714285714286,30000.0,0.04285714285714286,Stable,0,0,1,4,4,2,0,0,0,0,0,0,1,4,31,4.394449154672439,6,9,54,653189.75,1,1,0,1,0,0,0,0,0,0,0,0,0,1,0,0,1,1,0,0,0,1,0,0,0,0,0,0,0,1,1,1,1
R0437,2,1,1,2026-05-06 23:09:39,1030000.0,Up,945000.0,945000.0,0.0,0.0,0,0,945000.0,0.0,945000.0,945000.0,0.0,0.0,0.0,0.0,0.0,Stable,0,0,1,5,1,2,1,0,1,0,0,0,0,1,39,4.442651256490317,6,7,42,739240.8333333334,1,3,0,0,0,0,0,1,1,1,0,0,0,0,0,1,0,0,1,0,0,1,0,1,0,0,0,1,0,0,0,0,1
R0437,3,2,2,2026-04-29 23:09:39,1100000.0,Up,1030000.0,1030000.0,945000.0,0.0,1,0,987500.0,42500.0,945000.0,1030000.0,85000.0,85000.0,0.08994708994708994,85000.0,0.08994708994708994,Up,1,0,0,4,5,2,0,1,1,0,0,0,0,1,39,4.442651256490317,6,7,42,739240.8333333334,1,3,0,0,0,0,0,1,1,1,0,0,0,0,0,1,0,0,1,0,0,1,0,1,0,0,0,1,0,0,0,0,2
R0437,4,3,3,2026-04-22 23:09:39,700000.0,Down,1100000.0,1100000.0,1030000.0,945000.0,1,1,1025000.0,63377.177806105145,945000.0,1100000.0,155000.0,70000.0,0.06796116504854369,70000.0,0.06796116504854369,Up,1,0,0,4,4,2,0,0,0,0,0,0,0,1,39,4.442651256490317,6,7,42,739240.8333333334,1,3,0,0,0,0,0,1,1,1,0,0,0,0,0,1,0,0,1,0,0,1,0,1,0,0,0,1,0,0,0,0,2
R0438,2,1,1,2026-05-07 00:45:07,500000.0,Down,575000.0,575000.0,0.0,0.0,0,0,575000.0,0.0,575000.0,575000.0,0.0,0.0,0.0,0.0,0.0,Stable,0,0,1,5,1,2,1,0,1,0,0,0,0,6,25,2.5649493574615367,4,5,20,559306.0,2,2,1,0,0,0,0,0,0,0,0,0,1,0,0,0,0,0,0,0,1,1,0,0,0,1,0,0,1,0,0,0,1
R0438,3,2,2,2026-04-30 00:45:07,475000.0,Stable,500000.0,500000.0,575000.0,0.0,1,0,537500.0,37500.0,500000.0,575000.0,75000.0,-75000.0,-0.13043478260869565,-75000.0,-0.13043478260869565,Down,0,1,0,4,5,2,0,1,1,0,0,0,0,6,25,2.5649493574615367,4,5,20,559306.0,2,2,1,0,0,0,0,0,0,0,0,0,1,0,0,0,0,0,0,0,1,1,0,0,0,1,0,0,1,0,0,0,0
R0438,4,3,3,2026-04-23 00:45:07,475000.0,Stable,475000.0,475000.0,500000.0,575000.0,1,1,516666.6666666667,42491.82927993988,475000.0,575000.0,100000.0,-25000.0,-0.05,-25000.0,-0.05,Stable,0,0,1,4,4,2,0,0,0,0,0,0,0,6,25,2.5649493574615367,4,5,20,559306.0,2,2,1,0,0,0,0,0,0,0,0,0,1,0,0,0,0,0,0,0,1,1,0,0,0,1,0,0,1,0,0,0,1
R0439,2,1,1,2026-05-07 03:27:57,350000.0,Down,730000.0,730000.0,0.0,0.0,0,0,730000.0,0.0,730000.0,730000.0,0.0,0.0,0.0,0.0,0.0,Stable,0,0,1,5,1,2,1,0,1,0,0,0,0,7,28,1.791759469228055,6,5,30,517481.9375,2,0,0,0,0,0,0,1,1,1,0,1,0,0,1,0,1,1,0,0,0,1,0,1,0,0,1,0,0,1,1,0,1
R0439,3,2,2,2026-04-30 03:27:57,290000.0,Down,350000.0,350000.0,730000.0,0.0,1,0,540000.0,190000.0,350000.0,730000.0,380000.0,-380000.0,-0.5205479452054794,-380000.0,-0.5205479452054794,Down,0,1,0,4,5,2,0,1,1,0,0,0,0,7,28,1.791759469228055,6,5,30,517481.9375,2,0,0,0,0,0,0,1,1,1,0,1,0,0,1,0,1,1,0,0,0,1,0,1,0,0,1,0,0,1,1,0,0
R0439,4,3,3,2026-04-23 03:27:57,230000.0,Down,290000.0,290000.0,350000.0,730000.0,1,1,456666.6666666667,194821.85594936612,290000.0,730000.0,440000.0,-60000.0,-0.17142857142857143,-60000.0,-0.17142857142857143,Down,0,1,0,4,4,2,0,0,0,0,0,0,0,7,28,1.791759469228055,6,5,30,517481.9375,2,0,0,0,0,0,0,1,1,1,0,1,0,0,1,0,1,1,0,0,0,1,0,1,0,0,1,0,0,1,1,0,0
R0440,2,1,1,2026-05-07 03:40:39,340000.0,Down,500000.0,500000.0,0.0,0.0,0,0,500000.0,0.0,500000.0,500000.0,0.0,0.0,0.0,0.0,0.0,Stable,0,0,1,5,1,2,1,0,1,0,0,0,0,3,32,1.0986122886681096,7,5,35,460955.5,1,4,0,0,0,1,0,1,1,1,0,1,1,0,1,0,0,1,0,0,0,1,0,0,0,1,1,0,1,0,1,0,1
R0440,3,2,2,2026-04-30 03:40:39,325000.0,Stable,340000.0,340000.0,500000.0,0.0,1,0,420000.0,80000.0,340000.0,500000.0,160000.0,-160000.0,-0.32,-160000.0,-0.32,Down,0,1,0,4,5,2,0,1,1,0,0,0,0,3,32,1.0986122886681096,7,5,35,460955.5,1,4,0,0,0,1,0,1,1,1,0,1,1,0,1,0,0,1,0,0,0,1,0,0,0,1,1,0,1,0,1,0,0
R0440,4,3,3,2026-04-23 03:40:39,605000.0,Up,325000.0,325000.0,340000.0,500000.0,1,1,388333.3333333333,79197.36247011147,325000.0,500000.0,175000.0,-15000.0,-0.04411764705882353,-15000.0,-0.04411764705882353,Stable,0,0,1,4,4,2,0,0,0,0,0,0,0,3,32,1.0986122886681096,7,5,35,460955.5,1,4,0,0,0,1,0,1,1,1,0,1,1,0,1,0,0,1,0,0,0,1,0,0,0,1,1,0,1,0,1,0,1
R0441,2,1,1,2026-05-07 08:13:32,770000.0,Up,590000.0,590000.0,0.0,0.0,0,0,590000.0,0.0,590000.0,590000.0,0.0,0.0,0.0,0.0,0.0,Stable,0,0,1,5,1,2,1,0,1,0,0,0,1,0,42,3.4339872044851463,6,9,54,518297.0,1,4,0,0,1,0,0,0,0,0,0,0,0,0,0,0,1,1,0,0,0,1,0,0,1,0,0,0,0,1,1,0,1
R0441,3,2,2,2026-04-30 08:13:32,790000.0,Stable,770000.0,770000.0,590000.0,0.0,1,0,680000.0,90000.0,590000.0,770000.0,180000.0,180000.0,0.3050847457627119,180000.0,0.3050847457627119,Up,1,0,0,4,5,2,0,1,1,0,0,0,1,0,42,3.4339872044851463,6,9,54,518297.0,1,4,0,0,1,0,0,0,0,0,0,0,0,0,0,0,1,1,0,0,0,1,0,0,1,0,0,0,0,1,1,0,2
R0441,4,3,3,2026-04-23 08:13:32,870000.0,Up,790000.0,790000.0,770000.0,590000.0,1,1,716666.6666666666,89938.25042154695,590000.0,790000.0,200000.0,20000.0,0.025974025974025976,20000.0,0.025974025974025976,Stable,0,0,1,4,4,2,0,0,0,0,0,0,1,0,42,3.4339872044851463,6,9,54,518297.0,1,4,0,0,1,0,0,0,0,0,0,0,0,0,0,0,1,1,0,0,0,1,0,0,1,0,0,0,0,1,1,0,1
R0442,2,1,1,2026-05-07 09:14:42,375000.0,Up,330000.0,330000.0,0.0,0.0,0,0,330000.0,0.0,330000.0,330000.0,0.0,0.0,0.0,0.0,0.0,Stable,0,0,1,5,1,2,1,0,1,0,0,0,0,3,17,3.58351893845611,5,6,30,460955.5,1,3,0,0,0,0,0,0,0,0,0,1,1,0,0,1,0,1,0,0,0,1,0,0,0,1,0,1,1,0,1,0,1
R0442,3,2,2,2026-04-30 09:14:42,380000.0,Stable,375000.0,375000.0,330000.0,0.0,1,0,352500.0,22500.0,330000.0,375000.0,45000.0,45000.0,0.13636363636363635,45000.0,0.13636363636363635,Up,1,0,0,4,5,2,0,1,1,0,0,0,0,3,17,3.58351893845611,5,6,30,460955.5,1,3,0,0,0,0,0,0,0,0,0,1,1,0,0,1,0,1,0,0,0,1,0,0,0,1,0,1,1,0,1,0,2
R0442,4,3,3,2026-04-23 09:14:42,255000.0,Down,380000.0,380000.0,375000.0,330000.0,1,1,361666.6666666667,22484.562605386738,330000.0,380000.0,50000.0,5000.0,0.013333333333333334,5000.0,0.013333333333333334,Stable,0,0,1,4,4,2,0,0,0,0,0,0,0,3,17,3.58351893845611,5,6,30,460955.5,1,3,0,0,0,0,0,0,0,0,0,1,1,0,0,1,0,1,0,0,0,1,0,0,0,1,0,1,1,0,1,0,1
R0443,2,1,1,2026-05-07 09:51:20,850000.0,Stable,850000.0,850000.0,0.0,0.0,0,0,850000.0,0.0,850000.0,850000.0,0.0,0.0,0.0,0.0,0.0,Stable,0,0,1,5,1,2,1,0,1,0,0,0,0,7,28,2.70805020110221,4,5,20,517481.9375,1,1,0,0,0,1,0,0,1,0,0,1,0,1,1,0,0,0,0,0,1,1,1,0,0,0,1,0,0,0,0,1,1
R0443,3,2,2,2026-04-30 09:51:20,850000.0,Stable,850000.0,850000.0,850000.0,0.0,1,0,850000.0,0.0,850000.0,850000.0,0.0,0.0,0.0,0.0,0.0,Stable,0,0,1,4,5,2,0,1,1,0,0,0,0,7,28,2.70805020110221,4,5,20,517481.9375,1,1,0,0,0,1,0,0,1,0,0,1,0,1,1,0,0,0,0,0,1,1,1,0,0,0,1,0,0,0,0,1,1
R0443,4,3,3,2026-04-23 09:51:20,370000.0,Down,850000.0,850000.0,850000.0,850000.0,1,1,850000.0,0.0,850000.0,850000.0,0.0,0.0,0.0,0.0,0.0,Stable,0,0,1,4,4,2,0,0,0,0,0,0,0,7,28,2.70805020110221,4,5,20,517481.9375,1,1,0,0,0,1,0,0,1,0,0,1,0,1,1,0,0,0,0,0,1,1,1,0,0,0,1,0,0,0,0,1,1
R0444,2,1,1,2026-05-07 11:34:50,760000.0,Up,545000.0,545000.0,0.0,0.0,0,0,545000.0,0.0,545000.0,545000.0,0.0,0.0,0.0,0.0,0.0,Stable,0,0,1,5,1,2,1,0,1,0,0,0,0,1,29,3.2188758248682006,7,8,56,739240.8333333334,1,4,0,1,0,0,0,1,0,0,0,0,0,1,0,0,0,0,0,0,0,1,0,0,0,0,0,0,0,0,0,1,1
R0444,3,2,2,2026-04-30 11:34:50,880000.0,Up,760000.0,760000.0,545000.0,0.0,1,0,652500.0,107500.0,545000.0,760000.0,215000.0,215000.0,0.3944954128440367,215000.0,0.3944954128440367,Up,1,0,0,4,5,2,0,1,1,0,0,0,0,1,29,3.2188758248682006,7,8,56,739240.8333333334,1,4,0,1,0,0,0,1,0,0,0,0,0,1,0,0,0,0,0,0,0,1,0,0,0,0,0,0,0,0,0,1,2
R0444,4,3,3,2026-04-23 11:34:50,1150000.0,Up,880000.0,880000.0,760000.0,545000.0,1,1,728333.3333333334,138584.11003991604,545000.0,880000.0,335000.0,120000.0,0.15789473684210525,120000.0,0.15789473684210525,Up,1,0,0,4,4,2,0,0,0,0,0,0,0,1,29,3.2188758248682006,7,8,56,739240.8333333334,1,4,0,1,0,0,0,1,0,0,0,0,0,1,0,0,0,0,0,0,0,1,0,0,0,0,0,0,0,0,0,1,2
R0445,2,1,1,2026-05-07 12:17:46,60000.0,Down,100000.0,100000.0,0.0,0.0,0,0,100000.0,0.0,100000.0,100000.0,0.0,0.0,0.0,0.0,0.0,Stable,0,0,1,5,1,2,1,0,1,0,0,0,0,1,21,3.9889840465642745,2,3,6,739240.8333333334,0,3,0,0,0,0,0,0,0,0,0,1,0,1,1,0,0,0,0,0,1,1,0,0,0,0,1,0,0,0,0,1,1
R0445,3,2,2,2026-04-30 12:17:46,10000.0,Down,60000.0,60000.0,100000.0,0.0,1,0,80000.0,20000.0,60000.0,100000.0,40000.0,-40000.0,-0.4,-40000.0,-0.4,Down,0,1,0,4,5,2,0,1,1,0,0,0,0,1,21,3.9889840465642745,2,3,6,739240.8333333334,0,3,0,0,0,0,0,0,0,0,0,1,0,1,1,0,0,0,0,0,1,1,0,0,0,0,1,0,0,0,0,1,0
R0445,4,3,3,2026-04-23 12:17:46,70000.0,Up,10000.0,10000.0,60000.0,100000.0,1,1,56666.666666666664,36817.87005729087,10000.0,100000.0,90000.0,-50000.0,-0.8333333333333334,-50000.0,-0.8333333333333334,Down,0,1,0,4,4,2,0,0,0,0,0,0,0,1,21,3.9889840465642745,2,3,6,739240.8333333334,0,3,0,0,0,0,0,0,0,0,0,1,0,1,1,0,0,0,0,0,1,1,0,0,0,0,1,0,0,0,0,1,0
R0446,2,1,1,2026-05-07 12:41:25,1273200.0,Stable,1336200.0,1336200.0,0.0,0.0,0,0,1336200.0,0.0,1336200.0,1336200.0,0.0,0.0,0.0,0.0,0.0,Stable,0,0,1,5,1,2,1,0,1,0,0,0,1,1,36,4.23410650459726,5,8,40,739240.8333333334,2,4,0,1,0,0,0,0,0,0,0,0,0,0,0,0,1,0,0,1,0,1,0,0,0,0,0,0,0,1,0,0,1
R0446,3,2,2,2026-04-30 12:41:25,1350000.0,Up,1273200.0,1273200.0,1336200.0,0.0,1,0,1304700.0,31500.0,1273200.0,1336200.0,63000.0,-63000.0,-0.04714863044454423,-63000.0,-0.04714863044454423,Stable,0,0,1,4,5,2,0,1,1,0,0,0,1,1,36,4.23410650459726,5,8,40,739240.8333333334,2,4,0,1,0,0,0,0,0,0,0,0,0,0,0,0,1,0,0,1,0,1,0,0,0,0,0,0,0,1,0,0,1
R0446,4,3,3,2026-04-23 12:41:25,1342800.0,Stable,1350000.0,1350000.0,1273200.0,1336200.0,1,1,1319800.0,33429.32844075693,1273200.0,1350000.0,76800.0,76800.0,0.060320452403393024,76800.0,0.060320452403393024,Up,1,0,0,4,4,2,0,0,0,0,0,0,1,1,36,4.23410650459726,5,8,40,739240.8333333334,2,4,0,1,0,0,0,0,0,0,0,0,0,0,0,0,1,0,0,1,0,1,0,0,0,0,0,0,0,1,0,0,2
R0447,2,1,1,2026-05-07 12:47:52,260000.0,Down,275000.0,275000.0,0.0,0.0,0,0,275000.0,0.0,275000.0,275000.0,0.0,0.0,0.0,0.0,0.0,Stable,0,0,1,5,1,2,1,0,1,0,0,0,2,3,34,3.828641396489095,7,7,49,460955.5,2,0,0,0,0,0,0,0,0,0,0,1,0,0,1,0,0,0,0,0,0,1,0,0,0,0,1,0,0,0,0,0,1
R0447,3,2,2,2026-04-30 12:47:52,10000.0,Down,260000.0,260000.0,275000.0,0.0,1,0,267500.0,7500.0,260000.0,275000.0,15000.0,-15000.0,-0.05454545454545454,-15000.0,-0.05454545454545454,Down,0,1,0,4,5,2,0,1,1,0,0,0,2,3,34,3.828641396489095,7,7,49,460955.5,2,0,0,0,0,0,0,0,0,0,0,1,0,0,1,0,0,0,0,0,0,1,0,0,0,0,1,0,0,0,0,0,0
R0447,4,3,3,2026-04-23 12:47:52,220000.0,Up,10000.0,10000.0,260000.0,275000.0,1,1,181666.66666666666,121541.03102336355,10000.0,275000.0,265000.0,-250000.0,-0.9615384615384616,-250000.0,-0.9615384615384616,Down,0,1,0,4,4,2,0,0,0,0,0,0,2,3,34,3.828641396489095,7,7,49,460955.5,2,0,0,0,0,0,0,0,0,0,0,1,0,0,1,0,0,0,0,0,0,1,0,0,0,0,1,0,0,0,0,0,0
R0448,2,1,1,2026-05-07 13:47:37,350000.0,Down,450000.0,450000.0,0.0,0.0,0,0,450000.0,0.0,450000.0,450000.0,0.0,0.0,0.0,0.0,0.0,Stable,0,0,1,5,1,2,1,0,1,0,0,0,0,6,27,2.70805020110221,5,5,25,559306.0,2,1,1,0,0,0,0,0,0,0,1,0,1,0,1,0,0,0,0,0,1,1,0,0,0,0,1,0,1,0,0,0,1
R0448,3,2,2,2026-04-30 13:47:37,500000.0,Up,350000.0,350000.0,450000.0,0.0,1,0,400000.0,50000.0,350000.0,450000.0,100000.0,-100000.0,-0.2222222222222222,-100000.0,-0.2222222222222222,Down,0,1,0,4,5,2,0,1,1,0,0,0,0,6,27,2.70805020110221,5,5,25,559306.0,2,1,1,0,0,0,0,0,0,0,1,0,1,0,1,0,0,0,0,0,1,1,0,0,0,0,1,0,1,0,0,0,0
R0448,4,3,3,2026-04-23 13:47:37,500000.0,Stable,500000.0,500000.0,350000.0,450000.0,1,1,433333.3333333333,62360.956446232354,350000.0,500000.0,150000.0,150000.0,0.42857142857142855,150000.0,0.42857142857142855,Up,1,0,0,4,4,2,0,0,0,0,0,0,0,6,27,2.70805020110221,5,5,25,559306.0,2,1,1,0,0,0,0,0,0,0,1,0,1,0,1,0,0,0,0,0,1,1,0,0,0,0,1,0,1,0,0,0,2
R0449,2,1,1,2026-05-07 15:08:23,860000.0,Up,675000.0,675000.0,0.0,0.0,0,0,675000.0,0.0,675000.0,675000.0,0.0,0.0,0.0,0.0,0.0,Stable,0,0,1,5,1,2,1,0,1,0,0,0,0,2,20,4.330733340286331,6,8,48,442180.75,1,4,0,0,0,1,0,1,1,1,0,1,0,0,0,1,0,0,1,0,0,1,0,1,0,0,0,1,0,0,0,0,1
R0449,3,2,2,2026-04-30 15:08:23,875000.0,Stable,860000.0,860000.0,675000.0,0.0,1,0,767500.0,92500.0,675000.0,860000.0,185000.0,185000.0,0.2740740740740741,185000.0,0.2740740740740741,Up,1,0,0,4,5,2,0,1,1,0,0,0,0,2,20,4.330733340286331,6,8,48,442180.75,1,4,0,0,0,1,0,1,1,1,0,1,0,0,0,1,0,0,1,0,0,1,0,1,0,0,0,1,0,0,0,0,2
R0449,4,3,3,2026-04-23 15:08:23,860000.0,Stable,875000.0,875000.0,860000.0,675000.0,1,1,803333.3333333334,90951.75766428169,675000.0,875000.0,200000.0,15000.0,0.01744186046511628,15000.0,0.01744186046511628,Stable,0,0,1,4,4,2,0,0,0,0,0,0,0,2,20,4.330733340286331,6,8,48,442180.75,1,4,0,0,0,1,0,1,1,1,0,1,0,0,0,1,0,0,1,0,0,1,0,1,0,0,0,1,0,0,0,0,1
R0450,2,1,1,2026-05-07 15:21:58,650000.0,Up,520000.0,520000.0,0.0,0.0,0,0,520000.0,0.0,520000.0,520000.0,0.0,0.0,0.0,0.0,0.0,Stable,0,0,1,5,1,2,1,0,1,0,0,0,0,6,22,3.6109179126442243,6,8,48,559306.0,2,2,0,0,0,0,0,1,0,0,0,0,0,1,0,0,0,0,0,1,0,1,0,0,0,0,0,0,0,0,0,1,1
R0450,3,2,2,2026-04-30 15:21:58,520000.0,Down,650000.0,650000.0,520000.0,0.0,1,0,585000.0,65000.0,520000.0,650000.0,130000.0,130000.0,0.25,130000.0,0.25,Up,1,0,0,4,5,2,0,1,1,0,0,0,0,6,22,3.6109179126442243,6,8,48,559306.0,2,2,0,0,0,0,0,1,0,0,0,0,0,1,0,0,0,0,0,1,0,1,0,0,0,0,0,0,0,0,0,1,2
R0450,4,3,3,2026-04-23 15:21:58,650000.0,Up,520000.0,520000.0,650000.0,520000.0,1,1,563333.3333333334,61282.58770283412,520000.0,650000.0,130000.0,-130000.0,-0.2,-130000.0,-0.2,Down,0,1,0,4,4,2,0,0,0,0,0,0,0,6,22,3.6109179126442243,6,8,48,559306.0,2,2,0,0,0,0,0,1,0,0,0,0,0,1,0,0,0,0,0,1,0,1,0,0,0,0,0,0,0,0,0,1,0
R0451,2,1,1,2026-05-07 15:35:43,400000.0,Up,320000.0,320000.0,0.0,0.0,0,0,320000.0,0.0,320000.0,320000.0,0.0,0.0,0.0,0.0,0.0,Stable,0,0,1,5,1,2,1,0,1,0,0,0,0,1,18,2.833213344056216,5,6,30,739240.8333333334,0,1,0,0,0,0,0,1,1,1,0,1,0,0,1,1,1,0,1,0,0,1,0,1,0,0,1,1,0,1,0,0,1
R0451,3,2,2,2026-04-30 15:35:43,250000.0,Down,400000.0,400000.0,320000.0,0.0,1,0,360000.0,40000.0,320000.0,400000.0,80000.0,80000.0,0.25,80000.0,0.25,Up,1,0,0,4,5,2,0,1,1,0,0,0,0,1,18,2.833213344056216,5,6,30,739240.8333333334,0,1,0,0,0,0,0,1,1,1,0,1,0,0,1,1,1,0,1,0,0,1,0,1,0,0,1,1,0,1,0,0,2
R0451,4,3,3,2026-04-23 15:35:43,255000.0,Stable,250000.0,250000.0,400000.0,320000.0,1,1,323333.3333333333,61282.58770283412,250000.0,400000.0,150000.0,-150000.0,-0.375,-150000.0,-0.375,Down,0,1,0,4,4,2,0,0,0,0,0,0,0,1,18,2.833213344056216,5,6,30,739240.8333333334,0,1,0,0,0,0,0,1,1,1,0,1,0,0,1,1,1,0,1,0,0,1,0,1,0,0,1,1,0,1,0,0,0
R0452,2,1,1,2026-05-07 16:07:23,700000.0,Down,740000.0,740000.0,0.0,0.0,0,0,740000.0,0.0,740000.0,740000.0,0.0,0.0,0.0,0.0,0.0,Stable,0,0,1,5,1,2,1,0,1,0,0,0,0,1,27,3.2188758248682006,3,5,15,739240.8333333334,1,1,0,0,0,0,0,0,0,0,0,1,1,1,1,0,0,0,0,0,0,1,0,0,1,0,1,0,1,0,0,1,1
R0452,3,2,2,2026-04-30 16:07:23,680000.0,Stable,700000.0,700000.0,740000.0,0.0,1,0,720000.0,20000.0,700000.0,740000.0,40000.0,-40000.0,-0.05405405405405406,-40000.0,-0.05405405405405406,Down,0,1,0,4,5,2,0,1,1,0,0,0,0,1,27,3.2188758248682006,3,5,15,739240.8333333334,1,1,0,0,0,0,0,0,0,0,0,1,1,1,1,0,0,0,0,0,0,1,0,0,1,0,1,0,1,0,0,1,0
R0452,4,3,3,2026-04-23 16:07:23,575000.0,Down,680000.0,680000.0,700000.0,740000.0,1,1,706666.6666666666,24944.382578492943,680000.0,740000.0,60000.0,-20000.0,-0.02857142857142857,-20000.0,-0.02857142857142857,Stable,0,0,1,4,4,2,0,0,0,0,0,0,0,1,27,3.2188758248682006,3,5,15,739240.8333333334,1,1,0,0,0,0,0,0,0,0,0,1,1,1,1,0,0,0,0,0,0,1,0,0,1,0,1,0,1,0,0,1,1
R0453,2,1,1,2026-05-07 16:31:21,1273200.0,Up,420000.0,420000.0,0.0,0.0,0,0,420000.0,0.0,420000.0,420000.0,0.0,0.0,0.0,0.0,0.0,Stable,0,0,1,5,1,2,1,0,1,0,0,0,1,1,34,2.9444389791664403,6,9,54,739240.8333333334,2,1,0,1,1,0,0,0,0,0,0,0,0,0,0,0,0,0,0,0,1,1,0,0,1,0,0,0,0,0,0,0,1
R0453,3,2,2,2026-04-30 16:31:21,1130000.0,Down,1273200.0,1273200.0,420000.0,0.0,1,0,846600.0,426600.0,420000.0,1273200.0,853200.0,853200.0,2.0314285714285716,853200.0,2.0314285714285716,Up,1,0,0,4,5,2,0,1,1,0,0,0,1,1,34,2.9444389791664403,6,9,54,739240.8333333334,2,1,0,1,1,0,0,0,0,0,0,0,0,0,0,0,0,0,0,0,1,1,0,0,1,0,0,0,0,0,0,0,2
R0453,4,3,3,2026-04-23 16:31:21,1290000.0,Up,1130000.0,1130000.0,1273200.0,420000.0,1,1,941066.6666666666,373058.8991328611,420000.0,1273200.0,853200.0,-143200.0,-0.11247251021049325,-143200.0,-0.11247251021049325,Down,0,1,0,4,4,2,0,0,0,0,0,0,1,1,34,2.9444389791664403,6,9,54,739240.8333333334,2,1,0,1,1,0,0,0,0,0,0,0,0,0,0,0,0,0,0,0,1,1,0,0,1,0,0,0,0,0,0,0,0
R0454,2,1,1,2026-05-07 16:59:02,490000.0,Down,1020000.0,1020000.0,0.0,0.0,0,0,1020000.0,0.0,1020000.0,1020000.0,0.0,0.0,0.0,0.0,0.0,Stable,0,0,1,5,1,2,1,0,1,0,0,0,0,5,26,2.1972245773362196,5,8,40,550782.7152777778,0,1,0,0,0,0,0,0,0,0,0,1,1,0,1,0,0,0,0,0,1,1,0,0,0,1,1,0,1,0,0,0,1
R0454,3,2,2,2026-04-30 16:59:02,340000.0,Down,490000.0,490000.0,1020000.0,0.0,1,0,755000.0,265000.0,490000.0,1020000.0,530000.0,-530000.0,-0.5196078431372549,-530000.0,-0.5196078431372549,Down,0,1,0,4,5,2,0,1,1,0,0,0,0,5,26,2.1972245773362196,5,8,40,550782.7152777778,0,1,0,0,0,0,0,0,0,0,0,1,1,0,1,0,0,0,0,0,1,1,0,0,0,1,1,0,1,0,0,0,0
R0454,4,3,3,2026-04-23 16:59:02,470000.0,Up,340000.0,340000.0,490000.0,1020000.0,1,1,616666.6666666666,291699.99809545575,340000.0,1020000.0,680000.0,-150000.0,-0.30612244897959184,-150000.0,-0.30612244897959184,Down,0,1,0,4,4,2,0,0,0,0,0,0,0,5,26,2.1972245773362196,5,8,40,550782.7152777778,0,1,0,0,0,0,0,0,0,0,0,1,1,0,1,0,0,0,0,0,1,1,0,0,0,1,1,0,1,0,0,0,0
R0455,2,1,1,2026-05-07 17:06:58,605000.0,Down,700000.0,700000.0,0.0,0.0,0,0,700000.0,0.0,700000.0,700000.0,0.0,0.0,0.0,0.0,0.0,Stable,0,0,1,5,1,2,1,0,1,0,0,0,1,0,43,3.1354942159291497,6,8,48,518297.0,2,1,0,1,1,0,0,0,0,0,0,0,0,1,0,0,1,0,0,0,1,1,0,0,1,0,0,0,0,1,0,1,1
R0455,3,2,2,2026-04-30 17:06:58,500000.0,Down,605000.0,605000.0,700000.0,0.0,1,0,652500.0,47500.0,605000.0,700000.0,95000.0,-95000.0,-0.1357142857142857,-95000.0,-0.1357142857142857,Down,0,1,0,4,5,2,0,1,1,0,0,0,1,0,43,3.1354942159291497,6,8,48,518297.0,2,1,0,1,1,0,0,0,0,0,0,0,0,1,0,0,1,0,0,0,1,1,0,0,1,0,0,0,0,1,0,1,0
R0455,4,3,3,2026-04-23 17:06:58,680000.0,Up,500000.0,500000.0,605000.0,700000.0,1,1,601666.6666666666,81683.6716989523,500000.0,700000.0,200000.0,-105000.0,-0.17355371900826447,-105000.0,-0.17355371900826447,Down,0,1,0,4,4,2,0,0,0,0,0,0,1,0,43,3.1354942159291497,6,8,48,518297.0,2,1,0,1,1,0,0,0,0,0,0,0,0,1,0,0,1,0,0,0,1,1,0,0,1,0,0,0,0,1,0,1,0
R0456,2,1,1,2026-05-07 17:50:19,325000.0,Down,430000.0,430000.0,0.0,0.0,0,0,430000.0,0.0,430000.0,430000.0,0.0,0.0,0.0,0.0,0.0,Stable,0,0,1,5,1,2,1,0,1,0,0,0,2,7,34,2.833213344056216,6,7,42,517481.9375,2,1,0,0,0,0,0,0,0,0,0,1,0,0,0,0,0,1,0,0,1,1,1,0,0,0,0,0,0,0,1,0,1
R0456,3,2,2,2026-04-30 17:50:19,225000.0,Down,325000.0,325000.0,430000.0,0.0,1,0,377500.0,52500.0,325000.0,430000.0,105000.0,-105000.0,-0.2441860465116279,-105000.0,-0.2441860465116279,Down,0,1,0,4,5,2,0,1,1,0,0,0,2,7,34,2.833213344056216,6,7,42,517481.9375,2,1,0,0,0,0,0,0,0,0,0,1,0,0,0,0,0,1,0,0,1,1,1,0,0,0,0,0,0,0,1,0,0
R0456,4,3,3,2026-04-23 17:50:19,275000.0,Up,225000.0,225000.0,325000.0,430000.0,1,1,326666.6666666667,83699.19686326479,225000.0,430000.0,205000.0,-100000.0,-0.3076923076923077,-100000.0,-0.3076923076923077,Down,0,1,0,4,4,2,0,0,0,0,0,0,2,7,34,2.833213344056216,6,7,42,517481.9375,2,1,0,0,0,0,0,0,0,0,0,1,0,0,0,0,0,1,0,0,1,1,1,0,0,0,0,0,0,0,1,0,0
R0457,2,1,1,2026-05-07 18:10:51,500000.0,Stable,500000.0,500000.0,0.0,0.0,0,0,500000.0,0.0,500000.0,500000.0,0.0,0.0,0.0,0.0,0.0,Stable,0,0,1,5,1,2,1,0,1,0,0,0,0,4,29,3.8066624897703196,6,10,60,653189.75,2,1,0,0,0,0,0,1,0,0,0,0,0,1,0,1,1,0,0,0,1,1,0,1,0,0,0,1,0,1,0,1,1
R0457,3,2,2,2026-04-30 18:10:51,480000.0,Stable,500000.0,500000.0,500000.0,0.0,1,0,500000.0,0.0,500000.0,500000.0,0.0,0.0,0.0,0.0,0.0,Stable,0,0,1,4,5,2,0,1,1,0,0,0,0,4,29,3.8066624897703196,6,10,60,653189.75,2,1,0,0,0,0,0,1,0,0,0,0,0,1,0,1,1,0,0,0,1,1,0,1,0,0,0,1,0,1,0,1,1
R0457,4,3,3,2026-04-23 18:10:51,450000.0,Down,480000.0,480000.0,500000.0,500000.0,1,1,493333.3333333333,9428.090415820634,480000.0,500000.0,20000.0,-20000.0,-0.04,-20000.0,-0.04,Stable,0,0,1,4,4,2,0,0,0,0,0,0,0,4,29,3.8066624897703196,6,10,60,653189.75,2,1,0,0,0,0,0,1,0,0,0,0,0,1,0,1,1,0,0,0,1,1,0,1,0,0,0,1,0,1,0,1,1
R0458,2,1,1,2026-05-07 18:13:49,575000.0,Up,18400.0,18400.0,0.0,0.0,0,0,18400.0,0.0,18400.0,18400.0,0.0,0.0,0.0,0.0,0.0,Stable,0,0,1,5,1,2,1,0,1,0,0,0,0,3,41,3.2188758248682006,7,7,49,460955.5,0,1,0,1,0,0,0,1,0,0,0,0,0,1,1,0,0,0,0,0,0,1,0,0,0,0,1,0,0,0,0,1,1
R0458,3,2,2,2026-04-30 18:13:49,600000.0,Stable,575000.0,575000.0,18400.0,0.0,1,0,296700.0,278300.0,18400.0,575000.0,556600.0,556600.0,30.25,556600.0,30.25,Up,1,0,0,4,5,2,0,1,1,0,0,0,0,3,41,3.2188758248682006,7,7,49,460955.5,0,1,0,1,0,0,0,1,0,0,0,0,0,1,1,0,0,0,0,0,0,1,0,0,0,0,1,0,0,0,0,1,2
R0458,4,3,3,2026-04-23 18:13:49,430000.0,Down,600000.0,600000.0,575000.0,18400.0,1,1,397800.0,268470.3832206947,18400.0,600000.0,581600.0,25000.0,0.043478260869565216,25000.0,0.043478260869565216,Stable,0,0,1,4,4,2,0,0,0,0,0,0,0,3,41,3.2188758248682006,7,7,49,460955.5,0,1,0,1,0,0,0,1,0,0,0,0,0,1,1,0,0,0,0,0,0,1,0,0,0,0,1,0,0,0,0,1,1
R0459,2,1,1,2026-05-07 18:20:31,925000.0,Stable,920000.0,920000.0,0.0,0.0,0,0,920000.0,0.0,920000.0,920000.0,0.0,0.0,0.0,0.0,0.0,Stable,0,0,1,5,1,2,1,0,1,0,0,0,2,3,41,3.4011973816621555,5,9,45,460955.5,2,1,0,0,0,0,0,0,0,0,0,1,0,1,1,0,0,0,1,0,0,1,1,0,0,0,1,0,0,0,0,1,1
R0459,3,2,2,2026-04-30 18:20:31,925000.0,Stable,925000.0,925000.0,920000.0,0.0,1,0,922500.0,2500.0,920000.0,925000.0,5000.0,5000.0,0.005434782608695652,5000.0,0.005434782608695652,Stable,0,0,1,4,5,2,0,1,1,0,0,0,2,3,41,3.4011973816621555,5,9,45,460955.5,2,1,0,0,0,0,0,0,0,0,0,1,0,1,1,0,0,0,1,0,0,1,1,0,0,0,1,0,0,0,0,1,1
R0459,4,3,3,2026-04-23 18:20:31,275000.0,Down,925000.0,925000.0,925000.0,920000.0,1,1,923333.3333333334,2357.0226039551585,920000.0,925000.0,5000.0,0.0,0.0,0.0,0.0,Stable,0,0,1,4,4,2,0,0,0,0,0,0,2,3,41,3.4011973816621555,5,9,45,460955.5,2,1,0,0,0,0,0,0,0,0,0,1,0,1,1,0,0,0,1,0,0,1,1,0,0,0,1,0,0,0,0,1,1
R0460,2,1,1,2026-05-07 19:07:03,230000.0,Down,720000.0,720000.0,0.0,0.0,0,0,720000.0,0.0,720000.0,720000.0,0.0,0.0,0.0,0.0,0.0,Stable,0,0,1,5,1,2,1,0,1,0,0,0,0,4,41,2.70805020110221,7,8,56,653189.75,1,1,0,0,0,1,0,0,1,0,0,1,1,0,0,1,0,0,0,0,0,1,0,1,0,0,0,1,1,0,0,0,1
R0460,3,2,2,2026-04-30 19:07:03,450000.0,Up,230000.0,230000.0,720000.0,0.0,1,0,475000.0,245000.0,230000.0,720000.0,490000.0,-490000.0,-0.6805555555555556,-490000.0,-0.6805555555555556,Down,0,1,0,4,5,2,0,1,1,0,0,0,0,4,41,2.70805020110221,7,8,56,653189.75,1,1,0,0,0,1,0,0,1,0,0,1,1,0,0,1,0,0,0,0,0,1,0,1,0,0,0,1,1,0,0,0,0
R0460,4,3,3,2026-04-23 19:07:03,465000.0,Stable,450000.0,450000.0,230000.0,720000.0,1,1,466666.6666666667,200388.51153585516,230000.0,720000.0,490000.0,220000.0,0.9565217391304348,220000.0,0.9565217391304348,Up,1,0,0,4,4,2,0,0,0,0,0,0,0,4,41,2.70805020110221,7,8,56,653189.75,1,1,0,0,0,1,0,0,1,0,0,1,1,0,0,1,0,0,0,0,0,1,0,1,0,0,0,1,1,0,0,0,2
R0461,2,1,1,2026-05-07 19:11:05,725000.0,Down,955000.0,955000.0,0.0,0.0,0,0,955000.0,0.0,955000.0,955000.0,0.0,0.0,0.0,0.0,0.0,Stable,0,0,1,5,1,2,1,0,1,0,0,0,0,5,26,2.70805020110221,5,5,25,550782.7152777778,1,4,1,0,0,0,0,0,0,0,0,1,1,1,1,0,0,0,0,0,0,1,0,0,0,0,1,0,1,0,0,1,1
R0461,3,2,2,2026-04-30 19:11:05,1235000.0,Up,725000.0,725000.0,955000.0,0.0,1,0,840000.0,115000.0,725000.0,955000.0,230000.0,-230000.0,-0.24083769633507854,-230000.0,-0.24083769633507854,Down,0,1,0,4,5,2,0,1,1,0,0,0,0,5,26,2.70805020110221,5,5,25,550782.7152777778,1,4,1,0,0,0,0,0,0,0,0,1,1,1,1,0,0,0,0,0,0,1,0,0,0,0,1,0,1,0,0,1,0
R0461,4,3,3,2026-04-23 19:11:05,770000.0,Down,1235000.0,1235000.0,725000.0,955000.0,1,1,971666.6666666666,208539.89759489402,725000.0,1235000.0,510000.0,510000.0,0.7034482758620689,510000.0,0.7034482758620689,Up,1,0,0,4,4,2,0,0,0,0,0,0,0,5,26,2.70805020110221,5,5,25,550782.7152777778,1,4,1,0,0,0,0,0,0,0,0,1,1,1,1,0,0,0,0,0,0,1,0,0,0,0,1,0,1,0,0,1,2
R0462,2,1,1,2026-05-07 19:18:19,150000.0,Up,100000.0,100000.0,0.0,0.0,0,0,100000.0,0.0,100000.0,100000.0,0.0,0.0,0.0,0.0,0.0,Stable,0,0,1,5,1,2,1,0,1,0,0,0,0,2,22,3.8066624897703196,5,8,40,442180.75,2,0,0,0,0,1,0,0,1,0,0,1,0,0,1,0,1,0,1,0,0,1,0,0,0,0,1,0,0,1,0,0,1
R0462,3,2,2,2026-04-30 19:18:19,155000.0,Stable,150000.0,150000.0,100000.0,0.0,1,0,125000.0,25000.0,100000.0,150000.0,50000.0,50000.0,0.5,50000.0,0.5,Up,1,0,0,4,5,2,0,1,1,0,0,0,0,2,22,3.8066624897703196,5,8,40,442180.75,2,0,0,0,0,1,0,0,1,0,0,1,0,0,1,0,1,0,1,0,0,1,0,0,0,0,1,0,0,1,0,0,2
R0462,4,3,3,2026-04-23 19:18:19,100000.0,Down,155000.0,155000.0,150000.0,100000.0,1,1,135000.0,24832.7740429189,100000.0,155000.0,55000.0,5000.0,0.03333333333333333,5000.0,0.03333333333333333,Stable,0,0,1,4,4,2,0,0,0,0,0,0,0,2,22,3.8066624897703196,5,8,40,442180.75,2,0,0,0,0,1,0,0,1,0,0,1,0,0,1,0,1,0,1,0,0,1,0,0,0,0,1,0,0,1,0,0,1
R0463,2,1,1,2026-05-07 19:19:40,435000.0,Down,465000.0,465000.0,0.0,0.0,0,0,465000.0,0.0,465000.0,465000.0,0.0,0.0,0.0,0.0,0.0,Stable,0,0,1,5,1,2,1,0,1,0,0,0,0,3,29,3.091042453358316,5,6,30,460955.5,0,4,0,0,0,0,0,0,0,0,1,0,1,0,1,0,0,1,0,0,0,1,0,0,0,1,1,0,1,0,1,0,1
R0463,3,2,2,2026-04-30 19:19:40,365000.0,Down,435000.0,435000.0,465000.0,0.0,1,0,450000.0,15000.0,435000.0,465000.0,30000.0,-30000.0,-0.06451612903225806,-30000.0,-0.06451612903225806,Down,0,1,0,4,5,2,0,1,1,0,0,0,0,3,29,3.091042453358316,5,6,30,460955.5,0,4,0,0,0,0,0,0,0,0,1,0,1,0,1,0,0,1,0,0,0,1,0,0,0,1,1,0,1,0,1,0,0
R0463,4,3,3,2026-04-23 19:19:40,460000.0,Up,365000.0,365000.0,435000.0,465000.0,1,1,421666.6666666667,41899.35029992178,365000.0,465000.0,100000.0,-70000.0,-0.16091954022988506,-70000.0,-0.16091954022988506,Down,0,1,0,4,4,2,0,0,0,0,0,0,0,3,29,3.091042453358316,5,6,30,460955.5,0,4,0,0,0,0,0,0,0,0,1,0,1,0,1,0,0,1,0,0,0,1,0,0,0,1,1,0,1,0,1,0,0
R0464,2,1,1,2026-05-07 20:17:27,500000.0,Stable,510000.0,510000.0,0.0,0.0,0,0,510000.0,0.0,510000.0,510000.0,0.0,0.0,0.0,0.0,0.0,Stable,0,0,1,5,1,2,1,0,1,0,0,0,1,4,45,3.4011973816621555,6,9,54,653189.75,2,3,0,1,0,0,0,0,0,0,0,0,0,1,0,0,1,1,0,0,0,1,0,1,0,0,0,0,0,1,1,1,1
R0464,3,2,2,2026-04-30 20:17:27,650000.0,Up,500000.0,500000.0,510000.0,0.0,1,0,505000.0,5000.0,500000.0,510000.0,10000.0,-10000.0,-0.0196078431372549,-10000.0,-0.0196078431372549,Stable,0,0,1,4,5,2,0,1,1,0,0,0,1,4,45,3.4011973816621555,6,9,54,653189.75,2,3,0,1,0,0,0,0,0,0,0,0,0,1,0,0,1,1,0,0,0,1,0,1,0,0,0,0,0,1,1,1,1
R0464,4,3,3,2026-04-23 20:17:27,625000.0,Stable,650000.0,650000.0,500000.0,510000.0,1,1,553333.3333333334,68475.46194724712,500000.0,650000.0,150000.0,150000.0,0.3,150000.0,0.3,Up,1,0,0,4,4,2,0,0,0,0,0,0,1,4,45,3.4011973816621555,6,9,54,653189.75,2,3,0,1,0,0,0,0,0,0,0,0,0,1,0,0,1,1,0,0,0,1,0,1,0,0,0,0,0,1,1,1,2
R0465,2,1,1,2026-05-07 20:18:14,100000.0,Down,135000.0,135000.0,0.0,0.0,0,0,135000.0,0.0,135000.0,135000.0,0.0,0.0,0.0,0.0,0.0,Stable,0,0,1,5,1,2,1,0,1,0,0,0,2,3,30,4.060443010546419,5,9,45,460955.5,0,1,0,0,0,0,0,0,0,0,0,1,0,1,1,0,0,0,0,0,1,1,0,0,0,0,1,0,0,0,0,1,1
R0465,3,2,2,2026-04-30 20:18:14,290000.0,Up,100000.0,100000.0,135000.0,0.0,1,0,117500.0,17500.0,100000.0,135000.0,35000.0,-35000.0,-0.25925925925925924,-35000.0,-0.25925925925925924,Down,0,1,0,4,5,2,0,1,1,0,0,0,2,3,30,4.060443010546419,5,9,45,460955.5,0,1,0,0,0,0,0,0,0,0,0,1,0,1,1,0,0,0,0,0,1,1,0,0,0,0,1,0,0,0,0,1,0
R0465,4,3,3,2026-04-23 20:18:14,150000.0,Down,290000.0,290000.0,100000.0,135000.0,1,1,175000.0,82563.10717667225,100000.0,290000.0,190000.0,190000.0,1.9,190000.0,1.9,Up,1,0,0,4,4,2,0,0,0,0,0,0,2,3,30,4.060443010546419,5,9,45,460955.5,0,1,0,0,0,0,0,0,0,0,0,1,0,1,1,0,0,0,0,0,1,1,0,0,0,0,1,0,0,0,0,1,2
R0466,2,1,1,2026-05-07 20:35:07,300000.0,Up,275000.0,275000.0,0.0,0.0,0,0,275000.0,0.0,275000.0,275000.0,0.0,0.0,0.0,0.0,0.0,Stable,0,0,1,5,1,2,1,0,1,0,0,0,0,2,21,1.791759469228055,6,4,24,442180.75,2,3,0,0,0,0,0,0,0,0,0,1,1,0,1,0,0,0,0,0,0,1,0,0,1,0,1,0,1,0,0,0,1
R0466,3,2,2,2026-04-30 20:35:07,350000.0,Up,300000.0,300000.0,275000.0,0.0,1,0,287500.0,12500.0,275000.0,300000.0,25000.0,25000.0,0.09090909090909091,25000.0,0.09090909090909091,Up,1,0,0,4,5,2,0,1,1,0,0,0,0,2,21,1.791759469228055,6,4,24,442180.75,2,3,0,0,0,0,0,0,0,0,0,1,1,0,1,0,0,0,0,0,0,1,0,0,1,0,1,0,1,0,0,0,2
R0466,4,3,3,2026-04-23 20:35:07,300000.0,Down,350000.0,350000.0,300000.0,275000.0,1,1,308333.3333333333,31180.47822311618,275000.0,350000.0,75000.0,50000.0,0.16666666666666666,50000.0,0.16666666666666666,Up,1,0,0,4,4,2,0,0,0,0,0,0,0,2,21,1.791759469228055,6,4,24,442180.75,2,3,0,0,0,0,0,0,0,0,0,1,1,0,1,0,0,0,0,0,0,1,0,0,1,0,1,0,1,0,0,0,2
R0467,2,1,1,2026-05-07 21:19:16,425000.0,Down,480000.0,480000.0,0.0,0.0,0,0,480000.0,0.0,480000.0,480000.0,0.0,0.0,0.0,0.0,0.0,Stable,0,0,1,5,1,2,1,0,1,0,0,0,0,2,26,4.02535169073515,4,6,24,442180.75,2,1,0,0,0,1,0,1,1,1,0,1,1,0,1,0,0,0,1,0,0,1,0,1,0,0,1,0,1,0,0,0,1
R0467,3,2,2,2026-04-30 21:19:16,320000.0,Down,425000.0,425000.0,480000.0,0.0,1,0,452500.0,27500.0,425000.0,480000.0,55000.0,-55000.0,-0.11458333333333333,-55000.0,-0.11458333333333333,Down,0,1,0,4,5,2,0,1,1,0,0,0,0,2,26,4.02535169073515,4,6,24,442180.75,2,1,0,0,0,1,0,1,1,1,0,1,1,0,1,0,0,0,1,0,0,1,0,1,0,0,1,0,1,0,0,0,0
R0467,4,3,3,2026-04-23 21:19:16,280000.0,Down,320000.0,320000.0,425000.0,480000.0,1,1,408333.3333333333,66374.35917246627,320000.0,480000.0,160000.0,-105000.0,-0.24705882352941178,-105000.0,-0.24705882352941178,Down,0,1,0,4,4,2,0,0,0,0,0,0,0,2,26,4.02535169073515,4,6,24,442180.75,2,1,0,0,0,1,0,1,1,1,0,1,1,0,1,0,0,0,1,0,0,1,0,1,0,0,1,0,1,0,0,0,0
R0468,2,1,1,2026-05-08 05:37:38,350000.0,Down,400000.0,400000.0,0.0,0.0,0,0,400000.0,0.0,400000.0,400000.0,0.0,0.0,0.0,0.0,0.0,Stable,0,0,1,5,2,2,0,0,0,0,0,0,0,5,22,2.302585092994046,5,6,30,550782.7152777778,0,1,0,0,0,0,0,0,0,0,0,1,0,1,0,0,0,1,0,0,0,1,0,0,0,0,0,0,0,0,1,1,1
R0468,3,2,2,2026-05-01 05:37:38,320000.0,Down,350000.0,350000.0,400000.0,0.0,1,0,375000.0,25000.0,350000.0,400000.0,50000.0,-50000.0,-0.125,-50000.0,-0.125,Down,0,1,0,5,1,2,1,0,1,0,0,0,0,5,22,2.302585092994046,5,6,30,550782.7152777778,0,1,0,0,0,0,0,0,0,0,0,1,0,1,0,0,0,1,0,0,0,1,0,0,0,0,0,0,0,0,1,1,0
R0468,4,3,3,2026-04-24 05:37:38,380000.0,Up,320000.0,320000.0,350000.0,400000.0,1,1,356666.6666666667,32998.316455372216,320000.0,400000.0,80000.0,-30000.0,-0.08571428571428572,-30000.0,-0.08571428571428572,Down,0,1,0,4,4,2,0,1,0,0,0,0,0,5,22,2.302585092994046,5,6,30,550782.7152777778,0,1,0,0,0,0,0,0,0,0,0,1,0,1,0,0,0,1,0,0,0,1,0,0,0,0,0,0,0,0,1,1,0
R0469,2,1,1,2026-05-08 07:04:48,440000.0,Up,360000.0,360000.0,0.0,0.0,0,0,360000.0,0.0,360000.0,360000.0,0.0,0.0,0.0,0.0,0.0,Stable,0,0,1,5,2,2,0,0,0,0,0,0,0,6,17,1.791759469228055,5,4,20,559306.0,1,0,1,0,0,1,0,0,1,0,0,0,1,0,1,0,0,1,0,0,0,1,0,0,1,0,1,0,1,0,1,0,1
R0469,3,2,2,2026-05-01 07:04:48,350000.0,Down,440000.0,440000.0,360000.0,0.0,1,0,400000.0,40000.0,360000.0,440000.0,80000.0,80000.0,0.2222222222222222,80000.0,0.2222222222222222,Up,1,0,0,5,1,2,1,0,1,0,0,0,0,6,17,1.791759469228055,5,4,20,559306.0,1,0,1,0,0,1,0,0,1,0,0,0,1,0,1,0,0,1,0,0,0,1,0,0,1,0,1,0,1,0,1,0,2
R0469,4,3,3,2026-04-24 07:04:48,425000.0,Up,350000.0,350000.0,440000.0,360000.0,1,1,383333.3333333333,40276.81991198191,350000.0,440000.0,90000.0,-90000.0,-0.20454545454545456,-90000.0,-0.20454545454545456,Down,0,1,0,4,4,2,0,1,0,0,0,0,0,6,17,1.791759469228055,5,4,20,559306.0,1,0,1,0,0,1,0,0,1,0,0,0,1,0,1,0,0,1,0,0,0,1,0,0,1,0,1,0,1,0,1,0,0
R0470,2,1,1,2026-05-08 07:43:43,275000.0,Up,250000.0,250000.0,0.0,0.0,0,0,250000.0,0.0,250000.0,250000.0,0.0,0.0,0.0,0.0,0.0,Stable,0,0,1,5,2,2,0,0,0,0,0,0,2,7,31,3.9318256327243257,5,8,40,517481.9375,2,3,0,0,0,0,0,0,0,0,0,1,0,1,1,0,0,1,0,0,1,1,0,0,0,0,1,0,0,0,1,1,1
R0470,3,2,2,2026-05-01 07:43:43,340000.0,Up,275000.0,275000.0,250000.0,0.0,1,0,262500.0,12500.0,250000.0,275000.0,25000.0,25000.0,0.1,25000.0,0.1,Up,1,0,0,5,1,2,1,0,1,0,0,0,2,7,31,3.9318256327243257,5,8,40,517481.9375,2,3,0,0,0,0,0,0,0,0,0,1,0,1,1,0,0,1,0,0,1,1,0,0,0,0,1,0,0,0,1,1,2
R0470,4,3,3,2026-04-24 07:43:43,290000.0,Down,340000.0,340000.0,275000.0,250000.0,1,1,288333.3333333333,37932.688922470144,250000.0,340000.0,90000.0,65000.0,0.23636363636363636,65000.0,0.23636363636363636,Up,1,0,0,4,4,2,0,1,0,0,0,0,2,7,31,3.9318256327243257,5,8,40,517481.9375,2,3,0,0,0,0,0,0,0,0,0,1,0,1,1,0,0,1,0,0,1,1,0,0,0,0,1,0,0,0,1,1,2
R0471,2,1,1,2026-05-08 09:29:37,650000.0,Down,685000.0,685000.0,0.0,0.0,0,0,685000.0,0.0,685000.0,685000.0,0.0,0.0,0.0,0.0,0.0,Stable,0,0,1,5,2,2,0,0,0,0,0,0,0,1,52,4.442651256490317,5,4,20,739240.8333333334,1,3,0,0,0,1,0,1,1,1,0,0,1,0,1,1,0,0,1,0,0,1,0,0,0,0,1,1,1,0,0,0,1
R0471,3,2,2,2026-05-01 09:29:37,775000.0,Up,650000.0,650000.0,685000.0,0.0,1,0,667500.0,17500.0,650000.0,685000.0,35000.0,-35000.0,-0.051094890510948905,-35000.0,-0.051094890510948905,Down,0,1,0,5,1,2,1,0,1,0,0,0,0,1,52,4.442651256490317,5,4,20,739240.8333333334,1,3,0,0,0,1,0,1,1,1,0,0,1,0,1,1,0,0,1,0,0,1,0,0,0,0,1,1,1,0,0,0,0
R0471,4,3,3,2026-04-24 09:29:37,625000.0,Down,775000.0,775000.0,650000.0,685000.0,1,1,703333.3333333334,52651.89666310438,650000.0,775000.0,125000.0,125000.0,0.19230769230769232,125000.0,0.19230769230769232,Up,1,0,0,4,4,2,0,1,0,0,0,0,0,1,52,4.442651256490317,5,4,20,739240.8333333334,1,3,0,0,0,1,0,1,1,1,0,0,1,0,1,1,0,0,1,0,0,1,0,0,0,0,1,1,1,0,0,0,2
R0472,2,1,1,2026-05-08 09:51:04,25000.0,Down,660000.0,660000.0,0.0,0.0,0,0,660000.0,0.0,660000.0,660000.0,0.0,0.0,0.0,0.0,0.0,Stable,0,0,1,5,2,2,0,0,0,0,0,0,1,1,36,3.258096538021482,7,8,56,739240.8333333334,0,4,0,1,1,0,0,0,0,0,0,0,0,0,1,0,0,1,0,0,0,1,0,0,0,0,1,0,0,0,1,0,1
R0472,3,2,2,2026-05-01 09:51:04,30000.0,Up,25000.0,25000.0,660000.0,0.0,1,0,342500.0,317500.0,25000.0,660000.0,635000.0,-635000.0,-0.9621212121212122,-635000.0,-0.9621212121212122,Down,0,1,0,5,1,2,1,0,1,0,0,0,1,1,36,3.258096538021482,7,8,56,739240.8333333334,0,4,0,1,1,0,0,0,0,0,0,0,0,0,1,0,0,1,0,0,0,1,0,0,0,0,1,0,0,0,1,0,0
R0472,4,3,3,2026-04-24 09:51:04,700000.0,Up,30000.0,30000.0,25000.0,660000.0,1,1,238333.33333333334,298170.3465396174,25000.0,660000.0,635000.0,5000.0,0.2,5000.0,0.2,Up,1,0,0,4,4,2,0,1,0,0,0,0,1,1,36,3.258096538021482,7,8,56,739240.8333333334,0,4,0,1,1,0,0,0,0,0,0,0,0,0,1,0,0,1,0,0,0,1,0,0,0,0,1,0,0,0,1,0,2
R0473,2,1,1,2026-05-08 10:01:31,440000.0,Down,775000.0,775000.0,0.0,0.0,0,0,775000.0,0.0,775000.0,775000.0,0.0,0.0,0.0,0.0,0.0,Stable,0,0,1,5,2,2,0,0,0,0,0,0,1,5,41,3.332204510175204,7,7,49,550782.7152777778,1,3,0,1,0,0,0,0,0,0,0,0,0,0,1,0,0,1,0,1,0,1,0,1,0,0,1,0,0,0,1,0,1
R0473,3,2,2,2026-05-01 10:01:31,960000.0,Up,440000.0,440000.0,775000.0,0.0,1,0,607500.0,167500.0,440000.0,775000.0,335000.0,-335000.0,-0.432258064516129,-335000.0,-0.432258064516129,Down,0,1,0,5,1,2,1,0,1,0,0,0,1,5,41,3.332204510175204,7,7,49,550782.7152777778,1,3,0,1,0,0,0,0,0,0,0,0,0,0,1,0,0,1,0,1,0,1,0,1,0,0,1,0,0,0,1,0,0
R0473,4,3,3,2026-04-24 10:01:31,960000.0,Stable,960000.0,960000.0,440000.0,775000.0,1,1,725000.0,215213.0727132222,440000.0,960000.0,520000.0,520000.0,1.1818181818181819,520000.0,1.1818181818181819,Up,1,0,0,4,4,2,0,1,0,0,0,0,1,5,41,3.332204510175204,7,7,49,550782.7152777778,1,3,0,1,0,0,0,0,0,0,0,0,0,0,1,0,0,1,0,1,0,1,0,1,0,0,1,0,0,0,1,0,2
R0474,2,1,1,2026-05-08 11:05:40,450000.0,Up,300000.0,300000.0,0.0,0.0,0,0,300000.0,0.0,300000.0,300000.0,0.0,0.0,0.0,0.0,0.0,Stable,0,0,1,5,2,2,0,0,0,0,0,0,2,5,43,2.9444389791664403,5,6,30,550782.7152777778,1,3,0,0,0,0,0,0,0,0,0,1,0,1,0,0,0,1,1,0,1,1,0,0,0,0,0,0,0,0,1,1,1
R0474,3,2,2,2026-05-01 11:05:40,925000.0,Up,450000.0,450000.0,300000.0,0.0,1,0,375000.0,75000.0,300000.0,450000.0,150000.0,150000.0,0.5,150000.0,0.5,Up,1,0,0,5,1,2,1,0,1,0,0,0,2,5,43,2.9444389791664403,5,6,30,550782.7152777778,1,3,0,0,0,0,0,0,0,0,0,1,0,1,0,0,0,1,1,0,1,1,0,0,0,0,0,0,0,0,1,1,2
R0474,4,3,3,2026-04-24 11:05:40,350000.0,Down,925000.0,925000.0,450000.0,300000.0,1,1,558333.3333333334,266406.1227190963,300000.0,925000.0,625000.0,475000.0,1.0555555555555556,475000.0,1.0555555555555556,Up,1,0,0,4,4,2,0,1,0,0,0,0,2,5,43,2.9444389791664403,5,6,30,550782.7152777778,1,3,0,0,0,0,0,0,0,0,0,1,0,1,0,0,0,1,1,0,1,1,0,0,0,0,0,0,0,0,1,1,2
R0475,2,1,1,2026-05-08 11:15:40,390000.0,Down,475000.0,475000.0,0.0,0.0,0,0,475000.0,0.0,475000.0,475000.0,0.0,0.0,0.0,0.0,0.0,Stable,0,0,1,5,2,2,0,0,0,0,0,0,0,2,29,3.1354942159291497,7,11,77,442180.75,2,1,0,0,1,0,0,0,0,0,0,0,0,1,1,0,1,0,0,1,0,1,0,0,0,0,1,0,0,1,0,1,1
R0475,3,2,2,2026-05-01 11:15:40,425000.0,Up,390000.0,390000.0,475000.0,0.0,1,0,432500.0,42500.0,390000.0,475000.0,85000.0,-85000.0,-0.17894736842105263,-85000.0,-0.17894736842105263,Down,0,1,0,5,1,2,1,0,1,0,0,0,0,2,29,3.1354942159291497,7,11,77,442180.75,2,1,0,0,1,0,0,0,0,0,0,0,0,1,1,0,1,0,0,1,0,1,0,0,0,0,1,0,0,1,0,1,0
R0475,4,3,3,2026-04-24 11:15:40,415000.0,Stable,425000.0,425000.0,390000.0,475000.0,1,1,430000.0,34880.74922742725,390000.0,475000.0,85000.0,35000.0,0.08974358974358974,35000.0,0.08974358974358974,Up,1,0,0,4,4,2,0,1,0,0,0,0,0,2,29,3.1354942159291497,7,11,77,442180.75,2,1,0,0,1,0,0,0,0,0,0,0,0,1,1,0,1,0,0,1,0,1,0,0,0,0,1,0,0,1,0,1,2
R0476,2,1,1,2026-05-08 13:02:41,325000.0,Down,695000.0,695000.0,0.0,0.0,0,0,695000.0,0.0,695000.0,695000.0,0.0,0.0,0.0,0.0,0.0,Stable,0,0,1,5,2,2,0,0,0,0,0,0,0,3,25,1.9459101490553132,6,8,48,460955.5,2,3,0,0,1,0,0,1,0,0,0,0,0,0,0,1,1,0,0,1,1,1,0,0,0,0,0,1,0,1,0,0,1
R0476,3,2,2,2026-05-01 13:02:41,320000.0,Stable,325000.0,325000.0,695000.0,0.0,1,0,510000.0,185000.0,325000.0,695000.0,370000.0,-370000.0,-0.5323741007194245,-370000.0,-0.5323741007194245,Down,0,1,0,5,1,2,1,0,1,0,0,0,0,3,25,1.9459101490553132,6,8,48,460955.5,2,3,0,0,1,0,0,1,0,0,0,0,0,0,0,1,1,0,0,1,1,1,0,0,0,0,0,1,0,1,0,0,0
R0476,4,3,3,2026-04-24 13:02:41,375000.0,Up,320000.0,320000.0,325000.0,695000.0,1,1,446666.6666666667,175610.04780162463,320000.0,695000.0,375000.0,-5000.0,-0.015384615384615385,-5000.0,-0.015384615384615385,Stable,0,0,1,4,4,2,0,1,0,0,0,0,0,3,25,1.9459101490553132,6,8,48,460955.5,2,3,0,0,1,0,0,1,0,0,0,0,0,0,0,1,1,0,0,1,1,1,0,0,0,0,0,1,0,1,0,0,1
R0477,2,1,1,2026-05-08 14:09:17,170000.0,Up,140000.0,140000.0,0.0,0.0,0,0,140000.0,0.0,140000.0,140000.0,0.0,0.0,0.0,0.0,0.0,Stable,0,0,1,5,2,2,0,0,0,0,0,0,0,7,35,2.3978952727983707,7,7,49,517481.9375,1,4,0,0,0,1,0,1,1,1,0,1,0,0,1,1,1,0,0,0,0,1,0,1,0,0,1,1,0,1,0,0,1
R0477,3,2,2,2026-05-01 14:09:17,175000.0,Stable,170000.0,170000.0,140000.0,0.0,1,0,155000.0,15000.0,140000.0,170000.0,30000.0,30000.0,0.21428571428571427,30000.0,0.21428571428571427,Up,1,0,0,5,1,2,1,0,1,0,0,0,0,7,35,2.3978952727983707,7,7,49,517481.9375,1,4,0,0,0,1,0,1,1,1,0,1,0,0,1,1,1,0,0,0,0,1,0,1,0,0,1,1,0,1,0,0,2
R0477,4,3,3,2026-04-24 14:09:17,185000.0,Up,175000.0,175000.0,170000.0,140000.0,1,1,161666.66666666666,15456.030825826172,140000.0,175000.0,35000.0,5000.0,0.029411764705882353,5000.0,0.029411764705882353,Stable,0,0,1,4,4,2,0,1,0,0,0,0,0,7,35,2.3978952727983707,7,7,49,517481.9375,1,4,0,0,0,1,0,1,1,1,0,1,0,0,1,1,1,0,0,0,0,1,0,1,0,0,1,1,0,1,0,0,1
R0478,2,1,1,2026-05-08 14:10:05,930000.0,Up,430000.0,430000.0,0.0,0.0,0,0,430000.0,0.0,430000.0,430000.0,0.0,0.0,0.0,0.0,0.0,Stable,0,0,1,5,2,2,0,0,0,0,0,0,0,5,42,2.9444389791664403,5,9,45,550782.7152777778,2,2,0,0,1,0,0,0,0,0,0,0,0,0,0,1,0,0,0,1,1,1,0,0,0,0,0,1,0,0,0,0,1
R0478,3,2,2,2026-05-01 14:10:05,470000.0,Down,930000.0,930000.0,430000.0,0.0,1,0,680000.0,250000.0,430000.0,930000.0,500000.0,500000.0,1.1627906976744187,500000.0,1.1627906976744187,Up,1,0,0,5,1,2,1,0,1,0,0,0,0,5,42,2.9444389791664403,5,9,45,550782.7152777778,2,2,0,0,1,0,0,0,0,0,0,0,0,0,0,1,0,0,0,1,1,1,0,0,0,0,0,1,0,0,0,0,2
R0478,4,3,3,2026-04-24 14:10:05,910000.0,Up,470000.0,470000.0,930000.0,430000.0,1,1,610000.0,226862.66036231405,430000.0,930000.0,500000.0,-460000.0,-0.4946236559139785,-460000.0,-0.4946236559139785,Down,0,1,0,4,4,2,0,1,0,0,0,0,0,5,42,2.9444389791664403,5,9,45,550782.7152777778,2,2,0,0,1,0,0,0,0,0,0,0,0,0,0,1,0,0,0,1,1,1,0,0,0,0,0,1,0,0,0,0,0
R0479,2,1,1,2026-05-08 14:12:41,435000.0,Stable,450000.0,450000.0,0.0,0.0,0,0,450000.0,0.0,450000.0,450000.0,0.0,0.0,0.0,0.0,0.0,Stable,0,0,1,5,2,2,0,0,0,0,0,0,0,1,24,3.044522437723423,4,5,20,739240.8333333334,0,1,0,0,0,0,0,0,0,0,0,1,0,1,1,0,0,0,0,0,0,1,0,0,0,0,1,0,0,0,0,1,1
R0479,3,2,2,2026-05-01 14:12:41,105000.0,Down,435000.0,435000.0,450000.0,0.0,1,0,442500.0,7500.0,435000.0,450000.0,15000.0,-15000.0,-0.03333333333333333,-15000.0,-0.03333333333333333,Stable,0,0,1,5,1,2,1,0,1,0,0,0,0,1,24,3.044522437723423,4,5,20,739240.8333333334,0,1,0,0,0,0,0,0,0,0,0,1,0,1,1,0,0,0,0,0,0,1,0,0,0,0,1,0,0,0,0,1,1
R0479,4,3,3,2026-04-24 14:12:41,530000.0,Up,105000.0,105000.0,435000.0,450000.0,1,1,330000.0,159216.83328090658,105000.0,450000.0,345000.0,-330000.0,-0.7586206896551724,-330000.0,-0.7586206896551724,Down,0,1,0,4,4,2,0,1,0,0,0,0,0,1,24,3.044522437723423,4,5,20,739240.8333333334,0,1,0,0,0,0,0,0,0,0,0,1,0,1,1,0,0,0,0,0,0,1,0,0,0,0,1,0,0,0,0,1,0
R0480,2,1,1,2026-05-08 14:58:00,170000.0,Down,195000.0,195000.0,0.0,0.0,0,0,195000.0,0.0,195000.0,195000.0,0.0,0.0,0.0,0.0,0.0,Stable,0,0,1,5,2,2,0,0,0,0,0,0,0,0,18,3.6375861597263857,5,5,25,518297.0,0,0,0,0,0,1,0,0,1,0,0,1,0,0,1,0,0,0,0,0,1,1,0,0,0,1,1,0,0,0,0,0,1
R0480,3,2,2,2026-05-01 14:58:00,160000.0,Down,170000.0,170000.0,195000.0,0.0,1,0,182500.0,12500.0,170000.0,195000.0,25000.0,-25000.0,-0.1282051282051282,-25000.0,-0.1282051282051282,Down,0,1,0,5,1,2,1,0,1,0,0,0,0,0,18,3.6375861597263857,5,5,25,518297.0,0,0,0,0,0,1,0,0,1,0,0,1,0,0,1,0,0,0,0,0,1,1,0,0,0,1,1,0,0,0,0,0,0
R0480,4,3,3,2026-04-24 14:58:00,180000.0,Up,160000.0,160000.0,170000.0,195000.0,1,1,175000.0,14719.601443879745,160000.0,195000.0,35000.0,-10000.0,-0.058823529411764705,-10000.0,-0.058823529411764705,Down,0,1,0,4,4,2,0,1,0,0,0,0,0,0,18,3.6375861597263857,5,5,25,518297.0,0,0,0,0,0,1,0,0,1,0,0,1,0,0,1,0,0,0,0,0,1,1,0,0,0,1,1,0,0,0,0,0,0
R0481,2,1,1,2026-05-08 15:31:28,380000.0,Down,525000.0,525000.0,0.0,0.0,0,0,525000.0,0.0,525000.0,525000.0,0.0,0.0,0.0,0.0,0.0,Stable,0,0,1,5,2,2,0,0,0,0,0,0,0,1,20,2.302585092994046,4,5,20,739240.8333333334,1,1,0,0,0,1,0,0,1,0,0,1,1,1,1,0,0,0,0,0,0,1,1,0,0,1,1,0,1,0,0,1,1
R0481,3,2,2,2026-05-01 15:31:28,260000.0,Down,380000.0,380000.0,525000.0,0.0,1,0,452500.0,72500.0,380000.0,525000.0,145000.0,-145000.0,-0.2761904761904762,-145000.0,-0.2761904761904762,Down,0,1,0,5,1,2,1,0,1,0,0,0,0,1,20,2.302585092994046,4,5,20,739240.8333333334,1,1,0,0,0,1,0,0,1,0,0,1,1,1,1,0,0,0,0,0,0,1,1,0,0,1,1,0,1,0,0,1,0
R0481,4,3,3,2026-04-24 15:31:28,390000.0,Up,260000.0,260000.0,380000.0,525000.0,1,1,388333.3333333333,108346.15308763337,260000.0,525000.0,265000.0,-120000.0,-0.3157894736842105,-120000.0,-0.3157894736842105,Down,0,1,0,4,4,2,0,1,0,0,0,0,0,1,20,2.302585092994046,4,5,20,739240.8333333334,1,1,0,0,0,1,0,0,1,0,0,1,1,1,1,0,0,0,0,0,0,1,1,0,0,1,1,0,1,0,0,1,0
R0482,2,1,1,2026-05-08 15:39:51,305000.0,Up,20000.0,20000.0,0.0,0.0,0,0,20000.0,0.0,20000.0,20000.0,0.0,0.0,0.0,0.0,0.0,Stable,0,0,1,5,2,2,0,0,0,0,0,0,0,1,23,3.044522437723423,3,3,9,739240.8333333334,0,3,0,0,0,1,0,0,1,0,0,1,0,0,0,1,0,0,1,0,0,1,0,1,0,0,0,1,0,0,0,0,1
R0482,3,2,2,2026-05-01 15:39:51,425000.0,Up,305000.0,305000.0,20000.0,0.0,1,0,162500.0,142500.0,20000.0,305000.0,285000.0,285000.0,14.25,285000.0,14.25,Up,1,0,0,5,1,2,1,0,1,0,0,0,0,1,23,3.044522437723423,3,3,9,739240.8333333334,0,3,0,0,0,1,0,0,1,0,0,1,0,0,0,1,0,0,1,0,0,1,0,1,0,0,0,1,0,0,0,0,2
R0482,4,3,3,2026-04-24 15:39:51,20000.0,Down,425000.0,425000.0,305000.0,20000.0,1,1,250000.0,169852.8775146303,20000.0,425000.0,405000.0,120000.0,0.39344262295081966,120000.0,0.39344262295081966,Up,1,0,0,4,4,2,0,1,0,0,0,0,0,1,23,3.044522437723423,3,3,9,739240.8333333334,0,3,0,0,0,1,0,0,1,0,0,1,0,0,0,1,0,0,1,0,0,1,0,1,0,0,0,1,0,0,0,0,2
R0483,2,1,1,2026-05-08 16:02:22,210000.0,Down,865000.0,865000.0,0.0,0.0,0,0,865000.0,0.0,865000.0,865000.0,0.0,0.0,0.0,0.0,0.0,Stable,0,0,1,5,2,2,0,0,0,0,0,0,0,1,27,3.58351893845611,6,8,48,739240.8333333334,2,1,0,0,1,0,0,0,0,0,0,0,0,0,1,0,1,0,0,0,0,1,0,0,0,0,1,0,0,1,0,0,1
R0483,3,2,2,2026-05-01 16:02:22,525000.0,Up,210000.0,210000.0,865000.0,0.0,1,0,537500.0,327500.0,210000.0,865000.0,655000.0,-655000.0,-0.7572254335260116,-655000.0,-0.7572254335260116,Down,0,1,0,5,1,2,1,0,1,0,0,0,0,1,27,3.58351893845611,6,8,48,739240.8333333334,2,1,0,0,1,0,0,0,0,0,0,0,0,0,1,0,1,0,0,0,0,1,0,0,0,0,1,0,0,1,0,0,0
R0483,4,3,3,2026-04-24 16:02:22,330000.0,Down,525000.0,525000.0,210000.0,865000.0,1,1,533333.3333333334,267467.5473564763,210000.0,865000.0,655000.0,315000.0,1.5,315000.0,1.5,Up,1,0,0,4,4,2,0,1,0,0,0,0,0,1,27,3.58351893845611,6,8,48,739240.8333333334,2,1,0,0,1,0,0,0,0,0,0,0,0,0,1,0,1,0,0,0,0,1,0,0,0,0,1,0,0,1,0,0,2
R0484,2,1,1,2026-05-08 16:47:20,265000.0,Up,190000.0,190000.0,0.0,0.0,0,0,190000.0,0.0,190000.0,190000.0,0.0,0.0,0.0,0.0,0.0,Stable,0,0,1,5,2,2,0,0,0,0,0,0,0,7,27,3.4965075614664802,5,6,30,517481.9375,2,0,1,0,0,0,0,0,0,0,0,1,1,0,0,0,0,0,0,0,0,1,0,0,1,0,0,0,1,0,0,0,1
R0484,3,2,2,2026-05-01 16:47:20,370000.0,Up,265000.0,265000.0,190000.0,0.0,1,0,227500.0,37500.0,190000.0,265000.0,75000.0,75000.0,0.39473684210526316,75000.0,0.39473684210526316,Up,1,0,0,5,1,2,1,0,1,0,0,0,0,7,27,3.4965075614664802,5,6,30,517481.9375,2,0,1,0,0,0,0,0,0,0,0,1,1,0,0,0,0,0,0,0,0,1,0,0,1,0,0,0,1,0,0,0,2
R0484,4,3,3,2026-04-24 16:47:20,170000.0,Down,370000.0,370000.0,265000.0,190000.0,1,1,275000.0,73824.115301167,190000.0,370000.0,180000.0,105000.0,0.39622641509433965,105000.0,0.39622641509433965,Up,1,0,0,4,4,2,0,1,0,0,0,0,0,7,27,3.4965075614664802,5,6,30,517481.9375,2,0,1,0,0,0,0,0,0,0,0,1,1,0,0,0,0,0,0,0,0,1,0,0,1,0,0,0,1,0,0,0,2
R0485,2,1,1,2026-05-08 16:57:04,160000.0,Down,180000.0,180000.0,0.0,0.0,0,0,180000.0,0.0,180000.0,180000.0,0.0,0.0,0.0,0.0,0.0,Stable,0,0,1,5,2,2,0,0,0,0,0,0,0,5,21,0.6931471805599453,4,4,16,550782.7152777778,2,1,0,0,0,0,0,1,1,1,0,1,1,0,1,1,0,0,0,0,0,1,0,0,0,0,1,1,1,0,0,0,1
R0485,3,2,2,2026-05-01 16:57:04,10000.0,Down,160000.0,160000.0,180000.0,0.0,1,0,170000.0,10000.0,160000.0,180000.0,20000.0,-20000.0,-0.1111111111111111,-20000.0,-0.1111111111111111,Down,0,1,0,5,1,2,1,0,1,0,0,0,0,5,21,0.6931471805599453,4,4,16,550782.7152777778,2,1,0,0,0,0,0,1,1,1,0,1,1,0,1,1,0,0,0,0,0,1,0,0,0,0,1,1,1,0,0,0,0
R0485,4,3,3,2026-04-24 16:57:04,230000.0,Up,10000.0,10000.0,160000.0,180000.0,1,1,116666.66666666667,75865.37784494029,10000.0,180000.0,170000.0,-150000.0,-0.9375,-150000.0,-0.9375,Down,0,1,0,4,4,2,0,1,0,0,0,0,0,5,21,0.6931471805599453,4,4,16,550782.7152777778,2,1,0,0,0,0,0,1,1,1,0,1,1,0,1,1,0,0,0,0,0,1,0,0,0,0,1,1,1,0,0,0,0
R0486,2,1,1,2026-05-08 17:24:51,20000.0,Down,25000.0,25000.0,0.0,0.0,0,0,25000.0,0.0,25000.0,25000.0,0.0,0.0,0.0,0.0,0.0,Stable,0,0,1,5,2,2,0,0,0,0,0,0,0,3,38,3.8918202981106265,6,3,18,460955.5,0,1,0,0,0,1,0,1,1,1,0,1,1,0,0,0,1,0,1,0,0,1,0,0,0,0,0,0,1,1,0,0,1
R0486,3,2,2,2026-05-01 17:24:51,375000.0,Up,20000.0,20000.0,25000.0,0.0,1,0,22500.0,2500.0,20000.0,25000.0,5000.0,-5000.0,-0.2,-5000.0,-0.2,Down,0,1,0,5,1,2,1,0,1,0,0,0,0,3,38,3.8918202981106265,6,3,18,460955.5,0,1,0,0,0,1,0,1,1,1,0,1,1,0,0,0,1,0,1,0,0,1,0,0,0,0,0,0,1,1,0,0,0
R0486,4,3,3,2026-04-24 17:24:51,375000.0,Stable,375000.0,375000.0,20000.0,25000.0,1,1,140000.0,166182.63046018578,20000.0,375000.0,355000.0,355000.0,17.75,355000.0,17.75,Up,1,0,0,4,4,2,0,1,0,0,0,0,0,3,38,3.8918202981106265,6,3,18,460955.5,0,1,0,0,0,1,0,1,1,1,0,1,1,0,0,0,1,0,1,0,0,1,0,0,0,0,0,0,1,1,0,0,2
R0487,2,1,1,2026-05-08 18:20:48,375000.0,Down,400000.0,400000.0,0.0,0.0,0,0,400000.0,0.0,400000.0,400000.0,0.0,0.0,0.0,0.0,0.0,Stable,0,0,1,5,2,2,0,0,0,0,0,0,0,3,34,2.0794415416798357,6,4,24,460955.5,0,2,0,0,0,1,0,0,1,0,0,0,0,0,0,1,0,0,0,0,0,1,0,1,0,1,0,1,0,0,0,0,1
R0487,3,2,2,2026-05-01 18:20:48,380000.0,Stable,375000.0,375000.0,400000.0,0.0,1,0,387500.0,12500.0,375000.0,400000.0,25000.0,-25000.0,-0.0625,-25000.0,-0.0625,Down,0,1,0,5,1,2,1,0,1,0,0,0,0,3,34,2.0794415416798357,6,4,24,460955.5,0,2,0,0,0,1,0,0,1,0,0,0,0,0,0,1,0,0,0,0,0,1,0,1,0,1,0,1,0,0,0,0,0
R0487,4,3,3,2026-04-24 18:20:48,355000.0,Down,380000.0,380000.0,375000.0,400000.0,1,1,385000.0,10801.234497346433,375000.0,400000.0,25000.0,5000.0,0.013333333333333334,5000.0,0.013333333333333334,Stable,0,0,1,4,4,2,0,1,0,0,0,0,0,3,34,2.0794415416798357,6,4,24,460955.5,0,2,0,0,0,1,0,0,1,0,0,0,0,0,0,1,0,0,0,0,0,1,0,1,0,1,0,1,0,0,0,0,1
R0488,2,1,1,2026-05-08 18:21:34,400000.0,Down,620000.0,620000.0,0.0,0.0,0,0,620000.0,0.0,620000.0,620000.0,0.0,0.0,0.0,0.0,0.0,Stable,0,0,1,5,2,2,0,0,0,0,0,0,0,4,26,2.8903717578961645,2,6,12,653189.75,1,1,0,0,0,0,0,0,0,0,0,1,0,0,1,0,0,0,0,0,1,1,0,0,0,0,1,0,0,0,0,0,1
R0488,3,2,2,2026-05-01 18:21:34,150000.0,Down,400000.0,400000.0,620000.0,0.0,1,0,510000.0,110000.0,400000.0,620000.0,220000.0,-220000.0,-0.3548387096774194,-220000.0,-0.3548387096774194,Down,0,1,0,5,1,2,1,0,1,0,0,0,0,4,26,2.8903717578961645,2,6,12,653189.75,1,1,0,0,0,0,0,0,0,0,0,1,0,0,1,0,0,0,0,0,1,1,0,0,0,0,1,0,0,0,0,0,0
R0488,4,3,3,2026-04-24 18:21:34,570000.0,Up,150000.0,150000.0,400000.0,620000.0,1,1,390000.0,192006.94431886222,150000.0,620000.0,470000.0,-250000.0,-0.625,-250000.0,-0.625,Down,0,1,0,4,4,2,0,1,0,0,0,0,0,4,26,2.8903717578961645,2,6,12,653189.75,1,1,0,0,0,0,0,0,0,0,0,1,0,0,1,0,0,0,0,0,1,1,0,0,0,0,1,0,0,0,0,0,0
R0489,2,1,1,2026-05-08 18:29:53,875000.0,Down,1250000.0,1250000.0,0.0,0.0,0,0,1250000.0,0.0,1250000.0,1250000.0,0.0,0.0,0.0,0.0,0.0,Stable,0,0,1,5,2,2,0,0,0,0,0,0,0,3,30,2.70805020110221,7,11,77,460955.5,2,2,0,0,1,0,0,0,0,0,0,0,0,0,0,1,1,0,0,1,1,1,0,0,0,0,0,1,0,1,0,0,1
R0489,3,2,2,2026-05-01 18:29:53,620000.0,Down,875000.0,875000.0,1250000.0,0.0,1,0,1062500.0,187500.0,875000.0,1250000.0,375000.0,-375000.0,-0.3,-375000.0,-0.3,Down,0,1,0,5,1,2,1,0,1,0,0,0,0,3,30,2.70805020110221,7,11,77,460955.5,2,2,0,0,1,0,0,0,0,0,0,0,0,0,0,1,1,0,0,1,1,1,0,0,0,0,0,1,0,1,0,0,0
R0489,4,3,3,2026-04-24 18:29:53,465000.0,Down,620000.0,620000.0,875000.0,1250000.0,1,1,915000.0,258746.98065871221,620000.0,1250000.0,630000.0,-255000.0,-0.2914285714285714,-255000.0,-0.2914285714285714,Down,0,1,0,4,4,2,0,1,0,0,0,0,0,3,30,2.70805020110221,7,11,77,460955.5,2,2,0,0,1,0,0,0,0,0,0,0,0,0,0,1,1,0,0,1,1,1,0,0,0,0,0,1,0,1,0,0,0
R0490,2,1,1,2026-05-08 20:18:47,160000.0,Down,200000.0,200000.0,0.0,0.0,0,0,200000.0,0.0,200000.0,200000.0,0.0,0.0,0.0,0.0,0.0,Stable,0,0,1,5,2,2,0,0,0,0,0,0,2,3,31,2.772588722239781,3,5,15,460955.5,0,0,0,0,0,0,0,0,0,0,0,1,0,1,1,0,0,1,0,0,1,1,0,0,0,0,1,0,0,0,1,1,1
R0490,3,2,2,2026-05-01 20:18:47,185000.0,Up,160000.0,160000.0,200000.0,0.0,1,0,180000.0,20000.0,160000.0,200000.0,40000.0,-40000.0,-0.2,-40000.0,-0.2,Down,0,1,0,5,1,2,1,0,1,0,0,0,2,3,31,2.772588722239781,3,5,15,460955.5,0,0,0,0,0,0,0,0,0,0,0,1,0,1,1,0,0,1,0,0,1,1,0,0,0,0,1,0,0,0,1,1,0
R0490,4,3,3,2026-04-24 20:18:47,6800.0,Down,185000.0,185000.0,160000.0,200000.0,1,1,181666.66666666666,16499.158227686108,160000.0,200000.0,40000.0,25000.0,0.15625,25000.0,0.15625,Up,1,0,0,4,4,2,0,1,0,0,0,0,2,3,31,2.772588722239781,3,5,15,460955.5,0,0,0,0,0,0,0,0,0,0,0,1,0,1,1,0,0,1,0,0,1,1,0,0,0,0,1,0,0,0,1,1,2
R0491,2,1,1,2026-05-08 20:40:44,50000.0,Down,870000.0,870000.0,0.0,0.0,0,0,870000.0,0.0,870000.0,870000.0,0.0,0.0,0.0,0.0,0.0,Stable,0,0,1,5,2,2,0,0,0,0,0,0,0,1,19,3.2188758248682006,4,4,16,739240.8333333334,1,2,0,0,0,1,0,0,1,0,0,0,1,0,1,0,0,0,0,0,0,1,0,0,0,0,1,0,1,0,0,0,1
R0491,3,2,2,2026-05-01 20:40:44,710000.0,Up,50000.0,50000.0,870000.0,0.0,1,0,460000.0,410000.0,50000.0,870000.0,820000.0,-820000.0,-0.9425287356321839,-820000.0,-0.9425287356321839,Down,0,1,0,5,1,2,1,0,1,0,0,0,0,1,19,3.2188758248682006,4,4,16,739240.8333333334,1,2,0,0,0,1,0,0,1,0,0,0,1,0,1,0,0,0,0,0,0,1,0,0,0,0,1,0,1,0,0,0,0
R0491,4,3,3,2026-04-24 20:40:44,1020000.0,Up,710000.0,710000.0,50000.0,870000.0,1,1,543333.3333333334,354902.1774454977,50000.0,870000.0,820000.0,660000.0,13.2,660000.0,13.2,Up,1,0,0,4,4,2,0,1,0,0,0,0,0,1,19,3.2188758248682006,4,4,16,739240.8333333334,1,2,0,0,0,1,0,0,1,0,0,0,1,0,1,0,0,0,0,0,0,1,0,0,0,0,1,0,1,0,0,0,2
R0492,2,1,1,2026-05-08 21:02:41,465000.0,Up,440000.0,440000.0,0.0,0.0,0,0,440000.0,0.0,440000.0,440000.0,0.0,0.0,0.0,0.0,0.0,Stable,0,0,1,5,2,2,0,0,0,0,0,0,0,7,30,3.58351893845611,6,7,42,517481.9375,2,3,0,0,0,0,0,0,0,0,0,1,0,0,1,0,0,0,1,0,0,1,0,0,0,1,1,0,0,0,0,0,1
R0492,3,2,2,2026-05-01 21:02:41,500000.0,Up,465000.0,465000.0,440000.0,0.0,1,0,452500.0,12500.0,440000.0,465000.0,25000.0,25000.0,0.056818181818181816,25000.0,0.056818181818181816,Up,1,0,0,5,1,2,1,0,1,0,0,0,0,7,30,3.58351893845611,6,7,42,517481.9375,2,3,0,0,0,0,0,0,0,0,0,1,0,0,1,0,0,0,1,0,0,1,0,0,0,1,1,0,0,0,0,0,2
R0492,4,3,3,2026-04-24 21:02:41,475000.0,Stable,500000.0,500000.0,465000.0,440000.0,1,1,468333.3333333333,24608.038433722333,440000.0,500000.0,60000.0,35000.0,0.07526881720430108,35000.0,0.07526881720430108,Up,1,0,0,4,4,2,0,1,0,0,0,0,0,7,30,3.58351893845611,6,7,42,517481.9375,2,3,0,0,0,0,0,0,0,0,0,1,0,0,1,0,0,0,1,0,0,1,0,0,0,1,1,0,0,0,0,0,2
R0493,2,1,1,2026-05-08 21:31:08,1050000.0,Down,1200000.0,1200000.0,0.0,0.0,0,0,1200000.0,0.0,1200000.0,1200000.0,0.0,0.0,0.0,0.0,0.0,Stable,0,0,1,5,2,2,0,0,0,0,0,0,0,5,17,4.143134726391533,6,6,36,550782.7152777778,1,1,0,0,0,1,0,1,1,1,0,0,0,0,0,0,0,1,0,0,0,1,0,0,0,0,0,0,0,0,1,0,1
R0493,3,2,2,2026-05-01 21:31:08,930000.0,Down,1050000.0,1050000.0,1200000.0,0.0,1,0,1125000.0,75000.0,1050000.0,1200000.0,150000.0,-150000.0,-0.125,-150000.0,-0.125,Down,0,1,0,5,1,2,1,0,1,0,0,0,0,5,17,4.143134726391533,6,6,36,550782.7152777778,1,1,0,0,0,1,0,1,1,1,0,0,0,0,0,0,0,1,0,0,0,1,0,0,0,0,0,0,0,0,1,0,0
R0493,4,3,3,2026-04-24 21:31:08,1080000.0,Up,930000.0,930000.0,1050000.0,1200000.0,1,1,1060000.0,110453.61017187261,930000.0,1200000.0,270000.0,-120000.0,-0.11428571428571428,-120000.0,-0.11428571428571428,Down,0,1,0,4,4,2,0,1,0,0,0,0,0,5,17,4.143134726391533,6,6,36,550782.7152777778,1,1,0,0,0,1,0,1,1,1,0,0,0,0,0,0,0,1,0,0,0,1,0,0,0,0,0,0,0,0,1,0,0
R0494,2,1,1,2026-05-08 21:32:18,425000.0,Down,530000.0,530000.0,0.0,0.0,0,0,530000.0,0.0,530000.0,530000.0,0.0,0.0,0.0,0.0,0.0,Stable,0,0,1,5,2,2,0,0,0,0,0,0,0,2,28,4.2626798770413155,3,5,15,442180.75,2,2,0,0,0,1,0,0,1,0,0,0,1,0,0,0,0,0,0,0,0,1,0,0,0,1,0,0,1,0,0,0,1
R0494,3,2,2,2026-05-01 21:32:18,480000.0,Up,425000.0,425000.0,530000.0,0.0,1,0,477500.0,52500.0,425000.0,530000.0,105000.0,-105000.0,-0.19811320754716982,-105000.0,-0.19811320754716982,Down,0,1,0,5,1,2,1,0,1,0,0,0,0,2,28,4.2626798770413155,3,5,15,442180.75,2,2,0,0,0,1,0,0,1,0,0,0,1,0,0,0,0,0,0,0,0,1,0,0,0,1,0,0,1,0,0,0,0
R0494,4,3,3,2026-04-24 21:32:18,525000.0,Up,480000.0,480000.0,425000.0,530000.0,1,1,478333.3333333333,42882.26776756203,425000.0,530000.0,105000.0,55000.0,0.12941176470588237,55000.0,0.12941176470588237,Up,1,0,0,4,4,2,0,1,0,0,0,0,0,2,28,4.2626798770413155,3,5,15,442180.75,2,2,0,0,0,1,0,0,1,0,0,0,1,0,0,0,0,0,0,0,0,1,0,0,0,1,0,0,1,0,0,0,2
R0495,2,1,1,2026-05-08 21:38:10,495000.0,Down,1100000.0,1100000.0,0.0,0.0,0,0,1100000.0,0.0,1100000.0,1100000.0,0.0,0.0,0.0,0.0,0.0,Stable,0,0,1,5,2,2,0,0,0,0,0,0,1,4,39,3.1354942159291497,5,9,45,653189.75,2,3,0,0,1,0,0,0,0,0,0,0,0,0,1,0,1,0,0,0,1,1,0,1,0,0,1,0,0,1,0,0,1
R0495,3,2,2,2026-05-01 21:38:10,1150000.0,Up,495000.0,495000.0,1100000.0,0.0,1,0,797500.0,302500.0,495000.0,1100000.0,605000.0,-605000.0,-0.55,-605000.0,-0.55,Down,0,1,0,5,1,2,1,0,1,0,0,0,1,4,39,3.1354942159291497,5,9,45,653189.75,2,3,0,0,1,0,0,0,0,0,0,0,0,0,1,0,1,0,0,0,1,1,0,1,0,0,1,0,0,1,0,0,0
R0495,4,3,3,2026-04-24 21:38:10,990000.0,Down,1150000.0,1150000.0,495000.0,1100000.0,1,1,915000.0,297685.51638712065,495000.0,1150000.0,655000.0,655000.0,1.3232323232323233,655000.0,1.3232323232323233,Up,1,0,0,4,4,2,0,1,0,0,0,0,1,4,39,3.1354942159291497,5,9,45,653189.75,2,3,0,0,1,0,0,0,0,0,0,0,0,0,1,0,1,0,0,0,1,1,0,1,0,0,1,0,0,1,0,0,2
R0496,2,1,1,2026-05-08 22:38:43,660000.0,Up,400000.0,400000.0,0.0,0.0,0,0,400000.0,0.0,400000.0,400000.0,0.0,0.0,0.0,0.0,0.0,Stable,0,0,1,5,2,2,0,0,0,0,0,0,0,5,27,2.772588722239781,3,4,12,550782.7152777778,0,3,0,0,0,0,0,0,0,0,1,0,1,0,1,0,0,0,0,0,1,1,0,0,1,0,1,0,1,0,0,0,1
R0496,3,2,2,2026-05-01 22:38:43,475000.0,Down,660000.0,660000.0,400000.0,0.0,1,0,530000.0,130000.0,400000.0,660000.0,260000.0,260000.0,0.65,260000.0,0.65,Up,1,0,0,5,1,2,1,0,1,0,0,0,0,5,27,2.772588722239781,3,4,12,550782.7152777778,0,3,0,0,0,0,0,0,0,0,1,0,1,0,1,0,0,0,0,0,1,1,0,0,1,0,1,0,1,0,0,0,2
R0496,4,3,3,2026-04-24 22:38:43,520000.0,Up,475000.0,475000.0,660000.0,400000.0,1,1,511666.6666666667,109265.22268722509,400000.0,660000.0,260000.0,-185000.0,-0.2803030303030303,-185000.0,-0.2803030303030303,Down,0,1,0,4,4,2,0,1,0,0,0,0,0,5,27,2.772588722239781,3,4,12,550782.7152777778,0,3,0,0,0,0,0,0,0,0,1,0,1,0,1,0,0,0,0,0,1,1,0,0,1,0,1,0,1,0,0,0,0
R0497,2,1,1,2026-05-08 22:45:46,555000.0,Up,500000.0,500000.0,0.0,0.0,0,0,500000.0,0.0,500000.0,500000.0,0.0,0.0,0.0,0.0,0.0,Stable,0,0,1,5,2,2,0,0,0,0,0,0,1,7,40,3.1354942159291497,7,9,63,517481.9375,1,4,0,1,0,0,0,0,0,0,0,0,0,0,0,0,0,0,0,1,0,1,0,0,0,0,0,0,0,0,0,0,1
R0497,3,2,2,2026-05-01 22:45:46,565000.0,Stable,555000.0,555000.0,500000.0,0.0,1,0,527500.0,27500.0,500000.0,555000.0,55000.0,55000.0,0.11,55000.0,0.11,Up,1,0,0,5,1,2,1,0,1,0,0,0,1,7,40,3.1354942159291497,7,9,63,517481.9375,1,4,0,1,0,0,0,0,0,0,0,0,0,0,0,0,0,0,0,1,0,1,0,0,0,0,0,0,0,0,0,0,2
R0497,4,3,3,2026-04-24 22:45:46,1200000.0,Up,565000.0,565000.0,555000.0,500000.0,1,1,540000.0,28577.38033247041,500000.0,565000.0,65000.0,10000.0,0.018018018018018018,10000.0,0.018018018018018018,Stable,0,0,1,4,4,2,0,1,0,0,0,0,1,7,40,3.1354942159291497,7,9,63,517481.9375,1,4,0,1,0,0,0,0,0,0,0,0,0,0,0,0,0,0,0,1,0,1,0,0,0,0,0,0,0,0,0,0,1
R0498,2,1,1,2026-05-08 23:02:40,550000.0,Stable,530000.0,530000.0,0.0,0.0,0,0,530000.0,0.0,530000.0,530000.0,0.0,0.0,0.0,0.0,0.0,Stable,0,0,1,5,2,2,0,0,0,0,0,0,0,3,17,4.430816798843313,2,2,4,460955.5,1,3,0,0,0,1,0,0,1,0,0,1,1,1,1,0,0,0,0,0,1,1,0,0,0,1,1,0,1,0,0,1,1
R0498,3,2,2,2026-05-01 23:02:40,480000.0,Down,550000.0,550000.0,530000.0,0.0,1,0,540000.0,10000.0,530000.0,550000.0,20000.0,20000.0,0.03773584905660377,20000.0,0.03773584905660377,Stable,0,0,1,5,1,2,1,0,1,0,0,0,0,3,17,4.430816798843313,2,2,4,460955.5,1,3,0,0,0,1,0,0,1,0,0,1,1,1,1,0,0,0,0,0,1,1,0,0,0,1,1,0,1,0,0,1,1
R0498,4,3,3,2026-04-24 23:02:40,530000.0,Up,480000.0,480000.0,550000.0,530000.0,1,1,520000.0,29439.20288775949,480000.0,550000.0,70000.0,-70000.0,-0.12727272727272726,-70000.0,-0.12727272727272726,Down,0,1,0,4,4,2,0,1,0,0,0,0,0,3,17,4.430816798843313,2,2,4,460955.5,1,3,0,0,0,1,0,0,1,0,0,1,1,1,1,0,0,0,0,0,1,1,0,0,0,1,1,0,1,0,0,1,0
R0499,2,1,1,2026-05-09 01:06:20,200000.0,Stable,200000.0,200000.0,0.0,0.0,0,0,200000.0,0.0,200000.0,200000.0,0.0,0.0,0.0,0.0,0.0,Stable,0,0,1,5,2,2,0,0,0,1,0,0,0,1,31,3.4965075614664802,5,5,25,739240.8333333334,1,2,0,0,0,1,0,1,1,1,0,1,1,0,0,0,1,0,0,0,0,1,0,0,0,0,0,0,1,1,0,0,1
R0499,3,2,2,2026-05-02 01:06:20,270000.0,Up,200000.0,200000.0,200000.0,0.0,1,0,200000.0,0.0,200000.0,200000.0,0.0,0.0,0.0,0.0,0.0,Stable,0,0,1,5,1,2,1,0,1,1,0,0,0,1,31,3.4965075614664802,5,5,25,739240.8333333334,1,2,0,0,0,1,0,1,1,1,0,1,1,0,0,0,1,0,0,0,0,1,0,0,0,0,0,0,1,1,0,0,1
R0499,4,3,3,2026-04-25 01:06:20,240000.0,Down,270000.0,270000.0,200000.0,200000.0,1,1,223333.33333333334,32998.316455372216,200000.0,270000.0,70000.0,70000.0,0.35,70000.0,0.35,Up,1,0,0,4,4,2,0,1,1,1,0,0,0,1,31,3.4965075614664802,5,5,25,739240.8333333334,1,2,0,0,0,1,0,1,1,1,0,1,1,0,0,0,1,0,0,0,0,1,0,0,0,0,0,0,1,1,0,0,2
R0500,2,1,1,2026-05-09 07:43:37,460000.0,Up,425000.0,425000.0,0.0,0.0,0,0,425000.0,0.0,425000.0,425000.0,0.0,0.0,0.0,0.0,0.0,Stable,0,0,1,5,2,2,0,0,0,1,0,0,2,1,19,3.091042453358316,7,6,42,739240.8333333334,2,3,0,0,0,0,0,0,0,0,0,1,0,1,0,0,0,1,1,0,0,1,0,0,0,0,0,0,0,0,1,1,1
R0500,3,2,2,2026-05-02 07:43:37,370000.0,Down,460000.0,460000.0,425000.0,0.0,1,0,442500.0,17500.0,425000.0,460000.0,35000.0,35000.0,0.08235294117647059,35000.0,0.08235294117647059,Up,1,0,0,5,1,2,1,0,1,1,0,0,2,1,19,3.091042453358316,7,6,42,739240.8333333334,2,3,0,0,0,0,0,0,0,0,0,1,0,1,0,0,0,1,1,0,0,1,0,0,0,0,0,0,0,0,1,1,2
R0500,4,3,3,2026-04-25 07:43:37,460000.0,Up,370000.0,370000.0,460000.0,425000.0,1,1,418333.3333333333,37043.51795148812,370000.0,460000.0,90000.0,-90000.0,-0.1956521739130435,-90000.0,-0.1956521739130435,Down,0,1,0,4,4,2,0,1,1,1,0,0,2,1,19,3.091042453358316,7,6,42,739240.8333333334,2,3,0,0,0,0,0,0,0,0,0,1,0,1,0,0,0,1,1,0,0,1,0,0,0,0,0,0,0,0,1,1,0
R0501,2,1,1,2026-05-09 08:23:51,1000000.0,Stable,1050000.0,1050000.0,0.0,0.0,0,0,1050000.0,0.0,1050000.0,1050000.0,0.0,0.0,0.0,0.0,0.0,Stable,0,0,1,5,2,2,0,0,0,1,0,0,0,1,41,3.5263605246161616,6,4,24,739240.8333333334,2,1,0,0,0,1,0,1,1,1,0,0,0,0,1,0,0,1,0,0,0,1,0,0,0,0,1,0,0,0,1,0,1
R0501,3,2,2,2026-05-02 08:23:51,870000.0,Down,1000000.0,1000000.0,1050000.0,0.0,1,0,1025000.0,25000.0,1000000.0,1050000.0,50000.0,-50000.0,-0.047619047619047616,-50000.0,-0.047619047619047616,Stable,0,0,1,5,1,2,1,0,1,1,0,0,0,1,41,3.5263605246161616,6,4,24,739240.8333333334,2,1,0,0,0,1,0,1,1,1,0,0,0,0,1,0,0,1,0,0,0,1,0,0,0,0,1,0,0,0,1,0,1
R0501,4,3,3,2026-04-25 08:23:51,875000.0,Stable,870000.0,870000.0,1000000.0,1050000.0,1,1,973333.3333333334,75865.37784494029,870000.0,1050000.0,180000.0,-130000.0,-0.13,-130000.0,-0.13,Down,0,1,0,4,4,2,0,1,1,1,0,0,0,1,41,3.5263605246161616,6,4,24,739240.8333333334,2,1,0,0,0,1,0,1,1,1,0,0,0,0,1,0,0,1,0,0,0,1,0,0,0,0,1,0,0,0,1,0,0
R0502,2,1,1,2026-05-09 08:25:07,420000.0,Up,395000.0,395000.0,0.0,0.0,0,0,395000.0,0.0,395000.0,395000.0,0.0,0.0,0.0,0.0,0.0,Stable,0,0,1,5,2,2,0,0,0,1,0,0,2,4,24,3.8712010109078907,6,10,60,653189.75,2,3,0,0,0,0,0,0,0,0,0,1,0,0,1,0,0,1,1,0,1,1,0,0,0,0,1,0,0,0,1,0,1
R0502,3,2,2,2026-05-02 08:25:07,1300000.0,Up,420000.0,420000.0,395000.0,0.0,1,0,407500.0,12500.0,395000.0,420000.0,25000.0,25000.0,0.06329113924050633,25000.0,0.06329113924050633,Up,1,0,0,5,1,2,1,0,1,1,0,0,2,4,24,3.8712010109078907,6,10,60,653189.75,2,3,0,0,0,0,0,0,0,0,0,1,0,0,1,0,0,1,1,0,1,1,0,0,0,0,1,0,0,0,1,0,2
R0502,4,3,3,2026-04-25 08:25:07,500000.0,Down,1300000.0,1300000.0,420000.0,395000.0,1,1,705000.0,420852.3098031739,395000.0,1300000.0,905000.0,880000.0,2.0952380952380953,880000.0,2.0952380952380953,Up,1,0,0,4,4,2,0,1,1,1,0,0,2,4,24,3.8712010109078907,6,10,60,653189.75,2,3,0,0,0,0,0,0,0,0,0,1,0,0,1,0,0,1,1,0,1,1,0,0,0,0,1,0,0,0,1,0,2
R0503,2,1,1,2026-05-09 08:56:36,190000.0,Stable,200000.0,200000.0,0.0,0.0,0,0,200000.0,0.0,200000.0,200000.0,0.0,0.0,0.0,0.0,0.0,Stable,0,0,1,5,2,2,0,0,0,1,0,0,0,1,17,2.8903717578961645,4,3,12,739240.8333333334,2,3,0,0,0,1,0,0,1,0,0,1,0,1,1,0,0,0,0,0,0,1,1,0,0,1,1,0,0,0,0,1,1
R0503,3,2,2,2026-05-02 08:56:36,250000.0,Up,190000.0,190000.0,200000.0,0.0,1,0,195000.0,5000.0,190000.0,200000.0,10000.0,-10000.0,-0.05,-10000.0,-0.05,Stable,0,0,1,5,1,2,1,0,1,1,0,0,0,1,17,2.8903717578961645,4,3,12,739240.8333333334,2,3,0,0,0,1,0,0,1,0,0,1,0,1,1,0,0,0,0,0,0,1,1,0,0,1,1,0,0,0,0,1,1
R0503,4,3,3,2026-04-25 08:56:36,150000.0,Down,250000.0,250000.0,190000.0,200000.0,1,1,213333.33333333334,26246.692913372703,190000.0,250000.0,60000.0,60000.0,0.3157894736842105,60000.0,0.3157894736842105,Up,1,0,0,4,4,2,0,1,1,1,0,0,0,1,17,2.8903717578961645,4,3,12,739240.8333333334,2,3,0,0,0,1,0,0,1,0,0,1,0,1,1,0,0,0,0,0,0,1,1,0,0,1,1,0,0,0,0,1,2
R0504,2,1,1,2026-05-09 09:37:43,260000.0,Down,580000.0,580000.0,0.0,0.0,0,0,580000.0,0.0,580000.0,580000.0,0.0,0.0,0.0,0.0,0.0,Stable,0,0,1,5,2,2,0,0,0,1,0,0,0,3,17,4.04305126783455,5,7,35,460955.5,0,4,0,0,0,1,0,1,1,1,0,0,0,0,1,0,1,0,1,0,0,1,0,1,0,0,1,0,0,1,0,0,1
R0504,3,2,2,2026-05-02 09:37:43,10000.0,Down,260000.0,260000.0,580000.0,0.0,1,0,420000.0,160000.0,260000.0,580000.0,320000.0,-320000.0,-0.5517241379310345,-320000.0,-0.5517241379310345,Down,0,1,0,5,1,2,1,0,1,1,0,0,0,3,17,4.04305126783455,5,7,35,460955.5,0,4,0,0,0,1,0,1,1,1,0,0,0,0,1,0,1,0,1,0,0,1,0,1,0,0,1,0,0,1,0,0,0
R0504,4,3,3,2026-04-25 09:37:43,690000.0,Up,10000.0,10000.0,260000.0,580000.0,1,1,283333.3333333333,233285.7094256359,10000.0,580000.0,570000.0,-250000.0,-0.9615384615384616,-250000.0,-0.9615384615384616,Down,0,1,0,4,4,2,0,1,1,1,0,0,0,3,17,4.04305126783455,5,7,35,460955.5,0,4,0,0,0,1,0,1,1,1,0,0,0,0,1,0,1,0,1,0,0,1,0,1,0,0,1,0,0,1,0,0,0
R0505,2,1,1,2026-05-09 09:53:17,440000.0,Up,160000.0,160000.0,0.0,0.0,0,0,160000.0,0.0,160000.0,160000.0,0.0,0.0,0.0,0.0,0.0,Stable,0,0,1,5,2,2,0,0,0,1,0,0,2,5,17,1.6094379124341003,3,5,15,550782.7152777778,1,1,0,0,0,0,0,0,0,0,0,1,0,1,1,0,0,1,0,0,1,1,0,0,0,0,1,0,0,0,1,1,1
R0505,3,2,2,2026-05-02 09:53:17,360000.0,Down,440000.0,440000.0,160000.0,0.0,1,0,300000.0,140000.0,160000.0,440000.0,280000.0,280000.0,1.75,280000.0,1.75,Up,1,0,0,5,1,2,1,0,1,1,0,0,2,5,17,1.6094379124341003,3,5,15,550782.7152777778,1,1,0,0,0,0,0,0,0,0,0,1,0,1,1,0,0,1,0,0,1,1,0,0,0,0,1,0,0,0,1,1,2
R0505,4,3,3,2026-04-25 09:53:17,445000.0,Up,360000.0,360000.0,440000.0,160000.0,1,1,320000.0,117756.81155103796,160000.0,440000.0,280000.0,-80000.0,-0.18181818181818182,-80000.0,-0.18181818181818182,Down,0,1,0,4,4,2,0,1,1,1,0,0,2,5,17,1.6094379124341003,3,5,15,550782.7152777778,1,1,0,0,0,0,0,0,0,0,0,1,0,1,1,0,0,1,0,0,1,1,0,0,0,0,1,0,0,0,1,1,0
R0506,2,1,1,2026-05-09 09:56:10,325000.0,Down,375000.0,375000.0,0.0,0.0,0,0,375000.0,0.0,375000.0,375000.0,0.0,0.0,0.0,0.0,0.0,Stable,0,0,1,5,2,2,0,0,0,1,0,0,0,0,27,2.3978952727983707,6,6,36,518297.0,1,3,0,0,0,1,0,1,1,1,0,1,0,0,1,0,0,0,0,0,0,1,0,0,0,0,1,0,0,0,0,0,1
R0506,3,2,2,2026-05-02 09:56:10,425000.0,Up,325000.0,325000.0,375000.0,0.0,1,0,350000.0,25000.0,325000.0,375000.0,50000.0,-50000.0,-0.13333333333333333,-50000.0,-0.13333333333333333,Down,0,1,0,5,1,2,1,0,1,1,0,0,0,0,27,2.3978952727983707,6,6,36,518297.0,1,3,0,0,0,1,0,1,1,1,0,1,0,0,1,0,0,0,0,0,0,1,0,0,0,0,1,0,0,0,0,0,0
R0506,4,3,3,2026-04-25 09:56:10,380000.0,Down,425000.0,425000.0,325000.0,375000.0,1,1,375000.0,40824.8290463863,325000.0,425000.0,100000.0,100000.0,0.3076923076923077,100000.0,0.3076923076923077,Up,1,0,0,4,4,2,0,1,1,1,0,0,0,0,27,2.3978952727983707,6,6,36,518297.0,1,3,0,0,0,1,0,1,1,1,0,1,0,0,1,0,0,0,0,0,0,1,0,0,0,0,1,0,0,0,0,0,2
R0507,2,1,1,2026-05-09 10:10:34,630000.0,Down,750000.0,750000.0,0.0,0.0,0,0,750000.0,0.0,750000.0,750000.0,0.0,0.0,0.0,0.0,0.0,Stable,0,0,1,5,2,2,0,0,0,1,0,0,1,7,49,2.833213344056216,6,9,54,517481.9375,2,4,0,1,0,0,0,0,0,0,0,0,0,0,1,0,1,0,0,0,0,1,0,0,1,0,1,0,0,1,0,0,1
R0507,3,2,2,2026-05-02 10:10:34,800000.0,Up,630000.0,630000.0,750000.0,0.0,1,0,690000.0,60000.0,630000.0,750000.0,120000.0,-120000.0,-0.16,-120000.0,-0.16,Down,0,1,0,5,1,2,1,0,1,1,0,0,1,7,49,2.833213344056216,6,9,54,517481.9375,2,4,0,1,0,0,0,0,0,0,0,0,0,0,1,0,1,0,0,0,0,1,0,0,1,0,1,0,0,1,0,0,0
R0507,4,3,3,2026-04-25 10:10:34,1190000.0,Up,800000.0,800000.0,630000.0,750000.0,1,1,726666.6666666666,71336.44853010899,630000.0,800000.0,170000.0,170000.0,0.2698412698412698,170000.0,0.2698412698412698,Up,1,0,0,4,4,2,0,1,1,1,0,0,1,7,49,2.833213344056216,6,9,54,517481.9375,2,4,0,1,0,0,0,0,0,0,0,0,0,0,1,0,1,0,0,0,0,1,0,0,1,0,1,0,0,1,0,0,2
R0508,2,1,1,2026-05-09 10:21:06,930000.0,Down,1050000.0,1050000.0,0.0,0.0,0,0,1050000.0,0.0,1050000.0,1050000.0,0.0,0.0,0.0,0.0,0.0,Stable,0,0,1,5,2,2,0,0,0,1,0,0,0,5,29,3.6888794541139363,7,4,28,550782.7152777778,2,4,0,0,0,1,0,1,1,1,0,0,0,0,0,0,1,0,0,0,0,1,0,0,0,0,0,0,0,1,0,0,1
R0508,3,2,2,2026-05-02 10:21:06,1065000.0,Up,930000.0,930000.0,1050000.0,0.0,1,0,990000.0,60000.0,930000.0,1050000.0,120000.0,-120000.0,-0.11428571428571428,-120000.0,-0.11428571428571428,Down,0,1,0,5,1,2,1,0,1,1,0,0,0,5,29,3.6888794541139363,7,4,28,550782.7152777778,2,4,0,0,0,1,0,1,1,1,0,0,0,0,0,0,1,0,0,0,0,1,0,0,0,0,0,0,0,1,0,0,0
R0508,4,3,3,2026-04-25 10:21:06,1075000.0,Stable,1065000.0,1065000.0,930000.0,1050000.0,1,1,1015000.0,60415.22986797286,930000.0,1065000.0,135000.0,135000.0,0.14516129032258066,135000.0,0.14516129032258066,Up,1,0,0,4,4,2,0,1,1,1,0,0,0,5,29,3.6888794541139363,7,4,28,550782.7152777778,2,4,0,0,0,1,0,1,1,1,0,0,0,0,0,0,1,0,0,0,0,1,0,0,0,0,0,0,0,1,0,0,2
R0509,2,1,1,2026-05-09 10:37:24,570000.0,Down,675000.0,675000.0,0.0,0.0,0,0,675000.0,0.0,675000.0,675000.0,0.0,0.0,0.0,0.0,0.0,Stable,0,0,1,5,2,2,0,0,0,1,0,0,0,5,23,2.3978952727983707,6,8,48,550782.7152777778,2,3,0,0,0,1,0,0,1,0,0,0,1,0,1,0,0,0,0,0,0,1,0,0,1,0,1,0,1,0,0,0,1
R0509,3,2,2,2026-05-02 10:37:24,710000.0,Up,570000.0,570000.0,675000.0,0.0,1,0,622500.0,52500.0,570000.0,675000.0,105000.0,-105000.0,-0.15555555555555556,-105000.0,-0.15555555555555556,Down,0,1,0,5,1,2,1,0,1,1,0,0,0,5,23,2.3978952727983707,6,8,48,550782.7152777778,2,3,0,0,0,1,0,0,1,0,0,0,1,0,1,0,0,0,0,0,0,1,0,0,1,0,1,0,1,0,0,0,0
R0509,4,3,3,2026-04-25 10:37:24,575000.0,Down,710000.0,710000.0,570000.0,675000.0,1,1,651666.6666666666,59488.56099191582,570000.0,710000.0,140000.0,140000.0,0.24561403508771928,140000.0,0.24561403508771928,Up,1,0,0,4,4,2,0,1,1,1,0,0,0,5,23,2.3978952727983707,6,8,48,550782.7152777778,2,3,0,0,0,1,0,0,1,0,0,0,1,0,1,0,0,0,0,0,0,1,0,0,1,0,1,0,1,0,0,0,2
R0510,2,1,1,2026-05-09 10:56:51,250000.0,Up,210000.0,210000.0,0.0,0.0,0,0,210000.0,0.0,210000.0,210000.0,0.0,0.0,0.0,0.0,0.0,Stable,0,0,1,5,2,2,0,0,0,1,0,0,2,3,17,3.970291913552122,4,9,36,460955.5,1,4,0,0,0,0,0,0,0,0,0,1,0,0,1,0,0,1,0,0,0,1,1,0,0,0,1,0,0,0,1,0,1
R0510,3,2,2,2026-05-02 10:56:51,275000.0,Up,250000.0,250000.0,210000.0,0.0,1,0,230000.0,20000.0,210000.0,250000.0,40000.0,40000.0,0.19047619047619047,40000.0,0.19047619047619047,Up,1,0,0,5,1,2,1,0,1,1,0,0,2,3,17,3.970291913552122,4,9,36,460955.5,1,4,0,0,0,0,0,0,0,0,0,1,0,0,1,0,0,1,0,0,0,1,1,0,0,0,1,0,0,0,1,0,2
R0510,4,3,3,2026-04-25 10:56:51,740000.0,Up,275000.0,275000.0,250000.0,210000.0,1,1,245000.0,26770.630673681684,210000.0,275000.0,65000.0,25000.0,0.1,25000.0,0.1,Up,1,0,0,4,4,2,0,1,1,1,0,0,2,3,17,3.970291913552122,4,9,36,460955.5,1,4,0,0,0,0,0,0,0,0,0,1,0,0,1,0,0,1,0,0,0,1,1,0,0,0,1,0,0,0,1,0,2
R0511,2,1,1,2026-05-09 11:24:25,725000.0,Down,905000.0,905000.0,0.0,0.0,0,0,905000.0,0.0,905000.0,905000.0,0.0,0.0,0.0,0.0,0.0,Stable,0,0,1,5,2,2,0,0,0,1,0,0,0,5,22,2.8903717578961645,6,11,66,550782.7152777778,2,0,0,1,0,0,0,1,0,0,0,0,0,1,0,0,1,0,0,0,1,1,0,0,0,0,0,0,0,1,0,1,1
R0511,3,2,2,2026-05-02 11:24:25,810000.0,Up,725000.0,725000.0,905000.0,0.0,1,0,815000.0,90000.0,725000.0,905000.0,180000.0,-180000.0,-0.19889502762430938,-180000.0,-0.19889502762430938,Down,0,1,0,5,1,2,1,0,1,1,0,0,0,5,22,2.8903717578961645,6,11,66,550782.7152777778,2,0,0,1,0,0,0,1,0,0,0,0,0,1,0,0,1,0,0,0,1,1,0,0,0,0,0,0,0,1,0,1,0
R0511,4,3,3,2026-04-25 11:24:25,830000.0,Stable,810000.0,810000.0,725000.0,905000.0,1,1,813333.3333333334,73522.48333370926,725000.0,905000.0,180000.0,85000.0,0.11724137931034483,85000.0,0.11724137931034483,Up,1,0,0,4,4,2,0,1,1,1,0,0,0,5,22,2.8903717578961645,6,11,66,550782.7152777778,2,0,0,1,0,0,0,1,0,0,0,0,0,1,0,0,1,0,0,0,1,1,0,0,0,0,0,0,0,1,0,1,2
R0512,2,1,1,2026-05-09 11:36:01,360000.0,Up,250000.0,250000.0,0.0,0.0,0,0,250000.0,0.0,250000.0,250000.0,0.0,0.0,0.0,0.0,0.0,Stable,0,0,1,5,2,2,0,0,0,1,0,0,0,7,27,3.4011973816621555,4,6,24,517481.9375,2,0,0,0,0,0,0,0,0,0,0,1,1,0,1,0,0,0,0,0,0,1,0,0,1,0,1,0,1,0,0,0,1
R0512,3,2,2,2026-05-02 11:36:01,200000.0,Down,360000.0,360000.0,250000.0,0.0,1,0,305000.0,55000.0,250000.0,360000.0,110000.0,110000.0,0.44,110000.0,0.44,Up,1,0,0,5,1,2,1,0,1,1,0,0,0,7,27,3.4011973816621555,4,6,24,517481.9375,2,0,0,0,0,0,0,0,0,0,0,1,1,0,1,0,0,0,0,0,0,1,0,0,1,0,1,0,1,0,0,0,2
R0512,4,3,3,2026-04-25 11:36:01,395000.0,Up,200000.0,200000.0,360000.0,250000.0,1,1,270000.0,66833.1255192114,200000.0,360000.0,160000.0,-160000.0,-0.4444444444444444,-160000.0,-0.4444444444444444,Down,0,1,0,4,4,2,0,1,1,1,0,0,0,7,27,3.4011973816621555,4,6,24,517481.9375,2,0,0,0,0,0,0,0,0,0,0,1,1,0,1,0,0,0,0,0,0,1,0,0,1,0,1,0,1,0,0,0,0
R0513,2,1,1,2026-05-09 12:42:15,255000.0,Down,365000.0,365000.0,0.0,0.0,0,0,365000.0,0.0,365000.0,365000.0,0.0,0.0,0.0,0.0,0.0,Stable,0,0,1,5,2,2,0,0,0,1,0,0,2,5,19,3.044522437723423,5,7,35,550782.7152777778,1,1,0,0,0,0,0,0,0,0,0,1,0,0,1,0,0,0,1,0,0,1,0,0,0,0,1,0,0,0,0,0,1
R0513,3,2,2,2026-05-02 12:42:15,200000.0,Down,255000.0,255000.0,365000.0,0.0,1,0,310000.0,55000.0,255000.0,365000.0,110000.0,-110000.0,-0.3013698630136986,-110000.0,-0.3013698630136986,Down,0,1,0,5,1,2,1,0,1,1,0,0,2,5,19,3.044522437723423,5,7,35,550782.7152777778,1,1,0,0,0,0,0,0,0,0,0,1,0,0,1,0,0,0,1,0,0,1,0,0,0,0,1,0,0,0,0,0,0
R0513,4,3,3,2026-04-25 12:42:15,350000.0,Up,200000.0,200000.0,255000.0,365000.0,1,1,273333.3333333333,68597.05209085559,200000.0,365000.0,165000.0,-55000.0,-0.21568627450980393,-55000.0,-0.21568627450980393,Down,0,1,0,4,4,2,0,1,1,1,0,0,2,5,19,3.044522437723423,5,7,35,550782.7152777778,1,1,0,0,0,0,0,0,0,0,0,1,0,0,1,0,0,0,1,0,0,1,0,0,0,0,1,0,0,0,0,0,0
R0514,2,1,1,2026-05-09 12:55:38,16800.0,Down,18400.0,18400.0,0.0,0.0,0,0,18400.0,0.0,18400.0,18400.0,0.0,0.0,0.0,0.0,0.0,Stable,0,0,1,5,2,2,0,0,0,1,0,0,2,6,25,2.302585092994046,5,9,45,559306.0,0,1,0,0,0,0,0,0,0,0,0,1,0,1,1,0,0,1,0,0,0,1,0,0,0,0,1,0,0,0,1,1,1
R0514,3,2,2,2026-05-02 12:55:38,165000.0,Up,16800.0,16800.0,18400.0,0.0,1,0,17600.0,800.0,16800.0,18400.0,1600.0,-1600.0,-0.08695652173913043,-1600.0,-0.08695652173913043,Down,0,1,0,5,1,2,1,0,1,1,0,0,2,6,25,2.302585092994046,5,9,45,559306.0,0,1,0,0,0,0,0,0,0,0,0,1,0,1,1,0,0,1,0,0,0,1,0,0,0,0,1,0,0,0,1,1,0
R0514,4,3,3,2026-04-25 12:55:38,175000.0,Up,165000.0,165000.0,16800.0,18400.0,1,1,66733.33333333333,69488.09650260651,16800.0,165000.0,148200.0,148200.0,8.821428571428571,148200.0,8.821428571428571,Up,1,0,0,4,4,2,0,1,1,1,0,0,2,6,25,2.302585092994046,5,9,45,559306.0,0,1,0,0,0,0,0,0,0,0,0,1,0,1,1,0,0,1,0,0,0,1,0,0,0,0,1,0,0,0,1,1,2
R0515,2,1,1,2026-05-09 13:00:15,300000.0,Down,320000.0,320000.0,0.0,0.0,0,0,320000.0,0.0,320000.0,320000.0,0.0,0.0,0.0,0.0,0.0,Stable,0,0,1,5,2,2,0,0,0,1,0,0,0,0,28,2.995732273553991,5,6,30,518297.0,1,4,0,0,0,0,0,1,1,1,0,1,1,0,0,0,0,0,0,0,0,1,0,0,0,0,0,0,1,0,0,0,1
R0515,3,2,2,2026-05-02 13:00:15,220000.0,Down,300000.0,300000.0,320000.0,0.0,1,0,310000.0,10000.0,300000.0,320000.0,20000.0,-20000.0,-0.0625,-20000.0,-0.0625,Down,0,1,0,5,1,2,1,0,1,1,0,0,0,0,28,2.995732273553991,5,6,30,518297.0,1,4,0,0,0,0,0,1,1,1,0,1,1,0,0,0,0,0,0,0,0,1,0,0,0,0,0,0,1,0,0,0,0
R0515,4,3,3,2026-04-25 13:00:15,330000.0,Up,220000.0,220000.0,300000.0,320000.0,1,1,280000.0,43204.93798938573,220000.0,320000.0,100000.0,-80000.0,-0.26666666666666666,-80000.0,-0.26666666666666666,Down,0,1,0,4,4,2,0,1,1,1,0,0,0,0,28,2.995732273553991,5,6,30,518297.0,1,4,0,0,0,0,0,1,1,1,0,1,1,0,0,0,0,0,0,0,0,1,0,0,0,0,0,0,1,0,0,0,0
R0516,2,1,1,2026-05-09 13:04:57,120000.0,Down,150000.0,150000.0,0.0,0.0,0,0,150000.0,0.0,150000.0,150000.0,0.0,0.0,0.0,0.0,0.0,Stable,0,0,1,5,2,2,0,0,0,1,0,0,0,5,30,3.7612001156935624,5,3,15,550782.7152777778,1,0,0,0,0,1,0,1,1,1,0,1,0,0,0,0,1,0,1,0,0,1,0,0,0,0,0,0,0,1,0,0,1
R0516,3,2,2,2026-05-02 13:04:57,140000.0,Up,120000.0,120000.0,150000.0,0.0,1,0,135000.0,15000.0,120000.0,150000.0,30000.0,-30000.0,-0.2,-30000.0,-0.2,Down,0,1,0,5,1,2,1,0,1,1,0,0,0,5,30,3.7612001156935624,5,3,15,550782.7152777778,1,0,0,0,0,1,0,1,1,1,0,1,0,0,0,0,1,0,1,0,0,1,0,0,0,0,0,0,0,1,0,0,0
R0516,4,3,3,2026-04-25 13:04:57,125000.0,Down,140000.0,140000.0,120000.0,150000.0,1,1,136666.66666666666,12472.191289246472,120000.0,150000.0,30000.0,20000.0,0.16666666666666666,20000.0,0.16666666666666666,Up,1,0,0,4,4,2,0,1,1,1,0,0,0,5,30,3.7612001156935624,5,3,15,550782.7152777778,1,0,0,0,0,1,0,1,1,1,0,1,0,0,0,0,1,0,1,0,0,1,0,0,0,0,0,0,0,1,0,0,2
R0517,2,1,1,2026-05-09 13:13:10,700000.0,Up,30000.0,30000.0,0.0,0.0,0,0,30000.0,0.0,30000.0,30000.0,0.0,0.0,0.0,0.0,0.0,Stable,0,0,1,5,2,2,0,0,0,1,0,0,1,1,28,3.367295829986474,5,11,55,739240.8333333334,2,1,0,1,1,0,0,0,0,0,0,0,0,1,1,0,0,1,0,0,0,1,0,1,0,0,1,0,0,0,1,1,1
R0517,3,2,2,2026-05-02 13:13:10,460000.0,Down,700000.0,700000.0,30000.0,0.0,1,0,365000.0,335000.0,30000.0,700000.0,670000.0,670000.0,22.333333333333332,670000.0,22.333333333333332,Up,1,0,0,5,1,2,1,0,1,1,0,0,1,1,28,3.367295829986474,5,11,55,739240.8333333334,2,1,0,1,1,0,0,0,0,0,0,0,0,1,1,0,0,1,0,0,0,1,0,1,0,0,1,0,0,0,1,1,2
R0517,4,3,3,2026-04-25 13:13:10,30000.0,Down,460000.0,460000.0,700000.0,30000.0,1,1,396666.6666666667,277168.22007983207,30000.0,700000.0,670000.0,-240000.0,-0.34285714285714286,-240000.0,-0.34285714285714286,Down,0,1,0,4,4,2,0,1,1,1,0,0,1,1,28,3.367295829986474,5,11,55,739240.8333333334,2,1,0,1,1,0,0,0,0,0,0,0,0,1,1,0,0,1,0,0,0,1,0,1,0,0,1,0,0,0,1,1,0
R0518,2,1,1,2026-05-09 13:42:05,425000.0,Up,270000.0,270000.0,0.0,0.0,0,0,270000.0,0.0,270000.0,270000.0,0.0,0.0,0.0,0.0,0.0,Stable,0,0,1,5,2,2,0,0,0,1,0,0,0,5,25,3.4657359027997265,3,3,9,550782.7152777778,0,0,0,0,0,0,0,0,0,0,0,1,1,0,1,0,0,0,0,0,1,1,0,0,0,1,1,0,1,0,0,0,1
R0518,3,2,2,2026-05-02 13:42:05,370000.0,Down,425000.0,425000.0,270000.0,0.0,1,0,347500.0,77500.0,270000.0,425000.0,155000.0,155000.0,0.5740740740740741,155000.0,0.5740740740740741,Up,1,0,0,5,1,2,1,0,1,1,0,0,0,5,25,3.4657359027997265,3,3,9,550782.7152777778,0,0,0,0,0,0,0,0,0,0,0,1,1,0,1,0,0,0,0,0,1,1,0,0,0,1,1,0,1,0,0,0,2
R0518,4,3,3,2026-04-25 13:42:05,300000.0,Down,370000.0,370000.0,425000.0,270000.0,1,1,355000.0,64161.255183067195,270000.0,425000.0,155000.0,-55000.0,-0.12941176470588237,-55000.0,-0.12941176470588237,Down,0,1,0,4,4,2,0,1,1,1,0,0,0,5,25,3.4657359027997265,3,3,9,550782.7152777778,0,0,0,0,0,0,0,0,0,0,0,1,1,0,1,0,0,0,0,0,1,1,0,0,0,1,1,0,1,0,0,0,0
R0519,2,1,1,2026-05-09 14:27:29,540000.0,Stable,525000.0,525000.0,0.0,0.0,0,0,525000.0,0.0,525000.0,525000.0,0.0,0.0,0.0,0.0,0.0,Stable,0,0,1,5,2,2,0,0,0,1,0,0,2,2,26,3.6109179126442243,6,8,48,442180.75,0,1,0,0,0,0,0,0,0,0,0,1,0,1,1,0,0,1,0,0,0,1,0,0,0,0,1,0,0,0,1,1,1
R0519,3,2,2,2026-05-02 14:27:29,400000.0,Down,540000.0,540000.0,525000.0,0.0,1,0,532500.0,7500.0,525000.0,540000.0,15000.0,15000.0,0.02857142857142857,15000.0,0.02857142857142857,Stable,0,0,1,5,1,2,1,0,1,1,0,0,2,2,26,3.6109179126442243,6,8,48,442180.75,0,1,0,0,0,0,0,0,0,0,0,1,0,1,1,0,0,1,0,0,0,1,0,0,0,0,1,0,0,0,1,1,1
R0519,4,3,3,2026-04-25 14:27:29,525000.0,Up,400000.0,400000.0,540000.0,525000.0,1,1,488333.3333333333,62760.56794587577,400000.0,540000.0,140000.0,-140000.0,-0.25925925925925924,-140000.0,-0.25925925925925924,Down,0,1,0,4,4,2,0,1,1,1,0,0,2,2,26,3.6109179126442243,6,8,48,442180.75,0,1,0,0,0,0,0,0,0,0,0,1,0,1,1,0,0,1,0,0,0,1,0,0,0,0,1,0,0,0,1,1,0
R0520,2,1,1,2026-05-09 15:27:03,40000.0,Down,75000.0,75000.0,0.0,0.0,0,0,75000.0,0.0,75000.0,75000.0,0.0,0.0,0.0,0.0,0.0,Stable,0,0,1,5,2,2,0,0,0,1,0,0,0,0,32,2.5649493574615367,6,7,42,518297.0,0,1,0,0,0,0,0,1,1,1,0,0,0,0,1,0,0,0,0,0,0,1,0,1,0,1,1,0,0,0,0,0,1
R0520,3,2,2,2026-05-02 15:27:03,50000.0,Up,40000.0,40000.0,75000.0,0.0,1,0,57500.0,17500.0,40000.0,75000.0,35000.0,-35000.0,-0.4666666666666667,-35000.0,-0.4666666666666667,Down,0,1,0,5,1,2,1,0,1,1,0,0,0,0,32,2.5649493574615367,6,7,42,518297.0,0,1,0,0,0,0,0,1,1,1,0,0,0,0,1,0,0,0,0,0,0,1,0,1,0,1,1,0,0,0,0,0,0
R0520,4,3,3,2026-04-25 15:27:03,45000.0,Down,50000.0,50000.0,40000.0,75000.0,1,1,55000.0,14719.601443879745,40000.0,75000.0,35000.0,10000.0,0.25,10000.0,0.25,Up,1,0,0,4,4,2,0,1,1,1,0,0,0,0,32,2.5649493574615367,6,7,42,518297.0,0,1,0,0,0,0,0,1,1,1,0,0,0,0,1,0,0,0,0,0,0,1,0,1,0,1,1,0,0,0,0,0,2
R0521,2,1,1,2026-05-09 15:39:09,375000.0,Down,395000.0,395000.0,0.0,0.0,0,0,395000.0,0.0,395000.0,395000.0,0.0,0.0,0.0,0.0,0.0,Stable,0,0,1,5,2,2,0,0,0,1,0,0,0,5,25,4.007333185232471,5,6,30,550782.7152777778,1,3,1,0,0,0,0,0,0,0,0,0,0,0,1,0,0,0,0,0,0,1,0,0,0,0,1,0,0,0,0,0,1
R0521,3,2,2,2026-05-02 15:39:09,425000.0,Up,375000.0,375000.0,395000.0,0.0,1,0,385000.0,10000.0,375000.0,395000.0,20000.0,-20000.0,-0.05063291139240506,-20000.0,-0.05063291139240506,Down,0,1,0,5,1,2,1,0,1,1,0,0,0,5,25,4.007333185232471,5,6,30,550782.7152777778,1,3,1,0,0,0,0,0,0,0,0,0,0,0,1,0,0,0,0,0,0,1,0,0,0,0,1,0,0,0,0,0,0
R0521,4,3,3,2026-04-25 15:39:09,400000.0,Down,425000.0,425000.0,375000.0,395000.0,1,1,398333.3333333333,20548.046676563252,375000.0,425000.0,50000.0,50000.0,0.13333333333333333,50000.0,0.13333333333333333,Up,1,0,0,4,4,2,0,1,1,1,0,0,0,5,25,4.007333185232471,5,6,30,550782.7152777778,1,3,1,0,0,0,0,0,0,0,0,0,0,0,1,0,0,0,0,0,0,1,0,0,0,0,1,0,0,0,0,0,2
R0522,2,1,1,2026-05-09 16:06:43,650000.0,Down,700000.0,700000.0,0.0,0.0,0,0,700000.0,0.0,700000.0,700000.0,0.0,0.0,0.0,0.0,0.0,Stable,0,0,1,5,2,2,0,0,0,1,0,0,0,7,26,2.302585092994046,7,7,49,517481.9375,1,1,0,0,0,0,0,1,0,0,0,0,0,1,0,0,0,0,0,0,1,1,0,0,0,0,0,0,0,0,0,1,1
R0522,3,2,2,2026-05-02 16:06:43,695000.0,Up,650000.0,650000.0,700000.0,0.0,1,0,675000.0,25000.0,650000.0,700000.0,50000.0,-50000.0,-0.07142857142857142,-50000.0,-0.07142857142857142,Down,0,1,0,5,1,2,1,0,1,1,0,0,0,7,26,2.302585092994046,7,7,49,517481.9375,1,1,0,0,0,0,0,1,0,0,0,0,0,1,0,0,0,0,0,0,1,1,0,0,0,0,0,0,0,0,0,1,0
R0522,4,3,3,2026-04-25 16:06:43,650000.0,Down,695000.0,695000.0,650000.0,700000.0,1,1,681666.6666666666,22484.562605386738,650000.0,700000.0,50000.0,45000.0,0.06923076923076923,45000.0,0.06923076923076923,Up,1,0,0,4,4,2,0,1,1,1,0,0,0,7,26,2.302585092994046,7,7,49,517481.9375,1,1,0,0,0,0,0,1,0,0,0,0,0,1,0,0,0,0,0,0,1,1,0,0,0,0,0,0,0,0,0,1,2
R0523,2,1,1,2026-05-09 17:01:48,715000.0,Up,600000.0,600000.0,0.0,0.0,0,0,600000.0,0.0,600000.0,600000.0,0.0,0.0,0.0,0.0,0.0,Stable,0,0,1,5,2,2,0,0,0,1,0,0,0,0,20,2.833213344056216,7,8,56,518297.0,2,2,0,0,0,0,0,1,0,0,0,0,0,1,0,1,0,0,0,0,0,1,0,0,0,0,0,1,0,0,0,1,1
R0523,3,2,2,2026-05-02 17:01:48,670000.0,Down,715000.0,715000.0,600000.0,0.0,1,0,657500.0,57500.0,600000.0,715000.0,115000.0,115000.0,0.19166666666666668,115000.0,0.19166666666666668,Up,1,0,0,5,1,2,1,0,1,1,0,0,0,0,20,2.833213344056216,7,8,56,518297.0,2,2,0,0,0,0,0,1,0,0,0,0,0,1,0,1,0,0,0,0,0,1,0,0,0,0,0,1,0,0,0,1,2
R0523,4,3,3,2026-04-25 17:01:48,540000.0,Down,670000.0,670000.0,715000.0,600000.0,1,1,661666.6666666666,47316.8985552613,600000.0,715000.0,115000.0,-45000.0,-0.06293706293706294,-45000.0,-0.06293706293706294,Down,0,1,0,4,4,2,0,1,1,1,0,0,0,0,20,2.833213344056216,7,8,56,518297.0,2,2,0,0,0,0,0,1,0,0,0,0,0,1,0,1,0,0,0,0,0,1,0,0,0,0,0,1,0,0,0,1,0
R0524,2,1,1,2026-05-09 18:14:03,200000.0,Down,220000.0,220000.0,0.0,0.0,0,0,220000.0,0.0,220000.0,220000.0,0.0,0.0,0.0,0.0,0.0,Stable,0,0,1,5,2,2,0,0,0,1,0,0,0,1,17,3.1354942159291497,6,4,24,739240.8333333334,0,1,1,0,0,1,0,0,1,0,0,0,1,0,0,0,0,0,0,0,0,1,0,0,0,1,0,0,1,0,0,0,1
R0524,3,2,2,2026-05-02 18:14:03,10000.0,Down,200000.0,200000.0,220000.0,0.0,1,0,210000.0,10000.0,200000.0,220000.0,20000.0,-20000.0,-0.09090909090909091,-20000.0,-0.09090909090909091,Down,0,1,0,5,1,2,1,0,1,1,0,0,0,1,17,3.1354942159291497,6,4,24,739240.8333333334,0,1,1,0,0,1,0,0,1,0,0,0,1,0,0,0,0,0,0,0,0,1,0,0,0,1,0,0,1,0,0,0,0
R0524,4,3,3,2026-04-25 18:14:03,200000.0,Up,10000.0,10000.0,200000.0,220000.0,1,1,143333.33333333334,94633.7971105226,10000.0,220000.0,210000.0,-190000.0,-0.95,-190000.0,-0.95,Down,0,1,0,4,4,2,0,1,1,1,0,0,0,1,17,3.1354942159291497,6,4,24,739240.8333333334,0,1,1,0,0,1,0,0,1,0,0,0,1,0,0,0,0,0,0,0,0,1,0,0,0,1,0,0,1,0,0,0,0
R0525,2,1,1,2026-05-09 19:01:50,175000.0,Down,300000.0,300000.0,0.0,0.0,0,0,300000.0,0.0,300000.0,300000.0,0.0,0.0,0.0,0.0,0.0,Stable,0,0,1,5,2,2,0,0,0,1,0,0,2,0,22,2.833213344056216,5,6,30,518297.0,2,4,0,0,0,0,0,0,0,0,0,1,0,1,0,0,0,0,1,0,1,1,0,0,0,0,0,0,0,0,0,1,1
R0525,3,2,2,2026-05-02 19:01:50,260000.0,Up,175000.0,175000.0,300000.0,0.0,1,0,237500.0,62500.0,175000.0,300000.0,125000.0,-125000.0,-0.4166666666666667,-125000.0,-0.4166666666666667,Down,0,1,0,5,1,2,1,0,1,1,0,0,2,0,22,2.833213344056216,5,6,30,518297.0,2,4,0,0,0,0,0,0,0,0,0,1,0,1,0,0,0,0,1,0,1,1,0,0,0,0,0,0,0,0,0,1,0
R0525,4,3,3,2026-04-25 19:01:50,450000.0,Up,260000.0,260000.0,175000.0,300000.0,1,1,245000.0,52121.652570372964,175000.0,300000.0,125000.0,85000.0,0.4857142857142857,85000.0,0.4857142857142857,Up,1,0,0,4,4,2,0,1,1,1,0,0,2,0,22,2.833213344056216,5,6,30,518297.0,2,4,0,0,0,0,0,0,0,0,0,1,0,1,0,0,0,0,1,0,1,1,0,0,0,0,0,0,0,0,0,1,2
R0526,2,1,1,2026-05-09 19:33:07,760000.0,Down,850000.0,850000.0,0.0,0.0,0,0,850000.0,0.0,850000.0,850000.0,0.0,0.0,0.0,0.0,0.0,Stable,0,0,1,5,2,2,0,0,0,1,0,0,0,5,38,3.091042453358316,6,4,24,550782.7152777778,2,0,0,0,0,0,0,1,1,1,0,0,1,0,0,0,0,1,0,0,0,1,0,1,0,0,0,0,1,0,1,0,1
R0526,3,2,2,2026-05-02 19:33:07,850000.0,Up,760000.0,760000.0,850000.0,0.0,1,0,805000.0,45000.0,760000.0,850000.0,90000.0,-90000.0,-0.10588235294117647,-90000.0,-0.10588235294117647,Down,0,1,0,5,1,2,1,0,1,1,0,0,0,5,38,3.091042453358316,6,4,24,550782.7152777778,2,0,0,0,0,0,0,1,1,1,0,0,1,0,0,0,0,1,0,0,0,1,0,1,0,0,0,0,1,0,1,0,0
R0526,4,3,3,2026-04-25 19:33:07,705000.0,Down,850000.0,850000.0,760000.0,850000.0,1,1,820000.0,42426.40687119285,760000.0,850000.0,90000.0,90000.0,0.11842105263157894,90000.0,0.11842105263157894,Up,1,0,0,4,4,2,0,1,1,1,0,0,0,5,38,3.091042453358316,6,4,24,550782.7152777778,2,0,0,0,0,0,0,1,1,1,0,0,1,0,0,0,0,1,0,0,0,1,0,1,0,0,0,0,1,0,1,0,2
R0527,2,1,1,2026-05-09 20:18:55,605000.0,Down,640000.0,640000.0,0.0,0.0,0,0,640000.0,0.0,640000.0,640000.0,0.0,0.0,0.0,0.0,0.0,Stable,0,0,1,5,2,2,0,0,0,1,0,0,1,2,34,4.007333185232471,7,10,70,442180.75,1,4,0,1,0,0,0,0,0,0,0,0,0,1,0,0,0,1,0,1,1,1,0,0,0,0,0,0,0,0,1,1,1
R0527,3,2,2,2026-05-02 20:18:55,570000.0,Down,605000.0,605000.0,640000.0,0.0,1,0,622500.0,17500.0,605000.0,640000.0,35000.0,-35000.0,-0.0546875,-35000.0,-0.0546875,Down,0,1,0,5,1,2,1,0,1,1,0,0,1,2,34,4.007333185232471,7,10,70,442180.75,1,4,0,1,0,0,0,0,0,0,0,0,0,1,0,0,0,1,0,1,1,1,0,0,0,0,0,0,0,0,1,1,0
R0527,4,3,3,2026-04-25 20:18:55,660000.0,Up,570000.0,570000.0,605000.0,640000.0,1,1,605000.0,28577.38033247041,570000.0,640000.0,70000.0,-35000.0,-0.05785123966942149,-35000.0,-0.05785123966942149,Down,0,1,0,4,4,2,0,1,1,1,0,0,1,2,34,4.007333185232471,7,10,70,442180.75,1,4,0,1,0,0,0,0,0,0,0,0,0,1,0,0,0,1,0,1,1,1,0,0,0,0,0,0,0,0,1,1,0
R0528,2,1,1,2026-05-09 20:44:19,300000.0,Stable,300000.0,300000.0,0.0,0.0,0,0,300000.0,0.0,300000.0,300000.0,0.0,0.0,0.0,0.0,0.0,Stable,0,0,1,5,2,2,0,0,0,1,0,0,2,1,31,2.0794415416798357,5,6,30,739240.8333333334,0,1,0,0,0,0,0,0,0,0,0,1,0,1,1,0,0,1,0,0,0,1,0,0,0,0,1,0,0,0,1,1,1
R0528,3,2,2,2026-05-02 20:44:19,295000.0,Stable,300000.0,300000.0,300000.0,0.0,1,0,300000.0,0.0,300000.0,300000.0,0.0,0.0,0.0,0.0,0.0,Stable,0,0,1,5,1,2,1,0,1,1,0,0,2,1,31,2.0794415416798357,5,6,30,739240.8333333334,0,1,0,0,0,0,0,0,0,0,0,1,0,1,1,0,0,1,0,0,0,1,0,0,0,0,1,0,0,0,1,1,1
R0528,4,3,3,2026-04-25 20:44:19,300000.0,Stable,295000.0,295000.0,300000.0,300000.0,1,1,298333.3333333333,2357.0226039551585,295000.0,300000.0,5000.0,-5000.0,-0.016666666666666666,-5000.0,-0.016666666666666666,Stable,0,0,1,4,4,2,0,1,1,1,0,0,2,1,31,2.0794415416798357,5,6,30,739240.8333333334,0,1,0,0,0,0,0,0,0,0,0,1,0,1,1,0,0,1,0,0,0,1,0,0,0,0,1,0,0,0,1,1,1
R0529,2,1,1,2026-05-09 20:51:34,575000.0,Down,625000.0,625000.0,0.0,0.0,0,0,625000.0,0.0,625000.0,625000.0,0.0,0.0,0.0,0.0,0.0,Stable,0,0,1,5,2,2,0,0,0,1,0,0,0,5,32,3.091042453358316,7,7,49,550782.7152777778,1,1,0,0,0,0,0,1,0,0,0,0,0,1,1,0,1,0,0,1,1,1,0,0,0,0,1,0,0,1,0,1,1
R0529,3,2,2,2026-05-02 20:51:34,575000.0,Stable,575000.0,575000.0,625000.0,0.0,1,0,600000.0,25000.0,575000.0,625000.0,50000.0,-50000.0,-0.08,-50000.0,-0.08,Down,0,1,0,5,1,2,1,0,1,1,0,0,0,5,32,3.091042453358316,7,7,49,550782.7152777778,1,1,0,0,0,0,0,1,0,0,0,0,0,1,1,0,1,0,0,1,1,1,0,0,0,0,1,0,0,1,0,1,0
R0529,4,3,3,2026-04-25 20:51:34,640000.0,Up,575000.0,575000.0,575000.0,625000.0,1,1,591666.6666666666,23570.226039551584,575000.0,625000.0,50000.0,0.0,0.0,0.0,0.0,Stable,0,0,1,4,4,2,0,1,1,1,0,0,0,5,32,3.091042453358316,7,7,49,550782.7152777778,1,1,0,0,0,0,0,1,0,0,0,0,0,1,1,0,1,0,0,1,1,1,0,0,0,0,1,0,0,1,0,1,1
R0530,2,1,1,2026-05-09 21:12:41,270000.0,Up,230000.0,230000.0,0.0,0.0,0,0,230000.0,0.0,230000.0,230000.0,0.0,0.0,0.0,0.0,0.0,Stable,0,0,1,5,2,2,0,0,0,1,0,0,0,2,28,3.091042453358316,5,7,35,442180.75,2,1,0,0,0,1,0,0,1,0,0,1,0,1,0,0,0,0,0,0,0,1,0,1,0,0,0,0,0,0,0,1,1
R0530,3,2,2,2026-05-02 21:12:41,250000.0,Down,270000.0,270000.0,230000.0,0.0,1,0,250000.0,20000.0,230000.0,270000.0,40000.0,40000.0,0.17391304347826086,40000.0,0.17391304347826086,Up,1,0,0,5,1,2,1,0,1,1,0,0,0,2,28,3.091042453358316,5,7,35,442180.75,2,1,0,0,0,1,0,0,1,0,0,1,0,1,0,0,0,0,0,0,0,1,0,1,0,0,0,0,0,0,0,1,2
R0530,4,3,3,2026-04-25 21:12:41,250000.0,Stable,250000.0,250000.0,270000.0,230000.0,1,1,250000.0,16329.93161855452,230000.0,270000.0,40000.0,-20000.0,-0.07407407407407407,-20000.0,-0.07407407407407407,Down,0,1,0,4,4,2,0,1,1,1,0,0,0,2,28,3.091042453358316,5,7,35,442180.75,2,1,0,0,0,1,0,0,1,0,0,1,0,1,0,0,0,0,0,0,0,1,0,1,0,0,0,0,0,0,0,1,0
R0531,2,1,1,2026-05-09 21:27:48,150000.0,Stable,150000.0,150000.0,0.0,0.0,0,0,150000.0,0.0,150000.0,150000.0,0.0,0.0,0.0,0.0,0.0,Stable,0,0,1,5,2,2,0,0,0,1,0,0,0,6,20,2.70805020110221,4,6,24,559306.0,1,3,0,0,0,0,0,0,0,0,0,1,0,1,0,1,0,1,0,0,0,1,0,1,0,1,0,1,0,0,1,1,1
R0531,3,2,2,2026-05-02 21:27:48,360000.0,Up,150000.0,150000.0,150000.0,0.0,1,0,150000.0,0.0,150000.0,150000.0,0.0,0.0,0.0,0.0,0.0,Stable,0,0,1,5,1,2,1,0,1,1,0,0,0,6,20,2.70805020110221,4,6,24,559306.0,1,3,0,0,0,0,0,0,0,0,0,1,0,1,0,1,0,1,0,0,0,1,0,1,0,1,0,1,0,0,1,1,1
R0531,4,3,3,2026-04-25 21:27:48,140000.0,Down,360000.0,360000.0,150000.0,150000.0,1,1,220000.0,98994.94936611665,150000.0,360000.0,210000.0,210000.0,1.4,210000.0,1.4,Up,1,0,0,4,4,2,0,1,1,1,0,0,0,6,20,2.70805020110221,4,6,24,559306.0,1,3,0,0,0,0,0,0,0,0,0,1,0,1,0,1,0,1,0,0,0,1,0,1,0,1,0,1,0,0,1,1,2
R0532,2,1,1,2026-05-09 21:34:18,700000.0,Up,320000.0,320000.0,0.0,0.0,0,0,320000.0,0.0,320000.0,320000.0,0.0,0.0,0.0,0.0,0.0,Stable,0,0,1,5,2,2,0,0,0,1,0,0,0,1,23,3.2188758248682006,2,4,8,739240.8333333334,0,2,0,0,0,1,0,0,1,0,0,1,1,1,1,0,0,0,0,0,0,1,0,0,0,0,1,0,1,0,0,1,1
R0532,3,2,2,2026-05-02 21:34:18,200000.0,Down,700000.0,700000.0,320000.0,0.0,1,0,510000.0,190000.0,320000.0,700000.0,380000.0,380000.0,1.1875,380000.0,1.1875,Up,1,0,0,5,1,2,1,0,1,1,0,0,0,1,23,3.2188758248682006,2,4,8,739240.8333333334,0,2,0,0,0,1,0,0,1,0,0,1,1,1,1,0,0,0,0,0,0,1,0,0,0,0,1,0,1,0,0,1,2
R0532,4,3,3,2026-04-25 21:34:18,575000.0,Up,200000.0,200000.0,700000.0,320000.0,1,1,406666.6666666667,213124.89817527708,200000.0,700000.0,500000.0,-500000.0,-0.7142857142857143,-500000.0,-0.7142857142857143,Down,0,1,0,4,4,2,0,1,1,1,0,0,0,1,23,3.2188758248682006,2,4,8,739240.8333333334,0,2,0,0,0,1,0,0,1,0,0,1,1,1,1,0,0,0,0,0,0,1,0,0,0,0,1,0,1,0,0,1,0
R0533,2,1,1,2026-05-09 21:37:57,525000.0,Stable,525000.0,525000.0,0.0,0.0,0,0,525000.0,0.0,525000.0,525000.0,0.0,0.0,0.0,0.0,0.0,Stable,0,0,1,5,2,2,0,0,0,1,0,0,0,1,30,3.1354942159291497,6,8,48,739240.8333333334,2,1,0,1,0,0,0,1,0,0,0,0,0,1,0,0,0,0,0,0,0,1,0,1,0,0,0,0,0,0,0,1,1
R0533,3,2,2,2026-05-02 21:37:57,625000.0,Up,525000.0,525000.0,525000.0,0.0,1,0,525000.0,0.0,525000.0,525000.0,0.0,0.0,0.0,0.0,0.0,Stable,0,0,1,5,1,2,1,0,1,1,0,0,0,1,30,3.1354942159291497,6,8,48,739240.8333333334,2,1,0,1,0,0,0,1,0,0,0,0,0,1,0,0,0,0,0,0,0,1,0,1,0,0,0,0,0,0,0,1,1
R0533,4,3,3,2026-04-25 21:37:57,600000.0,Stable,625000.0,625000.0,525000.0,525000.0,1,1,558333.3333333334,47140.45207910316,525000.0,625000.0,100000.0,100000.0,0.19047619047619047,100000.0,0.19047619047619047,Up,1,0,0,4,4,2,0,1,1,1,0,0,0,1,30,3.1354942159291497,6,8,48,739240.8333333334,2,1,0,1,0,0,0,1,0,0,0,0,0,1,0,0,0,0,0,0,0,1,0,1,0,0,0,0,0,0,0,1,2
R0534,2,1,1,2026-05-09 23:44:29,260000.0,Up,240000.0,240000.0,0.0,0.0,0,0,240000.0,0.0,240000.0,240000.0,0.0,0.0,0.0,0.0,0.0,Stable,0,0,1,5,2,2,0,0,0,1,0,0,0,3,18,3.6635616461296463,6,6,36,460955.5,1,4,0,0,0,1,0,1,1,1,0,1,1,0,0,0,1,0,0,0,0,1,0,0,0,0,0,0,1,1,0,0,1
R0534,3,2,2,2026-05-02 23:44:29,270000.0,Stable,260000.0,260000.0,240000.0,0.0,1,0,250000.0,10000.0,240000.0,260000.0,20000.0,20000.0,0.08333333333333333,20000.0,0.08333333333333333,Up,1,0,0,5,1,2,1,0,1,1,0,0,0,3,18,3.6635616461296463,6,6,36,460955.5,1,4,0,0,0,1,0,1,1,1,0,1,1,0,0,0,1,0,0,0,0,1,0,0,0,0,0,0,1,1,0,0,2
R0534,4,3,3,2026-04-25 23:44:29,190000.0,Down,270000.0,270000.0,260000.0,240000.0,1,1,256666.66666666666,12472.191289246472,240000.0,270000.0,30000.0,10000.0,0.038461538461538464,10000.0,0.038461538461538464,Stable,0,0,1,4,4,2,0,1,1,1,0,0,0,3,18,3.6635616461296463,6,6,36,460955.5,1,4,0,0,0,1,0,1,1,1,0,1,1,0,0,0,1,0,0,0,0,1,0,0,0,0,0,0,1,1,0,0,1
