respondent_id,dataset_type,target_week,current_week,weeks_observed,target_date,next_week_income,next_week_direction,current_income,lag_1_income,lag_2_income,lag_3_income,has_lag_2,has_lag_3,rolling_mean_income,rolling_std_income,rolling_min_income,rolling_max_income,rolling_range_income,income_trend_abs,income_trend_pct,last_income_change_abs,last_income_change_pct,previous_direction,is_previous_week_up,is_previous_week_down,is_previous_week_stable,lag_ratio_1_to_mean,volatility_ratio,is_income_above_recent_avg,income_momentum,income_momentum_pct,rolling_cv,rolling_median_income,rolling_last_vs_median_pct,target_month,target_week_of_month,target_quarter,target_is_month_start,target_is_month_end,target_is_payday_period,target_is_weekend,target_is_christmas_year_end,target_is_new_year,usia,gig_type_enc,domisili_code_enc,experience_months_log,hari_kerja_per_minggu,jam_kerja_per_hari,total_jam_seminggu,bps_jasa_weekly,status_income,peak_week,src_fiverr,src_gojek,src_grab,src_instagram,src_langsung,src_shopee,src_tiktok,src_tokopedia,src_upwork,src_whatsapp,ramai_akhir_bulan_gajian,ramai_akhir_pekan,ramai_awal_bulan,ramai_harbolnas_flashsale,ramai_promo_aplikasi,ramai_ramadan_lebaran,fluk_akhir_pekan_hari_libur,fluk_cuaca,fluk_jam_kerja,fluk_jumlah_pesanan_project,fluk_kondisi_fisik,fluk_promo_aplikasi,fluk_rating_ulasan,fluk_tanggal_gajian_akhir_bulan,pref_awal_bulan,pref_harbolnas,pref_payday,pref_promo_aplikasi,pref_ramadan_lebaran,pref_weekend,gig_jualan_online,gig_pekerja_harian,gig_freelance_desain,gig_ojek_online,gig_kurir,gig_freelance_it,gig_tutor,gig_content_creator,previous_direction_enc
R0000,real_4w,2,1,1,2026-04-26 00:49:49,275000.0,Up,150000.0,150000.0,0.0,0.0,0,0,150000.0,0.0,150000.0,150000.0,0.0,0.0,0.0,0.0,0.0,Stable,0,0,1,1.0,0.0,0,0.0,0.0,0.0,150000.0,0.0,4,4,2,0,1,1,1,0,0,26,6,5,2.995732273553991,7,7,49,460955.5,2,4,0,0,0,0,0,0,0,0,0,1,0,1,0,0,0,1,1,0,0,1,1,0,0,0,0,0,0,0,1,1,0,1,0,0,0,0,0,0,1
R0000,real_4w,3,2,2,2026-04-19 00:49:49,270000.0,Stable,275000.0,275000.0,150000.0,0.0,1,0,212500.0,62500.0,150000.0,275000.0,125000.0,125000.0,0.8333333333333334,125000.0,0.8333333333333334,Up,1,0,0,1.2941176470588236,0.29411764705882354,1,125000.0,0.8333333333333334,0.29411764705882354,212500.0,0.29411764705882354,4,3,2,0,0,0,1,0,0,26,6,5,2.995732273553991,7,7,49,460955.5,2,4,0,0,0,0,0,0,0,0,0,1,0,1,0,0,0,1,1,0,0,1,1,0,0,0,0,0,0,0,1,1,0,1,0,0,0,0,0,0,2
R0000,real_4w,4,3,3,2026-04-12 00:49:49,335000.0,Up,270000.0,270000.0,275000.0,150000.0,1,1,231666.66666666666,57783.119411199055,150000.0,275000.0,125000.0,-5000.0,-0.01818181818181818,-5000.0,-0.01818181818181818,Stable,0,0,1,1.1654676258992807,0.2494235370267585,1,-5000.0,-0.01818181818181818,0.2494235370267585,270000.0,0.0,4,2,2,0,0,0,1,0,0,26,6,5,2.995732273553991,7,7,49,460955.5,2,4,0,0,0,0,0,0,0,0,0,1,0,1,0,0,0,1,1,0,0,1,1,0,0,0,0,0,0,0,1,1,0,1,0,0,0,0,0,0,1
R0001,real_4w,2,1,1,2026-04-26 01:06:28,16800.0,Down,300000.0,300000.0,0.0,0.0,0,0,300000.0,0.0,300000.0,300000.0,0.0,0.0,0.0,0.0,0.0,Stable,0,0,1,1.0,0.0,0,0.0,0.0,0.0,300000.0,0.0,4,4,2,0,1,1,1,0,0,26,5,1,4.290459441148391,6,7,42,518297.0,0,4,0,1,0,0,0,0,0,0,0,0,0,0,0,0,0,1,0,0,1,1,0,0,0,0,0,0,0,0,1,0,0,0,0,1,0,0,0,0,1
R0001,real_4w,3,2,2,2026-04-19 01:06:28,325000.0,Up,16800.0,16800.0,300000.0,0.0,1,0,158400.0,141600.0,16800.0,300000.0,283200.0,-283200.0,-0.944,-283200.0,-0.944,Down,0,1,0,0.10606060606060606,0.8939393939393939,0,-283200.0,-0.944,0.8939393939393939,158400.0,-0.8939393939393939,4,3,2,0,0,0,1,0,0,26,5,1,4.290459441148391,6,7,42,518297.0,0,4,0,1,0,0,0,0,0,0,0,0,0,0,0,0,0,1,0,0,1,1,0,0,0,0,0,0,0,0,1,0,0,0,0,1,0,0,0,0,0
R0001,real_4w,4,3,3,2026-04-12 01:06:28,330000.0,Stable,325000.0,325000.0,16800.0,300000.0,1,1,213933.33333333334,139767.45766530285,16800.0,325000.0,308200.0,308200.0,18.345238095238095,308200.0,18.345238095238095,Up,1,0,0,1.519164848862574,0.6533224883077415,1,308200.0,18.345238095238095,0.6533224883077415,300000.0,0.08333333333333333,4,2,2,0,0,0,1,0,0,26,5,1,4.290459441148391,6,7,42,518297.0,0,4,0,1,0,0,0,0,0,0,0,0,0,0,0,0,0,1,0,0,1,1,0,0,0,0,0,0,0,0,1,0,0,0,0,1,0,0,0,0,2
R0002,real_4w,2,1,1,2026-04-26 04:11:27,360000.0,Down,550000.0,550000.0,0.0,0.0,0,0,550000.0,0.0,550000.0,550000.0,0.0,0.0,0.0,0.0,0.0,Stable,0,0,1,1.0,0.0,0,0.0,0.0,0.0,550000.0,0.0,4,4,2,0,1,1,1,0,0,36,5,1,3.044522437723423,7,11,77,518297.0,1,3,0,1,0,0,0,0,0,0,0,0,0,1,0,0,0,0,0,0,0,1,0,0,0,0,0,0,0,0,0,1,0,0,0,1,0,0,0,0,1
R0002,real_4w,3,2,2,2026-04-19 04:11:27,760000.0,Up,360000.0,360000.0,550000.0,0.0,1,0,455000.0,95000.0,360000.0,550000.0,190000.0,-190000.0,-0.34545454545454546,-190000.0,-0.34545454545454546,Down,0,1,0,0.7912087912087912,0.2087912087912088,0,-190000.0,-0.34545454545454546,0.2087912087912088,455000.0,-0.2087912087912088,4,3,2,0,0,0,1,0,0,36,5,1,3.044522437723423,7,11,77,518297.0,1,3,0,1,0,0,0,0,0,0,0,0,0,1,0,0,0,0,0,0,0,1,0,0,0,0,0,0,0,0,0,1,0,0,0,1,0,0,0,0,0
R0002,real_4w,4,3,3,2026-04-12 04:11:27,325000.0,Down,760000.0,760000.0,360000.0,550000.0,1,1,556666.6666666666,163367.3433979046,360000.0,760000.0,400000.0,400000.0,1.1111111111111112,400000.0,1.1111111111111112,Up,1,0,0,1.3652694610778444,0.2934742695770741,1,400000.0,1.1111111111111112,0.2934742695770741,550000.0,0.38181818181818183,4,2,2,0,0,0,1,0,0,36,5,1,3.044522437723423,7,11,77,518297.0,1,3,0,1,0,0,0,0,0,0,0,0,0,1,0,0,0,0,0,0,0,1,0,0,0,0,0,0,0,0,0,1,0,0,0,1,0,0,0,0,2
R0003,real_4w,2,1,1,2026-04-26 05:55:08,120000.0,Down,210000.0,210000.0,0.0,0.0,0,0,210000.0,0.0,210000.0,210000.0,0.0,0.0,0.0,0.0,0.0,Stable,0,0,1,1.0,0.0,0,0.0,0.0,0.0,210000.0,0.0,4,4,2,0,1,1,1,0,0,22,7,5,1.3862943611198906,3,3,9,460955.5,2,0,0,0,0,1,0,0,1,0,0,1,0,1,1,0,0,0,0,0,1,1,0,0,0,0,1,0,0,0,0,1,0,0,0,0,0,0,1,0,1
R0003,real_4w,3,2,2,2026-04-19 05:55:08,150000.0,Up,120000.0,120000.0,210000.0,0.0,1,0,165000.0,45000.0,120000.0,210000.0,90000.0,-90000.0,-0.42857142857142855,-90000.0,-0.42857142857142855,Down,0,1,0,0.7272727272727273,0.2727272727272727,0,-90000.0,-0.42857142857142855,0.2727272727272727,165000.0,-0.2727272727272727,4,3,2,0,0,0,1,0,0,22,7,5,1.3862943611198906,3,3,9,460955.5,2,0,0,0,0,1,0,0,1,0,0,1,0,1,1,0,0,0,0,0,1,1,0,0,0,0,1,0,0,0,0,1,0,0,0,0,0,0,1,0,0
R0003,real_4w,4,3,3,2026-04-12 05:55:08,120000.0,Down,150000.0,150000.0,120000.0,210000.0,1,1,160000.0,37416.57386773941,120000.0,210000.0,90000.0,30000.0,0.25,30000.0,0.25,Up,1,0,0,0.9375,0.2338535866733713,0,30000.0,0.25,0.2338535866733713,150000.0,0.0,4,2,2,0,0,0,1,0,0,22,7,5,1.3862943611198906,3,3,9,460955.5,2,0,0,0,0,1,0,0,1,0,0,1,0,1,1,0,0,0,0,0,1,1,0,0,0,0,1,0,0,0,0,1,0,0,0,0,0,0,1,0,2
R0004,real_4w,2,1,1,2026-04-26 06:48:27,335000.0,Down,400000.0,400000.0,0.0,0.0,0,0,400000.0,0.0,400000.0,400000.0,0.0,0.0,0.0,0.0,0.0,Stable,0,0,1,1.0,0.0,0,0.0,0.0,0.0,400000.0,0.0,4,4,2,0,1,1,1,0,0,41,6,5,2.70805020110221,5,9,45,460955.5,1,3,0,0,0,0,0,0,0,0,0,1,0,1,1,0,0,1,1,0,0,1,0,0,0,0,1,0,0,0,1,1,0,1,0,0,0,0,0,0,1
R0004,real_4w,3,2,2,2026-04-19 06:48:27,440000.0,Up,335000.0,335000.0,400000.0,0.0,1,0,367500.0,32500.0,335000.0,400000.0,65000.0,-65000.0,-0.1625,-65000.0,-0.1625,Down,0,1,0,0.9115646258503401,0.08843537414965986,0,-65000.0,-0.1625,0.08843537414965986,367500.0,-0.08843537414965986,4,3,2,0,0,0,1,0,0,41,6,5,2.70805020110221,5,9,45,460955.5,1,3,0,0,0,0,0,0,0,0,0,1,0,1,1,0,0,1,1,0,0,1,0,0,0,0,1,0,0,0,1,1,0,1,0,0,0,0,0,0,0
R0004,real_4w,4,3,3,2026-04-12 06:48:27,300000.0,Down,440000.0,440000.0,335000.0,400000.0,1,1,391666.6666666667,43269.1832858239,335000.0,440000.0,105000.0,105000.0,0.31343283582089554,105000.0,0.31343283582089554,Up,1,0,0,1.1234042553191488,0.11047451051699718,1,105000.0,0.31343283582089554,0.11047451051699718,400000.0,0.1,4,2,2,0,0,0,1,0,0,41,6,5,2.70805020110221,5,9,45,460955.5,1,3,0,0,0,0,0,0,0,0,0,1,0,1,1,0,0,1,1,0,0,1,0,0,0,0,1,0,0,0,1,1,0,1,0,0,0,0,0,0,2
R0005,real_4w,2,1,1,2026-04-26 07:05:10,650000.0,Down,840000.0,840000.0,0.0,0.0,0,0,840000.0,0.0,840000.0,840000.0,0.0,0.0,0.0,0.0,0.0,Stable,0,0,1,1.0,0.0,0,0.0,0.0,0.0,840000.0,0.0,4,4,2,0,1,1,1,0,0,30,3,7,2.995732273553991,5,6,30,559306.0,1,0,0,0,0,1,0,0,1,0,0,1,1,0,1,0,1,0,1,0,0,1,0,0,0,1,1,0,1,1,0,0,1,0,0,0,0,0,0,0,1
R0005,real_4w,3,2,2,2026-04-19 07:05:10,800000.0,Up,650000.0,650000.0,840000.0,0.0,1,0,745000.0,95000.0,650000.0,840000.0,190000.0,-190000.0,-0.2261904761904762,-190000.0,-0.2261904761904762,Down,0,1,0,0.87248322147651,0.12751677852348994,0,-190000.0,-0.2261904761904762,0.12751677852348994,745000.0,-0.12751677852348994,4,3,2,0,0,0,1,0,0,30,3,7,2.995732273553991,5,6,30,559306.0,1,0,0,0,0,1,0,0,1,0,0,1,1,0,1,0,1,0,1,0,0,1,0,0,0,1,1,0,1,1,0,0,1,0,0,0,0,0,0,0,0
R0005,real_4w,4,3,3,2026-04-12 07:05:10,400000.0,Down,800000.0,800000.0,650000.0,840000.0,1,1,763333.3333333334,81785.62764256865,650000.0,840000.0,190000.0,150000.0,0.23076923076923078,150000.0,0.23076923076923078,Up,1,0,0,1.0480349344978166,0.10714274363655281,1,150000.0,0.23076923076923078,0.10714274363655281,800000.0,0.0,4,2,2,0,0,0,1,0,0,30,3,7,2.995732273553991,5,6,30,559306.0,1,0,0,0,0,1,0,0,1,0,0,1,1,0,1,0,1,0,1,0,0,1,0,0,0,1,1,0,1,1,0,0,1,0,0,0,0,0,0,0,2
R0006,real_4w,2,1,1,2026-04-26 07:37:54,195000.0,Down,325000.0,325000.0,0.0,0.0,0,0,325000.0,0.0,325000.0,325000.0,0.0,0.0,0.0,0.0,0.0,Stable,0,0,1,1.0,0.0,0,0.0,0.0,0.0,325000.0,0.0,4,4,2,0,1,1,1,0,0,26,1,5,3.4657359027997265,5,6,30,460955.5,0,3,0,0,0,1,0,0,1,0,0,1,1,0,0,0,0,0,0,0,1,1,0,0,0,1,0,0,1,0,0,0,0,0,1,0,0,0,0,0,1
R0006,real_4w,3,2,2,2026-04-19 07:37:54,380000.0,Up,195000.0,195000.0,325000.0,0.0,1,0,260000.0,65000.0,195000.0,325000.0,130000.0,-130000.0,-0.4,-130000.0,-0.4,Down,0,1,0,0.75,0.25,0,-130000.0,-0.4,0.25,260000.0,-0.25,4,3,2,0,0,0,1,0,0,26,1,5,3.4657359027997265,5,6,30,460955.5,0,3,0,0,0,1,0,0,1,0,0,1,1,0,0,0,0,0,0,0,1,1,0,0,0,1,0,0,1,0,0,0,0,0,1,0,0,0,0,0,0
R0006,real_4w,4,3,3,2026-04-12 07:37:54,195000.0,Down,380000.0,380000.0,195000.0,325000.0,1,1,300000.0,77567.17518813397,195000.0,380000.0,185000.0,185000.0,0.9487179487179487,185000.0,0.9487179487179487,Up,1,0,0,1.2666666666666666,0.25855725062711327,1,185000.0,0.9487179487179487,0.25855725062711327,325000.0,0.16923076923076924,4,2,2,0,0,0,1,0,0,26,1,5,3.4657359027997265,5,6,30,460955.5,0,3,0,0,0,1,0,0,1,0,0,1,1,0,0,0,0,0,0,0,1,1,0,0,0,1,0,0,1,0,0,0,0,0,1,0,0,0,0,0,2
R0007,real_4w,2,1,1,2026-04-26 07:52:12,250000.0,Down,400000.0,400000.0,0.0,0.0,0,0,400000.0,0.0,400000.0,400000.0,0.0,0.0,0.0,0.0,0.0,Stable,0,0,1,1.0,0.0,0,0.0,0.0,0.0,400000.0,0.0,4,4,2,0,1,1,1,0,0,22,1,2,3.2188758248682006,4,3,12,739240.8333333334,0,1,0,0,0,1,0,0,1,0,0,0,0,0,1,0,0,0,0,0,0,1,0,0,1,1,1,0,0,0,0,0,0,0,1,0,0,0,0,0,1
R0007,real_4w,3,2,2,2026-04-19 07:52:12,200000.0,Down,250000.0,250000.0,400000.0,0.0,1,0,325000.0,75000.0,250000.0,400000.0,150000.0,-150000.0,-0.375,-150000.0,-0.375,Down,0,1,0,0.7692307692307693,0.23076923076923078,0,-150000.0,-0.375,0.23076923076923078,325000.0,-0.23076923076923078,4,3,2,0,0,0,1,0,0,22,1,2,3.2188758248682006,4,3,12,739240.8333333334,0,1,0,0,0,1,0,0,1,0,0,0,0,0,1,0,0,0,0,0,0,1,0,0,1,1,1,0,0,0,0,0,0,0,1,0,0,0,0,0,0
R0007,real_4w,4,3,3,2026-04-12 07:52:12,280000.0,Up,200000.0,200000.0,250000.0,400000.0,1,1,283333.3333333333,84983.65855987974,200000.0,400000.0,200000.0,-50000.0,-0.2,-50000.0,-0.2,Down,0,1,0,0.7058823529411765,0.2999423243289873,0,-50000.0,-0.2,0.2999423243289873,250000.0,-0.2,4,2,2,0,0,0,1,0,0,22,1,2,3.2188758248682006,4,3,12,739240.8333333334,0,1,0,0,0,1,0,0,1,0,0,0,0,0,1,0,0,0,0,0,0,1,0,0,1,1,1,0,0,0,0,0,0,0,1,0,0,0,0,0,0
R0008,real_4w,2,1,1,2026-04-26 08:12:17,780000.0,Up,660000.0,660000.0,0.0,0.0,0,0,660000.0,0.0,660000.0,660000.0,0.0,0.0,0.0,0.0,0.0,Stable,0,0,1,1.0,0.0,0,0.0,0.0,0.0,660000.0,0.0,4,4,2,0,1,1,1,0,0,17,2,1,4.356708826689592,5,5,25,518297.0,1,3,1,0,0,0,0,0,0,0,0,0,1,0,1,0,0,0,0,0,0,1,0,0,1,1,1,0,1,0,0,0,0,0,0,0,0,1,0,0,1
R0008,real_4w,3,2,2,2026-04-19 08:12:17,1000000.0,Up,780000.0,780000.0,660000.0,0.0,1,0,720000.0,60000.0,660000.0,780000.0,120000.0,120000.0,0.18181818181818182,120000.0,0.18181818181818182,Up,1,0,0,1.0833333333333333,0.08333333333333333,1,120000.0,0.18181818181818182,0.08333333333333333,720000.0,0.08333333333333333,4,3,2,0,0,0,1,0,0,17,2,1,4.356708826689592,5,5,25,518297.0,1,3,1,0,0,0,0,0,0,0,0,0,1,0,1,0,0,0,0,0,0,1,0,0,1,1,1,0,1,0,0,0,0,0,0,0,0,1,0,0,2
R0008,real_4w,4,3,3,2026-04-12 08:12:17,810000.0,Down,1000000.0,1000000.0,780000.0,660000.0,1,1,813333.3333333334,140791.41387961918,660000.0,1000000.0,340000.0,220000.0,0.28205128205128205,220000.0,0.28205128205128205,Up,1,0,0,1.2295081967213115,0.1731041973929744,1,220000.0,0.28205128205128205,0.1731041973929744,780000.0,0.28205128205128205,4,2,2,0,0,0,1,0,0,17,2,1,4.356708826689592,5,5,25,518297.0,1,3,1,0,0,0,0,0,0,0,0,0,1,0,1,0,0,0,0,0,0,1,0,0,1,1,1,0,1,0,0,0,0,0,0,0,0,1,0,0,2
R0009,real_4w,2,1,1,2026-04-26 08:31:43,175000.0,Stable,175000.0,175000.0,0.0,0.0,0,0,175000.0,0.0,175000.0,175000.0,0.0,0.0,0.0,0.0,0.0,Stable,0,0,1,1.0,0.0,0,0.0,0.0,0.0,175000.0,0.0,4,4,2,0,1,1,1,0,0,27,1,0,2.70805020110221,5,8,40,548095.6666666666,2,3,1,0,0,1,0,0,1,0,0,0,1,1,1,0,0,0,0,0,1,1,0,0,0,0,1,0,1,0,0,1,0,0,1,0,0,0,0,0,1
R0009,real_4w,3,2,2,2026-04-19 08:31:43,210000.0,Up,175000.0,175000.0,175000.0,0.0,1,0,175000.0,0.0,175000.0,175000.0,0.0,0.0,0.0,0.0,0.0,Stable,0,0,1,1.0,0.0,0,0.0,0.0,0.0,175000.0,0.0,4,3,2,0,0,0,1,0,0,27,1,0,2.70805020110221,5,8,40,548095.6666666666,2,3,1,0,0,1,0,0,1,0,0,0,1,1,1,0,0,0,0,0,1,1,0,0,0,0,1,0,1,0,0,1,0,0,1,0,0,0,0,0,1
R0009,real_4w,4,3,3,2026-04-12 08:31:43,175000.0,Down,210000.0,210000.0,175000.0,175000.0,1,1,186666.66666666666,16499.15822768611,175000.0,210000.0,35000.0,35000.0,0.2,35000.0,0.2,Up,1,0,0,1.125,0.08838834764831846,1,35000.0,0.2,0.08838834764831846,175000.0,0.2,4,2,2,0,0,0,1,0,0,27,1,0,2.70805020110221,5,8,40,548095.6666666666,2,3,1,0,0,1,0,0,1,0,0,0,1,1,1,0,0,0,0,0,1,1,0,0,0,0,1,0,1,0,0,1,0,0,1,0,0,0,0,0,2
R0010,real_4w,2,1,1,2026-04-26 08:39:33,640000.0,Up,500000.0,500000.0,0.0,0.0,0,0,500000.0,0.0,500000.0,500000.0,0.0,0.0,0.0,0.0,0.0,Stable,0,0,1,1.0,0.0,0,0.0,0.0,0.0,500000.0,0.0,4,4,2,0,1,1,1,0,0,33,4,2,2.3978952727983707,6,9,54,739240.8333333334,1,4,0,1,0,0,0,1,0,0,0,0,0,1,1,0,0,0,0,1,0,1,0,1,0,0,1,0,0,0,0,1,0,0,0,0,1,0,0,0,1
R0010,real_4w,3,2,2,2026-04-19 08:39:33,575000.0,Down,640000.0,640000.0,500000.0,0.0,1,0,570000.0,70000.0,500000.0,640000.0,140000.0,140000.0,0.28,140000.0,0.28,Up,1,0,0,1.1228070175438596,0.12280701754385964,1,140000.0,0.28,0.12280701754385964,570000.0,0.12280701754385964,4,3,2,0,0,0,1,0,0,33,4,2,2.3978952727983707,6,9,54,739240.8333333334,1,4,0,1,0,0,0,1,0,0,0,0,0,1,1,0,0,0,0,1,0,1,0,1,0,0,1,0,0,0,0,1,0,0,0,0,1,0,0,0,2
R0010,real_4w,4,3,3,2026-04-12 08:39:33,630000.0,Stable,575000.0,575000.0,640000.0,500000.0,1,1,571666.6666666666,57203.34100576838,500000.0,640000.0,140000.0,-65000.0,-0.1015625,-65000.0,-0.1015625,Down,0,1,0,1.0058309037900874,0.10006415336286015,1,-65000.0,-0.1015625,0.10006415336286015,575000.0,0.0,4,2,2,0,0,0,1,0,0,33,4,2,2.3978952727983707,6,9,54,739240.8333333334,1,4,0,1,0,0,0,1,0,0,0,0,0,1,1,0,0,0,0,1,0,1,0,1,0,0,1,0,0,0,0,1,0,0,0,0,1,0,0,0,0
R0011,real_4w,2,1,1,2026-04-26 08:45:58,600000.0,Down,750000.0,750000.0,0.0,0.0,0,0,750000.0,0.0,750000.0,750000.0,0.0,0.0,0.0,0.0,0.0,Stable,0,0,1,1.0,0.0,0,0.0,0.0,0.0,750000.0,0.0,4,4,2,0,1,1,1,0,0,20,2,4,2.8903717578961645,5,5,25,442180.75,2,2,0,0,0,0,0,0,0,0,0,1,1,0,1,0,0,0,0,0,0,1,0,0,0,0,1,0,1,0,0,0,0,0,0,0,0,1,0,0,1
R0011,real_4w,3,2,2,2026-04-19 08:45:58,575000.0,Stable,600000.0,600000.0,750000.0,0.0,1,0,675000.0,75000.0,600000.0,750000.0,150000.0,-150000.0,-0.2,-150000.0,-0.2,Down,0,1,0,0.8888888888888888,0.1111111111111111,0,-150000.0,-0.2,0.1111111111111111,675000.0,-0.1111111111111111,4,3,2,0,0,0,1,0,0,20,2,4,2.8903717578961645,5,5,25,442180.75,2,2,0,0,0,0,0,0,0,0,0,1,1,0,1,0,0,0,0,0,0,1,0,0,0,0,1,0,1,0,0,0,0,0,0,0,0,1,0,0,0
R0011,real_4w,4,3,3,2026-04-12 08:45:58,975000.0,Up,575000.0,575000.0,600000.0,750000.0,1,1,641666.6666666666,77280.15412913087,575000.0,750000.0,175000.0,-25000.0,-0.041666666666666664,-25000.0,-0.041666666666666664,Stable,0,0,1,0.8961038961038962,0.12043660383760656,0,-25000.0,-0.041666666666666664,0.12043660383760656,600000.0,-0.041666666666666664,4,2,2,0,0,0,1,0,0,20,2,4,2.8903717578961645,5,5,25,442180.75,2,2,0,0,0,0,0,0,0,0,0,1,1,0,1,0,0,0,0,0,0,1,0,0,0,0,1,0,1,0,0,0,0,0,0,0,0,1,0,0,1
R0012,real_4w,2,1,1,2026-04-26 08:57:57,1125000.0,Stable,1040000.0,1040000.0,0.0,0.0,0,0,1040000.0,0.0,1040000.0,1040000.0,0.0,0.0,0.0,0.0,0.0,Stable,0,0,1,1.0,0.0,0,0.0,0.0,0.0,1040000.0,0.0,4,4,2,0,1,1,1,0,0,41,4,5,3.091042453358316,6,7,42,460955.5,2,4,0,0,0,0,0,0,0,0,0,1,0,1,0,0,0,0,0,0,0,1,0,0,0,0,0,0,0,0,0,1,0,0,0,0,1,0,0,0,1
R0012,real_4w,3,2,2,2026-04-19 08:57:57,900000.0,Down,1125000.0,1125000.0,1040000.0,0.0,1,0,1082500.0,42500.0,1040000.0,1125000.0,85000.0,85000.0,0.08173076923076923,85000.0,0.08173076923076923,Stable,0,0,1,1.0392609699769053,0.03926096997690531,1,85000.0,0.08173076923076923,0.03926096997690531,1082500.0,0.03926096997690531,4,3,2,0,0,0,1,0,0,41,4,5,3.091042453358316,6,7,42,460955.5,2,4,0,0,0,0,0,0,0,0,0,1,0,1,0,0,0,0,0,0,0,1,0,0,0,0,0,0,0,0,0,1,0,0,0,0,1,0,0,0,1
R0012,real_4w,4,3,3,2026-04-12 08:57:57,735000.0,Down,900000.0,900000.0,1125000.0,1040000.0,1,1,1021666.6666666666,92766.13366717164,900000.0,1125000.0,225000.0,-225000.0,-0.2,-225000.0,-0.2,Down,0,1,0,0.8809135399673736,0.09079882577537192,0,-225000.0,-0.2,0.09079882577537192,1040000.0,-0.1346153846153846,4,2,2,0,0,0,1,0,0,41,4,5,3.091042453358316,6,7,42,460955.5,2,4,0,0,0,0,0,0,0,0,0,1,0,1,0,0,0,0,0,0,0,1,0,0,0,0,0,0,0,0,0,1,0,0,0,0,1,0,0,0,0
R0013,real_4w,2,1,1,2026-04-26 09:13:34,715000.0,Stable,675000.0,675000.0,0.0,0.0,0,0,675000.0,0.0,675000.0,675000.0,0.0,0.0,0.0,0.0,0.0,Stable,0,0,1,1.0,0.0,0,0.0,0.0,0.0,675000.0,0.0,4,4,2,0,1,1,1,0,0,22,1,2,1.0986122886681096,5,8,40,739240.8333333334,1,2,0,0,0,1,0,0,1,0,0,1,1,0,1,0,0,0,0,0,1,1,0,0,0,1,1,0,1,0,0,0,0,0,1,0,0,0,0,0,1
R0013,real_4w,3,2,2,2026-04-19 09:13:34,540000.0,Down,715000.0,715000.0,675000.0,0.0,1,0,695000.0,20000.0,675000.0,715000.0,40000.0,40000.0,0.05925925925925926,40000.0,0.05925925925925926,Stable,0,0,1,1.0287769784172662,0.02877697841726619,1,40000.0,0.05925925925925926,0.02877697841726619,695000.0,0.02877697841726619,4,3,2,0,0,0,1,0,0,22,1,2,1.0986122886681096,5,8,40,739240.8333333334,1,2,0,0,0,1,0,0,1,0,0,1,1,0,1,0,0,0,0,0,1,1,0,0,0,1,1,0,1,0,0,0,0,0,1,0,0,0,0,0,1
R0013,real_4w,4,3,3,2026-04-12 09:13:34,580000.0,Stable,540000.0,540000.0,715000.0,675000.0,1,1,643333.3333333334,74870.25815072068,540000.0,715000.0,175000.0,-175000.0,-0.24475524475524477,-175000.0,-0.24475524475524477,Down,0,1,0,0.8393782383419689,0.11637863961251918,0,-175000.0,-0.24475524475524477,0.11637863961251918,675000.0,-0.2,4,2,2,0,0,0,1,0,0,22,1,2,1.0986122886681096,5,8,40,739240.8333333334,1,2,0,0,0,1,0,0,1,0,0,1,1,0,1,0,0,0,0,0,1,1,0,0,0,1,1,0,1,0,0,0,0,0,1,0,0,0,0,0,0
R0014,real_4w,2,1,1,2026-04-26 09:14:22,200000.0,Up,160000.0,160000.0,0.0,0.0,0,0,160000.0,0.0,160000.0,160000.0,0.0,0.0,0.0,0.0,0.0,Stable,0,0,1,1.0,0.0,0,0.0,0.0,0.0,160000.0,0.0,4,4,2,0,1,1,1,0,0,17,3,3,3.4339872044851463,4,5,20,518297.0,0,4,0,0,0,1,0,0,1,0,0,1,1,0,1,0,0,0,1,0,0,1,0,0,0,0,1,0,1,0,0,0,1,0,0,0,0,0,0,0,1
R0014,real_4w,3,2,2,2026-04-19 09:14:22,165000.0,Down,200000.0,200000.0,160000.0,0.0,1,0,180000.0,20000.0,160000.0,200000.0,40000.0,40000.0,0.25,40000.0,0.25,Up,1,0,0,1.1111111111111112,0.1111111111111111,1,40000.0,0.25,0.1111111111111111,180000.0,0.1111111111111111,4,3,2,0,0,0,1,0,0,17,3,3,3.4339872044851463,4,5,20,518297.0,0,4,0,0,0,1,0,0,1,0,0,1,1,0,1,0,0,0,1,0,0,1,0,0,0,0,1,0,1,0,0,0,1,0,0,0,0,0,0,0,2
R0014,real_4w,4,3,3,2026-04-12 09:14:22,255000.0,Up,165000.0,165000.0,200000.0,160000.0,1,1,175000.0,17795.130420052184,160000.0,200000.0,40000.0,-35000.0,-0.175,-35000.0,-0.175,Down,0,1,0,0.9428571428571428,0.10168645954315533,0,-35000.0,-0.175,0.10168645954315533,165000.0,0.0,4,2,2,0,0,0,1,0,0,17,3,3,3.4339872044851463,4,5,20,518297.0,0,4,0,0,0,1,0,0,1,0,0,1,1,0,1,0,0,0,1,0,0,1,0,0,0,0,1,0,1,0,0,0,1,0,0,0,0,0,0,0,0
R0015,real_4w,2,1,1,2026-04-26 09:15:32,400000.0,Stable,425000.0,425000.0,0.0,0.0,0,0,425000.0,0.0,425000.0,425000.0,0.0,0.0,0.0,0.0,0.0,Stable,0,0,1,1.0,0.0,0,0.0,0.0,0.0,425000.0,0.0,4,4,2,0,1,1,1,0,0,30,1,2,2.8903717578961645,4,4,16,739240.8333333334,1,1,0,0,0,1,0,0,1,0,0,1,0,0,1,0,0,0,0,0,1,1,0,0,1,0,1,0,0,0,0,0,0,0,1,0,0,0,0,0,1
R0015,real_4w,3,2,2,2026-04-19 09:15:32,745000.0,Up,400000.0,400000.0,425000.0,0.0,1,0,412500.0,12500.0,400000.0,425000.0,25000.0,-25000.0,-0.058823529411764705,-25000.0,-0.058823529411764705,Stable,0,0,1,0.9696969696969697,0.030303030303030304,0,-25000.0,-0.058823529411764705,0.030303030303030304,412500.0,-0.030303030303030304,4,3,2,0,0,0,1,0,0,30,1,2,2.8903717578961645,4,4,16,739240.8333333334,1,1,0,0,0,1,0,0,1,0,0,1,0,0,1,0,0,0,0,0,1,1,0,0,1,0,1,0,0,0,0,0,0,0,1,0,0,0,0,0,1
R0015,real_4w,4,3,3,2026-04-12 09:15:32,425000.0,Down,745000.0,745000.0,400000.0,425000.0,1,1,523333.3333333333,157073.9387111122,400000.0,745000.0,345000.0,345000.0,0.8625,345000.0,0.8625,Up,1,0,0,1.4235668789808917,0.3001412841613609,1,345000.0,0.8625,0.3001412841613609,425000.0,0.7529411764705882,4,2,2,0,0,0,1,0,0,30,1,2,2.8903717578961645,4,4,16,739240.8333333334,1,1,0,0,0,1,0,0,1,0,0,1,0,0,1,0,0,0,0,0,1,1,0,0,1,0,1,0,0,0,0,0,0,0,1,0,0,0,0,0,2
R0016,real_4w,2,1,1,2026-04-26 09:18:36,275000.0,Stable,260000.0,260000.0,0.0,0.0,0,0,260000.0,0.0,260000.0,260000.0,0.0,0.0,0.0,0.0,0.0,Stable,0,0,1,1.0,0.0,0,0.0,0.0,0.0,260000.0,0.0,4,4,2,0,1,1,1,0,0,27,6,5,1.6094379124341003,3,7,21,460955.5,1,2,0,0,0,0,0,0,0,0,0,1,0,1,1,0,0,1,1,0,0,1,1,0,0,0,1,0,0,0,1,1,0,1,0,0,0,0,0,0,1
R0016,real_4w,3,2,2,2026-04-19 09:18:36,10000.0,Down,275000.0,275000.0,260000.0,0.0,1,0,267500.0,7500.0,260000.0,275000.0,15000.0,15000.0,0.057692307692307696,15000.0,0.057692307692307696,Stable,0,0,1,1.02803738317757,0.028037383177570093,1,15000.0,0.057692307692307696,0.028037383177570093,267500.0,0.028037383177570093,4,3,2,0,0,0,1,0,0,27,6,5,1.6094379124341003,3,7,21,460955.5,1,2,0,0,0,0,0,0,0,0,0,1,0,1,1,0,0,1,1,0,0,1,1,0,0,0,1,0,0,0,1,1,0,1,0,0,0,0,0,0,1
R0016,real_4w,4,3,3,2026-04-12 09:18:36,15000.0,Up,10000.0,10000.0,275000.0,260000.0,1,1,181666.66666666666,121541.03102336355,10000.0,275000.0,265000.0,-265000.0,-0.9636363636363636,-265000.0,-0.9636363636363636,Down,0,1,0,0.05504587155963303,0.6690331982937444,0,-265000.0,-0.9636363636363636,0.6690331982937444,260000.0,-0.9615384615384616,4,2,2,0,0,0,1,0,0,27,6,5,1.6094379124341003,3,7,21,460955.5,1,2,0,0,0,0,0,0,0,0,0,1,0,1,1,0,0,1,1,0,0,1,1,0,0,0,1,0,0,0,1,1,0,1,0,0,0,0,0,0,0
R0017,real_4w,2,1,1,2026-04-26 09:44:03,780000.0,Stable,825000.0,825000.0,0.0,0.0,0,0,825000.0,0.0,825000.0,825000.0,0.0,0.0,0.0,0.0,0.0,Stable,0,0,1,1.0,0.0,0,0.0,0.0,0.0,825000.0,0.0,4,4,2,0,1,1,1,0,0,35,2,1,4.02535169073515,5,4,20,518297.0,1,0,1,0,0,0,0,0,0,0,0,1,1,1,1,0,0,0,0,0,1,1,0,0,1,0,1,0,1,0,0,1,0,0,0,0,0,1,0,0,1
R0017,real_4w,3,2,2,2026-04-19 09:44:03,400000.0,Down,780000.0,780000.0,825000.0,0.0,1,0,802500.0,22500.0,780000.0,825000.0,45000.0,-45000.0,-0.05454545454545454,-45000.0,-0.05454545454545454,Stable,0,0,1,0.9719626168224299,0.028037383177570093,0,-45000.0,-0.05454545454545454,0.028037383177570093,802500.0,-0.028037383177570093,4,3,2,0,0,0,1,0,0,35,2,1,4.02535169073515,5,4,20,518297.0,1,0,1,0,0,0,0,0,0,0,0,1,1,1,1,0,0,0,0,0,1,1,0,0,1,0,1,0,1,0,0,1,0,0,0,0,0,1,0,0,1
R0017,real_4w,4,3,3,2026-04-12 09:44:03,580000.0,Up,400000.0,400000.0,780000.0,825000.0,1,1,668333.3333333334,190627.6183791029,400000.0,825000.0,425000.0,-380000.0,-0.48717948717948717,-380000.0,-0.48717948717948717,Down,0,1,0,0.598503740648379,0.28522835667696195,0,-380000.0,-0.48717948717948717,0.28522835667696195,780000.0,-0.48717948717948717,4,2,2,0,0,0,1,0,0,35,2,1,4.02535169073515,5,4,20,518297.0,1,0,1,0,0,0,0,0,0,0,0,1,1,1,1,0,0,0,0,0,1,1,0,0,1,0,1,0,1,0,0,1,0,0,0,0,0,1,0,0,0
R0018,real_4w,2,1,1,2026-04-26 10:00:19,380000.0,Down,640000.0,640000.0,0.0,0.0,0,0,640000.0,0.0,640000.0,640000.0,0.0,0.0,0.0,0.0,0.0,Stable,0,0,1,1.0,0.0,0,0.0,0.0,0.0,640000.0,0.0,4,4,2,0,1,1,1,0,0,34,5,5,2.302585092994046,6,6,36,460955.5,0,3,0,1,0,0,0,0,0,0,0,0,0,0,1,0,0,1,0,1,0,1,0,1,0,0,1,0,0,0,1,0,0,0,0,1,0,0,0,0,1
R0018,real_4w,3,2,2,2026-04-19 10:00:19,725000.0,Up,380000.0,380000.0,640000.0,0.0,1,0,510000.0,130000.0,380000.0,640000.0,260000.0,-260000.0,-0.40625,-260000.0,-0.40625,Down,0,1,0,0.7450980392156863,0.2549019607843137,0,-260000.0,-0.40625,0.2549019607843137,510000.0,-0.2549019607843137,4,3,2,0,0,0,1,0,0,34,5,5,2.302585092994046,6,6,36,460955.5,0,3,0,1,0,0,0,0,0,0,0,0,0,0,1,0,0,1,0,1,0,1,0,1,0,0,1,0,0,0,1,0,0,0,0,1,0,0,0,0,0
R0018,real_4w,4,3,3,2026-04-12 10:00:19,710000.0,Stable,725000.0,725000.0,380000.0,640000.0,1,1,581666.6666666666,146761.33308500878,380000.0,725000.0,345000.0,345000.0,0.9078947368421053,345000.0,0.9078947368421053,Up,1,0,0,1.2464183381088827,0.25231174742408385,1,345000.0,0.9078947368421053,0.25231174742408385,640000.0,0.1328125,4,2,2,0,0,0,1,0,0,34,5,5,2.302585092994046,6,6,36,460955.5,0,3,0,1,0,0,0,0,0,0,0,0,0,0,1,0,0,1,0,1,0,1,0,1,0,0,1,0,0,0,1,0,0,0,0,1,0,0,0,0,2
R0019,real_4w,2,1,1,2026-04-26 10:04:14,600000.0,Up,325000.0,325000.0,0.0,0.0,0,0,325000.0,0.0,325000.0,325000.0,0.0,0.0,0.0,0.0,0.0,Stable,0,0,1,1.0,0.0,0,0.0,0.0,0.0,325000.0,0.0,4,4,2,0,1,1,1,0,0,26,2,0,3.58351893845611,3,4,12,548095.6666666666,0,2,0,0,0,0,0,0,0,0,0,1,1,0,1,0,0,0,0,0,1,1,0,0,0,1,1,0,1,0,0,0,0,0,0,0,0,1,0,0,1
R0019,real_4w,3,2,2,2026-04-19 10:04:14,315000.0,Down,600000.0,600000.0,325000.0,0.0,1,0,462500.0,137500.0,325000.0,600000.0,275000.0,275000.0,0.8461538461538461,275000.0,0.8461538461538461,Up,1,0,0,1.2972972972972974,0.2972972972972973,1,275000.0,0.8461538461538461,0.2972972972972973,462500.0,0.2972972972972973,4,3,2,0,0,0,1,0,0,26,2,0,3.58351893845611,3,4,12,548095.6666666666,0,2,0,0,0,0,0,0,0,0,0,1,1,0,1,0,0,0,0,0,1,1,0,0,0,1,1,0,1,0,0,0,0,0,0,0,0,1,0,0,2
R0019,real_4w,4,3,3,2026-04-12 10:04:14,270000.0,Down,315000.0,315000.0,600000.0,325000.0,1,1,413333.3333333333,132056.38526360205,315000.0,600000.0,285000.0,-285000.0,-0.475,-285000.0,-0.475,Down,0,1,0,0.7620967741935484,0.31949125467000494,0,-285000.0,-0.475,0.31949125467000494,325000.0,-0.03076923076923077,4,2,2,0,0,0,1,0,0,26,2,0,3.58351893845611,3,4,12,548095.6666666666,0,2,0,0,0,0,0,0,0,0,0,1,1,0,1,0,0,0,0,0,1,1,0,0,0,1,1,0,1,0,0,0,0,0,0,0,0,1,0,0,0
R0020,real_4w,2,1,1,2026-04-26 10:12:59,40000.0,Stable,40000.0,40000.0,0.0,0.0,0,0,40000.0,0.0,40000.0,40000.0,0.0,0.0,0.0,0.0,0.0,Stable,0,0,1,1.0,0.0,0,0.0,0.0,0.0,40000.0,0.0,4,4,2,0,1,1,1,0,0,26,4,7,0.6931471805599453,7,7,49,559306.0,2,0,0,0,1,0,0,0,0,0,0,0,0,0,0,1,1,0,0,1,0,1,0,0,0,0,0,1,0,1,0,0,0,0,0,0,1,0,0,0,1
R0020,real_4w,3,2,2,2026-04-19 10:12:59,610000.0,Up,40000.0,40000.0,40000.0,0.0,1,0,40000.0,0.0,40000.0,40000.0,0.0,0.0,0.0,0.0,0.0,Stable,0,0,1,1.0,0.0,0,0.0,0.0,0.0,40000.0,0.0,4,3,2,0,0,0,1,0,0,26,4,7,0.6931471805599453,7,7,49,559306.0,2,0,0,0,1,0,0,0,0,0,0,0,0,0,0,1,1,0,0,1,0,1,0,0,0,0,0,1,0,1,0,0,0,0,0,0,1,0,0,0,1
R0020,real_4w,4,3,3,2026-04-12 10:12:59,940000.0,Up,610000.0,610000.0,40000.0,40000.0,1,1,230000.0,268700.5768508881,40000.0,610000.0,570000.0,570000.0,14.25,570000.0,14.25,Up,1,0,0,2.652173913043478,1.1682633776125568,1,570000.0,14.25,1.1682633776125568,40000.0,14.25,4,2,2,0,0,0,1,0,0,26,4,7,0.6931471805599453,7,7,49,559306.0,2,0,0,0,1,0,0,0,0,0,0,0,0,0,0,1,1,0,0,1,0,1,0,0,0,0,0,1,0,1,0,0,0,0,0,0,1,0,0,0,2
R0021,real_4w,2,1,1,2026-04-26 10:31:39,600000.0,Stable,560000.0,560000.0,0.0,0.0,0,0,560000.0,0.0,560000.0,560000.0,0.0,0.0,0.0,0.0,0.0,Stable,0,0,1,1.0,0.0,0,0.0,0.0,0.0,560000.0,0.0,4,4,2,0,1,1,1,0,0,26,4,5,3.295836866004329,6,7,42,460955.5,2,4,0,0,1,0,0,0,0,0,0,0,0,0,0,1,1,0,0,0,1,1,0,0,0,0,0,1,0,1,0,0,0,0,0,0,1,0,0,0,1
R0021,real_4w,3,2,2,2026-04-19 10:31:39,885000.0,Up,600000.0,600000.0,560000.0,0.0,1,0,580000.0,20000.0,560000.0,600000.0,40000.0,40000.0,0.07142857142857142,40000.0,0.07142857142857142,Stable,0,0,1,1.0344827586206897,0.034482758620689655,1,40000.0,0.07142857142857142,0.034482758620689655,580000.0,0.034482758620689655,4,3,2,0,0,0,1,0,0,26,4,5,3.295836866004329,6,7,42,460955.5,2,4,0,0,1,0,0,0,0,0,0,0,0,0,0,1,1,0,0,0,1,1,0,0,0,0,0,1,0,1,0,0,0,0,0,0,1,0,0,0,1
R0021,real_4w,4,3,3,2026-04-12 10:31:39,490000.0,Down,885000.0,885000.0,600000.0,560000.0,1,1,681666.6666666666,144702.7604743216,560000.0,885000.0,325000.0,285000.0,0.475,285000.0,0.475,Up,1,0,0,1.2982885085574574,0.21227788822638868,1,285000.0,0.475,0.21227788822638868,600000.0,0.475,4,2,2,0,0,0,1,0,0,26,4,5,3.295836866004329,6,7,42,460955.5,2,4,0,0,1,0,0,0,0,0,0,0,0,0,0,1,1,0,0,0,1,1,0,0,0,0,0,1,0,1,0,0,0,0,0,0,1,0,0,0,2
R0022,real_4w,2,1,1,2026-04-26 10:33:20,16800.0,Down,625000.0,625000.0,0.0,0.0,0,0,625000.0,0.0,625000.0,625000.0,0.0,0.0,0.0,0.0,0.0,Stable,0,0,1,1.0,0.0,0,0.0,0.0,0.0,625000.0,0.0,4,4,2,0,1,1,1,0,0,27,3,5,2.0794415416798357,6,5,30,460955.5,0,1,0,0,0,1,0,1,1,1,0,1,0,0,0,1,1,0,1,0,0,1,0,0,0,0,0,1,0,1,0,0,1,0,0,0,0,0,0,0,1
R0022,real_4w,3,2,2,2026-04-19 10:33:20,380000.0,Up,16800.0,16800.0,625000.0,0.0,1,0,320900.0,304100.0,16800.0,625000.0,608200.0,-608200.0,-0.97312,-608200.0,-0.97312,Down,0,1,0,0.05235275786849486,0.9476472421315052,0,-608200.0,-0.97312,0.9476472421315052,320900.0,-0.9476472421315052,4,3,2,0,0,0,1,0,0,27,3,5,2.0794415416798357,6,5,30,460955.5,0,1,0,0,0,1,0,1,1,1,0,1,0,0,0,1,1,0,1,0,0,1,0,0,0,0,0,1,0,1,0,0,1,0,0,0,0,0,0,0,0
R0022,real_4w,4,3,3,2026-04-12 10:33:20,430000.0,Up,380000.0,380000.0,16800.0,625000.0,1,1,340600.0,249854.73112724256,16800.0,625000.0,608200.0,363200.0,21.61904761904762,363200.0,21.61904761904762,Up,1,0,0,1.115678214914856,0.7335723168738771,1,363200.0,21.61904761904762,0.7335723168738771,380000.0,0.0,4,2,2,0,0,0,1,0,0,27,3,5,2.0794415416798357,6,5,30,460955.5,0,1,0,0,0,1,0,1,1,1,0,1,0,0,0,1,1,0,1,0,0,1,0,0,0,0,0,1,0,1,0,0,1,0,0,0,0,0,0,0,2
R0023,real_4w,2,1,1,2026-04-26 10:38:19,225000.0,Up,105000.0,105000.0,0.0,0.0,0,0,105000.0,0.0,105000.0,105000.0,0.0,0.0,0.0,0.0,0.0,Stable,0,0,1,1.0,0.0,0,0.0,0.0,0.0,105000.0,0.0,4,4,2,0,1,1,1,0,0,27,3,7,3.295836866004329,5,6,30,559306.0,2,2,0,0,0,1,0,0,1,0,0,0,0,0,1,1,0,1,0,0,0,1,0,1,0,1,1,1,0,0,1,0,1,0,0,0,0,0,0,0,1
R0023,real_4w,3,2,2,2026-04-19 10:38:19,200000.0,Down,225000.0,225000.0,105000.0,0.0,1,0,165000.0,60000.0,105000.0,225000.0,120000.0,120000.0,1.1428571428571428,120000.0,1.1428571428571428,Up,1,0,0,1.3636363636363635,0.36363636363636365,1,120000.0,1.1428571428571428,0.36363636363636365,165000.0,0.36363636363636365,4,3,2,0,0,0,1,0,0,27,3,7,3.295836866004329,5,6,30,559306.0,2,2,0,0,0,1,0,0,1,0,0,0,0,0,1,1,0,1,0,0,0,1,0,1,0,1,1,1,0,0,1,0,1,0,0,0,0,0,0,0,2
R0023,real_4w,4,3,3,2026-04-12 10:38:19,200000.0,Stable,200000.0,200000.0,225000.0,105000.0,1,1,176666.66666666666,51693.5413975694,105000.0,225000.0,120000.0,-25000.0,-0.1111111111111111,-25000.0,-0.1111111111111111,Down,0,1,0,1.1320754716981132,0.29260495130699665,1,-25000.0,-0.1111111111111111,0.29260495130699665,200000.0,0.0,4,2,2,0,0,0,1,0,0,27,3,7,3.295836866004329,5,6,30,559306.0,2,2,0,0,0,1,0,0,1,0,0,0,0,0,1,1,0,1,0,0,0,1,0,1,0,1,1,1,0,0,1,0,1,0,0,0,0,0,0,0,0
R0024,real_4w,2,1,1,2026-04-26 10:40:09,275000.0,Stable,260000.0,260000.0,0.0,0.0,0,0,260000.0,0.0,260000.0,260000.0,0.0,0.0,0.0,0.0,0.0,Stable,0,0,1,1.0,0.0,0,0.0,0.0,0.0,260000.0,0.0,4,4,2,0,1,1,1,0,0,22,0,2,3.828641396489095,5,5,25,739240.8333333334,0,1,0,0,0,1,0,0,1,0,0,1,0,0,0,1,0,0,1,0,0,1,0,1,0,0,0,1,0,0,0,0,0,0,0,0,0,0,0,1,1
R0024,real_4w,3,2,2,2026-04-19 10:40:09,275000.0,Stable,275000.0,275000.0,260000.0,0.0,1,0,267500.0,7500.0,260000.0,275000.0,15000.0,15000.0,0.057692307692307696,15000.0,0.057692307692307696,Stable,0,0,1,1.02803738317757,0.028037383177570093,1,15000.0,0.057692307692307696,0.028037383177570093,267500.0,0.028037383177570093,4,3,2,0,0,0,1,0,0,22,0,2,3.828641396489095,5,5,25,739240.8333333334,0,1,0,0,0,1,0,0,1,0,0,1,0,0,0,1,0,0,1,0,0,1,0,1,0,0,0,1,0,0,0,0,0,0,0,0,0,0,0,1,1
R0024,real_4w,4,3,3,2026-04-12 10:40:09,350000.0,Up,275000.0,275000.0,275000.0,260000.0,1,1,270000.0,7071.067811865475,260000.0,275000.0,15000.0,0.0,0.0,0.0,0.0,Stable,0,0,1,1.0185185185185186,0.026189140043946204,1,0.0,0.0,0.026189140043946204,275000.0,0.0,4,2,2,0,0,0,1,0,0,22,0,2,3.828641396489095,5,5,25,739240.8333333334,0,1,0,0,0,1,0,0,1,0,0,1,0,0,0,1,0,0,1,0,0,1,0,1,0,0,0,1,0,0,0,0,0,0,0,0,0,0,0,1,1
R0025,real_4w,2,1,1,2026-04-26 11:07:00,275000.0,Stable,275000.0,275000.0,0.0,0.0,0,0,275000.0,0.0,275000.0,275000.0,0.0,0.0,0.0,0.0,0.0,Stable,0,0,1,1.0,0.0,0,0.0,0.0,0.0,275000.0,0.0,4,4,2,0,1,1,1,0,0,23,7,2,3.5263605246161616,3,2,6,739240.8333333334,1,1,0,0,0,1,0,0,1,0,0,1,1,1,1,0,0,0,0,0,1,1,0,0,0,0,1,0,1,0,0,1,0,0,0,0,0,0,1,0,1
R0025,real_4w,3,2,2,2026-04-19 11:07:00,250000.0,Stable,275000.0,275000.0,275000.0,0.0,1,0,275000.0,0.0,275000.0,275000.0,0.0,0.0,0.0,0.0,0.0,Stable,0,0,1,1.0,0.0,0,0.0,0.0,0.0,275000.0,0.0,4,3,2,0,0,0,1,0,0,23,7,2,3.5263605246161616,3,2,6,739240.8333333334,1,1,0,0,0,1,0,0,1,0,0,1,1,1,1,0,0,0,0,0,1,1,0,0,0,0,1,0,1,0,0,1,0,0,0,0,0,0,1,0,1
R0025,real_4w,4,3,3,2026-04-12 11:07:00,215000.0,Down,250000.0,250000.0,275000.0,275000.0,1,1,266666.6666666667,11785.113019775792,250000.0,275000.0,25000.0,-25000.0,-0.09090909090909091,-25000.0,-0.09090909090909091,Stable,0,0,1,0.9374999999999999,0.044194173824159216,0,-25000.0,-0.09090909090909091,0.044194173824159216,275000.0,-0.09090909090909091,4,2,2,0,0,0,1,0,0,23,7,2,3.5263605246161616,3,2,6,739240.8333333334,1,1,0,0,0,1,0,0,1,0,0,1,1,1,1,0,0,0,0,0,1,1,0,0,0,0,1,0,1,0,0,1,0,0,0,0,0,0,1,0,1
R0026,real_4w,2,1,1,2026-04-26 11:07:24,25000.0,Down,400000.0,400000.0,0.0,0.0,0,0,400000.0,0.0,400000.0,400000.0,0.0,0.0,0.0,0.0,0.0,Stable,0,0,1,1.0,0.0,0,0.0,0.0,0.0,400000.0,0.0,4,4,2,0,1,1,1,0,0,28,2,7,3.784189633918261,6,8,48,559306.0,1,1,1,0,0,0,0,0,0,0,1,0,1,1,1,0,0,0,0,0,1,1,0,0,0,0,1,0,1,0,0,1,0,0,0,0,0,1,0,0,1
R0026,real_4w,3,2,2,2026-04-19 11:07:24,505000.0,Up,25000.0,25000.0,400000.0,0.0,1,0,212500.0,187500.0,25000.0,400000.0,375000.0,-375000.0,-0.9375,-375000.0,-0.9375,Down,0,1,0,0.11764705882352941,0.8823529411764706,0,-375000.0,-0.9375,0.8823529411764706,212500.0,-0.8823529411764706,4,3,2,0,0,0,1,0,0,28,2,7,3.784189633918261,6,8,48,559306.0,1,1,1,0,0,0,0,0,0,0,1,0,1,1,1,0,0,0,0,0,1,1,0,0,0,0,1,0,1,0,0,1,0,0,0,0,0,1,0,0,0
R0026,real_4w,4,3,3,2026-04-12 11:07:24,465000.0,Stable,505000.0,505000.0,25000.0,400000.0,1,1,310000.0,206033.97778036515,25000.0,505000.0,480000.0,480000.0,19.2,480000.0,19.2,Up,1,0,0,1.6290322580645162,0.6646257347753715,1,480000.0,19.2,0.6646257347753715,400000.0,0.2625,4,2,2,0,0,0,1,0,0,28,2,7,3.784189633918261,6,8,48,559306.0,1,1,1,0,0,0,0,0,0,0,1,0,1,1,1,0,0,0,0,0,1,1,0,0,0,0,1,0,1,0,0,1,0,0,0,0,0,1,0,0,2
R0027,real_4w,2,1,1,2026-04-26 11:11:28,225000.0,Up,200000.0,200000.0,0.0,0.0,0,0,200000.0,0.0,200000.0,200000.0,0.0,0.0,0.0,0.0,0.0,Stable,0,0,1,1.0,0.0,0,0.0,0.0,0.0,200000.0,0.0,4,4,2,0,1,1,1,0,0,28,0,1,3.1780538303479458,4,2,8,518297.0,0,2,0,0,0,0,0,1,1,1,0,1,0,1,0,1,0,1,0,0,0,1,0,1,0,1,0,1,0,0,1,1,0,0,0,0,0,0,0,1,1
R0027,real_4w,3,2,2,2026-04-19 11:11:28,180000.0,Down,225000.0,225000.0,200000.0,0.0,1,0,212500.0,12500.0,200000.0,225000.0,25000.0,25000.0,0.125,25000.0,0.125,Up,1,0,0,1.0588235294117647,0.058823529411764705,1,25000.0,0.125,0.058823529411764705,212500.0,0.058823529411764705,4,3,2,0,0,0,1,0,0,28,0,1,3.1780538303479458,4,2,8,518297.0,0,2,0,0,0,0,0,1,1,1,0,1,0,1,0,1,0,1,0,0,0,1,0,1,0,1,0,1,0,0,1,1,0,0,0,0,0,0,0,1,2
R0027,real_4w,4,3,3,2026-04-12 11:11:28,155000.0,Down,180000.0,180000.0,225000.0,200000.0,1,1,201666.66666666666,18408.935028645436,180000.0,225000.0,45000.0,-45000.0,-0.2,-45000.0,-0.2,Down,0,1,0,0.8925619834710744,0.09128397534865505,0,-45000.0,-0.2,0.09128397534865505,200000.0,-0.1,4,2,2,0,0,0,1,0,0,28,0,1,3.1780538303479458,4,2,8,518297.0,0,2,0,0,0,0,0,1,1,1,0,1,0,1,0,1,0,1,0,0,0,1,0,1,0,1,0,1,0,0,1,1,0,0,0,0,0,0,0,1,0
R0028,real_4w,2,1,1,2026-04-26 11:25:55,485000.0,Down,1336200.0,1336200.0,0.0,0.0,0,0,1336200.0,0.0,1336200.0,1336200.0,0.0,0.0,0.0,0.0,0.0,Stable,0,0,1,1.0,0.0,0,0.0,0.0,0.0,1336200.0,0.0,4,4,2,0,1,1,1,0,0,36,5,8,2.772588722239781,7,9,63,517481.9375,1,0,0,1,0,0,0,0,0,0,0,0,0,0,0,0,1,0,0,0,0,1,0,1,1,0,0,0,0,1,0,0,0,0,0,1,0,0,0,0,1
R0028,real_4w,3,2,2,2026-04-19 11:25:55,1350000.0,Up,485000.0,485000.0,1336200.0,0.0,1,0,910600.0,425600.0,485000.0,1336200.0,851200.0,-851200.0,-0.6370303846729531,-851200.0,-0.6370303846729531,Down,0,1,0,0.5326158576762574,0.4673841423237426,0,-851200.0,-0.6370303846729531,0.4673841423237426,910600.0,-0.4673841423237426,4,3,2,0,0,0,1,0,0,36,5,8,2.772588722239781,7,9,63,517481.9375,1,0,0,1,0,0,0,0,0,0,0,0,0,0,0,0,1,0,0,0,0,1,0,1,1,0,0,0,0,1,0,0,0,0,0,1,0,0,0,0,0
R0028,real_4w,4,3,3,2026-04-12 11:25:55,1342800.0,Stable,1350000.0,1350000.0,485000.0,1336200.0,1,1,1057066.6666666667,404551.4498250569,485000.0,1350000.0,865000.0,865000.0,1.7835051546391754,865000.0,1.7835051546391754,Up,1,0,0,1.277119071644803,0.3827113866912117,1,865000.0,1.7835051546391754,0.3827113866912117,1336200.0,0.010327795240233499,4,2,2,0,0,0,1,0,0,36,5,8,2.772588722239781,7,9,63,517481.9375,1,0,0,1,0,0,0,0,0,0,0,0,0,0,0,0,1,0,0,0,0,1,0,1,1,0,0,0,0,1,0,0,0,0,0,1,0,0,0,0,2
R0029,real_4w,2,1,1,2026-04-26 12:01:18,200000.0,Down,375000.0,375000.0,0.0,0.0,0,0,375000.0,0.0,375000.0,375000.0,0.0,0.0,0.0,0.0,0.0,Stable,0,0,1,1.0,0.0,0,0.0,0.0,0.0,375000.0,0.0,4,4,2,0,1,1,1,0,0,28,6,7,1.3862943611198906,3,7,21,559306.0,1,1,0,0,0,0,0,0,0,0,0,1,0,1,0,0,0,0,0,0,0,1,1,0,0,0,0,0,0,0,0,1,0,1,0,0,0,0,0,0,1
R0029,real_4w,3,2,2,2026-04-19 12:01:18,290000.0,Up,200000.0,200000.0,375000.0,0.0,1,0,287500.0,87500.0,200000.0,375000.0,175000.0,-175000.0,-0.4666666666666667,-175000.0,-0.4666666666666667,Down,0,1,0,0.6956521739130435,0.30434782608695654,0,-175000.0,-0.4666666666666667,0.30434782608695654,287500.0,-0.30434782608695654,4,3,2,0,0,0,1,0,0,28,6,7,1.3862943611198906,3,7,21,559306.0,1,1,0,0,0,0,0,0,0,0,0,1,0,1,0,0,0,0,0,0,0,1,1,0,0,0,0,0,0,0,0,1,0,1,0,0,0,0,0,0,0
R0029,real_4w,4,3,3,2026-04-12 12:01:18,175000.0,Down,290000.0,290000.0,200000.0,375000.0,1,1,288333.3333333333,71453.17036742005,200000.0,375000.0,175000.0,90000.0,0.45,90000.0,0.45,Up,1,0,0,1.0057803468208093,0.2478144637020349,1,90000.0,0.45,0.2478144637020349,290000.0,0.0,4,2,2,0,0,0,1,0,0,28,6,7,1.3862943611198906,3,7,21,559306.0,1,1,0,0,0,0,0,0,0,0,0,1,0,1,0,0,0,0,0,0,0,1,1,0,0,0,0,0,0,0,0,1,0,1,0,0,0,0,0,0,2
R0030,real_4w,2,1,1,2026-04-26 12:17:29,495000.0,Stable,475000.0,475000.0,0.0,0.0,0,0,475000.0,0.0,475000.0,475000.0,0.0,0.0,0.0,0.0,0.0,Stable,0,0,1,1.0,0.0,0,0.0,0.0,0.0,475000.0,0.0,4,4,2,0,1,1,1,0,0,17,3,1,3.7376696182833684,6,3,18,518297.0,1,2,0,0,0,0,0,0,0,0,0,1,0,0,1,0,1,1,0,0,0,1,0,0,0,1,1,0,0,1,1,0,1,0,0,0,0,0,0,0,1
R0030,real_4w,3,2,2,2026-04-19 12:17:29,450000.0,Stable,495000.0,495000.0,475000.0,0.0,1,0,485000.0,10000.0,475000.0,495000.0,20000.0,20000.0,0.042105263157894736,20000.0,0.042105263157894736,Stable,0,0,1,1.0206185567010309,0.020618556701030927,1,20000.0,0.042105263157894736,0.020618556701030927,485000.0,0.020618556701030927,4,3,2,0,0,0,1,0,0,17,3,1,3.7376696182833684,6,3,18,518297.0,1,2,0,0,0,0,0,0,0,0,0,1,0,0,1,0,1,1,0,0,0,1,0,0,0,1,1,0,0,1,1,0,1,0,0,0,0,0,0,0,1
R0030,real_4w,4,3,3,2026-04-12 12:17:29,430000.0,Stable,450000.0,450000.0,495000.0,475000.0,1,1,473333.3333333333,18408.935028645436,450000.0,495000.0,45000.0,-45000.0,-0.09090909090909091,-45000.0,-0.09090909090909091,Stable,0,0,1,0.9507042253521127,0.03889211625770163,0,-45000.0,-0.09090909090909091,0.03889211625770163,475000.0,-0.05263157894736842,4,2,2,0,0,0,1,0,0,17,3,1,3.7376696182833684,6,3,18,518297.0,1,2,0,0,0,0,0,0,0,0,0,1,0,0,1,0,1,1,0,0,0,1,0,0,0,1,1,0,0,1,1,0,1,0,0,0,0,0,0,0,1
R0031,real_4w,2,1,1,2026-04-26 12:41:27,730000.0,Stable,775000.0,775000.0,0.0,0.0,0,0,775000.0,0.0,775000.0,775000.0,0.0,0.0,0.0,0.0,0.0,Stable,0,0,1,1.0,0.0,0,0.0,0.0,0.0,775000.0,0.0,4,4,2,0,1,1,1,0,0,26,1,2,2.639057329615259,3,5,15,739240.8333333334,1,3,1,0,0,0,0,0,0,0,0,1,1,0,1,0,0,0,0,0,0,1,0,0,1,0,1,0,1,0,0,0,0,0,1,0,0,0,0,0,1
R0031,real_4w,3,2,2,2026-04-19 12:41:27,620000.0,Down,730000.0,730000.0,775000.0,0.0,1,0,752500.0,22500.0,730000.0,775000.0,45000.0,-45000.0,-0.05806451612903226,-45000.0,-0.05806451612903226,Stable,0,0,1,0.9700996677740864,0.029900332225913623,0,-45000.0,-0.05806451612903226,0.029900332225913623,752500.0,-0.029900332225913623,4,3,2,0,0,0,1,0,0,26,1,2,2.639057329615259,3,5,15,739240.8333333334,1,3,1,0,0,0,0,0,0,0,0,1,1,0,1,0,0,0,0,0,0,1,0,0,1,0,1,0,1,0,0,0,0,0,1,0,0,0,0,0,1
R0031,real_4w,4,3,3,2026-04-12 12:41:27,35000.0,Down,620000.0,620000.0,730000.0,775000.0,1,1,708333.3333333334,65106.7499487487,620000.0,775000.0,155000.0,-110000.0,-0.1506849315068493,-110000.0,-0.1506849315068493,Down,0,1,0,0.8752941176470588,0.0919154116923511,0,-110000.0,-0.1506849315068493,0.0919154116923511,730000.0,-0.1506849315068493,4,2,2,0,0,0,1,0,0,26,1,2,2.639057329615259,3,5,15,739240.8333333334,1,3,1,0,0,0,0,0,0,0,0,1,1,0,1,0,0,0,0,0,0,1,0,0,1,0,1,0,1,0,0,0,0,0,1,0,0,0,0,0,0
R0032,real_4w,2,1,1,2026-04-26 13:17:28,400000.0,Stable,370000.0,370000.0,0.0,0.0,0,0,370000.0,0.0,370000.0,370000.0,0.0,0.0,0.0,0.0,0.0,Stable,0,0,1,1.0,0.0,0,0.0,0.0,0.0,370000.0,0.0,4,4,2,0,1,1,1,0,0,34,3,4,1.3862943611198906,6,5,30,442180.75,0,2,0,0,0,0,0,0,0,0,0,1,1,0,0,0,1,1,1,0,0,1,0,1,0,0,0,0,1,1,1,0,1,0,0,0,0,0,0,0,1
R0032,real_4w,3,2,2,2026-04-19 13:17:28,320000.0,Down,400000.0,400000.0,370000.0,0.0,1,0,385000.0,15000.0,370000.0,400000.0,30000.0,30000.0,0.08108108108108109,30000.0,0.08108108108108109,Stable,0,0,1,1.0389610389610389,0.03896103896103896,1,30000.0,0.08108108108108109,0.03896103896103896,385000.0,0.03896103896103896,4,3,2,0,0,0,1,0,0,34,3,4,1.3862943611198906,6,5,30,442180.75,0,2,0,0,0,0,0,0,0,0,0,1,1,0,0,0,1,1,1,0,0,1,0,1,0,0,0,0,1,1,1,0,1,0,0,0,0,0,0,0,1
R0032,real_4w,4,3,3,2026-04-12 13:17:28,275000.0,Down,320000.0,320000.0,400000.0,370000.0,1,1,363333.3333333333,32998.316455372216,320000.0,400000.0,80000.0,-80000.0,-0.2,-80000.0,-0.2,Down,0,1,0,0.8807339449541285,0.0908210544643272,0,-80000.0,-0.2,0.0908210544643272,370000.0,-0.13513513513513514,4,2,2,0,0,0,1,0,0,34,3,4,1.3862943611198906,6,5,30,442180.75,0,2,0,0,0,0,0,0,0,0,0,1,1,0,0,0,1,1,1,0,0,1,0,1,0,0,0,0,1,1,1,0,1,0,0,0,0,0,0,0,0
R0033,real_4w,2,1,1,2026-04-26 13:22:05,520000.0,Up,450000.0,450000.0,0.0,0.0,0,0,450000.0,0.0,450000.0,450000.0,0.0,0.0,0.0,0.0,0.0,Stable,0,0,1,1.0,0.0,0,0.0,0.0,0.0,450000.0,0.0,4,4,2,0,1,1,1,0,0,28,5,3,4.04305126783455,7,8,56,518297.0,1,3,0,0,1,0,0,0,0,0,0,0,0,0,0,0,0,0,0,0,0,1,0,1,0,0,0,0,0,0,0,0,0,0,0,1,0,0,0,0,1
R0033,real_4w,3,2,2,2026-04-19 13:22:05,640000.0,Up,520000.0,520000.0,450000.0,0.0,1,0,485000.0,35000.0,450000.0,520000.0,70000.0,70000.0,0.15555555555555556,70000.0,0.15555555555555556,Up,1,0,0,1.0721649484536082,0.07216494845360824,1,70000.0,0.15555555555555556,0.07216494845360824,485000.0,0.07216494845360824,4,3,2,0,0,0,1,0,0,28,5,3,4.04305126783455,7,8,56,518297.0,1,3,0,0,1,0,0,0,0,0,0,0,0,0,0,0,0,0,0,0,0,1,0,1,0,0,0,0,0,0,0,0,0,0,0,1,0,0,0,0,2
R0033,real_4w,4,3,3,2026-04-12 13:22:05,575000.0,Down,640000.0,640000.0,520000.0,450000.0,1,1,536666.6666666666,78457.3486395988,450000.0,640000.0,190000.0,120000.0,0.23076923076923078,120000.0,0.23076923076923078,Up,1,0,0,1.1925465838509317,0.14619381734086734,1,120000.0,0.23076923076923078,0.14619381734086734,520000.0,0.23076923076923078,4,2,2,0,0,0,1,0,0,28,5,3,4.04305126783455,7,8,56,518297.0,1,3,0,0,1,0,0,0,0,0,0,0,0,0,0,0,0,0,0,0,0,1,0,1,0,0,0,0,0,0,0,0,0,0,0,1,0,0,0,0,2
R0034,real_4w,2,1,1,2026-04-26 13:38:21,320000.0,Down,400000.0,400000.0,0.0,0.0,0,0,400000.0,0.0,400000.0,400000.0,0.0,0.0,0.0,0.0,0.0,Stable,0,0,1,1.0,0.0,0,0.0,0.0,0.0,400000.0,0.0,4,4,2,0,1,1,1,0,0,25,7,2,2.4849066497880004,4,3,12,739240.8333333334,0,3,0,0,0,1,0,0,1,0,0,0,1,1,1,0,0,0,0,0,0,1,1,0,0,0,1,0,1,0,0,1,0,0,0,0,0,0,1,0,1
R0034,real_4w,3,2,2,2026-04-19 13:38:21,850000.0,Up,320000.0,320000.0,400000.0,0.0,1,0,360000.0,40000.0,320000.0,400000.0,80000.0,-80000.0,-0.2,-80000.0,-0.2,Down,0,1,0,0.8888888888888888,0.1111111111111111,0,-80000.0,-0.2,0.1111111111111111,360000.0,-0.1111111111111111,4,3,2,0,0,0,1,0,0,25,7,2,2.4849066497880004,4,3,12,739240.8333333334,0,3,0,0,0,1,0,0,1,0,0,0,1,1,1,0,0,0,0,0,0,1,1,0,0,0,1,0,1,0,0,1,0,0,0,0,0,0,1,0,0
R0034,real_4w,4,3,3,2026-04-12 13:38:21,300000.0,Down,850000.0,850000.0,320000.0,400000.0,1,1,523333.3333333333,233285.7094256359,320000.0,850000.0,530000.0,530000.0,1.65625,530000.0,1.65625,Up,1,0,0,1.624203821656051,0.44576887151395395,1,530000.0,1.65625,0.44576887151395395,400000.0,1.125,4,2,2,0,0,0,1,0,0,25,7,2,2.4849066497880004,4,3,12,739240.8333333334,0,3,0,0,0,1,0,0,1,0,0,0,1,1,1,0,0,0,0,0,0,1,1,0,0,0,1,0,1,0,0,1,0,0,0,0,0,0,1,0,2
R0035,real_4w,2,1,1,2026-04-26 13:48:18,1273200.0,Up,825000.0,825000.0,0.0,0.0,0,0,825000.0,0.0,825000.0,825000.0,0.0,0.0,0.0,0.0,0.0,Stable,0,0,1,1.0,0.0,0,0.0,0.0,0.0,825000.0,0.0,4,4,2,0,1,1,1,0,0,34,4,8,3.8918202981106265,6,9,54,517481.9375,2,3,0,0,0,0,0,1,0,0,0,0,0,0,1,0,0,0,0,0,0,1,0,1,0,0,1,0,0,0,0,0,0,0,0,0,1,0,0,0,1
R0035,real_4w,3,2,2,2026-04-19 13:48:18,1350000.0,Stable,1273200.0,1273200.0,825000.0,0.0,1,0,1049100.0,224100.0,825000.0,1273200.0,448200.0,448200.0,0.5432727272727272,448200.0,0.5432727272727272,Up,1,0,0,1.2136116671432657,0.21361166714326565,1,448200.0,0.5432727272727272,0.21361166714326565,1049100.0,0.21361166714326565,4,3,2,0,0,0,1,0,0,34,4,8,3.8918202981106265,6,9,54,517481.9375,2,3,0,0,0,0,0,1,0,0,0,0,0,0,1,0,0,0,0,0,0,1,0,1,0,0,1,0,0,0,0,0,0,0,0,0,1,0,0,0,2
R0035,real_4w,4,3,3,2026-04-12 13:48:18,530000.0,Down,1350000.0,1350000.0,1273200.0,825000.0,1,1,1149400.0,231518.2930137487,825000.0,1350000.0,525000.0,76800.0,0.060320452403393024,76800.0,0.060320452403393024,Stable,0,0,1,1.1745258395684706,0.20142534627957953,1,76800.0,0.060320452403393024,0.20142534627957953,1273200.0,0.060320452403393024,4,2,2,0,0,0,1,0,0,34,4,8,3.8918202981106265,6,9,54,517481.9375,2,3,0,0,0,0,0,1,0,0,0,0,0,0,1,0,0,0,0,0,0,1,0,1,0,0,1,0,0,0,0,0,0,0,0,0,1,0,0,0,1
R0036,real_4w,2,1,1,2026-04-26 13:50:23,260000.0,Stable,260000.0,260000.0,0.0,0.0,0,0,260000.0,0.0,260000.0,260000.0,0.0,0.0,0.0,0.0,0.0,Stable,0,0,1,1.0,0.0,0,0.0,0.0,0.0,260000.0,0.0,4,4,2,0,1,1,1,0,0,25,1,2,3.6888794541139363,5,6,30,739240.8333333334,0,1,1,0,0,0,0,0,0,0,0,1,1,0,0,0,0,0,0,0,0,1,0,0,1,1,0,0,1,0,0,0,0,0,1,0,0,0,0,0,1
R0036,real_4w,3,2,2,2026-04-19 13:50:23,205000.0,Down,260000.0,260000.0,260000.0,0.0,1,0,260000.0,0.0,260000.0,260000.0,0.0,0.0,0.0,0.0,0.0,Stable,0,0,1,1.0,0.0,0,0.0,0.0,0.0,260000.0,0.0,4,3,2,0,0,0,1,0,0,25,1,2,3.6888794541139363,5,6,30,739240.8333333334,0,1,1,0,0,0,0,0,0,0,0,1,1,0,0,0,0,0,0,0,0,1,0,0,1,1,0,0,1,0,0,0,0,0,1,0,0,0,0,0,1
R0036,real_4w,4,3,3,2026-04-12 13:50:23,185000.0,Stable,205000.0,205000.0,260000.0,260000.0,1,1,241666.66666666666,25927.248643506744,205000.0,260000.0,55000.0,-55000.0,-0.21153846153846154,-55000.0,-0.21153846153846154,Down,0,1,0,0.8482758620689655,0.10728516680071756,0,-55000.0,-0.21153846153846154,0.10728516680071756,260000.0,-0.21153846153846154,4,2,2,0,0,0,1,0,0,25,1,2,3.6888794541139363,5,6,30,739240.8333333334,0,1,1,0,0,0,0,0,0,0,0,1,1,0,0,0,0,0,0,0,0,1,0,0,1,1,0,0,1,0,0,0,0,0,1,0,0,0,0,0,0
R0037,real_4w,2,1,1,2026-04-26 14:04:58,100000.0,Down,240000.0,240000.0,0.0,0.0,0,0,240000.0,0.0,240000.0,240000.0,0.0,0.0,0.0,0.0,0.0,Stable,0,0,1,1.0,0.0,0,0.0,0.0,0.0,240000.0,0.0,4,4,2,0,1,1,1,0,0,31,6,3,3.044522437723423,3,6,18,518297.0,0,3,0,0,0,0,0,0,0,0,0,1,0,0,1,0,0,1,0,0,0,1,0,0,0,0,1,0,0,0,1,0,0,1,0,0,0,0,0,0,1
R0037,real_4w,3,2,2,2026-04-19 14:04:58,280000.0,Up,100000.0,100000.0,240000.0,0.0,1,0,170000.0,70000.0,100000.0,240000.0,140000.0,-140000.0,-0.5833333333333334,-140000.0,-0.5833333333333334,Down,0,1,0,0.5882352941176471,0.4117647058823529,0,-140000.0,-0.5833333333333334,0.4117647058823529,170000.0,-0.4117647058823529,4,3,2,0,0,0,1,0,0,31,6,3,3.044522437723423,3,6,18,518297.0,0,3,0,0,0,0,0,0,0,0,0,1,0,0,1,0,0,1,0,0,0,1,0,0,0,0,1,0,0,0,1,0,0,1,0,0,0,0,0,0,0
R0037,real_4w,4,3,3,2026-04-12 14:04:58,130000.0,Down,280000.0,280000.0,100000.0,240000.0,1,1,206666.66666666666,77172.2460186015,100000.0,280000.0,180000.0,180000.0,1.8,180000.0,1.8,Up,1,0,0,1.3548387096774195,0.37341409363839434,1,180000.0,1.8,0.37341409363839434,240000.0,0.16666666666666666,4,2,2,0,0,0,1,0,0,31,6,3,3.044522437723423,3,6,18,518297.0,0,3,0,0,0,0,0,0,0,0,0,1,0,0,1,0,0,1,0,0,0,1,0,0,0,0,1,0,0,0,1,0,0,1,0,0,0,0,0,0,2
R0038,real_4w,2,1,1,2026-04-26 14:35:05,930000.0,Up,500000.0,500000.0,0.0,0.0,0,0,500000.0,0.0,500000.0,500000.0,0.0,0.0,0.0,0.0,0.0,Stable,0,0,1,1.0,0.0,0,0.0,0.0,0.0,500000.0,0.0,4,4,2,0,1,1,1,0,0,33,4,8,2.772588722239781,6,8,48,517481.9375,2,1,0,0,0,0,0,1,0,0,0,0,0,0,1,0,0,0,0,0,0,1,0,0,0,0,1,0,0,0,0,0,0,0,0,0,1,0,0,0,1
R0038,real_4w,3,2,2,2026-04-19 14:35:05,775000.0,Down,930000.0,930000.0,500000.0,0.0,1,0,715000.0,215000.0,500000.0,930000.0,430000.0,430000.0,0.86,430000.0,0.86,Up,1,0,0,1.3006993006993006,0.3006993006993007,1,430000.0,0.86,0.3006993006993007,715000.0,0.3006993006993007,4,3,2,0,0,0,1,0,0,33,4,8,2.772588722239781,6,8,48,517481.9375,2,1,0,0,0,0,0,1,0,0,0,0,0,0,1,0,0,0,0,0,0,1,0,0,0,0,1,0,0,0,0,0,0,0,0,0,1,0,0,0,2
R0038,real_4w,4,3,3,2026-04-12 14:35:05,760000.0,Stable,775000.0,775000.0,930000.0,500000.0,1,1,735000.0,177810.76082922166,500000.0,930000.0,430000.0,-155000.0,-0.16666666666666666,-155000.0,-0.16666666666666666,Down,0,1,0,1.054421768707483,0.24191940248873695,1,-155000.0,-0.16666666666666666,0.24191940248873695,775000.0,0.0,4,2,2,0,0,0,1,0,0,33,4,8,2.772588722239781,6,8,48,517481.9375,2,1,0,0,0,0,0,1,0,0,0,0,0,0,1,0,0,0,0,0,0,1,0,0,0,0,1,0,0,0,0,0,0,0,0,0,1,0,0,0,0
R0039,real_4w,2,1,1,2026-04-26 14:41:13,175000.0,Down,300000.0,300000.0,0.0,0.0,0,0,300000.0,0.0,300000.0,300000.0,0.0,0.0,0.0,0.0,0.0,Stable,0,0,1,1.0,0.0,0,0.0,0.0,0.0,300000.0,0.0,4,4,2,0,1,1,1,0,0,24,3,8,2.3978952727983707,6,4,24,517481.9375,0,1,0,0,0,1,0,0,1,0,0,1,0,0,1,0,1,1,1,0,0,1,0,0,0,1,1,0,0,1,1,0,1,0,0,0,0,0,0,0,1
R0039,real_4w,3,2,2,2026-04-19 14:41:13,195000.0,Up,175000.0,175000.0,300000.0,0.0,1,0,237500.0,62500.0,175000.0,300000.0,125000.0,-125000.0,-0.4166666666666667,-125000.0,-0.4166666666666667,Down,0,1,0,0.7368421052631579,0.2631578947368421,0,-125000.0,-0.4166666666666667,0.2631578947368421,237500.0,-0.2631578947368421,4,3,2,0,0,0,1,0,0,24,3,8,2.3978952727983707,6,4,24,517481.9375,0,1,0,0,0,1,0,0,1,0,0,1,0,0,1,0,1,1,1,0,0,1,0,0,0,1,1,0,0,1,1,0,1,0,0,0,0,0,0,0,0
R0039,real_4w,4,3,3,2026-04-12 14:41:13,250000.0,Up,195000.0,195000.0,175000.0,300000.0,1,1,223333.33333333334,54822.947344661756,175000.0,300000.0,125000.0,20000.0,0.11428571428571428,20000.0,0.11428571428571428,Up,1,0,0,0.8731343283582089,0.24547588363281383,0,20000.0,0.11428571428571428,0.24547588363281383,195000.0,0.0,4,2,2,0,0,0,1,0,0,24,3,8,2.3978952727983707,6,4,24,517481.9375,0,1,0,0,0,1,0,0,1,0,0,1,0,0,1,0,1,1,1,0,0,1,0,0,0,1,1,0,0,1,1,0,1,0,0,0,0,0,0,0,2
R0040,real_4w,2,1,1,2026-04-26 15:43:03,870000.0,Up,590000.0,590000.0,0.0,0.0,0,0,590000.0,0.0,590000.0,590000.0,0.0,0.0,0.0,0.0,0.0,Stable,0,0,1,1.0,0.0,0,0.0,0.0,0.0,590000.0,0.0,4,4,2,0,1,1,1,0,0,37,5,1,2.833213344056216,7,7,49,518297.0,2,3,0,1,0,0,0,0,0,0,0,0,0,0,0,0,0,1,0,0,1,1,0,0,0,0,0,0,0,0,1,0,0,0,0,1,0,0,0,0,1
R0040,real_4w,3,2,2,2026-04-19 15:43:03,600000.0,Down,870000.0,870000.0,590000.0,0.0,1,0,730000.0,140000.0,590000.0,870000.0,280000.0,280000.0,0.4745762711864407,280000.0,0.4745762711864407,Up,1,0,0,1.1917808219178083,0.1917808219178082,1,280000.0,0.4745762711864407,0.1917808219178082,730000.0,0.1917808219178082,4,3,2,0,0,0,1,0,0,37,5,1,2.833213344056216,7,7,49,518297.0,2,3,0,1,0,0,0,0,0,0,0,0,0,0,0,0,0,1,0,0,1,1,0,0,0,0,0,0,0,0,1,0,0,0,0,1,0,0,0,0,2
R0040,real_4w,4,3,3,2026-04-12 15:43:03,700000.0,Up,600000.0,600000.0,870000.0,590000.0,1,1,686666.6666666666,129700.50972229146,590000.0,870000.0,280000.0,-270000.0,-0.3103448275862069,-270000.0,-0.3103448275862069,Down,0,1,0,0.8737864077669903,0.18888423745964777,0,-270000.0,-0.3103448275862069,0.18888423745964777,600000.0,0.0,4,2,2,0,0,0,1,0,0,37,5,1,2.833213344056216,7,7,49,518297.0,2,3,0,1,0,0,0,0,0,0,0,0,0,0,0,0,0,1,0,0,1,1,0,0,0,0,0,0,0,0,1,0,0,0,0,1,0,0,0,0,0
R0041,real_4w,2,1,1,2026-04-26 15:58:17,380000.0,Down,650000.0,650000.0,0.0,0.0,0,0,650000.0,0.0,650000.0,650000.0,0.0,0.0,0.0,0.0,0.0,Stable,0,0,1,1.0,0.0,0,0.0,0.0,0.0,650000.0,0.0,4,4,2,0,1,1,1,0,0,35,5,2,2.4849066497880004,6,8,48,739240.8333333334,0,4,0,0,1,0,0,0,0,0,0,0,0,1,1,0,0,0,0,0,1,1,0,0,0,0,1,0,0,0,0,1,0,0,0,1,0,0,0,0,1
R0041,real_4w,3,2,2,2026-04-19 15:58:17,575000.0,Up,380000.0,380000.0,650000.0,0.0,1,0,515000.0,135000.0,380000.0,650000.0,270000.0,-270000.0,-0.4153846153846154,-270000.0,-0.4153846153846154,Down,0,1,0,0.7378640776699029,0.2621359223300971,0,-270000.0,-0.4153846153846154,0.2621359223300971,515000.0,-0.2621359223300971,4,3,2,0,0,0,1,0,0,35,5,2,2.4849066497880004,6,8,48,739240.8333333334,0,4,0,0,1,0,0,0,0,0,0,0,0,1,1,0,0,0,0,0,1,1,0,0,0,0,1,0,0,0,0,1,0,0,0,1,0,0,0,0,0
R0041,real_4w,4,3,3,2026-04-12 15:58:17,780000.0,Up,575000.0,575000.0,380000.0,650000.0,1,1,535000.0,113798.06676741042,380000.0,650000.0,270000.0,195000.0,0.5131578947368421,195000.0,0.5131578947368421,Up,1,0,0,1.074766355140187,0.21270666685497275,1,195000.0,0.5131578947368421,0.21270666685497275,575000.0,0.0,4,2,2,0,0,0,1,0,0,35,5,2,2.4849066497880004,6,8,48,739240.8333333334,0,4,0,0,1,0,0,0,0,0,0,0,0,1,1,0,0,0,0,0,1,1,0,0,0,0,1,0,0,0,0,1,0,0,0,1,0,0,0,0,2
R0042,real_4w,2,1,1,2026-04-26 16:07:52,390000.0,Stable,425000.0,425000.0,0.0,0.0,0,0,425000.0,0.0,425000.0,425000.0,0.0,0.0,0.0,0.0,0.0,Stable,0,0,1,1.0,0.0,0,0.0,0.0,0.0,425000.0,0.0,4,4,2,0,1,1,1,0,0,25,1,2,3.367295829986474,4,5,20,739240.8333333334,2,0,0,0,0,0,0,0,0,0,0,0,1,0,1,0,0,0,0,0,1,1,0,0,0,1,1,0,1,0,0,0,0,0,1,0,0,0,0,0,1
R0042,real_4w,3,2,2,2026-04-19 16:07:52,510000.0,Up,390000.0,390000.0,425000.0,0.0,1,0,407500.0,17500.0,390000.0,425000.0,35000.0,-35000.0,-0.08235294117647059,-35000.0,-0.08235294117647059,Stable,0,0,1,0.9570552147239264,0.04294478527607362,0,-35000.0,-0.08235294117647059,0.04294478527607362,407500.0,-0.04294478527607362,4,3,2,0,0,0,1,0,0,25,1,2,3.367295829986474,4,5,20,739240.8333333334,2,0,0,0,0,0,0,0,0,0,0,0,1,0,1,0,0,0,0,0,1,1,0,0,0,1,1,0,1,0,0,0,0,0,1,0,0,0,0,0,1
R0042,real_4w,4,3,3,2026-04-12 16:07:52,470000.0,Stable,510000.0,510000.0,390000.0,425000.0,1,1,441666.6666666667,50387.38819276991,390000.0,510000.0,120000.0,120000.0,0.3076923076923077,120000.0,0.3076923076923077,Up,1,0,0,1.1547169811320754,0.11408465251193187,1,120000.0,0.3076923076923077,0.11408465251193187,425000.0,0.2,4,2,2,0,0,0,1,0,0,25,1,2,3.367295829986474,4,5,20,739240.8333333334,2,0,0,0,0,0,0,0,0,0,0,0,1,0,1,0,0,0,0,0,1,1,0,0,0,1,1,0,1,0,0,0,0,0,1,0,0,0,0,0,2
R0043,real_4w,2,1,1,2026-04-26 16:08:38,1135000.0,Up,1020000.0,1020000.0,0.0,0.0,0,0,1020000.0,0.0,1020000.0,1020000.0,0.0,0.0,0.0,0.0,0.0,Stable,0,0,1,1.0,0.0,0,0.0,0.0,0.0,1020000.0,0.0,4,4,2,0,1,1,1,0,0,35,5,2,1.3862943611198906,6,10,60,739240.8333333334,2,1,0,0,1,0,0,0,0,0,0,0,0,1,1,0,0,0,0,0,0,1,0,0,0,0,1,0,0,0,0,1,0,0,0,1,0,0,0,0,1
R0043,real_4w,3,2,2,2026-04-19 16:08:38,60000.0,Down,1135000.0,1135000.0,1020000.0,0.0,1,0,1077500.0,57500.0,1020000.0,1135000.0,115000.0,115000.0,0.11274509803921569,115000.0,0.11274509803921569,Up,1,0,0,1.0533642691415313,0.05336426914153132,1,115000.0,0.11274509803921569,0.05336426914153132,1077500.0,0.05336426914153132,4,3,2,0,0,0,1,0,0,35,5,2,1.3862943611198906,6,10,60,739240.8333333334,2,1,0,0,1,0,0,0,0,0,0,0,0,1,1,0,0,0,0,0,0,1,0,0,0,0,1,0,0,0,0,1,0,0,0,1,0,0,0,0,2
R0043,real_4w,4,3,3,2026-04-12 16:08:38,60000.0,Stable,60000.0,60000.0,1135000.0,1020000.0,1,1,738333.3333333334,481946.28561928164,60000.0,1135000.0,1075000.0,-1075000.0,-0.947136563876652,-1075000.0,-0.947136563876652,Down,0,1,0,0.08126410835214447,0.6527489195746478,0,-1075000.0,-0.947136563876652,0.6527489195746478,1020000.0,-0.9411764705882353,4,2,2,0,0,0,1,0,0,35,5,2,1.3862943611198906,6,10,60,739240.8333333334,2,1,0,0,1,0,0,0,0,0,0,0,0,1,1,0,0,0,0,0,0,1,0,0,0,0,1,0,0,0,0,1,0,0,0,1,0,0,0,0,0
R0044,real_4w,2,1,1,2026-04-26 16:17:51,500000.0,Up,360000.0,360000.0,0.0,0.0,0,0,360000.0,0.0,360000.0,360000.0,0.0,0.0,0.0,0.0,0.0,Stable,0,0,1,1.0,0.0,0,0.0,0.0,0.0,360000.0,0.0,4,4,2,0,1,1,1,0,0,28,6,2,2.5649493574615367,5,8,40,739240.8333333334,2,4,0,0,0,0,0,0,0,0,0,1,0,1,1,0,0,1,0,0,0,1,0,0,0,0,1,0,0,0,1,1,0,1,0,0,0,0,0,0,1
R0044,real_4w,3,2,2,2026-04-19 16:17:51,370000.0,Down,500000.0,500000.0,360000.0,0.0,1,0,430000.0,70000.0,360000.0,500000.0,140000.0,140000.0,0.3888888888888889,140000.0,0.3888888888888889,Up,1,0,0,1.1627906976744187,0.16279069767441862,1,140000.0,0.3888888888888889,0.16279069767441862,430000.0,0.16279069767441862,4,3,2,0,0,0,1,0,0,28,6,2,2.5649493574615367,5,8,40,739240.8333333334,2,4,0,0,0,0,0,0,0,0,0,1,0,1,1,0,0,1,0,0,0,1,0,0,0,0,1,0,0,0,1,1,0,1,0,0,0,0,0,0,2
R0044,real_4w,4,3,3,2026-04-12 16:17:51,530000.0,Up,370000.0,370000.0,500000.0,360000.0,1,1,410000.0,63770.42156569663,360000.0,500000.0,140000.0,-130000.0,-0.26,-130000.0,-0.26,Down,0,1,0,0.9024390243902439,0.15553761357486984,0,-130000.0,-0.26,0.15553761357486984,370000.0,0.0,4,2,2,0,0,0,1,0,0,28,6,2,2.5649493574615367,5,8,40,739240.8333333334,2,4,0,0,0,0,0,0,0,0,0,1,0,1,1,0,0,1,0,0,0,1,0,0,0,0,1,0,0,0,1,1,0,1,0,0,0,0,0,0,0
R0045,real_4w,2,1,1,2026-04-26 16:26:45,790000.0,Stable,760000.0,760000.0,0.0,0.0,0,0,760000.0,0.0,760000.0,760000.0,0.0,0.0,0.0,0.0,0.0,Stable,0,0,1,1.0,0.0,0,0.0,0.0,0.0,760000.0,0.0,4,4,2,0,1,1,1,0,0,36,5,8,3.5553480614894135,6,7,42,517481.9375,2,4,0,1,0,0,0,0,0,0,0,0,0,0,1,0,0,0,0,0,0,1,0,0,0,0,1,0,0,0,0,0,0,0,0,1,0,0,0,0,1
R0045,real_4w,3,2,2,2026-04-19 16:26:45,1130000.0,Up,790000.0,790000.0,760000.0,0.0,1,0,775000.0,15000.0,760000.0,790000.0,30000.0,30000.0,0.039473684210526314,30000.0,0.039473684210526314,Stable,0,0,1,1.0193548387096774,0.01935483870967742,1,30000.0,0.039473684210526314,0.01935483870967742,775000.0,0.01935483870967742,4,3,2,0,0,0,1,0,0,36,5,8,3.5553480614894135,6,7,42,517481.9375,2,4,0,1,0,0,0,0,0,0,0,0,0,0,1,0,0,0,0,0,0,1,0,0,0,0,1,0,0,0,0,0,0,0,0,1,0,0,0,0,1
R0045,real_4w,4,3,3,2026-04-12 16:26:45,1175000.0,Stable,1130000.0,1130000.0,790000.0,760000.0,1,1,893333.3333333334,167796.1726487096,760000.0,1130000.0,370000.0,340000.0,0.43037974683544306,340000.0,0.43037974683544306,Up,1,0,0,1.2649253731343284,0.18783153654706297,1,340000.0,0.43037974683544306,0.18783153654706297,790000.0,0.43037974683544306,4,2,2,0,0,0,1,0,0,36,5,8,3.5553480614894135,6,7,42,517481.9375,2,4,0,1,0,0,0,0,0,0,0,0,0,0,1,0,0,0,0,0,0,1,0,0,0,0,1,0,0,0,0,0,0,0,0,1,0,0,0,0,2
R0046,real_4w,2,1,1,2026-04-26 16:54:59,510000.0,Stable,505000.0,505000.0,0.0,0.0,0,0,505000.0,0.0,505000.0,505000.0,0.0,0.0,0.0,0.0,0.0,Stable,0,0,1,1.0,0.0,0,0.0,0.0,0.0,505000.0,0.0,4,4,2,0,1,1,1,0,0,29,4,0,2.9444389791664403,7,9,63,548095.6666666666,2,1,0,0,0,0,0,1,0,0,0,0,0,0,0,1,1,0,0,0,1,1,0,1,0,0,0,1,0,1,0,0,0,0,0,0,1,0,0,0,1
R0046,real_4w,3,2,2,2026-04-19 16:54:59,25000.0,Down,510000.0,510000.0,505000.0,0.0,1,0,507500.0,2500.0,505000.0,510000.0,5000.0,5000.0,0.009900990099009901,5000.0,0.009900990099009901,Stable,0,0,1,1.0049261083743843,0.0049261083743842365,1,5000.0,0.009900990099009901,0.0049261083743842365,507500.0,0.0049261083743842365,4,3,2,0,0,0,1,0,0,29,4,0,2.9444389791664403,7,9,63,548095.6666666666,2,1,0,0,0,0,0,1,0,0,0,0,0,0,0,1,1,0,0,0,1,1,0,1,0,0,0,1,0,1,0,0,0,0,0,0,1,0,0,0,1
R0046,real_4w,4,3,3,2026-04-12 16:54:59,500000.0,Up,25000.0,25000.0,510000.0,505000.0,1,1,346666.6666666667,227461.84051152162,25000.0,510000.0,485000.0,-485000.0,-0.9509803921568627,-485000.0,-0.9509803921568627,Down,0,1,0,0.07211538461538461,0.6561399245524662,0,-485000.0,-0.9509803921568627,0.6561399245524662,505000.0,-0.9504950495049505,4,2,2,0,0,0,1,0,0,29,4,0,2.9444389791664403,7,9,63,548095.6666666666,2,1,0,0,0,0,0,1,0,0,0,0,0,0,0,1,1,0,0,0,1,1,0,1,0,0,0,1,0,1,0,0,0,0,0,0,1,0,0,0,0
R0047,real_4w,2,1,1,2026-04-26 17:04:03,1273200.0,Stable,1320000.0,1320000.0,0.0,0.0,0,0,1320000.0,0.0,1320000.0,1320000.0,0.0,0.0,0.0,0.0,0.0,Stable,0,0,1,1.0,0.0,0,0.0,0.0,0.0,1320000.0,0.0,4,4,2,0,1,1,1,0,0,26,1,2,3.6635616461296463,4,7,28,739240.8333333334,1,1,1,0,0,0,0,0,0,0,0,1,1,0,1,0,0,0,0,0,1,1,0,0,0,1,1,0,1,0,0,0,0,0,1,0,0,0,0,0,1
R0047,real_4w,3,2,2,2026-04-19 17:04:03,1200000.0,Stable,1273200.0,1273200.0,1320000.0,0.0,1,0,1296600.0,23400.0,1273200.0,1320000.0,46800.0,-46800.0,-0.035454545454545454,-46800.0,-0.035454545454545454,Stable,0,0,1,0.981952799629801,0.018047200370198982,0,-46800.0,-0.035454545454545454,0.018047200370198982,1296600.0,-0.018047200370198982,4,3,2,0,0,0,1,0,0,26,1,2,3.6635616461296463,4,7,28,739240.8333333334,1,1,1,0,0,0,0,0,0,0,0,1,1,0,1,0,0,0,0,0,1,1,0,0,0,1,1,0,1,0,0,0,0,0,1,0,0,0,0,0,1
R0047,real_4w,4,3,3,2026-04-12 17:04:03,630000.0,Down,1200000.0,1200000.0,1273200.0,1320000.0,1,1,1264400.0,49383.398019982385,1200000.0,1320000.0,120000.0,-73200.0,-0.057492931196983975,-73200.0,-0.057492931196983975,Stable,0,0,1,0.9490667510281556,0.03905678426129578,0,-73200.0,-0.057492931196983975,0.03905678426129578,1273200.0,-0.057492931196983975,4,2,2,0,0,0,1,0,0,26,1,2,3.6635616461296463,4,7,28,739240.8333333334,1,1,1,0,0,0,0,0,0,0,0,1,1,0,1,0,0,0,0,0,1,1,0,0,0,1,1,0,1,0,0,0,0,0,1,0,0,0,0,0,1
R0048,real_4w,2,1,1,2026-04-26 17:04:33,560000.0,Down,890000.0,890000.0,0.0,0.0,0,0,890000.0,0.0,890000.0,890000.0,0.0,0.0,0.0,0.0,0.0,Stable,0,0,1,1.0,0.0,0,0.0,0.0,0.0,890000.0,0.0,4,4,2,0,1,1,1,0,0,43,5,2,3.4657359027997265,6,9,54,739240.8333333334,2,0,0,0,1,0,0,0,0,0,0,0,0,0,0,0,0,0,0,0,0,1,0,0,1,0,0,0,0,0,0,0,0,0,0,1,0,0,0,0,1
R0048,real_4w,3,2,2,2026-04-19 17:04:33,1105000.0,Up,560000.0,560000.0,890000.0,0.0,1,0,725000.0,165000.0,560000.0,890000.0,330000.0,-330000.0,-0.3707865168539326,-330000.0,-0.3707865168539326,Down,0,1,0,0.7724137931034483,0.22758620689655173,0,-330000.0,-0.3707865168539326,0.22758620689655173,725000.0,-0.22758620689655173,4,3,2,0,0,0,1,0,0,43,5,2,3.4657359027997265,6,9,54,739240.8333333334,2,0,0,0,1,0,0,0,0,0,0,0,0,0,0,0,0,0,0,0,0,1,0,0,1,0,0,0,0,0,0,0,0,0,0,1,0,0,0,0,0
R0048,real_4w,4,3,3,2026-04-12 17:04:33,740000.0,Down,1105000.0,1105000.0,560000.0,890000.0,1,1,851666.6666666666,224140.33302573833,560000.0,1105000.0,545000.0,545000.0,0.9732142857142857,545000.0,0.9732142857142857,Up,1,0,0,1.2974559686888454,0.263178473220045,1,545000.0,0.9732142857142857,0.263178473220045,890000.0,0.24157303370786518,4,2,2,0,0,0,1,0,0,43,5,2,3.4657359027997265,6,9,54,739240.8333333334,2,0,0,0,1,0,0,0,0,0,0,0,0,0,0,0,0,0,0,0,0,1,0,0,1,0,0,0,0,0,0,0,0,0,0,1,0,0,0,0,2
R0049,real_4w,2,1,1,2026-04-26 17:11:02,200000.0,Down,225000.0,225000.0,0.0,0.0,0,0,225000.0,0.0,225000.0,225000.0,0.0,0.0,0.0,0.0,0.0,Stable,0,0,1,1.0,0.0,0,0.0,0.0,0.0,225000.0,0.0,4,4,2,0,1,1,1,0,0,27,7,3,2.1972245773362196,5,4,20,518297.0,0,0,0,0,0,0,0,0,0,0,0,1,0,1,0,0,0,0,0,0,0,1,0,0,0,1,0,0,0,0,0,1,0,0,0,0,0,0,1,0,1
R0049,real_4w,3,2,2,2026-04-19 17:11:02,170000.0,Down,200000.0,200000.0,225000.0,0.0,1,0,212500.0,12500.0,200000.0,225000.0,25000.0,-25000.0,-0.1111111111111111,-25000.0,-0.1111111111111111,Down,0,1,0,0.9411764705882353,0.058823529411764705,0,-25000.0,-0.1111111111111111,0.058823529411764705,212500.0,-0.058823529411764705,4,3,2,0,0,0,1,0,0,27,7,3,2.1972245773362196,5,4,20,518297.0,0,0,0,0,0,0,0,0,0,0,0,1,0,1,0,0,0,0,0,0,0,1,0,0,0,1,0,0,0,0,0,1,0,0,0,0,0,0,1,0,0
R0049,real_4w,4,3,3,2026-04-12 17:11:02,210000.0,Up,170000.0,170000.0,200000.0,225000.0,1,1,198333.33333333334,22484.562605386738,170000.0,225000.0,55000.0,-30000.0,-0.15,-30000.0,-0.15,Down,0,1,0,0.8571428571428571,0.11336754254816842,0,-30000.0,-0.15,0.11336754254816842,200000.0,-0.15,4,2,2,0,0,0,1,0,0,27,7,3,2.1972245773362196,5,4,20,518297.0,0,0,0,0,0,0,0,0,0,0,0,1,0,1,0,0,0,0,0,0,0,1,0,0,0,1,0,0,0,0,0,1,0,0,0,0,0,0,1,0,0
R0050,real_4w,2,1,1,2026-04-26 17:18:10,625000.0,Up,525000.0,525000.0,0.0,0.0,0,0,525000.0,0.0,525000.0,525000.0,0.0,0.0,0.0,0.0,0.0,Stable,0,0,1,1.0,0.0,0,0.0,0.0,0.0,525000.0,0.0,4,4,2,0,1,1,1,0,0,29,3,2,0.6931471805599453,6,7,42,739240.8333333334,1,2,0,0,0,1,0,0,1,0,0,0,0,0,1,1,1,0,0,0,0,1,0,1,0,1,1,1,0,1,0,0,1,0,0,0,0,0,0,0,1
R0050,real_4w,3,2,2,2026-04-19 17:18:10,715000.0,Up,625000.0,625000.0,525000.0,0.0,1,0,575000.0,50000.0,525000.0,625000.0,100000.0,100000.0,0.19047619047619047,100000.0,0.19047619047619047,Up,1,0,0,1.0869565217391304,0.08695652173913043,1,100000.0,0.19047619047619047,0.08695652173913043,575000.0,0.08695652173913043,4,3,2,0,0,0,1,0,0,29,3,2,0.6931471805599453,6,7,42,739240.8333333334,1,2,0,0,0,1,0,0,1,0,0,0,0,0,1,1,1,0,0,0,0,1,0,1,0,1,1,1,0,1,0,0,1,0,0,0,0,0,0,0,2
R0050,real_4w,4,3,3,2026-04-12 17:18:10,760000.0,Stable,715000.0,715000.0,625000.0,525000.0,1,1,621666.6666666666,77602.97817881877,525000.0,715000.0,190000.0,90000.0,0.144,90000.0,0.144,Up,1,0,0,1.1501340482573728,0.12483052790158516,1,90000.0,0.144,0.12483052790158516,625000.0,0.144,4,2,2,0,0,0,1,0,0,29,3,2,0.6931471805599453,6,7,42,739240.8333333334,1,2,0,0,0,1,0,0,1,0,0,0,0,0,1,1,1,0,0,0,0,1,0,1,0,1,1,1,0,1,0,0,1,0,0,0,0,0,0,0,2
R0051,real_4w,2,1,1,2026-04-26 17:21:35,970000.0,Up,450000.0,450000.0,0.0,0.0,0,0,450000.0,0.0,450000.0,450000.0,0.0,0.0,0.0,0.0,0.0,Stable,0,0,1,1.0,0.0,0,0.0,0.0,0.0,450000.0,0.0,4,4,2,0,1,1,1,0,0,38,5,1,2.833213344056216,7,10,70,518297.0,2,4,0,1,0,0,0,0,0,0,0,0,0,0,1,0,0,0,0,0,1,1,0,0,0,0,1,0,0,0,0,0,0,0,0,1,0,0,0,0,1
R0051,real_4w,3,2,2,2026-04-19 17:21:35,550000.0,Down,970000.0,970000.0,450000.0,0.0,1,0,710000.0,260000.0,450000.0,970000.0,520000.0,520000.0,1.1555555555555554,520000.0,1.1555555555555554,Up,1,0,0,1.3661971830985915,0.36619718309859156,1,520000.0,1.1555555555555554,0.36619718309859156,710000.0,0.36619718309859156,4,3,2,0,0,0,1,0,0,38,5,1,2.833213344056216,7,10,70,518297.0,2,4,0,1,0,0,0,0,0,0,0,0,0,0,1,0,0,0,0,0,1,1,0,0,0,0,1,0,0,0,0,0,0,0,0,1,0,0,0,0,2
R0051,real_4w,4,3,3,2026-04-12 17:21:35,300000.0,Down,550000.0,550000.0,970000.0,450000.0,1,1,656666.6666666666,225289.936649544,450000.0,970000.0,520000.0,-420000.0,-0.4329896907216495,-420000.0,-0.4329896907216495,Down,0,1,0,0.8375634517766498,0.34308112180133604,0,-420000.0,-0.4329896907216495,0.34308112180133604,550000.0,0.0,4,2,2,0,0,0,1,0,0,38,5,1,2.833213344056216,7,10,70,518297.0,2,4,0,1,0,0,0,0,0,0,0,0,0,0,1,0,0,0,0,0,1,1,0,0,0,0,1,0,0,0,0,0,0,0,0,1,0,0,0,0,0
R0052,real_4w,2,1,1,2026-04-26 17:28:10,150000.0,Down,270000.0,270000.0,0.0,0.0,0,0,270000.0,0.0,270000.0,270000.0,0.0,0.0,0.0,0.0,0.0,Stable,0,0,1,1.0,0.0,0,0.0,0.0,0.0,270000.0,0.0,4,4,2,0,1,1,1,0,0,18,7,3,3.6109179126442243,3,4,12,518297.0,2,3,0,0,0,1,0,0,1,0,0,1,1,1,1,0,0,0,0,0,0,1,0,0,0,1,1,0,1,0,0,1,0,0,0,0,0,0,1,0,1
R0052,real_4w,3,2,2,2026-04-19 17:28:10,550000.0,Up,150000.0,150000.0,270000.0,0.0,1,0,210000.0,60000.0,150000.0,270000.0,120000.0,-120000.0,-0.4444444444444444,-120000.0,-0.4444444444444444,Down,0,1,0,0.7142857142857143,0.2857142857142857,0,-120000.0,-0.4444444444444444,0.2857142857142857,210000.0,-0.2857142857142857,4,3,2,0,0,0,1,0,0,18,7,3,3.6109179126442243,3,4,12,518297.0,2,3,0,0,0,1,0,0,1,0,0,1,1,1,1,0,0,0,0,0,0,1,0,0,0,1,1,0,1,0,0,1,0,0,0,0,0,0,1,0,0
R0052,real_4w,4,3,3,2026-04-12 17:28:10,185000.0,Down,550000.0,550000.0,150000.0,270000.0,1,1,323333.3333333333,167597.40119968713,150000.0,550000.0,400000.0,400000.0,2.6666666666666665,400000.0,2.6666666666666665,Up,1,0,0,1.7010309278350517,0.5183424779371767,1,400000.0,2.6666666666666665,0.5183424779371767,270000.0,1.037037037037037,4,2,2,0,0,0,1,0,0,18,7,3,3.6109179126442243,3,4,12,518297.0,2,3,0,0,0,1,0,0,1,0,0,1,1,1,1,0,0,0,0,0,0,1,0,0,0,1,1,0,1,0,0,1,0,0,0,0,0,0,1,0,2
R0053,real_4w,2,1,1,2026-04-26 17:33:10,395000.0,Down,700000.0,700000.0,0.0,0.0,0,0,700000.0,0.0,700000.0,700000.0,0.0,0.0,0.0,0.0,0.0,Stable,0,0,1,1.0,0.0,0,0.0,0.0,0.0,700000.0,0.0,4,4,2,0,1,1,1,0,0,33,5,5,2.70805020110221,6,9,54,460955.5,2,4,0,1,1,0,0,0,0,0,0,0,0,0,0,0,1,1,0,0,0,1,0,0,1,0,0,0,0,1,1,0,0,0,0,1,0,0,0,0,1
R0053,real_4w,3,2,2,2026-04-19 17:33:10,475000.0,Up,395000.0,395000.0,700000.0,0.0,1,0,547500.0,152500.0,395000.0,700000.0,305000.0,-305000.0,-0.4357142857142857,-305000.0,-0.4357142857142857,Down,0,1,0,0.7214611872146118,0.2785388127853881,0,-305000.0,-0.4357142857142857,0.2785388127853881,547500.0,-0.2785388127853881,4,3,2,0,0,0,1,0,0,33,5,5,2.70805020110221,6,9,54,460955.5,2,4,0,1,1,0,0,0,0,0,0,0,0,0,0,0,1,1,0,0,0,1,0,0,1,0,0,0,0,1,1,0,0,0,0,1,0,0,0,0,0
R0053,real_4w,4,3,3,2026-04-12 17:33:10,940000.0,Up,475000.0,475000.0,395000.0,700000.0,1,1,523333.3333333333,129120.9596549771,395000.0,700000.0,305000.0,80000.0,0.20253164556962025,80000.0,0.20253164556962025,Up,1,0,0,0.9076433121019108,0.24672794838530657,0,80000.0,0.20253164556962025,0.24672794838530657,475000.0,0.0,4,2,2,0,0,0,1,0,0,33,5,5,2.70805020110221,6,9,54,460955.5,2,4,0,1,1,0,0,0,0,0,0,0,0,0,0,0,1,1,0,0,0,1,0,0,1,0,0,0,0,1,1,0,0,0,0,1,0,0,0,0,2
R0054,real_4w,2,1,1,2026-04-26 17:33:29,365000.0,Down,750000.0,750000.0,0.0,0.0,0,0,750000.0,0.0,750000.0,750000.0,0.0,0.0,0.0,0.0,0.0,Stable,0,0,1,1.0,0.0,0,0.0,0.0,0.0,750000.0,0.0,4,4,2,0,1,1,1,0,0,26,1,1,3.6635616461296463,4,7,28,518297.0,0,0,1,0,0,1,0,0,1,0,0,0,1,0,1,0,0,1,0,0,0,1,0,0,1,0,1,0,1,0,1,0,0,0,1,0,0,0,0,0,1
R0054,real_4w,3,2,2,2026-04-19 17:33:29,630000.0,Up,365000.0,365000.0,750000.0,0.0,1,0,557500.0,192500.0,365000.0,750000.0,385000.0,-385000.0,-0.5133333333333333,-385000.0,-0.5133333333333333,Down,0,1,0,0.6547085201793722,0.3452914798206278,0,-385000.0,-0.5133333333333333,0.3452914798206278,557500.0,-0.3452914798206278,4,3,2,0,0,0,1,0,0,26,1,1,3.6635616461296463,4,7,28,518297.0,0,0,1,0,0,1,0,0,1,0,0,0,1,0,1,0,0,1,0,0,0,1,0,0,1,0,1,0,1,0,1,0,0,0,1,0,0,0,0,0,0
R0054,real_4w,4,3,3,2026-04-12 17:33:29,590000.0,Stable,630000.0,630000.0,365000.0,750000.0,1,1,581666.6666666666,160848.4448859305,365000.0,750000.0,385000.0,265000.0,0.726027397260274,265000.0,0.726027397260274,Up,1,0,0,1.0830945558739256,0.27653027774085476,1,265000.0,0.726027397260274,0.27653027774085476,630000.0,0.0,4,2,2,0,0,0,1,0,0,26,1,1,3.6635616461296463,4,7,28,518297.0,0,0,1,0,0,1,0,0,1,0,0,0,1,0,1,0,0,1,0,0,0,1,0,0,1,0,1,0,1,0,1,0,0,0,1,0,0,0,0,0,2
R0055,real_4w,2,1,1,2026-04-26 18:08:39,980000.0,Up,555000.0,555000.0,0.0,0.0,0,0,555000.0,0.0,555000.0,555000.0,0.0,0.0,0.0,0.0,0.0,Stable,0,0,1,1.0,0.0,0,0.0,0.0,0.0,555000.0,0.0,4,4,2,0,1,1,1,0,0,43,6,0,3.8501476017100584,5,7,35,548095.6666666666,2,0,0,0,0,0,0,0,0,0,0,1,0,1,1,0,0,1,1,0,0,1,0,0,0,0,1,0,0,0,1,1,0,1,0,0,0,0,0,0,1
R0055,real_4w,3,2,2,2026-04-19 18:08:39,555000.0,Down,980000.0,980000.0,555000.0,0.0,1,0,767500.0,212500.0,555000.0,980000.0,425000.0,425000.0,0.7657657657657657,425000.0,0.7657657657657657,Up,1,0,0,1.276872964169381,0.2768729641693811,1,425000.0,0.7657657657657657,0.2768729641693811,767500.0,0.2768729641693811,4,3,2,0,0,0,1,0,0,43,6,0,3.8501476017100584,5,7,35,548095.6666666666,2,0,0,0,0,0,0,0,0,0,0,1,0,1,1,0,0,1,1,0,0,1,0,0,0,0,1,0,0,0,1,1,0,1,0,0,0,0,0,0,2
R0055,real_4w,4,3,3,2026-04-12 18:08:39,590000.0,Stable,555000.0,555000.0,980000.0,555000.0,1,1,696666.6666666666,200346.92133618845,555000.0,980000.0,425000.0,-425000.0,-0.4336734693877551,-425000.0,-0.4336734693877551,Down,0,1,0,0.7966507177033493,0.28757931292275857,0,-425000.0,-0.4336734693877551,0.28757931292275857,555000.0,0.0,4,2,2,0,0,0,1,0,0,43,6,0,3.8501476017100584,5,7,35,548095.6666666666,2,0,0,0,0,0,0,0,0,0,0,1,0,1,1,0,0,1,1,0,0,1,0,0,0,0,1,0,0,0,1,1,0,1,0,0,0,0,0,0,0
R0056,real_4w,2,1,1,2026-04-26 18:10:48,250000.0,Down,750000.0,750000.0,0.0,0.0,0,0,750000.0,0.0,750000.0,750000.0,0.0,0.0,0.0,0.0,0.0,Stable,0,0,1,1.0,0.0,0,0.0,0.0,0.0,750000.0,0.0,4,4,2,0,1,1,1,0,0,22,3,3,2.1972245773362196,6,7,42,518297.0,1,0,0,0,0,1,0,0,1,0,0,0,0,0,0,1,0,1,0,0,0,1,0,0,0,1,0,1,0,0,1,0,1,0,0,0,0,0,0,0,1
R0056,real_4w,3,2,2,2026-04-19 18:10:48,450000.0,Up,250000.0,250000.0,750000.0,0.0,1,0,500000.0,250000.0,250000.0,750000.0,500000.0,-500000.0,-0.6666666666666666,-500000.0,-0.6666666666666666,Down,0,1,0,0.5,0.5,0,-500000.0,-0.6666666666666666,0.5,500000.0,-0.5,4,3,2,0,0,0,1,0,0,22,3,3,2.1972245773362196,6,7,42,518297.0,1,0,0,0,0,1,0,0,1,0,0,0,0,0,0,1,0,1,0,0,0,1,0,0,0,1,0,1,0,0,1,0,1,0,0,0,0,0,0,0,0
R0056,real_4w,4,3,3,2026-04-12 18:10:48,225000.0,Down,450000.0,450000.0,250000.0,750000.0,1,1,483333.3333333333,205480.46676563253,250000.0,750000.0,500000.0,200000.0,0.8,200000.0,0.8,Up,1,0,0,0.9310344827586208,0.425132000204757,0,200000.0,0.8,0.425132000204757,450000.0,0.0,4,2,2,0,0,0,1,0,0,22,3,3,2.1972245773362196,6,7,42,518297.0,1,0,0,0,0,1,0,0,1,0,0,0,0,0,0,1,0,1,0,0,0,1,0,0,0,1,0,1,0,0,1,0,1,0,0,0,0,0,0,0,2
R0057,real_4w,2,1,1,2026-04-26 18:25:46,310000.0,Up,140000.0,140000.0,0.0,0.0,0,0,140000.0,0.0,140000.0,140000.0,0.0,0.0,0.0,0.0,0.0,Stable,0,0,1,1.0,0.0,0,0.0,0.0,0.0,140000.0,0.0,4,4,2,0,1,1,1,0,0,20,6,3,3.2188758248682006,7,6,42,518297.0,2,0,0,0,0,0,0,0,0,0,0,1,0,0,1,0,0,1,1,0,0,1,0,0,0,0,1,0,0,0,1,0,0,1,0,0,0,0,0,0,1
R0057,real_4w,3,2,2,2026-04-19 18:25:46,340000.0,Stable,310000.0,310000.0,140000.0,0.0,1,0,225000.0,85000.0,140000.0,310000.0,170000.0,170000.0,1.2142857142857142,170000.0,1.2142857142857142,Up,1,0,0,1.3777777777777778,0.37777777777777777,1,170000.0,1.2142857142857142,0.37777777777777777,225000.0,0.37777777777777777,4,3,2,0,0,0,1,0,0,20,6,3,3.2188758248682006,7,6,42,518297.0,2,0,0,0,0,0,0,0,0,0,0,1,0,0,1,0,0,1,1,0,0,1,0,0,0,0,1,0,0,0,1,0,0,1,0,0,0,0,0,0,2
R0057,real_4w,4,3,3,2026-04-12 18:25:46,240000.0,Down,340000.0,340000.0,310000.0,140000.0,1,1,263333.3333333333,88065.63209081937,140000.0,340000.0,200000.0,30000.0,0.0967741935483871,30000.0,0.0967741935483871,Stable,0,0,1,1.2911392405063291,0.3344264509777951,1,30000.0,0.0967741935483871,0.3344264509777951,310000.0,0.0967741935483871,4,2,2,0,0,0,1,0,0,20,6,3,3.2188758248682006,7,6,42,518297.0,2,0,0,0,0,0,0,0,0,0,0,1,0,0,1,0,0,1,1,0,0,1,0,0,0,0,1,0,0,0,1,0,0,1,0,0,0,0,0,0,1
R0058,real_4w,2,1,1,2026-04-26 18:39:52,250000.0,Down,330000.0,330000.0,0.0,0.0,0,0,330000.0,0.0,330000.0,330000.0,0.0,0.0,0.0,0.0,0.0,Stable,0,0,1,1.0,0.0,0,0.0,0.0,0.0,330000.0,0.0,4,4,2,0,1,1,1,0,0,29,6,0,3.4011973816621555,7,10,70,548095.6666666666,2,3,0,0,0,0,0,0,0,0,0,1,0,1,0,0,0,0,0,0,0,1,0,0,0,0,0,0,0,0,0,1,0,1,0,0,0,0,0,0,1
R0058,real_4w,3,2,2,2026-04-19 18:39:52,225000.0,Stable,250000.0,250000.0,330000.0,0.0,1,0,290000.0,40000.0,250000.0,330000.0,80000.0,-80000.0,-0.24242424242424243,-80000.0,-0.24242424242424243,Down,0,1,0,0.8620689655172413,0.13793103448275862,0,-80000.0,-0.24242424242424243,0.13793103448275862,290000.0,-0.13793103448275862,4,3,2,0,0,0,1,0,0,29,6,0,3.4011973816621555,7,10,70,548095.6666666666,2,3,0,0,0,0,0,0,0,0,0,1,0,1,0,0,0,0,0,0,0,1,0,0,0,0,0,0,0,0,0,1,0,1,0,0,0,0,0,0,0
R0058,real_4w,4,3,3,2026-04-12 18:39:52,660000.0,Up,225000.0,225000.0,250000.0,330000.0,1,1,268333.3333333333,44783.429475148005,225000.0,330000.0,105000.0,-25000.0,-0.1,-25000.0,-0.1,Stable,0,0,1,0.8385093167701864,0.16689476823036525,0,-25000.0,-0.1,0.16689476823036525,250000.0,-0.1,4,2,2,0,0,0,1,0,0,29,6,0,3.4011973816621555,7,10,70,548095.6666666666,2,3,0,0,0,0,0,0,0,0,0,1,0,1,0,0,0,0,0,0,0,1,0,0,0,0,0,0,0,0,0,1,0,1,0,0,0,0,0,0,1
R0059,real_4w,2,1,1,2026-04-26 18:48:10,480000.0,Stable,440000.0,440000.0,0.0,0.0,0,0,440000.0,0.0,440000.0,440000.0,0.0,0.0,0.0,0.0,0.0,Stable,0,0,1,1.0,0.0,0,0.0,0.0,0.0,440000.0,0.0,4,4,2,0,1,1,1,0,0,21,4,3,3.091042453358316,6,9,54,518297.0,2,1,0,0,0,0,0,1,0,0,0,0,0,1,0,1,1,0,0,0,0,1,0,1,0,0,0,1,0,1,0,1,0,0,0,0,1,0,0,0,1
R0059,real_4w,3,2,2,2026-04-19 18:48:10,450000.0,Stable,480000.0,480000.0,440000.0,0.0,1,0,460000.0,20000.0,440000.0,480000.0,40000.0,40000.0,0.09090909090909091,40000.0,0.09090909090909091,Stable,0,0,1,1.0434782608695652,0.043478260869565216,1,40000.0,0.09090909090909091,0.043478260869565216,460000.0,0.043478260869565216,4,3,2,0,0,0,1,0,0,21,4,3,3.091042453358316,6,9,54,518297.0,2,1,0,0,0,0,0,1,0,0,0,0,0,1,0,1,1,0,0,0,0,1,0,1,0,0,0,1,0,1,0,1,0,0,0,0,1,0,0,0,1
R0059,real_4w,4,3,3,2026-04-12 18:48:10,475000.0,Stable,450000.0,450000.0,480000.0,440000.0,1,1,456666.6666666667,16996.73171197595,440000.0,480000.0,40000.0,-30000.0,-0.0625,-30000.0,-0.0625,Stable,0,0,1,0.9854014598540145,0.03721912053717361,0,-30000.0,-0.0625,0.03721912053717361,450000.0,0.0,4,2,2,0,0,0,1,0,0,21,4,3,3.091042453358316,6,9,54,518297.0,2,1,0,0,0,0,0,1,0,0,0,0,0,1,0,1,1,0,0,0,0,1,0,1,0,0,0,1,0,1,0,1,0,0,0,0,1,0,0,0,1
R0060,real_4w,2,1,1,2026-04-26 18:48:50,575000.0,Stable,590000.0,590000.0,0.0,0.0,0,0,590000.0,0.0,590000.0,590000.0,0.0,0.0,0.0,0.0,0.0,Stable,0,0,1,1.0,0.0,0,0.0,0.0,0.0,590000.0,0.0,4,4,2,0,1,1,1,0,0,21,7,2,2.9444389791664403,2,5,10,739240.8333333334,1,4,0,0,0,0,0,0,0,0,0,1,0,1,1,0,0,0,0,0,0,1,1,0,0,0,1,0,0,0,0,1,0,0,0,0,0,0,1,0,1
R0060,real_4w,3,2,2,2026-04-19 18:48:50,870000.0,Up,575000.0,575000.0,590000.0,0.0,1,0,582500.0,7500.0,575000.0,590000.0,15000.0,-15000.0,-0.025423728813559324,-15000.0,-0.025423728813559324,Stable,0,0,1,0.9871244635193133,0.012875536480686695,0,-15000.0,-0.025423728813559324,0.012875536480686695,582500.0,-0.012875536480686695,4,3,2,0,0,0,1,0,0,21,7,2,2.9444389791664403,2,5,10,739240.8333333334,1,4,0,0,0,0,0,0,0,0,0,1,0,1,1,0,0,0,0,0,0,1,1,0,0,0,1,0,0,0,0,1,0,0,0,0,0,0,1,0,1
R0060,real_4w,4,3,3,2026-04-12 18:48:50,625000.0,Down,870000.0,870000.0,575000.0,590000.0,1,1,678333.3333333334,135667.07616645814,575000.0,870000.0,295000.0,295000.0,0.5130434782608696,295000.0,0.5130434782608696,Up,1,0,0,1.2825552825552824,0.20000060368519626,1,295000.0,0.5130434782608696,0.20000060368519626,590000.0,0.4745762711864407,4,2,2,0,0,0,1,0,0,21,7,2,2.9444389791664403,2,5,10,739240.8333333334,1,4,0,0,0,0,0,0,0,0,0,1,0,1,1,0,0,0,0,0,0,1,1,0,0,0,1,0,0,0,0,1,0,0,0,0,0,0,1,0,2
R0061,real_4w,2,1,1,2026-04-26 19:09:34,350000.0,Up,130000.0,130000.0,0.0,0.0,0,0,130000.0,0.0,130000.0,130000.0,0.0,0.0,0.0,0.0,0.0,Stable,0,0,1,1.0,0.0,0,0.0,0.0,0.0,130000.0,0.0,4,4,2,0,1,1,1,0,0,51,6,5,2.995732273553991,5,7,35,460955.5,1,2,0,0,0,0,0,0,0,0,0,1,0,0,1,0,0,0,0,0,0,1,1,0,0,0,1,0,0,0,0,0,0,1,0,0,0,0,0,0,1
R0061,real_4w,3,2,2,2026-04-19 19:09:34,120000.0,Down,350000.0,350000.0,130000.0,0.0,1,0,240000.0,110000.0,130000.0,350000.0,220000.0,220000.0,1.6923076923076923,220000.0,1.6923076923076923,Up,1,0,0,1.4583333333333333,0.4583333333333333,1,220000.0,1.6923076923076923,0.4583333333333333,240000.0,0.4583333333333333,4,3,2,0,0,0,1,0,0,51,6,5,2.995732273553991,5,7,35,460955.5,1,2,0,0,0,0,0,0,0,0,0,1,0,0,1,0,0,0,0,0,0,1,1,0,0,0,1,0,0,0,0,0,0,1,0,0,0,0,0,0,2
R0061,real_4w,4,3,3,2026-04-12 19:09:34,310000.0,Up,120000.0,120000.0,350000.0,130000.0,1,1,200000.0,106144.55552060438,120000.0,350000.0,230000.0,-230000.0,-0.6571428571428571,-230000.0,-0.6571428571428571,Down,0,1,0,0.6,0.5307227776030219,0,-230000.0,-0.6571428571428571,0.5307227776030219,130000.0,-0.07692307692307693,4,2,2,0,0,0,1,0,0,51,6,5,2.995732273553991,5,7,35,460955.5,1,2,0,0,0,0,0,0,0,0,0,1,0,0,1,0,0,0,0,0,0,1,1,0,0,0,1,0,0,0,0,0,0,1,0,0,0,0,0,0,0
R0062,real_4w,2,1,1,2026-04-26 19:33:30,725000.0,Up,345000.0,345000.0,0.0,0.0,0,0,345000.0,0.0,345000.0,345000.0,0.0,0.0,0.0,0.0,0.0,Stable,0,0,1,1.0,0.0,0,0.0,0.0,0.0,345000.0,0.0,4,4,2,0,1,1,1,0,0,21,1,7,2.639057329615259,3,6,18,559306.0,1,2,0,0,0,1,0,0,1,0,0,0,1,0,0,0,0,0,0,0,0,1,0,0,0,0,0,0,1,0,0,0,0,0,1,0,0,0,0,0,1
R0062,real_4w,3,2,2,2026-04-19 19:33:30,650000.0,Down,725000.0,725000.0,345000.0,0.0,1,0,535000.0,190000.0,345000.0,725000.0,380000.0,380000.0,1.1014492753623188,380000.0,1.1014492753623188,Up,1,0,0,1.355140186915888,0.35514018691588783,1,380000.0,1.1014492753623188,0.35514018691588783,535000.0,0.35514018691588783,4,3,2,0,0,0,1,0,0,21,1,7,2.639057329615259,3,6,18,559306.0,1,2,0,0,0,1,0,0,1,0,0,0,1,0,0,0,0,0,0,0,0,1,0,0,0,0,0,0,1,0,0,0,0,0,1,0,0,0,0,0,2
R0062,real_4w,4,3,3,2026-04-12 19:33:30,480000.0,Down,650000.0,650000.0,725000.0,345000.0,1,1,573333.3333333334,164333.67139924658,345000.0,725000.0,380000.0,-75000.0,-0.10344827586206896,-75000.0,-0.10344827586206896,Down,0,1,0,1.1337209302325582,0.28662849662659284,1,-75000.0,-0.10344827586206896,0.28662849662659284,650000.0,0.0,4,2,2,0,0,0,1,0,0,21,1,7,2.639057329615259,3,6,18,559306.0,1,2,0,0,0,1,0,0,1,0,0,0,1,0,0,0,0,0,0,0,0,1,0,0,0,0,0,0,1,0,0,0,0,0,1,0,0,0,0,0,0
R0063,real_4w,2,1,1,2026-04-26 19:38:25,900000.0,Up,510000.0,510000.0,0.0,0.0,0,0,510000.0,0.0,510000.0,510000.0,0.0,0.0,0.0,0.0,0.0,Stable,0,0,1,1.0,0.0,0,0.0,0.0,0.0,510000.0,0.0,4,4,2,0,1,1,1,0,0,29,5,4,3.8501476017100584,7,7,49,442180.75,1,1,0,1,0,0,0,0,0,0,0,0,0,1,0,0,1,0,0,0,1,1,0,0,0,0,0,0,0,1,0,1,0,0,0,1,0,0,0,0,1
R0063,real_4w,3,2,2,2026-04-19 19:38:25,375000.0,Down,900000.0,900000.0,510000.0,0.0,1,0,705000.0,195000.0,510000.0,900000.0,390000.0,390000.0,0.7647058823529411,390000.0,0.7647058823529411,Up,1,0,0,1.2765957446808511,0.2765957446808511,1,390000.0,0.7647058823529411,0.2765957446808511,705000.0,0.2765957446808511,4,3,2,0,0,0,1,0,0,29,5,4,3.8501476017100584,7,7,49,442180.75,1,1,0,1,0,0,0,0,0,0,0,0,0,1,0,0,1,0,0,0,1,1,0,0,0,0,0,0,0,1,0,1,0,0,0,1,0,0,0,0,2
R0063,real_4w,4,3,3,2026-04-12 19:38:25,1000000.0,Up,375000.0,375000.0,900000.0,510000.0,1,1,595000.0,222598.29289552066,375000.0,900000.0,525000.0,-525000.0,-0.5833333333333334,-525000.0,-0.5833333333333334,Down,0,1,0,0.6302521008403361,0.37411477797566495,0,-525000.0,-0.5833333333333334,0.37411477797566495,510000.0,-0.2647058823529412,4,2,2,0,0,0,1,0,0,29,5,4,3.8501476017100584,7,7,49,442180.75,1,1,0,1,0,0,0,0,0,0,0,0,0,1,0,0,1,0,0,0,1,1,0,0,0,0,0,0,0,1,0,1,0,0,0,1,0,0,0,0,0
R0064,real_4w,2,1,1,2026-04-26 19:42:32,650000.0,Up,500000.0,500000.0,0.0,0.0,0,0,500000.0,0.0,500000.0,500000.0,0.0,0.0,0.0,0.0,0.0,Stable,0,0,1,1.0,0.0,0,0.0,0.0,0.0,500000.0,0.0,4,4,2,0,1,1,1,0,0,31,5,1,2.772588722239781,6,11,66,518297.0,2,1,0,0,1,0,0,0,0,0,0,0,0,1,1,0,0,0,0,0,1,1,0,0,0,0,1,0,0,0,0,1,0,0,0,1,0,0,0,0,1
R0064,real_4w,3,2,2,2026-04-19 19:42:32,665000.0,Stable,650000.0,650000.0,500000.0,0.0,1,0,575000.0,75000.0,500000.0,650000.0,150000.0,150000.0,0.3,150000.0,0.3,Up,1,0,0,1.1304347826086956,0.13043478260869565,1,150000.0,0.3,0.13043478260869565,575000.0,0.13043478260869565,4,3,2,0,0,0,1,0,0,31,5,1,2.772588722239781,6,11,66,518297.0,2,1,0,0,1,0,0,0,0,0,0,0,0,1,1,0,0,0,0,0,1,1,0,0,0,0,1,0,0,0,0,1,0,0,0,1,0,0,0,0,2
R0064,real_4w,4,3,3,2026-04-12 19:42:32,565000.0,Down,665000.0,665000.0,650000.0,500000.0,1,1,605000.0,74498.3221287567,500000.0,665000.0,165000.0,15000.0,0.023076923076923078,15000.0,0.023076923076923078,Stable,0,0,1,1.0991735537190082,0.12313772252687058,1,15000.0,0.023076923076923078,0.12313772252687058,650000.0,0.023076923076923078,4,2,2,0,0,0,1,0,0,31,5,1,2.772588722239781,6,11,66,518297.0,2,1,0,0,1,0,0,0,0,0,0,0,0,1,1,0,0,0,0,0,1,1,0,0,0,0,1,0,0,0,0,1,0,0,0,1,0,0,0,0,1
R0065,real_4w,2,1,1,2026-04-26 19:46:51,80000.0,Down,115000.0,115000.0,0.0,0.0,0,0,115000.0,0.0,115000.0,115000.0,0.0,0.0,0.0,0.0,0.0,Stable,0,0,1,1.0,0.0,0,0.0,0.0,0.0,115000.0,0.0,4,4,2,0,1,1,1,0,0,24,3,8,3.4965075614664802,4,7,28,517481.9375,0,3,0,0,0,1,0,1,1,1,0,0,0,0,1,1,0,0,0,0,0,1,0,0,0,0,1,1,0,0,0,0,1,0,0,0,0,0,0,0,1
R0065,real_4w,3,2,2,2026-04-19 19:46:51,50000.0,Down,80000.0,80000.0,115000.0,0.0,1,0,97500.0,17500.0,80000.0,115000.0,35000.0,-35000.0,-0.30434782608695654,-35000.0,-0.30434782608695654,Down,0,1,0,0.8205128205128205,0.1794871794871795,0,-35000.0,-0.30434782608695654,0.1794871794871795,97500.0,-0.1794871794871795,4,3,2,0,0,0,1,0,0,24,3,8,3.4965075614664802,4,7,28,517481.9375,0,3,0,0,0,1,0,1,1,1,0,0,0,0,1,1,0,0,0,0,0,1,0,0,0,0,1,1,0,0,0,0,1,0,0,0,0,0,0,0,0
R0065,real_4w,4,3,3,2026-04-12 19:46:51,80000.0,Up,50000.0,50000.0,80000.0,115000.0,1,1,81666.66666666667,26562.29575084871,50000.0,115000.0,65000.0,-30000.0,-0.375,-30000.0,-0.375,Down,0,1,0,0.6122448979591837,0.3252526010308005,0,-30000.0,-0.375,0.3252526010308005,80000.0,-0.375,4,2,2,0,0,0,1,0,0,24,3,8,3.4965075614664802,4,7,28,517481.9375,0,3,0,0,0,1,0,1,1,1,0,0,0,0,1,1,0,0,0,0,0,1,0,0,0,0,1,1,0,0,0,0,1,0,0,0,0,0,0,0,0
R0066,real_4w,2,1,1,2026-04-26 20:04:51,16800.0,Down,230000.0,230000.0,0.0,0.0,0,0,230000.0,0.0,230000.0,230000.0,0.0,0.0,0.0,0.0,0.0,Stable,0,0,1,1.0,0.0,0,0.0,0.0,0.0,230000.0,0.0,4,4,2,0,1,1,1,0,0,27,7,8,1.9459101490553132,2,5,10,517481.9375,1,4,0,0,0,1,0,0,1,0,0,1,0,1,1,0,0,0,0,0,0,1,0,0,0,1,1,0,0,0,0,1,0,0,0,0,0,0,1,0,1
R0066,real_4w,3,2,2,2026-04-19 20:04:51,300000.0,Up,16800.0,16800.0,230000.0,0.0,1,0,123400.0,106600.0,16800.0,230000.0,213200.0,-213200.0,-0.9269565217391305,-213200.0,-0.9269565217391305,Down,0,1,0,0.13614262560777957,0.8638573743922204,0,-213200.0,-0.9269565217391305,0.8638573743922204,123400.0,-0.8638573743922204,4,3,2,0,0,0,1,0,0,27,7,8,1.9459101490553132,2,5,10,517481.9375,1,4,0,0,0,1,0,0,1,0,0,1,0,1,1,0,0,0,0,0,0,1,0,0,0,1,1,0,0,0,0,1,0,0,0,0,0,0,1,0,0
R0066,real_4w,4,3,3,2026-04-12 20:04:51,200000.0,Down,300000.0,300000.0,16800.0,230000.0,1,1,182266.66666666666,120442.0007952191,16800.0,300000.0,283200.0,283200.0,16.857142857142858,283200.0,16.857142857142858,Up,1,0,0,1.645940014630578,0.6608010285033967,1,283200.0,16.857142857142858,0.6608010285033967,230000.0,0.30434782608695654,4,2,2,0,0,0,1,0,0,27,7,8,1.9459101490553132,2,5,10,517481.9375,1,4,0,0,0,1,0,0,1,0,0,1,0,1,1,0,0,0,0,0,0,1,0,0,0,1,1,0,0,0,0,1,0,0,0,0,0,0,1,0,2
R0067,real_4w,2,1,1,2026-04-26 20:20:55,275000.0,Stable,270000.0,270000.0,0.0,0.0,0,0,270000.0,0.0,270000.0,270000.0,0.0,0.0,0.0,0.0,0.0,Stable,0,0,1,1.0,0.0,0,0.0,0.0,0.0,270000.0,0.0,4,4,2,0,1,1,1,0,0,25,1,0,3.2188758248682006,3,8,24,548095.6666666666,1,4,0,0,0,0,0,0,0,0,0,1,1,0,1,0,0,0,0,0,0,1,0,0,1,0,1,0,1,0,0,0,0,0,1,0,0,0,0,0,1
R0067,real_4w,3,2,2,2026-04-19 20:20:55,250000.0,Stable,275000.0,275000.0,270000.0,0.0,1,0,272500.0,2500.0,270000.0,275000.0,5000.0,5000.0,0.018518518518518517,5000.0,0.018518518518518517,Stable,0,0,1,1.0091743119266054,0.009174311926605505,1,5000.0,0.018518518518518517,0.009174311926605505,272500.0,0.009174311926605505,4,3,2,0,0,0,1,0,0,25,1,0,3.2188758248682006,3,8,24,548095.6666666666,1,4,0,0,0,0,0,0,0,0,0,1,1,0,1,0,0,0,0,0,0,1,0,0,1,0,1,0,1,0,0,0,0,0,1,0,0,0,0,0,1
R0067,real_4w,4,3,3,2026-04-12 20:20:55,280000.0,Up,250000.0,250000.0,275000.0,270000.0,1,1,265000.0,10801.234497346433,250000.0,275000.0,25000.0,-25000.0,-0.09090909090909091,-25000.0,-0.09090909090909091,Stable,0,0,1,0.9433962264150944,0.040759375461684656,0,-25000.0,-0.09090909090909091,0.040759375461684656,270000.0,-0.07407407407407407,4,2,2,0,0,0,1,0,0,25,1,0,3.2188758248682006,3,8,24,548095.6666666666,1,4,0,0,0,0,0,0,0,0,0,1,1,0,1,0,0,0,0,0,0,1,0,0,1,0,1,0,1,0,0,0,0,0,1,0,0,0,0,0,1
R0068,real_4w,2,1,1,2026-04-26 20:27:16,1040000.0,Down,1336200.0,1336200.0,0.0,0.0,0,0,1336200.0,0.0,1336200.0,1336200.0,0.0,0.0,0.0,0.0,0.0,Stable,0,0,1,1.0,0.0,0,0.0,0.0,0.0,1336200.0,0.0,4,4,2,0,1,1,1,0,0,32,5,4,4.189654742026425,7,7,49,442180.75,2,1,0,1,1,0,0,0,0,0,0,0,0,0,1,0,0,0,0,1,1,1,0,0,0,0,1,0,0,0,0,0,0,0,0,1,0,0,0,0,1
R0068,real_4w,3,2,2,2026-04-19 20:27:16,1350000.0,Up,1040000.0,1040000.0,1336200.0,0.0,1,0,1188100.0,148100.0,1040000.0,1336200.0,296200.0,-296200.0,-0.2216734021853016,-296200.0,-0.2216734021853016,Down,0,1,0,0.8753471929972224,0.12465280700277755,0,-296200.0,-0.2216734021853016,0.12465280700277755,1188100.0,-0.12465280700277755,4,3,2,0,0,0,1,0,0,32,5,4,4.189654742026425,7,7,49,442180.75,2,1,0,1,1,0,0,0,0,0,0,0,0,0,1,0,0,0,0,1,1,1,0,0,0,0,1,0,0,0,0,0,0,0,0,1,0,0,0,0,0
R0068,real_4w,4,3,3,2026-04-12 20:27:16,1200000.0,Down,1350000.0,1350000.0,1040000.0,1336200.0,1,1,1242066.6666666667,142993.7372365968,1040000.0,1350000.0,310000.0,310000.0,0.2980769230769231,310000.0,0.2980769230769231,Up,1,0,0,1.0868981804519349,0.11512565393961417,1,310000.0,0.2980769230769231,0.11512565393961417,1336200.0,0.010327795240233499,4,2,2,0,0,0,1,0,0,32,5,4,4.189654742026425,7,7,49,442180.75,2,1,0,1,1,0,0,0,0,0,0,0,0,0,1,0,0,0,0,1,1,1,0,0,0,0,1,0,0,0,0,0,0,0,0,1,0,0,0,0,2
R0069,real_4w,2,1,1,2026-04-26 20:28:51,450000.0,Stable,470000.0,470000.0,0.0,0.0,0,0,470000.0,0.0,470000.0,470000.0,0.0,0.0,0.0,0.0,0.0,Stable,0,0,1,1.0,0.0,0,0.0,0.0,0.0,470000.0,0.0,4,4,2,0,1,1,1,0,0,37,5,3,3.7376696182833684,7,10,70,518297.0,1,1,0,1,1,0,0,0,0,0,0,0,0,1,1,0,0,0,0,0,1,1,0,0,0,0,1,0,0,0,0,1,0,0,0,1,0,0,0,0,1
R0069,real_4w,3,2,2,2026-04-19 20:28:51,390000.0,Down,450000.0,450000.0,470000.0,0.0,1,0,460000.0,10000.0,450000.0,470000.0,20000.0,-20000.0,-0.0425531914893617,-20000.0,-0.0425531914893617,Stable,0,0,1,0.9782608695652174,0.021739130434782608,0,-20000.0,-0.0425531914893617,0.021739130434782608,460000.0,-0.021739130434782608,4,3,2,0,0,0,1,0,0,37,5,3,3.7376696182833684,7,10,70,518297.0,1,1,0,1,1,0,0,0,0,0,0,0,0,1,1,0,0,0,0,0,1,1,0,0,0,0,1,0,0,0,0,1,0,0,0,1,0,0,0,0,1
R0069,real_4w,4,3,3,2026-04-12 20:28:51,410000.0,Stable,390000.0,390000.0,450000.0,470000.0,1,1,436666.6666666667,33993.4634239519,390000.0,470000.0,80000.0,-60000.0,-0.13333333333333333,-60000.0,-0.13333333333333333,Down,0,1,0,0.8931297709923663,0.0778476261617219,0,-60000.0,-0.13333333333333333,0.0778476261617219,450000.0,-0.13333333333333333,4,2,2,0,0,0,1,0,0,37,5,3,3.7376696182833684,7,10,70,518297.0,1,1,0,1,1,0,0,0,0,0,0,0,0,1,1,0,0,0,0,0,1,1,0,0,0,0,1,0,0,0,0,1,0,0,0,1,0,0,0,0,0
R0070,real_4w,2,1,1,2026-04-26 20:29:32,425000.0,Stable,400000.0,400000.0,0.0,0.0,0,0,400000.0,0.0,400000.0,400000.0,0.0,0.0,0.0,0.0,0.0,Stable,0,0,1,1.0,0.0,0,0.0,0.0,0.0,400000.0,0.0,4,4,2,0,1,1,1,0,0,26,7,2,2.833213344056216,3,4,12,739240.8333333334,1,2,0,0,0,0,0,0,0,0,0,1,0,1,0,0,0,0,0,0,0,1,0,0,0,1,0,0,0,0,0,1,0,0,0,0,0,0,1,0,1
R0070,real_4w,3,2,2,2026-04-19 20:29:32,350000.0,Down,425000.0,425000.0,400000.0,0.0,1,0,412500.0,12500.0,400000.0,425000.0,25000.0,25000.0,0.0625,25000.0,0.0625,Stable,0,0,1,1.0303030303030303,0.030303030303030304,1,25000.0,0.0625,0.030303030303030304,412500.0,0.030303030303030304,4,3,2,0,0,0,1,0,0,26,7,2,2.833213344056216,3,4,12,739240.8333333334,1,2,0,0,0,0,0,0,0,0,0,1,0,1,0,0,0,0,0,0,0,1,0,0,0,1,0,0,0,0,0,1,0,0,0,0,0,0,1,0,1
R0070,real_4w,4,3,3,2026-04-12 20:29:32,410000.0,Up,350000.0,350000.0,425000.0,400000.0,1,1,391666.6666666667,31180.47822311618,350000.0,425000.0,75000.0,-75000.0,-0.17647058823529413,-75000.0,-0.17647058823529413,Down,0,1,0,0.8936170212765957,0.07960973163348811,0,-75000.0,-0.17647058823529413,0.07960973163348811,400000.0,-0.125,4,2,2,0,0,0,1,0,0,26,7,2,2.833213344056216,3,4,12,739240.8333333334,1,2,0,0,0,0,0,0,0,0,0,1,0,1,0,0,0,0,0,0,0,1,0,0,0,1,0,0,0,0,0,1,0,0,0,0,0,0,1,0,0
R0071,real_4w,2,1,1,2026-04-26 20:49:29,400000.0,Stable,405000.0,405000.0,0.0,0.0,0,0,405000.0,0.0,405000.0,405000.0,0.0,0.0,0.0,0.0,0.0,Stable,0,0,1,1.0,0.0,0,0.0,0.0,0.0,405000.0,0.0,4,4,2,0,1,1,1,0,0,25,0,0,2.8903717578961645,4,4,16,548095.6666666666,0,2,0,0,0,0,0,1,1,1,0,1,0,1,0,1,0,0,0,0,0,1,0,0,0,0,0,1,0,0,0,1,0,0,0,0,0,0,0,1,1
R0071,real_4w,3,2,2,2026-04-19 20:49:29,325000.0,Down,400000.0,400000.0,405000.0,0.0,1,0,402500.0,2500.0,400000.0,405000.0,5000.0,-5000.0,-0.012345679012345678,-5000.0,-0.012345679012345678,Stable,0,0,1,0.9937888198757764,0.006211180124223602,0,-5000.0,-0.012345679012345678,0.006211180124223602,402500.0,-0.006211180124223602,4,3,2,0,0,0,1,0,0,25,0,0,2.8903717578961645,4,4,16,548095.6666666666,0,2,0,0,0,0,0,1,1,1,0,1,0,1,0,1,0,0,0,0,0,1,0,0,0,0,0,1,0,0,0,1,0,0,0,0,0,0,0,1,1
R0071,real_4w,4,3,3,2026-04-12 20:49:29,425000.0,Up,325000.0,325000.0,400000.0,405000.0,1,1,376666.6666666667,36590.830666833586,325000.0,405000.0,80000.0,-75000.0,-0.1875,-75000.0,-0.1875,Down,0,1,0,0.8628318584070797,0.09714379823053164,0,-75000.0,-0.1875,0.09714379823053164,400000.0,-0.1875,4,2,2,0,0,0,1,0,0,25,0,0,2.8903717578961645,4,4,16,548095.6666666666,0,2,0,0,0,0,0,1,1,1,0,1,0,1,0,1,0,0,0,0,0,1,0,0,0,0,0,1,0,0,0,1,0,0,0,0,0,0,0,1,0
R0072,real_4w,2,1,1,2026-04-26 20:51:42,130000.0,Down,190000.0,190000.0,0.0,0.0,0,0,190000.0,0.0,190000.0,190000.0,0.0,0.0,0.0,0.0,0.0,Stable,0,0,1,1.0,0.0,0,0.0,0.0,0.0,190000.0,0.0,4,4,2,0,1,1,1,0,0,23,1,2,3.5263605246161616,6,3,18,739240.8333333334,0,3,0,0,0,1,0,0,1,0,0,1,1,0,0,0,0,0,0,0,1,1,0,0,1,0,0,0,1,0,0,0,0,0,1,0,0,0,0,0,1
R0072,real_4w,3,2,2,2026-04-19 20:51:42,225000.0,Up,130000.0,130000.0,190000.0,0.0,1,0,160000.0,30000.0,130000.0,190000.0,60000.0,-60000.0,-0.3157894736842105,-60000.0,-0.3157894736842105,Down,0,1,0,0.8125,0.1875,0,-60000.0,-0.3157894736842105,0.1875,160000.0,-0.1875,4,3,2,0,0,0,1,0,0,23,1,2,3.5263605246161616,6,3,18,739240.8333333334,0,3,0,0,0,1,0,0,1,0,0,1,1,0,0,0,0,0,0,0,1,1,0,0,1,0,0,0,1,0,0,0,0,0,1,0,0,0,0,0,0
R0072,real_4w,4,3,3,2026-04-12 20:51:42,6800.0,Down,225000.0,225000.0,130000.0,190000.0,1,1,181666.66666666666,39228.67431979939,130000.0,225000.0,95000.0,95000.0,0.7307692307692307,95000.0,0.7307692307692307,Up,1,0,0,1.2385321100917432,0.2159376568062352,1,95000.0,0.7307692307692307,0.2159376568062352,190000.0,0.18421052631578946,4,2,2,0,0,0,1,0,0,23,1,2,3.5263605246161616,6,3,18,739240.8333333334,0,3,0,0,0,1,0,0,1,0,0,1,1,0,0,0,0,0,0,0,1,1,0,0,1,0,0,0,1,0,0,0,0,0,1,0,0,0,0,0,2
R0073,real_4w,2,1,1,2026-04-26 21:02:28,975000.0,Up,625000.0,625000.0,0.0,0.0,0,0,625000.0,0.0,625000.0,625000.0,0.0,0.0,0.0,0.0,0.0,Stable,0,0,1,1.0,0.0,0,0.0,0.0,0.0,625000.0,0.0,4,4,2,0,1,1,1,0,0,23,1,3,3.6888794541139363,6,7,42,518297.0,2,4,0,0,0,1,0,0,1,0,0,0,1,0,1,0,0,1,0,0,0,1,0,0,0,1,1,0,1,0,1,0,0,0,1,0,0,0,0,0,1
R0073,real_4w,3,2,2,2026-04-19 21:02:28,550000.0,Down,975000.0,975000.0,625000.0,0.0,1,0,800000.0,175000.0,625000.0,975000.0,350000.0,350000.0,0.56,350000.0,0.56,Up,1,0,0,1.21875,0.21875,1,350000.0,0.56,0.21875,800000.0,0.21875,4,3,2,0,0,0,1,0,0,23,1,3,3.6888794541139363,6,7,42,518297.0,2,4,0,0,0,1,0,0,1,0,0,0,1,0,1,0,0,1,0,0,0,1,0,0,0,1,1,0,1,0,1,0,0,0,1,0,0,0,0,0,2
R0073,real_4w,4,3,3,2026-04-12 21:02:28,715000.0,Up,550000.0,550000.0,975000.0,625000.0,1,1,716666.6666666666,185217.58975744058,550000.0,975000.0,425000.0,-425000.0,-0.4358974358974359,-425000.0,-0.4358974358974359,Down,0,1,0,0.7674418604651163,0.2584431484987543,0,-425000.0,-0.4358974358974359,0.2584431484987543,625000.0,-0.12,4,2,2,0,0,0,1,0,0,23,1,3,3.6888794541139363,6,7,42,518297.0,2,4,0,0,0,1,0,0,1,0,0,0,1,0,1,0,0,1,0,0,0,1,0,0,0,1,1,0,1,0,1,0,0,0,1,0,0,0,0,0,0
R0074,real_4w,2,1,1,2026-04-26 21:03:52,620000.0,Up,230000.0,230000.0,0.0,0.0,0,0,230000.0,0.0,230000.0,230000.0,0.0,0.0,0.0,0.0,0.0,Stable,0,0,1,1.0,0.0,0,0.0,0.0,0.0,230000.0,0.0,4,4,2,0,1,1,1,0,0,24,4,4,2.639057329615259,6,11,66,442180.75,2,2,0,0,0,0,0,1,0,0,0,0,0,1,1,1,0,0,0,1,0,1,0,0,0,0,1,1,0,0,0,1,0,0,0,0,1,0,0,0,1
R0074,real_4w,3,2,2,2026-04-19 21:03:52,160000.0,Down,620000.0,620000.0,230000.0,0.0,1,0,425000.0,195000.0,230000.0,620000.0,390000.0,390000.0,1.6956521739130435,390000.0,1.6956521739130435,Up,1,0,0,1.4588235294117646,0.4588235294117647,1,390000.0,1.6956521739130435,0.4588235294117647,425000.0,0.4588235294117647,4,3,2,0,0,0,1,0,0,24,4,4,2.639057329615259,6,11,66,442180.75,2,2,0,0,0,0,0,1,0,0,0,0,0,1,1,1,0,0,0,1,0,1,0,0,0,0,1,1,0,0,0,1,0,0,0,0,1,0,0,0,2
R0074,real_4w,4,3,3,2026-04-12 21:03:52,495000.0,Up,160000.0,160000.0,620000.0,230000.0,1,1,336666.6666666667,202374.78982214053,160000.0,620000.0,460000.0,-460000.0,-0.7419354838709677,-460000.0,-0.7419354838709677,Down,0,1,0,0.4752475247524752,0.6011132370954669,0,-460000.0,-0.7419354838709677,0.6011132370954669,230000.0,-0.30434782608695654,4,2,2,0,0,0,1,0,0,24,4,4,2.639057329615259,6,11,66,442180.75,2,2,0,0,0,0,0,1,0,0,0,0,0,1,1,1,0,0,0,1,0,1,0,0,0,0,1,1,0,0,0,1,0,0,0,0,1,0,0,0,0
R0075,real_4w,2,1,1,2026-04-26 21:06:16,210000.0,Stable,200000.0,200000.0,0.0,0.0,0,0,200000.0,0.0,200000.0,200000.0,0.0,0.0,0.0,0.0,0.0,Stable,0,0,1,1.0,0.0,0,0.0,0.0,0.0,200000.0,0.0,4,4,2,0,1,1,1,0,0,36,3,3,2.8903717578961645,6,3,18,518297.0,0,0,0,0,0,0,0,1,1,1,0,1,0,0,0,1,0,1,0,0,0,1,0,0,0,0,0,1,0,0,1,0,1,0,0,0,0,0,0,0,1
R0075,real_4w,3,2,2,2026-04-19 21:06:16,225000.0,Stable,210000.0,210000.0,200000.0,0.0,1,0,205000.0,5000.0,200000.0,210000.0,10000.0,10000.0,0.05,10000.0,0.05,Stable,0,0,1,1.024390243902439,0.024390243902439025,1,10000.0,0.05,0.024390243902439025,205000.0,0.024390243902439025,4,3,2,0,0,0,1,0,0,36,3,3,2.8903717578961645,6,3,18,518297.0,0,0,0,0,0,0,0,1,1,1,0,1,0,0,0,1,0,1,0,0,0,1,0,0,0,0,0,1,0,0,1,0,1,0,0,0,0,0,0,0,1
R0075,real_4w,4,3,3,2026-04-12 21:06:16,200000.0,Down,225000.0,225000.0,210000.0,200000.0,1,1,211666.66666666666,10274.023338281626,200000.0,225000.0,25000.0,15000.0,0.07142857142857142,15000.0,0.07142857142857142,Stable,0,0,1,1.062992125984252,0.04853869293676359,1,15000.0,0.07142857142857142,0.04853869293676359,210000.0,0.07142857142857142,4,2,2,0,0,0,1,0,0,36,3,3,2.8903717578961645,6,3,18,518297.0,0,0,0,0,0,0,0,1,1,1,0,1,0,0,0,1,0,1,0,0,0,1,0,0,0,0,0,1,0,0,1,0,1,0,0,0,0,0,0,0,1
R0076,real_4w,2,1,1,2026-04-26 21:08:26,325000.0,Stable,325000.0,325000.0,0.0,0.0,0,0,325000.0,0.0,325000.0,325000.0,0.0,0.0,0.0,0.0,0.0,Stable,0,0,1,1.0,0.0,0,0.0,0.0,0.0,325000.0,0.0,4,4,2,0,1,1,1,0,0,25,2,1,2.70805020110221,4,7,28,518297.0,0,1,0,0,0,0,0,0,0,0,1,1,1,0,1,0,0,0,0,0,0,1,0,0,0,0,1,0,1,0,0,0,0,0,0,0,0,1,0,0,1
R0076,real_4w,3,2,2,2026-04-19 21:08:26,270000.0,Down,325000.0,325000.0,325000.0,0.0,1,0,325000.0,0.0,325000.0,325000.0,0.0,0.0,0.0,0.0,0.0,Stable,0,0,1,1.0,0.0,0,0.0,0.0,0.0,325000.0,0.0,4,3,2,0,0,0,1,0,0,25,2,1,2.70805020110221,4,7,28,518297.0,0,1,0,0,0,0,0,0,0,0,1,1,1,0,1,0,0,0,0,0,0,1,0,0,0,0,1,0,1,0,0,0,0,0,0,0,0,1,0,0,1
R0076,real_4w,4,3,3,2026-04-12 21:08:26,315000.0,Up,270000.0,270000.0,325000.0,325000.0,1,1,306666.6666666667,25927.248643506744,270000.0,325000.0,55000.0,-55000.0,-0.16923076923076924,-55000.0,-0.16923076923076924,Down,0,1,0,0.8804347826086956,0.08454537601143503,0,-55000.0,-0.16923076923076924,0.08454537601143503,325000.0,-0.16923076923076924,4,2,2,0,0,0,1,0,0,25,2,1,2.70805020110221,4,7,28,518297.0,0,1,0,0,0,0,0,0,0,0,1,1,1,0,1,0,0,0,0,0,0,1,0,0,0,0,1,0,1,0,0,0,0,0,0,0,0,1,0,0,0
R0077,real_4w,2,1,1,2026-04-26 21:20:37,600000.0,Down,1336200.0,1336200.0,0.0,0.0,0,0,1336200.0,0.0,1336200.0,1336200.0,0.0,0.0,0.0,0.0,0.0,Stable,0,0,1,1.0,0.0,0,0.0,0.0,0.0,1336200.0,0.0,4,4,2,0,1,1,1,0,0,41,5,3,3.8712010109078907,7,7,49,518297.0,2,1,0,1,0,0,0,0,0,0,0,0,0,1,0,0,1,0,0,1,0,1,0,1,0,0,0,0,0,1,0,1,0,0,0,1,0,0,0,0,1
R0077,real_4w,3,2,2,2026-04-19 21:20:37,1350000.0,Up,600000.0,600000.0,1336200.0,0.0,1,0,968100.0,368100.0,600000.0,1336200.0,736200.0,-736200.0,-0.550965424337674,-736200.0,-0.550965424337674,Down,0,1,0,0.6197706848466068,0.38022931515339325,0,-736200.0,-0.550965424337674,0.38022931515339325,968100.0,-0.38022931515339325,4,3,2,0,0,0,1,0,0,41,5,3,3.8712010109078907,7,7,49,518297.0,2,1,0,1,0,0,0,0,0,0,0,0,0,1,0,0,1,0,0,1,0,1,0,1,0,0,0,0,0,1,0,1,0,0,0,1,0,0,0,0,0
R0077,real_4w,4,3,3,2026-04-12 21:20:37,1342800.0,Stable,1350000.0,1350000.0,600000.0,1336200.0,1,1,1095400.0,350346.0004053136,600000.0,1350000.0,750000.0,750000.0,1.25,750000.0,1.25,Up,1,0,0,1.2324265108636114,0.3198338510181793,1,750000.0,1.25,0.3198338510181793,1336200.0,0.010327795240233499,4,2,2,0,0,0,1,0,0,41,5,3,3.8712010109078907,7,7,49,518297.0,2,1,0,1,0,0,0,0,0,0,0,0,0,1,0,0,1,0,0,1,0,1,0,1,0,0,0,0,0,1,0,1,0,0,0,1,0,0,0,0,2
R0078,real_4w,2,1,1,2026-04-26 21:27:39,1075000.0,Up,850000.0,850000.0,0.0,0.0,0,0,850000.0,0.0,850000.0,850000.0,0.0,0.0,0.0,0.0,0.0,Stable,0,0,1,1.0,0.0,0,0.0,0.0,0.0,850000.0,0.0,4,4,2,0,1,1,1,0,0,39,5,5,2.70805020110221,5,9,45,460955.5,2,2,0,1,1,0,0,0,0,0,0,0,0,0,0,0,1,0,0,0,0,1,0,0,0,0,0,0,0,1,0,0,0,0,0,1,0,0,0,0,1
R0078,real_4w,3,2,2,2026-04-19 21:27:39,1105000.0,Stable,1075000.0,1075000.0,850000.0,0.0,1,0,962500.0,112500.0,850000.0,1075000.0,225000.0,225000.0,0.2647058823529412,225000.0,0.2647058823529412,Up,1,0,0,1.1168831168831168,0.11688311688311688,1,225000.0,0.2647058823529412,0.11688311688311688,962500.0,0.11688311688311688,4,3,2,0,0,0,1,0,0,39,5,5,2.70805020110221,5,9,45,460955.5,2,2,0,1,1,0,0,0,0,0,0,0,0,0,0,0,1,0,0,0,0,1,0,0,0,0,0,0,0,1,0,0,0,0,0,1,0,0,0,0,2
R0078,real_4w,4,3,3,2026-04-12 21:27:39,850000.0,Down,1105000.0,1105000.0,1075000.0,850000.0,1,1,1010000.0,113798.06676741042,850000.0,1105000.0,255000.0,30000.0,0.027906976744186046,30000.0,0.027906976744186046,Stable,0,0,1,1.0940594059405941,0.11267135323505982,1,30000.0,0.027906976744186046,0.11267135323505982,1075000.0,0.027906976744186046,4,2,2,0,0,0,1,0,0,39,5,5,2.70805020110221,5,9,45,460955.5,2,2,0,1,1,0,0,0,0,0,0,0,0,0,0,0,1,0,0,0,0,1,0,0,0,0,0,0,0,1,0,0,0,0,0,1,0,0,0,0,1
R0079,real_4w,2,1,1,2026-04-26 21:41:26,270000.0,Down,315000.0,315000.0,0.0,0.0,0,0,315000.0,0.0,315000.0,315000.0,0.0,0.0,0.0,0.0,0.0,Stable,0,0,1,1.0,0.0,0,0.0,0.0,0.0,315000.0,0.0,4,4,2,0,1,1,1,0,0,21,7,4,1.9459101490553132,2,5,10,442180.75,1,4,0,0,0,0,0,0,0,0,0,1,1,1,1,0,0,0,0,0,0,1,1,0,0,0,1,0,1,0,0,1,0,0,0,0,0,0,1,0,1
R0079,real_4w,3,2,2,2026-04-19 21:41:26,160000.0,Down,270000.0,270000.0,315000.0,0.0,1,0,292500.0,22500.0,270000.0,315000.0,45000.0,-45000.0,-0.14285714285714285,-45000.0,-0.14285714285714285,Down,0,1,0,0.9230769230769231,0.07692307692307693,0,-45000.0,-0.14285714285714285,0.07692307692307693,292500.0,-0.07692307692307693,4,3,2,0,0,0,1,0,0,21,7,4,1.9459101490553132,2,5,10,442180.75,1,4,0,0,0,0,0,0,0,0,0,1,1,1,1,0,0,0,0,0,0,1,1,0,0,0,1,0,1,0,0,1,0,0,0,0,0,0,1,0,0
R0079,real_4w,4,3,3,2026-04-12 21:41:26,410000.0,Up,160000.0,160000.0,270000.0,315000.0,1,1,248333.33333333334,65106.7499487487,160000.0,315000.0,155000.0,-110000.0,-0.4074074074074074,-110000.0,-0.4074074074074074,Down,0,1,0,0.6442953020134228,0.26217483200838404,0,-110000.0,-0.4074074074074074,0.26217483200838404,270000.0,-0.4074074074074074,4,2,2,0,0,0,1,0,0,21,7,4,1.9459101490553132,2,5,10,442180.75,1,4,0,0,0,0,0,0,0,0,0,1,1,1,1,0,0,0,0,0,0,1,1,0,0,0,1,0,1,0,0,1,0,0,0,0,0,0,1,0,0
R0080,real_4w,2,1,1,2026-04-26 22:36:02,530000.0,Up,360000.0,360000.0,0.0,0.0,0,0,360000.0,0.0,360000.0,360000.0,0.0,0.0,0.0,0.0,0.0,Stable,0,0,1,1.0,0.0,0,0.0,0.0,0.0,360000.0,0.0,4,4,2,0,1,1,1,0,0,31,5,4,2.772588722239781,7,11,77,442180.75,1,4,0,1,1,0,0,0,0,0,0,0,0,0,1,0,0,0,0,0,0,1,0,1,0,0,1,0,0,0,0,0,0,0,0,1,0,0,0,0,1
R0080,real_4w,3,2,2,2026-04-19 22:36:02,745000.0,Up,530000.0,530000.0,360000.0,0.0,1,0,445000.0,85000.0,360000.0,530000.0,170000.0,170000.0,0.4722222222222222,170000.0,0.4722222222222222,Up,1,0,0,1.1910112359550562,0.19101123595505617,1,170000.0,0.4722222222222222,0.19101123595505617,445000.0,0.19101123595505617,4,3,2,0,0,0,1,0,0,31,5,4,2.772588722239781,7,11,77,442180.75,1,4,0,1,1,0,0,0,0,0,0,0,0,0,1,0,0,0,0,0,0,1,0,1,0,0,1,0,0,0,0,0,0,0,0,1,0,0,0,0,2
R0080,real_4w,4,3,3,2026-04-12 22:36:02,480000.0,Down,745000.0,745000.0,530000.0,360000.0,1,1,545000.0,157533.06531222793,360000.0,745000.0,385000.0,215000.0,0.4056603773584906,215000.0,0.4056603773584906,Up,1,0,0,1.3669724770642202,0.2890514959857393,1,215000.0,0.4056603773584906,0.2890514959857393,530000.0,0.4056603773584906,4,2,2,0,0,0,1,0,0,31,5,4,2.772588722239781,7,11,77,442180.75,1,4,0,1,1,0,0,0,0,0,0,0,0,0,1,0,0,0,0,0,0,1,0,1,0,0,1,0,0,0,0,0,0,0,0,1,0,0,0,0,2
R0081,real_4w,2,1,1,2026-04-26 22:58:53,725000.0,Stable,670000.0,670000.0,0.0,0.0,0,0,670000.0,0.0,670000.0,670000.0,0.0,0.0,0.0,0.0,0.0,Stable,0,0,1,1.0,0.0,0,0.0,0.0,0.0,670000.0,0.0,4,4,2,0,1,1,1,0,0,22,3,3,1.3862943611198906,5,5,25,518297.0,2,2,0,0,0,1,0,1,1,1,0,0,0,0,0,0,1,1,1,0,0,1,0,0,0,1,0,0,0,1,1,0,1,0,0,0,0,0,0,0,1
R0081,real_4w,3,2,2,2026-04-19 22:58:53,590000.0,Down,725000.0,725000.0,670000.0,0.0,1,0,697500.0,27500.0,670000.0,725000.0,55000.0,55000.0,0.08208955223880597,55000.0,0.08208955223880597,Stable,0,0,1,1.039426523297491,0.03942652329749104,1,55000.0,0.08208955223880597,0.03942652329749104,697500.0,0.03942652329749104,4,3,2,0,0,0,1,0,0,22,3,3,1.3862943611198906,5,5,25,518297.0,2,2,0,0,0,1,0,1,1,1,0,0,0,0,0,0,1,1,1,0,0,1,0,0,0,1,0,0,0,1,1,0,1,0,0,0,0,0,0,0,1
R0081,real_4w,4,3,3,2026-04-12 22:58:53,575000.0,Stable,590000.0,590000.0,725000.0,670000.0,1,1,661666.6666666666,55427.63049438631,590000.0,725000.0,135000.0,-135000.0,-0.18620689655172415,-135000.0,-0.18620689655172415,Down,0,1,0,0.8916876574307305,0.08376971863131433,0,-135000.0,-0.18620689655172415,0.08376971863131433,670000.0,-0.11940298507462686,4,2,2,0,0,0,1,0,0,22,3,3,1.3862943611198906,5,5,25,518297.0,2,2,0,0,0,1,0,1,1,1,0,0,0,0,0,0,1,1,1,0,0,1,0,0,0,1,0,0,0,1,1,0,1,0,0,0,0,0,0,0,0
R0082,real_4w,2,1,1,2026-04-26 23:17:23,16800.0,Down,200000.0,200000.0,0.0,0.0,0,0,200000.0,0.0,200000.0,200000.0,0.0,0.0,0.0,0.0,0.0,Stable,0,0,1,1.0,0.0,0,0.0,0.0,0.0,200000.0,0.0,4,4,2,0,1,1,1,0,0,25,3,2,2.302585092994046,6,5,30,739240.8333333334,0,2,0,0,0,1,0,1,1,1,0,1,1,0,0,0,1,1,0,0,0,1,0,0,0,0,0,0,1,1,1,0,1,0,0,0,0,0,0,0,1
R0082,real_4w,3,2,2,2026-04-19 23:17:23,735000.0,Up,16800.0,16800.0,200000.0,0.0,1,0,108400.0,91600.0,16800.0,200000.0,183200.0,-183200.0,-0.916,-183200.0,-0.916,Down,0,1,0,0.15498154981549817,0.8450184501845018,0,-183200.0,-0.916,0.8450184501845018,108400.0,-0.8450184501845018,4,3,2,0,0,0,1,0,0,25,3,2,2.302585092994046,6,5,30,739240.8333333334,0,2,0,0,0,1,0,1,1,1,0,1,1,0,0,0,1,1,0,0,0,1,0,0,0,0,0,0,1,1,1,0,1,0,0,0,0,0,0,0,0
R0082,real_4w,4,3,3,2026-04-12 23:17:23,790000.0,Stable,735000.0,735000.0,16800.0,200000.0,1,1,317266.6666666667,304703.5863844657,16800.0,735000.0,718200.0,718200.0,42.75,718200.0,42.75,Up,1,0,0,2.3166631645303633,0.9604021424179418,1,718200.0,42.75,0.9604021424179418,200000.0,2.675,4,2,2,0,0,0,1,0,0,25,3,2,2.302585092994046,6,5,30,739240.8333333334,0,2,0,0,0,1,0,1,1,1,0,1,1,0,0,0,1,1,0,0,0,1,0,0,0,0,0,0,1,1,1,0,1,0,0,0,0,0,0,0,2
R0083,real_4w,2,1,1,2026-04-26 23:37:42,90000.0,Down,250000.0,250000.0,0.0,0.0,0,0,250000.0,0.0,250000.0,250000.0,0.0,0.0,0.0,0.0,0.0,Stable,0,0,1,1.0,0.0,0,0.0,0.0,0.0,250000.0,0.0,4,4,2,0,1,1,1,0,0,33,6,5,2.70805020110221,4,5,20,460955.5,0,2,0,0,0,0,0,0,0,0,0,1,0,0,1,0,0,1,0,0,1,1,0,0,0,0,1,0,0,0,1,0,0,1,0,0,0,0,0,0,1
R0083,real_4w,3,2,2,2026-04-19 23:37:42,95000.0,Stable,90000.0,90000.0,250000.0,0.0,1,0,170000.0,80000.0,90000.0,250000.0,160000.0,-160000.0,-0.64,-160000.0,-0.64,Down,0,1,0,0.5294117647058824,0.47058823529411764,0,-160000.0,-0.64,0.47058823529411764,170000.0,-0.47058823529411764,4,3,2,0,0,0,1,0,0,33,6,5,2.70805020110221,4,5,20,460955.5,0,2,0,0,0,0,0,0,0,0,0,1,0,0,1,0,0,1,0,0,1,1,0,0,0,0,1,0,0,0,1,0,0,1,0,0,0,0,0,0,0
R0083,real_4w,4,3,3,2026-04-12 23:37:42,330000.0,Up,95000.0,95000.0,90000.0,250000.0,1,1,145000.0,74274.26651719064,90000.0,250000.0,160000.0,5000.0,0.05555555555555555,5000.0,0.05555555555555555,Stable,0,0,1,0.6551724137931034,0.5122363208082114,0,5000.0,0.05555555555555555,0.5122363208082114,95000.0,0.0,4,2,2,0,0,0,1,0,0,33,6,5,2.70805020110221,4,5,20,460955.5,0,2,0,0,0,0,0,0,0,0,0,1,0,0,1,0,0,1,0,0,1,1,0,0,0,0,1,0,0,0,1,0,0,1,0,0,0,0,0,0,1
R0084,real_4w,2,1,1,2026-04-26 23:41:57,650000.0,Up,520000.0,520000.0,0.0,0.0,0,0,520000.0,0.0,520000.0,520000.0,0.0,0.0,0.0,0.0,0.0,Stable,0,0,1,1.0,0.0,0,0.0,0.0,0.0,520000.0,0.0,4,4,2,0,1,1,1,0,0,29,4,2,4.204692619390966,7,9,63,739240.8333333334,0,2,0,1,0,0,0,1,0,0,0,0,0,0,0,0,1,0,0,0,1,1,0,0,0,0,0,0,0,1,0,0,0,0,0,0,1,0,0,0,1
R0084,real_4w,3,2,2,2026-04-19 23:41:57,10000.0,Down,650000.0,650000.0,520000.0,0.0,1,0,585000.0,65000.0,520000.0,650000.0,130000.0,130000.0,0.25,130000.0,0.25,Up,1,0,0,1.1111111111111112,0.1111111111111111,1,130000.0,0.25,0.1111111111111111,585000.0,0.1111111111111111,4,3,2,0,0,0,1,0,0,29,4,2,4.204692619390966,7,9,63,739240.8333333334,0,2,0,1,0,0,0,1,0,0,0,0,0,0,0,0,1,0,0,0,1,1,0,0,0,0,0,0,0,1,0,0,0,0,0,0,1,0,0,0,2
R0084,real_4w,4,3,3,2026-04-12 23:41:57,620000.0,Up,10000.0,10000.0,650000.0,520000.0,1,1,393333.3333333333,276204.43314488797,10000.0,650000.0,640000.0,-640000.0,-0.9846153846153847,-640000.0,-0.9846153846153847,Down,0,1,0,0.025423728813559324,0.7022146605378508,0,-640000.0,-0.9846153846153847,0.7022146605378508,520000.0,-0.9807692307692307,4,2,2,0,0,0,1,0,0,29,4,2,4.204692619390966,7,9,63,739240.8333333334,0,2,0,1,0,0,0,1,0,0,0,0,0,0,0,0,1,0,0,0,1,1,0,0,0,0,0,0,0,1,0,0,0,0,0,0,1,0,0,0,0
R0085,real_4w,2,1,1,2026-04-26 23:44:22,450000.0,Up,400000.0,400000.0,0.0,0.0,0,0,400000.0,0.0,400000.0,400000.0,0.0,0.0,0.0,0.0,0.0,Stable,0,0,1,1.0,0.0,0,0.0,0.0,0.0,400000.0,0.0,4,4,2,0,1,1,1,0,0,26,1,3,3.332204510175204,5,7,35,518297.0,0,3,0,0,0,0,0,0,0,0,0,1,1,0,1,0,0,0,0,0,1,1,0,0,0,1,1,0,1,0,0,0,0,0,1,0,0,0,0,0,1
R0085,real_4w,3,2,2,2026-04-19 23:44:22,400000.0,Down,450000.0,450000.0,400000.0,0.0,1,0,425000.0,25000.0,400000.0,450000.0,50000.0,50000.0,0.125,50000.0,0.125,Up,1,0,0,1.0588235294117647,0.058823529411764705,1,50000.0,0.125,0.058823529411764705,425000.0,0.058823529411764705,4,3,2,0,0,0,1,0,0,26,1,3,3.332204510175204,5,7,35,518297.0,0,3,0,0,0,0,0,0,0,0,0,1,1,0,1,0,0,0,0,0,1,1,0,0,0,1,1,0,1,0,0,0,0,0,1,0,0,0,0,0,2
R0085,real_4w,4,3,3,2026-04-12 23:44:22,370000.0,Stable,400000.0,400000.0,450000.0,400000.0,1,1,416666.6666666667,23570.22603955158,400000.0,450000.0,50000.0,-50000.0,-0.1111111111111111,-50000.0,-0.1111111111111111,Down,0,1,0,0.96,0.05656854249492379,0,-50000.0,-0.1111111111111111,0.05656854249492379,400000.0,0.0,4,2,2,0,0,0,1,0,0,26,1,3,3.332204510175204,5,7,35,518297.0,0,3,0,0,0,0,0,0,0,0,0,1,1,0,1,0,0,0,0,0,1,1,0,0,0,1,1,0,1,0,0,0,0,0,1,0,0,0,0,0,0
R0086,real_4w,2,1,1,2026-04-26 23:49:57,220000.0,Down,810000.0,810000.0,0.0,0.0,0,0,810000.0,0.0,810000.0,810000.0,0.0,0.0,0.0,0.0,0.0,Stable,0,0,1,1.0,0.0,0,0.0,0.0,0.0,810000.0,0.0,4,4,2,0,1,1,1,0,0,39,5,5,4.02535169073515,6,10,60,460955.5,0,4,0,1,0,0,0,0,0,0,0,0,0,1,0,0,0,0,0,1,1,1,0,0,0,0,0,0,0,0,0,1,0,0,0,1,0,0,0,0,1
R0086,real_4w,3,2,2,2026-04-19 23:49:57,425000.0,Up,220000.0,220000.0,810000.0,0.0,1,0,515000.0,295000.0,220000.0,810000.0,590000.0,-590000.0,-0.7283950617283951,-590000.0,-0.7283950617283951,Down,0,1,0,0.42718446601941745,0.5728155339805825,0,-590000.0,-0.7283950617283951,0.5728155339805825,515000.0,-0.5728155339805825,4,3,2,0,0,0,1,0,0,39,5,5,4.02535169073515,6,10,60,460955.5,0,4,0,1,0,0,0,0,0,0,0,0,0,1,0,0,0,0,0,1,1,1,0,0,0,0,0,0,0,0,0,1,0,0,0,1,0,0,0,0,0
R0086,real_4w,4,3,3,2026-04-12 23:49:57,425000.0,Stable,425000.0,425000.0,220000.0,810000.0,1,1,485000.0,244574.4603728416,220000.0,810000.0,590000.0,205000.0,0.9318181818181818,205000.0,0.9318181818181818,Up,1,0,0,0.8762886597938144,0.5042772378821476,0,205000.0,0.9318181818181818,0.5042772378821476,425000.0,0.0,4,2,2,0,0,0,1,0,0,39,5,5,4.02535169073515,6,10,60,460955.5,0,4,0,1,0,0,0,0,0,0,0,0,0,1,0,0,0,0,0,1,1,1,0,0,0,0,0,0,0,0,0,1,0,0,0,1,0,0,0,0,2
R0087,real_4w,2,1,1,2026-04-26 23:50:27,360000.0,Stable,400000.0,400000.0,0.0,0.0,0,0,400000.0,0.0,400000.0,400000.0,0.0,0.0,0.0,0.0,0.0,Stable,0,0,1,1.0,0.0,0,0.0,0.0,0.0,400000.0,0.0,4,4,2,0,1,1,1,0,0,21,1,3,3.1354942159291497,6,5,30,518297.0,0,4,0,0,0,1,0,0,1,0,0,0,1,0,1,0,0,0,0,0,0,1,0,0,1,0,1,0,1,0,0,0,0,0,1,0,0,0,0,0,1
R0087,real_4w,3,2,2,2026-04-19 23:50:27,420000.0,Up,360000.0,360000.0,400000.0,0.0,1,0,380000.0,20000.0,360000.0,400000.0,40000.0,-40000.0,-0.1,-40000.0,-0.1,Stable,0,0,1,0.9473684210526315,0.05263157894736842,0,-40000.0,-0.1,0.05263157894736842,380000.0,-0.05263157894736842,4,3,2,0,0,0,1,0,0,21,1,3,3.1354942159291497,6,5,30,518297.0,0,4,0,0,0,1,0,0,1,0,0,0,1,0,1,0,0,0,0,0,0,1,0,0,1,0,1,0,1,0,0,0,0,0,1,0,0,0,0,0,1
R0087,real_4w,4,3,3,2026-04-12 23:50:27,450000.0,Stable,420000.0,420000.0,360000.0,400000.0,1,1,393333.3333333333,24944.382578492943,360000.0,420000.0,60000.0,60000.0,0.16666666666666666,60000.0,0.16666666666666666,Up,1,0,0,1.0677966101694916,0.06341792180972783,1,60000.0,0.16666666666666666,0.06341792180972783,400000.0,0.05,4,2,2,0,0,0,1,0,0,21,1,3,3.1354942159291497,6,5,30,518297.0,0,4,0,0,0,1,0,0,1,0,0,0,1,0,1,0,0,0,0,0,0,1,0,0,1,0,1,0,1,0,0,0,0,0,1,0,0,0,0,0,2
R0088,real_4w,2,1,1,2026-04-26 23:58:06,900000.0,Down,1336200.0,1336200.0,0.0,0.0,0,0,1336200.0,0.0,1336200.0,1336200.0,0.0,0.0,0.0,0.0,0.0,Stable,0,0,1,1.0,0.0,0,0.0,0.0,0.0,1336200.0,0.0,4,4,2,0,1,1,1,0,0,32,5,2,3.2188758248682006,7,7,49,739240.8333333334,2,0,0,1,0,0,0,0,0,0,0,0,0,0,0,0,1,0,0,0,0,1,0,0,0,0,0,0,0,1,0,0,0,0,0,1,0,0,0,0,1
R0088,real_4w,3,2,2,2026-04-19 23:58:06,1325000.0,Up,900000.0,900000.0,1336200.0,0.0,1,0,1118100.0,218100.0,900000.0,1336200.0,436200.0,-436200.0,-0.326448136506511,-436200.0,-0.326448136506511,Down,0,1,0,0.8049369466058492,0.19506305339415078,0,-436200.0,-0.326448136506511,0.19506305339415078,1118100.0,-0.19506305339415078,4,3,2,0,0,0,1,0,0,32,5,2,3.2188758248682006,7,7,49,739240.8333333334,2,0,0,1,0,0,0,0,0,0,0,0,0,0,0,0,1,0,0,0,0,1,0,0,0,0,0,0,0,1,0,0,0,0,0,1,0,0,0,0,0
R0088,real_4w,4,3,3,2026-04-12 23:58:06,1342800.0,Stable,1325000.0,1325000.0,900000.0,1336200.0,1,1,1187066.6666666667,203038.27772669424,900000.0,1336200.0,436200.0,425000.0,0.4722222222222222,425000.0,0.4722222222222222,Up,1,0,0,1.1161967875996854,0.17104201762891236,1,425000.0,0.4722222222222222,0.17104201762891236,1325000.0,0.0,4,2,2,0,0,0,1,0,0,32,5,2,3.2188758248682006,7,7,49,739240.8333333334,2,0,0,1,0,0,0,0,0,0,0,0,0,0,0,0,1,0,0,0,0,1,0,0,0,0,0,0,0,1,0,0,0,0,0,1,0,0,0,0,2
R0089,real_4w,2,1,1,2026-04-27 00:06:22,300000.0,Down,350000.0,350000.0,0.0,0.0,0,0,350000.0,0.0,350000.0,350000.0,0.0,0.0,0.0,0.0,0.0,Stable,0,0,1,1.0,0.0,0,0.0,0.0,0.0,350000.0,0.0,4,4,2,0,1,1,0,0,0,24,7,2,2.772588722239781,3,5,15,739240.8333333334,1,3,0,0,0,1,0,0,1,0,0,1,0,0,1,0,0,0,0,0,1,1,1,0,0,0,1,0,0,0,0,0,0,0,0,0,0,0,1,0,1
R0089,real_4w,3,2,2,2026-04-20 00:06:22,380000.0,Up,300000.0,300000.0,350000.0,0.0,1,0,325000.0,25000.0,300000.0,350000.0,50000.0,-50000.0,-0.14285714285714285,-50000.0,-0.14285714285714285,Down,0,1,0,0.9230769230769231,0.07692307692307693,0,-50000.0,-0.14285714285714285,0.07692307692307693,325000.0,-0.07692307692307693,4,3,2,0,0,0,0,0,0,24,7,2,2.772588722239781,3,5,15,739240.8333333334,1,3,0,0,0,1,0,0,1,0,0,1,0,0,1,0,0,0,0,0,1,1,1,0,0,0,1,0,0,0,0,0,0,0,0,0,0,0,1,0,0
R0089,real_4w,4,3,3,2026-04-13 00:06:22,330000.0,Down,380000.0,380000.0,300000.0,350000.0,1,1,343333.3333333333,32998.316455372216,300000.0,380000.0,80000.0,80000.0,0.26666666666666666,80000.0,0.26666666666666666,Up,1,0,0,1.1067961165048543,0.09611160132632685,1,80000.0,0.26666666666666666,0.09611160132632685,350000.0,0.08571428571428572,4,2,2,0,0,0,0,0,0,24,7,2,2.772588722239781,3,5,15,739240.8333333334,1,3,0,0,0,1,0,0,1,0,0,1,0,0,1,0,0,0,0,0,1,1,1,0,0,0,1,0,0,0,0,0,0,0,0,0,0,0,1,0,2
R0090,real_4w,2,1,1,2026-04-27 02:22:25,750000.0,Up,630000.0,630000.0,0.0,0.0,0,0,630000.0,0.0,630000.0,630000.0,0.0,0.0,0.0,0.0,0.0,Stable,0,0,1,1.0,0.0,0,0.0,0.0,0.0,630000.0,0.0,4,4,2,0,1,1,0,0,0,38,3,2,3.4011973816621555,7,4,28,739240.8333333334,1,2,0,0,0,1,0,1,1,1,0,1,1,0,0,1,0,0,1,0,0,1,0,0,0,0,0,1,1,0,0,0,1,0,0,0,0,0,0,0,1
R0090,real_4w,3,2,2,2026-04-20 02:22:25,680000.0,Stable,750000.0,750000.0,630000.0,0.0,1,0,690000.0,60000.0,630000.0,750000.0,120000.0,120000.0,0.19047619047619047,120000.0,0.19047619047619047,Up,1,0,0,1.0869565217391304,0.08695652173913043,1,120000.0,0.19047619047619047,0.08695652173913043,690000.0,0.08695652173913043,4,3,2,0,0,0,0,0,0,38,3,2,3.4011973816621555,7,4,28,739240.8333333334,1,2,0,0,0,1,0,1,1,1,0,1,1,0,0,1,0,0,1,0,0,1,0,0,0,0,0,1,1,0,0,0,1,0,0,0,0,0,0,0,2
R0090,real_4w,4,3,3,2026-04-13 02:22:25,710000.0,Stable,680000.0,680000.0,750000.0,630000.0,1,1,686666.6666666666,49216.076867444666,630000.0,750000.0,120000.0,-70000.0,-0.09333333333333334,-70000.0,-0.09333333333333334,Stable,0,0,1,0.9902912621359223,0.07167389835064758,0,-70000.0,-0.09333333333333334,0.07167389835064758,680000.0,0.0,4,2,2,0,0,0,0,0,0,38,3,2,3.4011973816621555,7,4,28,739240.8333333334,1,2,0,0,0,1,0,1,1,1,0,1,1,0,0,1,0,0,1,0,0,1,0,0,0,0,0,1,1,0,0,0,1,0,0,0,0,0,0,0,1
R0091,real_4w,2,1,1,2026-04-27 03:54:19,925000.0,Up,810000.0,810000.0,0.0,0.0,0,0,810000.0,0.0,810000.0,810000.0,0.0,0.0,0.0,0.0,0.0,Stable,0,0,1,1.0,0.0,0,0.0,0.0,0.0,810000.0,0.0,4,4,2,0,1,1,0,0,0,44,5,2,2.639057329615259,6,9,54,739240.8333333334,1,0,0,1,1,0,0,0,0,0,0,0,0,1,0,0,0,0,0,0,1,1,0,0,0,0,0,0,0,0,0,1,0,0,0,1,0,0,0,0,1
R0091,real_4w,3,2,2,2026-04-20 03:54:19,750000.0,Down,925000.0,925000.0,810000.0,0.0,1,0,867500.0,57500.0,810000.0,925000.0,115000.0,115000.0,0.1419753086419753,115000.0,0.1419753086419753,Up,1,0,0,1.0662824207492796,0.06628242074927954,1,115000.0,0.1419753086419753,0.06628242074927954,867500.0,0.06628242074927954,4,3,2,0,0,0,0,0,0,44,5,2,2.639057329615259,6,9,54,739240.8333333334,1,0,0,1,1,0,0,0,0,0,0,0,0,1,0,0,0,0,0,0,1,1,0,0,0,0,0,0,0,0,0,1,0,0,0,1,0,0,0,0,2
R0091,real_4w,4,3,3,2026-04-13 03:54:19,870000.0,Up,750000.0,750000.0,925000.0,810000.0,1,1,828333.3333333334,72610.06970263988,750000.0,925000.0,175000.0,-175000.0,-0.1891891891891892,-175000.0,-0.1891891891891892,Down,0,1,0,0.9054325955734406,0.0876580318341729,0,-175000.0,-0.1891891891891892,0.0876580318341729,810000.0,-0.07407407407407407,4,2,2,0,0,0,0,0,0,44,5,2,2.639057329615259,6,9,54,739240.8333333334,1,0,0,1,1,0,0,0,0,0,0,0,0,1,0,0,0,0,0,0,1,1,0,0,0,0,0,0,0,0,0,1,0,0,0,1,0,0,0,0,0
R0092,real_4w,2,1,1,2026-04-27 05:26:55,800000.0,Down,920000.0,920000.0,0.0,0.0,0,0,920000.0,0.0,920000.0,920000.0,0.0,0.0,0.0,0.0,0.0,Stable,0,0,1,1.0,0.0,0,0.0,0.0,0.0,920000.0,0.0,4,4,2,0,1,1,0,0,0,34,5,2,2.0794415416798357,5,10,50,739240.8333333334,2,4,0,0,1,0,0,0,0,0,0,0,0,1,1,0,1,0,0,0,0,1,0,0,0,0,1,0,0,1,0,1,0,0,0,1,0,0,0,0,1
R0092,real_4w,3,2,2,2026-04-20 05:26:55,880000.0,Stable,800000.0,800000.0,920000.0,0.0,1,0,860000.0,60000.0,800000.0,920000.0,120000.0,-120000.0,-0.13043478260869565,-120000.0,-0.13043478260869565,Down,0,1,0,0.9302325581395349,0.06976744186046512,0,-120000.0,-0.13043478260869565,0.06976744186046512,860000.0,-0.06976744186046512,4,3,2,0,0,0,0,0,0,34,5,2,2.0794415416798357,5,10,50,739240.8333333334,2,4,0,0,1,0,0,0,0,0,0,0,0,1,1,0,1,0,0,0,0,1,0,0,0,0,1,0,0,1,0,1,0,0,0,1,0,0,0,0,0
R0092,real_4w,4,3,3,2026-04-13 05:26:55,780000.0,Down,880000.0,880000.0,800000.0,920000.0,1,1,866666.6666666666,49888.765156985886,800000.0,920000.0,120000.0,80000.0,0.1,80000.0,0.1,Stable,0,0,1,1.0153846153846153,0.05756395979652218,1,80000.0,0.1,0.05756395979652218,880000.0,0.0,4,2,2,0,0,0,0,0,0,34,5,2,2.0794415416798357,5,10,50,739240.8333333334,2,4,0,0,1,0,0,0,0,0,0,0,0,1,1,0,1,0,0,0,0,1,0,0,0,0,1,0,0,1,0,1,0,0,0,1,0,0,0,0,1
R0093,real_4w,2,1,1,2026-04-27 06:13:00,570000.0,Up,420000.0,420000.0,0.0,0.0,0,0,420000.0,0.0,420000.0,420000.0,0.0,0.0,0.0,0.0,0.0,Stable,0,0,1,1.0,0.0,0,0.0,0.0,0.0,420000.0,0.0,4,4,2,0,1,1,0,0,0,21,2,1,3.2188758248682006,4,5,20,518297.0,0,2,0,0,0,0,0,0,0,0,1,1,1,0,1,0,0,0,0,0,1,1,0,0,0,1,1,0,1,0,0,0,0,0,0,0,0,1,0,0,1
R0093,real_4w,3,2,2,2026-04-20 06:13:00,140000.0,Down,570000.0,570000.0,420000.0,0.0,1,0,495000.0,75000.0,420000.0,570000.0,150000.0,150000.0,0.35714285714285715,150000.0,0.35714285714285715,Up,1,0,0,1.1515151515151516,0.15151515151515152,1,150000.0,0.35714285714285715,0.15151515151515152,495000.0,0.15151515151515152,4,3,2,0,0,0,0,0,0,21,2,1,3.2188758248682006,4,5,20,518297.0,0,2,0,0,0,0,0,0,0,0,1,1,1,0,1,0,0,0,0,0,1,1,0,0,0,1,1,0,1,0,0,0,0,0,0,0,0,1,0,0,2
R0093,real_4w,4,3,3,2026-04-13 06:13:00,120000.0,Down,140000.0,140000.0,570000.0,420000.0,1,1,376666.6666666667,178200.88539498215,140000.0,570000.0,430000.0,-430000.0,-0.7543859649122807,-430000.0,-0.7543859649122807,Down,0,1,0,0.3716814159292035,0.47309969573889066,0,-430000.0,-0.7543859649122807,0.47309969573889066,420000.0,-0.6666666666666666,4,2,2,0,0,0,0,0,0,21,2,1,3.2188758248682006,4,5,20,518297.0,0,2,0,0,0,0,0,0,0,0,1,1,1,0,1,0,0,0,0,0,1,1,0,0,0,1,1,0,1,0,0,0,0,0,0,0,0,1,0,0,0
R0094,real_4w,2,1,1,2026-04-27 07:10:29,410000.0,Down,850000.0,850000.0,0.0,0.0,0,0,850000.0,0.0,850000.0,850000.0,0.0,0.0,0.0,0.0,0.0,Stable,0,0,1,1.0,0.0,0,0.0,0.0,0.0,850000.0,0.0,4,4,2,0,1,1,0,0,0,24,2,4,3.4657359027997265,4,4,16,442180.75,0,1,0,0,0,0,0,0,0,0,0,1,1,0,1,0,0,0,0,0,0,1,0,0,1,1,1,0,1,0,0,0,0,0,0,0,0,1,0,0,1
R0094,real_4w,3,2,2,2026-04-20 07:10:29,860000.0,Up,410000.0,410000.0,850000.0,0.0,1,0,630000.0,220000.0,410000.0,850000.0,440000.0,-440000.0,-0.5176470588235295,-440000.0,-0.5176470588235295,Down,0,1,0,0.6507936507936508,0.3492063492063492,0,-440000.0,-0.5176470588235295,0.3492063492063492,630000.0,-0.3492063492063492,4,3,2,0,0,0,0,0,0,24,2,4,3.4657359027997265,4,4,16,442180.75,0,1,0,0,0,0,0,0,0,0,0,1,1,0,1,0,0,0,0,0,0,1,0,0,1,1,1,0,1,0,0,0,0,0,0,0,0,1,0,0,0
R0094,real_4w,4,3,3,2026-04-13 07:10:29,300000.0,Down,860000.0,860000.0,410000.0,850000.0,1,1,706666.6666666666,209814.73309141622,410000.0,860000.0,450000.0,450000.0,1.0975609756097562,450000.0,1.0975609756097562,Up,1,0,0,1.2169811320754718,0.29690764116709845,1,450000.0,1.0975609756097562,0.29690764116709845,850000.0,0.011764705882352941,4,2,2,0,0,0,0,0,0,24,2,4,3.4657359027997265,4,4,16,442180.75,0,1,0,0,0,0,0,0,0,0,0,1,1,0,1,0,0,0,0,0,0,1,0,0,1,1,1,0,1,0,0,0,0,0,0,0,0,1,0,0,2
R0095,real_4w,2,1,1,2026-04-27 08:04:02,575000.0,Up,380000.0,380000.0,0.0,0.0,0,0,380000.0,0.0,380000.0,380000.0,0.0,0.0,0.0,0.0,0.0,Stable,0,0,1,1.0,0.0,0,0.0,0.0,0.0,380000.0,0.0,4,4,2,0,1,1,0,0,0,22,1,1,4.3694478524670215,4,4,16,518297.0,2,2,0,0,0,1,0,0,1,0,0,0,1,1,1,0,0,0,0,0,0,1,0,0,1,0,1,0,1,0,0,1,0,0,1,0,0,0,0,0,1
R0095,real_4w,3,2,2,2026-04-20 08:04:02,290000.0,Down,575000.0,575000.0,380000.0,0.0,1,0,477500.0,97500.0,380000.0,575000.0,195000.0,195000.0,0.5131578947368421,195000.0,0.5131578947368421,Up,1,0,0,1.2041884816753927,0.20418848167539266,1,195000.0,0.5131578947368421,0.20418848167539266,477500.0,0.20418848167539266,4,3,2,0,0,0,0,0,0,22,1,1,4.3694478524670215,4,4,16,518297.0,2,2,0,0,0,1,0,0,1,0,0,0,1,1,1,0,0,0,0,0,0,1,0,0,1,0,1,0,1,0,0,1,0,0,1,0,0,0,0,0,2
R0095,real_4w,4,3,3,2026-04-13 08:04:02,560000.0,Up,290000.0,290000.0,575000.0,380000.0,1,1,415000.0,118953.77253370319,290000.0,575000.0,285000.0,-285000.0,-0.4956521739130435,-285000.0,-0.4956521739130435,Down,0,1,0,0.6987951807228916,0.2866355964667547,0,-285000.0,-0.4956521739130435,0.2866355964667547,380000.0,-0.23684210526315788,4,2,2,0,0,0,0,0,0,22,1,1,4.3694478524670215,4,4,16,518297.0,2,2,0,0,0,1,0,0,1,0,0,0,1,1,1,0,0,0,0,0,0,1,0,0,1,0,1,0,1,0,0,1,0,0,1,0,0,0,0,0,0
R0096,real_4w,2,1,1,2026-04-27 08:10:00,325000.0,Stable,355000.0,355000.0,0.0,0.0,0,0,355000.0,0.0,355000.0,355000.0,0.0,0.0,0.0,0.0,0.0,Stable,0,0,1,1.0,0.0,0,0.0,0.0,0.0,355000.0,0.0,4,4,2,0,1,1,0,0,0,26,7,2,3.4011973816621555,2,5,10,739240.8333333334,0,0,0,0,0,1,0,0,1,0,0,0,0,1,1,0,0,0,0,0,1,1,0,0,0,1,1,0,0,0,0,1,0,0,0,0,0,0,1,0,1
R0096,real_4w,3,2,2,2026-04-20 08:10:00,380000.0,Up,325000.0,325000.0,355000.0,0.0,1,0,340000.0,15000.0,325000.0,355000.0,30000.0,-30000.0,-0.08450704225352113,-30000.0,-0.08450704225352113,Stable,0,0,1,0.9558823529411765,0.04411764705882353,0,-30000.0,-0.08450704225352113,0.04411764705882353,340000.0,-0.04411764705882353,4,3,2,0,0,0,0,0,0,26,7,2,3.4011973816621555,2,5,10,739240.8333333334,0,0,0,0,0,1,0,0,1,0,0,0,0,1,1,0,0,0,0,0,1,1,0,0,0,1,1,0,0,0,0,1,0,0,0,0,0,0,1,0,1
R0096,real_4w,4,3,3,2026-04-13 08:10:00,350000.0,Stable,380000.0,380000.0,325000.0,355000.0,1,1,353333.3333333333,22484.562605386735,325000.0,380000.0,55000.0,55000.0,0.16923076923076924,55000.0,0.16923076923076924,Up,1,0,0,1.0754716981132075,0.06363555454354737,1,55000.0,0.16923076923076924,0.06363555454354737,355000.0,0.07042253521126761,4,2,2,0,0,0,0,0,0,26,7,2,3.4011973816621555,2,5,10,739240.8333333334,0,0,0,0,0,1,0,0,1,0,0,0,0,1,1,0,0,0,0,0,1,1,0,0,0,1,1,0,0,0,0,1,0,0,0,0,0,0,1,0,2
R0097,real_4w,2,1,1,2026-04-27 08:30:37,90000.0,Down,115000.0,115000.0,0.0,0.0,0,0,115000.0,0.0,115000.0,115000.0,0.0,0.0,0.0,0.0,0.0,Stable,0,0,1,1.0,0.0,0,0.0,0.0,0.0,115000.0,0.0,4,4,2,0,1,1,0,0,0,29,2,4,3.58351893845611,4,5,20,442180.75,0,4,0,0,0,0,0,0,0,0,1,1,1,0,1,0,0,1,0,0,1,1,0,0,1,0,1,0,1,0,1,0,0,0,0,0,0,1,0,0,1
R0097,real_4w,3,2,2,2026-04-20 08:30:37,10000.0,Down,90000.0,90000.0,115000.0,0.0,1,0,102500.0,12500.0,90000.0,115000.0,25000.0,-25000.0,-0.21739130434782608,-25000.0,-0.21739130434782608,Down,0,1,0,0.8780487804878049,0.12195121951219512,0,-25000.0,-0.21739130434782608,0.12195121951219512,102500.0,-0.12195121951219512,4,3,2,0,0,0,0,0,0,29,2,4,3.58351893845611,4,5,20,442180.75,0,4,0,0,0,0,0,0,0,0,1,1,1,0,1,0,0,1,0,0,1,1,0,0,1,0,1,0,1,0,1,0,0,0,0,0,0,1,0,0,0
R0097,real_4w,4,3,3,2026-04-13 08:30:37,200000.0,Up,10000.0,10000.0,90000.0,115000.0,1,1,71666.66666666667,44783.429475148005,10000.0,115000.0,105000.0,-80000.0,-0.8888888888888888,-80000.0,-0.8888888888888888,Down,0,1,0,0.13953488372093023,0.6248850624439256,0,-80000.0,-0.8888888888888888,0.6248850624439256,90000.0,-0.8888888888888888,4,2,2,0,0,0,0,0,0,29,2,4,3.58351893845611,4,5,20,442180.75,0,4,0,0,0,0,0,0,0,0,1,1,1,0,1,0,0,1,0,0,1,1,0,0,1,0,1,0,1,0,1,0,0,0,0,0,0,1,0,0,0
R0098,real_4w,2,1,1,2026-04-27 08:43:52,525000.0,Up,350000.0,350000.0,0.0,0.0,0,0,350000.0,0.0,350000.0,350000.0,0.0,0.0,0.0,0.0,0.0,Stable,0,0,1,1.0,0.0,0,0.0,0.0,0.0,350000.0,0.0,4,4,2,0,1,1,0,0,0,37,3,0,2.9444389791664403,7,4,28,548095.6666666666,1,3,0,0,0,1,0,1,1,1,0,1,1,0,0,0,0,0,0,0,0,1,0,0,0,1,0,0,1,0,0,0,1,0,0,0,0,0,0,0,1
R0098,real_4w,3,2,2,2026-04-20 08:43:52,575000.0,Stable,525000.0,525000.0,350000.0,0.0,1,0,437500.0,87500.0,350000.0,525000.0,175000.0,175000.0,0.5,175000.0,0.5,Up,1,0,0,1.2,0.2,1,175000.0,0.5,0.2,437500.0,0.2,4,3,2,0,0,0,0,0,0,37,3,0,2.9444389791664403,7,4,28,548095.6666666666,1,3,0,0,0,1,0,1,1,1,0,1,1,0,0,0,0,0,0,0,0,1,0,0,0,1,0,0,1,0,0,0,1,0,0,0,0,0,0,0,2
R0098,real_4w,4,3,3,2026-04-13 08:43:52,415000.0,Down,575000.0,575000.0,525000.0,350000.0,1,1,483333.3333333333,96465.30752325187,350000.0,575000.0,225000.0,50000.0,0.09523809523809523,50000.0,0.09523809523809523,Stable,0,0,1,1.1896551724137931,0.19958339487569354,1,50000.0,0.09523809523809523,0.19958339487569354,525000.0,0.09523809523809523,4,2,2,0,0,0,0,0,0,37,3,0,2.9444389791664403,7,4,28,548095.6666666666,1,3,0,0,0,1,0,1,1,1,0,1,1,0,0,0,0,0,0,0,0,1,0,0,0,1,0,0,1,0,0,0,1,0,0,0,0,0,0,0,1
R0099,real_4w,2,1,1,2026-04-27 09:37:40,270000.0,Up,150000.0,150000.0,0.0,0.0,0,0,150000.0,0.0,150000.0,150000.0,0.0,0.0,0.0,0.0,0.0,Stable,0,0,1,1.0,0.0,0,0.0,0.0,0.0,150000.0,0.0,4,4,2,0,1,1,0,0,0,19,7,1,2.772588722239781,5,4,20,518297.0,1,4,0,0,0,1,0,0,1,0,0,0,1,1,1,0,0,0,0,0,1,1,0,0,0,0,1,0,1,0,0,1,0,0,0,0,0,0,1,0,1
R0099,real_4w,3,2,2,2026-04-20 09:37:40,100000.0,Down,270000.0,270000.0,150000.0,0.0,1,0,210000.0,60000.0,150000.0,270000.0,120000.0,120000.0,0.8,120000.0,0.8,Up,1,0,0,1.2857142857142858,0.2857142857142857,1,120000.0,0.8,0.2857142857142857,210000.0,0.2857142857142857,4,3,2,0,0,0,0,0,0,19,7,1,2.772588722239781,5,4,20,518297.0,1,4,0,0,0,1,0,0,1,0,0,0,1,1,1,0,0,0,0,0,1,1,0,0,0,0,1,0,1,0,0,1,0,0,0,0,0,0,1,0,2
R0099,real_4w,4,3,3,2026-04-13 09:37:40,295000.0,Up,100000.0,100000.0,270000.0,150000.0,1,1,173333.33333333334,71336.44853010899,100000.0,270000.0,170000.0,-170000.0,-0.6296296296296297,-170000.0,-0.6296296296296297,Down,0,1,0,0.5769230769230769,0.4115564338275518,0,-170000.0,-0.6296296296296297,0.4115564338275518,150000.0,-0.3333333333333333,4,2,2,0,0,0,0,0,0,19,7,1,2.772588722239781,5,4,20,518297.0,1,4,0,0,0,1,0,0,1,0,0,0,1,1,1,0,0,0,0,0,1,1,0,0,0,0,1,0,1,0,0,1,0,0,0,0,0,0,1,0,0
R0100,real_4w,2,1,1,2026-04-27 09:51:44,300000.0,Up,250000.0,250000.0,0.0,0.0,0,0,250000.0,0.0,250000.0,250000.0,0.0,0.0,0.0,0.0,0.0,Stable,0,0,1,1.0,0.0,0,0.0,0.0,0.0,250000.0,0.0,4,4,2,0,1,1,0,0,0,27,6,1,3.367295829986474,5,6,30,518297.0,0,3,0,0,0,0,0,0,0,0,0,1,0,1,0,0,0,1,1,0,1,1,0,0,0,0,0,0,0,0,1,1,0,1,0,0,0,0,0,0,1
R0100,real_4w,3,2,2,2026-04-20 09:51:44,235000.0,Down,300000.0,300000.0,250000.0,0.0,1,0,275000.0,25000.0,250000.0,300000.0,50000.0,50000.0,0.2,50000.0,0.2,Up,1,0,0,1.0909090909090908,0.09090909090909091,1,50000.0,0.2,0.09090909090909091,275000.0,0.09090909090909091,4,3,2,0,0,0,0,0,0,27,6,1,3.367295829986474,5,6,30,518297.0,0,3,0,0,0,0,0,0,0,0,0,1,0,1,0,0,0,1,1,0,1,1,0,0,0,0,0,0,0,0,1,1,0,1,0,0,0,0,0,0,2
R0100,real_4w,4,3,3,2026-04-13 09:51:44,275000.0,Up,235000.0,235000.0,300000.0,250000.0,1,1,261666.66666666666,27788.88666755511,235000.0,300000.0,65000.0,-65000.0,-0.21666666666666667,-65000.0,-0.21666666666666667,Down,0,1,0,0.8980891719745223,0.10619956688237622,0,-65000.0,-0.21666666666666667,0.10619956688237622,250000.0,-0.06,4,2,2,0,0,0,0,0,0,27,6,1,3.367295829986474,5,6,30,518297.0,0,3,0,0,0,0,0,0,0,0,0,1,0,1,0,0,0,1,1,0,1,1,0,0,0,0,0,0,0,0,1,1,0,1,0,0,0,0,0,0,0
R0101,real_4w,2,1,1,2026-04-27 09:59:56,800000.0,Up,680000.0,680000.0,0.0,0.0,0,0,680000.0,0.0,680000.0,680000.0,0.0,0.0,0.0,0.0,0.0,Stable,0,0,1,1.0,0.0,0,0.0,0.0,0.0,680000.0,0.0,4,4,2,0,1,1,0,0,0,30,4,6,3.1354942159291497,6,8,48,653189.75,2,2,0,0,1,0,0,0,0,0,0,0,0,0,1,1,0,0,0,0,1,1,0,1,0,0,1,1,0,0,0,0,0,0,0,0,1,0,0,0,1
R0101,real_4w,3,2,2,2026-04-20 09:59:56,665000.0,Down,800000.0,800000.0,680000.0,0.0,1,0,740000.0,60000.0,680000.0,800000.0,120000.0,120000.0,0.17647058823529413,120000.0,0.17647058823529413,Up,1,0,0,1.0810810810810811,0.08108108108108109,1,120000.0,0.17647058823529413,0.08108108108108109,740000.0,0.08108108108108109,4,3,2,0,0,0,0,0,0,30,4,6,3.1354942159291497,6,8,48,653189.75,2,2,0,0,1,0,0,0,0,0,0,0,0,0,1,1,0,0,0,0,1,1,0,1,0,0,1,1,0,0,0,0,0,0,0,0,1,0,0,0,2
R0101,real_4w,4,3,3,2026-04-13 09:59:56,580000.0,Down,665000.0,665000.0,800000.0,680000.0,1,1,715000.0,60415.22986797286,665000.0,800000.0,135000.0,-135000.0,-0.16875,-135000.0,-0.16875,Down,0,1,0,0.9300699300699301,0.08449682499017183,0,-135000.0,-0.16875,0.08449682499017183,680000.0,-0.022058823529411766,4,2,2,0,0,0,0,0,0,30,4,6,3.1354942159291497,6,8,48,653189.75,2,2,0,0,1,0,0,0,0,0,0,0,0,0,1,1,0,0,0,0,1,1,0,1,0,0,1,1,0,0,0,0,0,0,0,0,1,0,0,0,0
R0102,real_4w,2,1,1,2026-04-27 10:14:02,225000.0,Stable,230000.0,230000.0,0.0,0.0,0,0,230000.0,0.0,230000.0,230000.0,0.0,0.0,0.0,0.0,0.0,Stable,0,0,1,1.0,0.0,0,0.0,0.0,0.0,230000.0,0.0,4,4,2,0,1,1,0,0,0,33,2,2,2.70805020110221,4,7,28,739240.8333333334,0,1,0,0,0,0,0,0,0,0,1,1,1,0,1,0,0,0,0,0,0,1,0,0,1,1,1,0,1,0,0,0,0,0,0,0,0,1,0,0,1
R0102,real_4w,3,2,2,2026-04-20 10:14:02,290000.0,Up,225000.0,225000.0,230000.0,0.0,1,0,227500.0,2500.0,225000.0,230000.0,5000.0,-5000.0,-0.021739130434782608,-5000.0,-0.021739130434782608,Stable,0,0,1,0.989010989010989,0.01098901098901099,0,-5000.0,-0.021739130434782608,0.01098901098901099,227500.0,-0.01098901098901099,4,3,2,0,0,0,0,0,0,33,2,2,2.70805020110221,4,7,28,739240.8333333334,0,1,0,0,0,0,0,0,0,0,1,1,1,0,1,0,0,0,0,0,0,1,0,0,1,1,1,0,1,0,0,0,0,0,0,0,0,1,0,0,1
R0102,real_4w,4,3,3,2026-04-13 10:14:02,245000.0,Down,290000.0,290000.0,225000.0,230000.0,1,1,248333.33333333334,29533.40857778225,225000.0,290000.0,65000.0,65000.0,0.28888888888888886,65000.0,0.28888888888888886,Up,1,0,0,1.1677852348993287,0.11892647749442517,1,65000.0,0.28888888888888886,0.11892647749442517,230000.0,0.2608695652173913,4,2,2,0,0,0,0,0,0,33,2,2,2.70805020110221,4,7,28,739240.8333333334,0,1,0,0,0,0,0,0,0,0,1,1,1,0,1,0,0,0,0,0,0,1,0,0,1,1,1,0,1,0,0,0,0,0,0,0,0,1,0,0,2
R0103,real_4w,2,1,1,2026-04-27 10:28:05,560000.0,Stable,590000.0,590000.0,0.0,0.0,0,0,590000.0,0.0,590000.0,590000.0,0.0,0.0,0.0,0.0,0.0,Stable,0,0,1,1.0,0.0,0,0.0,0.0,0.0,590000.0,0.0,4,4,2,0,1,1,0,0,0,17,1,7,2.8903717578961645,5,3,15,559306.0,1,4,1,0,0,0,0,0,0,0,0,1,1,1,1,0,0,0,0,0,0,1,0,0,1,0,1,0,1,0,0,1,0,0,1,0,0,0,0,0,1
R0103,real_4w,3,2,2,2026-04-20 10:28:05,550000.0,Stable,560000.0,560000.0,590000.0,0.0,1,0,575000.0,15000.0,560000.0,590000.0,30000.0,-30000.0,-0.05084745762711865,-30000.0,-0.05084745762711865,Stable,0,0,1,0.9739130434782609,0.02608695652173913,0,-30000.0,-0.05084745762711865,0.02608695652173913,575000.0,-0.02608695652173913,4,3,2,0,0,0,0,0,0,17,1,7,2.8903717578961645,5,3,15,559306.0,1,4,1,0,0,0,0,0,0,0,0,1,1,1,1,0,0,0,0,0,0,1,0,0,1,0,1,0,1,0,0,1,0,0,1,0,0,0,0,0,1
R0103,real_4w,4,3,3,2026-04-13 10:28:05,540000.0,Stable,550000.0,550000.0,560000.0,590000.0,1,1,566666.6666666666,16996.73171197595,550000.0,590000.0,40000.0,-10000.0,-0.017857142857142856,-10000.0,-0.017857142857142856,Stable,0,0,1,0.9705882352941178,0.029994232432898737,0,-10000.0,-0.017857142857142856,0.029994232432898737,560000.0,-0.017857142857142856,4,2,2,0,0,0,0,0,0,17,1,7,2.8903717578961645,5,3,15,559306.0,1,4,1,0,0,0,0,0,0,0,0,1,1,1,1,0,0,0,0,0,0,1,0,0,1,0,1,0,1,0,0,1,0,0,1,0,0,0,0,0,1
R0104,real_4w,2,1,1,2026-04-27 10:48:21,1273200.0,Up,815000.0,815000.0,0.0,0.0,0,0,815000.0,0.0,815000.0,815000.0,0.0,0.0,0.0,0.0,0.0,Stable,0,0,1,1.0,0.0,0,0.0,0.0,0.0,815000.0,0.0,4,4,2,0,1,1,0,0,0,47,5,2,2.70805020110221,7,8,56,739240.8333333334,2,1,0,1,0,0,0,0,0,0,0,0,0,0,1,0,0,1,0,0,0,1,0,0,0,0,1,0,0,0,1,0,0,0,0,1,0,0,0,0,1
R0104,real_4w,3,2,2,2026-04-20 10:48:21,905000.0,Down,1273200.0,1273200.0,815000.0,0.0,1,0,1044100.0,229100.0,815000.0,1273200.0,458200.0,458200.0,0.5622085889570552,458200.0,0.5622085889570552,Up,1,0,0,1.2194234268748205,0.21942342687482042,1,458200.0,0.5622085889570552,0.21942342687482042,1044100.0,0.21942342687482042,4,3,2,0,0,0,0,0,0,47,5,2,2.70805020110221,7,8,56,739240.8333333334,2,1,0,1,0,0,0,0,0,0,0,0,0,0,1,0,0,1,0,0,0,1,0,0,0,0,1,0,0,0,1,0,0,0,0,1,0,0,0,0,2
R0104,real_4w,4,3,3,2026-04-13 10:48:21,1342800.0,Up,905000.0,905000.0,1273200.0,815000.0,1,1,997733.3333333334,198219.4294770879,815000.0,1273200.0,458200.0,-368200.0,-0.28919258561105876,-368200.0,-0.28919258561105876,Down,0,1,0,0.9070559935854603,0.19866974757158348,0,-368200.0,-0.28919258561105876,0.19866974757158348,905000.0,0.0,4,2,2,0,0,0,0,0,0,47,5,2,2.70805020110221,7,8,56,739240.8333333334,2,1,0,1,0,0,0,0,0,0,0,0,0,0,1,0,0,1,0,0,0,1,0,0,0,0,1,0,0,0,1,0,0,0,0,1,0,0,0,0,0
R0105,real_4w,2,1,1,2026-04-27 11:40:58,800000.0,Up,360000.0,360000.0,0.0,0.0,0,0,360000.0,0.0,360000.0,360000.0,0.0,0.0,0.0,0.0,0.0,Stable,0,0,1,1.0,0.0,0,0.0,0.0,0.0,360000.0,0.0,4,4,2,0,1,1,0,0,0,23,0,1,1.791759469228055,6,2,12,518297.0,0,0,0,0,0,1,0,0,1,0,0,0,0,1,0,0,0,0,0,0,0,1,0,1,0,0,0,0,0,0,0,1,0,0,0,0,0,0,0,1,1
R0105,real_4w,3,2,2,2026-04-20 11:40:58,790000.0,Stable,800000.0,800000.0,360000.0,0.0,1,0,580000.0,220000.0,360000.0,800000.0,440000.0,440000.0,1.2222222222222223,440000.0,1.2222222222222223,Up,1,0,0,1.3793103448275863,0.3793103448275862,1,440000.0,1.2222222222222223,0.3793103448275862,580000.0,0.3793103448275862,4,3,2,0,0,0,0,0,0,23,0,1,1.791759469228055,6,2,12,518297.0,0,0,0,0,0,1,0,0,1,0,0,0,0,1,0,0,0,0,0,0,0,1,0,1,0,0,0,0,0,0,0,1,0,0,0,0,0,0,0,1,2
R0105,real_4w,4,3,3,2026-04-13 11:40:58,6800.0,Down,790000.0,790000.0,800000.0,360000.0,1,1,650000.0,205101.6008388688,360000.0,800000.0,440000.0,-10000.0,-0.0125,-10000.0,-0.0125,Stable,0,0,1,1.2153846153846153,0.3155409243674904,1,-10000.0,-0.0125,0.3155409243674904,790000.0,0.0,4,2,2,0,0,0,0,0,0,23,0,1,1.791759469228055,6,2,12,518297.0,0,0,0,0,0,1,0,0,1,0,0,0,0,1,0,0,0,0,0,0,0,1,0,1,0,0,0,0,0,0,0,1,0,0,0,0,0,0,0,1,1
R0106,real_4w,2,1,1,2026-04-27 11:51:10,16800.0,Down,75000.0,75000.0,0.0,0.0,0,0,75000.0,0.0,75000.0,75000.0,0.0,0.0,0.0,0.0,0.0,Stable,0,0,1,1.0,0.0,0,0.0,0.0,0.0,75000.0,0.0,4,4,2,0,1,1,0,0,0,24,0,0,2.995732273553991,4,5,20,548095.6666666666,0,4,0,0,0,0,0,0,0,0,0,1,0,0,0,0,0,1,1,0,0,1,0,0,0,1,0,0,0,0,1,0,0,0,0,0,0,0,0,1,1
R0106,real_4w,3,2,2,2026-04-20 11:51:10,175000.0,Up,16800.0,16800.0,75000.0,0.0,1,0,45900.0,29100.0,16800.0,75000.0,58200.0,-58200.0,-0.776,-58200.0,-0.776,Down,0,1,0,0.3660130718954248,0.6339869281045751,0,-58200.0,-0.776,0.6339869281045751,45900.0,-0.6339869281045751,4,3,2,0,0,0,0,0,0,24,0,0,2.995732273553991,4,5,20,548095.6666666666,0,4,0,0,0,0,0,0,0,0,0,1,0,0,0,0,0,1,1,0,0,1,0,0,0,1,0,0,0,0,1,0,0,0,0,0,0,0,0,1,0
R0106,real_4w,4,3,3,2026-04-13 11:51:10,170000.0,Stable,175000.0,175000.0,16800.0,75000.0,1,1,88933.33333333333,65332.04080354107,16800.0,175000.0,158200.0,158200.0,9.416666666666666,158200.0,9.416666666666666,Up,1,0,0,1.9677661169415293,0.7346181499648546,1,158200.0,9.416666666666666,0.7346181499648546,75000.0,1.3333333333333333,4,2,2,0,0,0,0,0,0,24,0,0,2.995732273553991,4,5,20,548095.6666666666,0,4,0,0,0,0,0,0,0,0,0,1,0,0,0,0,0,1,1,0,0,1,0,0,0,1,0,0,0,0,1,0,0,0,0,0,0,0,0,1,2
R0107,real_4w,2,1,1,2026-04-27 11:55:33,340000.0,Up,190000.0,190000.0,0.0,0.0,0,0,190000.0,0.0,190000.0,190000.0,0.0,0.0,0.0,0.0,0.0,Stable,0,0,1,1.0,0.0,0,0.0,0.0,0.0,190000.0,0.0,4,4,2,0,1,1,0,0,0,28,7,2,3.5553480614894135,4,5,20,739240.8333333334,0,3,0,0,0,1,0,0,1,0,0,1,1,1,1,0,0,0,0,0,0,1,1,0,0,1,1,0,1,0,0,1,0,0,0,0,0,0,1,0,1
R0107,real_4w,3,2,2,2026-04-20 11:55:33,540000.0,Up,340000.0,340000.0,190000.0,0.0,1,0,265000.0,75000.0,190000.0,340000.0,150000.0,150000.0,0.7894736842105263,150000.0,0.7894736842105263,Up,1,0,0,1.2830188679245282,0.2830188679245283,1,150000.0,0.7894736842105263,0.2830188679245283,265000.0,0.2830188679245283,4,3,2,0,0,0,0,0,0,28,7,2,3.5553480614894135,4,5,20,739240.8333333334,0,3,0,0,0,1,0,0,1,0,0,1,1,1,1,0,0,0,0,0,0,1,1,0,0,1,1,0,1,0,0,1,0,0,0,0,0,0,1,0,2
R0107,real_4w,4,3,3,2026-04-13 11:55:33,440000.0,Down,540000.0,540000.0,340000.0,190000.0,1,1,356666.6666666667,143372.08778404378,190000.0,540000.0,350000.0,200000.0,0.5882352941176471,200000.0,0.5882352941176471,Up,1,0,0,1.514018691588785,0.4019778162169451,1,200000.0,0.5882352941176471,0.4019778162169451,340000.0,0.5882352941176471,4,2,2,0,0,0,0,0,0,28,7,2,3.5553480614894135,4,5,20,739240.8333333334,0,3,0,0,0,1,0,0,1,0,0,1,1,1,1,0,0,0,0,0,0,1,1,0,0,1,1,0,1,0,0,1,0,0,0,0,0,0,1,0,2
R0108,real_4w,2,1,1,2026-04-27 12:05:56,350000.0,Up,230000.0,230000.0,0.0,0.0,0,0,230000.0,0.0,230000.0,230000.0,0.0,0.0,0.0,0.0,0.0,Stable,0,0,1,1.0,0.0,0,0.0,0.0,0.0,230000.0,0.0,4,4,2,0,1,1,0,0,0,41,5,4,3.332204510175204,7,6,42,442180.75,0,2,0,0,1,0,0,0,0,0,0,0,0,1,0,0,0,0,0,0,0,1,0,0,0,0,0,0,0,0,0,1,0,0,0,1,0,0,0,0,1
R0108,real_4w,3,2,2,2026-04-20 12:05:56,265000.0,Down,350000.0,350000.0,230000.0,0.0,1,0,290000.0,60000.0,230000.0,350000.0,120000.0,120000.0,0.5217391304347826,120000.0,0.5217391304347826,Up,1,0,0,1.206896551724138,0.20689655172413793,1,120000.0,0.5217391304347826,0.20689655172413793,290000.0,0.20689655172413793,4,3,2,0,0,0,0,0,0,41,5,4,3.332204510175204,7,6,42,442180.75,0,2,0,0,1,0,0,0,0,0,0,0,0,1,0,0,0,0,0,0,0,1,0,0,0,0,0,0,0,0,0,1,0,0,0,1,0,0,0,0,2
R0108,real_4w,4,3,3,2026-04-13 12:05:56,255000.0,Stable,265000.0,265000.0,350000.0,230000.0,1,1,281666.6666666667,50387.38819276991,230000.0,350000.0,120000.0,-85000.0,-0.24285714285714285,-85000.0,-0.24285714285714285,Down,0,1,0,0.9408284023668638,0.1788901355956328,0,-85000.0,-0.24285714285714285,0.1788901355956328,265000.0,0.0,4,2,2,0,0,0,0,0,0,41,5,4,3.332204510175204,7,6,42,442180.75,0,2,0,0,1,0,0,0,0,0,0,0,0,1,0,0,0,0,0,0,0,1,0,0,0,0,0,0,0,0,0,1,0,0,0,1,0,0,0,0,0
R0109,real_4w,2,1,1,2026-04-27 12:34:05,730000.0,Down,850000.0,850000.0,0.0,0.0,0,0,850000.0,0.0,850000.0,850000.0,0.0,0.0,0.0,0.0,0.0,Stable,0,0,1,1.0,0.0,0,0.0,0.0,0.0,850000.0,0.0,4,4,2,0,1,1,0,0,0,25,6,2,4.0943445622221,5,7,35,739240.8333333334,2,3,0,0,0,0,0,0,0,0,0,1,0,1,0,0,0,0,0,0,0,1,0,0,0,0,0,0,0,0,0,1,0,1,0,0,0,0,0,0,1
R0109,real_4w,3,2,2,2026-04-20 12:34:05,900000.0,Up,730000.0,730000.0,850000.0,0.0,1,0,790000.0,60000.0,730000.0,850000.0,120000.0,-120000.0,-0.1411764705882353,-120000.0,-0.1411764705882353,Down,0,1,0,0.9240506329113924,0.0759493670886076,0,-120000.0,-0.1411764705882353,0.0759493670886076,790000.0,-0.0759493670886076,4,3,2,0,0,0,0,0,0,25,6,2,4.0943445622221,5,7,35,739240.8333333334,2,3,0,0,0,0,0,0,0,0,0,1,0,1,0,0,0,0,0,0,0,1,0,0,0,0,0,0,0,0,0,1,0,1,0,0,0,0,0,0,0
R0109,real_4w,4,3,3,2026-04-13 12:34:05,875000.0,Stable,900000.0,900000.0,730000.0,850000.0,1,1,826666.6666666666,71336.44853010899,730000.0,900000.0,170000.0,170000.0,0.2328767123287671,170000.0,0.2328767123287671,Up,1,0,0,1.088709677419355,0.08629409096384152,1,170000.0,0.2328767123287671,0.08629409096384152,850000.0,0.058823529411764705,4,2,2,0,0,0,0,0,0,25,6,2,4.0943445622221,5,7,35,739240.8333333334,2,3,0,0,0,0,0,0,0,0,0,1,0,1,0,0,0,0,0,0,0,1,0,0,0,0,0,0,0,0,0,1,0,1,0,0,0,0,0,0,2
R0110,real_4w,2,1,1,2026-04-27 12:36:58,130000.0,Down,150000.0,150000.0,0.0,0.0,0,0,150000.0,0.0,150000.0,150000.0,0.0,0.0,0.0,0.0,0.0,Stable,0,0,1,1.0,0.0,0,0.0,0.0,0.0,150000.0,0.0,4,4,2,0,1,1,0,0,0,21,3,6,2.3978952727983707,4,8,32,653189.75,2,0,0,0,0,1,0,1,1,1,0,1,0,0,0,1,0,0,0,0,0,1,0,1,0,1,0,1,0,0,0,0,1,0,0,0,0,0,0,0,1
R0110,real_4w,3,2,2,2026-04-20 12:36:58,235000.0,Up,130000.0,130000.0,150000.0,0.0,1,0,140000.0,10000.0,130000.0,150000.0,20000.0,-20000.0,-0.13333333333333333,-20000.0,-0.13333333333333333,Down,0,1,0,0.9285714285714286,0.07142857142857142,0,-20000.0,-0.13333333333333333,0.07142857142857142,140000.0,-0.07142857142857142,4,3,2,0,0,0,0,0,0,21,3,6,2.3978952727983707,4,8,32,653189.75,2,0,0,0,0,1,0,1,1,1,0,1,0,0,0,1,0,0,0,0,0,1,0,1,0,1,0,1,0,0,0,0,1,0,0,0,0,0,0,0,0
R0110,real_4w,4,3,3,2026-04-13 12:36:58,160000.0,Down,235000.0,235000.0,130000.0,150000.0,1,1,171666.66666666666,45521.66761249221,130000.0,235000.0,105000.0,105000.0,0.8076923076923077,105000.0,0.8076923076923077,Up,1,0,0,1.3689320388349515,0.26517476279121677,1,105000.0,0.8076923076923077,0.26517476279121677,150000.0,0.5666666666666667,4,2,2,0,0,0,0,0,0,21,3,6,2.3978952727983707,4,8,32,653189.75,2,0,0,0,0,1,0,1,1,1,0,1,0,0,0,1,0,0,0,0,0,1,0,1,0,1,0,1,0,0,0,0,1,0,0,0,0,0,0,0,2
R0111,real_4w,2,1,1,2026-04-27 12:47:39,725000.0,Up,520000.0,520000.0,0.0,0.0,0,0,520000.0,0.0,520000.0,520000.0,0.0,0.0,0.0,0.0,0.0,Stable,0,0,1,1.0,0.0,0,0.0,0.0,0.0,520000.0,0.0,4,4,2,0,1,1,0,0,0,31,5,5,1.791759469228055,7,7,49,460955.5,2,0,0,0,1,0,0,0,0,0,0,0,0,1,0,0,0,0,0,0,1,1,0,0,0,0,0,0,0,0,0,1,0,0,0,1,0,0,0,0,1
R0111,real_4w,3,2,2,2026-04-20 12:47:39,560000.0,Down,725000.0,725000.0,520000.0,0.0,1,0,622500.0,102500.0,520000.0,725000.0,205000.0,205000.0,0.3942307692307692,205000.0,0.3942307692307692,Up,1,0,0,1.1646586345381527,0.1646586345381526,1,205000.0,0.3942307692307692,0.1646586345381526,622500.0,0.1646586345381526,4,3,2,0,0,0,0,0,0,31,5,5,1.791759469228055,7,7,49,460955.5,2,0,0,0,1,0,0,0,0,0,0,0,0,1,0,0,0,0,0,0,1,1,0,0,0,0,0,0,0,0,0,1,0,0,0,1,0,0,0,0,2
R0111,real_4w,4,3,3,2026-04-13 12:47:39,675000.0,Up,560000.0,560000.0,725000.0,520000.0,1,1,601666.6666666666,88725.54436137443,520000.0,725000.0,205000.0,-165000.0,-0.22758620689655173,-165000.0,-0.22758620689655173,Down,0,1,0,0.9307479224376732,0.14746627871696583,0,-165000.0,-0.22758620689655173,0.14746627871696583,560000.0,0.0,4,2,2,0,0,0,0,0,0,31,5,5,1.791759469228055,7,7,49,460955.5,2,0,0,0,1,0,0,0,0,0,0,0,0,1,0,0,0,0,0,0,1,1,0,0,0,0,0,0,0,0,0,1,0,0,0,1,0,0,0,0,0
R0112,real_4w,2,1,1,2026-04-27 13:05:15,580000.0,Up,425000.0,425000.0,0.0,0.0,0,0,425000.0,0.0,425000.0,425000.0,0.0,0.0,0.0,0.0,0.0,Stable,0,0,1,1.0,0.0,0,0.0,0.0,0.0,425000.0,0.0,4,4,2,0,1,1,0,0,0,26,6,2,2.70805020110221,5,9,45,739240.8333333334,1,2,0,0,0,0,0,0,0,0,0,1,0,0,1,0,0,1,0,0,1,1,1,0,0,0,1,0,0,0,1,0,0,1,0,0,0,0,0,0,1
R0112,real_4w,3,2,2,2026-04-20 13:05:15,360000.0,Down,580000.0,580000.0,425000.0,0.0,1,0,502500.0,77500.0,425000.0,580000.0,155000.0,155000.0,0.36470588235294116,155000.0,0.36470588235294116,Up,1,0,0,1.154228855721393,0.15422885572139303,1,155000.0,0.36470588235294116,0.15422885572139303,502500.0,0.15422885572139303,4,3,2,0,0,0,0,0,0,26,6,2,2.70805020110221,5,9,45,739240.8333333334,1,2,0,0,0,0,0,0,0,0,0,1,0,0,1,0,0,1,0,0,1,1,1,0,0,0,1,0,0,0,1,0,0,1,0,0,0,0,0,0,2
R0112,real_4w,4,3,3,2026-04-13 13:05:15,350000.0,Stable,360000.0,360000.0,580000.0,425000.0,1,1,455000.0,92285.78799938085,360000.0,580000.0,220000.0,-220000.0,-0.3793103448275862,-220000.0,-0.3793103448275862,Down,0,1,0,0.7912087912087912,0.2028259076909469,0,-220000.0,-0.3793103448275862,0.2028259076909469,425000.0,-0.15294117647058825,4,2,2,0,0,0,0,0,0,26,6,2,2.70805020110221,5,9,45,739240.8333333334,1,2,0,0,0,0,0,0,0,0,0,1,0,0,1,0,0,1,0,0,1,1,1,0,0,0,1,0,0,0,1,0,0,1,0,0,0,0,0,0,0
R0113,real_4w,2,1,1,2026-04-27 13:49:51,625000.0,Down,820000.0,820000.0,0.0,0.0,0,0,820000.0,0.0,820000.0,820000.0,0.0,0.0,0.0,0.0,0.0,Stable,0,0,1,1.0,0.0,0,0.0,0.0,0.0,820000.0,0.0,4,4,2,0,1,1,0,0,0,35,4,4,4.02535169073515,7,11,77,442180.75,2,3,0,1,0,0,0,1,0,0,0,0,0,0,1,0,0,0,0,0,0,1,0,0,0,0,1,0,0,0,0,0,0,0,0,0,1,0,0,0,1
R0113,real_4w,3,2,2,2026-04-20 13:49:51,1290000.0,Up,625000.0,625000.0,820000.0,0.0,1,0,722500.0,97500.0,625000.0,820000.0,195000.0,-195000.0,-0.23780487804878048,-195000.0,-0.23780487804878048,Down,0,1,0,0.8650519031141869,0.13494809688581316,0,-195000.0,-0.23780487804878048,0.13494809688581316,722500.0,-0.13494809688581316,4,3,2,0,0,0,0,0,0,35,4,4,4.02535169073515,7,11,77,442180.75,2,3,0,1,0,0,0,1,0,0,0,0,0,0,1,0,0,0,0,0,0,1,0,0,0,0,1,0,0,0,0,0,0,0,0,0,1,0,0,0,0
R0113,real_4w,4,3,3,2026-04-13 13:49:51,605000.0,Down,1290000.0,1290000.0,625000.0,820000.0,1,1,911666.6666666666,279115.66698334145,625000.0,1290000.0,665000.0,665000.0,1.064,665000.0,1.064,Up,1,0,0,1.4149908592321756,0.3061597809689303,1,665000.0,1.064,0.3061597809689303,820000.0,0.573170731707317,4,2,2,0,0,0,0,0,0,35,4,4,4.02535169073515,7,11,77,442180.75,2,3,0,1,0,0,0,1,0,0,0,0,0,0,1,0,0,0,0,0,0,1,0,0,0,0,1,0,0,0,0,0,0,0,0,0,1,0,0,0,2
R0114,real_4w,2,1,1,2026-04-27 14:57:27,1170000.0,Up,970000.0,970000.0,0.0,0.0,0,0,970000.0,0.0,970000.0,970000.0,0.0,0.0,0.0,0.0,0.0,Stable,0,0,1,1.0,0.0,0,0.0,0.0,0.0,970000.0,0.0,4,4,2,0,1,1,0,0,0,42,5,0,3.9512437185814275,5,9,45,548095.6666666666,2,0,0,0,1,0,0,0,0,0,0,0,0,0,1,0,0,1,0,0,1,1,0,1,0,0,1,0,0,0,1,0,0,0,0,1,0,0,0,0,1
R0114,real_4w,3,2,2,2026-04-20 14:57:27,1075000.0,Stable,1170000.0,1170000.0,970000.0,0.0,1,0,1070000.0,100000.0,970000.0,1170000.0,200000.0,200000.0,0.20618556701030927,200000.0,0.20618556701030927,Up,1,0,0,1.0934579439252337,0.09345794392523364,1,200000.0,0.20618556701030927,0.09345794392523364,1070000.0,0.09345794392523364,4,3,2,0,0,0,0,0,0,42,5,0,3.9512437185814275,5,9,45,548095.6666666666,2,0,0,0,1,0,0,0,0,0,0,0,0,0,1,0,0,1,0,0,1,1,0,1,0,0,1,0,0,0,1,0,0,0,0,1,0,0,0,0,2
R0114,real_4w,4,3,3,2026-04-13 14:57:27,1060000.0,Stable,1075000.0,1075000.0,1170000.0,970000.0,1,1,1071666.6666666667,81683.67169895231,970000.0,1170000.0,200000.0,-95000.0,-0.0811965811965812,-95000.0,-0.0811965811965812,Stable,0,0,1,1.0031104199066874,0.0762211555511219,1,-95000.0,-0.0811965811965812,0.0762211555511219,1075000.0,0.0,4,2,2,0,0,0,0,0,0,42,5,0,3.9512437185814275,5,9,45,548095.6666666666,2,0,0,0,1,0,0,0,0,0,0,0,0,0,1,0,0,1,0,0,1,1,0,1,0,0,1,0,0,0,1,0,0,0,0,1,0,0,0,0,1
R0115,real_4w,2,1,1,2026-04-27 15:14:13,510000.0,Stable,500000.0,500000.0,0.0,0.0,0,0,500000.0,0.0,500000.0,500000.0,0.0,0.0,0.0,0.0,0.0,Stable,0,0,1,1.0,0.0,0,0.0,0.0,0.0,500000.0,0.0,4,4,2,0,1,1,0,0,0,32,5,2,3.332204510175204,7,8,56,739240.8333333334,2,4,0,1,0,0,0,0,0,0,0,0,0,0,0,0,0,0,0,0,1,1,0,0,0,0,0,0,0,0,0,0,0,0,0,1,0,0,0,0,1
R0115,real_4w,3,2,2,2026-04-20 15:14:13,550000.0,Stable,510000.0,510000.0,500000.0,0.0,1,0,505000.0,5000.0,500000.0,510000.0,10000.0,10000.0,0.02,10000.0,0.02,Stable,0,0,1,1.00990099009901,0.009900990099009901,1,10000.0,0.02,0.009900990099009901,505000.0,0.009900990099009901,4,3,2,0,0,0,0,0,0,32,5,2,3.332204510175204,7,8,56,739240.8333333334,2,4,0,1,0,0,0,0,0,0,0,0,0,0,0,0,0,0,0,0,1,1,0,0,0,0,0,0,0,0,0,0,0,0,0,1,0,0,0,0,1
R0115,real_4w,4,3,3,2026-04-13 15:14:13,565000.0,Stable,550000.0,550000.0,510000.0,500000.0,1,1,520000.0,21602.468994692867,500000.0,550000.0,50000.0,40000.0,0.0784313725490196,40000.0,0.0784313725490196,Stable,0,0,1,1.0576923076923077,0.04154320960517859,1,40000.0,0.0784313725490196,0.04154320960517859,510000.0,0.0784313725490196,4,2,2,0,0,0,0,0,0,32,5,2,3.332204510175204,7,8,56,739240.8333333334,2,4,0,1,0,0,0,0,0,0,0,0,0,0,0,0,0,0,0,0,1,1,0,0,0,0,0,0,0,0,0,0,0,0,0,1,0,0,0,0,1
R0116,real_4w,2,1,1,2026-04-27 15:54:58,170000.0,Down,340000.0,340000.0,0.0,0.0,0,0,340000.0,0.0,340000.0,340000.0,0.0,0.0,0.0,0.0,0.0,Stable,0,0,1,1.0,0.0,0,0.0,0.0,0.0,340000.0,0.0,4,4,2,0,1,1,0,0,0,27,6,2,2.8903717578961645,3,6,18,739240.8333333334,1,1,0,0,0,0,0,0,0,0,0,1,0,1,0,0,0,1,0,0,0,1,0,0,0,0,0,0,0,0,1,1,0,1,0,0,0,0,0,0,1
R0116,real_4w,3,2,2,2026-04-20 15:54:58,200000.0,Up,170000.0,170000.0,340000.0,0.0,1,0,255000.0,85000.0,170000.0,340000.0,170000.0,-170000.0,-0.5,-170000.0,-0.5,Down,0,1,0,0.6666666666666666,0.3333333333333333,0,-170000.0,-0.5,0.3333333333333333,255000.0,-0.3333333333333333,4,3,2,0,0,0,0,0,0,27,6,2,2.8903717578961645,3,6,18,739240.8333333334,1,1,0,0,0,0,0,0,0,0,0,1,0,1,0,0,0,1,0,0,0,1,0,0,0,0,0,0,0,0,1,1,0,1,0,0,0,0,0,0,0
R0116,real_4w,4,3,3,2026-04-13 15:54:58,340000.0,Up,200000.0,200000.0,170000.0,340000.0,1,1,236666.66666666666,74087.03590297623,170000.0,340000.0,170000.0,30000.0,0.17647058823529413,30000.0,0.17647058823529413,Up,1,0,0,0.8450704225352113,0.3130438136745475,0,30000.0,0.17647058823529413,0.3130438136745475,200000.0,0.0,4,2,2,0,0,0,0,0,0,27,6,2,2.8903717578961645,3,6,18,739240.8333333334,1,1,0,0,0,0,0,0,0,0,0,1,0,1,0,0,0,1,0,0,0,1,0,0,0,0,0,0,0,0,1,1,0,1,0,0,0,0,0,0,2
R0117,real_4w,2,1,1,2026-04-27 15:58:05,250000.0,Down,280000.0,280000.0,0.0,0.0,0,0,280000.0,0.0,280000.0,280000.0,0.0,0.0,0.0,0.0,0.0,Stable,0,0,1,1.0,0.0,0,0.0,0.0,0.0,280000.0,0.0,4,4,2,0,1,1,0,0,0,29,6,7,2.302585092994046,6,9,54,559306.0,2,1,0,0,0,0,0,0,0,0,0,1,0,1,1,0,0,0,0,0,0,1,0,0,0,0,1,0,0,0,0,1,0,1,0,0,0,0,0,0,1
R0117,real_4w,3,2,2,2026-04-20 15:58:05,275000.0,Stable,250000.0,250000.0,280000.0,0.0,1,0,265000.0,15000.0,250000.0,280000.0,30000.0,-30000.0,-0.10714285714285714,-30000.0,-0.10714285714285714,Down,0,1,0,0.9433962264150944,0.05660377358490566,0,-30000.0,-0.10714285714285714,0.05660377358490566,265000.0,-0.05660377358490566,4,3,2,0,0,0,0,0,0,29,6,7,2.302585092994046,6,9,54,559306.0,2,1,0,0,0,0,0,0,0,0,0,1,0,1,1,0,0,0,0,0,0,1,0,0,0,0,1,0,0,0,0,1,0,1,0,0,0,0,0,0,0
R0117,real_4w,4,3,3,2026-04-13 15:58:05,275000.0,Stable,275000.0,275000.0,250000.0,280000.0,1,1,268333.3333333333,13123.346456686353,250000.0,280000.0,30000.0,25000.0,0.1,25000.0,0.1,Stable,0,0,1,1.0248447204968945,0.048906881205042316,1,25000.0,0.1,0.048906881205042316,275000.0,0.0,4,2,2,0,0,0,0,0,0,29,6,7,2.302585092994046,6,9,54,559306.0,2,1,0,0,0,0,0,0,0,0,0,1,0,1,1,0,0,0,0,0,0,1,0,0,0,0,1,0,0,0,0,1,0,1,0,0,0,0,0,0,1
R0118,real_4w,2,1,1,2026-04-27 16:08:00,975000.0,Up,600000.0,600000.0,0.0,0.0,0,0,600000.0,0.0,600000.0,600000.0,0.0,0.0,0.0,0.0,0.0,Stable,0,0,1,1.0,0.0,0,0.0,0.0,0.0,600000.0,0.0,4,4,2,0,1,1,0,0,0,19,1,4,1.9459101490553132,3,6,18,442180.75,2,2,0,0,0,0,0,0,0,0,0,1,1,0,1,0,0,0,0,0,0,1,0,0,1,0,1,0,1,0,0,0,0,0,1,0,0,0,0,0,1
R0118,real_4w,3,2,2,2026-04-20 16:08:00,950000.0,Stable,975000.0,975000.0,600000.0,0.0,1,0,787500.0,187500.0,600000.0,975000.0,375000.0,375000.0,0.625,375000.0,0.625,Up,1,0,0,1.2380952380952381,0.23809523809523808,1,375000.0,0.625,0.23809523809523808,787500.0,0.23809523809523808,4,3,2,0,0,0,0,0,0,19,1,4,1.9459101490553132,3,6,18,442180.75,2,2,0,0,0,0,0,0,0,0,0,1,1,0,1,0,0,0,0,0,0,1,0,0,1,0,1,0,1,0,0,0,0,0,1,0,0,0,0,0,2
R0118,real_4w,4,3,3,2026-04-13 16:08:00,700000.0,Down,950000.0,950000.0,975000.0,600000.0,1,1,841666.6666666666,171188.6548681178,600000.0,975000.0,375000.0,-25000.0,-0.02564102564102564,-25000.0,-0.02564102564102564,Stable,0,0,1,1.1287128712871288,0.2033924612294469,1,-25000.0,-0.02564102564102564,0.2033924612294469,950000.0,0.0,4,2,2,0,0,0,0,0,0,19,1,4,1.9459101490553132,3,6,18,442180.75,2,2,0,0,0,0,0,0,0,0,0,1,1,0,1,0,0,0,0,0,0,1,0,0,1,0,1,0,1,0,0,0,0,0,1,0,0,0,0,0,1
R0119,real_4w,2,1,1,2026-04-27 16:33:08,16800.0,Down,155000.0,155000.0,0.0,0.0,0,0,155000.0,0.0,155000.0,155000.0,0.0,0.0,0.0,0.0,0.0,Stable,0,0,1,1.0,0.0,0,0.0,0.0,0.0,155000.0,0.0,4,4,2,0,1,1,0,0,0,17,0,4,3.8712010109078907,4,4,16,442180.75,1,2,0,0,0,1,0,0,1,0,0,0,0,0,0,0,0,1,1,0,0,1,0,0,0,1,0,0,0,0,1,0,0,0,0,0,0,0,0,1,1
R0119,real_4w,3,2,2,2026-04-20 16:33:08,10000.0,Down,16800.0,16800.0,155000.0,0.0,1,0,85900.0,69100.0,16800.0,155000.0,138200.0,-138200.0,-0.8916129032258064,-138200.0,-0.8916129032258064,Down,0,1,0,0.19557625145518046,0.8044237485448196,0,-138200.0,-0.8916129032258064,0.8044237485448196,85900.0,-0.8044237485448196,4,3,2,0,0,0,0,0,0,17,0,4,3.8712010109078907,4,4,16,442180.75,1,2,0,0,0,1,0,0,1,0,0,0,0,0,0,0,0,1,1,0,0,1,0,0,0,1,0,0,0,0,1,0,0,0,0,0,0,0,0,1,0
R0119,real_4w,4,3,3,2026-04-13 16:33:08,10000.0,Stable,10000.0,10000.0,16800.0,155000.0,1,1,60600.0,66808.58228301711,10000.0,155000.0,145000.0,-6800.0,-0.40476190476190477,-6800.0,-0.40476190476190477,Down,0,1,0,0.16501650165016502,1.1024518528550677,0,-6800.0,-0.40476190476190477,1.1024518528550677,16800.0,-0.40476190476190477,4,2,2,0,0,0,0,0,0,17,0,4,3.8712010109078907,4,4,16,442180.75,1,2,0,0,0,1,0,0,1,0,0,0,0,0,0,0,0,1,1,0,0,1,0,0,0,1,0,0,0,0,1,0,0,0,0,0,0,0,0,1,0
R0120,real_4w,2,1,1,2026-04-27 16:43:07,350000.0,Stable,320000.0,320000.0,0.0,0.0,0,0,320000.0,0.0,320000.0,320000.0,0.0,0.0,0.0,0.0,0.0,Stable,0,0,1,1.0,0.0,0,0.0,0.0,0.0,320000.0,0.0,4,4,2,0,1,1,0,0,0,41,6,1,3.9889840465642745,3,7,21,518297.0,0,4,0,0,0,0,0,0,0,0,0,1,0,1,1,0,0,1,0,0,1,1,1,0,0,0,1,0,0,0,1,1,0,1,0,0,0,0,0,0,1
R0120,real_4w,3,2,2,2026-04-20 16:43:07,180000.0,Down,350000.0,350000.0,320000.0,0.0,1,0,335000.0,15000.0,320000.0,350000.0,30000.0,30000.0,0.09375,30000.0,0.09375,Stable,0,0,1,1.044776119402985,0.04477611940298507,1,30000.0,0.09375,0.04477611940298507,335000.0,0.04477611940298507,4,3,2,0,0,0,0,0,0,41,6,1,3.9889840465642745,3,7,21,518297.0,0,4,0,0,0,0,0,0,0,0,0,1,0,1,1,0,0,1,0,0,1,1,1,0,0,0,1,0,0,0,1,1,0,1,0,0,0,0,0,0,1
R0120,real_4w,4,3,3,2026-04-13 16:43:07,6800.0,Down,180000.0,180000.0,350000.0,320000.0,1,1,283333.3333333333,74087.03590297623,180000.0,350000.0,170000.0,-170000.0,-0.4857142857142857,-170000.0,-0.4857142857142857,Down,0,1,0,0.6352941176470589,0.26148365612815144,0,-170000.0,-0.4857142857142857,0.26148365612815144,320000.0,-0.4375,4,2,2,0,0,0,0,0,0,41,6,1,3.9889840465642745,3,7,21,518297.0,0,4,0,0,0,0,0,0,0,0,0,1,0,1,1,0,0,1,0,0,1,1,1,0,0,0,1,0,0,0,1,1,0,1,0,0,0,0,0,0,0
R0121,real_4w,2,1,1,2026-04-27 17:32:04,830000.0,Up,525000.0,525000.0,0.0,0.0,0,0,525000.0,0.0,525000.0,525000.0,0.0,0.0,0.0,0.0,0.0,Stable,0,0,1,1.0,0.0,0,0.0,0.0,0.0,525000.0,0.0,4,4,2,0,1,1,0,0,0,17,2,2,2.1972245773362196,5,6,30,739240.8333333334,1,2,0,0,0,0,0,0,0,0,0,1,1,0,1,0,0,0,0,0,1,1,0,0,1,0,1,0,1,0,0,0,0,0,0,0,0,1,0,0,1
R0121,real_4w,3,2,2,2026-04-20 17:32:04,750000.0,Stable,830000.0,830000.0,525000.0,0.0,1,0,677500.0,152500.0,525000.0,830000.0,305000.0,305000.0,0.580952380952381,305000.0,0.580952380952381,Up,1,0,0,1.2250922509225093,0.22509225092250923,1,305000.0,0.580952380952381,0.22509225092250923,677500.0,0.22509225092250923,4,3,2,0,0,0,0,0,0,17,2,2,2.1972245773362196,5,6,30,739240.8333333334,1,2,0,0,0,0,0,0,0,0,0,1,1,0,1,0,0,0,0,0,1,1,0,0,1,0,1,0,1,0,0,0,0,0,0,0,0,1,0,0,2
R0121,real_4w,4,3,3,2026-04-13 17:32:04,525000.0,Down,750000.0,750000.0,830000.0,525000.0,1,1,701666.6666666666,129120.9596549771,525000.0,830000.0,305000.0,-80000.0,-0.0963855421686747,-80000.0,-0.0963855421686747,Stable,0,0,1,1.0688836104513064,0.1840203700545992,1,-80000.0,-0.0963855421686747,0.1840203700545992,750000.0,0.0,4,2,2,0,0,0,0,0,0,17,2,2,2.1972245773362196,5,6,30,739240.8333333334,1,2,0,0,0,0,0,0,0,0,0,1,1,0,1,0,0,0,0,0,1,1,0,0,1,0,1,0,1,0,0,0,0,0,0,0,0,1,0,0,1
R0122,real_4w,2,1,1,2026-04-27 17:51:28,580000.0,Down,740000.0,740000.0,0.0,0.0,0,0,740000.0,0.0,740000.0,740000.0,0.0,0.0,0.0,0.0,0.0,Stable,0,0,1,1.0,0.0,0,0.0,0.0,0.0,740000.0,0.0,4,4,2,0,1,1,0,0,0,18,3,2,2.3978952727983707,6,8,48,739240.8333333334,1,1,0,0,0,1,0,1,1,1,0,1,1,0,0,1,0,1,0,0,0,1,0,1,0,1,0,1,1,0,1,0,1,0,0,0,0,0,0,0,1
R0122,real_4w,3,2,2,2026-04-20 17:51:28,725000.0,Up,580000.0,580000.0,740000.0,0.0,1,0,660000.0,80000.0,580000.0,740000.0,160000.0,-160000.0,-0.21621621621621623,-160000.0,-0.21621621621621623,Down,0,1,0,0.8787878787878788,0.12121212121212122,0,-160000.0,-0.21621621621621623,0.12121212121212122,660000.0,-0.12121212121212122,4,3,2,0,0,0,0,0,0,18,3,2,2.3978952727983707,6,8,48,739240.8333333334,1,1,0,0,0,1,0,1,1,1,0,1,1,0,0,1,0,1,0,0,0,1,0,1,0,1,0,1,1,0,1,0,1,0,0,0,0,0,0,0,0
R0122,real_4w,4,3,3,2026-04-13 17:51:28,675000.0,Stable,725000.0,725000.0,580000.0,740000.0,1,1,681666.6666666666,72149.53607304454,580000.0,740000.0,160000.0,145000.0,0.25,145000.0,0.25,Up,1,0,0,1.0635696821515892,0.10584284020495532,1,145000.0,0.25,0.10584284020495532,725000.0,0.0,4,2,2,0,0,0,0,0,0,18,3,2,2.3978952727983707,6,8,48,739240.8333333334,1,1,0,0,0,1,0,1,1,1,0,1,1,0,0,1,0,1,0,0,0,1,0,1,0,1,0,1,1,0,1,0,1,0,0,0,0,0,0,0,2
R0123,real_4w,2,1,1,2026-04-27 18:01:09,190000.0,Stable,200000.0,200000.0,0.0,0.0,0,0,200000.0,0.0,200000.0,200000.0,0.0,0.0,0.0,0.0,0.0,Stable,0,0,1,1.0,0.0,0,0.0,0.0,0.0,200000.0,0.0,4,4,2,0,1,1,0,0,0,21,1,3,2.772588722239781,6,3,18,518297.0,0,1,0,0,0,1,0,0,1,0,0,0,1,0,1,0,0,0,0,0,1,1,0,0,0,0,1,0,1,0,0,0,0,0,1,0,0,0,0,0,1
R0123,real_4w,3,2,2,2026-04-20 18:01:09,175000.0,Stable,190000.0,190000.0,200000.0,0.0,1,0,195000.0,5000.0,190000.0,200000.0,10000.0,-10000.0,-0.05,-10000.0,-0.05,Stable,0,0,1,0.9743589743589743,0.02564102564102564,0,-10000.0,-0.05,0.02564102564102564,195000.0,-0.02564102564102564,4,3,2,0,0,0,0,0,0,21,1,3,2.772588722239781,6,3,18,518297.0,0,1,0,0,0,1,0,0,1,0,0,0,1,0,1,0,0,0,0,0,1,1,0,0,0,0,1,0,1,0,0,0,0,0,1,0,0,0,0,0,1
R0123,real_4w,4,3,3,2026-04-13 18:01:09,170000.0,Stable,175000.0,175000.0,190000.0,200000.0,1,1,188333.33333333334,10274.023338281626,175000.0,200000.0,25000.0,-15000.0,-0.07894736842105263,-15000.0,-0.07894736842105263,Stable,0,0,1,0.9292035398230089,0.05455233630945996,0,-15000.0,-0.07894736842105263,0.05455233630945996,190000.0,-0.07894736842105263,4,2,2,0,0,0,0,0,0,21,1,3,2.772588722239781,6,3,18,518297.0,0,1,0,0,0,1,0,0,1,0,0,0,1,0,1,0,0,0,0,0,1,1,0,0,0,0,1,0,1,0,0,0,0,0,1,0,0,0,0,0,1
R0124,real_4w,2,1,1,2026-04-27 18:29:29,795000.0,Stable,800000.0,800000.0,0.0,0.0,0,0,800000.0,0.0,800000.0,800000.0,0.0,0.0,0.0,0.0,0.0,Stable,0,0,1,1.0,0.0,0,0.0,0.0,0.0,800000.0,0.0,4,4,2,0,1,1,0,0,0,21,4,4,1.0986122886681096,5,8,40,442180.75,2,4,0,0,1,0,0,1,0,0,0,0,0,1,0,0,1,0,0,0,0,1,0,1,0,0,0,0,0,1,0,1,0,0,0,0,1,0,0,0,1
R0124,real_4w,3,2,2,2026-04-20 18:29:29,820000.0,Stable,795000.0,795000.0,800000.0,0.0,1,0,797500.0,2500.0,795000.0,800000.0,5000.0,-5000.0,-0.00625,-5000.0,-0.00625,Stable,0,0,1,0.9968652037617555,0.003134796238244514,0,-5000.0,-0.00625,0.003134796238244514,797500.0,-0.003134796238244514,4,3,2,0,0,0,0,0,0,21,4,4,1.0986122886681096,5,8,40,442180.75,2,4,0,0,1,0,0,1,0,0,0,0,0,1,0,0,1,0,0,0,0,1,0,1,0,0,0,0,0,1,0,1,0,0,0,0,1,0,0,0,1
R0124,real_4w,4,3,3,2026-04-13 18:29:29,925000.0,Up,820000.0,820000.0,795000.0,800000.0,1,1,805000.0,10801.234497346433,795000.0,820000.0,25000.0,25000.0,0.031446540880503145,25000.0,0.031446540880503145,Stable,0,0,1,1.0186335403726707,0.013417682605399295,1,25000.0,0.031446540880503145,0.013417682605399295,800000.0,0.025,4,2,2,0,0,0,0,0,0,21,4,4,1.0986122886681096,5,8,40,442180.75,2,4,0,0,1,0,0,1,0,0,0,0,0,1,0,0,1,0,0,0,0,1,0,1,0,0,0,0,0,1,0,1,0,0,0,0,1,0,0,0,1
R0125,real_4w,2,1,1,2026-04-27 18:37:34,365000.0,Down,520000.0,520000.0,0.0,0.0,0,0,520000.0,0.0,520000.0,520000.0,0.0,0.0,0.0,0.0,0.0,Stable,0,0,1,1.0,0.0,0,0.0,0.0,0.0,520000.0,0.0,4,4,2,0,1,1,0,0,0,20,0,2,2.639057329615259,4,4,16,739240.8333333334,0,1,0,0,0,1,0,0,1,0,0,1,0,1,0,0,0,0,0,0,0,1,0,0,0,0,0,0,0,0,0,1,0,0,0,0,0,0,0,1,1
R0125,real_4w,3,2,2,2026-04-20 18:37:34,410000.0,Up,365000.0,365000.0,520000.0,0.0,1,0,442500.0,77500.0,365000.0,520000.0,155000.0,-155000.0,-0.2980769230769231,-155000.0,-0.2980769230769231,Down,0,1,0,0.8248587570621468,0.1751412429378531,0,-155000.0,-0.2980769230769231,0.1751412429378531,442500.0,-0.1751412429378531,4,3,2,0,0,0,0,0,0,20,0,2,2.639057329615259,4,4,16,739240.8333333334,0,1,0,0,0,1,0,0,1,0,0,1,0,1,0,0,0,0,0,0,0,1,0,0,0,0,0,0,0,0,0,1,0,0,0,0,0,0,0,1,0
R0125,real_4w,4,3,3,2026-04-13 18:37:34,245000.0,Down,410000.0,410000.0,365000.0,520000.0,1,1,431666.6666666667,65106.7499487487,365000.0,520000.0,155000.0,45000.0,0.1232876712328767,45000.0,0.1232876712328767,Up,1,0,0,0.9498069498069498,0.150826447757719,0,45000.0,0.1232876712328767,0.150826447757719,410000.0,0.0,4,2,2,0,0,0,0,0,0,20,0,2,2.639057329615259,4,4,16,739240.8333333334,0,1,0,0,0,1,0,0,1,0,0,1,0,1,0,0,0,0,0,0,0,1,0,0,0,0,0,0,0,0,0,1,0,0,0,0,0,0,0,1,2
R0126,real_4w,2,1,1,2026-04-27 19:12:23,1240000.0,Up,420000.0,420000.0,0.0,0.0,0,0,420000.0,0.0,420000.0,420000.0,0.0,0.0,0.0,0.0,0.0,Stable,0,0,1,1.0,0.0,0,0.0,0.0,0.0,420000.0,0.0,4,4,2,0,1,1,0,0,0,30,4,2,3.1780538303479458,7,10,70,739240.8333333334,2,4,0,0,0,0,0,1,0,0,0,0,0,0,0,0,1,0,0,0,0,1,0,0,0,0,0,0,0,1,0,0,0,0,0,0,1,0,0,0,1
R0126,real_4w,3,2,2,2026-04-20 19:12:23,565000.0,Down,1240000.0,1240000.0,420000.0,0.0,1,0,830000.0,410000.0,420000.0,1240000.0,820000.0,820000.0,1.9523809523809523,820000.0,1.9523809523809523,Up,1,0,0,1.4939759036144578,0.4939759036144578,1,820000.0,1.9523809523809523,0.4939759036144578,830000.0,0.4939759036144578,4,3,2,0,0,0,0,0,0,30,4,2,3.1780538303479458,7,10,70,739240.8333333334,2,4,0,0,0,0,0,1,0,0,0,0,0,0,0,0,1,0,0,0,0,1,0,0,0,0,0,0,0,1,0,0,0,0,0,0,1,0,0,0,2
R0126,real_4w,4,3,3,2026-04-13 19:12:23,1240000.0,Up,565000.0,565000.0,1240000.0,420000.0,1,1,741666.6666666666,357312.49939264957,420000.0,1240000.0,820000.0,-675000.0,-0.5443548387096774,-675000.0,-0.5443548387096774,Down,0,1,0,0.7617977528089888,0.48176966210244887,0,-675000.0,-0.5443548387096774,0.48176966210244887,565000.0,0.0,4,2,2,0,0,0,0,0,0,30,4,2,3.1780538303479458,7,10,70,739240.8333333334,2,4,0,0,0,0,0,1,0,0,0,0,0,0,0,0,1,0,0,0,0,1,0,0,0,0,0,0,0,1,0,0,0,0,0,0,1,0,0,0,0
R0127,real_4w,2,1,1,2026-04-27 19:17:16,740000.0,Down,850000.0,850000.0,0.0,0.0,0,0,850000.0,0.0,850000.0,850000.0,0.0,0.0,0.0,0.0,0.0,Stable,0,0,1,1.0,0.0,0,0.0,0.0,0.0,850000.0,0.0,4,4,2,0,1,1,0,0,0,19,1,1,3.6109179126442243,5,5,25,518297.0,2,1,0,0,0,1,0,0,1,0,0,0,1,0,1,0,0,1,0,0,1,1,0,0,0,0,1,0,1,0,1,0,0,0,1,0,0,0,0,0,1
R0127,real_4w,3,2,2,2026-04-20 19:17:16,795000.0,Stable,740000.0,740000.0,850000.0,0.0,1,0,795000.0,55000.0,740000.0,850000.0,110000.0,-110000.0,-0.12941176470588237,-110000.0,-0.12941176470588237,Down,0,1,0,0.9308176100628931,0.06918238993710692,0,-110000.0,-0.12941176470588237,0.06918238993710692,795000.0,-0.06918238993710692,4,3,2,0,0,0,0,0,0,19,1,1,3.6109179126442243,5,5,25,518297.0,2,1,0,0,0,1,0,0,1,0,0,0,1,0,1,0,0,1,0,0,1,1,0,0,0,0,1,0,1,0,1,0,0,0,1,0,0,0,0,0,0
R0127,real_4w,4,3,3,2026-04-13 19:17:16,640000.0,Down,795000.0,795000.0,740000.0,850000.0,1,1,795000.0,44907.31195102493,740000.0,850000.0,110000.0,55000.0,0.07432432432432433,55000.0,0.07432432432432433,Stable,0,0,1,1.0,0.056487184844056515,0,55000.0,0.07432432432432433,0.056487184844056515,795000.0,0.0,4,2,2,0,0,0,0,0,0,19,1,1,3.6109179126442243,5,5,25,518297.0,2,1,0,0,0,1,0,0,1,0,0,0,1,0,1,0,0,1,0,0,1,1,0,0,0,0,1,0,1,0,1,0,0,0,1,0,0,0,0,0,1
R0128,real_4w,2,1,1,2026-04-27 19:18:27,16800.0,Down,250000.0,250000.0,0.0,0.0,0,0,250000.0,0.0,250000.0,250000.0,0.0,0.0,0.0,0.0,0.0,Stable,0,0,1,1.0,0.0,0,0.0,0.0,0.0,250000.0,0.0,4,4,2,0,1,1,0,0,0,35,6,0,2.1972245773362196,3,8,24,548095.6666666666,1,3,0,0,0,0,0,0,0,0,0,1,0,0,1,0,0,1,0,0,0,1,1,0,0,0,1,0,0,0,1,0,0,1,0,0,0,0,0,0,1
R0128,real_4w,3,2,2,2026-04-20 19:18:27,360000.0,Up,16800.0,16800.0,250000.0,0.0,1,0,133400.0,116600.0,16800.0,250000.0,233200.0,-233200.0,-0.9328,-233200.0,-0.9328,Down,0,1,0,0.12593703148425786,0.8740629685157422,0,-233200.0,-0.9328,0.8740629685157422,133400.0,-0.8740629685157422,4,3,2,0,0,0,0,0,0,35,6,0,2.1972245773362196,3,8,24,548095.6666666666,1,3,0,0,0,0,0,0,0,0,0,1,0,0,1,0,0,1,0,0,0,1,1,0,0,0,1,0,0,0,1,0,0,1,0,0,0,0,0,0,0
R0128,real_4w,4,3,3,2026-04-13 19:18:27,275000.0,Down,360000.0,360000.0,16800.0,250000.0,1,1,208933.33333333334,143088.34877639601,16800.0,360000.0,343200.0,343200.0,20.428571428571427,343200.0,20.428571428571427,Up,1,0,0,1.723037651563497,0.6848517012271667,1,343200.0,20.428571428571427,0.6848517012271667,250000.0,0.44,4,2,2,0,0,0,0,0,0,35,6,0,2.1972245773362196,3,8,24,548095.6666666666,1,3,0,0,0,0,0,0,0,0,0,1,0,0,1,0,0,1,0,0,0,1,1,0,0,0,1,0,0,0,1,0,0,1,0,0,0,0,0,0,2
R0129,real_4w,2,1,1,2026-04-27 19:22:45,300000.0,Down,1110000.0,1110000.0,0.0,0.0,0,0,1110000.0,0.0,1110000.0,1110000.0,0.0,0.0,0.0,0.0,0.0,Stable,0,0,1,1.0,0.0,0,0.0,0.0,0.0,1110000.0,0.0,4,4,2,0,1,1,0,0,0,26,3,4,4.290459441148391,7,6,42,442180.75,1,1,0,0,0,0,0,0,0,0,0,1,0,0,0,0,0,1,1,0,0,1,0,1,0,0,0,0,0,0,1,0,1,0,0,0,0,0,0,0,1
R0129,real_4w,3,2,2,2026-04-20 19:22:45,545000.0,Up,300000.0,300000.0,1110000.0,0.0,1,0,705000.0,405000.0,300000.0,1110000.0,810000.0,-810000.0,-0.7297297297297297,-810000.0,-0.7297297297297297,Down,0,1,0,0.425531914893617,0.574468085106383,0,-810000.0,-0.7297297297297297,0.574468085106383,705000.0,-0.574468085106383,4,3,2,0,0,0,0,0,0,26,3,4,4.290459441148391,7,6,42,442180.75,1,1,0,0,0,0,0,0,0,0,0,1,0,0,0,0,0,1,1,0,0,1,0,1,0,0,0,0,0,0,1,0,1,0,0,0,0,0,0,0,0
R0129,real_4w,4,3,3,2026-04-13 19:22:45,440000.0,Down,545000.0,545000.0,300000.0,1110000.0,1,1,651666.6666666666,339173.8328481266,300000.0,1110000.0,810000.0,245000.0,0.8166666666666667,245000.0,0.8166666666666667,Up,1,0,0,0.8363171355498722,0.5204713547541585,0,245000.0,0.8166666666666667,0.5204713547541585,545000.0,0.0,4,2,2,0,0,0,0,0,0,26,3,4,4.290459441148391,7,6,42,442180.75,1,1,0,0,0,0,0,0,0,0,0,1,0,0,0,0,0,1,1,0,0,1,0,1,0,0,0,0,0,0,1,0,1,0,0,0,0,0,0,0,2
R0130,real_4w,2,1,1,2026-04-27 19:23:30,575000.0,Up,435000.0,435000.0,0.0,0.0,0,0,435000.0,0.0,435000.0,435000.0,0.0,0.0,0.0,0.0,0.0,Stable,0,0,1,1.0,0.0,0,0.0,0.0,0.0,435000.0,0.0,4,4,2,0,1,1,0,0,0,29,1,2,2.995732273553991,4,5,20,739240.8333333334,2,4,0,0,0,1,0,0,1,0,0,1,1,0,1,0,0,1,0,0,0,1,0,0,0,0,1,0,1,0,1,0,0,0,1,0,0,0,0,0,1
R0130,real_4w,3,2,2,2026-04-20 19:23:30,1350000.0,Up,575000.0,575000.0,435000.0,0.0,1,0,505000.0,70000.0,435000.0,575000.0,140000.0,140000.0,0.3218390804597701,140000.0,0.3218390804597701,Up,1,0,0,1.1386138613861385,0.13861386138613863,1,140000.0,0.3218390804597701,0.13861386138613863,505000.0,0.13861386138613863,4,3,2,0,0,0,0,0,0,29,1,2,2.995732273553991,4,5,20,739240.8333333334,2,4,0,0,0,1,0,0,1,0,0,1,1,0,1,0,0,1,0,0,0,1,0,0,0,0,1,0,1,0,1,0,0,0,1,0,0,0,0,0,2
R0130,real_4w,4,3,3,2026-04-13 19:23:30,1342800.0,Stable,1350000.0,1350000.0,575000.0,435000.0,1,1,786666.6666666666,402416.31290106627,435000.0,1350000.0,915000.0,775000.0,1.3478260869565217,775000.0,1.3478260869565217,Up,1,0,0,1.7161016949152543,0.5115461604674572,1,775000.0,1.3478260869565217,0.5115461604674572,575000.0,1.3478260869565217,4,2,2,0,0,0,0,0,0,29,1,2,2.995732273553991,4,5,20,739240.8333333334,2,4,0,0,0,1,0,0,1,0,0,1,1,0,1,0,0,1,0,0,0,1,0,0,0,0,1,0,1,0,1,0,0,0,1,0,0,0,0,0,2
R0131,real_4w,2,1,1,2026-04-27 19:26:30,525000.0,Stable,500000.0,500000.0,0.0,0.0,0,0,500000.0,0.0,500000.0,500000.0,0.0,0.0,0.0,0.0,0.0,Stable,0,0,1,1.0,0.0,0,0.0,0.0,0.0,500000.0,0.0,4,4,2,0,1,1,0,0,0,28,2,2,2.639057329615259,4,9,36,739240.8333333334,1,3,1,0,0,0,0,0,0,0,0,0,1,0,1,0,0,0,0,0,1,1,0,0,1,0,1,0,1,0,0,0,0,0,0,0,0,1,0,0,1
R0131,real_4w,3,2,2,2026-04-20 19:26:30,490000.0,Stable,525000.0,525000.0,500000.0,0.0,1,0,512500.0,12500.0,500000.0,525000.0,25000.0,25000.0,0.05,25000.0,0.05,Stable,0,0,1,1.024390243902439,0.024390243902439025,1,25000.0,0.05,0.024390243902439025,512500.0,0.024390243902439025,4,3,2,0,0,0,0,0,0,28,2,2,2.639057329615259,4,9,36,739240.8333333334,1,3,1,0,0,0,0,0,0,0,0,0,1,0,1,0,0,0,0,0,1,1,0,0,1,0,1,0,1,0,0,0,0,0,0,0,0,1,0,0,1
R0131,real_4w,4,3,3,2026-04-13 19:26:30,490000.0,Stable,490000.0,490000.0,525000.0,500000.0,1,1,505000.0,14719.601443879745,490000.0,525000.0,35000.0,-35000.0,-0.06666666666666667,-35000.0,-0.06666666666666667,Stable,0,0,1,0.9702970297029703,0.029147725631445038,0,-35000.0,-0.06666666666666667,0.029147725631445038,500000.0,-0.02,4,2,2,0,0,0,0,0,0,28,2,2,2.639057329615259,4,9,36,739240.8333333334,1,3,1,0,0,0,0,0,0,0,0,0,1,0,1,0,0,0,0,0,1,1,0,0,1,0,1,0,1,0,0,0,0,0,0,0,0,1,0,0,1
R0132,real_4w,2,1,1,2026-04-27 19:59:55,170000.0,Stable,175000.0,175000.0,0.0,0.0,0,0,175000.0,0.0,175000.0,175000.0,0.0,0.0,0.0,0.0,0.0,Stable,0,0,1,1.0,0.0,0,0.0,0.0,0.0,175000.0,0.0,4,4,2,0,1,1,0,0,0,25,0,3,2.9444389791664403,4,4,16,518297.0,1,0,0,0,0,0,0,0,0,0,0,1,0,1,0,1,0,0,0,0,0,1,0,0,0,0,0,1,0,0,0,1,0,0,0,0,0,0,0,1,1
R0132,real_4w,3,2,2,2026-04-20 19:59:55,170000.0,Stable,170000.0,170000.0,175000.0,0.0,1,0,172500.0,2500.0,170000.0,175000.0,5000.0,-5000.0,-0.02857142857142857,-5000.0,-0.02857142857142857,Stable,0,0,1,0.9855072463768116,0.014492753623188406,0,-5000.0,-0.02857142857142857,0.014492753623188406,172500.0,-0.014492753623188406,4,3,2,0,0,0,0,0,0,25,0,3,2.9444389791664403,4,4,16,518297.0,1,0,0,0,0,0,0,0,0,0,0,1,0,1,0,1,0,0,0,0,0,1,0,0,0,0,0,1,0,0,0,1,0,0,0,0,0,0,0,1,1
R0132,real_4w,4,3,3,2026-04-13 19:59:55,175000.0,Stable,170000.0,170000.0,170000.0,175000.0,1,1,171666.66666666666,2357.0226039551585,170000.0,175000.0,5000.0,0.0,0.0,0.0,0.0,Stable,0,0,1,0.9902912621359223,0.013730228760903837,0,0.0,0.0,0.013730228760903837,170000.0,0.0,4,2,2,0,0,0,0,0,0,25,0,3,2.9444389791664403,4,4,16,518297.0,1,0,0,0,0,0,0,0,0,0,0,1,0,1,0,1,0,0,0,0,0,1,0,0,0,0,0,1,0,0,0,1,0,0,0,0,0,0,0,1,1
R0133,real_4w,2,1,1,2026-04-27 20:33:37,940000.0,Stable,900000.0,900000.0,0.0,0.0,0,0,900000.0,0.0,900000.0,900000.0,0.0,0.0,0.0,0.0,0.0,Stable,0,0,1,1.0,0.0,0,0.0,0.0,0.0,900000.0,0.0,4,4,2,0,1,1,0,0,0,40,5,2,3.4657359027997265,7,8,56,739240.8333333334,2,1,0,1,0,0,0,0,0,0,0,0,0,0,0,0,1,1,0,0,1,1,0,0,1,0,0,0,0,1,1,0,0,0,0,1,0,0,0,0,1
R0133,real_4w,3,2,2,2026-04-20 20:33:37,930000.0,Stable,940000.0,940000.0,900000.0,0.0,1,0,920000.0,20000.0,900000.0,940000.0,40000.0,40000.0,0.044444444444444446,40000.0,0.044444444444444446,Stable,0,0,1,1.0217391304347827,0.021739130434782608,1,40000.0,0.044444444444444446,0.021739130434782608,920000.0,0.021739130434782608,4,3,2,0,0,0,0,0,0,40,5,2,3.4657359027997265,7,8,56,739240.8333333334,2,1,0,1,0,0,0,0,0,0,0,0,0,0,0,0,1,1,0,0,1,1,0,0,1,0,0,0,0,1,1,0,0,0,0,1,0,0,0,0,1
R0133,real_4w,4,3,3,2026-04-13 20:33:37,910000.0,Stable,930000.0,930000.0,940000.0,900000.0,1,1,923333.3333333334,16996.73171197595,900000.0,940000.0,40000.0,-10000.0,-0.010638297872340425,-10000.0,-0.010638297872340425,Stable,0,0,1,1.007220216606498,0.018408012684450487,1,-10000.0,-0.010638297872340425,0.018408012684450487,930000.0,0.0,4,2,2,0,0,0,0,0,0,40,5,2,3.4657359027997265,7,8,56,739240.8333333334,2,1,0,1,0,0,0,0,0,0,0,0,0,0,0,0,1,1,0,0,1,1,0,0,1,0,0,0,0,1,1,0,0,0,0,1,0,0,0,0,1
R0134,real_4w,2,1,1,2026-04-27 20:34:22,755000.0,Up,640000.0,640000.0,0.0,0.0,0,0,640000.0,0.0,640000.0,640000.0,0.0,0.0,0.0,0.0,0.0,Stable,0,0,1,1.0,0.0,0,0.0,0.0,0.0,640000.0,0.0,4,4,2,0,1,1,0,0,0,31,4,1,3.1354942159291497,6,8,48,518297.0,1,0,0,0,1,0,0,0,0,0,0,0,0,0,1,0,1,0,0,1,0,1,0,1,0,0,1,0,0,1,0,0,0,0,0,0,1,0,0,0,1
R0134,real_4w,3,2,2,2026-04-20 20:34:22,635000.0,Down,755000.0,755000.0,640000.0,0.0,1,0,697500.0,57500.0,640000.0,755000.0,115000.0,115000.0,0.1796875,115000.0,0.1796875,Up,1,0,0,1.082437275985663,0.08243727598566308,1,115000.0,0.1796875,0.08243727598566308,697500.0,0.08243727598566308,4,3,2,0,0,0,0,0,0,31,4,1,3.1354942159291497,6,8,48,518297.0,1,0,0,0,1,0,0,0,0,0,0,0,0,0,1,0,1,0,0,1,0,1,0,1,0,0,1,0,0,1,0,0,0,0,0,0,1,0,0,0,2
R0134,real_4w,4,3,3,2026-04-13 20:34:22,600000.0,Stable,635000.0,635000.0,755000.0,640000.0,1,1,676666.6666666666,55427.63049438631,635000.0,755000.0,120000.0,-120000.0,-0.15894039735099338,-120000.0,-0.15894039735099338,Down,0,1,0,0.9384236453201971,0.08191275442520145,0,-120000.0,-0.15894039735099338,0.08191275442520145,640000.0,-0.0078125,4,2,2,0,0,0,0,0,0,31,4,1,3.1354942159291497,6,8,48,518297.0,1,0,0,0,1,0,0,0,0,0,0,0,0,0,1,0,1,0,0,1,0,1,0,1,0,0,1,0,0,1,0,0,0,0,0,0,1,0,0,0,0
R0135,real_4w,2,1,1,2026-04-27 20:50:06,410000.0,Down,575000.0,575000.0,0.0,0.0,0,0,575000.0,0.0,575000.0,575000.0,0.0,0.0,0.0,0.0,0.0,Stable,0,0,1,1.0,0.0,0,0.0,0.0,0.0,575000.0,0.0,4,4,2,0,1,1,0,0,0,39,6,6,3.091042453358316,7,7,49,653189.75,2,1,0,0,0,0,0,0,0,0,0,1,0,1,1,0,0,1,0,0,1,1,0,0,0,0,1,0,0,0,1,1,0,1,0,0,0,0,0,0,1
R0135,real_4w,3,2,2,2026-04-20 20:50:06,570000.0,Up,410000.0,410000.0,575000.0,0.0,1,0,492500.0,82500.0,410000.0,575000.0,165000.0,-165000.0,-0.28695652173913044,-165000.0,-0.28695652173913044,Down,0,1,0,0.8324873096446701,0.16751269035532995,0,-165000.0,-0.28695652173913044,0.16751269035532995,492500.0,-0.16751269035532995,4,3,2,0,0,0,0,0,0,39,6,6,3.091042453358316,7,7,49,653189.75,2,1,0,0,0,0,0,0,0,0,0,1,0,1,1,0,0,1,0,0,1,1,0,0,0,0,1,0,0,0,1,1,0,1,0,0,0,0,0,0,0
R0135,real_4w,4,3,3,2026-04-13 20:50:06,1240000.0,Up,570000.0,570000.0,410000.0,575000.0,1,1,518333.3333333333,76630.42621715099,410000.0,575000.0,165000.0,160000.0,0.3902439024390244,160000.0,0.3902439024390244,Up,1,0,0,1.09967845659164,0.14784005057971253,1,160000.0,0.3902439024390244,0.14784005057971253,570000.0,0.0,4,2,2,0,0,0,0,0,0,39,6,6,3.091042453358316,7,7,49,653189.75,2,1,0,0,0,0,0,0,0,0,0,1,0,1,1,0,0,1,0,0,1,1,0,0,0,0,1,0,0,0,1,1,0,1,0,0,0,0,0,0,2
R0136,real_4w,2,1,1,2026-04-27 21:07:20,685000.0,Down,825000.0,825000.0,0.0,0.0,0,0,825000.0,0.0,825000.0,825000.0,0.0,0.0,0.0,0.0,0.0,Stable,0,0,1,1.0,0.0,0,0.0,0.0,0.0,825000.0,0.0,4,4,2,0,1,1,0,0,0,20,3,2,3.4339872044851463,7,4,28,739240.8333333334,1,1,0,0,0,1,0,1,1,1,0,1,0,0,0,1,0,0,0,0,0,1,0,0,0,0,0,1,0,0,0,0,1,0,0,0,0,0,0,0,1
R0136,real_4w,3,2,2,2026-04-20 21:07:20,670000.0,Stable,685000.0,685000.0,825000.0,0.0,1,0,755000.0,70000.0,685000.0,825000.0,140000.0,-140000.0,-0.1696969696969697,-140000.0,-0.1696969696969697,Down,0,1,0,0.9072847682119205,0.09271523178807947,0,-140000.0,-0.1696969696969697,0.09271523178807947,755000.0,-0.09271523178807947,4,3,2,0,0,0,0,0,0,20,3,2,3.4339872044851463,7,4,28,739240.8333333334,1,1,0,0,0,1,0,1,1,1,0,1,0,0,0,1,0,0,0,0,0,1,0,0,0,0,0,1,0,0,0,0,1,0,0,0,0,0,0,0,0
R0136,real_4w,4,3,3,2026-04-13 21:07:20,650000.0,Stable,670000.0,670000.0,685000.0,825000.0,1,1,726666.6666666666,69801.30530457308,670000.0,825000.0,155000.0,-15000.0,-0.021897810218978103,-15000.0,-0.021897810218978103,Stable,0,0,1,0.9220183486238532,0.09605684216225653,0,-15000.0,-0.021897810218978103,0.09605684216225653,685000.0,-0.021897810218978103,4,2,2,0,0,0,0,0,0,20,3,2,3.4339872044851463,7,4,28,739240.8333333334,1,1,0,0,0,1,0,1,1,1,0,1,0,0,0,1,0,0,0,0,0,1,0,0,0,0,0,1,0,0,0,0,1,0,0,0,0,0,0,0,1
R0137,real_4w,2,1,1,2026-04-27 21:08:52,830000.0,Up,520000.0,520000.0,0.0,0.0,0,0,520000.0,0.0,520000.0,520000.0,0.0,0.0,0.0,0.0,0.0,Stable,0,0,1,1.0,0.0,0,0.0,0.0,0.0,520000.0,0.0,4,4,2,0,1,1,0,0,0,25,1,5,4.07753744390572,5,8,40,460955.5,1,4,0,0,0,0,0,0,0,0,0,1,0,0,1,0,0,0,0,0,0,1,0,0,0,0,1,0,0,0,0,0,0,0,1,0,0,0,0,0,1
R0137,real_4w,3,2,2,2026-04-20 21:08:52,525000.0,Down,830000.0,830000.0,520000.0,0.0,1,0,675000.0,155000.0,520000.0,830000.0,310000.0,310000.0,0.5961538461538461,310000.0,0.5961538461538461,Up,1,0,0,1.2296296296296296,0.22962962962962963,1,310000.0,0.5961538461538461,0.22962962962962963,675000.0,0.22962962962962963,4,3,2,0,0,0,0,0,0,25,1,5,4.07753744390572,5,8,40,460955.5,1,4,0,0,0,0,0,0,0,0,0,1,0,0,1,0,0,0,0,0,0,1,0,0,0,0,1,0,0,0,0,0,0,0,1,0,0,0,0,0,2
R0137,real_4w,4,3,3,2026-04-13 21:08:52,1025000.0,Up,525000.0,525000.0,830000.0,520000.0,1,1,625000.0,144971.26151988422,520000.0,830000.0,310000.0,-305000.0,-0.3674698795180723,-305000.0,-0.3674698795180723,Down,0,1,0,0.84,0.23195401843181476,0,-305000.0,-0.3674698795180723,0.23195401843181476,525000.0,0.0,4,2,2,0,0,0,0,0,0,25,1,5,4.07753744390572,5,8,40,460955.5,1,4,0,0,0,0,0,0,0,0,0,1,0,0,1,0,0,0,0,0,0,1,0,0,0,0,1,0,0,0,0,0,0,0,1,0,0,0,0,0,0
R0138,real_4w,2,1,1,2026-04-27 21:13:04,390000.0,Up,18400.0,18400.0,0.0,0.0,0,0,18400.0,0.0,18400.0,18400.0,0.0,0.0,0.0,0.0,0.0,Stable,0,0,1,1.0,0.0,0,0.0,0.0,0.0,18400.0,0.0,4,4,2,0,1,1,0,0,0,21,0,5,3.4657359027997265,5,2,10,460955.5,0,4,0,0,0,1,0,1,1,1,0,0,0,1,0,1,0,0,0,0,0,1,0,0,0,0,0,1,0,0,0,1,0,0,0,0,0,0,0,1,1
R0138,real_4w,3,2,2,2026-04-20 21:13:04,405000.0,Stable,390000.0,390000.0,18400.0,0.0,1,0,204200.0,185800.0,18400.0,390000.0,371600.0,371600.0,20.195652173913043,371600.0,20.195652173913043,Up,1,0,0,1.909892262487757,0.9098922624877571,1,371600.0,20.195652173913043,0.9098922624877571,204200.0,0.9098922624877571,4,3,2,0,0,0,0,0,0,21,0,5,3.4657359027997265,5,2,10,460955.5,0,4,0,0,0,1,0,1,1,1,0,0,0,1,0,1,0,0,0,0,0,1,0,0,0,0,0,1,0,0,0,1,0,0,0,0,0,0,0,1,2
R0138,real_4w,4,3,3,2026-04-13 21:13:04,325000.0,Down,405000.0,405000.0,390000.0,18400.0,1,1,271133.3333333333,178814.34195524946,18400.0,405000.0,386600.0,15000.0,0.038461538461538464,15000.0,0.038461538461538464,Stable,0,0,1,1.4937300221293337,0.6595070394218692,1,15000.0,0.038461538461538464,0.6595070394218692,390000.0,0.038461538461538464,4,2,2,0,0,0,0,0,0,21,0,5,3.4657359027997265,5,2,10,460955.5,0,4,0,0,0,1,0,1,1,1,0,0,0,1,0,1,0,0,0,0,0,1,0,0,0,0,0,1,0,0,0,1,0,0,0,0,0,0,0,1,1
R0139,real_4w,2,1,1,2026-04-27 21:13:45,275000.0,Stable,300000.0,300000.0,0.0,0.0,0,0,300000.0,0.0,300000.0,300000.0,0.0,0.0,0.0,0.0,0.0,Stable,0,0,1,1.0,0.0,0,0.0,0.0,0.0,300000.0,0.0,4,4,2,0,1,1,0,0,0,27,7,0,2.639057329615259,4,4,16,548095.6666666666,0,1,0,0,0,1,0,0,1,0,0,1,1,1,1,0,0,0,0,0,0,1,1,0,0,0,1,0,1,0,0,1,0,0,0,0,0,0,1,0,1
R0139,real_4w,3,2,2,2026-04-20 21:13:45,255000.0,Stable,275000.0,275000.0,300000.0,0.0,1,0,287500.0,12500.0,275000.0,300000.0,25000.0,-25000.0,-0.08333333333333333,-25000.0,-0.08333333333333333,Stable,0,0,1,0.9565217391304348,0.043478260869565216,0,-25000.0,-0.08333333333333333,0.043478260869565216,287500.0,-0.043478260869565216,4,3,2,0,0,0,0,0,0,27,7,0,2.639057329615259,4,4,16,548095.6666666666,0,1,0,0,0,1,0,0,1,0,0,1,1,1,1,0,0,0,0,0,0,1,1,0,0,0,1,0,1,0,0,1,0,0,0,0,0,0,1,0,1
R0139,real_4w,4,3,3,2026-04-13 21:13:45,250000.0,Stable,255000.0,255000.0,275000.0,300000.0,1,1,276666.6666666667,18408.935028645436,255000.0,300000.0,45000.0,-20000.0,-0.07272727272727272,-20000.0,-0.07272727272727272,Stable,0,0,1,0.9216867469879517,0.06653831938064615,0,-20000.0,-0.07272727272727272,0.06653831938064615,275000.0,-0.07272727272727272,4,2,2,0,0,0,0,0,0,27,7,0,2.639057329615259,4,4,16,548095.6666666666,0,1,0,0,0,1,0,0,1,0,0,1,1,1,1,0,0,0,0,0,0,1,1,0,0,0,1,0,1,0,0,1,0,0,0,0,0,0,1,0,1
R0140,real_4w,2,1,1,2026-04-27 21:20:26,410000.0,Down,680000.0,680000.0,0.0,0.0,0,0,680000.0,0.0,680000.0,680000.0,0.0,0.0,0.0,0.0,0.0,Stable,0,0,1,1.0,0.0,0,0.0,0.0,0.0,680000.0,0.0,4,4,2,0,1,1,0,0,0,32,5,2,1.0986122886681096,7,9,63,739240.8333333334,2,3,0,1,1,0,0,0,0,0,0,0,0,0,0,0,0,1,0,1,0,1,0,0,0,0,0,0,0,0,1,0,0,0,0,1,0,0,0,0,1
R0140,real_4w,3,2,2,2026-04-20 21:20:26,805000.0,Up,410000.0,410000.0,680000.0,0.0,1,0,545000.0,135000.0,410000.0,680000.0,270000.0,-270000.0,-0.39705882352941174,-270000.0,-0.39705882352941174,Down,0,1,0,0.7522935779816514,0.24770642201834864,0,-270000.0,-0.39705882352941174,0.24770642201834864,545000.0,-0.24770642201834864,4,3,2,0,0,0,0,0,0,32,5,2,1.0986122886681096,7,9,63,739240.8333333334,2,3,0,1,1,0,0,0,0,0,0,0,0,0,0,0,0,1,0,1,0,1,0,0,0,0,0,0,0,0,1,0,0,0,0,1,0,0,0,0,0
R0140,real_4w,4,3,3,2026-04-13 21:20:26,550000.0,Down,805000.0,805000.0,410000.0,680000.0,1,1,631666.6666666666,164839.98975437428,410000.0,805000.0,395000.0,395000.0,0.9634146341463414,395000.0,0.9634146341463414,Up,1,0,0,1.274406332453826,0.2609604059436005,1,395000.0,0.9634146341463414,0.2609604059436005,680000.0,0.18382352941176472,4,2,2,0,0,0,0,0,0,32,5,2,1.0986122886681096,7,9,63,739240.8333333334,2,3,0,1,1,0,0,0,0,0,0,0,0,0,0,0,0,1,0,1,0,1,0,0,0,0,0,0,0,0,1,0,0,0,0,1,0,0,0,0,2
R0141,real_4w,2,1,1,2026-04-27 21:31:04,210000.0,Down,295000.0,295000.0,0.0,0.0,0,0,295000.0,0.0,295000.0,295000.0,0.0,0.0,0.0,0.0,0.0,Stable,0,0,1,1.0,0.0,0,0.0,0.0,0.0,295000.0,0.0,4,4,2,0,1,1,0,0,0,44,6,4,3.258096538021482,7,7,49,442180.75,2,1,0,0,0,0,0,0,0,0,0,1,0,1,1,0,0,1,1,0,0,1,1,0,0,0,1,0,0,0,1,1,0,1,0,0,0,0,0,0,1
R0141,real_4w,3,2,2,2026-04-20 21:31:04,350000.0,Up,210000.0,210000.0,295000.0,0.0,1,0,252500.0,42500.0,210000.0,295000.0,85000.0,-85000.0,-0.288135593220339,-85000.0,-0.288135593220339,Down,0,1,0,0.8316831683168316,0.16831683168316833,0,-85000.0,-0.288135593220339,0.16831683168316833,252500.0,-0.16831683168316833,4,3,2,0,0,0,0,0,0,44,6,4,3.258096538021482,7,7,49,442180.75,2,1,0,0,0,0,0,0,0,0,0,1,0,1,1,0,0,1,1,0,0,1,1,0,0,0,1,0,0,0,1,1,0,1,0,0,0,0,0,0,0
R0141,real_4w,4,3,3,2026-04-13 21:31:04,300000.0,Down,350000.0,350000.0,210000.0,295000.0,1,1,285000.0,57590.50847723665,210000.0,350000.0,140000.0,140000.0,0.6666666666666666,140000.0,0.6666666666666666,Up,1,0,0,1.2280701754385965,0.20207195956925142,1,140000.0,0.6666666666666666,0.20207195956925142,295000.0,0.1864406779661017,4,2,2,0,0,0,0,0,0,44,6,4,3.258096538021482,7,7,49,442180.75,2,1,0,0,0,0,0,0,0,0,0,1,0,1,1,0,0,1,1,0,0,1,1,0,0,0,1,0,0,0,1,1,0,1,0,0,0,0,0,0,2
R0142,real_4w,2,1,1,2026-04-27 21:45:39,610000.0,Stable,600000.0,600000.0,0.0,0.0,0,0,600000.0,0.0,600000.0,600000.0,0.0,0.0,0.0,0.0,0.0,Stable,0,0,1,1.0,0.0,0,0.0,0.0,0.0,600000.0,0.0,4,4,2,0,1,1,0,0,0,25,4,8,1.791759469228055,6,7,42,517481.9375,2,4,0,0,0,0,0,1,0,0,0,0,0,0,0,0,1,0,0,1,0,1,0,0,0,0,0,0,0,1,0,0,0,0,0,0,1,0,0,0,1
R0142,real_4w,3,2,2,2026-04-20 21:45:39,700000.0,Up,610000.0,610000.0,600000.0,0.0,1,0,605000.0,5000.0,600000.0,610000.0,10000.0,10000.0,0.016666666666666666,10000.0,0.016666666666666666,Stable,0,0,1,1.0082644628099173,0.008264462809917356,1,10000.0,0.016666666666666666,0.008264462809917356,605000.0,0.008264462809917356,4,3,2,0,0,0,0,0,0,25,4,8,1.791759469228055,6,7,42,517481.9375,2,4,0,0,0,0,0,1,0,0,0,0,0,0,0,0,1,0,0,1,0,1,0,0,0,0,0,0,0,1,0,0,0,0,0,0,1,0,0,0,1
R0142,real_4w,4,3,3,2026-04-13 21:45:39,280000.0,Down,700000.0,700000.0,610000.0,600000.0,1,1,636666.6666666666,44969.12521077347,600000.0,700000.0,100000.0,90000.0,0.14754098360655737,90000.0,0.14754098360655737,Up,1,0,0,1.099476439790576,0.07063213383891122,1,90000.0,0.14754098360655737,0.07063213383891122,610000.0,0.14754098360655737,4,2,2,0,0,0,0,0,0,25,4,8,1.791759469228055,6,7,42,517481.9375,2,4,0,0,0,0,0,1,0,0,0,0,0,0,0,0,1,0,0,1,0,1,0,0,0,0,0,0,0,1,0,0,0,0,0,0,1,0,0,0,2
R0143,real_4w,2,1,1,2026-04-27 21:47:39,450000.0,Up,400000.0,400000.0,0.0,0.0,0,0,400000.0,0.0,400000.0,400000.0,0.0,0.0,0.0,0.0,0.0,Stable,0,0,1,1.0,0.0,0,0.0,0.0,0.0,400000.0,0.0,4,4,2,0,1,1,0,0,0,28,0,3,2.833213344056216,5,3,15,518297.0,1,4,0,0,0,1,0,0,1,0,0,1,0,0,0,1,0,0,1,0,0,1,0,0,0,0,0,1,0,0,0,0,0,0,0,0,0,0,0,1,1
R0143,real_4w,3,2,2,2026-04-20 21:47:39,340000.0,Down,450000.0,450000.0,400000.0,0.0,1,0,425000.0,25000.0,400000.0,450000.0,50000.0,50000.0,0.125,50000.0,0.125,Up,1,0,0,1.0588235294117647,0.058823529411764705,1,50000.0,0.125,0.058823529411764705,425000.0,0.058823529411764705,4,3,2,0,0,0,0,0,0,28,0,3,2.833213344056216,5,3,15,518297.0,1,4,0,0,0,1,0,0,1,0,0,1,0,0,0,1,0,0,1,0,0,1,0,0,0,0,0,1,0,0,0,0,0,0,0,0,0,0,0,1,2
R0143,real_4w,4,3,3,2026-04-13 21:47:39,375000.0,Up,340000.0,340000.0,450000.0,400000.0,1,1,396666.6666666667,44969.125210773476,340000.0,450000.0,110000.0,-110000.0,-0.24444444444444444,-110000.0,-0.24444444444444444,Down,0,1,0,0.8571428571428571,0.11336754254816842,0,-110000.0,-0.24444444444444444,0.11336754254816842,400000.0,-0.15,4,2,2,0,0,0,0,0,0,28,0,3,2.833213344056216,5,3,15,518297.0,1,4,0,0,0,1,0,0,1,0,0,1,0,0,0,1,0,0,1,0,0,1,0,0,0,0,0,1,0,0,0,0,0,0,0,0,0,0,0,1,0
R0144,real_4w,2,1,1,2026-04-27 21:56:42,675000.0,Up,530000.0,530000.0,0.0,0.0,0,0,530000.0,0.0,530000.0,530000.0,0.0,0.0,0.0,0.0,0.0,Stable,0,0,1,1.0,0.0,0,0.0,0.0,0.0,530000.0,0.0,4,4,2,0,1,1,0,0,0,28,2,5,2.995732273553991,5,8,40,460955.5,1,4,1,0,0,0,0,0,0,0,0,0,1,0,1,0,0,0,0,0,0,1,0,0,0,0,1,0,1,0,0,0,0,0,0,0,0,1,0,0,1
R0144,real_4w,3,2,2,2026-04-20 21:56:42,525000.0,Down,675000.0,675000.0,530000.0,0.0,1,0,602500.0,72500.0,530000.0,675000.0,145000.0,145000.0,0.27358490566037735,145000.0,0.27358490566037735,Up,1,0,0,1.120331950207469,0.12033195020746888,1,145000.0,0.27358490566037735,0.12033195020746888,602500.0,0.12033195020746888,4,3,2,0,0,0,0,0,0,28,2,5,2.995732273553991,5,8,40,460955.5,1,4,1,0,0,0,0,0,0,0,0,0,1,0,1,0,0,0,0,0,0,1,0,0,0,0,1,0,1,0,0,0,0,0,0,0,0,1,0,0,2
R0144,real_4w,4,3,3,2026-04-13 21:56:42,1342800.0,Up,525000.0,525000.0,675000.0,530000.0,1,1,576666.6666666666,69562.12251569735,525000.0,675000.0,150000.0,-150000.0,-0.2222222222222222,-150000.0,-0.2222222222222222,Down,0,1,0,0.9104046242774567,0.1206279581197064,0,-150000.0,-0.2222222222222222,0.1206279581197064,530000.0,-0.009433962264150943,4,2,2,0,0,0,0,0,0,28,2,5,2.995732273553991,5,8,40,460955.5,1,4,1,0,0,0,0,0,0,0,0,0,1,0,1,0,0,0,0,0,0,1,0,0,0,0,1,0,1,0,0,0,0,0,0,0,0,1,0,0,0
R0145,real_4w,2,1,1,2026-04-27 22:38:38,820000.0,Up,325000.0,325000.0,0.0,0.0,0,0,325000.0,0.0,325000.0,325000.0,0.0,0.0,0.0,0.0,0.0,Stable,0,0,1,1.0,0.0,0,0.0,0.0,0.0,325000.0,0.0,4,4,2,0,1,1,0,0,0,24,7,2,3.7612001156935624,3,2,6,739240.8333333334,1,4,0,0,0,1,0,0,1,0,0,0,0,1,0,0,0,0,0,0,1,1,0,0,0,1,0,0,0,0,0,1,0,0,0,0,0,0,1,0,1
R0145,real_4w,3,2,2,2026-04-20 22:38:38,825000.0,Stable,820000.0,820000.0,325000.0,0.0,1,0,572500.0,247500.0,325000.0,820000.0,495000.0,495000.0,1.523076923076923,495000.0,1.523076923076923,Up,1,0,0,1.4323144104803494,0.43231441048034935,1,495000.0,1.523076923076923,0.43231441048034935,572500.0,0.43231441048034935,4,3,2,0,0,0,0,0,0,24,7,2,3.7612001156935624,3,2,6,739240.8333333334,1,4,0,0,0,1,0,0,1,0,0,0,0,1,0,0,0,0,0,0,1,1,0,0,0,1,0,0,0,0,0,1,0,0,0,0,0,0,1,0,2
R0145,real_4w,4,3,3,2026-04-13 22:38:38,400000.0,Down,825000.0,825000.0,820000.0,325000.0,1,1,656666.6666666666,234532.63217632542,325000.0,825000.0,500000.0,5000.0,0.006097560975609756,5000.0,0.006097560975609756,Stable,0,0,1,1.2563451776649748,0.3571562926543027,1,5000.0,0.006097560975609756,0.3571562926543027,820000.0,0.006097560975609756,4,2,2,0,0,0,0,0,0,24,7,2,3.7612001156935624,3,2,6,739240.8333333334,1,4,0,0,0,1,0,0,1,0,0,0,0,1,0,0,0,0,0,0,1,1,0,0,0,1,0,0,0,0,0,1,0,0,0,0,0,0,1,0,1
R0146,real_4w,2,1,1,2026-04-27 22:46:37,60000.0,Stable,60000.0,60000.0,0.0,0.0,0,0,60000.0,0.0,60000.0,60000.0,0.0,0.0,0.0,0.0,0.0,Stable,0,0,1,1.0,0.0,0,0.0,0.0,0.0,60000.0,0.0,4,4,2,0,1,1,0,0,0,26,3,3,3.7612001156935624,5,4,20,518297.0,0,4,0,0,0,1,0,1,1,1,0,1,0,0,0,0,1,1,0,0,0,1,0,1,0,1,0,0,0,1,1,0,1,0,0,0,0,0,0,0,1
R0146,real_4w,3,2,2,2026-04-20 22:46:37,75000.0,Up,60000.0,60000.0,60000.0,0.0,1,0,60000.0,0.0,60000.0,60000.0,0.0,0.0,0.0,0.0,0.0,Stable,0,0,1,1.0,0.0,0,0.0,0.0,0.0,60000.0,0.0,4,3,2,0,0,0,0,0,0,26,3,3,3.7612001156935624,5,4,20,518297.0,0,4,0,0,0,1,0,1,1,1,0,1,0,0,0,0,1,1,0,0,0,1,0,1,0,1,0,0,0,1,1,0,1,0,0,0,0,0,0,0,1
R0146,real_4w,4,3,3,2026-04-13 22:46:37,6800.0,Down,75000.0,75000.0,60000.0,60000.0,1,1,65000.0,7071.067811865475,60000.0,75000.0,15000.0,15000.0,0.25,15000.0,0.25,Up,1,0,0,1.1538461538461537,0.10878565864408424,1,15000.0,0.25,0.10878565864408424,60000.0,0.25,4,2,2,0,0,0,0,0,0,26,3,3,3.7612001156935624,5,4,20,518297.0,0,4,0,0,0,1,0,1,1,1,0,1,0,0,0,0,1,1,0,0,0,1,0,1,0,1,0,0,0,1,1,0,1,0,0,0,0,0,0,0,2
R0147,real_4w,2,1,1,2026-04-27 23:15:20,660000.0,Down,930000.0,930000.0,0.0,0.0,0,0,930000.0,0.0,930000.0,930000.0,0.0,0.0,0.0,0.0,0.0,Stable,0,0,1,1.0,0.0,0,0.0,0.0,0.0,930000.0,0.0,4,4,2,0,1,1,0,0,0,34,5,5,0.6931471805599453,5,11,55,460955.5,2,2,0,0,1,0,0,0,0,0,0,0,0,0,0,0,0,1,0,0,1,1,0,1,0,0,0,0,0,0,1,0,0,0,0,1,0,0,0,0,1
R0147,real_4w,3,2,2,2026-04-20 23:15:20,710000.0,Stable,660000.0,660000.0,930000.0,0.0,1,0,795000.0,135000.0,660000.0,930000.0,270000.0,-270000.0,-0.2903225806451613,-270000.0,-0.2903225806451613,Down,0,1,0,0.8301886792452831,0.16981132075471697,0,-270000.0,-0.2903225806451613,0.16981132075471697,795000.0,-0.16981132075471697,4,3,2,0,0,0,0,0,0,34,5,5,0.6931471805599453,5,11,55,460955.5,2,2,0,0,1,0,0,0,0,0,0,0,0,0,0,0,0,1,0,0,1,1,0,1,0,0,0,0,0,0,1,0,0,0,0,1,0,0,0,0,0
R0147,real_4w,4,3,3,2026-04-13 23:15:20,450000.0,Down,710000.0,710000.0,660000.0,930000.0,1,1,766666.6666666666,117284.08057172787,660000.0,930000.0,270000.0,50000.0,0.07575757575757576,50000.0,0.07575757575757576,Stable,0,0,1,0.9260869565217392,0.1529792355283407,0,50000.0,0.07575757575757576,0.1529792355283407,710000.0,0.0,4,2,2,0,0,0,0,0,0,34,5,5,0.6931471805599453,5,11,55,460955.5,2,2,0,0,1,0,0,0,0,0,0,0,0,0,0,0,0,1,0,0,1,1,0,1,0,0,0,0,0,0,1,0,0,0,0,1,0,0,0,0,1
R0148,real_4w,2,1,1,2026-04-27 23:55:51,1075000.0,Down,1270000.0,1270000.0,0.0,0.0,0,0,1270000.0,0.0,1270000.0,1270000.0,0.0,0.0,0.0,0.0,0.0,Stable,0,0,1,1.0,0.0,0,0.0,0.0,0.0,1270000.0,0.0,4,4,2,0,1,1,0,0,0,26,2,0,4.04305126783455,4,6,24,548095.6666666666,1,1,1,0,0,0,0,0,0,0,1,0,1,0,1,0,0,1,0,0,0,1,0,0,1,0,1,0,1,0,1,0,0,0,0,0,0,1,0,0,1
R0148,real_4w,3,2,2,2026-04-20 23:55:51,790000.0,Down,1075000.0,1075000.0,1270000.0,0.0,1,0,1172500.0,97500.0,1075000.0,1270000.0,195000.0,-195000.0,-0.15354330708661418,-195000.0,-0.15354330708661418,Down,0,1,0,0.9168443496801706,0.08315565031982942,0,-195000.0,-0.15354330708661418,0.08315565031982942,1172500.0,-0.08315565031982942,4,3,2,0,0,0,0,0,0,26,2,0,4.04305126783455,4,6,24,548095.6666666666,1,1,1,0,0,0,0,0,0,0,1,0,1,0,1,0,0,1,0,0,0,1,0,0,1,0,1,0,1,0,1,0,0,0,0,0,0,1,0,0,0
R0148,real_4w,4,3,3,2026-04-13 23:55:51,375000.0,Down,790000.0,790000.0,1075000.0,1270000.0,1,1,1045000.0,197104.03344427023,790000.0,1270000.0,480000.0,-285000.0,-0.2651162790697674,-285000.0,-0.2651162790697674,Down,0,1,0,0.7559808612440191,0.18861629994667006,0,-285000.0,-0.2651162790697674,0.18861629994667006,1075000.0,-0.2651162790697674,4,2,2,0,0,0,0,0,0,26,2,0,4.04305126783455,4,6,24,548095.6666666666,1,1,1,0,0,0,0,0,0,0,1,0,1,0,1,0,0,1,0,0,0,1,0,0,1,0,1,0,1,0,1,0,0,0,0,0,0,1,0,0,0
R0149,real_4w,2,1,1,2026-04-28 00:25:05,360000.0,Down,420000.0,420000.0,0.0,0.0,0,0,420000.0,0.0,420000.0,420000.0,0.0,0.0,0.0,0.0,0.0,Stable,0,0,1,1.0,0.0,0,0.0,0.0,0.0,420000.0,0.0,4,4,2,0,1,1,0,0,0,24,1,1,3.6109179126442243,5,6,30,518297.0,0,0,0,0,0,0,0,0,0,0,0,1,1,0,1,0,0,0,0,0,1,1,0,0,0,1,1,0,1,0,0,0,0,0,1,0,0,0,0,0,1
R0149,real_4w,3,2,2,2026-04-21 00:25:05,450000.0,Up,360000.0,360000.0,420000.0,0.0,1,0,390000.0,30000.0,360000.0,420000.0,60000.0,-60000.0,-0.14285714285714285,-60000.0,-0.14285714285714285,Down,0,1,0,0.9230769230769231,0.07692307692307693,0,-60000.0,-0.14285714285714285,0.07692307692307693,390000.0,-0.07692307692307693,4,3,2,0,0,0,0,0,0,24,1,1,3.6109179126442243,5,6,30,518297.0,0,0,0,0,0,0,0,0,0,0,0,1,1,0,1,0,0,0,0,0,1,1,0,0,0,1,1,0,1,0,0,0,0,0,1,0,0,0,0,0,0
R0149,real_4w,4,3,3,2026-04-14 00:25:05,6800.0,Down,450000.0,450000.0,360000.0,420000.0,1,1,410000.0,37416.57386773941,360000.0,450000.0,90000.0,90000.0,0.25,90000.0,0.25,Up,1,0,0,1.0975609756097562,0.09125993626277905,1,90000.0,0.25,0.09125993626277905,420000.0,0.07142857142857142,4,2,2,0,0,0,0,0,0,24,1,1,3.6109179126442243,5,6,30,518297.0,0,0,0,0,0,0,0,0,0,0,0,1,1,0,1,0,0,0,0,0,1,1,0,0,0,1,1,0,1,0,0,0,0,0,1,0,0,0,0,0,2
R0150,real_4w,2,1,1,2026-04-28 01:22:05,550000.0,Down,725000.0,725000.0,0.0,0.0,0,0,725000.0,0.0,725000.0,725000.0,0.0,0.0,0.0,0.0,0.0,Stable,0,0,1,1.0,0.0,0,0.0,0.0,0.0,725000.0,0.0,4,4,2,0,1,1,0,0,0,22,6,3,1.9459101490553132,5,8,40,518297.0,2,1,0,0,0,0,0,0,0,0,0,1,0,0,1,0,0,1,1,0,0,1,0,0,0,0,1,0,0,0,1,0,0,1,0,0,0,0,0,0,1
R0150,real_4w,3,2,2,2026-04-21 01:22:05,740000.0,Up,550000.0,550000.0,725000.0,0.0,1,0,637500.0,87500.0,550000.0,725000.0,175000.0,-175000.0,-0.2413793103448276,-175000.0,-0.2413793103448276,Down,0,1,0,0.8627450980392157,0.13725490196078433,0,-175000.0,-0.2413793103448276,0.13725490196078433,637500.0,-0.13725490196078433,4,3,2,0,0,0,0,0,0,22,6,3,1.9459101490553132,5,8,40,518297.0,2,1,0,0,0,0,0,0,0,0,0,1,0,0,1,0,0,1,1,0,0,1,0,0,0,0,1,0,0,0,1,0,0,1,0,0,0,0,0,0,0
R0150,real_4w,4,3,3,2026-04-14 01:22:05,725000.0,Stable,740000.0,740000.0,550000.0,725000.0,1,1,671666.6666666666,86248.99355290408,550000.0,740000.0,190000.0,190000.0,0.34545454545454546,190000.0,0.34545454545454546,Up,1,0,0,1.1017369727047146,0.12841041223757432,1,190000.0,0.34545454545454546,0.12841041223757432,725000.0,0.020689655172413793,4,2,2,0,0,0,0,0,0,22,6,3,1.9459101490553132,5,8,40,518297.0,2,1,0,0,0,0,0,0,0,0,0,1,0,0,1,0,0,1,1,0,0,1,0,0,0,0,1,0,0,0,1,0,0,1,0,0,0,0,0,0,2
R0151,real_4w,2,1,1,2026-04-28 06:06:22,675000.0,Up,220000.0,220000.0,0.0,0.0,0,0,220000.0,0.0,220000.0,220000.0,0.0,0.0,0.0,0.0,0.0,Stable,0,0,1,1.0,0.0,0,0.0,0.0,0.0,220000.0,0.0,4,4,2,0,1,1,0,0,0,26,6,1,1.0986122886681096,5,9,45,518297.0,1,2,0,0,0,0,0,0,0,0,0,1,0,0,0,0,0,1,0,0,1,1,0,0,0,0,0,0,0,0,1,0,0,1,0,0,0,0,0,0,1
R0151,real_4w,3,2,2,2026-04-21 06:06:22,300000.0,Down,675000.0,675000.0,220000.0,0.0,1,0,447500.0,227500.0,220000.0,675000.0,455000.0,455000.0,2.0681818181818183,455000.0,2.0681818181818183,Up,1,0,0,1.5083798882681565,0.5083798882681564,1,455000.0,2.0681818181818183,0.5083798882681564,447500.0,0.5083798882681564,4,3,2,0,0,0,0,0,0,26,6,1,1.0986122886681096,5,9,45,518297.0,1,2,0,0,0,0,0,0,0,0,0,1,0,0,0,0,0,1,0,0,1,1,0,0,0,0,0,0,0,0,1,0,0,1,0,0,0,0,0,0,2
R0151,real_4w,4,3,3,2026-04-14 06:06:22,225000.0,Down,300000.0,300000.0,675000.0,220000.0,1,1,398333.3333333333,198340.33601082987,220000.0,675000.0,455000.0,-375000.0,-0.5555555555555556,-375000.0,-0.5555555555555556,Down,0,1,0,0.7531380753138076,0.49792552973430093,0,-375000.0,-0.5555555555555556,0.49792552973430093,300000.0,0.0,4,2,2,0,0,0,0,0,0,26,6,1,1.0986122886681096,5,9,45,518297.0,1,2,0,0,0,0,0,0,0,0,0,1,0,0,0,0,0,1,0,0,1,1,0,0,0,0,0,0,0,0,1,0,0,1,0,0,0,0,0,0,0
R0152,real_4w,2,1,1,2026-04-28 08:01:31,270000.0,Down,425000.0,425000.0,0.0,0.0,0,0,425000.0,0.0,425000.0,425000.0,0.0,0.0,0.0,0.0,0.0,Stable,0,0,1,1.0,0.0,0,0.0,0.0,0.0,425000.0,0.0,4,4,2,0,1,1,0,0,0,17,6,0,3.5263605246161616,6,10,60,548095.6666666666,2,0,0,0,0,0,0,0,0,0,0,1,0,0,1,0,0,1,0,0,0,1,1,0,0,0,1,0,0,0,1,0,0,1,0,0,0,0,0,0,1
R0152,real_4w,3,2,2,2026-04-21 08:01:31,920000.0,Up,270000.0,270000.0,425000.0,0.0,1,0,347500.0,77500.0,270000.0,425000.0,155000.0,-155000.0,-0.36470588235294116,-155000.0,-0.36470588235294116,Down,0,1,0,0.7769784172661871,0.22302158273381295,0,-155000.0,-0.36470588235294116,0.22302158273381295,347500.0,-0.22302158273381295,4,3,2,0,0,0,0,0,0,17,6,0,3.5263605246161616,6,10,60,548095.6666666666,2,0,0,0,0,0,0,0,0,0,0,1,0,0,1,0,0,1,0,0,0,1,1,0,0,0,1,0,0,0,1,0,0,1,0,0,0,0,0,0,0
R0152,real_4w,4,3,3,2026-04-14 08:01:31,425000.0,Down,920000.0,920000.0,270000.0,425000.0,1,1,538333.3333333334,277198.284426309,270000.0,920000.0,650000.0,650000.0,2.4074074074074074,650000.0,2.4074074074074074,Up,1,0,0,1.7089783281733746,0.5149194137950012,1,650000.0,2.4074074074074074,0.5149194137950012,425000.0,1.1647058823529413,4,2,2,0,0,0,0,0,0,17,6,0,3.5263605246161616,6,10,60,548095.6666666666,2,0,0,0,0,0,0,0,0,0,0,1,0,0,1,0,0,1,0,0,0,1,1,0,0,0,1,0,0,0,1,0,0,1,0,0,0,0,0,0,2
R0153,real_4w,2,1,1,2026-04-28 08:26:14,350000.0,Up,200000.0,200000.0,0.0,0.0,0,0,200000.0,0.0,200000.0,200000.0,0.0,0.0,0.0,0.0,0.0,Stable,0,0,1,1.0,0.0,0,0.0,0.0,0.0,200000.0,0.0,4,4,2,0,1,1,0,0,0,17,7,4,3.5553480614894135,4,2,8,442180.75,1,3,0,0,0,1,0,0,1,0,0,0,1,1,1,0,0,0,0,0,0,1,1,0,0,1,1,0,1,0,0,1,0,0,0,0,0,0,1,0,1
R0153,real_4w,3,2,2,2026-04-21 08:26:14,320000.0,Stable,350000.0,350000.0,200000.0,0.0,1,0,275000.0,75000.0,200000.0,350000.0,150000.0,150000.0,0.75,150000.0,0.75,Up,1,0,0,1.2727272727272727,0.2727272727272727,1,150000.0,0.75,0.2727272727272727,275000.0,0.2727272727272727,4,3,2,0,0,0,0,0,0,17,7,4,3.5553480614894135,4,2,8,442180.75,1,3,0,0,0,1,0,0,1,0,0,0,1,1,1,0,0,0,0,0,0,1,1,0,0,1,1,0,1,0,0,1,0,0,0,0,0,0,1,0,2
R0153,real_4w,4,3,3,2026-04-14 08:26:14,500000.0,Up,320000.0,320000.0,350000.0,200000.0,1,1,290000.0,64807.4069840786,200000.0,350000.0,150000.0,-30000.0,-0.08571428571428572,-30000.0,-0.08571428571428572,Stable,0,0,1,1.103448275862069,0.22347381718647794,1,-30000.0,-0.08571428571428572,0.22347381718647794,320000.0,0.0,4,2,2,0,0,0,0,0,0,17,7,4,3.5553480614894135,4,2,8,442180.75,1,3,0,0,0,1,0,0,1,0,0,0,1,1,1,0,0,0,0,0,0,1,1,0,0,1,1,0,1,0,0,1,0,0,0,0,0,0,1,0,1
R0154,real_4w,2,1,1,2026-04-28 08:46:17,300000.0,Up,225000.0,225000.0,0.0,0.0,0,0,225000.0,0.0,225000.0,225000.0,0.0,0.0,0.0,0.0,0.0,Stable,0,0,1,1.0,0.0,0,0.0,0.0,0.0,225000.0,0.0,4,4,2,0,1,1,0,0,0,44,6,2,3.8066624897703196,6,8,48,739240.8333333334,2,4,0,0,0,0,0,0,0,0,0,1,0,0,1,0,0,1,0,0,1,1,1,0,0,0,1,0,0,0,1,0,0,1,0,0,0,0,0,0,1
R0154,real_4w,3,2,2,2026-04-21 08:46:17,230000.0,Down,300000.0,300000.0,225000.0,0.0,1,0,262500.0,37500.0,225000.0,300000.0,75000.0,75000.0,0.3333333333333333,75000.0,0.3333333333333333,Up,1,0,0,1.1428571428571428,0.14285714285714285,1,75000.0,0.3333333333333333,0.14285714285714285,262500.0,0.14285714285714285,4,3,2,0,0,0,0,0,0,44,6,2,3.8066624897703196,6,8,48,739240.8333333334,2,4,0,0,0,0,0,0,0,0,0,1,0,0,1,0,0,1,0,0,1,1,1,0,0,0,1,0,0,0,1,0,0,1,0,0,0,0,0,0,2
R0154,real_4w,4,3,3,2026-04-14 08:46:17,275000.0,Up,230000.0,230000.0,300000.0,225000.0,1,1,251666.66666666666,34237.73097362356,225000.0,300000.0,75000.0,-70000.0,-0.23333333333333334,-70000.0,-0.23333333333333334,Down,0,1,0,0.9139072847682119,0.13604396413360356,0,-70000.0,-0.23333333333333334,0.13604396413360356,230000.0,0.0,4,2,2,0,0,0,0,0,0,44,6,2,3.8066624897703196,6,8,48,739240.8333333334,2,4,0,0,0,0,0,0,0,0,0,1,0,0,1,0,0,1,0,0,1,1,1,0,0,0,1,0,0,0,1,0,0,1,0,0,0,0,0,0,0
R0155,real_4w,2,1,1,2026-04-28 09:08:48,715000.0,Up,220000.0,220000.0,0.0,0.0,0,0,220000.0,0.0,220000.0,220000.0,0.0,0.0,0.0,0.0,0.0,Stable,0,0,1,1.0,0.0,0,0.0,0.0,0.0,220000.0,0.0,4,4,2,0,1,1,0,0,0,26,3,7,4.1588830833596715,5,6,30,559306.0,2,2,0,0,0,1,0,1,1,1,0,0,0,0,0,1,0,1,0,0,0,1,0,0,0,1,0,1,0,0,1,0,1,0,0,0,0,0,0,0,1
R0155,real_4w,3,2,2,2026-04-21 09:08:48,175000.0,Down,715000.0,715000.0,220000.0,0.0,1,0,467500.0,247500.0,220000.0,715000.0,495000.0,495000.0,2.25,495000.0,2.25,Up,1,0,0,1.5294117647058822,0.5294117647058824,1,495000.0,2.25,0.5294117647058824,467500.0,0.5294117647058824,4,3,2,0,0,0,0,0,0,26,3,7,4.1588830833596715,5,6,30,559306.0,2,2,0,0,0,1,0,1,1,1,0,0,0,0,0,1,0,1,0,0,0,1,0,0,0,1,0,1,0,0,1,0,1,0,0,0,0,0,0,0,2
R0155,real_4w,4,3,3,2026-04-14 09:08:48,625000.0,Up,175000.0,175000.0,715000.0,220000.0,1,1,370000.0,244642.59645450136,175000.0,715000.0,540000.0,-540000.0,-0.7552447552447552,-540000.0,-0.7552447552447552,Down,0,1,0,0.47297297297297297,0.6611962066337874,0,-540000.0,-0.7552447552447552,0.6611962066337874,220000.0,-0.20454545454545456,4,2,2,0,0,0,0,0,0,26,3,7,4.1588830833596715,5,6,30,559306.0,2,2,0,0,0,1,0,1,1,1,0,0,0,0,0,1,0,1,0,0,0,1,0,0,0,1,0,1,0,0,1,0,1,0,0,0,0,0,0,0,0
R0156,real_4w,2,1,1,2026-04-28 09:09:57,140000.0,Down,550000.0,550000.0,0.0,0.0,0,0,550000.0,0.0,550000.0,550000.0,0.0,0.0,0.0,0.0,0.0,Stable,0,0,1,1.0,0.0,0,0.0,0.0,0.0,550000.0,0.0,4,4,2,0,1,1,0,0,0,25,3,1,3.6635616461296463,4,7,28,518297.0,0,1,0,0,0,1,0,0,1,0,0,0,0,0,0,0,1,0,0,0,0,1,0,0,0,0,0,0,0,1,0,0,1,0,0,0,0,0,0,0,1
R0156,real_4w,3,2,2,2026-04-21 09:09:57,100000.0,Down,140000.0,140000.0,550000.0,0.0,1,0,345000.0,205000.0,140000.0,550000.0,410000.0,-410000.0,-0.7454545454545455,-410000.0,-0.7454545454545455,Down,0,1,0,0.4057971014492754,0.5942028985507246,0,-410000.0,-0.7454545454545455,0.5942028985507246,345000.0,-0.5942028985507246,4,3,2,0,0,0,0,0,0,25,3,1,3.6635616461296463,4,7,28,518297.0,0,1,0,0,0,1,0,0,1,0,0,0,0,0,0,0,1,0,0,0,0,1,0,0,0,0,0,0,0,1,0,0,1,0,0,0,0,0,0,0,0
R0156,real_4w,4,3,3,2026-04-14 09:09:57,540000.0,Up,100000.0,100000.0,140000.0,550000.0,1,1,263333.3333333333,203360.6539022619,100000.0,550000.0,450000.0,-40000.0,-0.2857142857142857,-40000.0,-0.2857142857142857,Down,0,1,0,0.379746835443038,0.7722556477301086,0,-40000.0,-0.2857142857142857,0.7722556477301086,140000.0,-0.2857142857142857,4,2,2,0,0,0,0,0,0,25,3,1,3.6635616461296463,4,7,28,518297.0,0,1,0,0,0,1,0,0,1,0,0,0,0,0,0,0,1,0,0,0,0,1,0,0,0,0,0,0,0,1,0,0,1,0,0,0,0,0,0,0,0
R0157,real_4w,2,1,1,2026-04-28 10:21:16,700000.0,Down,1000000.0,1000000.0,0.0,0.0,0,0,1000000.0,0.0,1000000.0,1000000.0,0.0,0.0,0.0,0.0,0.0,Stable,0,0,1,1.0,0.0,0,0.0,0.0,0.0,1000000.0,0.0,4,4,2,0,1,1,0,0,0,17,2,2,3.091042453358316,4,4,16,739240.8333333334,0,3,0,0,0,0,0,0,0,0,1,0,1,1,1,0,0,0,0,0,0,1,0,0,0,0,1,0,1,0,0,1,0,0,0,0,0,1,0,0,1
R0157,real_4w,3,2,2,2026-04-21 10:21:16,1180000.0,Up,700000.0,700000.0,1000000.0,0.0,1,0,850000.0,150000.0,700000.0,1000000.0,300000.0,-300000.0,-0.3,-300000.0,-0.3,Down,0,1,0,0.8235294117647058,0.17647058823529413,0,-300000.0,-0.3,0.17647058823529413,850000.0,-0.17647058823529413,4,3,2,0,0,0,0,0,0,17,2,2,3.091042453358316,4,4,16,739240.8333333334,0,3,0,0,0,0,0,0,0,0,1,0,1,1,1,0,0,0,0,0,0,1,0,0,0,0,1,0,1,0,0,1,0,0,0,0,0,1,0,0,0
R0157,real_4w,4,3,3,2026-04-14 10:21:16,650000.0,Down,1180000.0,1180000.0,700000.0,1000000.0,1,1,960000.0,197989.8987322333,700000.0,1180000.0,480000.0,480000.0,0.6857142857142857,480000.0,0.6857142857142857,Up,1,0,0,1.2291666666666667,0.20623947784607635,1,480000.0,0.6857142857142857,0.20623947784607635,1000000.0,0.18,4,2,2,0,0,0,0,0,0,17,2,2,3.091042453358316,4,4,16,739240.8333333334,0,3,0,0,0,0,0,0,0,0,1,0,1,1,1,0,0,0,0,0,0,1,0,0,0,0,1,0,1,0,0,1,0,0,0,0,0,1,0,0,2
R0158,real_4w,2,1,1,2026-04-28 10:39:43,200000.0,Down,720000.0,720000.0,0.0,0.0,0,0,720000.0,0.0,720000.0,720000.0,0.0,0.0,0.0,0.0,0.0,Stable,0,0,1,1.0,0.0,0,0.0,0.0,0.0,720000.0,0.0,4,4,2,0,1,1,0,0,0,17,6,2,1.0986122886681096,4,6,24,739240.8333333334,0,4,0,0,0,0,0,0,0,0,0,1,0,0,1,0,0,1,1,0,0,1,0,0,0,0,1,0,0,0,1,0,0,1,0,0,0,0,0,0,1
R0158,real_4w,3,2,2,2026-04-21 10:39:43,250000.0,Up,200000.0,200000.0,720000.0,0.0,1,0,460000.0,260000.0,200000.0,720000.0,520000.0,-520000.0,-0.7222222222222222,-520000.0,-0.7222222222222222,Down,0,1,0,0.43478260869565216,0.5652173913043478,0,-520000.0,-0.7222222222222222,0.5652173913043478,460000.0,-0.5652173913043478,4,3,2,0,0,0,0,0,0,17,6,2,1.0986122886681096,4,6,24,739240.8333333334,0,4,0,0,0,0,0,0,0,0,0,1,0,0,1,0,0,1,1,0,0,1,0,0,0,0,1,0,0,0,1,0,0,1,0,0,0,0,0,0,0
R0158,real_4w,4,3,3,2026-04-14 10:39:43,240000.0,Stable,250000.0,250000.0,200000.0,720000.0,1,1,390000.0,234236.34787681152,200000.0,720000.0,520000.0,50000.0,0.25,50000.0,0.25,Up,1,0,0,0.6410256410256411,0.6006060201969526,0,50000.0,0.25,0.6006060201969526,250000.0,0.0,4,2,2,0,0,0,0,0,0,17,6,2,1.0986122886681096,4,6,24,739240.8333333334,0,4,0,0,0,0,0,0,0,0,0,1,0,0,1,0,0,1,1,0,0,1,0,0,0,0,1,0,0,0,1,0,0,1,0,0,0,0,0,0,2
R0159,real_4w,2,1,1,2026-04-28 10:43:00,830000.0,Down,930000.0,930000.0,0.0,0.0,0,0,930000.0,0.0,930000.0,930000.0,0.0,0.0,0.0,0.0,0.0,Stable,0,0,1,1.0,0.0,0,0.0,0.0,0.0,930000.0,0.0,4,4,2,0,1,1,0,0,0,29,5,7,3.6375861597263857,6,10,60,559306.0,2,0,0,0,1,0,0,0,0,0,0,0,0,0,1,0,1,0,0,0,1,1,0,0,0,0,1,0,0,1,0,0,0,0,0,1,0,0,0,0,1
R0159,real_4w,3,2,2,2026-04-21 10:43:00,910000.0,Stable,830000.0,830000.0,930000.0,0.0,1,0,880000.0,50000.0,830000.0,930000.0,100000.0,-100000.0,-0.10752688172043011,-100000.0,-0.10752688172043011,Down,0,1,0,0.9431818181818182,0.056818181818181816,0,-100000.0,-0.10752688172043011,0.056818181818181816,880000.0,-0.056818181818181816,4,3,2,0,0,0,0,0,0,29,5,7,3.6375861597263857,6,10,60,559306.0,2,0,0,0,1,0,0,0,0,0,0,0,0,0,1,0,1,0,0,0,1,1,0,0,0,0,1,0,0,1,0,0,0,0,0,1,0,0,0,0,0
R0159,real_4w,4,3,3,2026-04-14 10:43:00,825000.0,Stable,910000.0,910000.0,830000.0,930000.0,1,1,890000.0,43204.93798938573,830000.0,930000.0,100000.0,80000.0,0.0963855421686747,80000.0,0.0963855421686747,Stable,0,0,1,1.0224719101123596,0.048544874145377226,1,80000.0,0.0963855421686747,0.048544874145377226,910000.0,0.0,4,2,2,0,0,0,0,0,0,29,5,7,3.6375861597263857,6,10,60,559306.0,2,0,0,0,1,0,0,0,0,0,0,0,0,0,1,0,1,0,0,0,1,1,0,0,0,0,1,0,0,1,0,0,0,0,0,1,0,0,0,0,1
R0160,real_4w,2,1,1,2026-04-28 11:52:11,440000.0,Down,570000.0,570000.0,0.0,0.0,0,0,570000.0,0.0,570000.0,570000.0,0.0,0.0,0.0,0.0,0.0,Stable,0,0,1,1.0,0.0,0,0.0,0.0,0.0,570000.0,0.0,4,4,2,0,1,1,0,0,0,33,3,2,1.3862943611198906,7,4,28,739240.8333333334,2,0,0,0,0,1,0,1,1,1,0,1,1,0,0,0,0,0,1,0,0,1,0,0,0,0,0,0,1,0,0,0,1,0,0,0,0,0,0,0,1
R0160,real_4w,3,2,2,2026-04-21 11:52:11,560000.0,Up,440000.0,440000.0,570000.0,0.0,1,0,505000.0,65000.0,440000.0,570000.0,130000.0,-130000.0,-0.22807017543859648,-130000.0,-0.22807017543859648,Down,0,1,0,0.8712871287128713,0.12871287128712872,0,-130000.0,-0.22807017543859648,0.12871287128712872,505000.0,-0.12871287128712872,4,3,2,0,0,0,0,0,0,33,3,2,1.3862943611198906,7,4,28,739240.8333333334,2,0,0,0,0,1,0,1,1,1,0,1,1,0,0,0,0,0,1,0,0,1,0,0,0,0,0,0,1,0,0,0,1,0,0,0,0,0,0,0,0
R0160,real_4w,4,3,3,2026-04-14 11:52:11,370000.0,Down,560000.0,560000.0,440000.0,570000.0,1,1,523333.3333333333,59066.8171555645,440000.0,570000.0,130000.0,120000.0,0.2727272727272727,120000.0,0.2727272727272727,Up,1,0,0,1.070063694267516,0.11286652959662007,1,120000.0,0.2727272727272727,0.11286652959662007,560000.0,0.0,4,2,2,0,0,0,0,0,0,33,3,2,1.3862943611198906,7,4,28,739240.8333333334,2,0,0,0,0,1,0,1,1,1,0,1,1,0,0,0,0,0,1,0,0,1,0,0,0,0,0,0,1,0,0,0,1,0,0,0,0,0,0,0,2
R0161,real_4w,2,1,1,2026-04-28 11:53:38,425000.0,Stable,400000.0,400000.0,0.0,0.0,0,0,400000.0,0.0,400000.0,400000.0,0.0,0.0,0.0,0.0,0.0,Stable,0,0,1,1.0,0.0,0,0.0,0.0,0.0,400000.0,0.0,4,4,2,0,1,1,0,0,0,25,3,0,3.6888794541139363,6,6,36,548095.6666666666,1,3,0,0,0,1,0,0,1,0,0,1,0,0,0,0,1,1,0,0,0,1,0,1,0,0,0,0,0,1,1,0,1,0,0,0,0,0,0,0,1
R0161,real_4w,3,2,2,2026-04-21 11:53:38,435000.0,Stable,425000.0,425000.0,400000.0,0.0,1,0,412500.0,12500.0,400000.0,425000.0,25000.0,25000.0,0.0625,25000.0,0.0625,Stable,0,0,1,1.0303030303030303,0.030303030303030304,1,25000.0,0.0625,0.030303030303030304,412500.0,0.030303030303030304,4,3,2,0,0,0,0,0,0,25,3,0,3.6888794541139363,6,6,36,548095.6666666666,1,3,0,0,0,1,0,0,1,0,0,1,0,0,0,0,1,1,0,0,0,1,0,1,0,0,0,0,0,1,1,0,1,0,0,0,0,0,0,0,1
R0161,real_4w,4,3,3,2026-04-14 11:53:38,400000.0,Stable,435000.0,435000.0,425000.0,400000.0,1,1,420000.0,14719.601443879745,400000.0,435000.0,35000.0,10000.0,0.023529411764705882,10000.0,0.023529411764705882,Stable,0,0,1,1.0357142857142858,0.03504667010447558,1,10000.0,0.023529411764705882,0.03504667010447558,425000.0,0.023529411764705882,4,2,2,0,0,0,0,0,0,25,3,0,3.6888794541139363,6,6,36,548095.6666666666,1,3,0,0,0,1,0,0,1,0,0,1,0,0,0,0,1,1,0,0,0,1,0,1,0,0,0,0,0,1,1,0,1,0,0,0,0,0,0,0,1
R0162,real_4w,2,1,1,2026-04-28 12:04:12,300000.0,Stable,325000.0,325000.0,0.0,0.0,0,0,325000.0,0.0,325000.0,325000.0,0.0,0.0,0.0,0.0,0.0,Stable,0,0,1,1.0,0.0,0,0.0,0.0,0.0,325000.0,0.0,4,4,2,0,1,1,0,0,0,30,3,2,1.6094379124341003,6,4,24,739240.8333333334,0,1,0,0,0,0,0,0,0,0,0,1,1,0,0,1,0,0,1,0,0,1,0,1,0,0,0,1,1,0,0,0,1,0,0,0,0,0,0,0,1
R0162,real_4w,3,2,2,2026-04-21 12:04:12,315000.0,Stable,300000.0,300000.0,325000.0,0.0,1,0,312500.0,12500.0,300000.0,325000.0,25000.0,-25000.0,-0.07692307692307693,-25000.0,-0.07692307692307693,Stable,0,0,1,0.96,0.04,0,-25000.0,-0.07692307692307693,0.04,312500.0,-0.04,4,3,2,0,0,0,0,0,0,30,3,2,1.6094379124341003,6,4,24,739240.8333333334,0,1,0,0,0,0,0,0,0,0,0,1,1,0,0,1,0,0,1,0,0,1,0,1,0,0,0,1,1,0,0,0,1,0,0,0,0,0,0,0,1
R0162,real_4w,4,3,3,2026-04-14 12:04:12,300000.0,Stable,315000.0,315000.0,300000.0,325000.0,1,1,313333.3333333333,10274.023338281628,300000.0,325000.0,25000.0,15000.0,0.05,15000.0,0.05,Stable,0,0,1,1.0053191489361704,0.032789436186005196,1,15000.0,0.05,0.032789436186005196,315000.0,0.0,4,2,2,0,0,0,0,0,0,30,3,2,1.6094379124341003,6,4,24,739240.8333333334,0,1,0,0,0,0,0,0,0,0,0,1,1,0,0,1,0,0,1,0,0,1,0,1,0,0,0,1,1,0,0,0,1,0,0,0,0,0,0,0,1
R0163,real_4w,2,1,1,2026-04-28 12:10:06,470000.0,Stable,440000.0,440000.0,0.0,0.0,0,0,440000.0,0.0,440000.0,440000.0,0.0,0.0,0.0,0.0,0.0,Stable,0,0,1,1.0,0.0,0,0.0,0.0,0.0,440000.0,0.0,4,4,2,0,1,1,0,0,0,19,6,2,1.0986122886681096,5,7,35,739240.8333333334,2,3,0,0,0,0,0,0,0,0,0,1,0,1,1,0,0,0,0,0,0,1,0,0,0,0,1,0,0,0,0,1,0,1,0,0,0,0,0,0,1
R0163,real_4w,3,2,2,2026-04-21 12:10:06,570000.0,Up,470000.0,470000.0,440000.0,0.0,1,0,455000.0,15000.0,440000.0,470000.0,30000.0,30000.0,0.06818181818181818,30000.0,0.06818181818181818,Stable,0,0,1,1.032967032967033,0.03296703296703297,1,30000.0,0.06818181818181818,0.03296703296703297,455000.0,0.03296703296703297,4,3,2,0,0,0,0,0,0,19,6,2,1.0986122886681096,5,7,35,739240.8333333334,2,3,0,0,0,0,0,0,0,0,0,1,0,1,1,0,0,0,0,0,0,1,0,0,0,0,1,0,0,0,0,1,0,1,0,0,0,0,0,0,1
R0163,real_4w,4,3,3,2026-04-14 12:10:06,330000.0,Down,570000.0,570000.0,470000.0,440000.0,1,1,493333.3333333333,55577.77333511022,440000.0,570000.0,130000.0,100000.0,0.2127659574468085,100000.0,0.2127659574468085,Up,1,0,0,1.1554054054054055,0.11265764865225045,1,100000.0,0.2127659574468085,0.11265764865225045,470000.0,0.2127659574468085,4,2,2,0,0,0,0,0,0,19,6,2,1.0986122886681096,5,7,35,739240.8333333334,2,3,0,0,0,0,0,0,0,0,0,1,0,1,1,0,0,0,0,0,0,1,0,0,0,0,1,0,0,0,0,1,0,1,0,0,0,0,0,0,2
R0164,real_4w,2,1,1,2026-04-28 12:57:46,225000.0,Down,450000.0,450000.0,0.0,0.0,0,0,450000.0,0.0,450000.0,450000.0,0.0,0.0,0.0,0.0,0.0,Stable,0,0,1,1.0,0.0,0,0.0,0.0,0.0,450000.0,0.0,4,4,2,0,1,1,0,0,0,25,0,2,1.791759469228055,5,3,15,739240.8333333334,0,1,0,0,0,1,0,1,1,1,0,0,0,1,0,1,0,1,0,0,0,1,0,0,0,1,0,1,0,0,1,1,0,0,0,0,0,0,0,1,1
R0164,real_4w,3,2,2,2026-04-21 12:57:46,275000.0,Up,225000.0,225000.0,450000.0,0.0,1,0,337500.0,112500.0,225000.0,450000.0,225000.0,-225000.0,-0.5,-225000.0,-0.5,Down,0,1,0,0.6666666666666666,0.3333333333333333,0,-225000.0,-0.5,0.3333333333333333,337500.0,-0.3333333333333333,4,3,2,0,0,0,0,0,0,25,0,2,1.791759469228055,5,3,15,739240.8333333334,0,1,0,0,0,1,0,1,1,1,0,0,0,1,0,1,0,1,0,0,0,1,0,0,0,1,0,1,0,0,1,1,0,0,0,0,0,0,0,1,0
R0164,real_4w,4,3,3,2026-04-14 12:57:46,425000.0,Up,275000.0,275000.0,225000.0,450000.0,1,1,316666.6666666667,96465.30752325187,225000.0,450000.0,225000.0,50000.0,0.2222222222222222,50000.0,0.2222222222222222,Up,1,0,0,0.8684210526315789,0.3046272869155322,0,50000.0,0.2222222222222222,0.3046272869155322,275000.0,0.0,4,2,2,0,0,0,0,0,0,25,0,2,1.791759469228055,5,3,15,739240.8333333334,0,1,0,0,0,1,0,1,1,1,0,0,0,1,0,1,0,1,0,0,0,1,0,0,0,1,0,1,0,0,1,1,0,0,0,0,0,0,0,1,2
R0165,real_4w,2,1,1,2026-04-28 13:16:01,455000.0,Stable,490000.0,490000.0,0.0,0.0,0,0,490000.0,0.0,490000.0,490000.0,0.0,0.0,0.0,0.0,0.0,Stable,0,0,1,1.0,0.0,0,0.0,0.0,0.0,490000.0,0.0,4,4,2,0,1,1,0,0,0,21,1,4,4.174387269895637,4,6,24,442180.75,0,1,1,0,0,0,0,0,0,0,0,0,1,0,0,0,0,0,0,0,1,1,0,0,0,0,0,0,1,0,0,0,0,0,1,0,0,0,0,0,1
R0165,real_4w,3,2,2,2026-04-21 13:16:01,315000.0,Down,455000.0,455000.0,490000.0,0.0,1,0,472500.0,17500.0,455000.0,490000.0,35000.0,-35000.0,-0.07142857142857142,-35000.0,-0.07142857142857142,Stable,0,0,1,0.9629629629629629,0.037037037037037035,0,-35000.0,-0.07142857142857142,0.037037037037037035,472500.0,-0.037037037037037035,4,3,2,0,0,0,0,0,0,21,1,4,4.174387269895637,4,6,24,442180.75,0,1,1,0,0,0,0,0,0,0,0,0,1,0,0,0,0,0,0,0,1,1,0,0,0,0,0,0,1,0,0,0,0,0,1,0,0,0,0,0,1
R0165,real_4w,4,3,3,2026-04-14 13:16:01,930000.0,Up,315000.0,315000.0,455000.0,490000.0,1,1,420000.0,75608.64148142503,315000.0,490000.0,175000.0,-140000.0,-0.3076923076923077,-140000.0,-0.3076923076923077,Down,0,1,0,0.75,0.1800205749557739,0,-140000.0,-0.3076923076923077,0.1800205749557739,455000.0,-0.3076923076923077,4,2,2,0,0,0,0,0,0,21,1,4,4.174387269895637,4,6,24,442180.75,0,1,1,0,0,0,0,0,0,0,0,0,1,0,0,0,0,0,0,0,1,1,0,0,0,0,0,0,1,0,0,0,0,0,1,0,0,0,0,0,0
R0166,real_4w,2,1,1,2026-04-28 13:33:14,1273200.0,Up,580000.0,580000.0,0.0,0.0,0,0,580000.0,0.0,580000.0,580000.0,0.0,0.0,0.0,0.0,0.0,Stable,0,0,1,1.0,0.0,0,0.0,0.0,0.0,580000.0,0.0,4,4,2,0,1,1,0,0,0,26,2,2,1.6094379124341003,4,7,28,739240.8333333334,1,4,0,0,0,0,0,0,0,0,1,0,1,1,1,0,0,0,0,0,0,1,0,0,0,0,1,0,1,0,0,1,0,0,0,0,0,1,0,0,1
R0166,real_4w,3,2,2,2026-04-21 13:33:14,400000.0,Down,1273200.0,1273200.0,580000.0,0.0,1,0,926600.0,346600.0,580000.0,1273200.0,693200.0,693200.0,1.1951724137931035,693200.0,1.1951724137931035,Up,1,0,0,1.3740556874595296,0.37405568745952944,1,693200.0,1.1951724137931035,0.37405568745952944,926600.0,0.37405568745952944,4,3,2,0,0,0,0,0,0,26,2,2,1.6094379124341003,4,7,28,739240.8333333334,1,4,0,0,0,0,0,0,0,0,1,0,1,1,1,0,0,0,0,0,0,1,0,0,0,0,1,0,1,0,0,1,0,0,0,0,0,1,0,0,2
R0166,real_4w,4,3,3,2026-04-14 13:33:14,1342800.0,Up,400000.0,400000.0,1273200.0,580000.0,1,1,751066.6666666666,376446.02387180144,400000.0,1273200.0,873200.0,-873200.0,-0.6858309770656613,-873200.0,-0.6858309770656613,Down,0,1,0,0.5325758920646192,0.501215192444259,0,-873200.0,-0.6858309770656613,0.501215192444259,580000.0,-0.3103448275862069,4,2,2,0,0,0,0,0,0,26,2,2,1.6094379124341003,4,7,28,739240.8333333334,1,4,0,0,0,0,0,0,0,0,1,0,1,1,1,0,0,0,0,0,0,1,0,0,0,0,1,0,1,0,0,1,0,0,0,0,0,1,0,0,0
R0167,real_4w,2,1,1,2026-04-28 13:44:20,355000.0,Stable,360000.0,360000.0,0.0,0.0,0,0,360000.0,0.0,360000.0,360000.0,0.0,0.0,0.0,0.0,0.0,Stable,0,0,1,1.0,0.0,0,0.0,0.0,0.0,360000.0,0.0,4,4,2,0,1,1,0,0,0,33,6,1,3.044522437723423,6,7,42,518297.0,1,4,0,0,0,0,0,0,0,0,0,1,0,1,1,0,0,1,1,0,1,1,0,0,0,0,1,0,0,0,1,1,0,1,0,0,0,0,0,0,1
R0167,real_4w,3,2,2,2026-04-21 13:44:20,325000.0,Stable,355000.0,355000.0,360000.0,0.0,1,0,357500.0,2500.0,355000.0,360000.0,5000.0,-5000.0,-0.013888888888888888,-5000.0,-0.013888888888888888,Stable,0,0,1,0.993006993006993,0.006993006993006993,0,-5000.0,-0.013888888888888888,0.006993006993006993,357500.0,-0.006993006993006993,4,3,2,0,0,0,0,0,0,33,6,1,3.044522437723423,6,7,42,518297.0,1,4,0,0,0,0,0,0,0,0,0,1,0,1,1,0,0,1,1,0,1,1,0,0,0,0,1,0,0,0,1,1,0,1,0,0,0,0,0,0,1
R0167,real_4w,4,3,3,2026-04-14 13:44:20,425000.0,Up,325000.0,325000.0,355000.0,360000.0,1,1,346666.6666666667,15456.030825826174,325000.0,360000.0,35000.0,-30000.0,-0.08450704225352113,-30000.0,-0.08450704225352113,Stable,0,0,1,0.9375,0.04458470430526781,0,-30000.0,-0.08450704225352113,0.04458470430526781,355000.0,-0.08450704225352113,4,2,2,0,0,0,0,0,0,33,6,1,3.044522437723423,6,7,42,518297.0,1,4,0,0,0,0,0,0,0,0,0,1,0,1,1,0,0,1,1,0,1,1,0,0,0,0,1,0,0,0,1,1,0,1,0,0,0,0,0,0,1
R0168,real_4w,2,1,1,2026-04-28 14:24:12,650000.0,Stable,700000.0,700000.0,0.0,0.0,0,0,700000.0,0.0,700000.0,700000.0,0.0,0.0,0.0,0.0,0.0,Stable,0,0,1,1.0,0.0,0,0.0,0.0,0.0,700000.0,0.0,4,4,2,0,1,1,0,0,0,28,1,3,3.2188758248682006,3,4,12,518297.0,2,1,1,0,0,1,0,0,1,0,0,0,1,0,1,0,0,0,0,0,1,1,0,0,0,1,1,0,1,0,0,0,0,0,1,0,0,0,0,0,1
R0168,real_4w,3,2,2,2026-04-21 14:24:12,615000.0,Stable,650000.0,650000.0,700000.0,0.0,1,0,675000.0,25000.0,650000.0,700000.0,50000.0,-50000.0,-0.07142857142857142,-50000.0,-0.07142857142857142,Stable,0,0,1,0.9629629629629629,0.037037037037037035,0,-50000.0,-0.07142857142857142,0.037037037037037035,675000.0,-0.037037037037037035,4,3,2,0,0,0,0,0,0,28,1,3,3.2188758248682006,3,4,12,518297.0,2,1,1,0,0,1,0,0,1,0,0,0,1,0,1,0,0,0,0,0,1,1,0,0,0,1,1,0,1,0,0,0,0,0,1,0,0,0,0,0,1
R0168,real_4w,4,3,3,2026-04-14 14:24:12,625000.0,Stable,615000.0,615000.0,650000.0,700000.0,1,1,655000.0,34880.74922742725,615000.0,700000.0,85000.0,-35000.0,-0.05384615384615385,-35000.0,-0.05384615384615385,Stable,0,0,1,0.9389312977099237,0.05325305225561412,0,-35000.0,-0.05384615384615385,0.05325305225561412,650000.0,-0.05384615384615385,4,2,2,0,0,0,0,0,0,28,1,3,3.2188758248682006,3,4,12,518297.0,2,1,1,0,0,1,0,0,1,0,0,0,1,0,1,0,0,0,0,0,1,1,0,0,0,1,1,0,1,0,0,0,0,0,1,0,0,0,0,0,1
R0169,real_4w,2,1,1,2026-04-28 14:44:40,720000.0,Up,325000.0,325000.0,0.0,0.0,0,0,325000.0,0.0,325000.0,325000.0,0.0,0.0,0.0,0.0,0.0,Stable,0,0,1,1.0,0.0,0,0.0,0.0,0.0,325000.0,0.0,4,4,2,0,1,1,0,0,0,31,5,2,3.828641396489095,7,10,70,739240.8333333334,2,4,0,0,1,0,0,0,0,0,0,0,0,0,1,0,0,0,0,0,0,1,0,0,0,0,1,0,0,0,0,0,0,0,0,1,0,0,0,0,1
R0169,real_4w,3,2,2,2026-04-21 14:44:40,490000.0,Down,720000.0,720000.0,325000.0,0.0,1,0,522500.0,197500.0,325000.0,720000.0,395000.0,395000.0,1.2153846153846153,395000.0,1.2153846153846153,Up,1,0,0,1.3779904306220097,0.37799043062200954,1,395000.0,1.2153846153846153,0.37799043062200954,522500.0,0.37799043062200954,4,3,2,0,0,0,0,0,0,31,5,2,3.828641396489095,7,10,70,739240.8333333334,2,4,0,0,1,0,0,0,0,0,0,0,0,0,1,0,0,0,0,0,0,1,0,0,0,0,1,0,0,0,0,0,0,0,0,1,0,0,0,0,2
R0169,real_4w,4,3,3,2026-04-14 14:44:40,765000.0,Up,490000.0,490000.0,720000.0,325000.0,1,1,511666.6666666667,161984.22419757082,325000.0,720000.0,395000.0,-230000.0,-0.3194444444444444,-230000.0,-0.3194444444444444,Down,0,1,0,0.9576547231270358,0.31658154566300484,0,-230000.0,-0.3194444444444444,0.31658154566300484,490000.0,0.0,4,2,2,0,0,0,0,0,0,31,5,2,3.828641396489095,7,10,70,739240.8333333334,2,4,0,0,1,0,0,0,0,0,0,0,0,0,1,0,0,0,0,0,0,1,0,0,0,0,1,0,0,0,0,0,0,0,0,1,0,0,0,0,0
R0170,real_4w,2,1,1,2026-04-28 14:47:37,330000.0,Stable,310000.0,310000.0,0.0,0.0,0,0,310000.0,0.0,310000.0,310000.0,0.0,0.0,0.0,0.0,0.0,Stable,0,0,1,1.0,0.0,0,0.0,0.0,0.0,310000.0,0.0,4,4,2,0,1,1,0,0,0,29,3,5,2.833213344056216,5,5,25,460955.5,0,1,0,0,0,1,0,1,1,1,0,0,0,0,1,1,0,0,0,0,0,1,0,0,0,1,1,1,0,0,0,0,1,0,0,0,0,0,0,0,1
R0170,real_4w,3,2,2,2026-04-21 14:47:37,210000.0,Down,330000.0,330000.0,310000.0,0.0,1,0,320000.0,10000.0,310000.0,330000.0,20000.0,20000.0,0.06451612903225806,20000.0,0.06451612903225806,Stable,0,0,1,1.03125,0.03125,1,20000.0,0.06451612903225806,0.03125,320000.0,0.03125,4,3,2,0,0,0,0,0,0,29,3,5,2.833213344056216,5,5,25,460955.5,0,1,0,0,0,1,0,1,1,1,0,0,0,0,1,1,0,0,0,0,0,1,0,0,0,1,1,1,0,0,0,0,1,0,0,0,0,0,0,0,1
R0170,real_4w,4,3,3,2026-04-14 14:47:37,250000.0,Up,210000.0,210000.0,330000.0,310000.0,1,1,283333.3333333333,52493.385826745405,210000.0,330000.0,120000.0,-120000.0,-0.36363636363636365,-120000.0,-0.36363636363636365,Down,0,1,0,0.7411764705882353,0.18527077350616028,0,-120000.0,-0.36363636363636365,0.18527077350616028,310000.0,-0.3225806451612903,4,2,2,0,0,0,0,0,0,29,3,5,2.833213344056216,5,5,25,460955.5,0,1,0,0,0,1,0,1,1,1,0,0,0,0,1,1,0,0,0,0,0,1,0,0,0,1,1,1,0,0,0,0,1,0,0,0,0,0,0,0,0
R0171,real_4w,2,1,1,2026-04-28 15:01:42,310000.0,Stable,340000.0,340000.0,0.0,0.0,0,0,340000.0,0.0,340000.0,340000.0,0.0,0.0,0.0,0.0,0.0,Stable,0,0,1,1.0,0.0,0,0.0,0.0,0.0,340000.0,0.0,4,4,2,0,1,1,0,0,0,28,1,5,3.1354942159291497,4,3,12,460955.5,1,3,0,0,0,0,0,0,0,0,0,1,1,0,1,0,0,0,0,0,1,1,0,0,0,0,1,0,1,0,0,0,0,0,1,0,0,0,0,0,1
R0171,real_4w,3,2,2,2026-04-21 15:01:42,400000.0,Up,310000.0,310000.0,340000.0,0.0,1,0,325000.0,15000.0,310000.0,340000.0,30000.0,-30000.0,-0.08823529411764706,-30000.0,-0.08823529411764706,Stable,0,0,1,0.9538461538461539,0.046153846153846156,0,-30000.0,-0.08823529411764706,0.046153846153846156,325000.0,-0.046153846153846156,4,3,2,0,0,0,0,0,0,28,1,5,3.1354942159291497,4,3,12,460955.5,1,3,0,0,0,0,0,0,0,0,0,1,1,0,1,0,0,0,0,0,1,1,0,0,0,0,1,0,1,0,0,0,0,0,1,0,0,0,0,0,1
R0171,real_4w,4,3,3,2026-04-14 15:01:42,170000.0,Down,400000.0,400000.0,310000.0,340000.0,1,1,350000.0,37416.57386773941,310000.0,400000.0,90000.0,90000.0,0.2903225806451613,90000.0,0.2903225806451613,Up,1,0,0,1.1428571428571428,0.10690449676496974,1,90000.0,0.2903225806451613,0.10690449676496974,340000.0,0.17647058823529413,4,2,2,0,0,0,0,0,0,28,1,5,3.1354942159291497,4,3,12,460955.5,1,3,0,0,0,0,0,0,0,0,0,1,1,0,1,0,0,0,0,0,1,1,0,0,0,0,1,0,1,0,0,0,0,0,1,0,0,0,0,0,2
R0172,real_4w,2,1,1,2026-04-28 15:08:14,250000.0,Stable,260000.0,260000.0,0.0,0.0,0,0,260000.0,0.0,260000.0,260000.0,0.0,0.0,0.0,0.0,0.0,Stable,0,0,1,1.0,0.0,0,0.0,0.0,0.0,260000.0,0.0,4,4,2,0,1,1,0,0,0,23,4,8,2.1972245773362196,5,10,50,517481.9375,2,4,0,0,0,0,0,1,0,0,0,0,0,1,1,0,1,0,0,0,0,1,0,1,0,0,1,0,0,1,0,1,0,0,0,0,1,0,0,0,1
R0172,real_4w,3,2,2,2026-04-21 15:08:14,350000.0,Up,250000.0,250000.0,260000.0,0.0,1,0,255000.0,5000.0,250000.0,260000.0,10000.0,-10000.0,-0.038461538461538464,-10000.0,-0.038461538461538464,Stable,0,0,1,0.9803921568627451,0.0196078431372549,0,-10000.0,-0.038461538461538464,0.0196078431372549,255000.0,-0.0196078431372549,4,3,2,0,0,0,0,0,0,23,4,8,2.1972245773362196,5,10,50,517481.9375,2,4,0,0,0,0,0,1,0,0,0,0,0,1,1,0,1,0,0,0,0,1,0,1,0,0,1,0,0,1,0,1,0,0,0,0,1,0,0,0,1
R0172,real_4w,4,3,3,2026-04-14 15:08:14,590000.0,Up,350000.0,350000.0,250000.0,260000.0,1,1,286666.6666666667,44969.125210773476,250000.0,350000.0,100000.0,100000.0,0.4,100000.0,0.4,Up,1,0,0,1.2209302325581395,0.15686904143293073,1,100000.0,0.4,0.15686904143293073,260000.0,0.34615384615384615,4,2,2,0,0,0,0,0,0,23,4,8,2.1972245773362196,5,10,50,517481.9375,2,4,0,0,0,0,0,1,0,0,0,0,0,1,1,0,1,0,0,0,0,1,0,1,0,0,1,0,0,1,0,1,0,0,0,0,1,0,0,0,2
R0173,real_4w,2,1,1,2026-04-28 16:24:44,225000.0,Down,310000.0,310000.0,0.0,0.0,0,0,310000.0,0.0,310000.0,310000.0,0.0,0.0,0.0,0.0,0.0,Stable,0,0,1,1.0,0.0,0,0.0,0.0,0.0,310000.0,0.0,4,4,2,0,1,1,0,0,0,32,6,8,2.70805020110221,5,6,30,517481.9375,1,1,0,0,0,0,0,0,0,0,0,1,0,0,1,0,0,0,0,0,0,1,0,0,0,0,1,0,0,0,0,0,0,1,0,0,0,0,0,0,1
R0173,real_4w,3,2,2,2026-04-21 16:24:44,270000.0,Up,225000.0,225000.0,310000.0,0.0,1,0,267500.0,42500.0,225000.0,310000.0,85000.0,-85000.0,-0.27419354838709675,-85000.0,-0.27419354838709675,Down,0,1,0,0.8411214953271028,0.1588785046728972,0,-85000.0,-0.27419354838709675,0.1588785046728972,267500.0,-0.1588785046728972,4,3,2,0,0,0,0,0,0,32,6,8,2.70805020110221,5,6,30,517481.9375,1,1,0,0,0,0,0,0,0,0,0,1,0,0,1,0,0,0,0,0,0,1,0,0,0,0,1,0,0,0,0,0,0,1,0,0,0,0,0,0,0
R0173,real_4w,4,3,3,2026-04-14 16:24:44,200000.0,Down,270000.0,270000.0,225000.0,310000.0,1,1,268333.3333333333,34721.111093332765,225000.0,310000.0,85000.0,45000.0,0.2,45000.0,0.2,Up,1,0,0,1.0062111801242237,0.12939544506832087,1,45000.0,0.2,0.12939544506832087,270000.0,0.0,4,2,2,0,0,0,0,0,0,32,6,8,2.70805020110221,5,6,30,517481.9375,1,1,0,0,0,0,0,0,0,0,0,1,0,0,1,0,0,0,0,0,0,1,0,0,0,0,1,0,0,0,0,0,0,1,0,0,0,0,0,0,2
R0174,real_4w,2,1,1,2026-04-28 18:01:47,805000.0,Down,1130000.0,1130000.0,0.0,0.0,0,0,1130000.0,0.0,1130000.0,1130000.0,0.0,0.0,0.0,0.0,0.0,Stable,0,0,1,1.0,0.0,0,0.0,0.0,0.0,1130000.0,0.0,4,4,2,0,1,1,0,0,0,35,5,5,3.828641396489095,6,8,48,460955.5,2,4,0,1,0,0,0,0,0,0,0,0,0,0,1,0,0,1,0,0,1,1,0,0,0,0,1,0,0,0,1,0,0,0,0,1,0,0,0,0,1
R0174,real_4w,3,2,2,2026-04-21 18:01:47,770000.0,Stable,805000.0,805000.0,1130000.0,0.0,1,0,967500.0,162500.0,805000.0,1130000.0,325000.0,-325000.0,-0.28761061946902655,-325000.0,-0.28761061946902655,Down,0,1,0,0.8320413436692506,0.16795865633074936,0,-325000.0,-0.28761061946902655,0.16795865633074936,967500.0,-0.16795865633074936,4,3,2,0,0,0,0,0,0,35,5,5,3.828641396489095,6,8,48,460955.5,2,4,0,1,0,0,0,0,0,0,0,0,0,0,1,0,0,1,0,0,1,1,0,0,0,0,1,0,0,0,1,0,0,0,0,1,0,0,0,0,0
R0174,real_4w,4,3,3,2026-04-14 18:01:47,925000.0,Up,770000.0,770000.0,805000.0,1130000.0,1,1,901666.6666666666,162087.0822188561,770000.0,1130000.0,360000.0,-35000.0,-0.043478260869565216,-35000.0,-0.043478260869565216,Stable,0,0,1,0.8539741219963032,0.17976386198024707,0,-35000.0,-0.043478260869565216,0.17976386198024707,805000.0,-0.043478260869565216,4,2,2,0,0,0,0,0,0,35,5,5,3.828641396489095,6,8,48,460955.5,2,4,0,1,0,0,0,0,0,0,0,0,0,0,1,0,0,1,0,0,1,1,0,0,0,0,1,0,0,0,1,0,0,0,0,1,0,0,0,0,1
R0175,real_4w,2,1,1,2026-04-28 18:30:59,360000.0,Down,670000.0,670000.0,0.0,0.0,0,0,670000.0,0.0,670000.0,670000.0,0.0,0.0,0.0,0.0,0.0,Stable,0,0,1,1.0,0.0,0,0.0,0.0,0.0,670000.0,0.0,4,4,2,0,1,1,0,0,0,34,6,2,4.3694478524670215,6,10,60,739240.8333333334,2,1,0,0,0,0,0,0,0,0,0,1,0,1,1,0,0,1,0,0,1,1,1,0,0,0,1,0,0,0,1,1,0,1,0,0,0,0,0,0,1
R0175,real_4w,3,2,2,2026-04-21 18:30:59,475000.0,Up,360000.0,360000.0,670000.0,0.0,1,0,515000.0,155000.0,360000.0,670000.0,310000.0,-310000.0,-0.4626865671641791,-310000.0,-0.4626865671641791,Down,0,1,0,0.6990291262135923,0.30097087378640774,0,-310000.0,-0.4626865671641791,0.30097087378640774,515000.0,-0.30097087378640774,4,3,2,0,0,0,0,0,0,34,6,2,4.3694478524670215,6,10,60,739240.8333333334,2,1,0,0,0,0,0,0,0,0,0,1,0,1,1,0,0,1,0,0,1,1,1,0,0,0,1,0,0,0,1,1,0,1,0,0,0,0,0,0,0
R0175,real_4w,4,3,3,2026-04-14 18:30:59,420000.0,Down,475000.0,475000.0,360000.0,670000.0,1,1,501666.6666666667,127953.98478446157,360000.0,670000.0,310000.0,115000.0,0.3194444444444444,115000.0,0.3194444444444444,Up,1,0,0,0.946843853820598,0.2550577769789932,0,115000.0,0.3194444444444444,0.2550577769789932,475000.0,0.0,4,2,2,0,0,0,0,0,0,34,6,2,4.3694478524670215,6,10,60,739240.8333333334,2,1,0,0,0,0,0,0,0,0,0,1,0,1,1,0,0,1,0,0,1,1,1,0,0,0,1,0,0,0,1,1,0,1,0,0,0,0,0,0,2
R0176,real_4w,2,1,1,2026-04-28 18:58:10,225000.0,Up,18400.0,18400.0,0.0,0.0,0,0,18400.0,0.0,18400.0,18400.0,0.0,0.0,0.0,0.0,0.0,Stable,0,0,1,1.0,0.0,0,0.0,0.0,0.0,18400.0,0.0,4,4,2,0,1,1,0,0,0,21,7,2,1.0986122886681096,3,5,15,739240.8333333334,0,4,0,0,0,1,0,0,1,0,0,0,0,1,1,0,0,0,0,0,0,1,0,0,0,0,1,0,0,0,0,1,0,0,0,0,0,0,1,0,1
R0176,real_4w,3,2,2,2026-04-21 18:58:10,260000.0,Up,225000.0,225000.0,18400.0,0.0,1,0,121700.0,103300.0,18400.0,225000.0,206600.0,206600.0,11.228260869565217,206600.0,11.228260869565217,Up,1,0,0,1.848808545603944,0.8488085456039441,1,206600.0,11.228260869565217,0.8488085456039441,121700.0,0.8488085456039441,4,3,2,0,0,0,0,0,0,21,7,2,1.0986122886681096,3,5,15,739240.8333333334,0,4,0,0,0,1,0,0,1,0,0,0,0,1,1,0,0,0,0,0,0,1,0,0,0,0,1,0,0,0,0,1,0,0,0,0,0,0,1,0,2
R0176,real_4w,4,3,3,2026-04-14 18:58:10,275000.0,Stable,260000.0,260000.0,225000.0,18400.0,1,1,167800.0,106603.68974227237,18400.0,260000.0,241600.0,35000.0,0.15555555555555556,35000.0,0.15555555555555556,Up,1,0,0,1.5494636471990464,0.6353020842805266,1,35000.0,0.15555555555555556,0.6353020842805266,225000.0,0.15555555555555556,4,2,2,0,0,0,0,0,0,21,7,2,1.0986122886681096,3,5,15,739240.8333333334,0,4,0,0,0,1,0,0,1,0,0,0,0,1,1,0,0,0,0,0,0,1,0,0,0,0,1,0,0,0,0,1,0,0,0,0,0,0,1,0,2
R0177,real_4w,2,1,1,2026-04-28 19:53:13,450000.0,Stable,450000.0,450000.0,0.0,0.0,0,0,450000.0,0.0,450000.0,450000.0,0.0,0.0,0.0,0.0,0.0,Stable,0,0,1,1.0,0.0,0,0.0,0.0,0.0,450000.0,0.0,4,4,2,0,1,1,0,0,0,30,6,0,3.044522437723423,5,8,40,548095.6666666666,1,0,0,0,0,0,0,0,0,0,0,1,0,1,1,0,0,1,0,0,1,1,0,0,0,0,1,0,0,0,1,1,0,1,0,0,0,0,0,0,1
R0177,real_4w,3,2,2,2026-04-21 19:53:13,410000.0,Stable,450000.0,450000.0,450000.0,0.0,1,0,450000.0,0.0,450000.0,450000.0,0.0,0.0,0.0,0.0,0.0,Stable,0,0,1,1.0,0.0,0,0.0,0.0,0.0,450000.0,0.0,4,3,2,0,0,0,0,0,0,30,6,0,3.044522437723423,5,8,40,548095.6666666666,1,0,0,0,0,0,0,0,0,0,0,1,0,1,1,0,0,1,0,0,1,1,0,0,0,0,1,0,0,0,1,1,0,1,0,0,0,0,0,0,1
R0177,real_4w,4,3,3,2026-04-14 19:53:13,380000.0,Stable,410000.0,410000.0,450000.0,450000.0,1,1,436666.6666666667,18856.180831641268,410000.0,450000.0,40000.0,-40000.0,-0.08888888888888889,-40000.0,-0.08888888888888889,Stable,0,0,1,0.9389312977099237,0.043182093507575424,0,-40000.0,-0.08888888888888889,0.043182093507575424,450000.0,-0.08888888888888889,4,2,2,0,0,0,0,0,0,30,6,0,3.044522437723423,5,8,40,548095.6666666666,1,0,0,0,0,0,0,0,0,0,0,1,0,1,1,0,0,1,0,0,1,1,0,0,0,0,1,0,0,0,1,1,0,1,0,0,0,0,0,0,1
R0178,real_4w,2,1,1,2026-04-28 19:55:16,375000.0,Down,980000.0,980000.0,0.0,0.0,0,0,980000.0,0.0,980000.0,980000.0,0.0,0.0,0.0,0.0,0.0,Stable,0,0,1,1.0,0.0,0,0.0,0.0,0.0,980000.0,0.0,4,4,2,0,1,1,0,0,0,27,1,6,2.0794415416798357,4,5,20,653189.75,2,1,0,0,0,0,0,0,0,0,0,1,1,0,1,0,0,1,0,0,1,1,0,0,0,0,1,0,1,0,1,0,0,0,1,0,0,0,0,0,1
R0178,real_4w,3,2,2,2026-04-21 19:55:16,860000.0,Up,375000.0,375000.0,980000.0,0.0,1,0,677500.0,302500.0,375000.0,980000.0,605000.0,-605000.0,-0.6173469387755102,-605000.0,-0.6173469387755102,Down,0,1,0,0.5535055350553506,0.44649446494464945,0,-605000.0,-0.6173469387755102,0.44649446494464945,677500.0,-0.44649446494464945,4,3,2,0,0,0,0,0,0,27,1,6,2.0794415416798357,4,5,20,653189.75,2,1,0,0,0,0,0,0,0,0,0,1,1,0,1,0,0,1,0,0,1,1,0,0,0,0,1,0,1,0,1,0,0,0,1,0,0,0,0,0,0
R0178,real_4w,4,3,3,2026-04-14 19:55:16,300000.0,Down,860000.0,860000.0,375000.0,980000.0,1,1,738333.3333333334,261544.5574955739,375000.0,980000.0,605000.0,485000.0,1.2933333333333332,485000.0,1.2933333333333332,Up,1,0,0,1.164785553047404,0.3542364209872333,1,485000.0,1.2933333333333332,0.3542364209872333,860000.0,0.0,4,2,2,0,0,0,0,0,0,27,1,6,2.0794415416798357,4,5,20,653189.75,2,1,0,0,0,0,0,0,0,0,0,1,1,0,1,0,0,1,0,0,1,1,0,0,0,0,1,0,1,0,1,0,0,0,1,0,0,0,0,0,2
R0179,real_4w,2,1,1,2026-04-28 20:44:17,370000.0,Up,275000.0,275000.0,0.0,0.0,0,0,275000.0,0.0,275000.0,275000.0,0.0,0.0,0.0,0.0,0.0,Stable,0,0,1,1.0,0.0,0,0.0,0.0,0.0,275000.0,0.0,4,4,2,0,1,1,0,0,0,22,2,3,2.8903717578961645,6,5,30,518297.0,1,4,1,0,0,0,0,0,0,0,1,0,1,0,1,0,0,0,0,0,0,1,0,0,0,0,1,0,1,0,0,0,0,0,0,0,0,1,0,0,1
R0179,real_4w,3,2,2,2026-04-21 20:44:17,500000.0,Up,370000.0,370000.0,275000.0,0.0,1,0,322500.0,47500.0,275000.0,370000.0,95000.0,95000.0,0.34545454545454546,95000.0,0.34545454545454546,Up,1,0,0,1.1472868217054264,0.14728682170542637,1,95000.0,0.34545454545454546,0.14728682170542637,322500.0,0.14728682170542637,4,3,2,0,0,0,0,0,0,22,2,3,2.8903717578961645,6,5,30,518297.0,1,4,1,0,0,0,0,0,0,0,1,0,1,0,1,0,0,0,0,0,0,1,0,0,0,0,1,0,1,0,0,0,0,0,0,0,0,1,0,0,2
R0179,real_4w,4,3,3,2026-04-14 20:44:17,220000.0,Down,500000.0,500000.0,370000.0,275000.0,1,1,381666.6666666667,92225.56888171281,275000.0,500000.0,225000.0,130000.0,0.35135135135135137,130000.0,0.35135135135135137,Up,1,0,0,1.3100436681222707,0.24163904510492437,1,130000.0,0.35135135135135137,0.24163904510492437,370000.0,0.35135135135135137,4,2,2,0,0,0,0,0,0,22,2,3,2.8903717578961645,6,5,30,518297.0,1,4,1,0,0,0,0,0,0,0,1,0,1,0,1,0,0,0,0,0,0,1,0,0,0,0,1,0,1,0,0,0,0,0,0,0,0,1,0,0,2
R0180,real_4w,2,1,1,2026-04-28 20:47:26,200000.0,Down,270000.0,270000.0,0.0,0.0,0,0,270000.0,0.0,270000.0,270000.0,0.0,0.0,0.0,0.0,0.0,Stable,0,0,1,1.0,0.0,0,0.0,0.0,0.0,270000.0,0.0,4,4,2,0,1,1,0,0,0,45,5,0,3.58351893845611,6,6,36,548095.6666666666,0,3,0,1,0,0,0,0,0,0,0,0,0,0,0,0,1,0,0,0,0,1,0,1,0,0,0,0,0,1,0,0,0,0,0,1,0,0,0,0,1
R0180,real_4w,3,2,2,2026-04-21 20:47:26,225000.0,Up,200000.0,200000.0,270000.0,0.0,1,0,235000.0,35000.0,200000.0,270000.0,70000.0,-70000.0,-0.25925925925925924,-70000.0,-0.25925925925925924,Down,0,1,0,0.851063829787234,0.14893617021276595,0,-70000.0,-0.25925925925925924,0.14893617021276595,235000.0,-0.14893617021276595,4,3,2,0,0,0,0,0,0,45,5,0,3.58351893845611,6,6,36,548095.6666666666,0,3,0,1,0,0,0,0,0,0,0,0,0,0,0,0,1,0,0,0,0,1,0,1,0,0,0,0,0,1,0,0,0,0,0,1,0,0,0,0,0
R0180,real_4w,4,3,3,2026-04-14 20:47:26,250000.0,Up,225000.0,225000.0,200000.0,270000.0,1,1,231666.66666666666,28963.578661637945,200000.0,270000.0,70000.0,25000.0,0.125,25000.0,0.125,Up,1,0,0,0.9712230215827339,0.125022641704912,0,25000.0,0.125,0.125022641704912,225000.0,0.0,4,2,2,0,0,0,0,0,0,45,5,0,3.58351893845611,6,6,36,548095.6666666666,0,3,0,1,0,0,0,0,0,0,0,0,0,0,0,0,1,0,0,0,0,1,0,1,0,0,0,0,0,1,0,0,0,0,0,1,0,0,0,0,2
R0181,real_4w,2,1,1,2026-04-28 20:56:15,875000.0,Up,790000.0,790000.0,0.0,0.0,0,0,790000.0,0.0,790000.0,790000.0,0.0,0.0,0.0,0.0,0.0,Stable,0,0,1,1.0,0.0,0,0.0,0.0,0.0,790000.0,0.0,4,4,2,0,1,1,0,0,0,31,2,5,0.6931471805599453,5,9,45,460955.5,2,4,0,0,0,0,0,0,0,0,0,0,1,0,1,0,0,0,0,0,1,1,0,0,0,0,1,0,1,0,0,0,0,0,0,0,0,1,0,0,1
R0181,real_4w,3,2,2,2026-04-21 20:56:15,825000.0,Stable,875000.0,875000.0,790000.0,0.0,1,0,832500.0,42500.0,790000.0,875000.0,85000.0,85000.0,0.10759493670886076,85000.0,0.10759493670886076,Up,1,0,0,1.0510510510510511,0.05105105105105105,1,85000.0,0.10759493670886076,0.05105105105105105,832500.0,0.05105105105105105,4,3,2,0,0,0,0,0,0,31,2,5,0.6931471805599453,5,9,45,460955.5,2,4,0,0,0,0,0,0,0,0,0,0,1,0,1,0,0,0,0,0,1,1,0,0,0,0,1,0,1,0,0,0,0,0,0,0,0,1,0,0,2
R0181,real_4w,4,3,3,2026-04-14 20:56:15,775000.0,Stable,825000.0,825000.0,875000.0,790000.0,1,1,830000.0,34880.74922742725,790000.0,875000.0,85000.0,-50000.0,-0.05714285714285714,-50000.0,-0.05714285714285714,Stable,0,0,1,0.9939759036144579,0.04202499906918946,0,-50000.0,-0.05714285714285714,0.04202499906918946,825000.0,0.0,4,2,2,0,0,0,0,0,0,31,2,5,0.6931471805599453,5,9,45,460955.5,2,4,0,0,0,0,0,0,0,0,0,0,1,0,1,0,0,0,0,0,1,1,0,0,0,0,1,0,1,0,0,0,0,0,0,0,0,1,0,0,1
R0182,real_4w,2,1,1,2026-04-28 21:12:26,870000.0,Stable,925000.0,925000.0,0.0,0.0,0,0,925000.0,0.0,925000.0,925000.0,0.0,0.0,0.0,0.0,0.0,Stable,0,0,1,1.0,0.0,0,0.0,0.0,0.0,925000.0,0.0,4,4,2,0,1,1,0,0,0,25,6,2,4.406719247264253,6,7,42,739240.8333333334,2,1,0,0,0,0,0,0,0,0,0,1,0,0,1,0,0,1,1,0,0,1,0,0,0,0,1,0,0,0,1,0,0,1,0,0,0,0,0,0,1
R0182,real_4w,3,2,2,2026-04-21 21:12:26,870000.0,Stable,870000.0,870000.0,925000.0,0.0,1,0,897500.0,27500.0,870000.0,925000.0,55000.0,-55000.0,-0.05945945945945946,-55000.0,-0.05945945945945946,Stable,0,0,1,0.9693593314763231,0.03064066852367688,0,-55000.0,-0.05945945945945946,0.03064066852367688,897500.0,-0.03064066852367688,4,3,2,0,0,0,0,0,0,25,6,2,4.406719247264253,6,7,42,739240.8333333334,2,1,0,0,0,0,0,0,0,0,0,1,0,0,1,0,0,1,1,0,0,1,0,0,0,0,1,0,0,0,1,0,0,1,0,0,0,0,0,0,1
R0182,real_4w,4,3,3,2026-04-14 21:12:26,775000.0,Down,870000.0,870000.0,870000.0,925000.0,1,1,888333.3333333334,25927.248643506744,870000.0,925000.0,55000.0,0.0,0.0,0.0,0.0,Stable,0,0,1,0.9793621013133208,0.029186396221583574,0,0.0,0.0,0.029186396221583574,870000.0,0.0,4,2,2,0,0,0,0,0,0,25,6,2,4.406719247264253,6,7,42,739240.8333333334,2,1,0,0,0,0,0,0,0,0,0,1,0,0,1,0,0,1,1,0,0,1,0,0,0,0,1,0,0,0,1,0,0,1,0,0,0,0,0,0,1
R0183,real_4w,2,1,1,2026-04-28 21:12:29,830000.0,Stable,875000.0,875000.0,0.0,0.0,0,0,875000.0,0.0,875000.0,875000.0,0.0,0.0,0.0,0.0,0.0,Stable,0,0,1,1.0,0.0,0,0.0,0.0,0.0,875000.0,0.0,4,4,2,0,1,1,0,0,0,21,4,1,3.044522437723423,6,9,54,518297.0,2,4,0,1,0,0,0,1,0,0,0,0,0,1,0,1,0,0,0,0,1,1,0,0,0,0,0,1,0,0,0,1,0,0,0,0,1,0,0,0,1
R0183,real_4w,3,2,2,2026-04-21 21:12:29,800000.0,Stable,830000.0,830000.0,875000.0,0.0,1,0,852500.0,22500.0,830000.0,875000.0,45000.0,-45000.0,-0.05142857142857143,-45000.0,-0.05142857142857143,Stable,0,0,1,0.9736070381231672,0.026392961876832845,0,-45000.0,-0.05142857142857143,0.026392961876832845,852500.0,-0.026392961876832845,4,3,2,0,0,0,0,0,0,21,4,1,3.044522437723423,6,9,54,518297.0,2,4,0,1,0,0,0,1,0,0,0,0,0,1,0,1,0,0,0,0,1,1,0,0,0,0,0,1,0,0,0,1,0,0,0,0,1,0,0,0,1
R0183,real_4w,4,3,3,2026-04-14 21:12:29,950000.0,Up,800000.0,800000.0,830000.0,875000.0,1,1,835000.0,30822.07001484488,800000.0,875000.0,75000.0,-30000.0,-0.03614457831325301,-30000.0,-0.03614457831325301,Stable,0,0,1,0.9580838323353293,0.036912658700413034,0,-30000.0,-0.03614457831325301,0.036912658700413034,830000.0,-0.03614457831325301,4,2,2,0,0,0,0,0,0,21,4,1,3.044522437723423,6,9,54,518297.0,2,4,0,1,0,0,0,1,0,0,0,0,0,1,0,1,0,0,0,0,1,1,0,0,0,0,0,1,0,0,0,1,0,0,0,0,1,0,0,0,1
R0184,real_4w,2,1,1,2026-04-28 21:25:19,325000.0,Up,175000.0,175000.0,0.0,0.0,0,0,175000.0,0.0,175000.0,175000.0,0.0,0.0,0.0,0.0,0.0,Stable,0,0,1,1.0,0.0,0,0.0,0.0,0.0,175000.0,0.0,4,4,2,0,1,1,0,0,0,21,7,6,2.302585092994046,3,4,12,653189.75,0,0,0,0,0,0,0,0,0,0,0,1,0,1,1,0,0,0,0,0,0,1,0,0,0,0,1,0,0,0,0,1,0,0,0,0,0,0,1,0,1
R0184,real_4w,3,2,2,2026-04-21 21:25:19,270000.0,Down,325000.0,325000.0,175000.0,0.0,1,0,250000.0,75000.0,175000.0,325000.0,150000.0,150000.0,0.8571428571428571,150000.0,0.8571428571428571,Up,1,0,0,1.3,0.3,1,150000.0,0.8571428571428571,0.3,250000.0,0.3,4,3,2,0,0,0,0,0,0,21,7,6,2.302585092994046,3,4,12,653189.75,0,0,0,0,0,0,0,0,0,0,0,1,0,1,1,0,0,0,0,0,0,1,0,0,0,0,1,0,0,0,0,1,0,0,0,0,0,0,1,0,2
R0184,real_4w,4,3,3,2026-04-14 21:25:19,6800.0,Down,270000.0,270000.0,325000.0,175000.0,1,1,256666.66666666666,61958.767651470356,175000.0,325000.0,150000.0,-55000.0,-0.16923076923076924,-55000.0,-0.16923076923076924,Down,0,1,0,1.051948051948052,0.24139779604468972,1,-55000.0,-0.16923076923076924,0.24139779604468972,270000.0,0.0,4,2,2,0,0,0,0,0,0,21,7,6,2.302585092994046,3,4,12,653189.75,0,0,0,0,0,0,0,0,0,0,0,1,0,1,1,0,0,0,0,0,0,1,0,0,0,0,1,0,0,0,0,1,0,0,0,0,0,0,1,0,0
R0185,real_4w,2,1,1,2026-04-28 21:28:15,440000.0,Stable,440000.0,440000.0,0.0,0.0,0,0,440000.0,0.0,440000.0,440000.0,0.0,0.0,0.0,0.0,0.0,Stable,0,0,1,1.0,0.0,0,0.0,0.0,0.0,440000.0,0.0,4,4,2,0,1,1,0,0,0,26,6,2,3.7612001156935624,3,9,27,739240.8333333334,1,0,0,0,0,0,0,0,0,0,0,1,0,1,1,0,0,1,1,0,0,1,0,0,0,0,1,0,0,0,1,1,0,1,0,0,0,0,0,0,1
R0185,real_4w,3,2,2,2026-04-21 21:28:15,450000.0,Stable,440000.0,440000.0,440000.0,0.0,1,0,440000.0,0.0,440000.0,440000.0,0.0,0.0,0.0,0.0,0.0,Stable,0,0,1,1.0,0.0,0,0.0,0.0,0.0,440000.0,0.0,4,3,2,0,0,0,0,0,0,26,6,2,3.7612001156935624,3,9,27,739240.8333333334,1,0,0,0,0,0,0,0,0,0,0,1,0,1,1,0,0,1,1,0,0,1,0,0,0,0,1,0,0,0,1,1,0,1,0,0,0,0,0,0,1
R0185,real_4w,4,3,3,2026-04-14 21:28:15,540000.0,Up,450000.0,450000.0,440000.0,440000.0,1,1,443333.3333333333,4714.045207910317,440000.0,450000.0,10000.0,10000.0,0.022727272727272728,10000.0,0.022727272727272728,Stable,0,0,1,1.0150375939849625,0.010633184679496956,1,10000.0,0.022727272727272728,0.010633184679496956,440000.0,0.022727272727272728,4,2,2,0,0,0,0,0,0,26,6,2,3.7612001156935624,3,9,27,739240.8333333334,1,0,0,0,0,0,0,0,0,0,0,1,0,1,1,0,0,1,1,0,0,1,0,0,0,0,1,0,0,0,1,1,0,1,0,0,0,0,0,0,1
R0186,real_4w,2,1,1,2026-04-28 21:46:34,365000.0,Down,805000.0,805000.0,0.0,0.0,0,0,805000.0,0.0,805000.0,805000.0,0.0,0.0,0.0,0.0,0.0,Stable,0,0,1,1.0,0.0,0,0.0,0.0,0.0,805000.0,0.0,4,4,2,0,1,1,0,0,0,23,1,2,4.189654742026425,6,8,48,739240.8333333334,1,4,0,0,0,0,0,0,0,0,0,1,1,0,0,0,0,0,0,0,0,1,0,0,0,1,0,0,1,0,0,0,0,0,1,0,0,0,0,0,1
R0186,real_4w,3,2,2,2026-04-21 21:46:34,510000.0,Up,365000.0,365000.0,805000.0,0.0,1,0,585000.0,220000.0,365000.0,805000.0,440000.0,-440000.0,-0.546583850931677,-440000.0,-0.546583850931677,Down,0,1,0,0.6239316239316239,0.37606837606837606,0,-440000.0,-0.546583850931677,0.37606837606837606,585000.0,-0.37606837606837606,4,3,2,0,0,0,0,0,0,23,1,2,4.189654742026425,6,8,48,739240.8333333334,1,4,0,0,0,0,0,0,0,0,0,1,1,0,0,0,0,0,0,0,0,1,0,0,0,1,0,0,1,0,0,0,0,0,1,0,0,0,0,0,0
R0186,real_4w,4,3,3,2026-04-14 21:46:34,905000.0,Up,510000.0,510000.0,365000.0,805000.0,1,1,560000.0,183075.57637944684,365000.0,805000.0,440000.0,145000.0,0.3972602739726027,145000.0,0.3972602739726027,Up,1,0,0,0.9107142857142857,0.32692067210615505,0,145000.0,0.3972602739726027,0.32692067210615505,510000.0,0.0,4,2,2,0,0,0,0,0,0,23,1,2,4.189654742026425,6,8,48,739240.8333333334,1,4,0,0,0,0,0,0,0,0,0,1,1,0,0,0,0,0,0,0,0,1,0,0,0,1,0,0,1,0,0,0,0,0,1,0,0,0,0,0,2
R0187,real_4w,2,1,1,2026-04-28 22:05:23,425000.0,Up,310000.0,310000.0,0.0,0.0,0,0,310000.0,0.0,310000.0,310000.0,0.0,0.0,0.0,0.0,0.0,Stable,0,0,1,1.0,0.0,0,0.0,0.0,0.0,310000.0,0.0,4,4,2,0,1,1,0,0,0,17,2,0,1.791759469228055,4,9,36,548095.6666666666,1,4,0,0,0,0,0,0,0,0,0,0,1,0,0,0,0,0,0,0,1,1,0,0,0,1,0,0,1,0,0,0,0,0,0,0,0,1,0,0,1
R0187,real_4w,3,2,2,2026-04-21 22:05:23,350000.0,Down,425000.0,425000.0,310000.0,0.0,1,0,367500.0,57500.0,310000.0,425000.0,115000.0,115000.0,0.3709677419354839,115000.0,0.3709677419354839,Up,1,0,0,1.1564625850340136,0.1564625850340136,1,115000.0,0.3709677419354839,0.1564625850340136,367500.0,0.1564625850340136,4,3,2,0,0,0,0,0,0,17,2,0,1.791759469228055,4,9,36,548095.6666666666,1,4,0,0,0,0,0,0,0,0,0,0,1,0,0,0,0,0,0,0,1,1,0,0,0,1,0,0,1,0,0,0,0,0,0,0,0,1,0,0,2
R0187,real_4w,4,3,3,2026-04-14 22:05:23,430000.0,Up,350000.0,350000.0,425000.0,310000.0,1,1,361666.6666666667,47667.83215358364,310000.0,425000.0,115000.0,-75000.0,-0.17647058823529413,-75000.0,-0.17647058823529413,Down,0,1,0,0.9677419354838709,0.13180045756751235,0,-75000.0,-0.17647058823529413,0.13180045756751235,350000.0,0.0,4,2,2,0,0,0,0,0,0,17,2,0,1.791759469228055,4,9,36,548095.6666666666,1,4,0,0,0,0,0,0,0,0,0,0,1,0,0,0,0,0,0,0,1,1,0,0,0,1,0,0,1,0,0,0,0,0,0,0,0,1,0,0,0
R0188,real_4w,2,1,1,2026-04-28 23:25:14,250000.0,Down,550000.0,550000.0,0.0,0.0,0,0,550000.0,0.0,550000.0,550000.0,0.0,0.0,0.0,0.0,0.0,Stable,0,0,1,1.0,0.0,0,0.0,0.0,0.0,550000.0,0.0,4,4,2,0,1,1,0,0,0,31,1,5,2.1972245773362196,6,6,36,460955.5,0,4,1,0,0,0,0,0,0,0,0,1,1,0,1,0,0,1,0,0,0,1,0,0,1,0,1,0,1,0,1,0,0,0,1,0,0,0,0,0,1
R0188,real_4w,3,2,2,2026-04-21 23:25:14,580000.0,Up,250000.0,250000.0,550000.0,0.0,1,0,400000.0,150000.0,250000.0,550000.0,300000.0,-300000.0,-0.5454545454545454,-300000.0,-0.5454545454545454,Down,0,1,0,0.625,0.375,0,-300000.0,-0.5454545454545454,0.375,400000.0,-0.375,4,3,2,0,0,0,0,0,0,31,1,5,2.1972245773362196,6,6,36,460955.5,0,4,1,0,0,0,0,0,0,0,0,1,1,0,1,0,0,1,0,0,0,1,0,0,1,0,1,0,1,0,1,0,0,0,1,0,0,0,0,0,0
R0188,real_4w,4,3,3,2026-04-14 23:25:14,280000.0,Down,580000.0,580000.0,250000.0,550000.0,1,1,460000.0,148996.6442575134,250000.0,580000.0,330000.0,330000.0,1.32,330000.0,1.32,Up,1,0,0,1.2608695652173914,0.3239057483858987,1,330000.0,1.32,0.3239057483858987,550000.0,0.05454545454545454,4,2,2,0,0,0,0,0,0,31,1,5,2.1972245773362196,6,6,36,460955.5,0,4,1,0,0,0,0,0,0,0,0,1,1,0,1,0,0,1,0,0,0,1,0,0,1,0,1,0,1,0,1,0,0,0,1,0,0,0,0,0,2
R0189,real_4w,2,1,1,2026-04-28 23:47:29,810000.0,Up,375000.0,375000.0,0.0,0.0,0,0,375000.0,0.0,375000.0,375000.0,0.0,0.0,0.0,0.0,0.0,Stable,0,0,1,1.0,0.0,0,0.0,0.0,0.0,375000.0,0.0,4,4,2,0,1,1,0,0,0,24,0,0,3.7376696182833684,3,2,6,548095.6666666666,1,0,0,0,0,0,0,0,0,0,0,1,0,1,0,1,0,0,1,0,0,1,0,1,0,0,0,1,0,0,0,1,0,0,0,0,0,0,0,1,1
R0189,real_4w,3,2,2,2026-04-21 23:47:29,500000.0,Down,810000.0,810000.0,375000.0,0.0,1,0,592500.0,217500.0,375000.0,810000.0,435000.0,435000.0,1.16,435000.0,1.16,Up,1,0,0,1.3670886075949367,0.3670886075949367,1,435000.0,1.16,0.3670886075949367,592500.0,0.3670886075949367,4,3,2,0,0,0,0,0,0,24,0,0,3.7376696182833684,3,2,6,548095.6666666666,1,0,0,0,0,0,0,0,0,0,0,1,0,1,0,1,0,0,1,0,0,1,0,1,0,0,0,1,0,0,0,1,0,0,0,0,0,0,0,1,2
R0189,real_4w,4,3,3,2026-04-14 23:47:29,625000.0,Up,500000.0,500000.0,810000.0,375000.0,1,1,561666.6666666666,182863.03313925667,375000.0,810000.0,435000.0,-310000.0,-0.38271604938271603,-310000.0,-0.38271604938271603,Down,0,1,0,0.8902077151335313,0.3255721658265698,0,-310000.0,-0.38271604938271603,0.3255721658265698,500000.0,0.0,4,2,2,0,0,0,0,0,0,24,0,0,3.7376696182833684,3,2,6,548095.6666666666,1,0,0,0,0,0,0,0,0,0,0,1,0,1,0,1,0,0,1,0,0,1,0,1,0,0,0,1,0,0,0,1,0,0,0,0,0,0,0,1,0
R0190,real_4w,2,1,1,2026-04-29 00:33:29,1150000.0,Stable,1050000.0,1050000.0,0.0,0.0,0,0,1050000.0,0.0,1050000.0,1050000.0,0.0,0.0,0.0,0.0,0.0,Stable,0,0,1,1.0,0.0,0,0.0,0.0,0.0,1050000.0,0.0,4,5,2,0,1,1,0,0,0,26,6,4,3.8066624897703196,5,10,50,442180.75,2,4,0,0,0,0,0,0,0,0,0,1,0,0,1,0,0,0,1,0,1,1,0,0,0,0,1,0,0,0,0,0,0,1,0,0,0,0,0,0,1
R0190,real_4w,3,2,2,2026-04-22 00:33:29,1075000.0,Stable,1150000.0,1150000.0,1050000.0,0.0,1,0,1100000.0,50000.0,1050000.0,1150000.0,100000.0,100000.0,0.09523809523809523,100000.0,0.09523809523809523,Stable,0,0,1,1.0454545454545454,0.045454545454545456,1,100000.0,0.09523809523809523,0.045454545454545456,1100000.0,0.045454545454545456,4,4,2,0,0,0,0,0,0,26,6,4,3.8066624897703196,5,10,50,442180.75,2,4,0,0,0,0,0,0,0,0,0,1,0,0,1,0,0,0,1,0,1,1,0,0,0,0,1,0,0,0,0,0,0,1,0,0,0,0,0,0,1
R0190,real_4w,4,3,3,2026-04-15 00:33:29,680000.0,Down,1075000.0,1075000.0,1150000.0,1050000.0,1,1,1091666.6666666667,42491.82927993988,1050000.0,1150000.0,100000.0,-75000.0,-0.06521739130434782,-75000.0,-0.06521739130434782,Stable,0,0,1,0.9847328244274809,0.03892381308086095,0,-75000.0,-0.06521739130434782,0.03892381308086095,1075000.0,0.0,4,3,2,0,0,0,0,0,0,26,6,4,3.8066624897703196,5,10,50,442180.75,2,4,0,0,0,0,0,0,0,0,0,1,0,0,1,0,0,0,1,0,1,1,0,0,0,0,1,0,0,0,0,0,0,1,0,0,0,0,0,0,1
R0191,real_4w,2,1,1,2026-04-29 09:37:23,300000.0,Down,705000.0,705000.0,0.0,0.0,0,0,705000.0,0.0,705000.0,705000.0,0.0,0.0,0.0,0.0,0.0,Stable,0,0,1,1.0,0.0,0,0.0,0.0,0.0,705000.0,0.0,4,5,2,0,1,1,0,0,0,32,7,2,3.970291913552122,3,6,18,739240.8333333334,1,1,0,0,0,1,0,0,1,0,0,1,0,1,1,0,0,0,0,0,0,1,1,0,0,1,1,0,0,0,0,1,0,0,0,0,0,0,1,0,1
R0191,real_4w,3,2,2,2026-04-22 09:37:23,700000.0,Up,300000.0,300000.0,705000.0,0.0,1,0,502500.0,202500.0,300000.0,705000.0,405000.0,-405000.0,-0.574468085106383,-405000.0,-0.574468085106383,Down,0,1,0,0.5970149253731343,0.40298507462686567,0,-405000.0,-0.574468085106383,0.40298507462686567,502500.0,-0.40298507462686567,4,4,2,0,0,0,0,0,0,32,7,2,3.970291913552122,3,6,18,739240.8333333334,1,1,0,0,0,1,0,0,1,0,0,1,0,1,1,0,0,0,0,0,0,1,1,0,0,1,1,0,0,0,0,1,0,0,0,0,0,0,1,0,0
R0191,real_4w,4,3,3,2026-04-15 09:37:23,325000.0,Down,700000.0,700000.0,300000.0,705000.0,1,1,568333.3333333334,189751.29921967743,300000.0,705000.0,405000.0,400000.0,1.3333333333333333,400000.0,1.3333333333333333,Up,1,0,0,1.2316715542521994,0.3338732537589632,1,400000.0,1.3333333333333333,0.3338732537589632,700000.0,0.0,4,3,2,0,0,0,0,0,0,32,7,2,3.970291913552122,3,6,18,739240.8333333334,1,1,0,0,0,1,0,0,1,0,0,1,0,1,1,0,0,0,0,0,0,1,1,0,0,1,1,0,0,0,0,1,0,0,0,0,0,0,1,0,2
R0192,real_4w,2,1,1,2026-04-29 09:40:26,850000.0,Up,700000.0,700000.0,0.0,0.0,0,0,700000.0,0.0,700000.0,700000.0,0.0,0.0,0.0,0.0,0.0,Stable,0,0,1,1.0,0.0,0,0.0,0.0,0.0,700000.0,0.0,4,5,2,0,1,1,0,0,0,35,5,2,3.4011973816621555,7,8,56,739240.8333333334,1,0,0,1,0,0,0,0,0,0,0,0,0,1,0,0,0,1,0,0,0,1,0,0,1,0,0,0,0,0,1,1,0,0,0,1,0,0,0,0,1
R0192,real_4w,3,2,2,2026-04-22 09:40:26,930000.0,Stable,850000.0,850000.0,700000.0,0.0,1,0,775000.0,75000.0,700000.0,850000.0,150000.0,150000.0,0.21428571428571427,150000.0,0.21428571428571427,Up,1,0,0,1.096774193548387,0.0967741935483871,1,150000.0,0.21428571428571427,0.0967741935483871,775000.0,0.0967741935483871,4,4,2,0,0,0,0,0,0,35,5,2,3.4011973816621555,7,8,56,739240.8333333334,1,0,0,1,0,0,0,0,0,0,0,0,0,1,0,0,0,1,0,0,0,1,0,0,1,0,0,0,0,0,1,1,0,0,0,1,0,0,0,0,2
R0192,real_4w,4,3,3,2026-04-15 09:40:26,790000.0,Down,930000.0,930000.0,850000.0,700000.0,1,1,826666.6666666666,95335.66430716727,700000.0,930000.0,230000.0,80000.0,0.09411764705882353,80000.0,0.09411764705882353,Stable,0,0,1,1.125,0.11532540037157332,1,80000.0,0.09411764705882353,0.11532540037157332,850000.0,0.09411764705882353,4,3,2,0,0,0,0,0,0,35,5,2,3.4011973816621555,7,8,56,739240.8333333334,1,0,0,1,0,0,0,0,0,0,0,0,0,1,0,0,0,1,0,0,0,1,0,0,1,0,0,0,0,0,1,1,0,0,0,1,0,0,0,0,1
R0193,real_4w,2,1,1,2026-04-29 11:30:00,200000.0,Up,125000.0,125000.0,0.0,0.0,0,0,125000.0,0.0,125000.0,125000.0,0.0,0.0,0.0,0.0,0.0,Stable,0,0,1,1.0,0.0,0,0.0,0.0,0.0,125000.0,0.0,4,5,2,0,1,1,0,0,0,38,5,2,3.367295829986474,6,9,54,739240.8333333334,0,2,0,1,0,0,0,0,0,0,0,0,0,0,0,0,0,0,0,0,1,1,0,1,0,0,0,0,0,0,0,0,0,0,0,1,0,0,0,0,1
R0193,real_4w,3,2,2,2026-04-22 11:30:00,10000.0,Down,200000.0,200000.0,125000.0,0.0,1,0,162500.0,37500.0,125000.0,200000.0,75000.0,75000.0,0.6,75000.0,0.6,Up,1,0,0,1.2307692307692308,0.23076923076923078,1,75000.0,0.6,0.23076923076923078,162500.0,0.23076923076923078,4,4,2,0,0,0,0,0,0,38,5,2,3.367295829986474,6,9,54,739240.8333333334,0,2,0,1,0,0,0,0,0,0,0,0,0,0,0,0,0,0,0,0,1,1,0,1,0,0,0,0,0,0,0,0,0,0,0,1,0,0,0,0,2
R0193,real_4w,4,3,3,2026-04-15 11:30:00,150000.0,Up,10000.0,10000.0,200000.0,125000.0,1,1,111666.66666666667,78138.05446487362,10000.0,200000.0,190000.0,-190000.0,-0.95,-190000.0,-0.95,Down,0,1,0,0.08955223880597014,0.6997437713272264,0,-190000.0,-0.95,0.6997437713272264,125000.0,-0.92,4,3,2,0,0,0,0,0,0,38,5,2,3.367295829986474,6,9,54,739240.8333333334,0,2,0,1,0,0,0,0,0,0,0,0,0,0,0,0,0,0,0,0,1,1,0,1,0,0,0,0,0,0,0,0,0,0,0,1,0,0,0,0,0
R0194,real_4w,2,1,1,2026-04-29 12:20:33,980000.0,Down,1336200.0,1336200.0,0.0,0.0,0,0,1336200.0,0.0,1336200.0,1336200.0,0.0,0.0,0.0,0.0,0.0,Stable,0,0,1,1.0,0.0,0,0.0,0.0,0.0,1336200.0,0.0,4,5,2,0,1,1,0,0,0,40,5,2,4.394449154672439,7,10,70,739240.8333333334,2,1,0,0,1,0,0,0,0,0,0,0,0,1,0,0,0,0,0,1,0,1,0,0,0,0,0,0,0,0,0,1,0,0,0,1,0,0,0,0,1
R0194,real_4w,3,2,2,2026-04-22 12:20:33,1175000.0,Up,980000.0,980000.0,1336200.0,0.0,1,0,1158100.0,178100.0,980000.0,1336200.0,356200.0,-356200.0,-0.2665768597515342,-356200.0,-0.2665768597515342,Down,0,1,0,0.8462136257663414,0.15378637423365857,0,-356200.0,-0.2665768597515342,0.15378637423365857,1158100.0,-0.15378637423365857,4,4,2,0,0,0,0,0,0,40,5,2,4.394449154672439,7,10,70,739240.8333333334,2,1,0,0,1,0,0,0,0,0,0,0,0,1,0,0,0,0,0,1,0,1,0,0,0,0,0,0,0,0,0,1,0,0,0,1,0,0,0,0,0
R0194,real_4w,4,3,3,2026-04-15 12:20:33,760000.0,Down,1175000.0,1175000.0,980000.0,1336200.0,1,1,1163733.3333333333,145636.106634157,980000.0,1336200.0,356200.0,195000.0,0.1989795918367347,195000.0,0.1989795918367347,Up,1,0,0,1.0096814848762603,0.12514560033870045,1,195000.0,0.1989795918367347,0.12514560033870045,1175000.0,0.0,4,3,2,0,0,0,0,0,0,40,5,2,4.394449154672439,7,10,70,739240.8333333334,2,1,0,0,1,0,0,0,0,0,0,0,0,1,0,0,0,0,0,1,0,1,0,0,0,0,0,0,0,0,0,1,0,0,0,1,0,0,0,0,2
R0195,real_4w,2,1,1,2026-04-29 12:21:23,260000.0,Up,18400.0,18400.0,0.0,0.0,0,0,18400.0,0.0,18400.0,18400.0,0.0,0.0,0.0,0.0,0.0,Stable,0,0,1,1.0,0.0,0,0.0,0.0,0.0,18400.0,0.0,4,5,2,0,1,1,0,0,0,35,6,1,3.6635616461296463,6,8,48,518297.0,0,0,0,0,0,0,0,0,0,0,0,1,0,0,1,0,0,1,0,0,1,1,1,0,0,0,1,0,0,0,1,0,0,1,0,0,0,0,0,0,1
R0195,real_4w,3,2,2,2026-04-22 12:21:23,250000.0,Stable,260000.0,260000.0,18400.0,0.0,1,0,139200.0,120800.0,18400.0,260000.0,241600.0,241600.0,13.130434782608695,241600.0,13.130434782608695,Up,1,0,0,1.867816091954023,0.867816091954023,1,241600.0,13.130434782608695,0.867816091954023,139200.0,0.867816091954023,4,4,2,0,0,0,0,0,0,35,6,1,3.6635616461296463,6,8,48,518297.0,0,0,0,0,0,0,0,0,0,0,0,1,0,0,1,0,0,1,0,0,1,1,1,0,0,0,1,0,0,0,1,0,0,1,0,0,0,0,0,0,2
R0195,real_4w,4,3,3,2026-04-15 12:21:23,150000.0,Down,250000.0,250000.0,260000.0,18400.0,1,1,176133.33333333334,111609.00003534163,18400.0,260000.0,241600.0,-10000.0,-0.038461538461538464,-10000.0,-0.038461538461538464,Stable,0,0,1,1.4193792581377744,0.6336619986866481,1,-10000.0,-0.038461538461538464,0.6336619986866481,250000.0,0.0,4,3,2,0,0,0,0,0,0,35,6,1,3.6635616461296463,6,8,48,518297.0,0,0,0,0,0,0,0,0,0,0,0,1,0,0,1,0,0,1,0,0,1,1,1,0,0,0,1,0,0,0,1,0,0,1,0,0,0,0,0,0,1
R0196,real_4w,2,1,1,2026-04-29 12:49:11,20000.0,Stable,18400.0,18400.0,0.0,0.0,0,0,18400.0,0.0,18400.0,18400.0,0.0,0.0,0.0,0.0,0.0,Stable,0,0,1,1.0,0.0,0,0.0,0.0,0.0,18400.0,0.0,4,5,2,0,1,1,0,0,0,43,3,7,4.442651256490317,4,5,20,559306.0,2,3,0,0,0,0,0,1,1,1,0,1,0,0,0,0,1,0,0,0,0,1,0,0,0,0,0,0,0,1,0,0,1,0,0,0,0,0,0,0,1
R0196,real_4w,3,2,2,2026-04-22 12:49:11,300000.0,Up,20000.0,20000.0,18400.0,0.0,1,0,19200.0,800.0,18400.0,20000.0,1600.0,1600.0,0.08695652173913043,1600.0,0.08695652173913043,Stable,0,0,1,1.0416666666666667,0.041666666666666664,1,1600.0,0.08695652173913043,0.041666666666666664,19200.0,0.041666666666666664,4,4,2,0,0,0,0,0,0,43,3,7,4.442651256490317,4,5,20,559306.0,2,3,0,0,0,0,0,1,1,1,0,1,0,0,0,0,1,0,0,0,0,1,0,0,0,0,0,0,0,1,0,0,1,0,0,0,0,0,0,0,1
R0196,real_4w,4,3,3,2026-04-15 12:49:11,15000.0,Down,300000.0,300000.0,20000.0,18400.0,1,1,112800.0,132372.00106769812,18400.0,300000.0,281600.0,280000.0,14.0,280000.0,14.0,Up,1,0,0,2.6595744680851063,1.1735106477632813,1,280000.0,14.0,1.1735106477632813,20000.0,14.0,4,3,2,0,0,0,0,0,0,43,3,7,4.442651256490317,4,5,20,559306.0,2,3,0,0,0,0,0,1,1,1,0,1,0,0,0,0,1,0,0,0,0,1,0,0,0,0,0,0,0,1,0,0,1,0,0,0,0,0,0,0,2
R0197,real_4w,2,1,1,2026-04-29 12:58:40,460000.0,Stable,460000.0,460000.0,0.0,0.0,0,0,460000.0,0.0,460000.0,460000.0,0.0,0.0,0.0,0.0,0.0,Stable,0,0,1,1.0,0.0,0,0.0,0.0,0.0,460000.0,0.0,4,5,2,0,1,1,0,0,0,28,3,2,3.5553480614894135,4,5,20,739240.8333333334,2,1,0,0,0,0,0,1,1,1,0,1,0,0,0,1,1,1,1,0,0,1,0,1,0,0,0,1,0,1,1,0,1,0,0,0,0,0,0,0,1
R0197,real_4w,3,2,2,2026-04-22 12:58:40,720000.0,Up,460000.0,460000.0,460000.0,0.0,1,0,460000.0,0.0,460000.0,460000.0,0.0,0.0,0.0,0.0,0.0,Stable,0,0,1,1.0,0.0,0,0.0,0.0,0.0,460000.0,0.0,4,4,2,0,0,0,0,0,0,28,3,2,3.5553480614894135,4,5,20,739240.8333333334,2,1,0,0,0,0,0,1,1,1,0,1,0,0,0,1,1,1,1,0,0,1,0,1,0,0,0,1,0,1,1,0,1,0,0,0,0,0,0,0,1
R0197,real_4w,4,3,3,2026-04-15 12:58:40,495000.0,Down,720000.0,720000.0,460000.0,460000.0,1,1,546666.6666666666,122565.17540566824,460000.0,720000.0,260000.0,260000.0,0.5652173913043478,260000.0,0.5652173913043478,Up,1,0,0,1.3170731707317074,0.2242045891567102,1,260000.0,0.5652173913043478,0.2242045891567102,460000.0,0.5652173913043478,4,3,2,0,0,0,0,0,0,28,3,2,3.5553480614894135,4,5,20,739240.8333333334,2,1,0,0,0,0,0,1,1,1,0,1,0,0,0,1,1,1,1,0,0,1,0,1,0,0,0,1,0,1,1,0,1,0,0,0,0,0,0,0,2
R0198,real_4w,2,1,1,2026-04-29 13:51:41,470000.0,Down,775000.0,775000.0,0.0,0.0,0,0,775000.0,0.0,775000.0,775000.0,0.0,0.0,0.0,0.0,0.0,Stable,0,0,1,1.0,0.0,0,0.0,0.0,0.0,775000.0,0.0,4,5,2,0,1,1,0,0,0,36,3,2,2.833213344056216,6,5,30,739240.8333333334,1,2,0,0,0,0,0,1,1,1,0,1,0,0,0,0,0,1,0,0,0,1,0,1,0,0,0,0,0,0,1,0,1,0,0,0,0,0,0,0,1
R0198,real_4w,3,2,2,2026-04-22 13:51:41,690000.0,Up,470000.0,470000.0,775000.0,0.0,1,0,622500.0,152500.0,470000.0,775000.0,305000.0,-305000.0,-0.3935483870967742,-305000.0,-0.3935483870967742,Down,0,1,0,0.7550200803212851,0.24497991967871485,0,-305000.0,-0.3935483870967742,0.24497991967871485,622500.0,-0.24497991967871485,4,4,2,0,0,0,0,0,0,36,3,2,2.833213344056216,6,5,30,739240.8333333334,1,2,0,0,0,0,0,1,1,1,0,1,0,0,0,0,0,1,0,0,0,1,0,1,0,0,0,0,0,0,1,0,1,0,0,0,0,0,0,0,0
R0198,real_4w,4,3,3,2026-04-15 13:51:41,875000.0,Up,690000.0,690000.0,470000.0,775000.0,1,1,645000.0,128517.18432438001,470000.0,775000.0,305000.0,220000.0,0.46808510638297873,220000.0,0.46808510638297873,Up,1,0,0,1.069767441860465,0.19925144856493024,1,220000.0,0.46808510638297873,0.19925144856493024,690000.0,0.0,4,3,2,0,0,0,0,0,0,36,3,2,2.833213344056216,6,5,30,739240.8333333334,1,2,0,0,0,0,0,1,1,1,0,1,0,0,0,0,0,1,0,0,0,1,0,1,0,0,0,0,0,0,1,0,1,0,0,0,0,0,0,0,2
R0199,real_4w,2,1,1,2026-04-29 13:55:48,640000.0,Stable,640000.0,640000.0,0.0,0.0,0,0,640000.0,0.0,640000.0,640000.0,0.0,0.0,0.0,0.0,0.0,Stable,0,0,1,1.0,0.0,0,0.0,0.0,0.0,640000.0,0.0,4,5,2,0,1,1,0,0,0,34,5,8,1.3862943611198906,5,8,40,517481.9375,0,3,0,1,1,0,0,0,0,0,0,0,0,0,0,0,1,0,0,0,0,1,0,1,1,0,0,0,0,1,0,0,0,0,0,1,0,0,0,0,1
R0199,real_4w,3,2,2,2026-04-22 13:55:48,450000.0,Down,640000.0,640000.0,640000.0,0.0,1,0,640000.0,0.0,640000.0,640000.0,0.0,0.0,0.0,0.0,0.0,Stable,0,0,1,1.0,0.0,0,0.0,0.0,0.0,640000.0,0.0,4,4,2,0,0,0,0,0,0,34,5,8,1.3862943611198906,5,8,40,517481.9375,0,3,0,1,1,0,0,0,0,0,0,0,0,0,0,0,1,0,0,0,0,1,0,1,1,0,0,0,0,1,0,0,0,0,0,1,0,0,0,0,1
R0199,real_4w,4,3,3,2026-04-15 13:55:48,675000.0,Up,450000.0,450000.0,640000.0,640000.0,1,1,576666.6666666666,89566.85895029602,450000.0,640000.0,190000.0,-190000.0,-0.296875,-190000.0,-0.296875,Down,0,1,0,0.7803468208092486,0.1553182525149642,0,-190000.0,-0.296875,0.1553182525149642,640000.0,-0.296875,4,3,2,0,0,0,0,0,0,34,5,8,1.3862943611198906,5,8,40,517481.9375,0,3,0,1,1,0,0,0,0,0,0,0,0,0,0,0,1,0,0,0,0,1,0,1,1,0,0,0,0,1,0,0,0,0,0,1,0,0,0,0,0
R0200,real_4w,2,1,1,2026-04-29 13:56:41,460000.0,Stable,500000.0,500000.0,0.0,0.0,0,0,500000.0,0.0,500000.0,500000.0,0.0,0.0,0.0,0.0,0.0,Stable,0,0,1,1.0,0.0,0,0.0,0.0,0.0,500000.0,0.0,4,5,2,0,1,1,0,0,0,20,2,2,2.833213344056216,4,4,16,739240.8333333334,0,1,1,0,0,0,0,0,0,0,0,0,1,0,0,0,0,0,0,0,1,1,0,0,1,0,0,0,1,0,0,0,0,0,0,0,0,1,0,0,1
R0200,real_4w,3,2,2,2026-04-22 13:56:41,250000.0,Down,460000.0,460000.0,500000.0,0.0,1,0,480000.0,20000.0,460000.0,500000.0,40000.0,-40000.0,-0.08,-40000.0,-0.08,Stable,0,0,1,0.9583333333333334,0.041666666666666664,0,-40000.0,-0.08,0.041666666666666664,480000.0,-0.041666666666666664,4,4,2,0,0,0,0,0,0,20,2,2,2.833213344056216,4,4,16,739240.8333333334,0,1,1,0,0,0,0,0,0,0,0,0,1,0,0,0,0,0,0,0,1,1,0,0,1,0,0,0,1,0,0,0,0,0,0,0,0,1,0,0,1
R0200,real_4w,4,3,3,2026-04-15 13:56:41,420000.0,Up,250000.0,250000.0,460000.0,500000.0,1,1,403333.3333333333,109645.89468932351,250000.0,500000.0,250000.0,-210000.0,-0.45652173913043476,-210000.0,-0.45652173913043476,Down,0,1,0,0.6198347107438017,0.2718493256760087,0,-210000.0,-0.45652173913043476,0.2718493256760087,460000.0,-0.45652173913043476,4,3,2,0,0,0,0,0,0,20,2,2,2.833213344056216,4,4,16,739240.8333333334,0,1,1,0,0,0,0,0,0,0,0,0,1,0,0,0,0,0,0,0,1,1,0,0,1,0,0,0,1,0,0,0,0,0,0,0,0,1,0,0,0
R0201,real_4w,2,1,1,2026-04-29 14:19:34,685000.0,Down,790000.0,790000.0,0.0,0.0,0,0,790000.0,0.0,790000.0,790000.0,0.0,0.0,0.0,0.0,0.0,Stable,0,0,1,1.0,0.0,0,0.0,0.0,0.0,790000.0,0.0,4,5,2,0,1,1,0,0,0,30,5,6,2.4849066497880004,5,10,50,653189.75,2,4,0,0,1,0,0,0,0,0,0,0,0,0,0,0,0,1,0,0,0,1,0,0,0,0,0,0,0,0,1,0,0,0,0,1,0,0,0,0,1
R0201,real_4w,3,2,2,2026-04-22 14:19:34,940000.0,Up,685000.0,685000.0,790000.0,0.0,1,0,737500.0,52500.0,685000.0,790000.0,105000.0,-105000.0,-0.13291139240506328,-105000.0,-0.13291139240506328,Down,0,1,0,0.9288135593220339,0.0711864406779661,0,-105000.0,-0.13291139240506328,0.0711864406779661,737500.0,-0.0711864406779661,4,4,2,0,0,0,0,0,0,30,5,6,2.4849066497880004,5,10,50,653189.75,2,4,0,0,1,0,0,0,0,0,0,0,0,0,0,0,0,1,0,0,0,1,0,0,0,0,0,0,0,0,1,0,0,0,0,1,0,0,0,0,0
R0201,real_4w,4,3,3,2026-04-15 14:19:34,950000.0,Stable,940000.0,940000.0,685000.0,790000.0,1,1,805000.0,104642.24768228176,685000.0,940000.0,255000.0,255000.0,0.3722627737226277,255000.0,0.3722627737226277,Up,1,0,0,1.1677018633540373,0.12999036979165435,1,255000.0,0.3722627737226277,0.12999036979165435,790000.0,0.189873417721519,4,3,2,0,0,0,0,0,0,30,5,6,2.4849066497880004,5,10,50,653189.75,2,4,0,0,1,0,0,0,0,0,0,0,0,0,0,0,0,1,0,0,0,1,0,0,0,0,0,0,0,0,1,0,0,0,0,1,0,0,0,0,2
R0202,real_4w,2,1,1,2026-04-29 14:35:23,600000.0,Down,1336200.0,1336200.0,0.0,0.0,0,0,1336200.0,0.0,1336200.0,1336200.0,0.0,0.0,0.0,0.0,0.0,Stable,0,0,1,1.0,0.0,0,0.0,0.0,0.0,1336200.0,0.0,4,5,2,0,1,1,0,0,0,33,5,1,4.248495242049359,6,11,66,518297.0,2,0,0,1,0,0,0,0,0,0,0,0,0,0,1,0,1,0,0,0,0,1,0,1,0,0,1,0,0,1,0,0,0,0,0,1,0,0,0,0,1
R0202,real_4w,3,2,2,2026-04-22 14:35:23,1140000.0,Up,600000.0,600000.0,1336200.0,0.0,1,0,968100.0,368100.0,600000.0,1336200.0,736200.0,-736200.0,-0.550965424337674,-736200.0,-0.550965424337674,Down,0,1,0,0.6197706848466068,0.38022931515339325,0,-736200.0,-0.550965424337674,0.38022931515339325,968100.0,-0.38022931515339325,4,4,2,0,0,0,0,0,0,33,5,1,4.248495242049359,6,11,66,518297.0,2,0,0,1,0,0,0,0,0,0,0,0,0,0,1,0,1,0,0,0,0,1,0,1,0,0,1,0,0,1,0,0,0,0,0,1,0,0,0,0,0
R0202,real_4w,4,3,3,2026-04-15 14:35:23,380000.0,Down,1140000.0,1140000.0,600000.0,1336200.0,1,1,1025400.0,311284.9498449933,600000.0,1336200.0,736200.0,540000.0,0.9,540000.0,0.9,Up,1,0,0,1.1117612638970158,0.303574166027885,1,540000.0,0.9,0.303574166027885,1140000.0,0.0,4,3,2,0,0,0,0,0,0,33,5,1,4.248495242049359,6,11,66,518297.0,2,0,0,1,0,0,0,0,0,0,0,0,0,0,1,0,1,0,0,0,0,1,0,1,0,0,1,0,0,1,0,0,0,0,0,1,0,0,0,0,2
R0203,real_4w,2,1,1,2026-04-29 14:47:23,550000.0,Stable,530000.0,530000.0,0.0,0.0,0,0,530000.0,0.0,530000.0,530000.0,0.0,0.0,0.0,0.0,0.0,Stable,0,0,1,1.0,0.0,0,0.0,0.0,0.0,530000.0,0.0,4,5,2,0,1,1,0,0,0,22,3,2,3.4339872044851463,6,3,18,739240.8333333334,0,2,0,0,0,0,0,0,0,0,0,1,1,0,1,1,0,0,0,0,0,1,0,1,0,0,1,1,1,0,0,0,1,0,0,0,0,0,0,0,1
R0203,real_4w,3,2,2,2026-04-22 14:47:23,450000.0,Down,550000.0,550000.0,530000.0,0.0,1,0,540000.0,10000.0,530000.0,550000.0,20000.0,20000.0,0.03773584905660377,20000.0,0.03773584905660377,Stable,0,0,1,1.0185185185185186,0.018518518518518517,1,20000.0,0.03773584905660377,0.018518518518518517,540000.0,0.018518518518518517,4,4,2,0,0,0,0,0,0,22,3,2,3.4339872044851463,6,3,18,739240.8333333334,0,2,0,0,0,0,0,0,0,0,0,1,1,0,1,1,0,0,0,0,0,1,0,1,0,0,1,1,1,0,0,0,1,0,0,0,0,0,0,0,1
R0203,real_4w,4,3,3,2026-04-15 14:47:23,460000.0,Stable,450000.0,450000.0,550000.0,530000.0,1,1,510000.0,43204.93798938573,450000.0,550000.0,100000.0,-100000.0,-0.18181818181818182,-100000.0,-0.18181818181818182,Down,0,1,0,0.8823529411764706,0.08471556468507006,0,-100000.0,-0.18181818181818182,0.08471556468507006,530000.0,-0.1509433962264151,4,3,2,0,0,0,0,0,0,22,3,2,3.4339872044851463,6,3,18,739240.8333333334,0,2,0,0,0,0,0,0,0,0,0,1,1,0,1,1,0,0,0,0,0,1,0,1,0,0,1,1,1,0,0,0,1,0,0,0,0,0,0,0,0
R0204,real_4w,2,1,1,2026-04-29 15:38:01,1050000.0,Up,870000.0,870000.0,0.0,0.0,0,0,870000.0,0.0,870000.0,870000.0,0.0,0.0,0.0,0.0,0.0,Stable,0,0,1,1.0,0.0,0,0.0,0.0,0.0,870000.0,0.0,4,5,2,0,1,1,0,0,0,31,5,1,3.044522437723423,6,11,66,518297.0,2,3,0,1,0,0,0,0,0,0,0,0,0,1,0,0,1,0,0,0,0,1,0,0,0,0,0,0,0,1,0,1,0,0,0,1,0,0,0,0,1
R0204,real_4w,3,2,2,2026-04-22 15:38:01,1090000.0,Stable,1050000.0,1050000.0,870000.0,0.0,1,0,960000.0,90000.0,870000.0,1050000.0,180000.0,180000.0,0.20689655172413793,180000.0,0.20689655172413793,Up,1,0,0,1.09375,0.09375,1,180000.0,0.20689655172413793,0.09375,960000.0,0.09375,4,4,2,0,0,0,0,0,0,31,5,1,3.044522437723423,6,11,66,518297.0,2,3,0,1,0,0,0,0,0,0,0,0,0,1,0,0,1,0,0,0,0,1,0,0,0,0,0,0,0,1,0,1,0,0,0,1,0,0,0,0,2
R0204,real_4w,4,3,3,2026-04-15 15:38:01,300000.0,Down,1090000.0,1090000.0,1050000.0,870000.0,1,1,1003333.3333333334,95684.66729604882,870000.0,1090000.0,220000.0,40000.0,0.0380952380952381,40000.0,0.0380952380952381,Stable,0,0,1,1.0863787375415281,0.09536677803592905,1,40000.0,0.0380952380952381,0.09536677803592905,1050000.0,0.0380952380952381,4,3,2,0,0,0,0,0,0,31,5,1,3.044522437723423,6,11,66,518297.0,2,3,0,1,0,0,0,0,0,0,0,0,0,1,0,0,1,0,0,0,0,1,0,0,0,0,0,0,0,1,0,1,0,0,0,1,0,0,0,0,1
R0205,real_4w,2,1,1,2026-04-29 16:25:10,375000.0,Down,780000.0,780000.0,0.0,0.0,0,0,780000.0,0.0,780000.0,780000.0,0.0,0.0,0.0,0.0,0.0,Stable,0,0,1,1.0,0.0,0,0.0,0.0,0.0,780000.0,0.0,4,5,2,0,1,1,0,0,0,34,6,2,4.04305126783455,7,9,63,739240.8333333334,2,1,0,0,0,0,0,0,0,0,0,1,0,1,1,0,0,1,1,0,0,1,1,0,0,0,1,0,0,0,1,1,0,1,0,0,0,0,0,0,1
R0205,real_4w,3,2,2,2026-04-22 16:25:10,570000.0,Up,375000.0,375000.0,780000.0,0.0,1,0,577500.0,202500.0,375000.0,780000.0,405000.0,-405000.0,-0.5192307692307693,-405000.0,-0.5192307692307693,Down,0,1,0,0.6493506493506493,0.35064935064935066,0,-405000.0,-0.5192307692307693,0.35064935064935066,577500.0,-0.35064935064935066,4,4,2,0,0,0,0,0,0,34,6,2,4.04305126783455,7,9,63,739240.8333333334,2,1,0,0,0,0,0,0,0,0,0,1,0,1,1,0,0,1,1,0,0,1,1,0,0,0,1,0,0,0,1,1,0,1,0,0,0,0,0,0,0
R0205,real_4w,4,3,3,2026-04-15 16:25:10,625000.0,Stable,570000.0,570000.0,375000.0,780000.0,1,1,575000.0,165378.35408541228,375000.0,780000.0,405000.0,195000.0,0.52,195000.0,0.52,Up,1,0,0,0.991304347826087,0.28761452884419525,0,195000.0,0.52,0.28761452884419525,570000.0,0.0,4,3,2,0,0,0,0,0,0,34,6,2,4.04305126783455,7,9,63,739240.8333333334,2,1,0,0,0,0,0,0,0,0,0,1,0,1,1,0,0,1,1,0,0,1,1,0,0,0,1,0,0,0,1,1,0,1,0,0,0,0,0,0,2
R0206,real_4w,2,1,1,2026-04-29 17:01:07,635000.0,Up,430000.0,430000.0,0.0,0.0,0,0,430000.0,0.0,430000.0,430000.0,0.0,0.0,0.0,0.0,0.0,Stable,0,0,1,1.0,0.0,0,0.0,0.0,0.0,430000.0,0.0,4,5,2,0,1,1,0,0,0,29,2,2,2.639057329615259,5,9,45,739240.8333333334,2,3,1,0,0,0,0,0,0,0,1,0,0,0,1,0,0,0,0,0,0,1,0,0,0,1,1,0,0,0,0,0,0,0,0,0,0,1,0,0,1
R0206,real_4w,3,2,2,2026-04-22 17:01:07,745000.0,Up,635000.0,635000.0,430000.0,0.0,1,0,532500.0,102500.0,430000.0,635000.0,205000.0,205000.0,0.47674418604651164,205000.0,0.47674418604651164,Up,1,0,0,1.192488262910798,0.19248826291079812,1,205000.0,0.47674418604651164,0.19248826291079812,532500.0,0.19248826291079812,4,4,2,0,0,0,0,0,0,29,2,2,2.639057329615259,5,9,45,739240.8333333334,2,3,1,0,0,0,0,0,0,0,1,0,0,0,1,0,0,0,0,0,0,1,0,0,0,1,1,0,0,0,0,0,0,0,0,0,0,1,0,0,2
R0206,real_4w,4,3,3,2026-04-15 17:01:07,375000.0,Down,745000.0,745000.0,635000.0,430000.0,1,1,603333.3333333334,130533.09499467516,430000.0,745000.0,315000.0,110000.0,0.1732283464566929,110000.0,0.1732283464566929,Up,1,0,0,1.2348066298342542,0.21635319612377096,1,110000.0,0.1732283464566929,0.21635319612377096,635000.0,0.1732283464566929,4,3,2,0,0,0,0,0,0,29,2,2,2.639057329615259,5,9,45,739240.8333333334,2,3,1,0,0,0,0,0,0,0,1,0,0,0,1,0,0,0,0,0,0,1,0,0,0,1,1,0,0,0,0,0,0,0,0,0,0,1,0,0,2
R0207,real_4w,2,1,1,2026-04-29 17:16:31,400000.0,Up,340000.0,340000.0,0.0,0.0,0,0,340000.0,0.0,340000.0,340000.0,0.0,0.0,0.0,0.0,0.0,Stable,0,0,1,1.0,0.0,0,0.0,0.0,0.0,340000.0,0.0,4,5,2,0,1,1,0,0,0,25,2,5,2.995732273553991,4,5,20,460955.5,0,4,0,0,0,0,0,0,0,0,0,0,1,0,1,0,0,0,0,0,0,1,0,0,0,0,1,0,1,0,0,0,0,0,0,0,0,1,0,0,1
R0207,real_4w,3,2,2,2026-04-22 17:16:31,330000.0,Down,400000.0,400000.0,340000.0,0.0,1,0,370000.0,30000.0,340000.0,400000.0,60000.0,60000.0,0.17647058823529413,60000.0,0.17647058823529413,Up,1,0,0,1.0810810810810811,0.08108108108108109,1,60000.0,0.17647058823529413,0.08108108108108109,370000.0,0.08108108108108109,4,4,2,0,0,0,0,0,0,25,2,5,2.995732273553991,4,5,20,460955.5,0,4,0,0,0,0,0,0,0,0,0,0,1,0,1,0,0,0,0,0,0,1,0,0,0,0,1,0,1,0,0,0,0,0,0,0,0,1,0,0,2
R0207,real_4w,4,3,3,2026-04-15 17:16:31,400000.0,Up,330000.0,330000.0,400000.0,340000.0,1,1,356666.6666666667,30912.061651652344,330000.0,400000.0,70000.0,-70000.0,-0.175,-70000.0,-0.175,Down,0,1,0,0.9252336448598131,0.0866693317336047,0,-70000.0,-0.175,0.0866693317336047,340000.0,-0.029411764705882353,4,3,2,0,0,0,0,0,0,25,2,5,2.995732273553991,4,5,20,460955.5,0,4,0,0,0,0,0,0,0,0,0,0,1,0,1,0,0,0,0,0,0,1,0,0,0,0,1,0,1,0,0,0,0,0,0,0,0,1,0,0,0
R0208,real_4w,2,1,1,2026-04-29 18:45:31,1270000.0,Up,750000.0,750000.0,0.0,0.0,0,0,750000.0,0.0,750000.0,750000.0,0.0,0.0,0.0,0.0,0.0,Stable,0,0,1,1.0,0.0,0,0.0,0.0,0.0,750000.0,0.0,4,5,2,0,1,1,0,0,0,26,2,8,0.6931471805599453,4,6,24,517481.9375,1,3,1,0,0,0,0,0,0,0,1,0,1,0,0,0,0,0,0,0,1,1,0,0,0,0,0,0,1,0,0,0,0,0,0,0,0,1,0,0,1
R0208,real_4w,3,2,2,2026-04-22 18:45:31,1350000.0,Stable,1270000.0,1270000.0,750000.0,0.0,1,0,1010000.0,260000.0,750000.0,1270000.0,520000.0,520000.0,0.6933333333333334,520000.0,0.6933333333333334,Up,1,0,0,1.2574257425742574,0.25742574257425743,1,520000.0,0.6933333333333334,0.25742574257425743,1010000.0,0.25742574257425743,4,4,2,0,0,0,0,0,0,26,2,8,0.6931471805599453,4,6,24,517481.9375,1,3,1,0,0,0,0,0,0,0,1,0,1,0,0,0,0,0,0,0,1,1,0,0,0,0,0,0,1,0,0,0,0,0,0,0,0,1,0,0,2
R0208,real_4w,4,3,3,2026-04-15 18:45:31,1025000.0,Down,1350000.0,1350000.0,1270000.0,750000.0,1,1,1123333.3333333333,265999.1645768001,750000.0,1350000.0,600000.0,80000.0,0.06299212598425197,80000.0,0.06299212598425197,Stable,0,0,1,1.2017804154302671,0.23679450852534134,1,80000.0,0.06299212598425197,0.23679450852534134,1270000.0,0.06299212598425197,4,3,2,0,0,0,0,0,0,26,2,8,0.6931471805599453,4,6,24,517481.9375,1,3,1,0,0,0,0,0,0,0,1,0,1,0,0,0,0,0,0,0,1,1,0,0,0,0,0,0,1,0,0,0,0,0,0,0,0,1,0,0,1
R0209,real_4w,2,1,1,2026-04-29 19:02:01,250000.0,Stable,245000.0,245000.0,0.0,0.0,0,0,245000.0,0.0,245000.0,245000.0,0.0,0.0,0.0,0.0,0.0,Stable,0,0,1,1.0,0.0,0,0.0,0.0,0.0,245000.0,0.0,4,5,2,0,1,1,0,0,0,19,7,3,3.4339872044851463,3,5,15,518297.0,0,1,0,0,0,1,0,0,1,0,0,1,0,1,1,0,0,0,0,0,1,1,0,0,0,1,1,0,0,0,0,1,0,0,0,0,0,0,1,0,1
R0209,real_4w,3,2,2,2026-04-22 19:02:01,250000.0,Stable,250000.0,250000.0,245000.0,0.0,1,0,247500.0,2500.0,245000.0,250000.0,5000.0,5000.0,0.02040816326530612,5000.0,0.02040816326530612,Stable,0,0,1,1.0101010101010102,0.010101010101010102,1,5000.0,0.02040816326530612,0.010101010101010102,247500.0,0.010101010101010102,4,4,2,0,0,0,0,0,0,19,7,3,3.4339872044851463,3,5,15,518297.0,0,1,0,0,0,1,0,0,1,0,0,1,0,1,1,0,0,0,0,0,1,1,0,0,0,1,1,0,0,0,0,1,0,0,0,0,0,0,1,0,1
R0209,real_4w,4,3,3,2026-04-15 19:02:01,240000.0,Stable,250000.0,250000.0,250000.0,245000.0,1,1,248333.33333333334,2357.0226039551585,245000.0,250000.0,5000.0,0.0,0.0,0.0,0.0,Stable,0,0,1,1.006711409395973,0.009491366190423456,1,0.0,0.0,0.009491366190423456,250000.0,0.0,4,3,2,0,0,0,0,0,0,19,7,3,3.4339872044851463,3,5,15,518297.0,0,1,0,0,0,1,0,0,1,0,0,1,0,1,1,0,0,0,0,0,1,1,0,0,0,1,1,0,0,0,0,1,0,0,0,0,0,0,1,0,1
R0210,real_4w,2,1,1,2026-04-29 19:02:30,475000.0,Down,625000.0,625000.0,0.0,0.0,0,0,625000.0,0.0,625000.0,625000.0,0.0,0.0,0.0,0.0,0.0,Stable,0,0,1,1.0,0.0,0,0.0,0.0,0.0,625000.0,0.0,4,5,2,0,1,1,0,0,0,25,3,5,3.258096538021482,5,5,25,460955.5,2,3,0,0,0,1,0,1,1,1,0,1,1,0,0,0,1,1,0,0,0,1,0,1,0,0,0,0,1,1,1,0,1,0,0,0,0,0,0,0,1
R0210,real_4w,3,2,2,2026-04-22 19:02:30,725000.0,Up,475000.0,475000.0,625000.0,0.0,1,0,550000.0,75000.0,475000.0,625000.0,150000.0,-150000.0,-0.24,-150000.0,-0.24,Down,0,1,0,0.8636363636363636,0.13636363636363635,0,-150000.0,-0.24,0.13636363636363635,550000.0,-0.13636363636363635,4,4,2,0,0,0,0,0,0,25,3,5,3.258096538021482,5,5,25,460955.5,2,3,0,0,0,1,0,1,1,1,0,1,1,0,0,0,1,1,0,0,0,1,0,1,0,0,0,0,1,1,1,0,1,0,0,0,0,0,0,0,0
R0210,real_4w,4,3,3,2026-04-15 19:02:30,425000.0,Down,725000.0,725000.0,475000.0,625000.0,1,1,608333.3333333334,102740.23338281627,475000.0,725000.0,250000.0,250000.0,0.5263157894736842,250000.0,0.5263157894736842,Up,1,0,0,1.191780821917808,0.16888805487586234,1,250000.0,0.5263157894736842,0.16888805487586234,625000.0,0.16,4,3,2,0,0,0,0,0,0,25,3,5,3.258096538021482,5,5,25,460955.5,2,3,0,0,0,1,0,1,1,1,0,1,1,0,0,0,1,1,0,0,0,1,0,1,0,0,0,0,1,1,1,0,1,0,0,0,0,0,0,0,2
R0211,real_4w,2,1,1,2026-04-29 19:14:02,375000.0,Stable,370000.0,370000.0,0.0,0.0,0,0,370000.0,0.0,370000.0,370000.0,0.0,0.0,0.0,0.0,0.0,Stable,0,0,1,1.0,0.0,0,0.0,0.0,0.0,370000.0,0.0,4,5,2,0,1,1,0,0,0,28,0,8,4.290459441148391,4,3,12,517481.9375,1,1,0,0,0,0,0,0,0,0,0,1,0,0,0,1,0,0,0,0,0,1,0,1,0,0,0,1,0,0,0,0,0,0,0,0,0,0,0,1,1
R0211,real_4w,3,2,2,2026-04-22 19:14:02,410000.0,Stable,375000.0,375000.0,370000.0,0.0,1,0,372500.0,2500.0,370000.0,375000.0,5000.0,5000.0,0.013513513513513514,5000.0,0.013513513513513514,Stable,0,0,1,1.0067114093959733,0.006711409395973154,1,5000.0,0.013513513513513514,0.006711409395973154,372500.0,0.006711409395973154,4,4,2,0,0,0,0,0,0,28,0,8,4.290459441148391,4,3,12,517481.9375,1,1,0,0,0,0,0,0,0,0,0,1,0,0,0,1,0,0,0,0,0,1,0,1,0,0,0,1,0,0,0,0,0,0,0,0,0,0,0,1,1
R0211,real_4w,4,3,3,2026-04-15 19:14:02,375000.0,Stable,410000.0,410000.0,375000.0,370000.0,1,1,385000.0,17795.130420052184,370000.0,410000.0,40000.0,35000.0,0.09333333333333334,35000.0,0.09333333333333334,Stable,0,0,1,1.0649350649350648,0.04622111797416152,1,35000.0,0.09333333333333334,0.04622111797416152,375000.0,0.09333333333333334,4,3,2,0,0,0,0,0,0,28,0,8,4.290459441148391,4,3,12,517481.9375,1,1,0,0,0,0,0,0,0,0,0,1,0,0,0,1,0,0,0,0,0,1,0,1,0,0,0,1,0,0,0,0,0,0,0,0,0,0,0,1,1
R0212,real_4w,2,1,1,2026-04-29 19:24:47,100000.0,Down,230000.0,230000.0,0.0,0.0,0,0,230000.0,0.0,230000.0,230000.0,0.0,0.0,0.0,0.0,0.0,Stable,0,0,1,1.0,0.0,0,0.0,0.0,0.0,230000.0,0.0,4,5,2,0,1,1,0,0,0,22,7,8,1.6094379124341003,3,5,15,517481.9375,0,1,0,0,0,1,0,0,1,0,0,0,0,1,1,0,0,0,0,0,0,1,1,0,0,1,1,0,0,0,0,1,0,0,0,0,0,0,1,0,1
R0212,real_4w,3,2,2,2026-04-22 19:24:47,190000.0,Up,100000.0,100000.0,230000.0,0.0,1,0,165000.0,65000.0,100000.0,230000.0,130000.0,-130000.0,-0.5652173913043478,-130000.0,-0.5652173913043478,Down,0,1,0,0.6060606060606061,0.3939393939393939,0,-130000.0,-0.5652173913043478,0.3939393939393939,165000.0,-0.3939393939393939,4,4,2,0,0,0,0,0,0,22,7,8,1.6094379124341003,3,5,15,517481.9375,0,1,0,0,0,1,0,0,1,0,0,0,0,1,1,0,0,0,0,0,0,1,1,0,0,1,1,0,0,0,0,1,0,0,0,0,0,0,1,0,0
R0212,real_4w,4,3,3,2026-04-15 19:24:47,230000.0,Up,190000.0,190000.0,100000.0,230000.0,1,1,173333.33333333334,54365.021434333634,100000.0,230000.0,130000.0,90000.0,0.9,90000.0,0.9,Up,1,0,0,1.096153846153846,0.31364435442884786,1,90000.0,0.9,0.31364435442884786,190000.0,0.0,4,3,2,0,0,0,0,0,0,22,7,8,1.6094379124341003,3,5,15,517481.9375,0,1,0,0,0,1,0,0,1,0,0,0,0,1,1,0,0,0,0,0,0,1,1,0,0,1,1,0,0,0,0,1,0,0,0,0,0,0,1,0,2
R0213,real_4w,2,1,1,2026-04-29 19:41:33,450000.0,Down,625000.0,625000.0,0.0,0.0,0,0,625000.0,0.0,625000.0,625000.0,0.0,0.0,0.0,0.0,0.0,Stable,0,0,1,1.0,0.0,0,0.0,0.0,0.0,625000.0,0.0,4,5,2,0,1,1,0,0,0,25,1,2,3.4011973816621555,6,4,24,739240.8333333334,1,4,0,0,0,0,0,0,0,0,0,1,0,0,1,0,0,0,0,0,0,1,0,0,0,0,1,0,0,0,0,0,0,0,1,0,0,0,0,0,1
R0213,real_4w,3,2,2,2026-04-22 19:41:33,475000.0,Stable,450000.0,450000.0,625000.0,0.0,1,0,537500.0,87500.0,450000.0,625000.0,175000.0,-175000.0,-0.28,-175000.0,-0.28,Down,0,1,0,0.8372093023255814,0.16279069767441862,0,-175000.0,-0.28,0.16279069767441862,537500.0,-0.16279069767441862,4,4,2,0,0,0,0,0,0,25,1,2,3.4011973816621555,6,4,24,739240.8333333334,1,4,0,0,0,0,0,0,0,0,0,1,0,0,1,0,0,0,0,0,0,1,0,0,0,0,1,0,0,0,0,0,0,0,1,0,0,0,0,0,0
R0213,real_4w,4,3,3,2026-04-15 19:41:33,925000.0,Up,475000.0,475000.0,450000.0,625000.0,1,1,516666.6666666667,77280.15412913087,450000.0,625000.0,175000.0,25000.0,0.05555555555555555,25000.0,0.05555555555555555,Stable,0,0,1,0.9193548387096774,0.14957449186283392,0,25000.0,0.05555555555555555,0.14957449186283392,475000.0,0.0,4,3,2,0,0,0,0,0,0,25,1,2,3.4011973816621555,6,4,24,739240.8333333334,1,4,0,0,0,0,0,0,0,0,0,1,0,0,1,0,0,0,0,0,0,1,0,0,0,0,1,0,0,0,0,0,0,0,1,0,0,0,0,0,1
R0214,real_4w,2,1,1,2026-04-29 19:55:01,975000.0,Stable,910000.0,910000.0,0.0,0.0,0,0,910000.0,0.0,910000.0,910000.0,0.0,0.0,0.0,0.0,0.0,Stable,0,0,1,1.0,0.0,0,0.0,0.0,0.0,910000.0,0.0,4,5,2,0,1,1,0,0,0,42,5,4,4.356708826689592,5,10,50,442180.75,2,0,0,0,1,0,0,0,0,0,0,0,0,0,1,0,0,0,0,0,0,1,0,0,1,0,1,0,0,0,0,0,0,0,0,1,0,0,0,0,1
R0214,real_4w,3,2,2,2026-04-22 19:55:01,400000.0,Down,975000.0,975000.0,910000.0,0.0,1,0,942500.0,32500.0,910000.0,975000.0,65000.0,65000.0,0.07142857142857142,65000.0,0.07142857142857142,Stable,0,0,1,1.0344827586206897,0.034482758620689655,1,65000.0,0.07142857142857142,0.034482758620689655,942500.0,0.034482758620689655,4,4,2,0,0,0,0,0,0,42,5,4,4.356708826689592,5,10,50,442180.75,2,0,0,0,1,0,0,0,0,0,0,0,0,0,1,0,0,0,0,0,0,1,0,0,1,0,1,0,0,0,0,0,0,0,0,1,0,0,0,0,1
R0214,real_4w,4,3,3,2026-04-15 19:55:01,370000.0,Stable,400000.0,400000.0,975000.0,910000.0,1,1,761666.6666666666,257110.0067199944,400000.0,975000.0,575000.0,-575000.0,-0.5897435897435898,-575000.0,-0.5897435897435898,Down,0,1,0,0.525164113785558,0.3375623720612618,0,-575000.0,-0.5897435897435898,0.3375623720612618,910000.0,-0.5604395604395604,4,3,2,0,0,0,0,0,0,42,5,4,4.356708826689592,5,10,50,442180.75,2,0,0,0,1,0,0,0,0,0,0,0,0,0,1,0,0,0,0,0,0,1,0,0,1,0,1,0,0,0,0,0,0,0,0,1,0,0,0,0,0
R0215,real_4w,2,1,1,2026-04-29 20:08:10,630000.0,Up,18400.0,18400.0,0.0,0.0,0,0,18400.0,0.0,18400.0,18400.0,0.0,0.0,0.0,0.0,0.0,Stable,0,0,1,1.0,0.0,0,0.0,0.0,0.0,18400.0,0.0,4,5,2,0,1,1,0,0,0,19,2,1,2.8903717578961645,4,6,24,518297.0,0,3,1,0,0,0,0,0,0,0,0,1,1,0,1,0,0,0,0,0,0,1,0,0,1,0,1,0,1,0,0,0,0,0,0,0,0,1,0,0,1
R0215,real_4w,3,2,2,2026-04-22 20:08:10,240000.0,Down,630000.0,630000.0,18400.0,0.0,1,0,324200.0,305800.0,18400.0,630000.0,611600.0,611600.0,33.23913043478261,611600.0,33.23913043478261,Up,1,0,0,1.9432449105490437,0.9432449105490438,1,611600.0,33.23913043478261,0.9432449105490438,324200.0,0.9432449105490438,4,4,2,0,0,0,0,0,0,19,2,1,2.8903717578961645,4,6,24,518297.0,0,3,1,0,0,0,0,0,0,0,0,1,1,0,1,0,0,0,0,0,0,1,0,0,1,0,1,0,1,0,0,0,0,0,0,0,0,1,0,0,2
R0215,real_4w,4,3,3,2026-04-15 20:08:10,175000.0,Down,240000.0,240000.0,630000.0,18400.0,1,1,296133.3333333333,252819.90076380898,18400.0,630000.0,611600.0,-390000.0,-0.6190476190476191,-390000.0,-0.6190476190476191,Down,0,1,0,0.8104457451598379,0.853736720274006,0,-390000.0,-0.6190476190476191,0.853736720274006,240000.0,0.0,4,3,2,0,0,0,0,0,0,19,2,1,2.8903717578961645,4,6,24,518297.0,0,3,1,0,0,0,0,0,0,0,0,1,1,0,1,0,0,0,0,0,0,1,0,0,1,0,1,0,1,0,0,0,0,0,0,0,0,1,0,0,0
R0216,real_4w,2,1,1,2026-04-29 20:15:58,205000.0,Stable,220000.0,220000.0,0.0,0.0,0,0,220000.0,0.0,220000.0,220000.0,0.0,0.0,0.0,0.0,0.0,Stable,0,0,1,1.0,0.0,0,0.0,0.0,0.0,220000.0,0.0,4,5,2,0,1,1,0,0,0,25,7,6,3.091042453358316,4,6,24,653189.75,1,1,0,0,0,1,0,0,1,0,0,0,0,0,1,0,0,0,0,0,0,1,1,0,0,0,1,0,0,0,0,0,0,0,0,0,0,0,1,0,1
R0216,real_4w,3,2,2,2026-04-22 20:15:58,220000.0,Stable,205000.0,205000.0,220000.0,0.0,1,0,212500.0,7500.0,205000.0,220000.0,15000.0,-15000.0,-0.06818181818181818,-15000.0,-0.06818181818181818,Stable,0,0,1,0.9647058823529412,0.03529411764705882,0,-15000.0,-0.06818181818181818,0.03529411764705882,212500.0,-0.03529411764705882,4,4,2,0,0,0,0,0,0,25,7,6,3.091042453358316,4,6,24,653189.75,1,1,0,0,0,1,0,0,1,0,0,0,0,0,1,0,0,0,0,0,0,1,1,0,0,0,1,0,0,0,0,0,0,0,0,0,0,0,1,0,1
R0216,real_4w,4,3,3,2026-04-15 20:15:58,150000.0,Down,220000.0,220000.0,205000.0,220000.0,1,1,215000.0,7071.067811865475,205000.0,220000.0,15000.0,15000.0,0.07317073170731707,15000.0,0.07317073170731707,Stable,0,0,1,1.0232558139534884,0.03288868749704872,1,15000.0,0.07317073170731707,0.03288868749704872,220000.0,0.0,4,3,2,0,0,0,0,0,0,25,7,6,3.091042453358316,4,6,24,653189.75,1,1,0,0,0,1,0,0,1,0,0,0,0,0,1,0,0,0,0,0,0,1,1,0,0,0,1,0,0,0,0,0,0,0,0,0,0,0,1,0,1
R0217,real_4w,2,1,1,2026-04-29 20:33:52,425000.0,Down,580000.0,580000.0,0.0,0.0,0,0,580000.0,0.0,580000.0,580000.0,0.0,0.0,0.0,0.0,0.0,Stable,0,0,1,1.0,0.0,0,0.0,0.0,0.0,580000.0,0.0,4,5,2,0,1,1,0,0,0,36,4,8,4.143134726391533,6,10,60,517481.9375,2,2,0,0,1,0,0,1,0,0,0,0,0,1,0,1,1,0,0,1,1,1,0,0,0,0,0,1,0,1,0,1,0,0,0,0,1,0,0,0,1
R0217,real_4w,3,2,2,2026-04-22 20:33:52,600000.0,Up,425000.0,425000.0,580000.0,0.0,1,0,502500.0,77500.0,425000.0,580000.0,155000.0,-155000.0,-0.2672413793103448,-155000.0,-0.2672413793103448,Down,0,1,0,0.845771144278607,0.15422885572139303,0,-155000.0,-0.2672413793103448,0.15422885572139303,502500.0,-0.15422885572139303,4,4,2,0,0,0,0,0,0,36,4,8,4.143134726391533,6,10,60,517481.9375,2,2,0,0,1,0,0,1,0,0,0,0,0,1,0,1,1,0,0,1,1,1,0,0,0,0,0,1,0,1,0,1,0,0,0,0,1,0,0,0,0
R0217,real_4w,4,3,3,2026-04-15 20:33:52,525000.0,Down,600000.0,600000.0,425000.0,580000.0,1,1,535000.0,78209.1213776671,425000.0,600000.0,175000.0,175000.0,0.4117647058823529,175000.0,0.4117647058823529,Up,1,0,0,1.1214953271028036,0.1461852736031161,1,175000.0,0.4117647058823529,0.1461852736031161,580000.0,0.034482758620689655,4,3,2,0,0,0,0,0,0,36,4,8,4.143134726391533,6,10,60,517481.9375,2,2,0,0,1,0,0,1,0,0,0,0,0,1,0,1,1,0,0,1,1,1,0,0,0,0,0,1,0,1,0,1,0,0,0,0,1,0,0,0,2
R0218,real_4w,2,1,1,2026-04-29 20:48:24,345000.0,Up,170000.0,170000.0,0.0,0.0,0,0,170000.0,0.0,170000.0,170000.0,0.0,0.0,0.0,0.0,0.0,Stable,0,0,1,1.0,0.0,0,0.0,0.0,0.0,170000.0,0.0,4,5,2,0,1,1,0,0,0,18,0,2,4.1588830833596715,3,3,9,739240.8333333334,1,1,0,0,0,1,0,1,1,1,0,0,0,0,0,1,0,1,0,0,0,1,0,0,0,1,0,1,0,0,1,0,0,0,0,0,0,0,0,1,1
R0218,real_4w,3,2,2,2026-04-22 20:48:24,260000.0,Down,345000.0,345000.0,170000.0,0.0,1,0,257500.0,87500.0,170000.0,345000.0,175000.0,175000.0,1.0294117647058822,175000.0,1.0294117647058822,Up,1,0,0,1.3398058252427185,0.33980582524271846,1,175000.0,1.0294117647058822,0.33980582524271846,257500.0,0.33980582524271846,4,4,2,0,0,0,0,0,0,18,0,2,4.1588830833596715,3,3,9,739240.8333333334,1,1,0,0,0,1,0,1,1,1,0,0,0,0,0,1,0,1,0,0,0,1,0,0,0,1,0,1,0,0,1,0,0,0,0,0,0,0,0,1,2
R0218,real_4w,4,3,3,2026-04-15 20:48:24,230000.0,Down,260000.0,260000.0,345000.0,170000.0,1,1,258333.33333333334,71453.17036742005,170000.0,345000.0,175000.0,-85000.0,-0.2463768115942029,-85000.0,-0.2463768115942029,Down,0,1,0,1.0064516129032257,0.27659291755130344,1,-85000.0,-0.2463768115942029,0.27659291755130344,260000.0,0.0,4,3,2,0,0,0,0,0,0,18,0,2,4.1588830833596715,3,3,9,739240.8333333334,1,1,0,0,0,1,0,1,1,1,0,0,0,0,0,1,0,1,0,0,0,1,0,0,0,1,0,1,0,0,1,0,0,0,0,0,0,0,0,1,0
R0219,real_4w,2,1,1,2026-04-29 21:50:19,350000.0,Down,460000.0,460000.0,0.0,0.0,0,0,460000.0,0.0,460000.0,460000.0,0.0,0.0,0.0,0.0,0.0,Stable,0,0,1,1.0,0.0,0,0.0,0.0,0.0,460000.0,0.0,4,5,2,0,1,1,0,0,0,25,3,7,2.4849066497880004,4,6,24,559306.0,2,4,0,0,0,0,0,1,1,1,0,1,0,0,1,0,0,0,0,0,0,1,0,0,0,0,1,0,0,0,0,0,1,0,0,0,0,0,0,0,1
R0219,real_4w,3,2,2,2026-04-22 21:50:19,610000.0,Up,350000.0,350000.0,460000.0,0.0,1,0,405000.0,55000.0,350000.0,460000.0,110000.0,-110000.0,-0.2391304347826087,-110000.0,-0.2391304347826087,Down,0,1,0,0.8641975308641975,0.13580246913580246,0,-110000.0,-0.2391304347826087,0.13580246913580246,405000.0,-0.13580246913580246,4,4,2,0,0,0,0,0,0,25,3,7,2.4849066497880004,4,6,24,559306.0,2,4,0,0,0,0,0,1,1,1,0,1,0,0,1,0,0,0,0,0,0,1,0,0,0,0,1,0,0,0,0,0,1,0,0,0,0,0,0,0,0
R0219,real_4w,4,3,3,2026-04-15 21:50:19,600000.0,Stable,610000.0,610000.0,350000.0,460000.0,1,1,473333.3333333333,106562.44908763854,350000.0,610000.0,260000.0,260000.0,0.7428571428571429,260000.0,0.7428571428571429,Up,1,0,0,1.2887323943661972,0.2251319346921941,1,260000.0,0.7428571428571429,0.2251319346921941,460000.0,0.32608695652173914,4,3,2,0,0,0,0,0,0,25,3,7,2.4849066497880004,4,6,24,559306.0,2,4,0,0,0,0,0,1,1,1,0,1,0,0,1,0,0,0,0,0,0,1,0,0,0,0,1,0,0,0,0,0,1,0,0,0,0,0,0,0,2
R0220,real_4w,2,1,1,2026-04-29 23:31:36,605000.0,Up,500000.0,500000.0,0.0,0.0,0,0,500000.0,0.0,500000.0,500000.0,0.0,0.0,0.0,0.0,0.0,Stable,0,0,1,1.0,0.0,0,0.0,0.0,0.0,500000.0,0.0,4,5,2,0,1,1,0,0,0,25,6,2,2.302585092994046,4,5,20,739240.8333333334,1,2,0,0,0,0,0,0,0,0,0,1,0,0,1,0,0,1,0,0,0,1,1,0,0,0,1,0,0,0,1,0,0,1,0,0,0,0,0,0,1
R0220,real_4w,3,2,2,2026-04-22 23:31:36,605000.0,Stable,605000.0,605000.0,500000.0,0.0,1,0,552500.0,52500.0,500000.0,605000.0,105000.0,105000.0,0.21,105000.0,0.21,Up,1,0,0,1.0950226244343892,0.09502262443438914,1,105000.0,0.21,0.09502262443438914,552500.0,0.09502262443438914,4,4,2,0,0,0,0,0,0,25,6,2,2.302585092994046,4,5,20,739240.8333333334,1,2,0,0,0,0,0,0,0,0,0,1,0,0,1,0,0,1,0,0,0,1,1,0,0,0,1,0,0,0,1,0,0,1,0,0,0,0,0,0,2
R0220,real_4w,4,3,3,2026-04-15 23:31:36,450000.0,Down,605000.0,605000.0,605000.0,500000.0,1,1,570000.0,49497.474683058324,500000.0,605000.0,105000.0,0.0,0.0,0.0,0.0,Stable,0,0,1,1.0614035087719298,0.08683767488255846,1,0.0,0.0,0.08683767488255846,605000.0,0.0,4,3,2,0,0,0,0,0,0,25,6,2,2.302585092994046,4,5,20,739240.8333333334,1,2,0,0,0,0,0,0,0,0,0,1,0,0,1,0,0,1,0,0,0,1,1,0,0,0,1,0,0,0,1,0,0,1,0,0,0,0,0,0,1
R0221,real_4w,2,1,1,2026-04-29 23:48:24,325000.0,Stable,330000.0,330000.0,0.0,0.0,0,0,330000.0,0.0,330000.0,330000.0,0.0,0.0,0.0,0.0,0.0,Stable,0,0,1,1.0,0.0,0,0.0,0.0,0.0,330000.0,0.0,4,5,2,0,1,1,0,0,0,21,1,5,2.995732273553991,5,8,40,460955.5,2,1,0,0,0,0,0,0,0,0,0,0,1,0,1,0,0,1,0,0,0,1,0,0,0,0,1,0,1,0,1,0,0,0,1,0,0,0,0,0,1
R0221,real_4w,3,2,2,2026-04-22 23:48:24,290000.0,Down,325000.0,325000.0,330000.0,0.0,1,0,327500.0,2500.0,325000.0,330000.0,5000.0,-5000.0,-0.015151515151515152,-5000.0,-0.015151515151515152,Stable,0,0,1,0.9923664122137404,0.007633587786259542,0,-5000.0,-0.015151515151515152,0.007633587786259542,327500.0,-0.007633587786259542,4,4,2,0,0,0,0,0,0,21,1,5,2.995732273553991,5,8,40,460955.5,2,1,0,0,0,0,0,0,0,0,0,0,1,0,1,0,0,1,0,0,0,1,0,0,0,0,1,0,1,0,1,0,0,0,1,0,0,0,0,0,1
R0221,real_4w,4,3,3,2026-04-15 23:48:24,200000.0,Down,290000.0,290000.0,325000.0,330000.0,1,1,315000.0,17795.130420052184,290000.0,330000.0,40000.0,-35000.0,-0.1076923076923077,-35000.0,-0.1076923076923077,Down,0,1,0,0.9206349206349206,0.05649247752397519,0,-35000.0,-0.1076923076923077,0.05649247752397519,325000.0,-0.1076923076923077,4,3,2,0,0,0,0,0,0,21,1,5,2.995732273553991,5,8,40,460955.5,2,1,0,0,0,0,0,0,0,0,0,0,1,0,1,0,0,1,0,0,0,1,0,0,0,0,1,0,1,0,1,0,0,0,1,0,0,0,0,0,0
R0222,real_4w,2,1,1,2026-04-30 03:02:19,220000.0,Stable,210000.0,210000.0,0.0,0.0,0,0,210000.0,0.0,210000.0,210000.0,0.0,0.0,0.0,0.0,0.0,Stable,0,0,1,1.0,0.0,0,0.0,0.0,0.0,210000.0,0.0,4,5,2,0,1,1,0,0,0,23,1,4,3.784189633918261,3,5,15,442180.75,2,1,0,0,0,1,0,0,1,0,0,1,1,0,1,0,0,0,0,0,0,1,0,0,1,1,1,0,1,0,0,0,0,0,1,0,0,0,0,0,1
R0222,real_4w,3,2,2,2026-04-23 03:02:19,205000.0,Stable,220000.0,220000.0,210000.0,0.0,1,0,215000.0,5000.0,210000.0,220000.0,10000.0,10000.0,0.047619047619047616,10000.0,0.047619047619047616,Stable,0,0,1,1.0232558139534884,0.023255813953488372,1,10000.0,0.047619047619047616,0.023255813953488372,215000.0,0.023255813953488372,4,4,2,0,0,0,0,0,0,23,1,4,3.784189633918261,3,5,15,442180.75,2,1,0,0,0,1,0,0,1,0,0,1,1,0,1,0,0,0,0,0,0,1,0,0,1,1,1,0,1,0,0,0,0,0,1,0,0,0,0,0,1
R0222,real_4w,4,3,3,2026-04-16 03:02:19,200000.0,Stable,205000.0,205000.0,220000.0,210000.0,1,1,211666.66666666666,6236.095644623236,205000.0,220000.0,15000.0,-15000.0,-0.06818181818181818,-15000.0,-0.06818181818181818,Stable,0,0,1,0.9685039370078741,0.029461869187196392,0,-15000.0,-0.06818181818181818,0.029461869187196392,210000.0,-0.023809523809523808,4,3,2,0,0,0,0,0,0,23,1,4,3.784189633918261,3,5,15,442180.75,2,1,0,0,0,1,0,0,1,0,0,1,1,0,1,0,0,0,0,0,0,1,0,0,1,1,1,0,1,0,0,0,0,0,1,0,0,0,0,0,1
R0223,real_4w,2,1,1,2026-04-30 03:29:50,600000.0,Stable,620000.0,620000.0,0.0,0.0,0,0,620000.0,0.0,620000.0,620000.0,0.0,0.0,0.0,0.0,0.0,Stable,0,0,1,1.0,0.0,0,0.0,0.0,0.0,620000.0,0.0,4,5,2,0,1,1,0,0,0,21,1,2,3.2188758248682006,4,7,28,739240.8333333334,1,1,1,0,0,1,0,0,1,0,0,0,1,0,0,0,0,0,0,0,0,1,0,0,1,0,0,0,1,0,0,0,0,0,1,0,0,0,0,0,1
R0223,real_4w,3,2,2,2026-04-23 03:29:50,490000.0,Down,600000.0,600000.0,620000.0,0.0,1,0,610000.0,10000.0,600000.0,620000.0,20000.0,-20000.0,-0.03225806451612903,-20000.0,-0.03225806451612903,Stable,0,0,1,0.9836065573770492,0.01639344262295082,0,-20000.0,-0.03225806451612903,0.01639344262295082,610000.0,-0.01639344262295082,4,4,2,0,0,0,0,0,0,21,1,2,3.2188758248682006,4,7,28,739240.8333333334,1,1,1,0,0,1,0,0,1,0,0,0,1,0,0,0,0,0,0,0,0,1,0,0,1,0,0,0,1,0,0,0,0,0,1,0,0,0,0,0,1
R0223,real_4w,4,3,3,2026-04-16 03:29:50,130000.0,Down,490000.0,490000.0,600000.0,620000.0,1,1,570000.0,57154.76066494082,490000.0,620000.0,130000.0,-110000.0,-0.18333333333333332,-110000.0,-0.18333333333333332,Down,0,1,0,0.8596491228070176,0.10027150993849267,0,-110000.0,-0.18333333333333332,0.10027150993849267,600000.0,-0.18333333333333332,4,3,2,0,0,0,0,0,0,21,1,2,3.2188758248682006,4,7,28,739240.8333333334,1,1,1,0,0,1,0,0,1,0,0,0,1,0,0,0,0,0,0,0,0,1,0,0,1,0,0,0,1,0,0,0,0,0,1,0,0,0,0,0,0
R0224,real_4w,2,1,1,2026-04-30 04:29:36,1110000.0,Up,380000.0,380000.0,0.0,0.0,0,0,380000.0,0.0,380000.0,380000.0,0.0,0.0,0.0,0.0,0.0,Stable,0,0,1,1.0,0.0,0,0.0,0.0,0.0,380000.0,0.0,4,5,2,0,1,1,0,0,0,30,6,0,3.1780538303479458,6,9,54,548095.6666666666,2,2,0,0,0,0,0,0,0,0,0,1,0,0,0,0,0,1,1,0,1,1,0,0,0,0,0,0,0,0,1,0,0,1,0,0,0,0,0,0,1
R0224,real_4w,3,2,2,2026-04-23 04:29:36,1110000.0,Stable,1110000.0,1110000.0,380000.0,0.0,1,0,745000.0,365000.0,380000.0,1110000.0,730000.0,730000.0,1.9210526315789473,730000.0,1.9210526315789473,Up,1,0,0,1.4899328859060403,0.4899328859060403,1,730000.0,1.9210526315789473,0.4899328859060403,745000.0,0.4899328859060403,4,4,2,0,0,0,0,0,0,30,6,0,3.1780538303479458,6,9,54,548095.6666666666,2,2,0,0,0,0,0,0,0,0,0,1,0,0,0,0,0,1,1,0,1,1,0,0,0,0,0,0,0,0,1,0,0,1,0,0,0,0,0,0,2
R0224,real_4w,4,3,3,2026-04-16 04:29:36,320000.0,Down,1110000.0,1110000.0,1110000.0,380000.0,1,1,866666.6666666666,344125.30017745314,380000.0,1110000.0,730000.0,0.0,0.0,0.0,0.0,Stable,0,0,1,1.2807692307692309,0.3970676540509075,1,0.0,0.0,0.3970676540509075,1110000.0,0.0,4,3,2,0,0,0,0,0,0,30,6,0,3.1780538303479458,6,9,54,548095.6666666666,2,2,0,0,0,0,0,0,0,0,0,1,0,0,0,0,0,1,1,0,1,1,0,0,0,0,0,0,0,0,1,0,0,1,0,0,0,0,0,0,1
R0225,real_4w,2,1,1,2026-04-30 08:06:12,525000.0,Up,280000.0,280000.0,0.0,0.0,0,0,280000.0,0.0,280000.0,280000.0,0.0,0.0,0.0,0.0,0.0,Stable,0,0,1,1.0,0.0,0,0.0,0.0,0.0,280000.0,0.0,4,5,2,0,1,1,0,0,0,34,4,8,2.8903717578961645,6,7,42,517481.9375,1,2,0,1,0,0,0,1,0,0,0,0,0,0,1,1,0,0,0,0,0,1,0,0,0,0,1,1,0,0,0,0,0,0,0,0,1,0,0,0,1
R0225,real_4w,3,2,2,2026-04-23 08:06:12,400000.0,Down,525000.0,525000.0,280000.0,0.0,1,0,402500.0,122500.0,280000.0,525000.0,245000.0,245000.0,0.875,245000.0,0.875,Up,1,0,0,1.3043478260869565,0.30434782608695654,1,245000.0,0.875,0.30434782608695654,402500.0,0.30434782608695654,4,4,2,0,0,0,0,0,0,34,4,8,2.8903717578961645,6,7,42,517481.9375,1,2,0,1,0,0,0,1,0,0,0,0,0,0,1,1,0,0,0,0,0,1,0,0,0,0,1,1,0,0,0,0,0,0,0,0,1,0,0,0,2
R0225,real_4w,4,3,3,2026-04-16 08:06:12,680000.0,Up,400000.0,400000.0,525000.0,280000.0,1,1,401666.6666666667,100027.77392082439,280000.0,525000.0,245000.0,-125000.0,-0.23809523809523808,-125000.0,-0.23809523809523808,Down,0,1,0,0.9958506224066389,0.24903180229250885,0,-125000.0,-0.23809523809523808,0.24903180229250885,400000.0,0.0,4,3,2,0,0,0,0,0,0,34,4,8,2.8903717578961645,6,7,42,517481.9375,1,2,0,1,0,0,0,1,0,0,0,0,0,0,1,1,0,0,0,0,0,1,0,0,0,0,1,1,0,0,0,0,0,0,0,0,1,0,0,0,0
R0226,real_4w,2,1,1,2026-04-30 08:06:51,20000.0,Down,540000.0,540000.0,0.0,0.0,0,0,540000.0,0.0,540000.0,540000.0,0.0,0.0,0.0,0.0,0.0,Stable,0,0,1,1.0,0.0,0,0.0,0.0,0.0,540000.0,0.0,4,5,2,0,1,1,0,0,0,24,1,8,3.258096538021482,4,3,12,517481.9375,1,1,0,0,0,1,0,0,1,0,0,0,1,0,1,0,0,1,0,0,0,1,0,0,1,0,1,0,1,0,1,0,0,0,1,0,0,0,0,0,1
R0226,real_4w,3,2,2,2026-04-23 08:06:51,20000.0,Stable,20000.0,20000.0,540000.0,0.0,1,0,280000.0,260000.0,20000.0,540000.0,520000.0,-520000.0,-0.9629629629629629,-520000.0,-0.9629629629629629,Down,0,1,0,0.07142857142857142,0.9285714285714286,0,-520000.0,-0.9629629629629629,0.9285714285714286,280000.0,-0.9285714285714286,4,4,2,0,0,0,0,0,0,24,1,8,3.258096538021482,4,3,12,517481.9375,1,1,0,0,0,1,0,0,1,0,0,0,1,0,1,0,0,1,0,0,0,1,0,0,1,0,1,0,1,0,1,0,0,0,1,0,0,0,0,0,0
R0226,real_4w,4,3,3,2026-04-16 08:06:51,350000.0,Up,20000.0,20000.0,20000.0,540000.0,1,1,193333.33333333334,245130.35081133648,20000.0,540000.0,520000.0,0.0,0.0,0.0,0.0,Stable,0,0,1,0.10344827586206896,1.267915607644844,0,0.0,0.0,1.267915607644844,20000.0,0.0,4,3,2,0,0,0,0,0,0,24,1,8,3.258096538021482,4,3,12,517481.9375,1,1,0,0,0,1,0,0,1,0,0,0,1,0,1,0,0,1,0,0,0,1,0,0,1,0,1,0,1,0,1,0,0,0,1,0,0,0,0,0,1
R0227,real_4w,2,1,1,2026-04-30 08:07:57,215000.0,Stable,225000.0,225000.0,0.0,0.0,0,0,225000.0,0.0,225000.0,225000.0,0.0,0.0,0.0,0.0,0.0,Stable,0,0,1,1.0,0.0,0,0.0,0.0,0.0,225000.0,0.0,4,5,2,0,1,1,0,0,0,34,1,4,2.772588722239781,4,4,16,442180.75,1,1,0,0,0,1,0,0,1,0,0,0,0,0,1,0,0,0,0,0,0,1,0,0,1,0,1,0,0,0,0,0,0,0,1,0,0,0,0,0,1
R0227,real_4w,3,2,2,2026-04-23 08:07:57,100000.0,Down,215000.0,215000.0,225000.0,0.0,1,0,220000.0,5000.0,215000.0,225000.0,10000.0,-10000.0,-0.044444444444444446,-10000.0,-0.044444444444444446,Stable,0,0,1,0.9772727272727273,0.022727272727272728,0,-10000.0,-0.044444444444444446,0.022727272727272728,220000.0,-0.022727272727272728,4,4,2,0,0,0,0,0,0,34,1,4,2.772588722239781,4,4,16,442180.75,1,1,0,0,0,1,0,0,1,0,0,0,0,0,1,0,0,0,0,0,0,1,0,0,1,0,1,0,0,0,0,0,0,0,1,0,0,0,0,0,1
R0227,real_4w,4,3,3,2026-04-16 08:07:57,100000.0,Stable,100000.0,100000.0,215000.0,225000.0,1,1,180000.0,56715.66509057851,100000.0,225000.0,125000.0,-115000.0,-0.5348837209302325,-115000.0,-0.5348837209302325,Down,0,1,0,0.5555555555555556,0.3150870282809917,0,-115000.0,-0.5348837209302325,0.3150870282809917,215000.0,-0.5348837209302325,4,3,2,0,0,0,0,0,0,34,1,4,2.772588722239781,4,4,16,442180.75,1,1,0,0,0,1,0,0,1,0,0,0,0,0,1,0,0,0,0,0,0,1,0,0,1,0,1,0,0,0,0,0,0,0,1,0,0,0,0,0,0
R0228,real_4w,2,1,1,2026-04-30 09:49:19,160000.0,Down,560000.0,560000.0,0.0,0.0,0,0,560000.0,0.0,560000.0,560000.0,0.0,0.0,0.0,0.0,0.0,Stable,0,0,1,1.0,0.0,0,0.0,0.0,0.0,560000.0,0.0,4,5,2,0,1,1,0,0,0,17,3,2,2.70805020110221,4,7,28,739240.8333333334,0,3,0,0,0,1,0,1,1,1,0,1,1,0,0,1,0,0,0,0,0,1,0,0,0,0,0,1,1,0,0,0,1,0,0,0,0,0,0,0,1
R0228,real_4w,3,2,2,2026-04-23 09:49:19,240000.0,Up,160000.0,160000.0,560000.0,0.0,1,0,360000.0,200000.0,160000.0,560000.0,400000.0,-400000.0,-0.7142857142857143,-400000.0,-0.7142857142857143,Down,0,1,0,0.4444444444444444,0.5555555555555556,0,-400000.0,-0.7142857142857143,0.5555555555555556,360000.0,-0.5555555555555556,4,4,2,0,0,0,0,0,0,17,3,2,2.70805020110221,4,7,28,739240.8333333334,0,3,0,0,0,1,0,1,1,1,0,1,1,0,0,1,0,0,0,0,0,1,0,0,0,0,0,1,1,0,0,0,1,0,0,0,0,0,0,0,0
R0228,real_4w,4,3,3,2026-04-16 09:49:19,180000.0,Down,240000.0,240000.0,160000.0,560000.0,1,1,320000.0,172819.75195754293,160000.0,560000.0,400000.0,80000.0,0.5,80000.0,0.5,Up,1,0,0,0.75,0.5400617248673216,0,80000.0,0.5,0.5400617248673216,240000.0,0.0,4,3,2,0,0,0,0,0,0,17,3,2,2.70805020110221,4,7,28,739240.8333333334,0,3,0,0,0,1,0,1,1,1,0,1,1,0,0,1,0,0,0,0,0,1,0,0,0,0,0,1,1,0,0,0,1,0,0,0,0,0,0,0,2
R0229,real_4w,2,1,1,2026-04-30 09:51:10,250000.0,Down,355000.0,355000.0,0.0,0.0,0,0,355000.0,0.0,355000.0,355000.0,0.0,0.0,0.0,0.0,0.0,Stable,0,0,1,1.0,0.0,0,0.0,0.0,0.0,355000.0,0.0,4,5,2,0,1,1,0,0,0,23,3,2,2.772588722239781,4,4,16,739240.8333333334,1,1,0,0,0,1,0,0,1,0,0,0,0,0,0,0,1,0,1,0,0,1,0,0,0,1,0,0,0,1,0,0,1,0,0,0,0,0,0,0,1
R0229,real_4w,3,2,2,2026-04-23 09:51:10,350000.0,Up,250000.0,250000.0,355000.0,0.0,1,0,302500.0,52500.0,250000.0,355000.0,105000.0,-105000.0,-0.29577464788732394,-105000.0,-0.29577464788732394,Down,0,1,0,0.8264462809917356,0.17355371900826447,0,-105000.0,-0.29577464788732394,0.17355371900826447,302500.0,-0.17355371900826447,4,4,2,0,0,0,0,0,0,23,3,2,2.772588722239781,4,4,16,739240.8333333334,1,1,0,0,0,1,0,0,1,0,0,0,0,0,0,0,1,0,1,0,0,1,0,0,0,1,0,0,0,1,0,0,1,0,0,0,0,0,0,0,0
R0229,real_4w,4,3,3,2026-04-16 09:51:10,225000.0,Down,350000.0,350000.0,250000.0,355000.0,1,1,318333.3333333333,48362.0604284897,250000.0,355000.0,105000.0,100000.0,0.4,100000.0,0.4,Up,1,0,0,1.099476439790576,0.15192270291672158,1,100000.0,0.4,0.15192270291672158,350000.0,0.0,4,3,2,0,0,0,0,0,0,23,3,2,2.772588722239781,4,4,16,739240.8333333334,1,1,0,0,0,1,0,0,1,0,0,0,0,0,0,0,1,0,1,0,0,1,0,0,0,1,0,0,0,1,0,0,1,0,0,0,0,0,0,0,2
R0230,real_4w,2,1,1,2026-04-30 11:09:27,700000.0,Stable,740000.0,740000.0,0.0,0.0,0,0,740000.0,0.0,740000.0,740000.0,0.0,0.0,0.0,0.0,0.0,Stable,0,0,1,1.0,0.0,0,0.0,0.0,0.0,740000.0,0.0,4,5,2,0,1,1,0,0,0,17,3,4,4.02535169073515,6,8,48,442180.75,1,1,0,0,0,1,0,1,1,1,0,1,0,0,0,1,1,0,0,0,0,1,0,1,0,0,0,1,0,1,0,0,1,0,0,0,0,0,0,0,1
R0230,real_4w,3,2,2,2026-04-23 11:09:27,550000.0,Down,700000.0,700000.0,740000.0,0.0,1,0,720000.0,20000.0,700000.0,740000.0,40000.0,-40000.0,-0.05405405405405406,-40000.0,-0.05405405405405406,Stable,0,0,1,0.9722222222222222,0.027777777777777776,0,-40000.0,-0.05405405405405406,0.027777777777777776,720000.0,-0.027777777777777776,4,4,2,0,0,0,0,0,0,17,3,4,4.02535169073515,6,8,48,442180.75,1,1,0,0,0,1,0,1,1,1,0,1,0,0,0,1,1,0,0,0,0,1,0,1,0,0,0,1,0,1,0,0,1,0,0,0,0,0,0,0,1
R0230,real_4w,4,3,3,2026-04-16 11:09:27,640000.0,Up,550000.0,550000.0,700000.0,740000.0,1,1,663333.3333333334,81785.62764256865,550000.0,740000.0,190000.0,-150000.0,-0.21428571428571427,-150000.0,-0.21428571428571427,Down,0,1,0,0.829145728643216,0.12329491604407333,0,-150000.0,-0.21428571428571427,0.12329491604407333,700000.0,-0.21428571428571427,4,3,2,0,0,0,0,0,0,17,3,4,4.02535169073515,6,8,48,442180.75,1,1,0,0,0,1,0,1,1,1,0,1,0,0,0,1,1,0,0,0,0,1,0,1,0,0,0,1,0,1,0,0,1,0,0,0,0,0,0,0,0
R0231,real_4w,2,1,1,2026-04-30 12:04:54,185000.0,Down,240000.0,240000.0,0.0,0.0,0,0,240000.0,0.0,240000.0,240000.0,0.0,0.0,0.0,0.0,0.0,Stable,0,0,1,1.0,0.0,0,0.0,0.0,0.0,240000.0,0.0,4,5,2,0,1,1,0,0,0,22,1,5,1.3862943611198906,3,4,12,460955.5,1,4,1,0,0,1,0,0,1,0,0,0,0,0,1,0,0,0,0,0,1,1,0,0,1,0,1,0,0,0,0,0,0,0,1,0,0,0,0,0,1
R0231,real_4w,3,2,2,2026-04-23 12:04:54,200000.0,Stable,185000.0,185000.0,240000.0,0.0,1,0,212500.0,27500.0,185000.0,240000.0,55000.0,-55000.0,-0.22916666666666666,-55000.0,-0.22916666666666666,Down,0,1,0,0.8705882352941177,0.12941176470588237,0,-55000.0,-0.22916666666666666,0.12941176470588237,212500.0,-0.12941176470588237,4,4,2,0,0,0,0,0,0,22,1,5,1.3862943611198906,3,4,12,460955.5,1,4,1,0,0,1,0,0,1,0,0,0,0,0,1,0,0,0,0,0,1,1,0,0,1,0,1,0,0,0,0,0,0,0,1,0,0,0,0,0,0
R0231,real_4w,4,3,3,2026-04-16 12:04:54,260000.0,Up,200000.0,200000.0,185000.0,240000.0,1,1,208333.33333333334,23213.980461973533,185000.0,240000.0,55000.0,15000.0,0.08108108108108109,15000.0,0.08108108108108109,Stable,0,0,1,0.96,0.11142710621747295,0,15000.0,0.08108108108108109,0.11142710621747295,200000.0,0.0,4,3,2,0,0,0,0,0,0,22,1,5,1.3862943611198906,3,4,12,460955.5,1,4,1,0,0,1,0,0,1,0,0,0,0,0,1,0,0,0,0,0,1,1,0,0,1,0,1,0,0,0,0,0,0,0,1,0,0,0,0,0,1
R0232,real_4w,2,1,1,2026-04-30 14:53:33,175000.0,Down,320000.0,320000.0,0.0,0.0,0,0,320000.0,0.0,320000.0,320000.0,0.0,0.0,0.0,0.0,0.0,Stable,0,0,1,1.0,0.0,0,0.0,0.0,0.0,320000.0,0.0,4,5,2,0,1,1,0,0,0,34,6,3,3.4657359027997265,7,6,42,518297.0,2,3,0,0,0,0,0,0,0,0,0,1,0,0,1,0,0,1,1,0,0,1,1,0,0,0,1,0,0,0,1,0,0,1,0,0,0,0,0,0,1
R0232,real_4w,3,2,2,2026-04-23 14:53:33,400000.0,Up,175000.0,175000.0,320000.0,0.0,1,0,247500.0,72500.0,175000.0,320000.0,145000.0,-145000.0,-0.453125,-145000.0,-0.453125,Down,0,1,0,0.7070707070707071,0.29292929292929293,0,-145000.0,-0.453125,0.29292929292929293,247500.0,-0.29292929292929293,4,4,2,0,0,0,0,0,0,34,6,3,3.4657359027997265,7,6,42,518297.0,2,3,0,0,0,0,0,0,0,0,0,1,0,0,1,0,0,1,1,0,0,1,1,0,0,0,1,0,0,0,1,0,0,1,0,0,0,0,0,0,0
R0232,real_4w,4,3,3,2026-04-16 14:53:33,200000.0,Down,400000.0,400000.0,175000.0,320000.0,1,1,298333.3333333333,93124.76696465995,175000.0,400000.0,225000.0,225000.0,1.2857142857142858,225000.0,1.2857142857142858,Up,1,0,0,1.340782122905028,0.312150056864782,1,225000.0,1.2857142857142858,0.312150056864782,320000.0,0.25,4,3,2,0,0,0,0,0,0,34,6,3,3.4657359027997265,7,6,42,518297.0,2,3,0,0,0,0,0,0,0,0,0,1,0,0,1,0,0,1,1,0,0,1,1,0,0,0,1,0,0,0,1,0,0,1,0,0,0,0,0,0,2
R0233,real_4w,2,1,1,2026-04-30 15:40:40,25000.0,Down,600000.0,600000.0,0.0,0.0,0,0,600000.0,0.0,600000.0,600000.0,0.0,0.0,0.0,0.0,0.0,Stable,0,0,1,1.0,0.0,0,0.0,0.0,0.0,600000.0,0.0,4,5,2,0,1,1,0,0,0,35,3,5,3.8918202981106265,5,7,35,460955.5,1,0,0,0,0,1,0,1,1,1,0,1,0,0,0,1,1,1,0,0,0,1,0,1,0,1,0,1,0,1,1,0,1,0,0,0,0,0,0,0,1
R0233,real_4w,3,2,2,2026-04-23 15:40:40,30000.0,Up,25000.0,25000.0,600000.0,0.0,1,0,312500.0,287500.0,25000.0,600000.0,575000.0,-575000.0,-0.9583333333333334,-575000.0,-0.9583333333333334,Down,0,1,0,0.08,0.92,0,-575000.0,-0.9583333333333334,0.92,312500.0,-0.92,4,4,2,0,0,0,0,0,0,35,3,5,3.8918202981106265,5,7,35,460955.5,1,0,0,0,0,1,0,1,1,1,0,1,0,0,0,1,1,1,0,0,0,1,0,1,0,1,0,1,0,1,1,0,1,0,0,0,0,0,0,0,0
R0233,real_4w,4,3,3,2026-04-16 15:40:40,670000.0,Up,30000.0,30000.0,25000.0,600000.0,1,1,218333.33333333334,269886.8075488109,25000.0,600000.0,575000.0,5000.0,0.2,5000.0,0.2,Up,1,0,0,0.13740458015267176,1.2361227826663095,0,5000.0,0.2,1.2361227826663095,30000.0,0.0,4,3,2,0,0,0,0,0,0,35,3,5,3.8918202981106265,5,7,35,460955.5,1,0,0,0,0,1,0,1,1,1,0,1,0,0,0,1,1,1,0,0,0,1,0,1,0,1,0,1,0,1,1,0,1,0,0,0,0,0,0,0,2
R0234,real_4w,2,1,1,2026-04-30 15:57:50,395000.0,Up,175000.0,175000.0,0.0,0.0,0,0,175000.0,0.0,175000.0,175000.0,0.0,0.0,0.0,0.0,0.0,Stable,0,0,1,1.0,0.0,0,0.0,0.0,0.0,175000.0,0.0,4,5,2,0,1,1,0,0,0,23,0,5,3.7612001156935624,6,3,18,460955.5,0,1,0,0,0,1,0,0,1,0,0,0,0,1,0,0,0,1,1,0,0,1,0,1,0,0,0,0,0,0,1,1,0,0,0,0,0,0,0,1,1
R0234,real_4w,3,2,2,2026-04-23 15:57:50,100000.0,Down,395000.0,395000.0,175000.0,0.0,1,0,285000.0,110000.0,175000.0,395000.0,220000.0,220000.0,1.2571428571428571,220000.0,1.2571428571428571,Up,1,0,0,1.3859649122807018,0.38596491228070173,1,220000.0,1.2571428571428571,0.38596491228070173,285000.0,0.38596491228070173,4,4,2,0,0,0,0,0,0,23,0,5,3.7612001156935624,6,3,18,460955.5,0,1,0,0,0,1,0,0,1,0,0,0,0,1,0,0,0,1,1,0,0,1,0,1,0,0,0,0,0,0,1,1,0,0,0,0,0,0,0,1,2
R0234,real_4w,4,3,3,2026-04-16 15:57:50,440000.0,Up,100000.0,100000.0,395000.0,175000.0,1,1,223333.33333333334,125188.74638809281,100000.0,395000.0,295000.0,-295000.0,-0.7468354430379747,-295000.0,-0.7468354430379747,Down,0,1,0,0.4477611940298507,0.560546625618326,0,-295000.0,-0.7468354430379747,0.560546625618326,175000.0,-0.42857142857142855,4,3,2,0,0,0,0,0,0,23,0,5,3.7612001156935624,6,3,18,460955.5,0,1,0,0,0,1,0,0,1,0,0,0,0,1,0,0,0,1,1,0,0,1,0,1,0,0,0,0,0,0,1,1,0,0,0,0,0,0,0,1,0
R0235,real_4w,2,1,1,2026-04-30 16:31:13,200000.0,Down,290000.0,290000.0,0.0,0.0,0,0,290000.0,0.0,290000.0,290000.0,0.0,0.0,0.0,0.0,0.0,Stable,0,0,1,1.0,0.0,0,0.0,0.0,0.0,290000.0,0.0,4,5,2,0,1,1,0,0,0,35,6,4,2.9444389791664403,5,7,35,442180.75,2,2,0,0,0,0,0,0,0,0,0,1,0,0,0,0,0,1,0,0,0,1,0,0,0,0,0,0,0,0,1,0,0,1,0,0,0,0,0,0,1
R0235,real_4w,3,2,2,2026-04-23 16:31:13,410000.0,Up,200000.0,200000.0,290000.0,0.0,1,0,245000.0,45000.0,200000.0,290000.0,90000.0,-90000.0,-0.3103448275862069,-90000.0,-0.3103448275862069,Down,0,1,0,0.8163265306122449,0.1836734693877551,0,-90000.0,-0.3103448275862069,0.1836734693877551,245000.0,-0.1836734693877551,4,4,2,0,0,0,0,0,0,35,6,4,2.9444389791664403,5,7,35,442180.75,2,2,0,0,0,0,0,0,0,0,0,1,0,0,0,0,0,1,0,0,0,1,0,0,0,0,0,0,0,0,1,0,0,1,0,0,0,0,0,0,0
R0235,real_4w,4,3,3,2026-04-16 16:31:13,370000.0,Stable,410000.0,410000.0,200000.0,290000.0,1,1,300000.0,86023.25267042627,200000.0,410000.0,210000.0,210000.0,1.05,210000.0,1.05,Up,1,0,0,1.3666666666666667,0.28674417556808757,1,210000.0,1.05,0.28674417556808757,290000.0,0.41379310344827586,4,3,2,0,0,0,0,0,0,35,6,4,2.9444389791664403,5,7,35,442180.75,2,2,0,0,0,0,0,0,0,0,0,1,0,0,0,0,0,1,0,0,0,1,0,0,0,0,0,0,0,0,1,0,0,1,0,0,0,0,0,0,2
R0236,real_4w,2,1,1,2026-04-30 16:32:16,275000.0,Down,620000.0,620000.0,0.0,0.0,0,0,620000.0,0.0,620000.0,620000.0,0.0,0.0,0.0,0.0,0.0,Stable,0,0,1,1.0,0.0,0,0.0,0.0,0.0,620000.0,0.0,4,5,2,0,1,1,0,0,0,24,4,7,3.367295829986474,6,11,66,559306.0,1,1,0,0,1,0,0,1,0,0,0,0,0,1,1,0,0,0,0,0,1,1,0,1,0,0,1,0,0,0,0,1,0,0,0,0,1,0,0,0,1
R0236,real_4w,3,2,2,2026-04-23 16:32:16,560000.0,Up,275000.0,275000.0,620000.0,0.0,1,0,447500.0,172500.0,275000.0,620000.0,345000.0,-345000.0,-0.5564516129032258,-345000.0,-0.5564516129032258,Down,0,1,0,0.6145251396648045,0.3854748603351955,0,-345000.0,-0.5564516129032258,0.3854748603351955,447500.0,-0.3854748603351955,4,4,2,0,0,0,0,0,0,24,4,7,3.367295829986474,6,11,66,559306.0,1,1,0,0,1,0,0,1,0,0,0,0,0,1,1,0,0,0,0,0,1,1,0,1,0,0,1,0,0,0,0,1,0,0,0,0,1,0,0,0,0
R0236,real_4w,4,3,3,2026-04-16 16:32:16,650000.0,Up,560000.0,560000.0,275000.0,620000.0,1,1,485000.0,150499.1694329241,275000.0,620000.0,345000.0,285000.0,1.0363636363636364,285000.0,1.0363636363636364,Up,1,0,0,1.1546391752577319,0.3103075658410806,1,285000.0,1.0363636363636364,0.3103075658410806,560000.0,0.0,4,3,2,0,0,0,0,0,0,24,4,7,3.367295829986474,6,11,66,559306.0,1,1,0,0,1,0,0,1,0,0,0,0,0,1,1,0,0,0,0,0,1,1,0,1,0,0,1,0,0,0,0,1,0,0,0,0,1,0,0,0,2
R0237,real_4w,2,1,1,2026-04-30 17:30:23,1100000.0,Up,480000.0,480000.0,0.0,0.0,0,0,480000.0,0.0,480000.0,480000.0,0.0,0.0,0.0,0.0,0.0,Stable,0,0,1,1.0,0.0,0,0.0,0.0,0.0,480000.0,0.0,4,5,2,0,1,1,0,0,0,25,2,8,1.9459101490553132,5,9,45,517481.9375,1,3,0,0,0,0,0,0,0,0,0,0,1,0,1,0,0,0,0,0,0,1,0,0,0,1,1,0,1,0,0,0,0,0,0,0,0,1,0,0,1
R0237,real_4w,3,2,2,2026-04-23 17:30:23,800000.0,Down,1100000.0,1100000.0,480000.0,0.0,1,0,790000.0,310000.0,480000.0,1100000.0,620000.0,620000.0,1.2916666666666667,620000.0,1.2916666666666667,Up,1,0,0,1.3924050632911393,0.3924050632911392,1,620000.0,1.2916666666666667,0.3924050632911392,790000.0,0.3924050632911392,4,4,2,0,0,0,0,0,0,25,2,8,1.9459101490553132,5,9,45,517481.9375,1,3,0,0,0,0,0,0,0,0,0,0,1,0,1,0,0,0,0,0,0,1,0,0,0,1,1,0,1,0,0,0,0,0,0,0,0,1,0,0,2
R0237,real_4w,4,3,3,2026-04-16 17:30:23,1075000.0,Up,800000.0,800000.0,1100000.0,480000.0,1,1,793333.3333333334,253157.83394730033,480000.0,1100000.0,620000.0,-300000.0,-0.2727272727272727,-300000.0,-0.2727272727272727,Down,0,1,0,1.0084033613445378,0.31910651337894996,1,-300000.0,-0.2727272727272727,0.31910651337894996,800000.0,0.0,4,3,2,0,0,0,0,0,0,25,2,8,1.9459101490553132,5,9,45,517481.9375,1,3,0,0,0,0,0,0,0,0,0,0,1,0,1,0,0,0,0,0,0,1,0,0,0,1,1,0,1,0,0,0,0,0,0,0,0,1,0,0,0
R0238,real_4w,2,1,1,2026-04-30 17:34:00,1070000.0,Up,240000.0,240000.0,0.0,0.0,0,0,240000.0,0.0,240000.0,240000.0,0.0,0.0,0.0,0.0,0.0,Stable,0,0,1,1.0,0.0,0,0.0,0.0,0.0,240000.0,0.0,4,5,2,0,1,1,0,0,0,23,4,0,2.9444389791664403,7,8,56,548095.6666666666,2,4,0,0,1,0,0,0,0,0,0,0,0,1,0,1,1,0,0,0,1,1,0,1,0,0,0,1,0,1,0,1,0,0,0,0,1,0,0,0,1
R0238,real_4w,3,2,2,2026-04-23 17:34:00,525000.0,Down,1070000.0,1070000.0,240000.0,0.0,1,0,655000.0,415000.0,240000.0,1070000.0,830000.0,830000.0,3.4583333333333335,830000.0,3.4583333333333335,Up,1,0,0,1.633587786259542,0.6335877862595419,1,830000.0,3.4583333333333335,0.6335877862595419,655000.0,0.6335877862595419,4,4,2,0,0,0,0,0,0,23,4,0,2.9444389791664403,7,8,56,548095.6666666666,2,4,0,0,1,0,0,0,0,0,0,0,0,1,0,1,1,0,0,0,1,1,0,1,0,0,0,1,0,1,0,1,0,0,0,0,1,0,0,0,2
R0238,real_4w,4,3,3,2026-04-16 17:34:00,600000.0,Up,525000.0,525000.0,1070000.0,240000.0,1,1,611666.6666666666,344343.17507716373,240000.0,1070000.0,830000.0,-545000.0,-0.5093457943925234,-545000.0,-0.5093457943925234,Down,0,1,0,0.8583106267029973,0.5629588693359625,0,-545000.0,-0.5093457943925234,0.5629588693359625,525000.0,0.0,4,3,2,0,0,0,0,0,0,23,4,0,2.9444389791664403,7,8,56,548095.6666666666,2,4,0,0,1,0,0,0,0,0,0,0,0,1,0,1,1,0,0,0,1,1,0,1,0,0,0,1,0,1,0,1,0,0,0,0,1,0,0,0,0
R0239,real_4w,2,1,1,2026-04-30 18:36:49,500000.0,Stable,550000.0,550000.0,0.0,0.0,0,0,550000.0,0.0,550000.0,550000.0,0.0,0.0,0.0,0.0,0.0,Stable,0,0,1,1.0,0.0,0,0.0,0.0,0.0,550000.0,0.0,4,5,2,0,1,1,0,0,0,17,6,1,3.8918202981106265,7,9,63,518297.0,2,4,0,0,0,0,0,0,0,0,0,1,0,0,1,0,0,1,1,0,0,1,0,0,0,0,1,0,0,0,1,0,0,1,0,0,0,0,0,0,1
R0239,real_4w,3,2,2,2026-04-23 18:36:49,580000.0,Up,500000.0,500000.0,550000.0,0.0,1,0,525000.0,25000.0,500000.0,550000.0,50000.0,-50000.0,-0.09090909090909091,-50000.0,-0.09090909090909091,Stable,0,0,1,0.9523809523809523,0.047619047619047616,0,-50000.0,-0.09090909090909091,0.047619047619047616,525000.0,-0.047619047619047616,4,4,2,0,0,0,0,0,0,17,6,1,3.8918202981106265,7,9,63,518297.0,2,4,0,0,0,0,0,0,0,0,0,1,0,0,1,0,0,1,1,0,0,1,0,0,0,0,1,0,0,0,1,0,0,1,0,0,0,0,0,0,1
R0239,real_4w,4,3,3,2026-04-16 18:36:49,525000.0,Stable,580000.0,580000.0,500000.0,550000.0,1,1,543333.3333333334,32998.31645537222,500000.0,580000.0,80000.0,80000.0,0.16,80000.0,0.16,Up,1,0,0,1.067484662576687,0.06073309777062372,1,80000.0,0.16,0.06073309777062372,550000.0,0.05454545454545454,4,3,2,0,0,0,0,0,0,17,6,1,3.8918202981106265,7,9,63,518297.0,2,4,0,0,0,0,0,0,0,0,0,1,0,0,1,0,0,1,1,0,0,1,0,0,0,0,1,0,0,0,1,0,0,1,0,0,0,0,0,0,2
R0240,real_4w,2,1,1,2026-04-30 18:52:14,875000.0,Up,625000.0,625000.0,0.0,0.0,0,0,625000.0,0.0,625000.0,625000.0,0.0,0.0,0.0,0.0,0.0,Stable,0,0,1,1.0,0.0,0,0.0,0.0,0.0,625000.0,0.0,4,5,2,0,1,1,0,0,0,27,1,0,1.3862943611198906,5,7,35,548095.6666666666,2,0,0,0,0,1,0,0,1,0,0,1,1,0,1,0,0,0,0,0,0,1,0,0,1,1,1,0,1,0,0,0,0,0,1,0,0,0,0,0,1
R0240,real_4w,3,2,2,2026-04-23 18:52:14,570000.0,Down,875000.0,875000.0,625000.0,0.0,1,0,750000.0,125000.0,625000.0,875000.0,250000.0,250000.0,0.4,250000.0,0.4,Up,1,0,0,1.1666666666666667,0.16666666666666666,1,250000.0,0.4,0.16666666666666666,750000.0,0.16666666666666666,4,4,2,0,0,0,0,0,0,27,1,0,1.3862943611198906,5,7,35,548095.6666666666,2,0,0,0,0,1,0,0,1,0,0,1,1,0,1,0,0,0,0,0,0,1,0,0,1,1,1,0,1,0,0,0,0,0,1,0,0,0,0,0,2
R0240,real_4w,4,3,3,2026-04-16 18:52:14,725000.0,Up,570000.0,570000.0,875000.0,625000.0,1,1,690000.0,132727.79161376363,570000.0,875000.0,305000.0,-305000.0,-0.3485714285714286,-305000.0,-0.3485714285714286,Down,0,1,0,0.8260869565217391,0.19235911828081687,0,-305000.0,-0.3485714285714286,0.19235911828081687,625000.0,-0.088,4,3,2,0,0,0,0,0,0,27,1,0,1.3862943611198906,5,7,35,548095.6666666666,2,0,0,0,0,1,0,0,1,0,0,1,1,0,1,0,0,0,0,0,0,1,0,0,1,1,1,0,1,0,0,0,0,0,1,0,0,0,0,0,0
R0241,real_4w,2,1,1,2026-04-30 19:32:03,575000.0,Down,660000.0,660000.0,0.0,0.0,0,0,660000.0,0.0,660000.0,660000.0,0.0,0.0,0.0,0.0,0.0,Stable,0,0,1,1.0,0.0,0,0.0,0.0,0.0,660000.0,0.0,4,5,2,0,1,1,0,0,0,38,5,7,2.5649493574615367,7,10,70,559306.0,1,3,0,0,1,0,0,0,0,0,0,0,0,0,1,0,1,1,0,1,0,1,0,0,0,0,1,0,0,1,1,0,0,0,0,1,0,0,0,0,1
R0241,real_4w,3,2,2,2026-04-23 19:32:03,805000.0,Up,575000.0,575000.0,660000.0,0.0,1,0,617500.0,42500.0,575000.0,660000.0,85000.0,-85000.0,-0.12878787878787878,-85000.0,-0.12878787878787878,Down,0,1,0,0.9311740890688259,0.06882591093117409,0,-85000.0,-0.12878787878787878,0.06882591093117409,617500.0,-0.06882591093117409,4,4,2,0,0,0,0,0,0,38,5,7,2.5649493574615367,7,10,70,559306.0,1,3,0,0,1,0,0,0,0,0,0,0,0,0,1,0,1,1,0,1,0,1,0,0,0,0,1,0,0,1,1,0,0,0,0,1,0,0,0,0,0
R0241,real_4w,4,3,3,2026-04-16 19:32:03,410000.0,Down,805000.0,805000.0,575000.0,660000.0,1,1,680000.0,94956.13022162743,575000.0,805000.0,230000.0,230000.0,0.4,230000.0,0.4,Up,1,0,0,1.1838235294117647,0.13964136797298152,1,230000.0,0.4,0.13964136797298152,660000.0,0.2196969696969697,4,3,2,0,0,0,0,0,0,38,5,7,2.5649493574615367,7,10,70,559306.0,1,3,0,0,1,0,0,0,0,0,0,0,0,0,1,0,1,1,0,1,0,1,0,0,0,0,1,0,0,1,1,0,0,0,0,1,0,0,0,0,2
R0242,real_4w,2,1,1,2026-04-30 19:37:25,400000.0,Up,275000.0,275000.0,0.0,0.0,0,0,275000.0,0.0,275000.0,275000.0,0.0,0.0,0.0,0.0,0.0,Stable,0,0,1,1.0,0.0,0,0.0,0.0,0.0,275000.0,0.0,4,5,2,0,1,1,0,0,0,41,3,5,3.1354942159291497,6,3,18,460955.5,0,4,0,0,0,0,0,1,1,1,0,1,0,0,0,0,1,1,0,0,0,1,0,0,0,0,0,0,0,1,1,0,1,0,0,0,0,0,0,0,1
R0242,real_4w,3,2,2,2026-04-23 19:37:25,260000.0,Down,400000.0,400000.0,275000.0,0.0,1,0,337500.0,62500.0,275000.0,400000.0,125000.0,125000.0,0.45454545454545453,125000.0,0.45454545454545453,Up,1,0,0,1.1851851851851851,0.18518518518518517,1,125000.0,0.45454545454545453,0.18518518518518517,337500.0,0.18518518518518517,4,4,2,0,0,0,0,0,0,41,3,5,3.1354942159291497,6,3,18,460955.5,0,4,0,0,0,0,0,1,1,1,0,1,0,0,0,0,1,1,0,0,0,1,0,0,0,0,0,0,0,1,1,0,1,0,0,0,0,0,0,0,2
R0242,real_4w,4,3,3,2026-04-16 19:37:25,560000.0,Up,260000.0,260000.0,400000.0,275000.0,1,1,311666.6666666667,62760.56794587577,260000.0,400000.0,140000.0,-140000.0,-0.35,-140000.0,-0.35,Down,0,1,0,0.8342245989304813,0.20137080624345166,0,-140000.0,-0.35,0.20137080624345166,275000.0,-0.05454545454545454,4,3,2,0,0,0,0,0,0,41,3,5,3.1354942159291497,6,3,18,460955.5,0,4,0,0,0,0,0,1,1,1,0,1,0,0,0,0,1,1,0,0,0,1,0,0,0,0,0,0,0,1,1,0,1,0,0,0,0,0,0,0,0
R0243,real_4w,2,1,1,2026-04-30 20:20:16,410000.0,Down,835000.0,835000.0,0.0,0.0,0,0,835000.0,0.0,835000.0,835000.0,0.0,0.0,0.0,0.0,0.0,Stable,0,0,1,1.0,0.0,0,0.0,0.0,0.0,835000.0,0.0,4,5,2,0,1,1,0,0,0,26,2,1,3.2188758248682006,4,8,32,518297.0,2,0,0,0,0,0,0,0,0,0,0,1,1,0,1,0,0,0,0,0,0,1,0,0,1,1,1,0,1,0,0,0,0,0,0,0,0,1,0,0,1
R0243,real_4w,3,2,2,2026-04-23 20:20:16,425000.0,Stable,410000.0,410000.0,835000.0,0.0,1,0,622500.0,212500.0,410000.0,835000.0,425000.0,-425000.0,-0.5089820359281437,-425000.0,-0.5089820359281437,Down,0,1,0,0.6586345381526104,0.3413654618473896,0,-425000.0,-0.5089820359281437,0.3413654618473896,622500.0,-0.3413654618473896,4,4,2,0,0,0,0,0,0,26,2,1,3.2188758248682006,4,8,32,518297.0,2,0,0,0,0,0,0,0,0,0,0,1,1,0,1,0,0,0,0,0,0,1,0,0,1,1,1,0,1,0,0,0,0,0,0,0,0,1,0,0,0
R0243,real_4w,4,3,3,2026-04-16 20:20:16,300000.0,Down,425000.0,425000.0,410000.0,835000.0,1,1,556666.6666666666,196906.63326110225,410000.0,835000.0,425000.0,15000.0,0.036585365853658534,15000.0,0.036585365853658534,Stable,0,0,1,0.7634730538922156,0.3537244908882077,0,15000.0,0.036585365853658534,0.3537244908882077,425000.0,0.0,4,3,2,0,0,0,0,0,0,26,2,1,3.2188758248682006,4,8,32,518297.0,2,0,0,0,0,0,0,0,0,0,0,1,1,0,1,0,0,0,0,0,0,1,0,0,1,1,1,0,1,0,0,0,0,0,0,0,0,1,0,0,1
R0244,real_4w,2,1,1,2026-04-30 20:36:27,330000.0,Down,375000.0,375000.0,0.0,0.0,0,0,375000.0,0.0,375000.0,375000.0,0.0,0.0,0.0,0.0,0.0,Stable,0,0,1,1.0,0.0,0,0.0,0.0,0.0,375000.0,0.0,4,5,2,0,1,1,0,0,0,34,3,2,1.0986122886681096,4,6,24,739240.8333333334,0,4,0,0,0,1,0,1,1,1,0,1,0,0,0,1,0,0,0,0,0,1,0,1,0,1,0,1,0,0,0,0,1,0,0,0,0,0,0,0,1
R0244,real_4w,3,2,2,2026-04-23 20:36:27,375000.0,Up,330000.0,330000.0,375000.0,0.0,1,0,352500.0,22500.0,330000.0,375000.0,45000.0,-45000.0,-0.12,-45000.0,-0.12,Down,0,1,0,0.9361702127659575,0.06382978723404255,0,-45000.0,-0.12,0.06382978723404255,352500.0,-0.06382978723404255,4,4,2,0,0,0,0,0,0,34,3,2,1.0986122886681096,4,6,24,739240.8333333334,0,4,0,0,0,1,0,1,1,1,0,1,0,0,0,1,0,0,0,0,0,1,0,1,0,1,0,1,0,0,0,0,1,0,0,0,0,0,0,0,0
R0244,real_4w,4,3,3,2026-04-16 20:36:27,380000.0,Stable,375000.0,375000.0,330000.0,375000.0,1,1,360000.0,21213.203435596424,330000.0,375000.0,45000.0,45000.0,0.13636363636363635,45000.0,0.13636363636363635,Up,1,0,0,1.0416666666666667,0.05892556509887895,1,45000.0,0.13636363636363635,0.05892556509887895,375000.0,0.0,4,3,2,0,0,0,0,0,0,34,3,2,1.0986122886681096,4,6,24,739240.8333333334,0,4,0,0,0,1,0,1,1,1,0,1,0,0,0,1,0,0,0,0,0,1,0,1,0,1,0,1,0,0,0,0,1,0,0,0,0,0,0,0,2
R0245,real_4w,2,1,1,2026-04-30 20:45:06,910000.0,Up,320000.0,320000.0,0.0,0.0,0,0,320000.0,0.0,320000.0,320000.0,0.0,0.0,0.0,0.0,0.0,Stable,0,0,1,1.0,0.0,0,0.0,0.0,0.0,320000.0,0.0,4,5,2,0,1,1,0,0,0,30,3,6,4.343805421853684,6,8,48,653189.75,2,4,0,0,0,0,0,1,1,1,0,1,0,0,1,0,0,1,0,0,0,1,0,1,0,0,1,0,0,0,1,0,1,0,0,0,0,0,0,0,1
R0245,real_4w,3,2,2,2026-04-23 20:45:06,1200000.0,Up,910000.0,910000.0,320000.0,0.0,1,0,615000.0,295000.0,320000.0,910000.0,590000.0,590000.0,1.84375,590000.0,1.84375,Up,1,0,0,1.4796747967479675,0.4796747967479675,1,590000.0,1.84375,0.4796747967479675,615000.0,0.4796747967479675,4,4,2,0,0,0,0,0,0,30,3,6,4.343805421853684,6,8,48,653189.75,2,4,0,0,0,0,0,1,1,1,0,1,0,0,1,0,0,1,0,0,0,1,0,1,0,0,1,0,0,0,1,0,1,0,0,0,0,0,0,0,2
R0245,real_4w,4,3,3,2026-04-16 20:45:06,350000.0,Down,1200000.0,1200000.0,910000.0,320000.0,1,1,810000.0,366151.1527588937,320000.0,1200000.0,880000.0,290000.0,0.31868131868131866,290000.0,0.31868131868131866,Up,1,0,0,1.4814814814814814,0.452038460196165,1,290000.0,0.31868131868131866,0.452038460196165,910000.0,0.31868131868131866,4,3,2,0,0,0,0,0,0,30,3,6,4.343805421853684,6,8,48,653189.75,2,4,0,0,0,0,0,1,1,1,0,1,0,0,1,0,0,1,0,0,0,1,0,1,0,0,1,0,0,0,1,0,1,0,0,0,0,0,0,0,2
R0246,real_4w,2,1,1,2026-04-30 21:23:54,390000.0,Down,470000.0,470000.0,0.0,0.0,0,0,470000.0,0.0,470000.0,470000.0,0.0,0.0,0.0,0.0,0.0,Stable,0,0,1,1.0,0.0,0,0.0,0.0,0.0,470000.0,0.0,4,5,2,0,1,1,0,0,0,32,3,2,2.9444389791664403,5,6,30,739240.8333333334,1,2,0,0,0,0,0,1,1,1,0,1,0,0,0,0,1,0,0,0,0,1,0,0,0,0,0,0,0,1,0,0,1,0,0,0,0,0,0,0,1
R0246,real_4w,3,2,2,2026-04-23 21:23:54,150000.0,Down,390000.0,390000.0,470000.0,0.0,1,0,430000.0,40000.0,390000.0,470000.0,80000.0,-80000.0,-0.1702127659574468,-80000.0,-0.1702127659574468,Down,0,1,0,0.9069767441860465,0.09302325581395349,0,-80000.0,-0.1702127659574468,0.09302325581395349,430000.0,-0.09302325581395349,4,4,2,0,0,0,0,0,0,32,3,2,2.9444389791664403,5,6,30,739240.8333333334,1,2,0,0,0,0,0,1,1,1,0,1,0,0,0,0,1,0,0,0,0,1,0,0,0,0,0,0,0,1,0,0,1,0,0,0,0,0,0,0,0
R0246,real_4w,4,3,3,2026-04-16 21:23:54,375000.0,Up,150000.0,150000.0,390000.0,470000.0,1,1,336666.6666666667,135973.8536958076,150000.0,470000.0,320000.0,-240000.0,-0.6153846153846154,-240000.0,-0.6153846153846154,Down,0,1,0,0.4455445544554455,0.40388273374992356,0,-240000.0,-0.6153846153846154,0.40388273374992356,390000.0,-0.6153846153846154,4,3,2,0,0,0,0,0,0,32,3,2,2.9444389791664403,5,6,30,739240.8333333334,1,2,0,0,0,0,0,1,1,1,0,1,0,0,0,0,1,0,0,0,0,1,0,0,0,0,0,0,0,1,0,0,1,0,0,0,0,0,0,0,0
R0247,real_4w,2,1,1,2026-04-30 21:29:06,125000.0,Stable,125000.0,125000.0,0.0,0.0,0,0,125000.0,0.0,125000.0,125000.0,0.0,0.0,0.0,0.0,0.0,Stable,0,0,1,1.0,0.0,0,0.0,0.0,0.0,125000.0,0.0,4,5,2,0,1,1,0,0,0,30,6,8,3.2188758248682006,6,7,42,517481.9375,0,0,0,0,0,0,0,0,0,0,0,1,0,1,1,0,0,1,1,0,0,1,0,0,0,0,1,0,0,0,1,1,0,1,0,0,0,0,0,0,1
R0247,real_4w,3,2,2,2026-04-23 21:29:06,135000.0,Stable,125000.0,125000.0,125000.0,0.0,1,0,125000.0,0.0,125000.0,125000.0,0.0,0.0,0.0,0.0,0.0,Stable,0,0,1,1.0,0.0,0,0.0,0.0,0.0,125000.0,0.0,4,4,2,0,0,0,0,0,0,30,6,8,3.2188758248682006,6,7,42,517481.9375,0,0,0,0,0,0,0,0,0,0,0,1,0,1,1,0,0,1,1,0,0,1,0,0,0,0,1,0,0,0,1,1,0,1,0,0,0,0,0,0,1
R0247,real_4w,4,3,3,2026-04-16 21:29:06,135000.0,Stable,135000.0,135000.0,125000.0,125000.0,1,1,128333.33333333333,4714.045207910317,125000.0,135000.0,10000.0,10000.0,0.08,10000.0,0.08,Stable,0,0,1,1.051948051948052,0.036732819801898575,1,10000.0,0.08,0.036732819801898575,125000.0,0.08,4,3,2,0,0,0,0,0,0,30,6,8,3.2188758248682006,6,7,42,517481.9375,0,0,0,0,0,0,0,0,0,0,0,1,0,1,1,0,0,1,1,0,0,1,0,0,0,0,1,0,0,0,1,1,0,1,0,0,0,0,0,0,1
R0248,real_4w,2,1,1,2026-04-30 21:55:13,1273200.0,Up,1150000.0,1150000.0,0.0,0.0,0,0,1150000.0,0.0,1150000.0,1150000.0,0.0,0.0,0.0,0.0,0.0,Stable,0,0,1,1.0,0.0,0,0.0,0.0,0.0,1150000.0,0.0,4,5,2,0,1,1,0,0,0,28,5,8,4.23410650459726,5,10,50,517481.9375,2,1,0,0,1,0,0,0,0,0,0,0,0,0,0,0,0,1,0,1,0,1,0,0,0,0,0,0,0,0,1,0,0,0,0,1,0,0,0,0,1
R0248,real_4w,3,2,2,2026-04-23 21:55:13,740000.0,Down,1273200.0,1273200.0,1150000.0,0.0,1,0,1211600.0,61600.0,1150000.0,1273200.0,123200.0,123200.0,0.1071304347826087,123200.0,0.1071304347826087,Up,1,0,0,1.0508418620006603,0.050841862000660286,1,123200.0,0.1071304347826087,0.050841862000660286,1211600.0,0.050841862000660286,4,4,2,0,0,0,0,0,0,28,5,8,4.23410650459726,5,10,50,517481.9375,2,1,0,0,1,0,0,0,0,0,0,0,0,0,0,0,0,1,0,1,0,1,0,0,0,0,0,0,0,0,1,0,0,0,0,1,0,0,0,0,2
R0248,real_4w,4,3,3,2026-04-16 21:55:13,545000.0,Down,740000.0,740000.0,1273200.0,1150000.0,1,1,1054400.0,227932.85561030175,740000.0,1273200.0,533200.0,-533200.0,-0.4187873075714735,-533200.0,-0.4187873075714735,Down,0,1,0,0.7018209408194234,0.2161730421190267,0,-533200.0,-0.4187873075714735,0.2161730421190267,1150000.0,-0.3565217391304348,4,3,2,0,0,0,0,0,0,28,5,8,4.23410650459726,5,10,50,517481.9375,2,1,0,0,1,0,0,0,0,0,0,0,0,0,0,0,0,1,0,1,0,1,0,0,0,0,0,0,0,0,1,0,0,0,0,1,0,0,0,0,0
R0249,real_4w,2,1,1,2026-04-30 22:45:16,110000.0,Down,190000.0,190000.0,0.0,0.0,0,0,190000.0,0.0,190000.0,190000.0,0.0,0.0,0.0,0.0,0.0,Stable,0,0,1,1.0,0.0,0,0.0,0.0,0.0,190000.0,0.0,4,5,2,0,1,1,0,0,0,23,7,2,2.995732273553991,3,4,12,739240.8333333334,1,0,0,0,0,1,0,0,1,0,0,1,1,1,1,0,0,0,0,0,1,1,1,0,0,0,1,0,1,0,0,1,0,0,0,0,0,0,1,0,1
R0249,real_4w,3,2,2,2026-04-23 22:45:16,200000.0,Up,110000.0,110000.0,190000.0,0.0,1,0,150000.0,40000.0,110000.0,190000.0,80000.0,-80000.0,-0.42105263157894735,-80000.0,-0.42105263157894735,Down,0,1,0,0.7333333333333333,0.26666666666666666,0,-80000.0,-0.42105263157894735,0.26666666666666666,150000.0,-0.26666666666666666,4,4,2,0,0,0,0,0,0,23,7,2,2.995732273553991,3,4,12,739240.8333333334,1,0,0,0,0,1,0,0,1,0,0,1,1,1,1,0,0,0,0,0,1,1,1,0,0,0,1,0,1,0,0,1,0,0,0,0,0,0,1,0,0
R0249,real_4w,4,3,3,2026-04-16 22:45:16,115000.0,Down,200000.0,200000.0,110000.0,190000.0,1,1,166666.66666666666,40276.81991198191,110000.0,200000.0,90000.0,90000.0,0.8181818181818182,90000.0,0.8181818181818182,Up,1,0,0,1.2000000000000002,0.24166091947189147,1,90000.0,0.8181818181818182,0.24166091947189147,190000.0,0.05263157894736842,4,3,2,0,0,0,0,0,0,23,7,2,2.995732273553991,3,4,12,739240.8333333334,1,0,0,0,0,1,0,0,1,0,0,1,1,1,1,0,0,0,0,0,1,1,1,0,0,0,1,0,1,0,0,1,0,0,0,0,0,0,1,0,2
R0250,real_4w,2,1,1,2026-04-30 23:10:27,705000.0,Stable,720000.0,720000.0,0.0,0.0,0,0,720000.0,0.0,720000.0,720000.0,0.0,0.0,0.0,0.0,0.0,Stable,0,0,1,1.0,0.0,0,0.0,0.0,0.0,720000.0,0.0,4,5,2,0,1,1,0,0,0,19,2,1,4.418840607796598,6,4,24,518297.0,1,1,0,0,0,0,0,0,0,0,0,1,1,0,0,0,0,0,0,0,0,1,0,0,0,0,0,0,1,0,0,0,0,0,0,0,0,1,0,0,1
R0250,real_4w,3,2,2,2026-04-23 23:10:27,630000.0,Down,705000.0,705000.0,720000.0,0.0,1,0,712500.0,7500.0,705000.0,720000.0,15000.0,-15000.0,-0.020833333333333332,-15000.0,-0.020833333333333332,Stable,0,0,1,0.9894736842105263,0.010526315789473684,0,-15000.0,-0.020833333333333332,0.010526315789473684,712500.0,-0.010526315789473684,4,4,2,0,0,0,0,0,0,19,2,1,4.418840607796598,6,4,24,518297.0,1,1,0,0,0,0,0,0,0,0,0,1,1,0,0,0,0,0,0,0,0,1,0,0,0,0,0,0,1,0,0,0,0,0,0,0,0,1,0,0,1
R0250,real_4w,4,3,3,2026-04-16 23:10:27,625000.0,Stable,630000.0,630000.0,705000.0,720000.0,1,1,685000.0,39370.03937005906,630000.0,720000.0,90000.0,-75000.0,-0.10638297872340426,-75000.0,-0.10638297872340426,Down,0,1,0,0.9197080291970803,0.0574745100292833,0,-75000.0,-0.10638297872340426,0.0574745100292833,705000.0,-0.10638297872340426,4,3,2,0,0,0,0,0,0,19,2,1,4.418840607796598,6,4,24,518297.0,1,1,0,0,0,0,0,0,0,0,0,1,1,0,0,0,0,0,0,0,0,1,0,0,0,0,0,0,1,0,0,0,0,0,0,0,0,1,0,0,0
R0251,real_4w,2,1,1,2026-04-30 23:41:10,855000.0,Down,1080000.0,1080000.0,0.0,0.0,0,0,1080000.0,0.0,1080000.0,1080000.0,0.0,0.0,0.0,0.0,0.0,Stable,0,0,1,1.0,0.0,0,0.0,0.0,0.0,1080000.0,0.0,4,5,2,0,1,1,0,0,0,26,5,1,3.6635616461296463,5,9,45,518297.0,2,1,0,1,0,0,0,0,0,0,0,0,0,1,1,0,0,0,0,0,0,1,0,0,0,0,1,0,0,0,0,1,0,0,0,1,0,0,0,0,1
R0251,real_4w,3,2,2,2026-04-23 23:41:10,920000.0,Stable,855000.0,855000.0,1080000.0,0.0,1,0,967500.0,112500.0,855000.0,1080000.0,225000.0,-225000.0,-0.20833333333333334,-225000.0,-0.20833333333333334,Down,0,1,0,0.8837209302325582,0.11627906976744186,0,-225000.0,-0.20833333333333334,0.11627906976744186,967500.0,-0.11627906976744186,4,4,2,0,0,0,0,0,0,26,5,1,3.6635616461296463,5,9,45,518297.0,2,1,0,1,0,0,0,0,0,0,0,0,0,1,1,0,0,0,0,0,0,1,0,0,0,0,1,0,0,0,0,1,0,0,0,1,0,0,0,0,0
R0251,real_4w,4,3,3,2026-04-16 23:41:10,1025000.0,Up,920000.0,920000.0,855000.0,1080000.0,1,1,951666.6666666666,94545.69735788557,855000.0,1080000.0,225000.0,65000.0,0.07602339181286549,65000.0,0.07602339181286549,Stable,0,0,1,0.9667250437828372,0.09934749284541392,0,65000.0,0.07602339181286549,0.09934749284541392,920000.0,0.0,4,3,2,0,0,0,0,0,0,26,5,1,3.6635616461296463,5,9,45,518297.0,2,1,0,1,0,0,0,0,0,0,0,0,0,1,1,0,0,0,0,0,0,1,0,0,0,0,1,0,0,0,0,1,0,0,0,1,0,0,0,0,1
R0252,real_4w,2,1,1,2026-05-01 01:04:47,150000.0,Down,375000.0,375000.0,0.0,0.0,0,0,375000.0,0.0,375000.0,375000.0,0.0,0.0,0.0,0.0,0.0,Stable,0,0,1,1.0,0.0,0,0.0,0.0,0.0,375000.0,0.0,5,1,2,1,0,1,0,0,0,29,6,2,0.6931471805599453,3,7,21,739240.8333333334,1,4,0,0,0,0,0,0,0,0,0,1,0,1,1,0,0,0,0,0,1,1,1,0,0,0,1,0,0,0,0,1,0,1,0,0,0,0,0,0,1
R0252,real_4w,3,2,2,2026-04-24 01:04:47,650000.0,Up,150000.0,150000.0,375000.0,0.0,1,0,262500.0,112500.0,150000.0,375000.0,225000.0,-225000.0,-0.6,-225000.0,-0.6,Down,0,1,0,0.5714285714285714,0.42857142857142855,0,-225000.0,-0.6,0.42857142857142855,262500.0,-0.42857142857142855,4,4,2,0,1,0,0,0,0,29,6,2,0.6931471805599453,3,7,21,739240.8333333334,1,4,0,0,0,0,0,0,0,0,0,1,0,1,1,0,0,0,0,0,1,1,1,0,0,0,1,0,0,0,0,1,0,1,0,0,0,0,0,0,0
R0252,real_4w,4,3,3,2026-04-17 01:04:47,150000.0,Down,650000.0,650000.0,150000.0,375000.0,1,1,391666.6666666667,204464.0691064216,150000.0,650000.0,500000.0,500000.0,3.3333333333333335,500000.0,3.3333333333333335,Up,1,0,0,1.6595744680851063,0.5220359211227785,1,500000.0,3.3333333333333335,0.5220359211227785,375000.0,0.7333333333333333,4,3,2,0,0,0,0,0,0,29,6,2,0.6931471805599453,3,7,21,739240.8333333334,1,4,0,0,0,0,0,0,0,0,0,1,0,1,1,0,0,0,0,0,1,1,1,0,0,0,1,0,0,0,0,1,0,1,0,0,0,0,0,0,2
R0253,real_4w,2,1,1,2026-05-01 02:26:34,525000.0,Up,460000.0,460000.0,0.0,0.0,0,0,460000.0,0.0,460000.0,460000.0,0.0,0.0,0.0,0.0,0.0,Stable,0,0,1,1.0,0.0,0,0.0,0.0,0.0,460000.0,0.0,5,1,2,1,0,1,0,0,0,17,6,2,3.8066624897703196,5,5,25,739240.8333333334,1,2,0,0,0,0,0,0,0,0,0,1,0,1,0,0,0,0,0,0,1,1,0,0,0,0,0,0,0,0,0,1,0,1,0,0,0,0,0,0,1
R0253,real_4w,3,2,2,2026-04-24 02:26:34,505000.0,Stable,525000.0,525000.0,460000.0,0.0,1,0,492500.0,32500.0,460000.0,525000.0,65000.0,65000.0,0.14130434782608695,65000.0,0.14130434782608695,Up,1,0,0,1.0659898477157361,0.06598984771573604,1,65000.0,0.14130434782608695,0.06598984771573604,492500.0,0.06598984771573604,4,4,2,0,1,0,0,0,0,17,6,2,3.8066624897703196,5,5,25,739240.8333333334,1,2,0,0,0,0,0,0,0,0,0,1,0,1,0,0,0,0,0,0,1,1,0,0,0,0,0,0,0,0,0,1,0,1,0,0,0,0,0,0,2
R0253,real_4w,4,3,3,2026-04-17 02:26:34,450000.0,Down,505000.0,505000.0,525000.0,460000.0,1,1,496666.6666666667,27182.510717166817,460000.0,525000.0,65000.0,-20000.0,-0.0380952380952381,-20000.0,-0.0380952380952381,Stable,0,0,1,1.016778523489933,0.0547298873500003,1,-20000.0,-0.0380952380952381,0.0547298873500003,505000.0,0.0,4,3,2,0,0,0,0,0,0,17,6,2,3.8066624897703196,5,5,25,739240.8333333334,1,2,0,0,0,0,0,0,0,0,0,1,0,1,0,0,0,0,0,0,1,1,0,0,0,0,0,0,0,0,0,1,0,1,0,0,0,0,0,0,1
R0254,real_4w,2,1,1,2026-05-01 02:51:23,295000.0,Stable,325000.0,325000.0,0.0,0.0,0,0,325000.0,0.0,325000.0,325000.0,0.0,0.0,0.0,0.0,0.0,Stable,0,0,1,1.0,0.0,0,0.0,0.0,0.0,325000.0,0.0,5,1,2,1,0,1,0,0,0,24,6,2,4.276666119016055,5,9,45,739240.8333333334,2,0,0,0,0,0,0,0,0,0,0,1,0,1,0,0,0,1,0,0,1,1,1,0,0,0,0,0,0,0,1,1,0,1,0,0,0,0,0,0,1
R0254,real_4w,3,2,2,2026-04-24 02:51:23,360000.0,Up,295000.0,295000.0,325000.0,0.0,1,0,310000.0,15000.0,295000.0,325000.0,30000.0,-30000.0,-0.09230769230769231,-30000.0,-0.09230769230769231,Stable,0,0,1,0.9516129032258065,0.04838709677419355,0,-30000.0,-0.09230769230769231,0.04838709677419355,310000.0,-0.04838709677419355,4,4,2,0,1,0,0,0,0,24,6,2,4.276666119016055,5,9,45,739240.8333333334,2,0,0,0,0,0,0,0,0,0,0,1,0,1,0,0,0,1,0,0,1,1,1,0,0,0,0,0,0,0,1,1,0,1,0,0,0,0,0,0,1
R0254,real_4w,4,3,3,2026-04-17 02:51:23,300000.0,Down,360000.0,360000.0,295000.0,325000.0,1,1,326666.6666666667,26562.29575084871,295000.0,360000.0,65000.0,65000.0,0.22033898305084745,65000.0,0.22033898305084745,Up,1,0,0,1.1020408163265305,0.08131315025770013,1,65000.0,0.22033898305084745,0.08131315025770013,325000.0,0.1076923076923077,4,3,2,0,0,0,0,0,0,24,6,2,4.276666119016055,5,9,45,739240.8333333334,2,0,0,0,0,0,0,0,0,0,0,1,0,1,0,0,0,1,0,0,1,1,1,0,0,0,0,0,0,0,1,1,0,1,0,0,0,0,0,0,2
R0255,real_4w,2,1,1,2026-05-01 02:57:20,600000.0,Up,535000.0,535000.0,0.0,0.0,0,0,535000.0,0.0,535000.0,535000.0,0.0,0.0,0.0,0.0,0.0,Stable,0,0,1,1.0,0.0,0,0.0,0.0,0.0,535000.0,0.0,5,1,2,1,0,1,0,0,0,39,6,2,2.70805020110221,6,9,54,739240.8333333334,2,0,0,0,0,0,0,0,0,0,0,1,0,1,1,0,0,1,0,0,1,1,1,0,0,0,1,0,0,0,1,1,0,1,0,0,0,0,0,0,1
R0255,real_4w,3,2,2,2026-04-24 02:57:20,550000.0,Stable,600000.0,600000.0,535000.0,0.0,1,0,567500.0,32500.0,535000.0,600000.0,65000.0,65000.0,0.12149532710280374,65000.0,0.12149532710280374,Up,1,0,0,1.0572687224669604,0.05726872246696035,1,65000.0,0.12149532710280374,0.05726872246696035,567500.0,0.05726872246696035,4,4,2,0,1,0,0,0,0,39,6,2,2.70805020110221,6,9,54,739240.8333333334,2,0,0,0,0,0,0,0,0,0,0,1,0,1,1,0,0,1,0,0,1,1,1,0,0,0,1,0,0,0,1,1,0,1,0,0,0,0,0,0,2
R0255,real_4w,4,3,3,2026-04-17 02:57:20,750000.0,Up,550000.0,550000.0,600000.0,535000.0,1,1,561666.6666666666,27788.88666755511,535000.0,600000.0,65000.0,-50000.0,-0.08333333333333333,-50000.0,-0.08333333333333333,Stable,0,0,1,0.9792284866468843,0.049475762612857764,0,-50000.0,-0.08333333333333333,0.049475762612857764,550000.0,0.0,4,3,2,0,0,0,0,0,0,39,6,2,2.70805020110221,6,9,54,739240.8333333334,2,0,0,0,0,0,0,0,0,0,0,1,0,1,1,0,0,1,0,0,1,1,1,0,0,0,1,0,0,0,1,1,0,1,0,0,0,0,0,0,1
R0256,real_4w,2,1,1,2026-05-01 05:19:47,600000.0,Up,540000.0,540000.0,0.0,0.0,0,0,540000.0,0.0,540000.0,540000.0,0.0,0.0,0.0,0.0,0.0,Stable,0,0,1,1.0,0.0,0,0.0,0.0,0.0,540000.0,0.0,5,1,2,1,0,1,0,0,0,34,4,4,2.70805020110221,6,11,66,442180.75,2,1,0,0,1,0,0,0,0,0,0,0,0,0,1,1,1,0,0,0,1,1,0,0,0,0,1,1,0,1,0,0,0,0,0,0,1,0,0,0,1
R0256,real_4w,3,2,2,2026-04-24 05:19:47,30000.0,Down,600000.0,600000.0,540000.0,0.0,1,0,570000.0,30000.0,540000.0,600000.0,60000.0,60000.0,0.1111111111111111,60000.0,0.1111111111111111,Up,1,0,0,1.0526315789473684,0.05263157894736842,1,60000.0,0.1111111111111111,0.05263157894736842,570000.0,0.05263157894736842,4,4,2,0,1,0,0,0,0,34,4,4,2.70805020110221,6,11,66,442180.75,2,1,0,0,1,0,0,0,0,0,0,0,0,0,1,1,1,0,0,0,1,1,0,0,0,0,1,1,0,1,0,0,0,0,0,0,1,0,0,0,2
R0256,real_4w,4,3,3,2026-04-17 05:19:47,680000.0,Up,30000.0,30000.0,600000.0,540000.0,1,1,390000.0,255734.23705088845,30000.0,600000.0,570000.0,-570000.0,-0.95,-570000.0,-0.95,Down,0,1,0,0.07692307692307693,0.655728812950996,0,-570000.0,-0.95,0.655728812950996,540000.0,-0.9444444444444444,4,3,2,0,0,0,0,0,0,34,4,4,2.70805020110221,6,11,66,442180.75,2,1,0,0,1,0,0,0,0,0,0,0,0,0,1,1,1,0,0,0,1,1,0,0,0,0,1,1,0,1,0,0,0,0,0,0,1,0,0,0,0
R0257,real_4w,2,1,1,2026-05-01 07:33:12,770000.0,Up,475000.0,475000.0,0.0,0.0,0,0,475000.0,0.0,475000.0,475000.0,0.0,0.0,0.0,0.0,0.0,Stable,0,0,1,1.0,0.0,0,0.0,0.0,0.0,475000.0,0.0,5,1,2,1,0,1,0,0,0,22,1,1,2.995732273553991,6,4,24,518297.0,1,2,0,0,0,0,0,0,0,0,0,0,1,0,0,0,0,0,0,0,1,1,0,0,0,0,0,0,1,0,0,0,0,0,1,0,0,0,0,0,1
R0257,real_4w,3,2,2,2026-04-24 07:33:12,430000.0,Down,770000.0,770000.0,475000.0,0.0,1,0,622500.0,147500.0,475000.0,770000.0,295000.0,295000.0,0.6210526315789474,295000.0,0.6210526315789474,Up,1,0,0,1.2369477911646587,0.23694779116465864,1,295000.0,0.6210526315789474,0.23694779116465864,622500.0,0.23694779116465864,4,4,2,0,1,0,0,0,0,22,1,1,2.995732273553991,6,4,24,518297.0,1,2,0,0,0,0,0,0,0,0,0,0,1,0,0,0,0,0,0,0,1,1,0,0,0,0,0,0,1,0,0,0,0,0,1,0,0,0,0,0,2
R0257,real_4w,4,3,3,2026-04-17 07:33:12,400000.0,Stable,430000.0,430000.0,770000.0,475000.0,1,1,558333.3333333334,150794.19381690028,430000.0,770000.0,340000.0,-340000.0,-0.44155844155844154,-340000.0,-0.44155844155844154,Down,0,1,0,0.7701492537313432,0.270079153104896,0,-340000.0,-0.44155844155844154,0.270079153104896,475000.0,-0.09473684210526316,4,3,2,0,0,0,0,0,0,22,1,1,2.995732273553991,6,4,24,518297.0,1,2,0,0,0,0,0,0,0,0,0,0,1,0,0,0,0,0,0,0,1,1,0,0,0,0,0,0,1,0,0,0,0,0,1,0,0,0,0,0,0
R0258,real_4w,2,1,1,2026-05-01 08:01:49,650000.0,Stable,630000.0,630000.0,0.0,0.0,0,0,630000.0,0.0,630000.0,630000.0,0.0,0.0,0.0,0.0,0.0,Stable,0,0,1,1.0,0.0,0,0.0,0.0,0.0,630000.0,0.0,5,1,2,1,0,1,0,0,0,17,0,3,2.772588722239781,5,3,15,518297.0,0,0,0,0,0,1,0,0,1,0,0,1,0,0,0,0,0,1,1,0,0,1,0,0,0,1,0,0,0,0,1,0,0,0,0,0,0,0,0,1,1
R0258,real_4w,3,2,2,2026-04-24 08:01:49,325000.0,Down,650000.0,650000.0,630000.0,0.0,1,0,640000.0,10000.0,630000.0,650000.0,20000.0,20000.0,0.031746031746031744,20000.0,0.031746031746031744,Stable,0,0,1,1.015625,0.015625,1,20000.0,0.031746031746031744,0.015625,640000.0,0.015625,4,4,2,0,1,0,0,0,0,17,0,3,2.772588722239781,5,3,15,518297.0,0,0,0,0,0,1,0,0,1,0,0,1,0,0,0,0,0,1,1,0,0,1,0,0,0,1,0,0,0,0,1,0,0,0,0,0,0,0,0,1,1
R0258,real_4w,4,3,3,2026-04-17 08:01:49,375000.0,Up,325000.0,325000.0,650000.0,630000.0,1,1,535000.0,148716.73297469478,325000.0,650000.0,325000.0,-325000.0,-0.5,-325000.0,-0.5,Down,0,1,0,0.6074766355140186,0.2779752018218594,0,-325000.0,-0.5,0.2779752018218594,630000.0,-0.48412698412698413,4,3,2,0,0,0,0,0,0,17,0,3,2.772588722239781,5,3,15,518297.0,0,0,0,0,0,1,0,0,1,0,0,1,0,0,0,0,0,1,1,0,0,1,0,0,0,1,0,0,0,0,1,0,0,0,0,0,0,0,0,1,0
R0259,real_4w,2,1,1,2026-05-01 08:31:09,110000.0,Down,370000.0,370000.0,0.0,0.0,0,0,370000.0,0.0,370000.0,370000.0,0.0,0.0,0.0,0.0,0.0,Stable,0,0,1,1.0,0.0,0,0.0,0.0,0.0,370000.0,0.0,5,1,2,1,0,1,0,0,0,25,3,1,3.2188758248682006,5,3,15,518297.0,0,1,0,0,0,1,0,0,1,0,0,0,0,0,0,1,1,0,1,0,0,1,0,1,0,0,0,1,0,1,0,0,1,0,0,0,0,0,0,0,1
R0259,real_4w,3,2,2,2026-04-24 08:31:09,10000.0,Down,110000.0,110000.0,370000.0,0.0,1,0,240000.0,130000.0,110000.0,370000.0,260000.0,-260000.0,-0.7027027027027027,-260000.0,-0.7027027027027027,Down,0,1,0,0.4583333333333333,0.5416666666666666,0,-260000.0,-0.7027027027027027,0.5416666666666666,240000.0,-0.5416666666666666,4,4,2,0,1,0,0,0,0,25,3,1,3.2188758248682006,5,3,15,518297.0,0,1,0,0,0,1,0,0,1,0,0,0,0,0,0,1,1,0,1,0,0,1,0,1,0,0,0,1,0,1,0,0,1,0,0,0,0,0,0,0,0
R0259,real_4w,4,3,3,2026-04-17 08:31:09,150000.0,Up,10000.0,10000.0,110000.0,370000.0,1,1,163333.33333333334,151730.75568988055,10000.0,370000.0,360000.0,-100000.0,-0.9090909090909091,-100000.0,-0.9090909090909091,Down,0,1,0,0.061224489795918366,0.9289638103462073,0,-100000.0,-0.9090909090909091,0.9289638103462073,110000.0,-0.9090909090909091,4,3,2,0,0,0,0,0,0,25,3,1,3.2188758248682006,5,3,15,518297.0,0,1,0,0,0,1,0,0,1,0,0,0,0,0,0,1,1,0,1,0,0,1,0,1,0,0,0,1,0,1,0,0,1,0,0,0,0,0,0,0,0
R0260,real_4w,2,1,1,2026-05-01 08:43:17,150000.0,Down,255000.0,255000.0,0.0,0.0,0,0,255000.0,0.0,255000.0,255000.0,0.0,0.0,0.0,0.0,0.0,Stable,0,0,1,1.0,0.0,0,0.0,0.0,0.0,255000.0,0.0,5,1,2,1,0,1,0,0,0,26,2,4,3.1354942159291497,6,5,30,442180.75,0,1,0,0,0,0,0,0,0,0,1,0,1,0,0,0,0,0,0,0,0,1,0,0,0,0,0,0,1,0,0,0,0,0,0,0,0,1,0,0,1
R0260,real_4w,3,2,2,2026-04-24 08:43:17,120000.0,Down,150000.0,150000.0,255000.0,0.0,1,0,202500.0,52500.0,150000.0,255000.0,105000.0,-105000.0,-0.4117647058823529,-105000.0,-0.4117647058823529,Down,0,1,0,0.7407407407407407,0.25925925925925924,0,-105000.0,-0.4117647058823529,0.25925925925925924,202500.0,-0.25925925925925924,4,4,2,0,1,0,0,0,0,26,2,4,3.1354942159291497,6,5,30,442180.75,0,1,0,0,0,0,0,0,0,0,1,0,1,0,0,0,0,0,0,0,0,1,0,0,0,0,0,0,1,0,0,0,0,0,0,0,0,1,0,0,0
R0260,real_4w,4,3,3,2026-04-17 08:43:17,125000.0,Stable,120000.0,120000.0,150000.0,255000.0,1,1,175000.0,57879.18451395113,120000.0,255000.0,135000.0,-30000.0,-0.2,-30000.0,-0.2,Down,0,1,0,0.6857142857142857,0.33073819722257786,0,-30000.0,-0.2,0.33073819722257786,150000.0,-0.2,4,3,2,0,0,0,0,0,0,26,2,4,3.1354942159291497,6,5,30,442180.75,0,1,0,0,0,0,0,0,0,0,1,0,1,0,0,0,0,0,0,0,0,1,0,0,0,0,0,0,1,0,0,0,0,0,0,0,0,1,0,0,0
R0261,real_4w,2,1,1,2026-05-01 10:49:14,380000.0,Stable,360000.0,360000.0,0.0,0.0,0,0,360000.0,0.0,360000.0,360000.0,0.0,0.0,0.0,0.0,0.0,Stable,0,0,1,1.0,0.0,0,0.0,0.0,0.0,360000.0,0.0,5,1,2,1,0,1,0,0,0,28,1,3,2.70805020110221,3,5,15,518297.0,2,3,0,0,0,1,0,0,1,0,0,0,1,0,1,0,0,1,0,0,1,1,0,0,0,1,1,0,1,0,1,0,0,0,1,0,0,0,0,0,1
R0261,real_4w,3,2,2,2026-04-24 10:49:14,515000.0,Up,380000.0,380000.0,360000.0,0.0,1,0,370000.0,10000.0,360000.0,380000.0,20000.0,20000.0,0.05555555555555555,20000.0,0.05555555555555555,Stable,0,0,1,1.027027027027027,0.02702702702702703,1,20000.0,0.05555555555555555,0.02702702702702703,370000.0,0.02702702702702703,4,4,2,0,1,0,0,0,0,28,1,3,2.70805020110221,3,5,15,518297.0,2,3,0,0,0,1,0,0,1,0,0,0,1,0,1,0,0,1,0,0,1,1,0,0,0,1,1,0,1,0,1,0,0,0,1,0,0,0,0,0,1
R0261,real_4w,4,3,3,2026-04-17 10:49:14,295000.0,Down,515000.0,515000.0,380000.0,360000.0,1,1,418333.3333333333,68839.58809354462,360000.0,515000.0,155000.0,135000.0,0.35526315789473684,135000.0,0.35526315789473684,Up,1,0,0,1.2310756972111554,0.16455678428735765,1,135000.0,0.35526315789473684,0.16455678428735765,380000.0,0.35526315789473684,4,3,2,0,0,0,0,0,0,28,1,3,2.70805020110221,3,5,15,518297.0,2,3,0,0,0,1,0,0,1,0,0,0,1,0,1,0,0,1,0,0,1,1,0,0,0,1,1,0,1,0,1,0,0,0,1,0,0,0,0,0,2
R0262,real_4w,2,1,1,2026-05-01 11:09:24,610000.0,Down,1090000.0,1090000.0,0.0,0.0,0,0,1090000.0,0.0,1090000.0,1090000.0,0.0,0.0,0.0,0.0,0.0,Stable,0,0,1,1.0,0.0,0,0.0,0.0,0.0,1090000.0,0.0,5,1,2,1,0,1,0,0,0,35,4,2,1.9459101490553132,5,11,55,739240.8333333334,2,1,0,0,0,0,0,1,0,0,0,0,0,0,1,1,0,0,0,0,1,1,0,0,0,0,1,1,0,0,0,0,0,0,0,0,1,0,0,0,1
R0262,real_4w,3,2,2,2026-04-24 11:09:24,800000.0,Up,610000.0,610000.0,1090000.0,0.0,1,0,850000.0,240000.0,610000.0,1090000.0,480000.0,-480000.0,-0.44036697247706424,-480000.0,-0.44036697247706424,Down,0,1,0,0.7176470588235294,0.2823529411764706,0,-480000.0,-0.44036697247706424,0.2823529411764706,850000.0,-0.2823529411764706,4,4,2,0,1,0,0,0,0,35,4,2,1.9459101490553132,5,11,55,739240.8333333334,2,1,0,0,0,0,0,1,0,0,0,0,0,0,1,1,0,0,0,0,1,1,0,0,0,0,1,1,0,0,0,0,0,0,0,0,1,0,0,0,0
R0262,real_4w,4,3,3,2026-04-17 11:09:24,675000.0,Down,800000.0,800000.0,610000.0,1090000.0,1,1,833333.3333333334,197371.6179078328,610000.0,1090000.0,480000.0,190000.0,0.3114754098360656,190000.0,0.3114754098360656,Up,1,0,0,0.96,0.23684594148939936,0,190000.0,0.3114754098360656,0.23684594148939936,800000.0,0.0,4,3,2,0,0,0,0,0,0,35,4,2,1.9459101490553132,5,11,55,739240.8333333334,2,1,0,0,0,0,0,1,0,0,0,0,0,0,1,1,0,0,0,0,1,1,0,0,0,0,1,1,0,0,0,0,0,0,0,0,1,0,0,0,2
R0263,real_4w,2,1,1,2026-05-01 11:33:20,490000.0,Stable,470000.0,470000.0,0.0,0.0,0,0,470000.0,0.0,470000.0,470000.0,0.0,0.0,0.0,0.0,0.0,Stable,0,0,1,1.0,0.0,0,0.0,0.0,0.0,470000.0,0.0,5,1,2,1,0,1,0,0,0,22,1,7,3.044522437723423,4,5,20,559306.0,2,3,0,0,0,0,0,0,0,0,0,1,1,0,1,0,0,0,0,0,1,1,0,0,1,0,1,0,1,0,0,0,0,0,1,0,0,0,0,0,1
R0263,real_4w,3,2,2,2026-04-24 11:33:20,450000.0,Stable,490000.0,490000.0,470000.0,0.0,1,0,480000.0,10000.0,470000.0,490000.0,20000.0,20000.0,0.0425531914893617,20000.0,0.0425531914893617,Stable,0,0,1,1.0208333333333333,0.020833333333333332,1,20000.0,0.0425531914893617,0.020833333333333332,480000.0,0.020833333333333332,4,4,2,0,1,0,0,0,0,22,1,7,3.044522437723423,4,5,20,559306.0,2,3,0,0,0,0,0,0,0,0,0,1,1,0,1,0,0,0,0,0,1,1,0,0,1,0,1,0,1,0,0,0,0,0,1,0,0,0,0,0,1
R0263,real_4w,4,3,3,2026-04-17 11:33:20,490000.0,Stable,450000.0,450000.0,490000.0,470000.0,1,1,470000.0,16329.93161855452,450000.0,490000.0,40000.0,-40000.0,-0.08163265306122448,-40000.0,-0.08163265306122448,Stable,0,0,1,0.9574468085106383,0.034744535358626635,0,-40000.0,-0.08163265306122448,0.034744535358626635,470000.0,-0.0425531914893617,4,3,2,0,0,0,0,0,0,22,1,7,3.044522437723423,4,5,20,559306.0,2,3,0,0,0,0,0,0,0,0,0,1,1,0,1,0,0,0,0,0,1,1,0,0,1,0,1,0,1,0,0,0,0,0,1,0,0,0,0,0,1
R0264,real_4w,2,1,1,2026-05-01 11:46:05,310000.0,Up,275000.0,275000.0,0.0,0.0,0,0,275000.0,0.0,275000.0,275000.0,0.0,0.0,0.0,0.0,0.0,Stable,0,0,1,1.0,0.0,0,0.0,0.0,0.0,275000.0,0.0,5,1,2,1,0,1,0,0,0,28,7,2,2.1972245773362196,2,3,6,739240.8333333334,0,4,0,0,0,1,0,0,1,0,0,1,0,1,1,0,0,0,0,0,0,1,1,0,0,0,1,0,0,0,0,1,0,0,0,0,0,0,1,0,1
R0264,real_4w,3,2,2,2026-04-24 11:46:05,295000.0,Stable,310000.0,310000.0,275000.0,0.0,1,0,292500.0,17500.0,275000.0,310000.0,35000.0,35000.0,0.12727272727272726,35000.0,0.12727272727272726,Up,1,0,0,1.0598290598290598,0.05982905982905983,1,35000.0,0.12727272727272726,0.05982905982905983,292500.0,0.05982905982905983,4,4,2,0,1,0,0,0,0,28,7,2,2.1972245773362196,2,3,6,739240.8333333334,0,4,0,0,0,1,0,0,1,0,0,1,0,1,1,0,0,0,0,0,0,1,1,0,0,0,1,0,0,0,0,1,0,0,0,0,0,0,1,0,2
R0264,real_4w,4,3,3,2026-04-17 11:46:05,350000.0,Up,295000.0,295000.0,310000.0,275000.0,1,1,293333.3333333333,14337.208778404378,275000.0,310000.0,35000.0,-15000.0,-0.04838709677419355,-15000.0,-0.04838709677419355,Stable,0,0,1,1.0056818181818183,0.048876848108196744,1,-15000.0,-0.04838709677419355,0.048876848108196744,295000.0,0.0,4,3,2,0,0,0,0,0,0,28,7,2,2.1972245773362196,2,3,6,739240.8333333334,0,4,0,0,0,1,0,0,1,0,0,1,0,1,1,0,0,0,0,0,0,1,1,0,0,0,1,0,0,0,0,1,0,0,0,0,0,0,1,0,1
R0265,real_4w,2,1,1,2026-05-01 11:57:04,680000.0,Up,550000.0,550000.0,0.0,0.0,0,0,550000.0,0.0,550000.0,550000.0,0.0,0.0,0.0,0.0,0.0,Stable,0,0,1,1.0,0.0,0,0.0,0.0,0.0,550000.0,0.0,5,1,2,1,0,1,0,0,0,28,3,4,2.3978952727983707,7,3,21,442180.75,1,2,0,0,0,1,0,0,1,0,0,1,1,0,0,0,1,0,1,0,0,1,0,1,0,0,0,0,1,1,0,0,1,0,0,0,0,0,0,0,1
R0265,real_4w,3,2,2,2026-04-24 11:57:04,625000.0,Stable,680000.0,680000.0,550000.0,0.0,1,0,615000.0,65000.0,550000.0,680000.0,130000.0,130000.0,0.23636363636363636,130000.0,0.23636363636363636,Up,1,0,0,1.1056910569105691,0.10569105691056911,1,130000.0,0.23636363636363636,0.10569105691056911,615000.0,0.10569105691056911,4,4,2,0,1,0,0,0,0,28,3,4,2.3978952727983707,7,3,21,442180.75,1,2,0,0,0,1,0,0,1,0,0,1,1,0,0,0,1,0,1,0,0,1,0,1,0,0,0,0,1,1,0,0,1,0,0,0,0,0,0,0,2
R0265,real_4w,4,3,3,2026-04-17 11:57:04,610000.0,Stable,625000.0,625000.0,680000.0,550000.0,1,1,618333.3333333334,53281.22454381927,550000.0,680000.0,130000.0,-55000.0,-0.08088235294117647,-55000.0,-0.08088235294117647,Stable,0,0,1,1.0107816711590296,0.08616909629728184,1,-55000.0,-0.08088235294117647,0.08616909629728184,625000.0,0.0,4,3,2,0,0,0,0,0,0,28,3,4,2.3978952727983707,7,3,21,442180.75,1,2,0,0,0,1,0,0,1,0,0,1,1,0,0,0,1,0,1,0,0,1,0,1,0,0,0,0,1,1,0,0,1,0,0,0,0,0,0,0,1
R0266,real_4w,2,1,1,2026-05-01 12:33:19,160000.0,Down,550000.0,550000.0,0.0,0.0,0,0,550000.0,0.0,550000.0,550000.0,0.0,0.0,0.0,0.0,0.0,Stable,0,0,1,1.0,0.0,0,0.0,0.0,0.0,550000.0,0.0,5,1,2,1,0,1,0,0,0,28,3,3,3.5263605246161616,6,6,36,518297.0,1,1,0,0,0,0,0,1,1,1,0,0,0,0,0,0,1,0,0,0,0,1,0,0,0,0,0,0,0,1,0,0,1,0,0,0,0,0,0,0,1
R0266,real_4w,3,2,2,2026-04-24 12:33:19,550000.0,Up,160000.0,160000.0,550000.0,0.0,1,0,355000.0,195000.0,160000.0,550000.0,390000.0,-390000.0,-0.7090909090909091,-390000.0,-0.7090909090909091,Down,0,1,0,0.4507042253521127,0.5492957746478874,0,-390000.0,-0.7090909090909091,0.5492957746478874,355000.0,-0.5492957746478874,4,4,2,0,1,0,0,0,0,28,3,3,3.5263605246161616,6,6,36,518297.0,1,1,0,0,0,0,0,1,1,1,0,0,0,0,0,0,1,0,0,0,0,1,0,0,0,0,0,0,0,1,0,0,1,0,0,0,0,0,0,0,0
R0266,real_4w,4,3,3,2026-04-17 12:33:19,475000.0,Down,550000.0,550000.0,160000.0,550000.0,1,1,420000.0,183847.76310850235,160000.0,550000.0,390000.0,390000.0,2.4375,390000.0,2.4375,Up,1,0,0,1.3095238095238095,0.43773276930595795,1,390000.0,2.4375,0.43773276930595795,550000.0,0.0,4,3,2,0,0,0,0,0,0,28,3,3,3.5263605246161616,6,6,36,518297.0,1,1,0,0,0,0,0,1,1,1,0,0,0,0,0,0,1,0,0,0,0,1,0,0,0,0,0,0,0,1,0,0,1,0,0,0,0,0,0,0,2
R0267,real_4w,2,1,1,2026-05-01 12:33:56,765000.0,Down,1000000.0,1000000.0,0.0,0.0,0,0,1000000.0,0.0,1000000.0,1000000.0,0.0,0.0,0.0,0.0,0.0,Stable,0,0,1,1.0,0.0,0,0.0,0.0,0.0,1000000.0,0.0,5,1,2,1,0,1,0,0,0,32,5,5,3.4965075614664802,7,8,56,460955.5,2,0,0,1,1,0,0,0,0,0,0,0,0,0,1,0,0,0,0,0,1,1,0,0,0,0,1,0,0,0,0,0,0,0,0,1,0,0,0,0,1
R0267,real_4w,3,2,2,2026-04-24 12:33:56,710000.0,Stable,765000.0,765000.0,1000000.0,0.0,1,0,882500.0,117500.0,765000.0,1000000.0,235000.0,-235000.0,-0.235,-235000.0,-0.235,Down,0,1,0,0.8668555240793201,0.13314447592067988,0,-235000.0,-0.235,0.13314447592067988,882500.0,-0.13314447592067988,4,4,2,0,1,0,0,0,0,32,5,5,3.4965075614664802,7,8,56,460955.5,2,0,0,1,1,0,0,0,0,0,0,0,0,0,1,0,0,0,0,0,1,1,0,0,0,0,1,0,0,0,0,0,0,0,0,1,0,0,0,0,0
R0267,real_4w,4,3,3,2026-04-17 12:33:56,750000.0,Stable,710000.0,710000.0,765000.0,1000000.0,1,1,825000.0,125764.32986608987,710000.0,1000000.0,290000.0,-55000.0,-0.0718954248366013,-55000.0,-0.0718954248366013,Stable,0,0,1,0.8606060606060606,0.15244161195889683,0,-55000.0,-0.0718954248366013,0.15244161195889683,765000.0,-0.0718954248366013,4,3,2,0,0,0,0,0,0,32,5,5,3.4965075614664802,7,8,56,460955.5,2,0,0,1,1,0,0,0,0,0,0,0,0,0,1,0,0,0,0,0,1,1,0,0,0,0,1,0,0,0,0,0,0,0,0,1,0,0,0,0,1
R0268,real_4w,2,1,1,2026-05-01 13:37:24,70000.0,Down,100000.0,100000.0,0.0,0.0,0,0,100000.0,0.0,100000.0,100000.0,0.0,0.0,0.0,0.0,0.0,Stable,0,0,1,1.0,0.0,0,0.0,0.0,0.0,100000.0,0.0,5,1,2,1,0,1,0,0,0,23,0,2,3.2188758248682006,5,3,15,739240.8333333334,0,3,0,0,0,0,0,1,1,1,0,0,0,0,0,1,0,1,0,0,0,1,0,1,0,0,0,1,0,0,1,0,0,0,0,0,0,0,0,1,1
R0268,real_4w,3,2,2,2026-04-24 13:37:24,210000.0,Up,70000.0,70000.0,100000.0,0.0,1,0,85000.0,15000.0,70000.0,100000.0,30000.0,-30000.0,-0.3,-30000.0,-0.3,Down,0,1,0,0.8235294117647058,0.17647058823529413,0,-30000.0,-0.3,0.17647058823529413,85000.0,-0.17647058823529413,4,4,2,0,1,0,0,0,0,23,0,2,3.2188758248682006,5,3,15,739240.8333333334,0,3,0,0,0,0,0,1,1,1,0,0,0,0,0,1,0,1,0,0,0,1,0,1,0,0,0,1,0,0,1,0,0,0,0,0,0,0,0,1,0
R0268,real_4w,4,3,3,2026-04-17 13:37:24,80000.0,Down,210000.0,210000.0,70000.0,100000.0,1,1,126666.66666666667,60184.900284225965,70000.0,210000.0,140000.0,140000.0,2.0,140000.0,2.0,Up,1,0,0,1.6578947368421053,0.4751439496123102,1,140000.0,2.0,0.4751439496123102,100000.0,1.1,4,3,2,0,0,0,0,0,0,23,0,2,3.2188758248682006,5,3,15,739240.8333333334,0,3,0,0,0,0,0,1,1,1,0,0,0,0,0,1,0,1,0,0,0,1,0,1,0,0,0,1,0,0,1,0,0,0,0,0,0,0,0,1,2
R0269,real_4w,2,1,1,2026-05-01 13:39:34,100000.0,Down,125000.0,125000.0,0.0,0.0,0,0,125000.0,0.0,125000.0,125000.0,0.0,0.0,0.0,0.0,0.0,Stable,0,0,1,1.0,0.0,0,0.0,0.0,0.0,125000.0,0.0,5,1,2,1,0,1,0,0,0,21,7,1,2.1972245773362196,3,6,18,518297.0,1,3,0,0,0,1,0,0,1,0,0,1,1,1,1,0,0,0,0,0,0,1,0,0,0,1,1,0,1,0,0,1,0,0,0,0,0,0,1,0,1
R0269,real_4w,3,2,2,2026-04-24 13:39:34,260000.0,Up,100000.0,100000.0,125000.0,0.0,1,0,112500.0,12500.0,100000.0,125000.0,25000.0,-25000.0,-0.2,-25000.0,-0.2,Down,0,1,0,0.8888888888888888,0.1111111111111111,0,-25000.0,-0.2,0.1111111111111111,112500.0,-0.1111111111111111,4,4,2,0,1,0,0,0,0,21,7,1,2.1972245773362196,3,6,18,518297.0,1,3,0,0,0,1,0,0,1,0,0,1,1,1,1,0,0,0,0,0,0,1,0,0,0,1,1,0,1,0,0,1,0,0,0,0,0,0,1,0,0
R0269,real_4w,4,3,3,2026-04-17 13:39:34,125000.0,Down,260000.0,260000.0,100000.0,125000.0,1,1,161666.66666666666,70277.22880769339,100000.0,260000.0,160000.0,160000.0,1.6,160000.0,1.6,Up,1,0,0,1.6082474226804124,0.4347045080888251,1,160000.0,1.6,0.4347045080888251,125000.0,1.08,4,3,2,0,0,0,0,0,0,21,7,1,2.1972245773362196,3,6,18,518297.0,1,3,0,0,0,1,0,0,1,0,0,1,1,1,1,0,0,0,0,0,0,1,0,0,0,1,1,0,1,0,0,1,0,0,0,0,0,0,1,0,2
R0270,real_4w,2,1,1,2026-05-01 14:22:47,675000.0,Stable,635000.0,635000.0,0.0,0.0,0,0,635000.0,0.0,635000.0,635000.0,0.0,0.0,0.0,0.0,0.0,Stable,0,0,1,1.0,0.0,0,0.0,0.0,0.0,635000.0,0.0,5,1,2,1,0,1,0,0,0,17,4,4,3.091042453358316,7,10,70,442180.75,2,4,0,0,0,0,0,1,0,0,0,0,0,1,1,0,0,0,0,0,1,1,0,1,0,0,1,0,0,0,0,1,0,0,0,0,1,0,0,0,1
R0270,real_4w,3,2,2,2026-04-24 14:22:47,660000.0,Stable,675000.0,675000.0,635000.0,0.0,1,0,655000.0,20000.0,635000.0,675000.0,40000.0,40000.0,0.06299212598425197,40000.0,0.06299212598425197,Stable,0,0,1,1.0305343511450382,0.030534351145038167,1,40000.0,0.06299212598425197,0.030534351145038167,655000.0,0.030534351145038167,4,4,2,0,1,0,0,0,0,17,4,4,3.091042453358316,7,10,70,442180.75,2,4,0,0,0,0,0,1,0,0,0,0,0,1,1,0,0,0,0,0,1,1,0,1,0,0,1,0,0,0,0,1,0,0,0,0,1,0,0,0,1
R0270,real_4w,4,3,3,2026-04-17 14:22:47,770000.0,Up,660000.0,660000.0,675000.0,635000.0,1,1,656666.6666666666,16499.15822768611,635000.0,675000.0,40000.0,-15000.0,-0.022222222222222223,-15000.0,-0.022222222222222223,Stable,0,0,1,1.0050761421319798,0.025125621666527074,1,-15000.0,-0.022222222222222223,0.025125621666527074,660000.0,0.0,4,3,2,0,0,0,0,0,0,17,4,4,3.091042453358316,7,10,70,442180.75,2,4,0,0,0,0,0,1,0,0,0,0,0,1,1,0,0,0,0,0,1,1,0,1,0,0,1,0,0,0,0,1,0,0,0,0,1,0,0,0,1
R0271,real_4w,2,1,1,2026-05-01 15:18:19,16800.0,Down,100000.0,100000.0,0.0,0.0,0,0,100000.0,0.0,100000.0,100000.0,0.0,0.0,0.0,0.0,0.0,Stable,0,0,1,1.0,0.0,0,0.0,0.0,0.0,100000.0,0.0,5,1,2,1,0,1,0,0,0,17,7,7,1.0986122886681096,3,2,6,559306.0,0,3,0,0,0,1,0,0,1,0,0,1,0,1,0,0,0,0,0,0,0,1,0,0,0,1,0,0,0,0,0,1,0,0,0,0,0,0,1,0,1
R0271,real_4w,3,2,2,2026-04-24 15:18:19,175000.0,Up,16800.0,16800.0,100000.0,0.0,1,0,58400.0,41600.0,16800.0,100000.0,83200.0,-83200.0,-0.832,-83200.0,-0.832,Down,0,1,0,0.2876712328767123,0.7123287671232876,0,-83200.0,-0.832,0.7123287671232876,58400.0,-0.7123287671232876,4,4,2,0,1,0,0,0,0,17,7,7,1.0986122886681096,3,2,6,559306.0,0,3,0,0,0,1,0,0,1,0,0,1,0,1,0,0,0,0,0,0,0,1,0,0,0,1,0,0,0,0,0,1,0,0,0,0,0,0,1,0,0
R0271,real_4w,4,3,3,2026-04-17 15:18:19,130000.0,Down,175000.0,175000.0,16800.0,100000.0,1,1,97266.66666666667,64613.79281718589,16800.0,175000.0,158200.0,158200.0,9.416666666666666,158200.0,9.416666666666666,Up,1,0,0,1.7991775188485264,0.6642953339669556,1,158200.0,9.416666666666666,0.6642953339669556,100000.0,0.75,4,3,2,0,0,0,0,0,0,17,7,7,1.0986122886681096,3,2,6,559306.0,0,3,0,0,0,1,0,0,1,0,0,1,0,1,0,0,0,0,0,0,0,1,0,0,0,1,0,0,0,0,0,1,0,0,0,0,0,0,1,0,2
R0272,real_4w,2,1,1,2026-05-01 16:05:50,515000.0,Stable,525000.0,525000.0,0.0,0.0,0,0,525000.0,0.0,525000.0,525000.0,0.0,0.0,0.0,0.0,0.0,Stable,0,0,1,1.0,0.0,0,0.0,0.0,0.0,525000.0,0.0,5,1,2,1,0,1,0,0,0,36,4,7,3.828641396489095,5,11,55,559306.0,1,3,0,0,1,0,0,1,0,0,0,0,0,1,1,0,0,0,0,0,1,1,0,0,0,0,1,0,0,0,0,1,0,0,0,0,1,0,0,0,1
R0272,real_4w,3,2,2,2026-04-24 16:05:50,575000.0,Up,515000.0,515000.0,525000.0,0.0,1,0,520000.0,5000.0,515000.0,525000.0,10000.0,-10000.0,-0.01904761904761905,-10000.0,-0.01904761904761905,Stable,0,0,1,0.9903846153846154,0.009615384615384616,0,-10000.0,-0.01904761904761905,0.009615384615384616,520000.0,-0.009615384615384616,4,4,2,0,1,0,0,0,0,36,4,7,3.828641396489095,5,11,55,559306.0,1,3,0,0,1,0,0,1,0,0,0,0,0,1,1,0,0,0,0,0,1,1,0,0,0,0,1,0,0,0,0,1,0,0,0,0,1,0,0,0,1
R0272,real_4w,4,3,3,2026-04-17 16:05:50,570000.0,Stable,575000.0,575000.0,515000.0,525000.0,1,1,538333.3333333334,26246.692913372703,515000.0,575000.0,60000.0,60000.0,0.11650485436893204,60000.0,0.11650485436893204,Up,1,0,0,1.068111455108359,0.04875546671214743,1,60000.0,0.11650485436893204,0.04875546671214743,525000.0,0.09523809523809523,4,3,2,0,0,0,0,0,0,36,4,7,3.828641396489095,5,11,55,559306.0,1,3,0,0,1,0,0,1,0,0,0,0,0,1,1,0,0,0,0,0,1,1,0,0,0,0,1,0,0,0,0,1,0,0,0,0,1,0,0,0,2
R0273,real_4w,2,1,1,2026-05-01 16:26:43,120000.0,Down,150000.0,150000.0,0.0,0.0,0,0,150000.0,0.0,150000.0,150000.0,0.0,0.0,0.0,0.0,0.0,Stable,0,0,1,1.0,0.0,0,0.0,0.0,0.0,150000.0,0.0,5,1,2,1,0,1,0,0,0,23,7,2,2.0794415416798357,3,4,12,739240.8333333334,0,1,0,0,0,1,0,0,1,0,0,1,1,1,1,0,0,0,0,0,0,1,0,0,0,1,1,0,1,0,0,1,0,0,0,0,0,0,1,0,1
R0273,real_4w,3,2,2,2026-04-24 16:26:43,410000.0,Up,120000.0,120000.0,150000.0,0.0,1,0,135000.0,15000.0,120000.0,150000.0,30000.0,-30000.0,-0.2,-30000.0,-0.2,Down,0,1,0,0.8888888888888888,0.1111111111111111,0,-30000.0,-0.2,0.1111111111111111,135000.0,-0.1111111111111111,4,4,2,0,1,0,0,0,0,23,7,2,2.0794415416798357,3,4,12,739240.8333333334,0,1,0,0,0,1,0,0,1,0,0,1,1,1,1,0,0,0,0,0,0,1,0,0,0,1,1,0,1,0,0,1,0,0,0,0,0,0,1,0,0
R0273,real_4w,4,3,3,2026-04-17 16:26:43,165000.0,Down,410000.0,410000.0,120000.0,150000.0,1,1,226666.66666666666,130213.4998974974,120000.0,410000.0,290000.0,290000.0,2.4166666666666665,290000.0,2.4166666666666665,Up,1,0,0,1.8088235294117647,0.5744713230771944,1,290000.0,2.4166666666666665,0.5744713230771944,150000.0,1.7333333333333334,4,3,2,0,0,0,0,0,0,23,7,2,2.0794415416798357,3,4,12,739240.8333333334,0,1,0,0,0,1,0,0,1,0,0,1,1,1,1,0,0,0,0,0,0,1,0,0,0,1,1,0,1,0,0,1,0,0,0,0,0,0,1,0,2
R0274,real_4w,2,1,1,2026-05-01 16:45:47,650000.0,Down,730000.0,730000.0,0.0,0.0,0,0,730000.0,0.0,730000.0,730000.0,0.0,0.0,0.0,0.0,0.0,Stable,0,0,1,1.0,0.0,0,0.0,0.0,0.0,730000.0,0.0,5,1,2,1,0,1,0,0,0,34,5,8,1.791759469228055,5,11,55,517481.9375,2,4,0,0,1,0,0,0,0,0,0,0,0,0,0,0,1,1,0,0,0,1,0,0,0,0,0,0,0,1,1,0,0,0,0,1,0,0,0,0,1
R0274,real_4w,3,2,2,2026-04-24 16:45:47,550000.0,Down,650000.0,650000.0,730000.0,0.0,1,0,690000.0,40000.0,650000.0,730000.0,80000.0,-80000.0,-0.1095890410958904,-80000.0,-0.1095890410958904,Down,0,1,0,0.9420289855072463,0.057971014492753624,0,-80000.0,-0.1095890410958904,0.057971014492753624,690000.0,-0.057971014492753624,4,4,2,0,1,0,0,0,0,34,5,8,1.791759469228055,5,11,55,517481.9375,2,4,0,0,1,0,0,0,0,0,0,0,0,0,0,0,1,1,0,0,0,1,0,0,0,0,0,0,0,1,1,0,0,0,0,1,0,0,0,0,0
R0274,real_4w,4,3,3,2026-04-17 16:45:47,920000.0,Up,550000.0,550000.0,650000.0,730000.0,1,1,643333.3333333334,73635.74011458174,550000.0,730000.0,180000.0,-100000.0,-0.15384615384615385,-100000.0,-0.15384615384615385,Down,0,1,0,0.854922279792746,0.11445969965997162,0,-100000.0,-0.15384615384615385,0.11445969965997162,650000.0,-0.15384615384615385,4,3,2,0,0,0,0,0,0,34,5,8,1.791759469228055,5,11,55,517481.9375,2,4,0,0,1,0,0,0,0,0,0,0,0,0,0,0,1,1,0,0,0,1,0,0,0,0,0,0,0,1,1,0,0,0,0,1,0,0,0,0,0
R0275,real_4w,2,1,1,2026-05-01 17:37:03,525000.0,Stable,515000.0,515000.0,0.0,0.0,0,0,515000.0,0.0,515000.0,515000.0,0.0,0.0,0.0,0.0,0.0,Stable,0,0,1,1.0,0.0,0,0.0,0.0,0.0,515000.0,0.0,5,1,2,1,0,1,0,0,0,22,0,3,2.639057329615259,6,3,18,518297.0,0,2,0,0,0,1,0,0,1,0,0,0,0,1,0,1,0,1,0,0,0,1,0,0,0,1,0,1,0,0,1,1,0,0,0,0,0,0,0,1,1
R0275,real_4w,3,2,2,2026-04-24 17:37:03,370000.0,Down,525000.0,525000.0,515000.0,0.0,1,0,520000.0,5000.0,515000.0,525000.0,10000.0,10000.0,0.019417475728155338,10000.0,0.019417475728155338,Stable,0,0,1,1.0096153846153846,0.009615384615384616,1,10000.0,0.019417475728155338,0.009615384615384616,520000.0,0.009615384615384616,4,4,2,0,1,0,0,0,0,22,0,3,2.639057329615259,6,3,18,518297.0,0,2,0,0,0,1,0,0,1,0,0,0,0,1,0,1,0,1,0,0,0,1,0,0,0,1,0,1,0,0,1,1,0,0,0,0,0,0,0,1,1
R0275,real_4w,4,3,3,2026-04-17 17:37:03,450000.0,Up,370000.0,370000.0,525000.0,515000.0,1,1,470000.0,70828.43120291927,370000.0,525000.0,155000.0,-155000.0,-0.29523809523809524,-155000.0,-0.29523809523809524,Down,0,1,0,0.7872340425531915,0.15069878979344525,0,-155000.0,-0.29523809523809524,0.15069878979344525,515000.0,-0.2815533980582524,4,3,2,0,0,0,0,0,0,22,0,3,2.639057329615259,6,3,18,518297.0,0,2,0,0,0,1,0,0,1,0,0,0,0,1,0,1,0,1,0,0,0,1,0,0,0,1,0,1,0,0,1,1,0,0,0,0,0,0,0,1,0
R0276,real_4w,2,1,1,2026-05-01 18:10:15,185000.0,Down,340000.0,340000.0,0.0,0.0,0,0,340000.0,0.0,340000.0,340000.0,0.0,0.0,0.0,0.0,0.0,Stable,0,0,1,1.0,0.0,0,0.0,0.0,0.0,340000.0,0.0,5,1,2,1,0,1,0,0,0,35,3,6,4.189654742026425,6,5,30,653189.75,0,4,0,0,0,1,0,0,1,0,0,1,1,0,1,0,0,1,0,0,0,1,0,0,0,0,1,0,1,0,1,0,1,0,0,0,0,0,0,0,1
R0276,real_4w,3,2,2,2026-04-24 18:10:15,300000.0,Up,185000.0,185000.0,340000.0,0.0,1,0,262500.0,77500.0,185000.0,340000.0,155000.0,-155000.0,-0.45588235294117646,-155000.0,-0.45588235294117646,Down,0,1,0,0.7047619047619048,0.29523809523809524,0,-155000.0,-0.45588235294117646,0.29523809523809524,262500.0,-0.29523809523809524,4,4,2,0,1,0,0,0,0,35,3,6,4.189654742026425,6,5,30,653189.75,0,4,0,0,0,1,0,0,1,0,0,1,1,0,1,0,0,1,0,0,0,1,0,0,0,0,1,0,1,0,1,0,1,0,0,0,0,0,0,0,0
R0276,real_4w,4,3,3,2026-04-17 18:10:15,6800.0,Down,300000.0,300000.0,185000.0,340000.0,1,1,275000.0,65701.34448142341,185000.0,340000.0,155000.0,115000.0,0.6216216216216216,115000.0,0.6216216216216216,Up,1,0,0,1.0909090909090908,0.23891397993244876,1,115000.0,0.6216216216216216,0.23891397993244876,300000.0,0.0,4,3,2,0,0,0,0,0,0,35,3,6,4.189654742026425,6,5,30,653189.75,0,4,0,0,0,1,0,0,1,0,0,1,1,0,1,0,0,1,0,0,0,1,0,0,0,0,1,0,1,0,1,0,1,0,0,0,0,0,0,0,2
R0277,real_4w,2,1,1,2026-05-01 18:55:11,580000.0,Stable,600000.0,600000.0,0.0,0.0,0,0,600000.0,0.0,600000.0,600000.0,0.0,0.0,0.0,0.0,0.0,Stable,0,0,1,1.0,0.0,0,0.0,0.0,0.0,600000.0,0.0,5,1,2,1,0,1,0,0,0,27,4,4,3.1354942159291497,6,7,42,442180.75,2,0,0,0,0,0,0,1,0,0,0,0,0,0,0,1,0,0,0,1,0,1,0,1,0,0,0,1,0,0,0,0,0,0,0,0,1,0,0,0,1
R0277,real_4w,3,2,2,2026-04-24 18:55:11,570000.0,Stable,580000.0,580000.0,600000.0,0.0,1,0,590000.0,10000.0,580000.0,600000.0,20000.0,-20000.0,-0.03333333333333333,-20000.0,-0.03333333333333333,Stable,0,0,1,0.9830508474576272,0.01694915254237288,0,-20000.0,-0.03333333333333333,0.01694915254237288,590000.0,-0.01694915254237288,4,4,2,0,1,0,0,0,0,27,4,4,3.1354942159291497,6,7,42,442180.75,2,0,0,0,0,0,0,1,0,0,0,0,0,0,0,1,0,0,0,1,0,1,0,1,0,0,0,1,0,0,0,0,0,0,0,0,1,0,0,0,1
R0277,real_4w,4,3,3,2026-04-17 18:55:11,615000.0,Stable,570000.0,570000.0,580000.0,600000.0,1,1,583333.3333333334,12472.191289246472,570000.0,600000.0,30000.0,-10000.0,-0.017241379310344827,-10000.0,-0.017241379310344827,Stable,0,0,1,0.9771428571428571,0.02138089935299395,0,-10000.0,-0.017241379310344827,0.02138089935299395,580000.0,-0.017241379310344827,4,3,2,0,0,0,0,0,0,27,4,4,3.1354942159291497,6,7,42,442180.75,2,0,0,0,0,0,0,1,0,0,0,0,0,0,0,1,0,0,0,1,0,1,0,1,0,0,0,1,0,0,0,0,0,0,0,0,1,0,0,0,1
R0278,real_4w,2,1,1,2026-05-01 19:09:57,1175000.0,Down,1325000.0,1325000.0,0.0,0.0,0,0,1325000.0,0.0,1325000.0,1325000.0,0.0,0.0,0.0,0.0,0.0,Stable,0,0,1,1.0,0.0,0,0.0,0.0,0.0,1325000.0,0.0,5,1,2,1,0,1,0,0,0,27,5,5,2.302585092994046,6,7,42,460955.5,2,1,0,0,1,0,0,0,0,0,0,0,0,0,0,0,1,0,0,0,1,1,0,0,1,0,0,0,0,1,0,0,0,0,0,1,0,0,0,0,1
R0278,real_4w,3,2,2,2026-04-24 19:09:57,1350000.0,Up,1175000.0,1175000.0,1325000.0,0.0,1,0,1250000.0,75000.0,1175000.0,1325000.0,150000.0,-150000.0,-0.11320754716981132,-150000.0,-0.11320754716981132,Down,0,1,0,0.94,0.06,0,-150000.0,-0.11320754716981132,0.06,1250000.0,-0.06,4,4,2,0,1,0,0,0,0,27,5,5,2.302585092994046,6,7,42,460955.5,2,1,0,0,1,0,0,0,0,0,0,0,0,0,0,0,1,0,0,0,1,1,0,0,1,0,0,0,0,1,0,0,0,0,0,1,0,0,0,0,0
R0278,real_4w,4,3,3,2026-04-17 19:09:57,650000.0,Down,1350000.0,1350000.0,1175000.0,1325000.0,1,1,1283333.3333333333,77280.15412913087,1175000.0,1350000.0,175000.0,175000.0,0.14893617021276595,175000.0,0.14893617021276595,Up,1,0,0,1.051948051948052,0.06021830191880328,1,175000.0,0.14893617021276595,0.06021830191880328,1325000.0,0.018867924528301886,4,3,2,0,0,0,0,0,0,27,5,5,2.302585092994046,6,7,42,460955.5,2,1,0,0,1,0,0,0,0,0,0,0,0,0,0,0,1,0,0,0,1,1,0,0,1,0,0,0,0,1,0,0,0,0,0,1,0,0,0,0,2
R0279,real_4w,2,1,1,2026-05-01 20:42:25,545000.0,Down,830000.0,830000.0,0.0,0.0,0,0,830000.0,0.0,830000.0,830000.0,0.0,0.0,0.0,0.0,0.0,Stable,0,0,1,1.0,0.0,0,0.0,0.0,0.0,830000.0,0.0,5,1,2,1,0,1,0,0,0,24,6,5,3.7376696182833684,7,9,63,460955.5,2,1,0,0,0,0,0,0,0,0,0,1,0,0,0,0,0,1,0,0,0,1,1,0,0,0,0,0,0,0,1,0,0,1,0,0,0,0,0,0,1
R0279,real_4w,3,2,2,2026-04-24 20:42:25,575000.0,Stable,545000.0,545000.0,830000.0,0.0,1,0,687500.0,142500.0,545000.0,830000.0,285000.0,-285000.0,-0.3433734939759036,-285000.0,-0.3433734939759036,Down,0,1,0,0.7927272727272727,0.20727272727272728,0,-285000.0,-0.3433734939759036,0.20727272727272728,687500.0,-0.20727272727272728,4,4,2,0,1,0,0,0,0,24,6,5,3.7376696182833684,7,9,63,460955.5,2,1,0,0,0,0,0,0,0,0,0,1,0,0,0,0,0,1,0,0,0,1,1,0,0,0,0,0,0,0,1,0,0,1,0,0,0,0,0,0,0
R0279,real_4w,4,3,3,2026-04-17 20:42:25,725000.0,Up,575000.0,575000.0,545000.0,830000.0,1,1,650000.0,127867.11852544422,545000.0,830000.0,285000.0,30000.0,0.05504587155963303,30000.0,0.05504587155963303,Stable,0,0,1,0.8846153846153846,0.1967186438852988,0,30000.0,0.05504587155963303,0.1967186438852988,575000.0,0.0,4,3,2,0,0,0,0,0,0,24,6,5,3.7376696182833684,7,9,63,460955.5,2,1,0,0,0,0,0,0,0,0,0,1,0,0,0,0,0,1,0,0,0,1,1,0,0,0,0,0,0,0,1,0,0,1,0,0,0,0,0,0,1
R0280,real_4w,2,1,1,2026-05-01 21:04:28,25000.0,Down,600000.0,600000.0,0.0,0.0,0,0,600000.0,0.0,600000.0,600000.0,0.0,0.0,0.0,0.0,0.0,Stable,0,0,1,1.0,0.0,0,0.0,0.0,0.0,600000.0,0.0,5,1,2,1,0,1,0,0,0,25,4,2,2.995732273553991,6,9,54,739240.8333333334,2,1,0,0,1,0,0,0,0,0,0,0,0,1,0,1,0,0,0,1,0,1,0,1,0,0,0,1,0,0,0,1,0,0,0,0,1,0,0,0,1
R0280,real_4w,3,2,2,2026-04-24 21:04:28,715000.0,Up,25000.0,25000.0,600000.0,0.0,1,0,312500.0,287500.0,25000.0,600000.0,575000.0,-575000.0,-0.9583333333333334,-575000.0,-0.9583333333333334,Down,0,1,0,0.08,0.92,0,-575000.0,-0.9583333333333334,0.92,312500.0,-0.92,4,4,2,0,1,0,0,0,0,25,4,2,2.995732273553991,6,9,54,739240.8333333334,2,1,0,0,1,0,0,0,0,0,0,0,0,1,0,1,0,0,0,1,0,1,0,1,0,0,0,1,0,0,0,1,0,0,0,0,1,0,0,0,0
R0280,real_4w,4,3,3,2026-04-17 21:04:28,950000.0,Up,715000.0,715000.0,25000.0,600000.0,1,1,446666.6666666667,301836.9685037861,25000.0,715000.0,690000.0,690000.0,27.6,690000.0,27.6,Up,1,0,0,1.6007462686567164,0.6757544070980285,1,690000.0,27.6,0.6757544070980285,600000.0,0.19166666666666668,4,3,2,0,0,0,0,0,0,25,4,2,2.995732273553991,6,9,54,739240.8333333334,2,1,0,0,1,0,0,0,0,0,0,0,0,1,0,1,0,0,0,1,0,1,0,1,0,0,0,1,0,0,0,1,0,0,0,0,1,0,0,0,2
R0281,real_4w,2,1,1,2026-05-01 21:13:47,325000.0,Down,375000.0,375000.0,0.0,0.0,0,0,375000.0,0.0,375000.0,375000.0,0.0,0.0,0.0,0.0,0.0,Stable,0,0,1,1.0,0.0,0,0.0,0.0,0.0,375000.0,0.0,5,1,2,1,0,1,0,0,0,38,3,1,4.23410650459726,5,4,20,518297.0,1,4,0,0,0,0,0,1,1,1,0,1,1,0,0,0,1,0,0,0,0,1,0,0,0,1,0,0,1,1,0,0,1,0,0,0,0,0,0,0,1
R0281,real_4w,3,2,2,2026-04-24 21:13:47,330000.0,Stable,325000.0,325000.0,375000.0,0.0,1,0,350000.0,25000.0,325000.0,375000.0,50000.0,-50000.0,-0.13333333333333333,-50000.0,-0.13333333333333333,Down,0,1,0,0.9285714285714286,0.07142857142857142,0,-50000.0,-0.13333333333333333,0.07142857142857142,350000.0,-0.07142857142857142,4,4,2,0,1,0,0,0,0,38,3,1,4.23410650459726,5,4,20,518297.0,1,4,0,0,0,0,0,1,1,1,0,1,1,0,0,0,1,0,0,0,0,1,0,0,0,1,0,0,1,1,0,0,1,0,0,0,0,0,0,0,0
R0281,real_4w,4,3,3,2026-04-17 21:13:47,330000.0,Stable,330000.0,330000.0,325000.0,375000.0,1,1,343333.3333333333,22484.562605386735,325000.0,375000.0,50000.0,5000.0,0.015384615384615385,5000.0,0.015384615384615385,Stable,0,0,1,0.9611650485436893,0.06548901729724292,0,5000.0,0.015384615384615385,0.06548901729724292,330000.0,0.0,4,3,2,0,0,0,0,0,0,38,3,1,4.23410650459726,5,4,20,518297.0,1,4,0,0,0,0,0,1,1,1,0,1,1,0,0,0,1,0,0,0,0,1,0,0,0,1,0,0,1,1,0,0,1,0,0,0,0,0,0,0,1
R0282,real_4w,2,1,1,2026-05-01 21:50:31,250000.0,Up,210000.0,210000.0,0.0,0.0,0,0,210000.0,0.0,210000.0,210000.0,0.0,0.0,0.0,0.0,0.0,Stable,0,0,1,1.0,0.0,0,0.0,0.0,0.0,210000.0,0.0,5,1,2,1,0,1,0,0,0,22,0,1,4.418840607796598,6,2,12,518297.0,0,3,0,0,0,0,0,1,1,1,0,0,0,1,0,1,0,0,0,0,0,1,0,0,0,1,0,1,0,0,0,1,0,0,0,0,0,0,0,1,1
R0282,real_4w,3,2,2,2026-04-24 21:50:31,320000.0,Up,250000.0,250000.0,210000.0,0.0,1,0,230000.0,20000.0,210000.0,250000.0,40000.0,40000.0,0.19047619047619047,40000.0,0.19047619047619047,Up,1,0,0,1.0869565217391304,0.08695652173913043,1,40000.0,0.19047619047619047,0.08695652173913043,230000.0,0.08695652173913043,4,4,2,0,1,0,0,0,0,22,0,1,4.418840607796598,6,2,12,518297.0,0,3,0,0,0,0,0,1,1,1,0,0,0,1,0,1,0,0,0,0,0,1,0,0,0,1,0,1,0,0,0,1,0,0,0,0,0,0,0,1,2
R0282,real_4w,4,3,3,2026-04-17 21:50:31,220000.0,Down,320000.0,320000.0,250000.0,210000.0,1,1,260000.0,45460.60565661952,210000.0,320000.0,110000.0,70000.0,0.28,70000.0,0.28,Up,1,0,0,1.2307692307692308,0.17484848329469047,1,70000.0,0.28,0.17484848329469047,250000.0,0.28,4,3,2,0,0,0,0,0,0,22,0,1,4.418840607796598,6,2,12,518297.0,0,3,0,0,0,0,0,1,1,1,0,0,0,1,0,1,0,0,0,0,0,1,0,0,0,1,0,1,0,0,0,1,0,0,0,0,0,0,0,1,2
R0283,real_4w,2,1,1,2026-05-01 22:40:58,785000.0,Up,610000.0,610000.0,0.0,0.0,0,0,610000.0,0.0,610000.0,610000.0,0.0,0.0,0.0,0.0,0.0,Stable,0,0,1,1.0,0.0,0,0.0,0.0,0.0,610000.0,0.0,5,1,2,1,0,1,0,0,0,34,2,7,3.091042453358316,6,6,36,559306.0,2,1,0,0,0,0,0,0,0,0,1,1,1,0,1,0,0,0,0,0,0,1,0,0,0,0,1,0,1,0,0,0,0,0,0,0,0,1,0,0,1
R0283,real_4w,3,2,2,2026-04-24 22:40:58,570000.0,Down,785000.0,785000.0,610000.0,0.0,1,0,697500.0,87500.0,610000.0,785000.0,175000.0,175000.0,0.28688524590163933,175000.0,0.28688524590163933,Up,1,0,0,1.125448028673835,0.12544802867383512,1,175000.0,0.28688524590163933,0.12544802867383512,697500.0,0.12544802867383512,4,4,2,0,1,0,0,0,0,34,2,7,3.091042453358316,6,6,36,559306.0,2,1,0,0,0,0,0,0,0,0,1,1,1,0,1,0,0,0,0,0,0,1,0,0,0,0,1,0,1,0,0,0,0,0,0,0,0,1,0,0,2
R0283,real_4w,4,3,3,2026-04-17 22:40:58,695000.0,Up,570000.0,570000.0,785000.0,610000.0,1,1,655000.0,93363.09049440612,570000.0,785000.0,215000.0,-215000.0,-0.27388535031847133,-215000.0,-0.27388535031847133,Down,0,1,0,0.8702290076335878,0.1425390694571086,0,-215000.0,-0.27388535031847133,0.1425390694571086,610000.0,-0.06557377049180328,4,3,2,0,0,0,0,0,0,34,2,7,3.091042453358316,6,6,36,559306.0,2,1,0,0,0,0,0,0,0,0,1,1,1,0,1,0,0,0,0,0,0,1,0,0,0,0,1,0,1,0,0,0,0,0,0,0,0,1,0,0,0
R0284,real_4w,2,1,1,2026-05-01 22:51:08,960000.0,Stable,890000.0,890000.0,0.0,0.0,0,0,890000.0,0.0,890000.0,890000.0,0.0,0.0,0.0,0.0,0.0,Stable,0,0,1,1.0,0.0,0,0.0,0.0,0.0,890000.0,0.0,5,1,2,1,0,1,0,0,0,44,6,2,3.6109179126442243,4,7,28,739240.8333333334,1,1,0,0,0,0,0,0,0,0,0,1,0,1,0,0,0,1,0,0,1,1,0,0,0,0,0,0,0,0,1,1,0,1,0,0,0,0,0,0,1
R0284,real_4w,3,2,2,2026-04-24 22:51:08,300000.0,Down,960000.0,960000.0,890000.0,0.0,1,0,925000.0,35000.0,890000.0,960000.0,70000.0,70000.0,0.07865168539325842,70000.0,0.07865168539325842,Stable,0,0,1,1.037837837837838,0.03783783783783784,1,70000.0,0.07865168539325842,0.03783783783783784,925000.0,0.03783783783783784,4,4,2,0,1,0,0,0,0,44,6,2,3.6109179126442243,4,7,28,739240.8333333334,1,1,0,0,0,0,0,0,0,0,0,1,0,1,0,0,0,1,0,0,1,1,0,0,0,0,0,0,0,0,1,1,0,1,0,0,0,0,0,0,1
R0284,real_4w,4,3,3,2026-04-17 22:51:08,750000.0,Up,300000.0,300000.0,960000.0,890000.0,1,1,716666.6666666666,296010.51032391103,300000.0,960000.0,660000.0,-660000.0,-0.6875,-660000.0,-0.6875,Down,0,1,0,0.4186046511627907,0.41303792138220147,0,-660000.0,-0.6875,0.41303792138220147,890000.0,-0.6629213483146067,4,3,2,0,0,0,0,0,0,44,6,2,3.6109179126442243,4,7,28,739240.8333333334,1,1,0,0,0,0,0,0,0,0,0,1,0,1,0,0,0,1,0,0,1,1,0,0,0,0,0,0,0,0,1,1,0,1,0,0,0,0,0,0,0
R0285,real_4w,2,1,1,2026-05-01 22:54:46,680000.0,Stable,700000.0,700000.0,0.0,0.0,0,0,700000.0,0.0,700000.0,700000.0,0.0,0.0,0.0,0.0,0.0,Stable,0,0,1,1.0,0.0,0,0.0,0.0,0.0,700000.0,0.0,5,1,2,1,0,1,0,0,0,25,2,2,3.828641396489095,5,8,40,739240.8333333334,0,0,1,0,0,0,0,0,0,0,0,0,1,1,1,0,0,0,0,0,0,1,0,0,1,0,1,0,1,0,0,1,0,0,0,0,0,1,0,0,1
R0285,real_4w,3,2,2,2026-04-24 22:54:46,625000.0,Stable,680000.0,680000.0,700000.0,0.0,1,0,690000.0,10000.0,680000.0,700000.0,20000.0,-20000.0,-0.02857142857142857,-20000.0,-0.02857142857142857,Stable,0,0,1,0.9855072463768116,0.014492753623188406,0,-20000.0,-0.02857142857142857,0.014492753623188406,690000.0,-0.014492753623188406,4,4,2,0,1,0,0,0,0,25,2,2,3.828641396489095,5,8,40,739240.8333333334,0,0,1,0,0,0,0,0,0,0,0,0,1,1,1,0,0,0,0,0,0,1,0,0,1,0,1,0,1,0,0,1,0,0,0,0,0,1,0,0,1
R0285,real_4w,4,3,3,2026-04-17 22:54:46,660000.0,Stable,625000.0,625000.0,680000.0,700000.0,1,1,668333.3333333334,31710.495984067416,625000.0,700000.0,75000.0,-55000.0,-0.08088235294117647,-55000.0,-0.08088235294117647,Stable,0,0,1,0.9351620947630922,0.04744712616069938,0,-55000.0,-0.08088235294117647,0.04744712616069938,680000.0,-0.08088235294117647,4,3,2,0,0,0,0,0,0,25,2,2,3.828641396489095,5,8,40,739240.8333333334,0,0,1,0,0,0,0,0,0,0,0,0,1,1,1,0,0,0,0,0,0,1,0,0,1,0,1,0,1,0,0,1,0,0,0,0,0,1,0,0,1
R0286,real_4w,2,1,1,2026-05-01 23:58:00,420000.0,Up,360000.0,360000.0,0.0,0.0,0,0,360000.0,0.0,360000.0,360000.0,0.0,0.0,0.0,0.0,0.0,Stable,0,0,1,1.0,0.0,0,0.0,0.0,0.0,360000.0,0.0,5,1,2,1,0,1,0,0,0,18,3,0,2.5649493574615367,6,4,24,548095.6666666666,1,3,0,0,0,1,0,0,1,0,0,1,0,0,1,1,0,1,1,0,0,1,0,0,0,0,1,1,0,0,1,0,1,0,0,0,0,0,0,0,1
R0286,real_4w,3,2,2,2026-04-24 23:58:00,330000.0,Down,420000.0,420000.0,360000.0,0.0,1,0,390000.0,30000.0,360000.0,420000.0,60000.0,60000.0,0.16666666666666666,60000.0,0.16666666666666666,Up,1,0,0,1.0769230769230769,0.07692307692307693,1,60000.0,0.16666666666666666,0.07692307692307693,390000.0,0.07692307692307693,4,4,2,0,1,0,0,0,0,18,3,0,2.5649493574615367,6,4,24,548095.6666666666,1,3,0,0,0,1,0,0,1,0,0,1,0,0,1,1,0,1,1,0,0,1,0,0,0,0,1,1,0,0,1,0,1,0,0,0,0,0,0,0,2
R0286,real_4w,4,3,3,2026-04-17 23:58:00,330000.0,Stable,330000.0,330000.0,420000.0,360000.0,1,1,370000.0,37416.57386773941,330000.0,420000.0,90000.0,-90000.0,-0.21428571428571427,-90000.0,-0.21428571428571427,Down,0,1,0,0.8918918918918919,0.10112587531821463,0,-90000.0,-0.21428571428571427,0.10112587531821463,360000.0,-0.08333333333333333,4,3,2,0,0,0,0,0,0,18,3,0,2.5649493574615367,6,4,24,548095.6666666666,1,3,0,0,0,1,0,0,1,0,0,1,0,0,1,1,0,1,1,0,0,1,0,0,0,0,1,1,0,0,1,0,1,0,0,0,0,0,0,0,0
R0287,real_4w,2,1,1,2026-05-02 01:07:20,465000.0,Up,25000.0,25000.0,0.0,0.0,0,0,25000.0,0.0,25000.0,25000.0,0.0,0.0,0.0,0.0,0.0,Stable,0,0,1,1.0,0.0,0,0.0,0.0,0.0,25000.0,0.0,5,1,2,1,0,1,1,0,0,18,7,2,2.833213344056216,3,3,9,739240.8333333334,2,3,0,0,0,1,0,0,1,0,0,1,1,1,1,0,0,0,0,0,1,1,1,0,0,0,1,0,1,0,0,1,0,0,0,0,0,0,1,0,1
R0287,real_4w,3,2,2,2026-04-25 01:07:20,510000.0,Stable,465000.0,465000.0,25000.0,0.0,1,0,245000.0,220000.0,25000.0,465000.0,440000.0,440000.0,17.6,440000.0,17.6,Up,1,0,0,1.8979591836734695,0.8979591836734694,1,440000.0,17.6,0.8979591836734694,245000.0,0.8979591836734694,4,4,2,0,1,1,1,0,0,18,7,2,2.833213344056216,3,3,9,739240.8333333334,2,3,0,0,0,1,0,0,1,0,0,1,1,1,1,0,0,0,0,0,1,1,1,0,0,0,1,0,1,0,0,1,0,0,0,0,0,0,1,0,2
R0287,real_4w,4,3,3,2026-04-18 01:07:20,570000.0,Up,510000.0,510000.0,465000.0,25000.0,1,1,333333.3333333333,218797.21712632047,25000.0,510000.0,485000.0,45000.0,0.0967741935483871,45000.0,0.0967741935483871,Stable,0,0,1,1.53,0.6563916513789614,1,45000.0,0.0967741935483871,0.6563916513789614,465000.0,0.0967741935483871,4,3,2,0,0,0,1,0,0,18,7,2,2.833213344056216,3,3,9,739240.8333333334,2,3,0,0,0,1,0,0,1,0,0,1,1,1,1,0,0,0,0,0,1,1,1,0,0,0,1,0,1,0,0,1,0,0,0,0,0,0,1,0,1
R0288,real_4w,2,1,1,2026-05-02 01:33:27,230000.0,Up,90000.0,90000.0,0.0,0.0,0,0,90000.0,0.0,90000.0,90000.0,0.0,0.0,0.0,0.0,0.0,Stable,0,0,1,1.0,0.0,0,0.0,0.0,0.0,90000.0,0.0,5,1,2,1,0,1,1,0,0,20,1,6,4.07753744390572,4,6,24,653189.75,0,2,1,0,0,1,0,0,1,0,0,0,1,0,1,0,0,0,0,0,0,1,0,0,0,1,1,0,1,0,0,0,0,0,1,0,0,0,0,0,1
R0288,real_4w,3,2,2,2026-04-25 01:33:27,150000.0,Down,230000.0,230000.0,90000.0,0.0,1,0,160000.0,70000.0,90000.0,230000.0,140000.0,140000.0,1.5555555555555556,140000.0,1.5555555555555556,Up,1,0,0,1.4375,0.4375,1,140000.0,1.5555555555555556,0.4375,160000.0,0.4375,4,4,2,0,1,1,1,0,0,20,1,6,4.07753744390572,4,6,24,653189.75,0,2,1,0,0,1,0,0,1,0,0,0,1,0,1,0,0,0,0,0,0,1,0,0,0,1,1,0,1,0,0,0,0,0,1,0,0,0,0,0,2
R0288,real_4w,4,3,3,2026-04-18 01:33:27,225000.0,Up,150000.0,150000.0,230000.0,90000.0,1,1,156666.66666666666,57348.83511361751,90000.0,230000.0,140000.0,-80000.0,-0.34782608695652173,-80000.0,-0.34782608695652173,Down,0,1,0,0.9574468085106383,0.36605639434223947,0,-80000.0,-0.34782608695652173,0.36605639434223947,150000.0,0.0,4,3,2,0,0,0,1,0,0,20,1,6,4.07753744390572,4,6,24,653189.75,0,2,1,0,0,1,0,0,1,0,0,0,1,0,1,0,0,0,0,0,0,1,0,0,0,1,1,0,1,0,0,0,0,0,1,0,0,0,0,0,0
R0289,real_4w,2,1,1,2026-05-02 02:20:12,740000.0,Down,835000.0,835000.0,0.0,0.0,0,0,835000.0,0.0,835000.0,835000.0,0.0,0.0,0.0,0.0,0.0,Stable,0,0,1,1.0,0.0,0,0.0,0.0,0.0,835000.0,0.0,5,1,2,1,0,1,1,0,0,31,3,1,2.772588722239781,4,8,32,518297.0,2,0,0,0,0,1,0,1,1,1,0,0,1,0,1,0,0,0,0,0,0,1,0,1,0,0,1,0,1,0,0,0,1,0,0,0,0,0,0,0,1
R0289,real_4w,3,2,2,2026-04-25 02:20:12,820000.0,Up,740000.0,740000.0,835000.0,0.0,1,0,787500.0,47500.0,740000.0,835000.0,95000.0,-95000.0,-0.11377245508982035,-95000.0,-0.11377245508982035,Down,0,1,0,0.9396825396825397,0.06031746031746032,0,-95000.0,-0.11377245508982035,0.06031746031746032,787500.0,-0.06031746031746032,4,4,2,0,1,1,1,0,0,31,3,1,2.772588722239781,4,8,32,518297.0,2,0,0,0,0,1,0,1,1,1,0,0,1,0,1,0,0,0,0,0,0,1,0,1,0,0,1,0,1,0,0,0,1,0,0,0,0,0,0,0,0
R0289,real_4w,4,3,3,2026-04-18 02:20:12,720000.0,Down,820000.0,820000.0,740000.0,835000.0,1,1,798333.3333333334,41699.98667732268,740000.0,835000.0,95000.0,80000.0,0.10810810810810811,80000.0,0.10810810810810811,Up,1,0,0,1.0271398747390397,0.05223380377117663,1,80000.0,0.10810810810810811,0.05223380377117663,820000.0,0.0,4,3,2,0,0,0,1,0,0,31,3,1,2.772588722239781,4,8,32,518297.0,2,0,0,0,0,1,0,1,1,1,0,0,1,0,1,0,0,0,0,0,0,1,0,1,0,0,1,0,1,0,0,0,1,0,0,0,0,0,0,0,2
R0290,real_4w,2,1,1,2026-05-02 04:27:16,340000.0,Down,610000.0,610000.0,0.0,0.0,0,0,610000.0,0.0,610000.0,610000.0,0.0,0.0,0.0,0.0,0.0,Stable,0,0,1,1.0,0.0,0,0.0,0.0,0.0,610000.0,0.0,5,1,2,1,0,1,1,0,0,20,1,4,2.3978952727983707,3,7,21,442180.75,2,4,1,0,0,0,0,0,0,0,0,0,1,0,0,0,0,0,0,0,1,1,0,0,0,0,0,0,1,0,0,0,0,0,1,0,0,0,0,0,1
R0290,real_4w,3,2,2,2026-04-25 04:27:16,350000.0,Stable,340000.0,340000.0,610000.0,0.0,1,0,475000.0,135000.0,340000.0,610000.0,270000.0,-270000.0,-0.4426229508196721,-270000.0,-0.4426229508196721,Down,0,1,0,0.7157894736842105,0.28421052631578947,0,-270000.0,-0.4426229508196721,0.28421052631578947,475000.0,-0.28421052631578947,4,4,2,0,1,1,1,0,0,20,1,4,2.3978952727983707,3,7,21,442180.75,2,4,1,0,0,0,0,0,0,0,0,0,1,0,0,0,0,0,0,0,1,1,0,0,0,0,0,0,1,0,0,0,0,0,1,0,0,0,0,0,0
R0290,real_4w,4,3,3,2026-04-18 04:27:16,680000.0,Up,350000.0,350000.0,340000.0,610000.0,1,1,433333.3333333333,124988.88839501783,340000.0,610000.0,270000.0,10000.0,0.029411764705882353,10000.0,0.029411764705882353,Stable,0,0,1,0.8076923076923077,0.288435896296195,0,10000.0,0.029411764705882353,0.288435896296195,350000.0,0.0,4,3,2,0,0,0,1,0,0,20,1,4,2.3978952727983707,3,7,21,442180.75,2,4,1,0,0,0,0,0,0,0,0,0,1,0,0,0,0,0,0,0,1,1,0,0,0,0,0,0,1,0,0,0,0,0,1,0,0,0,0,0,1
R0291,real_4w,2,1,1,2026-05-02 07:17:18,880000.0,Stable,900000.0,900000.0,0.0,0.0,0,0,900000.0,0.0,900000.0,900000.0,0.0,0.0,0.0,0.0,0.0,Stable,0,0,1,1.0,0.0,0,0.0,0.0,0.0,900000.0,0.0,5,1,2,1,0,1,1,0,0,31,4,6,3.784189633918261,7,7,49,653189.75,2,1,0,0,1,0,0,1,0,0,0,0,0,0,0,1,0,0,0,1,0,1,0,0,0,0,0,1,0,0,0,0,0,0,0,0,1,0,0,0,1
R0291,real_4w,3,2,2,2026-04-25 07:17:18,730000.0,Down,880000.0,880000.0,900000.0,0.0,1,0,890000.0,10000.0,880000.0,900000.0,20000.0,-20000.0,-0.022222222222222223,-20000.0,-0.022222222222222223,Stable,0,0,1,0.9887640449438202,0.011235955056179775,0,-20000.0,-0.022222222222222223,0.011235955056179775,890000.0,-0.011235955056179775,4,4,2,0,1,1,1,0,0,31,4,6,3.784189633918261,7,7,49,653189.75,2,1,0,0,1,0,0,1,0,0,0,0,0,0,0,1,0,0,0,1,0,1,0,0,0,0,0,1,0,0,0,0,0,0,0,0,1,0,0,0,1
R0291,real_4w,4,3,3,2026-04-18 07:17:18,900000.0,Up,730000.0,730000.0,880000.0,900000.0,1,1,836666.6666666666,75865.37784494027,730000.0,900000.0,170000.0,-150000.0,-0.17045454545454544,-150000.0,-0.17045454545454544,Down,0,1,0,0.8725099601593626,0.09067575041227921,0,-150000.0,-0.17045454545454544,0.09067575041227921,880000.0,-0.17045454545454544,4,3,2,0,0,0,1,0,0,31,4,6,3.784189633918261,7,7,49,653189.75,2,1,0,0,1,0,0,1,0,0,0,0,0,0,0,1,0,0,0,1,0,1,0,0,0,0,0,1,0,0,0,0,0,0,0,0,1,0,0,0,0
R0292,real_4w,2,1,1,2026-05-02 07:54:37,500000.0,Down,1075000.0,1075000.0,0.0,0.0,0,0,1075000.0,0.0,1075000.0,1075000.0,0.0,0.0,0.0,0.0,0.0,Stable,0,0,1,1.0,0.0,0,0.0,0.0,0.0,1075000.0,0.0,5,1,2,1,0,1,1,0,0,17,6,1,3.6375861597263857,5,9,45,518297.0,2,0,0,0,0,0,0,0,0,0,0,1,0,1,1,0,0,0,0,0,1,1,0,0,0,0,1,0,0,0,0,1,0,1,0,0,0,0,0,0,1
R0292,real_4w,3,2,2,2026-04-25 07:54:37,325000.0,Down,500000.0,500000.0,1075000.0,0.0,1,0,787500.0,287500.0,500000.0,1075000.0,575000.0,-575000.0,-0.5348837209302325,-575000.0,-0.5348837209302325,Down,0,1,0,0.6349206349206349,0.36507936507936506,0,-575000.0,-0.5348837209302325,0.36507936507936506,787500.0,-0.36507936507936506,4,4,2,0,1,1,1,0,0,17,6,1,3.6375861597263857,5,9,45,518297.0,2,0,0,0,0,0,0,0,0,0,0,1,0,1,1,0,0,0,0,0,1,1,0,0,0,0,1,0,0,0,0,1,0,1,0,0,0,0,0,0,0
R0292,real_4w,4,3,3,2026-04-18 07:54:37,375000.0,Up,325000.0,325000.0,500000.0,1075000.0,1,1,633333.3333333334,320373.04644568474,325000.0,1075000.0,750000.0,-175000.0,-0.35,-175000.0,-0.35,Down,0,1,0,0.513157894736842,0.5058521785984496,0,-175000.0,-0.35,0.5058521785984496,500000.0,-0.35,4,3,2,0,0,0,1,0,0,17,6,1,3.6375861597263857,5,9,45,518297.0,2,0,0,0,0,0,0,0,0,0,0,1,0,1,1,0,0,0,0,0,1,1,0,0,0,0,1,0,0,0,0,1,0,1,0,0,0,0,0,0,0
R0293,real_4w,2,1,1,2026-05-02 08:21:52,200000.0,Down,375000.0,375000.0,0.0,0.0,0,0,375000.0,0.0,375000.0,375000.0,0.0,0.0,0.0,0.0,0.0,Stable,0,0,1,1.0,0.0,0,0.0,0.0,0.0,375000.0,0.0,5,1,2,1,0,1,1,0,0,25,1,3,1.0986122886681096,4,8,32,518297.0,1,2,0,0,0,1,0,0,1,0,0,1,0,0,1,0,0,0,0,0,0,1,0,0,1,0,1,0,0,0,0,0,0,0,1,0,0,0,0,0,1
R0293,real_4w,3,2,2,2026-04-25 08:21:52,290000.0,Up,200000.0,200000.0,375000.0,0.0,1,0,287500.0,87500.0,200000.0,375000.0,175000.0,-175000.0,-0.4666666666666667,-175000.0,-0.4666666666666667,Down,0,1,0,0.6956521739130435,0.30434782608695654,0,-175000.0,-0.4666666666666667,0.30434782608695654,287500.0,-0.30434782608695654,4,4,2,0,1,1,1,0,0,25,1,3,1.0986122886681096,4,8,32,518297.0,1,2,0,0,0,1,0,0,1,0,0,1,0,0,1,0,0,0,0,0,0,1,0,0,1,0,1,0,0,0,0,0,0,0,1,0,0,0,0,0,0
R0293,real_4w,4,3,3,2026-04-18 08:21:52,435000.0,Up,290000.0,290000.0,200000.0,375000.0,1,1,288333.3333333333,71453.17036742005,200000.0,375000.0,175000.0,90000.0,0.45,90000.0,0.45,Up,1,0,0,1.0057803468208093,0.2478144637020349,1,90000.0,0.45,0.2478144637020349,290000.0,0.0,4,3,2,0,0,0,1,0,0,25,1,3,1.0986122886681096,4,8,32,518297.0,1,2,0,0,0,1,0,0,1,0,0,1,0,0,1,0,0,0,0,0,0,1,0,0,1,0,1,0,0,0,0,0,0,0,1,0,0,0,0,0,2
R0294,real_4w,2,1,1,2026-05-02 08:22:15,270000.0,Up,205000.0,205000.0,0.0,0.0,0,0,205000.0,0.0,205000.0,205000.0,0.0,0.0,0.0,0.0,0.0,Stable,0,0,1,1.0,0.0,0,0.0,0.0,0.0,205000.0,0.0,5,1,2,1,0,1,1,0,0,36,6,2,2.995732273553991,5,8,40,739240.8333333334,1,4,0,0,0,0,0,0,0,0,0,1,0,0,1,0,0,1,0,0,0,1,1,0,0,0,1,0,0,0,1,0,0,1,0,0,0,0,0,0,1
R0294,real_4w,3,2,2,2026-04-25 08:22:15,250000.0,Stable,270000.0,270000.0,205000.0,0.0,1,0,237500.0,32500.0,205000.0,270000.0,65000.0,65000.0,0.3170731707317073,65000.0,0.3170731707317073,Up,1,0,0,1.1368421052631579,0.1368421052631579,1,65000.0,0.3170731707317073,0.1368421052631579,237500.0,0.1368421052631579,4,4,2,0,1,1,1,0,0,36,6,2,2.995732273553991,5,8,40,739240.8333333334,1,4,0,0,0,0,0,0,0,0,0,1,0,0,1,0,0,1,0,0,0,1,1,0,0,0,1,0,0,0,1,0,0,1,0,0,0,0,0,0,2
R0294,real_4w,4,3,3,2026-04-18 08:22:15,410000.0,Up,250000.0,250000.0,270000.0,205000.0,1,1,241666.66666666666,27182.510717166817,205000.0,270000.0,65000.0,-20000.0,-0.07407407407407407,-20000.0,-0.07407407407407407,Stable,0,0,1,1.0344827586206897,0.11247935469172476,1,-20000.0,-0.07407407407407407,0.11247935469172476,250000.0,0.0,4,3,2,0,0,0,1,0,0,36,6,2,2.995732273553991,5,8,40,739240.8333333334,1,4,0,0,0,0,0,0,0,0,0,1,0,0,1,0,0,1,0,0,0,1,1,0,0,0,1,0,0,0,1,0,0,1,0,0,0,0,0,0,1
R0295,real_4w,2,1,1,2026-05-02 08:52:37,360000.0,Down,920000.0,920000.0,0.0,0.0,0,0,920000.0,0.0,920000.0,920000.0,0.0,0.0,0.0,0.0,0.0,Stable,0,0,1,1.0,0.0,0,0.0,0.0,0.0,920000.0,0.0,5,1,2,1,0,1,1,0,0,30,6,1,3.8712010109078907,5,8,40,518297.0,2,4,0,0,0,0,0,0,0,0,0,1,0,1,1,0,0,0,0,0,0,1,0,0,0,0,1,0,0,0,0,1,0,1,0,0,0,0,0,0,1
R0295,real_4w,3,2,2,2026-04-25 08:52:37,650000.0,Up,360000.0,360000.0,920000.0,0.0,1,0,640000.0,280000.0,360000.0,920000.0,560000.0,-560000.0,-0.6086956521739131,-560000.0,-0.6086956521739131,Down,0,1,0,0.5625,0.4375,0,-560000.0,-0.6086956521739131,0.4375,640000.0,-0.4375,4,4,2,0,1,1,1,0,0,30,6,1,3.8712010109078907,5,8,40,518297.0,2,4,0,0,0,0,0,0,0,0,0,1,0,1,1,0,0,0,0,0,0,1,0,0,0,0,1,0,0,0,0,1,0,1,0,0,0,0,0,0,0
R0295,real_4w,4,3,3,2026-04-18 08:52:37,610000.0,Stable,650000.0,650000.0,360000.0,920000.0,1,1,643333.3333333334,228667.63848189995,360000.0,920000.0,560000.0,290000.0,0.8055555555555556,290000.0,0.8055555555555556,Up,1,0,0,1.0103626943005182,0.3554419251013989,1,290000.0,0.8055555555555556,0.3554419251013989,650000.0,0.0,4,3,2,0,0,0,1,0,0,30,6,1,3.8712010109078907,5,8,40,518297.0,2,4,0,0,0,0,0,0,0,0,0,1,0,1,1,0,0,0,0,0,0,1,0,0,0,0,1,0,0,0,0,1,0,1,0,0,0,0,0,0,2
R0296,real_4w,2,1,1,2026-05-02 10:52:30,175000.0,Down,385000.0,385000.0,0.0,0.0,0,0,385000.0,0.0,385000.0,385000.0,0.0,0.0,0.0,0.0,0.0,Stable,0,0,1,1.0,0.0,0,0.0,0.0,0.0,385000.0,0.0,5,1,2,1,0,1,1,0,0,22,3,2,2.8903717578961645,5,7,35,739240.8333333334,1,1,0,0,0,1,0,1,1,1,0,0,1,0,0,0,0,0,0,0,0,1,0,0,0,1,0,0,1,0,0,0,1,0,0,0,0,0,0,0,1
R0296,real_4w,3,2,2,2026-04-25 10:52:30,150000.0,Down,175000.0,175000.0,385000.0,0.0,1,0,280000.0,105000.0,175000.0,385000.0,210000.0,-210000.0,-0.5454545454545454,-210000.0,-0.5454545454545454,Down,0,1,0,0.625,0.375,0,-210000.0,-0.5454545454545454,0.375,280000.0,-0.375,4,4,2,0,1,1,1,0,0,22,3,2,2.8903717578961645,5,7,35,739240.8333333334,1,1,0,0,0,1,0,1,1,1,0,0,1,0,0,0,0,0,0,0,0,1,0,0,0,1,0,0,1,0,0,0,1,0,0,0,0,0,0,0,0
R0296,real_4w,4,3,3,2026-04-18 10:52:30,170000.0,Up,150000.0,150000.0,175000.0,385000.0,1,1,236666.66666666666,105382.89973024825,150000.0,385000.0,235000.0,-25000.0,-0.14285714285714285,-25000.0,-0.14285714285714285,Down,0,1,0,0.6338028169014085,0.4452798580151335,0,-25000.0,-0.14285714285714285,0.4452798580151335,175000.0,-0.14285714285714285,4,3,2,0,0,0,1,0,0,22,3,2,2.8903717578961645,5,7,35,739240.8333333334,1,1,0,0,0,1,0,1,1,1,0,0,1,0,0,0,0,0,0,0,0,1,0,0,0,1,0,0,1,0,0,0,1,0,0,0,0,0,0,0,0
R0297,real_4w,2,1,1,2026-05-02 11:02:47,225000.0,Down,475000.0,475000.0,0.0,0.0,0,0,475000.0,0.0,475000.0,475000.0,0.0,0.0,0.0,0.0,0.0,Stable,0,0,1,1.0,0.0,0,0.0,0.0,0.0,475000.0,0.0,5,1,2,1,0,1,1,0,0,22,1,0,3.091042453358316,6,7,42,548095.6666666666,0,4,1,0,0,1,0,0,1,0,0,0,1,1,1,0,0,0,0,0,0,1,0,0,1,0,1,0,1,0,0,1,0,0,1,0,0,0,0,0,1
R0297,real_4w,3,2,2,2026-04-25 11:02:47,295000.0,Up,225000.0,225000.0,475000.0,0.0,1,0,350000.0,125000.0,225000.0,475000.0,250000.0,-250000.0,-0.5263157894736842,-250000.0,-0.5263157894736842,Down,0,1,0,0.6428571428571429,0.35714285714285715,0,-250000.0,-0.5263157894736842,0.35714285714285715,350000.0,-0.35714285714285715,4,4,2,0,1,1,1,0,0,22,1,0,3.091042453358316,6,7,42,548095.6666666666,0,4,1,0,0,1,0,0,1,0,0,0,1,1,1,0,0,0,0,0,0,1,0,0,1,0,1,0,1,0,0,1,0,0,1,0,0,0,0,0,0
R0297,real_4w,4,3,3,2026-04-18 11:02:47,6800.0,Down,295000.0,295000.0,225000.0,475000.0,1,1,331666.6666666667,105303.79332620876,225000.0,475000.0,250000.0,70000.0,0.3111111111111111,70000.0,0.3111111111111111,Up,1,0,0,0.8894472361809045,0.31749887435037816,0,70000.0,0.3111111111111111,0.31749887435037816,295000.0,0.0,4,3,2,0,0,0,1,0,0,22,1,0,3.091042453358316,6,7,42,548095.6666666666,0,4,1,0,0,1,0,0,1,0,0,0,1,1,1,0,0,0,0,0,0,1,0,0,1,0,1,0,1,0,0,1,0,0,1,0,0,0,0,0,2
R0298,real_4w,2,1,1,2026-05-02 11:30:17,40000.0,Down,725000.0,725000.0,0.0,0.0,0,0,725000.0,0.0,725000.0,725000.0,0.0,0.0,0.0,0.0,0.0,Stable,0,0,1,1.0,0.0,0,0.0,0.0,0.0,725000.0,0.0,5,1,2,1,0,1,1,0,0,25,4,2,2.995732273553991,6,7,42,739240.8333333334,1,4,0,0,1,0,0,1,0,0,0,0,0,0,1,1,0,0,0,1,0,1,0,0,0,0,1,1,0,0,0,0,0,0,0,0,1,0,0,0,1
R0298,real_4w,3,2,2,2026-04-25 11:30:17,40000.0,Stable,40000.0,40000.0,725000.0,0.0,1,0,382500.0,342500.0,40000.0,725000.0,685000.0,-685000.0,-0.9448275862068966,-685000.0,-0.9448275862068966,Down,0,1,0,0.10457516339869281,0.8954248366013072,0,-685000.0,-0.9448275862068966,0.8954248366013072,382500.0,-0.8954248366013072,4,4,2,0,1,1,1,0,0,25,4,2,2.995732273553991,6,7,42,739240.8333333334,1,4,0,0,1,0,0,1,0,0,0,0,0,0,1,1,0,0,0,1,0,1,0,0,0,0,1,1,0,0,0,0,0,0,0,0,1,0,0,0,0
R0298,real_4w,4,3,3,2026-04-18 11:30:17,730000.0,Up,40000.0,40000.0,40000.0,725000.0,1,1,268333.3333333333,322912.0967418567,40000.0,725000.0,685000.0,0.0,0.0,0.0,0.0,Stable,0,0,1,0.14906832298136646,1.2033991182926338,0,0.0,0.0,1.2033991182926338,40000.0,0.0,4,3,2,0,0,0,1,0,0,25,4,2,2.995732273553991,6,7,42,739240.8333333334,1,4,0,0,1,0,0,1,0,0,0,0,0,0,1,1,0,0,0,1,0,1,0,0,0,0,1,1,0,0,0,0,0,0,0,0,1,0,0,0,1
R0299,real_4w,2,1,1,2026-05-02 11:40:33,825000.0,Down,990000.0,990000.0,0.0,0.0,0,0,990000.0,0.0,990000.0,990000.0,0.0,0.0,0.0,0.0,0.0,Stable,0,0,1,1.0,0.0,0,0.0,0.0,0.0,990000.0,0.0,5,1,2,1,0,1,1,0,0,17,6,4,3.9512437185814275,6,6,36,442180.75,2,4,0,0,0,0,0,0,0,0,0,1,0,1,1,0,0,1,0,0,0,1,1,0,0,0,1,0,0,0,1,1,0,1,0,0,0,0,0,0,1
R0299,real_4w,3,2,2,2026-04-25 11:40:33,775000.0,Stable,825000.0,825000.0,990000.0,0.0,1,0,907500.0,82500.0,825000.0,990000.0,165000.0,-165000.0,-0.16666666666666666,-165000.0,-0.16666666666666666,Down,0,1,0,0.9090909090909091,0.09090909090909091,0,-165000.0,-0.16666666666666666,0.09090909090909091,907500.0,-0.09090909090909091,4,4,2,0,1,1,1,0,0,17,6,4,3.9512437185814275,6,6,36,442180.75,2,4,0,0,0,0,0,0,0,0,0,1,0,1,1,0,0,1,0,0,0,1,1,0,0,0,1,0,0,0,1,1,0,1,0,0,0,0,0,0,0
R0299,real_4w,4,3,3,2026-04-18 11:40:33,1010000.0,Up,775000.0,775000.0,825000.0,990000.0,1,1,863333.3333333334,91863.42519680446,775000.0,990000.0,215000.0,-50000.0,-0.06060606060606061,-50000.0,-0.06060606060606061,Stable,0,0,1,0.8976833976833977,0.10640551181097041,0,-50000.0,-0.06060606060606061,0.10640551181097041,825000.0,-0.06060606060606061,4,3,2,0,0,0,1,0,0,17,6,4,3.9512437185814275,6,6,36,442180.75,2,4,0,0,0,0,0,0,0,0,0,1,0,1,1,0,0,1,0,0,0,1,1,0,0,0,1,0,0,0,1,1,0,1,0,0,0,0,0,0,1
R0300,real_4w,2,1,1,2026-05-02 12:03:29,100000.0,Up,85000.0,85000.0,0.0,0.0,0,0,85000.0,0.0,85000.0,85000.0,0.0,0.0,0.0,0.0,0.0,Stable,0,0,1,1.0,0.0,0,0.0,0.0,0.0,85000.0,0.0,5,1,2,1,0,1,1,0,0,25,1,8,2.1972245773362196,4,4,16,517481.9375,0,3,0,0,0,1,0,0,1,0,0,0,0,0,1,0,0,0,0,0,1,1,0,0,0,0,1,0,0,0,0,0,0,0,1,0,0,0,0,0,1
R0300,real_4w,3,2,2,2026-04-25 12:03:29,115000.0,Up,100000.0,100000.0,85000.0,0.0,1,0,92500.0,7500.0,85000.0,100000.0,15000.0,15000.0,0.17647058823529413,15000.0,0.17647058823529413,Up,1,0,0,1.0810810810810811,0.08108108108108109,1,15000.0,0.17647058823529413,0.08108108108108109,92500.0,0.08108108108108109,4,4,2,0,1,1,1,0,0,25,1,8,2.1972245773362196,4,4,16,517481.9375,0,3,0,0,0,1,0,0,1,0,0,0,0,0,1,0,0,0,0,0,1,1,0,0,0,0,1,0,0,0,0,0,0,0,1,0,0,0,0,0,2
R0300,real_4w,4,3,3,2026-04-18 12:03:29,95000.0,Down,115000.0,115000.0,100000.0,85000.0,1,1,100000.0,12247.44871391589,85000.0,115000.0,30000.0,15000.0,0.15,15000.0,0.15,Up,1,0,0,1.15,0.1224744871391589,1,15000.0,0.15,0.1224744871391589,100000.0,0.15,4,3,2,0,0,0,1,0,0,25,1,8,2.1972245773362196,4,4,16,517481.9375,0,3,0,0,0,1,0,0,1,0,0,0,0,0,1,0,0,0,0,0,1,1,0,0,0,0,1,0,0,0,0,0,0,0,1,0,0,0,0,0,2
R0301,real_4w,2,1,1,2026-05-02 12:17:38,105000.0,Up,75000.0,75000.0,0.0,0.0,0,0,75000.0,0.0,75000.0,75000.0,0.0,0.0,0.0,0.0,0.0,Stable,0,0,1,1.0,0.0,0,0.0,0.0,0.0,75000.0,0.0,5,1,2,1,0,1,1,0,0,23,3,4,2.639057329615259,6,7,42,442180.75,0,2,0,0,0,0,0,0,0,0,0,1,1,0,0,0,0,0,1,0,0,1,0,1,0,0,0,0,1,0,0,0,1,0,0,0,0,0,0,0,1
R0301,real_4w,3,2,2,2026-04-25 12:17:38,90000.0,Down,105000.0,105000.0,75000.0,0.0,1,0,90000.0,15000.0,75000.0,105000.0,30000.0,30000.0,0.4,30000.0,0.4,Up,1,0,0,1.1666666666666667,0.16666666666666666,1,30000.0,0.4,0.16666666666666666,90000.0,0.16666666666666666,4,4,2,0,1,1,1,0,0,23,3,4,2.639057329615259,6,7,42,442180.75,0,2,0,0,0,0,0,0,0,0,0,1,1,0,0,0,0,0,1,0,0,1,0,1,0,0,0,0,1,0,0,0,1,0,0,0,0,0,0,0,2
R0301,real_4w,4,3,3,2026-04-18 12:17:38,70000.0,Down,90000.0,90000.0,105000.0,75000.0,1,1,90000.0,12247.44871391589,75000.0,105000.0,30000.0,-15000.0,-0.14285714285714285,-15000.0,-0.14285714285714285,Down,0,1,0,1.0,0.13608276348795434,0,-15000.0,-0.14285714285714285,0.13608276348795434,90000.0,0.0,4,3,2,0,0,0,1,0,0,23,3,4,2.639057329615259,6,7,42,442180.75,0,2,0,0,0,0,0,0,0,0,0,1,1,0,0,0,0,0,1,0,0,1,0,1,0,0,0,0,1,0,0,0,1,0,0,0,0,0,0,0,0
R0302,real_4w,2,1,1,2026-05-02 12:27:25,600000.0,Down,1336200.0,1336200.0,0.0,0.0,0,0,1336200.0,0.0,1336200.0,1336200.0,0.0,0.0,0.0,0.0,0.0,Stable,0,0,1,1.0,0.0,0,0.0,0.0,0.0,1336200.0,0.0,5,1,2,1,0,1,1,0,0,32,5,5,4.143134726391533,6,8,48,460955.5,1,0,0,1,0,0,0,0,0,0,0,0,0,1,1,0,0,1,0,0,0,1,0,0,0,0,1,0,0,0,1,1,0,0,0,1,0,0,0,0,1
R0302,real_4w,3,2,2,2026-04-25 12:27:25,680000.0,Up,600000.0,600000.0,1336200.0,0.0,1,0,968100.0,368100.0,600000.0,1336200.0,736200.0,-736200.0,-0.550965424337674,-736200.0,-0.550965424337674,Down,0,1,0,0.6197706848466068,0.38022931515339325,0,-736200.0,-0.550965424337674,0.38022931515339325,968100.0,-0.38022931515339325,4,4,2,0,1,1,1,0,0,32,5,5,4.143134726391533,6,8,48,460955.5,1,0,0,1,0,0,0,0,0,0,0,0,0,1,1,0,0,1,0,0,0,1,0,0,0,0,1,0,0,0,1,1,0,0,0,1,0,0,0,0,0
R0302,real_4w,4,3,3,2026-04-18 12:27:25,510000.0,Down,680000.0,680000.0,600000.0,1336200.0,1,1,872066.6666666666,329812.8897150962,600000.0,1336200.0,736200.0,80000.0,0.13333333333333333,80000.0,0.13333333333333333,Up,1,0,0,0.7797568993196239,0.37819687682336545,0,80000.0,0.13333333333333333,0.37819687682336545,680000.0,0.0,4,3,2,0,0,0,1,0,0,32,5,5,4.143134726391533,6,8,48,460955.5,1,0,0,1,0,0,0,0,0,0,0,0,0,1,1,0,0,1,0,0,0,1,0,0,0,0,1,0,0,0,1,1,0,0,0,1,0,0,0,0,2
R0303,real_4w,2,1,1,2026-05-02 12:27:47,16800.0,Stable,18400.0,18400.0,0.0,0.0,0,0,18400.0,0.0,18400.0,18400.0,0.0,0.0,0.0,0.0,0.0,Stable,0,0,1,1.0,0.0,0,0.0,0.0,0.0,18400.0,0.0,5,1,2,1,0,1,1,0,0,29,3,4,3.2188758248682006,5,3,15,442180.75,0,3,0,0,0,0,0,1,1,1,0,0,1,0,0,0,0,1,1,0,0,1,0,0,0,1,0,0,1,0,1,0,1,0,0,0,0,0,0,0,1
R0303,real_4w,3,2,2,2026-04-25 12:27:47,110000.0,Up,16800.0,16800.0,18400.0,0.0,1,0,17600.0,800.0,16800.0,18400.0,1600.0,-1600.0,-0.08695652173913043,-1600.0,-0.08695652173913043,Stable,0,0,1,0.9545454545454546,0.045454545454545456,0,-1600.0,-0.08695652173913043,0.045454545454545456,17600.0,-0.045454545454545456,4,4,2,0,1,1,1,0,0,29,3,4,3.2188758248682006,5,3,15,442180.75,0,3,0,0,0,0,0,1,1,1,0,0,1,0,0,0,0,1,1,0,0,1,0,0,0,1,0,0,1,0,1,0,1,0,0,0,0,0,0,0,1
R0303,real_4w,4,3,3,2026-04-18 12:27:47,100000.0,Stable,110000.0,110000.0,16800.0,18400.0,1,1,48400.0,43562.67515507589,16800.0,110000.0,93200.0,93200.0,5.5476190476190474,93200.0,5.5476190476190474,Up,1,0,0,2.272727272727273,0.9000552717990887,1,93200.0,5.5476190476190474,0.9000552717990887,18400.0,4.978260869565218,4,3,2,0,0,0,1,0,0,29,3,4,3.2188758248682006,5,3,15,442180.75,0,3,0,0,0,0,0,1,1,1,0,0,1,0,0,0,0,1,1,0,0,1,0,0,0,1,0,0,1,0,1,0,1,0,0,0,0,0,0,0,2
R0304,real_4w,2,1,1,2026-05-02 12:29:00,200000.0,Down,845000.0,845000.0,0.0,0.0,0,0,845000.0,0.0,845000.0,845000.0,0.0,0.0,0.0,0.0,0.0,Stable,0,0,1,1.0,0.0,0,0.0,0.0,0.0,845000.0,0.0,5,1,2,1,0,1,1,0,0,31,5,7,2.3978952727983707,7,9,63,559306.0,1,0,0,1,1,0,0,0,0,0,0,0,0,0,0,0,0,0,0,0,0,1,0,1,0,0,0,0,0,0,0,0,0,0,0,1,0,0,0,0,1
R0304,real_4w,3,2,2,2026-04-25 12:29:00,795000.0,Up,200000.0,200000.0,845000.0,0.0,1,0,522500.0,322500.0,200000.0,845000.0,645000.0,-645000.0,-0.7633136094674556,-645000.0,-0.7633136094674556,Down,0,1,0,0.3827751196172249,0.6172248803827751,0,-645000.0,-0.7633136094674556,0.6172248803827751,522500.0,-0.6172248803827751,4,4,2,0,1,1,1,0,0,31,5,7,2.3978952727983707,7,9,63,559306.0,1,0,0,1,1,0,0,0,0,0,0,0,0,0,0,0,0,0,0,0,0,1,0,1,0,0,0,0,0,0,0,0,0,0,0,1,0,0,0,0,0
R0304,real_4w,4,3,3,2026-04-18 12:29:00,245000.0,Down,795000.0,795000.0,200000.0,845000.0,1,1,613333.3333333334,292982.7450361009,200000.0,845000.0,645000.0,595000.0,2.975,595000.0,2.975,Up,1,0,0,1.2961956521739129,0.4776892582110341,1,595000.0,2.975,0.4776892582110341,795000.0,0.0,4,3,2,0,0,0,1,0,0,31,5,7,2.3978952727983707,7,9,63,559306.0,1,0,0,1,1,0,0,0,0,0,0,0,0,0,0,0,0,0,0,0,0,1,0,1,0,0,0,0,0,0,0,0,0,0,0,1,0,0,0,0,2
R0305,real_4w,2,1,1,2026-05-02 12:31:33,1010000.0,Up,820000.0,820000.0,0.0,0.0,0,0,820000.0,0.0,820000.0,820000.0,0.0,0.0,0.0,0.0,0.0,Stable,0,0,1,1.0,0.0,0,0.0,0.0,0.0,820000.0,0.0,5,1,2,1,0,1,1,0,0,22,3,4,1.6094379124341003,6,6,36,442180.75,2,4,0,0,0,1,0,0,1,0,0,1,0,0,0,1,0,0,0,0,0,1,0,0,0,0,0,1,0,0,0,0,1,0,0,0,0,0,0,0,1
R0305,real_4w,3,2,2,2026-04-25 12:31:33,830000.0,Down,1010000.0,1010000.0,820000.0,0.0,1,0,915000.0,95000.0,820000.0,1010000.0,190000.0,190000.0,0.23170731707317074,190000.0,0.23170731707317074,Up,1,0,0,1.1038251366120218,0.10382513661202186,1,190000.0,0.23170731707317074,0.10382513661202186,915000.0,0.10382513661202186,4,4,2,0,1,1,1,0,0,22,3,4,1.6094379124341003,6,6,36,442180.75,2,4,0,0,0,1,0,0,1,0,0,1,0,0,0,1,0,0,0,0,0,1,0,0,0,0,0,1,0,0,0,0,1,0,0,0,0,0,0,0,2
R0305,real_4w,4,3,3,2026-04-18 12:31:33,50000.0,Down,830000.0,830000.0,1010000.0,820000.0,1,1,886666.6666666666,87305.3390247253,820000.0,1010000.0,190000.0,-180000.0,-0.1782178217821782,-180000.0,-0.1782178217821782,Down,0,1,0,0.9360902255639099,0.09846466807299846,0,-180000.0,-0.1782178217821782,0.09846466807299846,830000.0,0.0,4,3,2,0,0,0,1,0,0,22,3,4,1.6094379124341003,6,6,36,442180.75,2,4,0,0,0,1,0,0,1,0,0,1,0,0,0,1,0,0,0,0,0,1,0,0,0,0,0,1,0,0,0,0,1,0,0,0,0,0,0,0,0
R0306,real_4w,2,1,1,2026-05-02 12:49:27,780000.0,Down,920000.0,920000.0,0.0,0.0,0,0,920000.0,0.0,920000.0,920000.0,0.0,0.0,0.0,0.0,0.0,Stable,0,0,1,1.0,0.0,0,0.0,0.0,0.0,920000.0,0.0,5,1,2,1,0,1,1,0,0,17,6,2,3.9889840465642745,6,8,48,739240.8333333334,2,1,0,0,0,0,0,0,0,0,0,1,0,1,1,0,0,1,0,0,1,1,0,0,0,0,1,0,0,0,1,1,0,1,0,0,0,0,0,0,1
R0306,real_4w,3,2,2,2026-04-25 12:49:27,610000.0,Down,780000.0,780000.0,920000.0,0.0,1,0,850000.0,70000.0,780000.0,920000.0,140000.0,-140000.0,-0.15217391304347827,-140000.0,-0.15217391304347827,Down,0,1,0,0.9176470588235294,0.08235294117647059,0,-140000.0,-0.15217391304347827,0.08235294117647059,850000.0,-0.08235294117647059,4,4,2,0,1,1,1,0,0,17,6,2,3.9889840465642745,6,8,48,739240.8333333334,2,1,0,0,0,0,0,0,0,0,0,1,0,1,1,0,0,1,0,0,1,1,0,0,0,0,1,0,0,0,1,1,0,1,0,0,0,0,0,0,0
R0306,real_4w,4,3,3,2026-04-18 12:49:27,430000.0,Down,610000.0,610000.0,780000.0,920000.0,1,1,770000.0,126754.35561221029,610000.0,920000.0,310000.0,-170000.0,-0.21794871794871795,-170000.0,-0.21794871794871795,Down,0,1,0,0.7922077922077922,0.16461604624962375,0,-170000.0,-0.21794871794871795,0.16461604624962375,780000.0,-0.21794871794871795,4,3,2,0,0,0,1,0,0,17,6,2,3.9889840465642745,6,8,48,739240.8333333334,2,1,0,0,0,0,0,0,0,0,0,1,0,1,1,0,0,1,0,0,1,1,0,0,0,0,1,0,0,0,1,1,0,1,0,0,0,0,0,0,0
R0307,real_4w,2,1,1,2026-05-02 13:06:59,325000.0,Up,290000.0,290000.0,0.0,0.0,0,0,290000.0,0.0,290000.0,290000.0,0.0,0.0,0.0,0.0,0.0,Stable,0,0,1,1.0,0.0,0,0.0,0.0,0.0,290000.0,0.0,5,1,2,1,0,1,1,0,0,22,1,0,1.3862943611198906,6,6,36,548095.6666666666,0,2,0,0,0,0,0,0,0,0,0,1,1,0,0,0,0,0,0,0,0,1,0,0,0,1,0,0,1,0,0,0,0,0,1,0,0,0,0,0,1
R0307,real_4w,3,2,2,2026-04-25 13:06:59,325000.0,Stable,325000.0,325000.0,290000.0,0.0,1,0,307500.0,17500.0,290000.0,325000.0,35000.0,35000.0,0.1206896551724138,35000.0,0.1206896551724138,Up,1,0,0,1.056910569105691,0.056910569105691054,1,35000.0,0.1206896551724138,0.056910569105691054,307500.0,0.056910569105691054,4,4,2,0,1,1,1,0,0,22,1,0,1.3862943611198906,6,6,36,548095.6666666666,0,2,0,0,0,0,0,0,0,0,0,1,1,0,0,0,0,0,0,0,0,1,0,0,0,1,0,0,1,0,0,0,0,0,1,0,0,0,0,0,2
R0307,real_4w,4,3,3,2026-04-18 13:06:59,310000.0,Stable,325000.0,325000.0,325000.0,290000.0,1,1,313333.3333333333,16499.158227686108,290000.0,325000.0,35000.0,0.0,0.0,0.0,0.0,Stable,0,0,1,1.0372340425531916,0.052656887960700345,1,0.0,0.0,0.052656887960700345,325000.0,0.0,4,3,2,0,0,0,1,0,0,22,1,0,1.3862943611198906,6,6,36,548095.6666666666,0,2,0,0,0,0,0,0,0,0,0,1,1,0,0,0,0,0,0,0,0,1,0,0,0,1,0,0,1,0,0,0,0,0,1,0,0,0,0,0,1
R0308,real_4w,2,1,1,2026-05-02 13:34:05,675000.0,Stable,670000.0,670000.0,0.0,0.0,0,0,670000.0,0.0,670000.0,670000.0,0.0,0.0,0.0,0.0,0.0,Stable,0,0,1,1.0,0.0,0,0.0,0.0,0.0,670000.0,0.0,5,1,2,1,0,1,1,0,0,39,4,2,2.639057329615259,7,7,49,739240.8333333334,2,3,0,0,1,0,0,0,0,0,0,0,0,0,0,0,1,0,0,0,1,1,0,0,0,0,0,0,0,1,0,0,0,0,0,0,1,0,0,0,1
R0308,real_4w,3,2,2,2026-04-25 13:34:05,570000.0,Down,675000.0,675000.0,670000.0,0.0,1,0,672500.0,2500.0,670000.0,675000.0,5000.0,5000.0,0.007462686567164179,5000.0,0.007462686567164179,Stable,0,0,1,1.003717472118959,0.0037174721189591076,1,5000.0,0.007462686567164179,0.0037174721189591076,672500.0,0.0037174721189591076,4,4,2,0,1,1,1,0,0,39,4,2,2.639057329615259,7,7,49,739240.8333333334,2,3,0,0,1,0,0,0,0,0,0,0,0,0,0,0,1,0,0,0,1,1,0,0,0,0,0,0,0,1,0,0,0,0,0,0,1,0,0,0,1
R0308,real_4w,4,3,3,2026-04-18 13:34:05,605000.0,Stable,570000.0,570000.0,675000.0,670000.0,1,1,638333.3333333334,48362.0604284897,570000.0,675000.0,105000.0,-105000.0,-0.15555555555555556,-105000.0,-0.15555555555555556,Down,0,1,0,0.8929503916449085,0.07576301894802563,0,-105000.0,-0.15555555555555556,0.07576301894802563,670000.0,-0.14925373134328357,4,3,2,0,0,0,1,0,0,39,4,2,2.639057329615259,7,7,49,739240.8333333334,2,3,0,0,1,0,0,0,0,0,0,0,0,0,0,0,1,0,0,0,1,1,0,0,0,0,0,0,0,1,0,0,0,0,0,0,1,0,0,0,0
R0309,real_4w,2,1,1,2026-05-02 14:36:21,345000.0,Stable,350000.0,350000.0,0.0,0.0,0,0,350000.0,0.0,350000.0,350000.0,0.0,0.0,0.0,0.0,0.0,Stable,0,0,1,1.0,0.0,0,0.0,0.0,0.0,350000.0,0.0,5,1,2,1,0,1,1,0,0,30,0,2,3.091042453358316,5,5,25,739240.8333333334,0,0,0,0,0,0,0,1,1,1,0,1,0,0,0,0,0,1,0,0,0,1,0,0,0,0,0,0,0,0,1,0,0,0,0,0,0,0,0,1,1
R0309,real_4w,3,2,2,2026-04-25 14:36:21,350000.0,Stable,345000.0,345000.0,350000.0,0.0,1,0,347500.0,2500.0,345000.0,350000.0,5000.0,-5000.0,-0.014285714285714285,-5000.0,-0.014285714285714285,Stable,0,0,1,0.9928057553956835,0.007194244604316547,0,-5000.0,-0.014285714285714285,0.007194244604316547,347500.0,-0.007194244604316547,4,4,2,0,1,1,1,0,0,30,0,2,3.091042453358316,5,5,25,739240.8333333334,0,0,0,0,0,0,0,1,1,1,0,1,0,0,0,0,0,1,0,0,0,1,0,0,0,0,0,0,0,0,1,0,0,0,0,0,0,0,0,1,1
R0309,real_4w,4,3,3,2026-04-18 14:36:21,405000.0,Up,350000.0,350000.0,345000.0,350000.0,1,1,348333.3333333333,2357.0226039551585,345000.0,350000.0,5000.0,5000.0,0.014492753623188406,5000.0,0.014492753623188406,Stable,0,0,1,1.0047846889952154,0.0067665720687707905,1,5000.0,0.014492753623188406,0.0067665720687707905,350000.0,0.0,4,3,2,0,0,0,1,0,0,30,0,2,3.091042453358316,5,5,25,739240.8333333334,0,0,0,0,0,0,0,1,1,1,0,1,0,0,0,0,0,1,0,0,0,1,0,0,0,0,0,0,0,0,1,0,0,0,0,0,0,0,0,1,1
R0310,real_4w,2,1,1,2026-05-02 15:02:18,400000.0,Down,920000.0,920000.0,0.0,0.0,0,0,920000.0,0.0,920000.0,920000.0,0.0,0.0,0.0,0.0,0.0,Stable,0,0,1,1.0,0.0,0,0.0,0.0,0.0,920000.0,0.0,5,1,2,1,0,1,1,0,0,34,4,4,2.70805020110221,7,9,63,442180.75,2,1,0,0,0,0,0,1,0,0,0,0,0,0,0,1,0,0,0,1,1,1,0,0,0,0,0,1,0,0,0,0,0,0,0,0,1,0,0,0,1
R0310,real_4w,3,2,2,2026-04-25 15:02:18,940000.0,Up,400000.0,400000.0,920000.0,0.0,1,0,660000.0,260000.0,400000.0,920000.0,520000.0,-520000.0,-0.5652173913043478,-520000.0,-0.5652173913043478,Down,0,1,0,0.6060606060606061,0.3939393939393939,0,-520000.0,-0.5652173913043478,0.3939393939393939,660000.0,-0.3939393939393939,4,4,2,0,1,1,1,0,0,34,4,4,2.70805020110221,7,9,63,442180.75,2,1,0,0,0,0,0,1,0,0,0,0,0,0,0,1,0,0,0,1,1,1,0,0,0,0,0,1,0,0,0,0,0,0,0,0,1,0,0,0,0
R0310,real_4w,4,3,3,2026-04-18 15:02:18,570000.0,Down,940000.0,940000.0,400000.0,920000.0,1,1,753333.3333333334,249977.77679003566,400000.0,940000.0,540000.0,540000.0,1.35,540000.0,1.35,Up,1,0,0,1.247787610619469,0.33182890724341013,1,540000.0,1.35,0.33182890724341013,920000.0,0.021739130434782608,4,3,2,0,0,0,1,0,0,34,4,4,2.70805020110221,7,9,63,442180.75,2,1,0,0,0,0,0,1,0,0,0,0,0,0,0,1,0,0,0,1,1,1,0,0,0,0,0,1,0,0,0,0,0,0,0,0,1,0,0,0,2
R0311,real_4w,2,1,1,2026-05-02 15:28:44,470000.0,Down,545000.0,545000.0,0.0,0.0,0,0,545000.0,0.0,545000.0,545000.0,0.0,0.0,0.0,0.0,0.0,Stable,0,0,1,1.0,0.0,0,0.0,0.0,0.0,545000.0,0.0,5,1,2,1,0,1,1,0,0,24,5,7,1.3862943611198906,7,11,77,559306.0,2,1,0,1,0,0,0,0,0,0,0,0,0,0,1,0,0,1,0,0,0,1,0,0,0,0,1,0,0,0,1,0,0,0,0,1,0,0,0,0,1
R0311,real_4w,3,2,2,2026-04-25 15:28:44,1350000.0,Up,470000.0,470000.0,545000.0,0.0,1,0,507500.0,37500.0,470000.0,545000.0,75000.0,-75000.0,-0.13761467889908258,-75000.0,-0.13761467889908258,Down,0,1,0,0.9261083743842364,0.07389162561576355,0,-75000.0,-0.13761467889908258,0.07389162561576355,507500.0,-0.07389162561576355,4,4,2,0,1,1,1,0,0,24,5,7,1.3862943611198906,7,11,77,559306.0,2,1,0,1,0,0,0,0,0,0,0,0,0,0,1,0,0,1,0,0,0,1,0,0,0,0,1,0,0,0,1,0,0,0,0,1,0,0,0,0,0
R0311,real_4w,4,3,3,2026-04-18 15:28:44,1240000.0,Stable,1350000.0,1350000.0,470000.0,545000.0,1,1,788333.3333333334,398336.8200684217,470000.0,1350000.0,880000.0,880000.0,1.872340425531915,880000.0,1.872340425531915,Up,1,0,0,1.712473572938689,0.5052898351819303,1,880000.0,1.872340425531915,0.5052898351819303,545000.0,1.4770642201834863,4,3,2,0,0,0,1,0,0,24,5,7,1.3862943611198906,7,11,77,559306.0,2,1,0,1,0,0,0,0,0,0,0,0,0,0,1,0,0,1,0,0,0,1,0,0,0,0,1,0,0,0,1,0,0,0,0,1,0,0,0,0,2
R0312,real_4w,2,1,1,2026-05-02 15:31:44,240000.0,Down,390000.0,390000.0,0.0,0.0,0,0,390000.0,0.0,390000.0,390000.0,0.0,0.0,0.0,0.0,0.0,Stable,0,0,1,1.0,0.0,0,0.0,0.0,0.0,390000.0,0.0,5,1,2,1,0,1,1,0,0,28,3,2,4.060443010546419,7,6,42,739240.8333333334,1,4,0,0,0,0,0,1,1,1,0,0,0,0,0,1,1,0,1,0,0,1,0,1,0,0,0,1,0,1,0,0,1,0,0,0,0,0,0,0,1
R0312,real_4w,3,2,2,2026-04-25 15:31:44,250000.0,Stable,240000.0,240000.0,390000.0,0.0,1,0,315000.0,75000.0,240000.0,390000.0,150000.0,-150000.0,-0.38461538461538464,-150000.0,-0.38461538461538464,Down,0,1,0,0.7619047619047619,0.23809523809523808,0,-150000.0,-0.38461538461538464,0.23809523809523808,315000.0,-0.23809523809523808,4,4,2,0,1,1,1,0,0,28,3,2,4.060443010546419,7,6,42,739240.8333333334,1,4,0,0,0,0,0,1,1,1,0,0,0,0,0,1,1,0,1,0,0,1,0,1,0,0,0,1,0,1,0,0,1,0,0,0,0,0,0,0,0
R0312,real_4w,4,3,3,2026-04-18 15:31:44,190000.0,Down,250000.0,250000.0,240000.0,390000.0,1,1,293333.3333333333,68475.46194724712,240000.0,390000.0,150000.0,10000.0,0.041666666666666664,10000.0,0.041666666666666664,Stable,0,0,1,0.8522727272727273,0.23343907482016066,0,10000.0,0.041666666666666664,0.23343907482016066,250000.0,0.0,4,3,2,0,0,0,1,0,0,28,3,2,4.060443010546419,7,6,42,739240.8333333334,1,4,0,0,0,0,0,1,1,1,0,0,0,0,0,1,1,0,1,0,0,1,0,1,0,0,0,1,0,1,0,0,1,0,0,0,0,0,0,0,1
R0313,real_4w,2,1,1,2026-05-02 15:32:28,825000.0,Stable,820000.0,820000.0,0.0,0.0,0,0,820000.0,0.0,820000.0,820000.0,0.0,0.0,0.0,0.0,0.0,Stable,0,0,1,1.0,0.0,0,0.0,0.0,0.0,820000.0,0.0,5,1,2,1,0,1,1,0,0,24,6,2,2.9444389791664403,7,8,56,739240.8333333334,2,2,0,0,0,0,0,0,0,0,0,1,0,1,0,0,0,0,0,0,0,1,1,0,0,0,0,0,0,0,0,1,0,1,0,0,0,0,0,0,1
R0313,real_4w,3,2,2,2026-04-25 15:32:28,245000.0,Down,825000.0,825000.0,820000.0,0.0,1,0,822500.0,2500.0,820000.0,825000.0,5000.0,5000.0,0.006097560975609756,5000.0,0.006097560975609756,Stable,0,0,1,1.0030395136778116,0.00303951367781155,1,5000.0,0.006097560975609756,0.00303951367781155,822500.0,0.00303951367781155,4,4,2,0,1,1,1,0,0,24,6,2,2.9444389791664403,7,8,56,739240.8333333334,2,2,0,0,0,0,0,0,0,0,0,1,0,1,0,0,0,0,0,0,0,1,1,0,0,0,0,0,0,0,0,1,0,1,0,0,0,0,0,0,1
R0313,real_4w,4,3,3,2026-04-18 15:32:28,500000.0,Up,245000.0,245000.0,825000.0,820000.0,1,1,630000.0,272243.763320056,245000.0,825000.0,580000.0,-580000.0,-0.703030303030303,-580000.0,-0.703030303030303,Down,0,1,0,0.3888888888888889,0.43213295765088255,0,-580000.0,-0.703030303030303,0.43213295765088255,820000.0,-0.7012195121951219,4,3,2,0,0,0,1,0,0,24,6,2,2.9444389791664403,7,8,56,739240.8333333334,2,2,0,0,0,0,0,0,0,0,0,1,0,1,0,0,0,0,0,0,0,1,1,0,0,0,0,0,0,0,0,1,0,1,0,0,0,0,0,0,0
R0314,real_4w,2,1,1,2026-05-02 17:25:49,550000.0,Stable,525000.0,525000.0,0.0,0.0,0,0,525000.0,0.0,525000.0,525000.0,0.0,0.0,0.0,0.0,0.0,Stable,0,0,1,1.0,0.0,0,0.0,0.0,0.0,525000.0,0.0,5,1,2,1,0,1,1,0,0,41,6,1,2.9444389791664403,6,8,48,518297.0,2,0,0,0,0,0,0,0,0,0,0,1,0,1,1,0,0,1,1,0,0,1,1,0,0,0,1,0,0,0,1,1,0,1,0,0,0,0,0,0,1
R0314,real_4w,3,2,2,2026-04-25 17:25:49,570000.0,Stable,550000.0,550000.0,525000.0,0.0,1,0,537500.0,12500.0,525000.0,550000.0,25000.0,25000.0,0.047619047619047616,25000.0,0.047619047619047616,Stable,0,0,1,1.0232558139534884,0.023255813953488372,1,25000.0,0.047619047619047616,0.023255813953488372,537500.0,0.023255813953488372,4,4,2,0,1,1,1,0,0,41,6,1,2.9444389791664403,6,8,48,518297.0,2,0,0,0,0,0,0,0,0,0,0,1,0,1,1,0,0,1,1,0,0,1,1,0,0,0,1,0,0,0,1,1,0,1,0,0,0,0,0,0,1
R0314,real_4w,4,3,3,2026-04-18 17:25:49,600000.0,Stable,570000.0,570000.0,550000.0,525000.0,1,1,548333.3333333334,18408.935028645436,525000.0,570000.0,45000.0,20000.0,0.03636363636363636,20000.0,0.03636363636363636,Stable,0,0,1,1.0395136778115501,0.03357252588810718,1,20000.0,0.03636363636363636,0.03357252588810718,550000.0,0.03636363636363636,4,3,2,0,0,0,1,0,0,41,6,1,2.9444389791664403,6,8,48,518297.0,2,0,0,0,0,0,0,0,0,0,0,1,0,1,1,0,0,1,1,0,0,1,1,0,0,0,1,0,0,0,1,1,0,1,0,0,0,0,0,0,1
R0315,real_4w,2,1,1,2026-05-02 17:31:26,420000.0,Up,210000.0,210000.0,0.0,0.0,0,0,210000.0,0.0,210000.0,210000.0,0.0,0.0,0.0,0.0,0.0,Stable,0,0,1,1.0,0.0,0,0.0,0.0,0.0,210000.0,0.0,5,1,2,1,0,1,1,0,0,32,3,1,3.6375861597263857,6,7,42,518297.0,1,3,0,0,0,1,0,0,1,0,0,1,1,0,0,1,0,1,0,0,0,1,0,0,0,1,0,1,1,0,1,0,1,0,0,0,0,0,0,0,1
R0315,real_4w,3,2,2,2026-04-25 17:31:26,425000.0,Stable,420000.0,420000.0,210000.0,0.0,1,0,315000.0,105000.0,210000.0,420000.0,210000.0,210000.0,1.0,210000.0,1.0,Up,1,0,0,1.3333333333333333,0.3333333333333333,1,210000.0,1.0,0.3333333333333333,315000.0,0.3333333333333333,4,4,2,0,1,1,1,0,0,32,3,1,3.6375861597263857,6,7,42,518297.0,1,3,0,0,0,1,0,0,1,0,0,1,1,0,0,1,0,1,0,0,0,1,0,0,0,1,0,1,1,0,1,0,1,0,0,0,0,0,0,0,2
R0315,real_4w,4,3,3,2026-04-18 17:31:26,350000.0,Down,425000.0,425000.0,420000.0,210000.0,1,1,351666.6666666667,100194.25576792758,210000.0,425000.0,215000.0,5000.0,0.011904761904761904,5000.0,0.011904761904761904,Stable,0,0,1,1.2085308056872037,0.28491257564339595,1,5000.0,0.011904761904761904,0.28491257564339595,420000.0,0.011904761904761904,4,3,2,0,0,0,1,0,0,32,3,1,3.6375861597263857,6,7,42,518297.0,1,3,0,0,0,1,0,0,1,0,0,1,1,0,0,1,0,1,0,0,0,1,0,0,0,1,0,1,1,0,1,0,1,0,0,0,0,0,0,0,1
R0316,real_4w,2,1,1,2026-05-02 18:44:39,1125000.0,Stable,1080000.0,1080000.0,0.0,0.0,0,0,1080000.0,0.0,1080000.0,1080000.0,0.0,0.0,0.0,0.0,0.0,Stable,0,0,1,1.0,0.0,0,0.0,0.0,0.0,1080000.0,0.0,5,1,2,1,0,1,1,0,0,40,5,4,2.70805020110221,6,11,66,442180.75,2,2,0,1,0,0,0,0,0,0,0,0,0,0,0,0,0,1,0,0,0,1,0,0,1,0,0,0,0,0,1,0,0,0,0,1,0,0,0,0,1
R0316,real_4w,3,2,2,2026-04-25 18:44:39,950000.0,Down,1125000.0,1125000.0,1080000.0,0.0,1,0,1102500.0,22500.0,1080000.0,1125000.0,45000.0,45000.0,0.041666666666666664,45000.0,0.041666666666666664,Stable,0,0,1,1.0204081632653061,0.02040816326530612,1,45000.0,0.041666666666666664,0.02040816326530612,1102500.0,0.02040816326530612,4,4,2,0,1,1,1,0,0,40,5,4,2.70805020110221,6,11,66,442180.75,2,2,0,1,0,0,0,0,0,0,0,0,0,0,0,0,0,1,0,0,0,1,0,0,1,0,0,0,0,0,1,0,0,0,0,1,0,0,0,0,1
R0316,real_4w,4,3,3,2026-04-18 18:44:39,990000.0,Stable,950000.0,950000.0,1125000.0,1080000.0,1,1,1051666.6666666667,74199.43096517355,950000.0,1125000.0,175000.0,-175000.0,-0.15555555555555556,-175000.0,-0.15555555555555556,Down,0,1,0,0.9033280507131537,0.07055413403978467,0,-175000.0,-0.15555555555555556,0.07055413403978467,1080000.0,-0.12037037037037036,4,3,2,0,0,0,1,0,0,40,5,4,2.70805020110221,6,11,66,442180.75,2,2,0,1,0,0,0,0,0,0,0,0,0,0,0,0,0,1,0,0,0,1,0,0,1,0,0,0,0,0,1,0,0,0,0,1,0,0,0,0,0
R0317,real_4w,2,1,1,2026-05-02 19:12:09,650000.0,Up,475000.0,475000.0,0.0,0.0,0,0,475000.0,0.0,475000.0,475000.0,0.0,0.0,0.0,0.0,0.0,Stable,0,0,1,1.0,0.0,0,0.0,0.0,0.0,475000.0,0.0,5,1,2,1,0,1,1,0,0,25,3,8,3.2188758248682006,5,5,25,517481.9375,2,2,0,0,0,1,0,1,1,1,0,0,1,0,0,1,1,0,0,0,0,1,0,1,0,1,0,1,1,1,0,0,1,0,0,0,0,0,0,0,1
R0317,real_4w,3,2,2,2026-04-25 19:12:09,600000.0,Stable,650000.0,650000.0,475000.0,0.0,1,0,562500.0,87500.0,475000.0,650000.0,175000.0,175000.0,0.3684210526315789,175000.0,0.3684210526315789,Up,1,0,0,1.1555555555555554,0.15555555555555556,1,175000.0,0.3684210526315789,0.15555555555555556,562500.0,0.15555555555555556,4,4,2,0,1,1,1,0,0,25,3,8,3.2188758248682006,5,5,25,517481.9375,2,2,0,0,0,1,0,1,1,1,0,0,1,0,0,1,1,0,0,0,0,1,0,1,0,1,0,1,1,1,0,0,1,0,0,0,0,0,0,0,2
R0317,real_4w,4,3,3,2026-04-18 19:12:09,575000.0,Stable,600000.0,600000.0,650000.0,475000.0,1,1,575000.0,73598.00721939873,475000.0,650000.0,175000.0,-50000.0,-0.07692307692307693,-50000.0,-0.07692307692307693,Stable,0,0,1,1.0434782608695652,0.12799653429460647,1,-50000.0,-0.07692307692307693,0.12799653429460647,600000.0,0.0,4,3,2,0,0,0,1,0,0,25,3,8,3.2188758248682006,5,5,25,517481.9375,2,2,0,0,0,1,0,1,1,1,0,0,1,0,0,1,1,0,0,0,0,1,0,1,0,1,0,1,1,1,0,0,1,0,0,0,0,0,0,0,1
R0318,real_4w,2,1,1,2026-05-02 19:23:23,145000.0,Down,170000.0,170000.0,0.0,0.0,0,0,170000.0,0.0,170000.0,170000.0,0.0,0.0,0.0,0.0,0.0,Stable,0,0,1,1.0,0.0,0,0.0,0.0,0.0,170000.0,0.0,5,1,2,1,0,1,1,0,0,23,3,0,1.3862943611198906,5,6,30,548095.6666666666,1,4,0,0,0,1,0,1,1,1,0,1,0,0,0,1,1,0,1,0,0,1,0,0,0,0,0,1,0,1,0,0,1,0,0,0,0,0,0,0,1
R0318,real_4w,3,2,2,2026-04-25 19:23:23,475000.0,Up,145000.0,145000.0,170000.0,0.0,1,0,157500.0,12500.0,145000.0,170000.0,25000.0,-25000.0,-0.14705882352941177,-25000.0,-0.14705882352941177,Down,0,1,0,0.9206349206349206,0.07936507936507936,0,-25000.0,-0.14705882352941177,0.07936507936507936,157500.0,-0.07936507936507936,4,4,2,0,1,1,1,0,0,23,3,0,1.3862943611198906,5,6,30,548095.6666666666,1,4,0,0,0,1,0,1,1,1,0,1,0,0,0,1,1,0,1,0,0,1,0,0,0,0,0,1,0,1,0,0,1,0,0,0,0,0,0,0,0
R0318,real_4w,4,3,3,2026-04-18 19:23:23,195000.0,Down,475000.0,475000.0,145000.0,170000.0,1,1,263333.3333333333,150018.51737554118,145000.0,475000.0,330000.0,330000.0,2.2758620689655173,330000.0,2.2758620689655173,Up,1,0,0,1.8037974683544304,0.5696905723121818,1,330000.0,2.2758620689655173,0.5696905723121818,170000.0,1.7941176470588236,4,3,2,0,0,0,1,0,0,23,3,0,1.3862943611198906,5,6,30,548095.6666666666,1,4,0,0,0,1,0,1,1,1,0,1,0,0,0,1,1,0,1,0,0,1,0,0,0,0,0,1,0,1,0,0,1,0,0,0,0,0,0,0,2
R0319,real_4w,2,1,1,2026-05-02 19:29:35,360000.0,Stable,350000.0,350000.0,0.0,0.0,0,0,350000.0,0.0,350000.0,350000.0,0.0,0.0,0.0,0.0,0.0,Stable,0,0,1,1.0,0.0,0,0.0,0.0,0.0,350000.0,0.0,5,1,2,1,0,1,1,0,0,19,0,8,3.367295829986474,5,5,25,517481.9375,1,1,0,0,0,1,0,0,1,0,0,1,0,1,0,1,0,0,0,0,0,1,0,0,0,1,0,1,0,0,0,1,0,0,0,0,0,0,0,1,1
R0319,real_4w,3,2,2,2026-04-25 19:29:35,405000.0,Up,360000.0,360000.0,350000.0,0.0,1,0,355000.0,5000.0,350000.0,360000.0,10000.0,10000.0,0.02857142857142857,10000.0,0.02857142857142857,Stable,0,0,1,1.0140845070422535,0.014084507042253521,1,10000.0,0.02857142857142857,0.014084507042253521,355000.0,0.014084507042253521,4,4,2,0,1,1,1,0,0,19,0,8,3.367295829986474,5,5,25,517481.9375,1,1,0,0,0,1,0,0,1,0,0,1,0,1,0,1,0,0,0,0,0,1,0,0,0,1,0,1,0,0,0,1,0,0,0,0,0,0,0,1,1
R0319,real_4w,4,3,3,2026-04-18 19:29:35,330000.0,Down,405000.0,405000.0,360000.0,350000.0,1,1,371666.6666666667,23921.166824012205,350000.0,405000.0,55000.0,45000.0,0.125,45000.0,0.125,Up,1,0,0,1.0896860986547086,0.06436188383142297,1,45000.0,0.125,0.06436188383142297,360000.0,0.125,4,3,2,0,0,0,1,0,0,19,0,8,3.367295829986474,5,5,25,517481.9375,1,1,0,0,0,1,0,0,1,0,0,1,0,1,0,1,0,0,0,0,0,1,0,0,0,1,0,1,0,0,0,1,0,0,0,0,0,0,0,1,2
R0320,real_4w,2,1,1,2026-05-02 20:17:49,360000.0,Down,410000.0,410000.0,0.0,0.0,0,0,410000.0,0.0,410000.0,410000.0,0.0,0.0,0.0,0.0,0.0,Stable,0,0,1,1.0,0.0,0,0.0,0.0,0.0,410000.0,0.0,5,1,2,1,0,1,1,0,0,28,1,1,1.9459101490553132,4,8,32,518297.0,1,4,0,0,0,1,0,0,1,0,0,1,1,0,0,0,0,0,0,0,0,1,0,0,0,0,0,0,1,0,0,0,0,0,1,0,0,0,0,0,1
R0320,real_4w,3,2,2,2026-04-25 20:17:49,400000.0,Up,360000.0,360000.0,410000.0,0.0,1,0,385000.0,25000.0,360000.0,410000.0,50000.0,-50000.0,-0.12195121951219512,-50000.0,-0.12195121951219512,Down,0,1,0,0.935064935064935,0.06493506493506493,0,-50000.0,-0.12195121951219512,0.06493506493506493,385000.0,-0.06493506493506493,4,4,2,0,1,1,1,0,0,28,1,1,1.9459101490553132,4,8,32,518297.0,1,4,0,0,0,1,0,0,1,0,0,1,1,0,0,0,0,0,0,0,0,1,0,0,0,0,0,0,1,0,0,0,0,0,1,0,0,0,0,0,0
R0320,real_4w,4,3,3,2026-04-18 20:17:49,315000.0,Down,400000.0,400000.0,360000.0,410000.0,1,1,390000.0,21602.468994692867,360000.0,410000.0,50000.0,40000.0,0.1111111111111111,40000.0,0.1111111111111111,Up,1,0,0,1.0256410256410255,0.055390946140238116,1,40000.0,0.1111111111111111,0.055390946140238116,400000.0,0.0,4,3,2,0,0,0,1,0,0,28,1,1,1.9459101490553132,4,8,32,518297.0,1,4,0,0,0,1,0,0,1,0,0,1,1,0,0,0,0,0,0,0,0,1,0,0,0,0,0,0,1,0,0,0,0,0,1,0,0,0,0,0,2
R0321,real_4w,2,1,1,2026-05-02 20:28:12,500000.0,Up,425000.0,425000.0,0.0,0.0,0,0,425000.0,0.0,425000.0,425000.0,0.0,0.0,0.0,0.0,0.0,Stable,0,0,1,1.0,0.0,0,0.0,0.0,0.0,425000.0,0.0,5,1,2,1,0,1,1,0,0,30,2,2,2.1972245773362196,3,9,27,739240.8333333334,1,1,0,0,0,0,0,0,0,0,0,0,0,0,1,0,0,0,0,0,1,1,0,0,0,1,1,0,0,0,0,0,0,0,0,0,0,1,0,0,1
R0321,real_4w,3,2,2,2026-04-25 20:28:12,900000.0,Up,500000.0,500000.0,425000.0,0.0,1,0,462500.0,37500.0,425000.0,500000.0,75000.0,75000.0,0.17647058823529413,75000.0,0.17647058823529413,Up,1,0,0,1.0810810810810811,0.08108108108108109,1,75000.0,0.17647058823529413,0.08108108108108109,462500.0,0.08108108108108109,4,4,2,0,1,1,1,0,0,30,2,2,2.1972245773362196,3,9,27,739240.8333333334,1,1,0,0,0,0,0,0,0,0,0,0,0,0,1,0,0,0,0,0,1,1,0,0,0,1,1,0,0,0,0,0,0,0,0,0,0,1,0,0,2
R0321,real_4w,4,3,3,2026-04-18 20:28:12,390000.0,Down,900000.0,900000.0,500000.0,425000.0,1,1,608333.3333333334,208499.93338661338,425000.0,900000.0,475000.0,400000.0,0.8,400000.0,0.8,Up,1,0,0,1.4794520547945205,0.34273961652593976,1,400000.0,0.8,0.34273961652593976,500000.0,0.8,4,3,2,0,0,0,1,0,0,30,2,2,2.1972245773362196,3,9,27,739240.8333333334,1,1,0,0,0,0,0,0,0,0,0,0,0,0,1,0,0,0,0,0,1,1,0,0,0,1,1,0,0,0,0,0,0,0,0,0,0,1,0,0,2
R0322,real_4w,2,1,1,2026-05-02 20:43:23,600000.0,Stable,600000.0,600000.0,0.0,0.0,0,0,600000.0,0.0,600000.0,600000.0,0.0,0.0,0.0,0.0,0.0,Stable,0,0,1,1.0,0.0,0,0.0,0.0,0.0,600000.0,0.0,5,1,2,1,0,1,1,0,0,21,1,2,3.4011973816621555,3,5,15,739240.8333333334,0,4,0,0,0,0,0,0,0,0,0,0,1,0,1,0,0,0,0,0,0,1,0,0,0,0,1,0,1,0,0,0,0,0,1,0,0,0,0,0,1
R0322,real_4w,3,2,2,2026-04-25 20:43:23,455000.0,Down,600000.0,600000.0,600000.0,0.0,1,0,600000.0,0.0,600000.0,600000.0,0.0,0.0,0.0,0.0,0.0,Stable,0,0,1,1.0,0.0,0,0.0,0.0,0.0,600000.0,0.0,4,4,2,0,1,1,1,0,0,21,1,2,3.4011973816621555,3,5,15,739240.8333333334,0,4,0,0,0,0,0,0,0,0,0,0,1,0,1,0,0,0,0,0,0,1,0,0,0,0,1,0,1,0,0,0,0,0,1,0,0,0,0,0,1
R0322,real_4w,4,3,3,2026-04-18 20:43:23,480000.0,Stable,455000.0,455000.0,600000.0,600000.0,1,1,551666.6666666666,68353.6555146996,455000.0,600000.0,145000.0,-145000.0,-0.24166666666666667,-145000.0,-0.24166666666666667,Down,0,1,0,0.824773413897281,0.1239039072774011,0,-145000.0,-0.24166666666666667,0.1239039072774011,600000.0,-0.24166666666666667,4,3,2,0,0,0,1,0,0,21,1,2,3.4011973816621555,3,5,15,739240.8333333334,0,4,0,0,0,0,0,0,0,0,0,0,1,0,1,0,0,0,0,0,0,1,0,0,0,0,1,0,1,0,0,0,0,0,1,0,0,0,0,0,0
R0323,real_4w,2,1,1,2026-05-02 20:55:02,715000.0,Down,850000.0,850000.0,0.0,0.0,0,0,850000.0,0.0,850000.0,850000.0,0.0,0.0,0.0,0.0,0.0,Stable,0,0,1,1.0,0.0,0,0.0,0.0,0.0,850000.0,0.0,5,1,2,1,0,1,1,0,0,25,1,2,2.4849066497880004,6,5,30,739240.8333333334,2,0,1,0,0,1,0,0,1,0,0,0,1,0,1,0,0,0,0,0,0,1,0,0,1,0,1,0,1,0,0,0,0,0,1,0,0,0,0,0,1
R0323,real_4w,3,2,2,2026-04-25 20:55:02,1075000.0,Up,715000.0,715000.0,850000.0,0.0,1,0,782500.0,67500.0,715000.0,850000.0,135000.0,-135000.0,-0.1588235294117647,-135000.0,-0.1588235294117647,Down,0,1,0,0.9137380191693291,0.08626198083067092,0,-135000.0,-0.1588235294117647,0.08626198083067092,782500.0,-0.08626198083067092,4,4,2,0,1,1,1,0,0,25,1,2,2.4849066497880004,6,5,30,739240.8333333334,2,0,1,0,0,1,0,0,1,0,0,0,1,0,1,0,0,0,0,0,0,1,0,0,1,0,1,0,1,0,0,0,0,0,1,0,0,0,0,0,0
R0323,real_4w,4,3,3,2026-04-18 20:55:02,1342800.0,Up,1075000.0,1075000.0,715000.0,850000.0,1,1,880000.0,148492.42404917497,715000.0,1075000.0,360000.0,360000.0,0.5034965034965035,360000.0,0.5034965034965035,Up,1,0,0,1.2215909090909092,0.16874139096497157,1,360000.0,0.5034965034965035,0.16874139096497157,850000.0,0.2647058823529412,4,3,2,0,0,0,1,0,0,25,1,2,2.4849066497880004,6,5,30,739240.8333333334,2,0,1,0,0,1,0,0,1,0,0,0,1,0,1,0,0,0,0,0,0,1,0,0,1,0,1,0,1,0,0,0,0,0,1,0,0,0,0,0,2
R0324,real_4w,2,1,1,2026-05-02 20:57:26,220000.0,Up,175000.0,175000.0,0.0,0.0,0,0,175000.0,0.0,175000.0,175000.0,0.0,0.0,0.0,0.0,0.0,Stable,0,0,1,1.0,0.0,0,0.0,0.0,0.0,175000.0,0.0,5,1,2,1,0,1,1,0,0,20,0,1,1.0986122886681096,4,3,12,518297.0,0,4,0,0,0,0,0,1,1,1,0,1,0,1,0,1,0,1,0,0,0,1,0,0,0,0,0,1,0,0,1,1,0,0,0,0,0,0,0,1,1
R0324,real_4w,3,2,2,2026-04-25 20:57:26,490000.0,Up,220000.0,220000.0,175000.0,0.0,1,0,197500.0,22500.0,175000.0,220000.0,45000.0,45000.0,0.2571428571428571,45000.0,0.2571428571428571,Up,1,0,0,1.1139240506329113,0.11392405063291139,1,45000.0,0.2571428571428571,0.11392405063291139,197500.0,0.11392405063291139,4,4,2,0,1,1,1,0,0,20,0,1,1.0986122886681096,4,3,12,518297.0,0,4,0,0,0,0,0,1,1,1,0,1,0,1,0,1,0,1,0,0,0,1,0,0,0,0,0,1,0,0,1,1,0,0,0,0,0,0,0,1,2
R0324,real_4w,4,3,3,2026-04-18 20:57:26,490000.0,Stable,490000.0,490000.0,220000.0,175000.0,1,1,295000.0,139104.27743243557,175000.0,490000.0,315000.0,270000.0,1.2272727272727273,270000.0,1.2272727272727273,Up,1,0,0,1.6610169491525424,0.4715399234997816,1,270000.0,1.2272727272727273,0.4715399234997816,220000.0,1.2272727272727273,4,3,2,0,0,0,1,0,0,20,0,1,1.0986122886681096,4,3,12,518297.0,0,4,0,0,0,0,0,1,1,1,0,1,0,1,0,1,0,1,0,0,0,1,0,0,0,0,0,1,0,0,1,1,0,0,0,0,0,0,0,1,2
R0325,real_4w,2,1,1,2026-05-02 21:05:16,700000.0,Down,855000.0,855000.0,0.0,0.0,0,0,855000.0,0.0,855000.0,855000.0,0.0,0.0,0.0,0.0,0.0,Stable,0,0,1,1.0,0.0,0,0.0,0.0,0.0,855000.0,0.0,5,1,2,1,0,1,1,0,0,22,5,3,2.639057329615259,6,9,54,518297.0,2,3,0,1,0,0,0,0,0,0,0,0,0,1,1,0,0,1,0,0,1,1,0,0,0,0,1,0,0,0,1,1,0,0,0,1,0,0,0,0,1
R0325,real_4w,3,2,2,2026-04-25 21:05:16,900000.0,Up,700000.0,700000.0,855000.0,0.0,1,0,777500.0,77500.0,700000.0,855000.0,155000.0,-155000.0,-0.18128654970760233,-155000.0,-0.18128654970760233,Down,0,1,0,0.9003215434083601,0.09967845659163987,0,-155000.0,-0.18128654970760233,0.09967845659163987,777500.0,-0.09967845659163987,4,4,2,0,1,1,1,0,0,22,5,3,2.639057329615259,6,9,54,518297.0,2,3,0,1,0,0,0,0,0,0,0,0,0,1,1,0,0,1,0,0,1,1,0,0,0,0,1,0,0,0,1,1,0,0,0,1,0,0,0,0,0
R0325,real_4w,4,3,3,2026-04-18 21:05:16,825000.0,Stable,900000.0,900000.0,700000.0,855000.0,1,1,818333.3333333334,85667.31517264264,700000.0,900000.0,200000.0,200000.0,0.2857142857142857,200000.0,0.2857142857142857,Up,1,0,0,1.0997963340122199,0.104685110190602,1,200000.0,0.2857142857142857,0.104685110190602,855000.0,0.05263157894736842,4,3,2,0,0,0,1,0,0,22,5,3,2.639057329615259,6,9,54,518297.0,2,3,0,1,0,0,0,0,0,0,0,0,0,1,1,0,0,1,0,0,1,1,0,0,0,0,1,0,0,0,1,1,0,0,0,1,0,0,0,0,2
R0326,real_4w,2,1,1,2026-05-02 21:06:26,370000.0,Down,505000.0,505000.0,0.0,0.0,0,0,505000.0,0.0,505000.0,505000.0,0.0,0.0,0.0,0.0,0.0,Stable,0,0,1,1.0,0.0,0,0.0,0.0,0.0,505000.0,0.0,5,1,2,1,0,1,1,0,0,29,3,5,2.833213344056216,5,4,20,460955.5,0,4,0,0,0,1,0,1,1,1,0,1,1,0,1,0,1,0,1,0,0,1,0,1,0,0,1,0,1,1,0,0,1,0,0,0,0,0,0,0,1
R0326,real_4w,3,2,2,2026-04-25 21:06:26,600000.0,Up,370000.0,370000.0,505000.0,0.0,1,0,437500.0,67500.0,370000.0,505000.0,135000.0,-135000.0,-0.26732673267326734,-135000.0,-0.26732673267326734,Down,0,1,0,0.8457142857142858,0.15428571428571428,0,-135000.0,-0.26732673267326734,0.15428571428571428,437500.0,-0.15428571428571428,4,4,2,0,1,1,1,0,0,29,3,5,2.833213344056216,5,4,20,460955.5,0,4,0,0,0,1,0,1,1,1,0,1,1,0,1,0,1,0,1,0,0,1,0,1,0,0,1,0,1,1,0,0,1,0,0,0,0,0,0,0,0
R0326,real_4w,4,3,3,2026-04-18 21:06:26,680000.0,Up,600000.0,600000.0,370000.0,505000.0,1,1,491666.6666666667,94369.25111261377,370000.0,600000.0,230000.0,230000.0,0.6216216216216216,230000.0,0.6216216216216216,Up,1,0,0,1.2203389830508473,0.1919374598900619,1,230000.0,0.6216216216216216,0.1919374598900619,505000.0,0.18811881188118812,4,3,2,0,0,0,1,0,0,29,3,5,2.833213344056216,5,4,20,460955.5,0,4,0,0,0,1,0,1,1,1,0,1,1,0,1,0,1,0,1,0,0,1,0,1,0,0,1,0,1,1,0,0,1,0,0,0,0,0,0,0,2
R0327,real_4w,2,1,1,2026-05-02 21:18:09,380000.0,Down,425000.0,425000.0,0.0,0.0,0,0,425000.0,0.0,425000.0,425000.0,0.0,0.0,0.0,0.0,0.0,Stable,0,0,1,1.0,0.0,0,0.0,0.0,0.0,425000.0,0.0,5,1,2,1,0,1,1,0,0,23,1,0,3.4657359027997265,5,4,20,548095.6666666666,2,1,0,0,0,1,0,0,1,0,0,1,0,0,1,0,0,0,0,0,0,1,0,0,1,1,1,0,0,0,0,0,0,0,1,0,0,0,0,0,1
R0327,real_4w,3,2,2,2026-04-25 21:18:09,340000.0,Down,380000.0,380000.0,425000.0,0.0,1,0,402500.0,22500.0,380000.0,425000.0,45000.0,-45000.0,-0.10588235294117647,-45000.0,-0.10588235294117647,Down,0,1,0,0.9440993788819876,0.055900621118012424,0,-45000.0,-0.10588235294117647,0.055900621118012424,402500.0,-0.055900621118012424,4,4,2,0,1,1,1,0,0,23,1,0,3.4657359027997265,5,4,20,548095.6666666666,2,1,0,0,0,1,0,0,1,0,0,1,0,0,1,0,0,0,0,0,0,1,0,0,1,1,1,0,0,0,0,0,0,0,1,0,0,0,0,0,0
R0327,real_4w,4,3,3,2026-04-18 21:18:09,420000.0,Up,340000.0,340000.0,380000.0,425000.0,1,1,381666.6666666667,34721.111093332765,340000.0,425000.0,85000.0,-40000.0,-0.10526315789473684,-40000.0,-0.10526315789473684,Down,0,1,0,0.8908296943231441,0.09097234347598104,0,-40000.0,-0.10526315789473684,0.09097234347598104,380000.0,-0.10526315789473684,4,3,2,0,0,0,1,0,0,23,1,0,3.4657359027997265,5,4,20,548095.6666666666,2,1,0,0,0,1,0,0,1,0,0,1,0,0,1,0,0,0,0,0,0,1,0,0,1,1,1,0,0,0,0,0,0,0,1,0,0,0,0,0,0
R0328,real_4w,2,1,1,2026-05-02 21:30:07,900000.0,Up,785000.0,785000.0,0.0,0.0,0,0,785000.0,0.0,785000.0,785000.0,0.0,0.0,0.0,0.0,0.0,Stable,0,0,1,1.0,0.0,0,0.0,0.0,0.0,785000.0,0.0,5,1,2,1,0,1,1,0,0,23,2,2,4.248495242049359,6,5,30,739240.8333333334,2,0,1,0,0,0,0,0,0,0,0,0,1,0,1,0,0,1,0,0,0,1,0,0,1,1,1,0,1,0,1,0,0,0,0,0,0,1,0,0,1
R0328,real_4w,3,2,2,2026-04-25 21:30:07,1290000.0,Up,900000.0,900000.0,785000.0,0.0,1,0,842500.0,57500.0,785000.0,900000.0,115000.0,115000.0,0.1464968152866242,115000.0,0.1464968152866242,Up,1,0,0,1.0682492581602374,0.06824925816023739,1,115000.0,0.1464968152866242,0.06824925816023739,842500.0,0.06824925816023739,4,4,2,0,1,1,1,0,0,23,2,2,4.248495242049359,6,5,30,739240.8333333334,2,0,1,0,0,0,0,0,0,0,0,0,1,0,1,0,0,1,0,0,0,1,0,0,1,1,1,0,1,0,1,0,0,0,0,0,0,1,0,0,2
R0328,real_4w,4,3,3,2026-04-18 21:30:07,875000.0,Down,1290000.0,1290000.0,900000.0,785000.0,1,1,991666.6666666666,216114.68149007266,785000.0,1290000.0,505000.0,390000.0,0.43333333333333335,390000.0,0.43333333333333335,Up,1,0,0,1.3008403361344538,0.21793077125049345,1,390000.0,0.43333333333333335,0.21793077125049345,900000.0,0.43333333333333335,4,3,2,0,0,0,1,0,0,23,2,2,4.248495242049359,6,5,30,739240.8333333334,2,0,1,0,0,0,0,0,0,0,0,0,1,0,1,0,0,1,0,0,0,1,0,0,1,1,1,0,1,0,1,0,0,0,0,0,0,1,0,0,2
R0329,real_4w,2,1,1,2026-05-02 22:03:59,570000.0,Stable,525000.0,525000.0,0.0,0.0,0,0,525000.0,0.0,525000.0,525000.0,0.0,0.0,0.0,0.0,0.0,Stable,0,0,1,1.0,0.0,0,0.0,0.0,0.0,525000.0,0.0,5,1,2,1,0,1,1,0,0,33,3,1,2.833213344056216,4,3,12,518297.0,1,3,0,0,0,0,0,1,1,1,0,0,0,0,0,0,0,1,0,0,0,1,0,1,0,0,0,0,0,0,1,0,1,0,0,0,0,0,0,0,1
R0329,real_4w,3,2,2,2026-04-25 22:03:59,590000.0,Stable,570000.0,570000.0,525000.0,0.0,1,0,547500.0,22500.0,525000.0,570000.0,45000.0,45000.0,0.08571428571428572,45000.0,0.08571428571428572,Stable,0,0,1,1.0410958904109588,0.0410958904109589,1,45000.0,0.08571428571428572,0.0410958904109589,547500.0,0.0410958904109589,4,4,2,0,1,1,1,0,0,33,3,1,2.833213344056216,4,3,12,518297.0,1,3,0,0,0,0,0,1,1,1,0,0,0,0,0,0,0,1,0,0,0,1,0,1,0,0,0,0,0,0,1,0,1,0,0,0,0,0,0,0,1
R0329,real_4w,4,3,3,2026-04-18 22:03:59,530000.0,Down,590000.0,590000.0,570000.0,525000.0,1,1,561666.6666666666,27182.510717166817,525000.0,590000.0,65000.0,20000.0,0.03508771929824561,20000.0,0.03508771929824561,Stable,0,0,1,1.0504451038575668,0.04839616151424359,1,20000.0,0.03508771929824561,0.04839616151424359,570000.0,0.03508771929824561,4,3,2,0,0,0,1,0,0,33,3,1,2.833213344056216,4,3,12,518297.0,1,3,0,0,0,0,0,1,1,1,0,0,0,0,0,0,0,1,0,0,0,1,0,1,0,0,0,0,0,0,1,0,1,0,0,0,0,0,0,0,1
R0330,real_4w,2,1,1,2026-05-02 22:13:47,500000.0,Down,1336200.0,1336200.0,0.0,0.0,0,0,1336200.0,0.0,1336200.0,1336200.0,0.0,0.0,0.0,0.0,0.0,Stable,0,0,1,1.0,0.0,0,0.0,0.0,0.0,1336200.0,0.0,5,1,2,1,0,1,1,0,0,47,4,2,3.6888794541139363,6,10,60,739240.8333333334,2,0,0,1,0,0,0,1,0,0,0,0,0,0,1,0,1,0,0,1,0,1,0,1,0,0,1,0,0,1,0,0,0,0,0,0,1,0,0,0,1
R0330,real_4w,3,2,2,2026-04-25 22:13:47,725000.0,Up,500000.0,500000.0,1336200.0,0.0,1,0,918100.0,418100.0,500000.0,1336200.0,836200.0,-836200.0,-0.625804520281395,-836200.0,-0.625804520281395,Down,0,1,0,0.5446029844243546,0.4553970155756454,0,-836200.0,-0.625804520281395,0.4553970155756454,918100.0,-0.4553970155756454,4,4,2,0,1,1,1,0,0,47,4,2,3.6888794541139363,6,10,60,739240.8333333334,2,0,0,1,0,0,0,1,0,0,0,0,0,0,1,0,1,0,0,1,0,1,0,1,0,0,1,0,0,1,0,0,0,0,0,0,1,0,0,0,0
R0330,real_4w,4,3,3,2026-04-18 22:13:47,650000.0,Down,725000.0,725000.0,500000.0,1336200.0,1,1,853733.3333333334,353305.1686888011,500000.0,1336200.0,836200.0,225000.0,0.45,225000.0,0.45,Up,1,0,0,0.8492113071997501,0.41383550916226897,0,225000.0,0.45,0.41383550916226897,725000.0,0.0,4,3,2,0,0,0,1,0,0,47,4,2,3.6888794541139363,6,10,60,739240.8333333334,2,0,0,1,0,0,0,1,0,0,0,0,0,0,1,0,1,0,0,1,0,1,0,1,0,0,1,0,0,1,0,0,0,0,0,0,1,0,0,0,2
R0331,real_4w,2,1,1,2026-05-02 23:11:19,200000.0,Down,250000.0,250000.0,0.0,0.0,0,0,250000.0,0.0,250000.0,250000.0,0.0,0.0,0.0,0.0,0.0,Stable,0,0,1,1.0,0.0,0,0.0,0.0,0.0,250000.0,0.0,5,1,2,1,0,1,1,0,0,39,6,8,4.394449154672439,7,10,70,517481.9375,2,4,0,0,0,0,0,0,0,0,0,1,0,1,1,0,0,1,1,0,0,1,0,0,0,0,1,0,0,0,1,1,0,1,0,0,0,0,0,0,1
R0331,real_4w,3,2,2,2026-04-25 23:11:19,225000.0,Up,200000.0,200000.0,250000.0,0.0,1,0,225000.0,25000.0,200000.0,250000.0,50000.0,-50000.0,-0.2,-50000.0,-0.2,Down,0,1,0,0.8888888888888888,0.1111111111111111,0,-50000.0,-0.2,0.1111111111111111,225000.0,-0.1111111111111111,4,4,2,0,1,1,1,0,0,39,6,8,4.394449154672439,7,10,70,517481.9375,2,4,0,0,0,0,0,0,0,0,0,1,0,1,1,0,0,1,1,0,0,1,0,0,0,0,1,0,0,0,1,1,0,1,0,0,0,0,0,0,0
R0331,real_4w,4,3,3,2026-04-18 23:11:19,430000.0,Up,225000.0,225000.0,200000.0,250000.0,1,1,225000.0,20412.41452319315,200000.0,250000.0,50000.0,25000.0,0.125,25000.0,0.125,Up,1,0,0,1.0,0.09072184232530289,0,25000.0,0.125,0.09072184232530289,225000.0,0.0,4,3,2,0,0,0,1,0,0,39,6,8,4.394449154672439,7,10,70,517481.9375,2,4,0,0,0,0,0,0,0,0,0,1,0,1,1,0,0,1,1,0,0,1,0,0,0,0,1,0,0,0,1,1,0,1,0,0,0,0,0,0,2
R0332,real_4w,2,1,1,2026-05-02 23:54:39,16800.0,Down,155000.0,155000.0,0.0,0.0,0,0,155000.0,0.0,155000.0,155000.0,0.0,0.0,0.0,0.0,0.0,Stable,0,0,1,1.0,0.0,0,0.0,0.0,0.0,155000.0,0.0,5,1,2,1,0,1,1,0,0,21,0,2,0.6931471805599453,6,6,36,739240.8333333334,0,0,0,0,0,1,0,1,1,1,0,0,0,1,0,1,0,0,1,0,0,1,0,1,0,0,0,1,0,0,0,1,0,0,0,0,0,0,0,1,1
R0332,real_4w,3,2,2,2026-04-25 23:54:39,150000.0,Up,16800.0,16800.0,155000.0,0.0,1,0,85900.0,69100.0,16800.0,155000.0,138200.0,-138200.0,-0.8916129032258064,-138200.0,-0.8916129032258064,Down,0,1,0,0.19557625145518046,0.8044237485448196,0,-138200.0,-0.8916129032258064,0.8044237485448196,85900.0,-0.8044237485448196,4,4,2,0,1,1,1,0,0,21,0,2,0.6931471805599453,6,6,36,739240.8333333334,0,0,0,0,0,1,0,1,1,1,0,0,0,1,0,1,0,0,1,0,0,1,0,1,0,0,0,1,0,0,0,1,0,0,0,0,0,0,0,1,0
R0332,real_4w,4,3,3,2026-04-18 23:54:39,150000.0,Stable,150000.0,150000.0,16800.0,155000.0,1,1,107266.66666666667,64002.15274157234,16800.0,155000.0,138200.0,133200.0,7.928571428571429,133200.0,7.928571428571429,Up,1,0,0,1.3983840894965818,0.5966639472489652,1,133200.0,7.928571428571429,0.5966639472489652,150000.0,0.0,4,3,2,0,0,0,1,0,0,21,0,2,0.6931471805599453,6,6,36,739240.8333333334,0,0,0,0,0,1,0,1,1,1,0,0,0,1,0,1,0,0,1,0,0,1,0,1,0,0,0,1,0,0,0,1,0,0,0,0,0,0,0,1,2
R0333,real_4w,2,1,1,2026-05-03 00:37:07,625000.0,Stable,610000.0,610000.0,0.0,0.0,0,0,610000.0,0.0,610000.0,610000.0,0.0,0.0,0.0,0.0,0.0,Stable,0,0,1,1.0,0.0,0,0.0,0.0,0.0,610000.0,0.0,5,1,2,1,0,1,1,0,0,36,5,5,2.5649493574615367,7,8,56,460955.5,1,3,0,1,0,0,0,0,0,0,0,0,0,0,1,0,1,0,0,1,0,1,0,0,0,0,1,0,0,1,0,0,0,0,0,1,0,0,0,0,1
R0333,real_4w,3,2,2,2026-04-26 00:37:07,725000.0,Up,625000.0,625000.0,610000.0,0.0,1,0,617500.0,7500.0,610000.0,625000.0,15000.0,15000.0,0.02459016393442623,15000.0,0.02459016393442623,Stable,0,0,1,1.0121457489878543,0.012145748987854251,1,15000.0,0.02459016393442623,0.012145748987854251,617500.0,0.012145748987854251,4,4,2,0,1,1,1,0,0,36,5,5,2.5649493574615367,7,8,56,460955.5,1,3,0,1,0,0,0,0,0,0,0,0,0,0,1,0,1,0,0,1,0,1,0,0,0,0,1,0,0,1,0,0,0,0,0,1,0,0,0,0,1
R0333,real_4w,4,3,3,2026-04-19 00:37:07,625000.0,Down,725000.0,725000.0,625000.0,610000.0,1,1,653333.3333333334,51044.642770378516,610000.0,725000.0,115000.0,100000.0,0.16,100000.0,0.16,Up,1,0,0,1.1096938775510203,0.07812955526078344,1,100000.0,0.16,0.07812955526078344,625000.0,0.16,4,3,2,0,0,0,1,0,0,36,5,5,2.5649493574615367,7,8,56,460955.5,1,3,0,1,0,0,0,0,0,0,0,0,0,0,1,0,1,0,0,1,0,1,0,0,0,0,1,0,0,1,0,0,0,0,0,1,0,0,0,0,2
R0334,real_4w,2,1,1,2026-05-03 02:13:44,175000.0,Up,18400.0,18400.0,0.0,0.0,0,0,18400.0,0.0,18400.0,18400.0,0.0,0.0,0.0,0.0,0.0,Stable,0,0,1,1.0,0.0,0,0.0,0.0,0.0,18400.0,0.0,5,1,2,1,0,1,1,0,0,17,0,3,2.8903717578961645,4,6,24,518297.0,0,0,0,0,0,0,0,1,1,1,0,1,0,1,0,0,0,1,1,0,0,1,0,0,0,0,0,0,0,0,1,1,0,0,0,0,0,0,0,1,1
R0334,real_4w,3,2,2,2026-04-26 02:13:44,180000.0,Stable,175000.0,175000.0,18400.0,0.0,1,0,96700.0,78300.0,18400.0,175000.0,156600.0,156600.0,8.51086956521739,156600.0,8.51086956521739,Up,1,0,0,1.8097207859358841,0.8097207859358841,1,156600.0,8.51086956521739,0.8097207859358841,96700.0,0.8097207859358841,4,4,2,0,1,1,1,0,0,17,0,3,2.8903717578961645,4,6,24,518297.0,0,0,0,0,0,0,0,1,1,1,0,1,0,1,0,0,0,1,1,0,0,1,0,0,0,0,0,0,0,0,1,1,0,0,0,0,0,0,0,1,2
R0334,real_4w,4,3,3,2026-04-19 02:13:44,280000.0,Up,180000.0,180000.0,175000.0,18400.0,1,1,124466.66666666667,75028.2317235023,18400.0,180000.0,161600.0,5000.0,0.02857142857142857,5000.0,0.02857142857142857,Stable,0,0,1,1.44617032672737,0.6027977910297452,1,5000.0,0.02857142857142857,0.6027977910297452,175000.0,0.02857142857142857,4,3,2,0,0,0,1,0,0,17,0,3,2.8903717578961645,4,6,24,518297.0,0,0,0,0,0,0,0,1,1,1,0,1,0,1,0,0,0,1,1,0,0,1,0,0,0,0,0,0,0,0,1,1,0,0,0,0,0,0,0,1,1
R0335,real_4w,2,1,1,2026-05-03 02:48:32,835000.0,Stable,775000.0,775000.0,0.0,0.0,0,0,775000.0,0.0,775000.0,775000.0,0.0,0.0,0.0,0.0,0.0,Stable,0,0,1,1.0,0.0,0,0.0,0.0,0.0,775000.0,0.0,5,1,2,1,0,1,1,0,0,36,4,1,3.1780538303479458,6,7,42,518297.0,2,2,0,0,1,0,0,0,0,0,0,0,0,1,0,1,0,0,0,0,0,1,0,0,0,0,0,1,0,0,0,1,0,0,0,0,1,0,0,0,1
R0335,real_4w,3,2,2,2026-04-26 02:48:32,900000.0,Stable,835000.0,835000.0,775000.0,0.0,1,0,805000.0,30000.0,775000.0,835000.0,60000.0,60000.0,0.07741935483870968,60000.0,0.07741935483870968,Stable,0,0,1,1.0372670807453417,0.037267080745341616,1,60000.0,0.07741935483870968,0.037267080745341616,805000.0,0.037267080745341616,4,4,2,0,1,1,1,0,0,36,4,1,3.1780538303479458,6,7,42,518297.0,2,2,0,0,1,0,0,0,0,0,0,0,0,1,0,1,0,0,0,0,0,1,0,0,0,0,0,1,0,0,0,1,0,0,0,0,1,0,0,0,1
R0335,real_4w,4,3,3,2026-04-19 02:48:32,820000.0,Stable,900000.0,900000.0,835000.0,775000.0,1,1,836666.6666666666,51044.642770378516,775000.0,900000.0,125000.0,65000.0,0.07784431137724551,65000.0,0.07784431137724551,Stable,0,0,1,1.0756972111553786,0.06100953319168747,1,65000.0,0.07784431137724551,0.06100953319168747,835000.0,0.07784431137724551,4,3,2,0,0,0,1,0,0,36,4,1,3.1780538303479458,6,7,42,518297.0,2,2,0,0,1,0,0,0,0,0,0,0,0,1,0,1,0,0,0,0,0,1,0,0,0,0,0,1,0,0,0,1,0,0,0,0,1,0,0,0,1
R0336,real_4w,2,1,1,2026-05-03 03:09:55,310000.0,Stable,310000.0,310000.0,0.0,0.0,0,0,310000.0,0.0,310000.0,310000.0,0.0,0.0,0.0,0.0,0.0,Stable,0,0,1,1.0,0.0,0,0.0,0.0,0.0,310000.0,0.0,5,1,2,1,0,1,1,0,0,18,7,1,3.6635616461296463,3,5,15,518297.0,1,0,0,0,0,1,0,0,1,0,0,0,1,1,1,0,0,0,0,0,0,1,0,0,0,1,1,0,1,0,0,1,0,0,0,0,0,0,1,0,1
R0336,real_4w,3,2,2,2026-04-26 03:09:55,405000.0,Up,310000.0,310000.0,310000.0,0.0,1,0,310000.0,0.0,310000.0,310000.0,0.0,0.0,0.0,0.0,0.0,Stable,0,0,1,1.0,0.0,0,0.0,0.0,0.0,310000.0,0.0,4,4,2,0,1,1,1,0,0,18,7,1,3.6635616461296463,3,5,15,518297.0,1,0,0,0,0,1,0,0,1,0,0,0,1,1,1,0,0,0,0,0,0,1,0,0,0,1,1,0,1,0,0,1,0,0,0,0,0,0,1,0,1
R0336,real_4w,4,3,3,2026-04-19 03:09:55,225000.0,Down,405000.0,405000.0,310000.0,310000.0,1,1,341666.6666666667,44783.42947514801,310000.0,405000.0,95000.0,95000.0,0.3064516129032258,95000.0,0.3064516129032258,Up,1,0,0,1.1853658536585365,0.13107345212238442,1,95000.0,0.3064516129032258,0.13107345212238442,310000.0,0.3064516129032258,4,3,2,0,0,0,1,0,0,18,7,1,3.6635616461296463,3,5,15,518297.0,1,0,0,0,0,1,0,0,1,0,0,0,1,1,1,0,0,0,0,0,0,1,0,0,0,1,1,0,1,0,0,1,0,0,0,0,0,0,1,0,2
R0337,real_4w,2,1,1,2026-05-03 03:12:08,375000.0,Up,175000.0,175000.0,0.0,0.0,0,0,175000.0,0.0,175000.0,175000.0,0.0,0.0,0.0,0.0,0.0,Stable,0,0,1,1.0,0.0,0,0.0,0.0,0.0,175000.0,0.0,5,1,2,1,0,1,1,0,0,18,7,5,3.828641396489095,2,2,4,460955.5,1,1,0,0,0,1,0,0,1,0,0,1,0,1,0,0,0,0,0,0,0,1,0,0,0,0,0,0,0,0,0,1,0,0,0,0,0,0,1,0,1
R0337,real_4w,3,2,2,2026-04-26 03:12:08,400000.0,Stable,375000.0,375000.0,175000.0,0.0,1,0,275000.0,100000.0,175000.0,375000.0,200000.0,200000.0,1.1428571428571428,200000.0,1.1428571428571428,Up,1,0,0,1.3636363636363635,0.36363636363636365,1,200000.0,1.1428571428571428,0.36363636363636365,275000.0,0.36363636363636365,4,4,2,0,1,1,1,0,0,18,7,5,3.828641396489095,2,2,4,460955.5,1,1,0,0,0,1,0,0,1,0,0,1,0,1,0,0,0,0,0,0,0,1,0,0,0,0,0,0,0,0,0,1,0,0,0,0,0,0,1,0,2
R0337,real_4w,4,3,3,2026-04-19 03:12:08,215000.0,Down,400000.0,400000.0,375000.0,175000.0,1,1,316666.6666666667,100692.04977995476,175000.0,400000.0,225000.0,25000.0,0.06666666666666667,25000.0,0.06666666666666667,Stable,0,0,1,1.263157894736842,0.3179748940419624,1,25000.0,0.06666666666666667,0.3179748940419624,375000.0,0.06666666666666667,4,3,2,0,0,0,1,0,0,18,7,5,3.828641396489095,2,2,4,460955.5,1,1,0,0,0,1,0,0,1,0,0,1,0,1,0,0,0,0,0,0,0,1,0,0,0,0,0,0,0,0,0,1,0,0,0,0,0,0,1,0,1
R0338,real_4w,2,1,1,2026-05-03 05:18:10,135000.0,Stable,140000.0,140000.0,0.0,0.0,0,0,140000.0,0.0,140000.0,140000.0,0.0,0.0,0.0,0.0,0.0,Stable,0,0,1,1.0,0.0,0,0.0,0.0,0.0,140000.0,0.0,5,1,2,1,0,1,1,0,0,26,7,4,3.2188758248682006,3,5,15,442180.75,0,4,0,0,0,1,0,0,1,0,0,1,1,1,1,0,0,0,0,0,1,1,0,0,0,1,1,0,1,0,0,1,0,0,0,0,0,0,1,0,1
R0338,real_4w,3,2,2,2026-04-26 05:18:10,80000.0,Down,135000.0,135000.0,140000.0,0.0,1,0,137500.0,2500.0,135000.0,140000.0,5000.0,-5000.0,-0.03571428571428571,-5000.0,-0.03571428571428571,Stable,0,0,1,0.9818181818181818,0.01818181818181818,0,-5000.0,-0.03571428571428571,0.01818181818181818,137500.0,-0.01818181818181818,4,4,2,0,1,1,1,0,0,26,7,4,3.2188758248682006,3,5,15,442180.75,0,4,0,0,0,1,0,0,1,0,0,1,1,1,1,0,0,0,0,0,1,1,0,0,0,1,1,0,1,0,0,1,0,0,0,0,0,0,1,0,1
R0338,real_4w,4,3,3,2026-04-19 05:18:10,6800.0,Down,80000.0,80000.0,135000.0,140000.0,1,1,118333.33333333333,27182.510717166817,80000.0,140000.0,60000.0,-55000.0,-0.4074074074074074,-55000.0,-0.4074074074074074,Down,0,1,0,0.676056338028169,0.2297113581732407,0,-55000.0,-0.4074074074074074,0.2297113581732407,135000.0,-0.4074074074074074,4,3,2,0,0,0,1,0,0,26,7,4,3.2188758248682006,3,5,15,442180.75,0,4,0,0,0,1,0,0,1,0,0,1,1,1,1,0,0,0,0,0,1,1,0,0,0,1,1,0,1,0,0,1,0,0,0,0,0,0,1,0,0
R0339,real_4w,2,1,1,2026-05-03 08:24:40,755000.0,Down,1000000.0,1000000.0,0.0,0.0,0,0,1000000.0,0.0,1000000.0,1000000.0,0.0,0.0,0.0,0.0,0.0,Stable,0,0,1,1.0,0.0,0,0.0,0.0,0.0,1000000.0,0.0,5,1,2,1,0,1,1,0,0,22,5,8,4.330733340286331,5,8,40,517481.9375,2,1,0,1,0,0,0,0,0,0,0,0,0,1,0,0,1,1,0,1,0,1,0,1,0,0,0,0,0,1,1,1,0,0,0,1,0,0,0,0,1
R0339,real_4w,3,2,2,2026-04-26 08:24:40,1350000.0,Up,755000.0,755000.0,1000000.0,0.0,1,0,877500.0,122500.0,755000.0,1000000.0,245000.0,-245000.0,-0.245,-245000.0,-0.245,Down,0,1,0,0.8603988603988604,0.1396011396011396,0,-245000.0,-0.245,0.1396011396011396,877500.0,-0.1396011396011396,4,4,2,0,1,1,1,0,0,22,5,8,4.330733340286331,5,8,40,517481.9375,2,1,0,1,0,0,0,0,0,0,0,0,0,1,0,0,1,1,0,1,0,1,0,1,0,0,0,0,0,1,1,1,0,0,0,1,0,0,0,0,0
R0339,real_4w,4,3,3,2026-04-19 08:24:40,1200000.0,Down,1350000.0,1350000.0,755000.0,1000000.0,1,1,1035000.0,244165.24459199075,755000.0,1350000.0,595000.0,595000.0,0.7880794701986755,595000.0,0.7880794701986755,Up,1,0,0,1.3043478260869565,0.23590844888115048,1,595000.0,0.7880794701986755,0.23590844888115048,1000000.0,0.35,4,3,2,0,0,0,1,0,0,22,5,8,4.330733340286331,5,8,40,517481.9375,2,1,0,1,0,0,0,0,0,0,0,0,0,1,0,0,1,1,0,1,0,1,0,1,0,0,0,0,0,1,1,1,0,0,0,1,0,0,0,0,2
R0340,real_4w,2,1,1,2026-05-03 08:44:30,640000.0,Up,35000.0,35000.0,0.0,0.0,0,0,35000.0,0.0,35000.0,35000.0,0.0,0.0,0.0,0.0,0.0,Stable,0,0,1,1.0,0.0,0,0.0,0.0,0.0,35000.0,0.0,5,1,2,1,0,1,1,0,0,26,0,2,3.9512437185814275,5,7,35,739240.8333333334,1,1,0,0,0,0,0,1,1,1,0,1,0,1,0,1,0,1,0,0,0,1,0,1,0,1,0,1,0,0,1,1,0,0,0,0,0,0,0,1,1
R0340,real_4w,3,2,2,2026-04-26 08:44:30,600000.0,Stable,640000.0,640000.0,35000.0,0.0,1,0,337500.0,302500.0,35000.0,640000.0,605000.0,605000.0,17.285714285714285,605000.0,17.285714285714285,Up,1,0,0,1.8962962962962964,0.8962962962962963,1,605000.0,17.285714285714285,0.8962962962962963,337500.0,0.8962962962962963,4,4,2,0,1,1,1,0,0,26,0,2,3.9512437185814275,5,7,35,739240.8333333334,1,1,0,0,0,0,0,1,1,1,0,1,0,1,0,1,0,1,0,0,0,1,0,1,0,1,0,1,0,0,1,1,0,0,0,0,0,0,0,1,2
R0340,real_4w,4,3,3,2026-04-19 08:44:30,755000.0,Up,600000.0,600000.0,640000.0,35000.0,1,1,425000.0,276254.7133836211,35000.0,640000.0,605000.0,-40000.0,-0.0625,-40000.0,-0.0625,Stable,0,0,1,1.411764705882353,0.6500110903144026,1,-40000.0,-0.0625,0.6500110903144026,600000.0,0.0,4,3,2,0,0,0,1,0,0,26,0,2,3.9512437185814275,5,7,35,739240.8333333334,1,1,0,0,0,0,0,1,1,1,0,1,0,1,0,1,0,1,0,0,0,1,0,1,0,1,0,1,0,0,1,1,0,0,0,0,0,0,0,1,1
R0341,real_4w,2,1,1,2026-05-03 09:26:16,505000.0,Up,325000.0,325000.0,0.0,0.0,0,0,325000.0,0.0,325000.0,325000.0,0.0,0.0,0.0,0.0,0.0,Stable,0,0,1,1.0,0.0,0,0.0,0.0,0.0,325000.0,0.0,5,1,2,1,0,1,1,0,0,28,0,6,3.5553480614894135,4,3,12,653189.75,0,3,0,0,0,0,0,1,1,1,0,0,0,1,0,0,0,1,0,0,0,1,0,1,0,0,0,0,0,0,1,1,0,0,0,0,0,0,0,1,1
R0341,real_4w,3,2,2,2026-04-26 09:26:16,510000.0,Stable,505000.0,505000.0,325000.0,0.0,1,0,415000.0,90000.0,325000.0,505000.0,180000.0,180000.0,0.5538461538461539,180000.0,0.5538461538461539,Up,1,0,0,1.216867469879518,0.21686746987951808,1,180000.0,0.5538461538461539,0.21686746987951808,415000.0,0.21686746987951808,4,4,2,0,1,1,1,0,0,28,0,6,3.5553480614894135,4,3,12,653189.75,0,3,0,0,0,0,0,1,1,1,0,0,0,1,0,0,0,1,0,0,0,1,0,1,0,0,0,0,0,0,1,1,0,0,0,0,0,0,0,1,2
R0341,real_4w,4,3,3,2026-04-19 09:26:16,200000.0,Down,510000.0,510000.0,505000.0,325000.0,1,1,446666.6666666667,86055.53762283723,325000.0,510000.0,185000.0,5000.0,0.009900990099009901,5000.0,0.009900990099009901,Stable,0,0,1,1.1417910447761193,0.19266165139441171,1,5000.0,0.009900990099009901,0.19266165139441171,505000.0,0.009900990099009901,4,3,2,0,0,0,1,0,0,28,0,6,3.5553480614894135,4,3,12,653189.75,0,3,0,0,0,0,0,1,1,1,0,0,0,1,0,0,0,1,0,0,0,1,0,1,0,0,0,0,0,0,1,1,0,0,0,0,0,0,0,1,1
R0342,real_4w,2,1,1,2026-05-03 09:45:39,475000.0,Stable,480000.0,480000.0,0.0,0.0,0,0,480000.0,0.0,480000.0,480000.0,0.0,0.0,0.0,0.0,0.0,Stable,0,0,1,1.0,0.0,0,0.0,0.0,0.0,480000.0,0.0,5,1,2,1,0,1,1,0,0,25,3,7,3.6375861597263857,5,7,35,559306.0,0,1,0,0,0,0,0,1,1,1,0,0,0,0,0,0,0,1,0,0,0,1,0,0,0,1,0,0,0,0,1,0,1,0,0,0,0,0,0,0,1
R0342,real_4w,3,2,2,2026-04-26 09:45:39,460000.0,Stable,475000.0,475000.0,480000.0,0.0,1,0,477500.0,2500.0,475000.0,480000.0,5000.0,-5000.0,-0.010416666666666666,-5000.0,-0.010416666666666666,Stable,0,0,1,0.9947643979057592,0.005235602094240838,0,-5000.0,-0.010416666666666666,0.005235602094240838,477500.0,-0.005235602094240838,4,4,2,0,1,1,1,0,0,25,3,7,3.6375861597263857,5,7,35,559306.0,0,1,0,0,0,0,0,1,1,1,0,0,0,0,0,0,0,1,0,0,0,1,0,0,0,1,0,0,0,0,1,0,1,0,0,0,0,0,0,0,1
R0342,real_4w,4,3,3,2026-04-19 09:45:39,450000.0,Stable,460000.0,460000.0,475000.0,480000.0,1,1,471666.6666666667,8498.365855987975,460000.0,480000.0,20000.0,-15000.0,-0.031578947368421054,-15000.0,-0.031578947368421054,Stable,0,0,1,0.9752650176678445,0.01801773679714765,0,-15000.0,-0.031578947368421054,0.01801773679714765,475000.0,-0.031578947368421054,4,3,2,0,0,0,1,0,0,25,3,7,3.6375861597263857,5,7,35,559306.0,0,1,0,0,0,0,0,1,1,1,0,0,0,0,0,0,0,1,0,0,0,1,0,0,0,1,0,0,0,0,1,0,1,0,0,0,0,0,0,0,1
R0343,real_4w,2,1,1,2026-05-03 09:51:57,260000.0,Up,85000.0,85000.0,0.0,0.0,0,0,85000.0,0.0,85000.0,85000.0,0.0,0.0,0.0,0.0,0.0,Stable,0,0,1,1.0,0.0,0,0.0,0.0,0.0,85000.0,0.0,5,1,2,1,0,1,1,0,0,23,2,2,2.9444389791664403,4,8,32,739240.8333333334,0,2,1,0,0,0,0,0,0,0,0,0,0,0,1,0,0,0,0,0,0,1,0,0,0,0,1,0,0,0,0,0,0,0,0,0,0,1,0,0,1
R0343,real_4w,3,2,2,2026-04-26 09:51:57,10000.0,Down,260000.0,260000.0,85000.0,0.0,1,0,172500.0,87500.0,85000.0,260000.0,175000.0,175000.0,2.0588235294117645,175000.0,2.0588235294117645,Up,1,0,0,1.5072463768115942,0.5072463768115942,1,175000.0,2.0588235294117645,0.5072463768115942,172500.0,0.5072463768115942,4,4,2,0,1,1,1,0,0,23,2,2,2.9444389791664403,4,8,32,739240.8333333334,0,2,1,0,0,0,0,0,0,0,0,0,0,0,1,0,0,0,0,0,0,1,0,0,0,0,1,0,0,0,0,0,0,0,0,0,0,1,0,0,2
R0343,real_4w,4,3,3,2026-04-19 09:51:57,200000.0,Up,10000.0,10000.0,260000.0,85000.0,1,1,118333.33333333333,104748.37574980446,10000.0,260000.0,250000.0,-250000.0,-0.9615384615384616,-250000.0,-0.9615384615384616,Down,0,1,0,0.08450704225352113,0.8851975415476433,0,-250000.0,-0.9615384615384616,0.8851975415476433,85000.0,-0.8823529411764706,4,3,2,0,0,0,1,0,0,23,2,2,2.9444389791664403,4,8,32,739240.8333333334,0,2,1,0,0,0,0,0,0,0,0,0,0,0,1,0,0,0,0,0,0,1,0,0,0,0,1,0,0,0,0,0,0,0,0,0,0,1,0,0,0
R0344,real_4w,2,1,1,2026-05-03 10:29:15,275000.0,Stable,265000.0,265000.0,0.0,0.0,0,0,265000.0,0.0,265000.0,265000.0,0.0,0.0,0.0,0.0,0.0,Stable,0,0,1,1.0,0.0,0,0.0,0.0,0.0,265000.0,0.0,5,1,2,1,0,1,1,0,0,39,3,2,3.044522437723423,6,5,30,739240.8333333334,2,4,0,0,0,1,0,0,1,0,0,0,1,0,0,1,0,1,0,0,0,1,0,0,0,0,0,1,1,0,1,0,1,0,0,0,0,0,0,0,1
R0344,real_4w,3,2,2,2026-04-26 10:29:15,515000.0,Up,275000.0,275000.0,265000.0,0.0,1,0,270000.0,5000.0,265000.0,275000.0,10000.0,10000.0,0.03773584905660377,10000.0,0.03773584905660377,Stable,0,0,1,1.0185185185185186,0.018518518518518517,1,10000.0,0.03773584905660377,0.018518518518518517,270000.0,0.018518518518518517,4,4,2,0,1,1,1,0,0,39,3,2,3.044522437723423,6,5,30,739240.8333333334,2,4,0,0,0,1,0,0,1,0,0,0,1,0,0,1,0,1,0,0,0,1,0,0,0,0,0,1,1,0,1,0,1,0,0,0,0,0,0,0,1
R0344,real_4w,4,3,3,2026-04-19 10:29:15,570000.0,Up,515000.0,515000.0,275000.0,265000.0,1,1,351666.6666666667,115566.23882239811,265000.0,515000.0,250000.0,240000.0,0.8727272727272727,240000.0,0.8727272727272727,Up,1,0,0,1.4644549763033174,0.32862437579828846,1,240000.0,0.8727272727272727,0.32862437579828846,275000.0,0.8727272727272727,4,3,2,0,0,0,1,0,0,39,3,2,3.044522437723423,6,5,30,739240.8333333334,2,4,0,0,0,1,0,0,1,0,0,0,1,0,0,1,0,1,0,0,0,1,0,0,0,0,0,1,1,0,1,0,1,0,0,0,0,0,0,0,2
R0345,real_4w,2,1,1,2026-05-03 11:34:33,830000.0,Up,605000.0,605000.0,0.0,0.0,0,0,605000.0,0.0,605000.0,605000.0,0.0,0.0,0.0,0.0,0.0,Stable,0,0,1,1.0,0.0,0,0.0,0.0,0.0,605000.0,0.0,5,1,2,1,0,1,1,0,0,26,3,8,2.5649493574615367,5,7,35,517481.9375,2,2,0,0,0,0,0,1,1,1,0,0,1,0,0,0,0,0,0,0,0,1,0,0,0,1,0,0,1,0,0,0,1,0,0,0,0,0,0,0,1
R0345,real_4w,3,2,2,2026-04-26 11:34:33,375000.0,Down,830000.0,830000.0,605000.0,0.0,1,0,717500.0,112500.0,605000.0,830000.0,225000.0,225000.0,0.371900826446281,225000.0,0.371900826446281,Up,1,0,0,1.156794425087108,0.156794425087108,1,225000.0,0.371900826446281,0.156794425087108,717500.0,0.156794425087108,4,4,2,0,1,1,1,0,0,26,3,8,2.5649493574615367,5,7,35,517481.9375,2,2,0,0,0,0,0,1,1,1,0,0,1,0,0,0,0,0,0,0,0,1,0,0,0,1,0,0,1,0,0,0,1,0,0,0,0,0,0,0,2
R0345,real_4w,4,3,3,2026-04-19 11:34:33,675000.0,Up,375000.0,375000.0,830000.0,605000.0,1,1,603333.3333333334,185756.71066089525,375000.0,830000.0,455000.0,-455000.0,-0.5481927710843374,-455000.0,-0.5481927710843374,Down,0,1,0,0.6215469613259668,0.30788405081916337,0,-455000.0,-0.5481927710843374,0.30788405081916337,605000.0,-0.38016528925619836,4,3,2,0,0,0,1,0,0,26,3,8,2.5649493574615367,5,7,35,517481.9375,2,2,0,0,0,0,0,1,1,1,0,0,1,0,0,0,0,0,0,0,0,1,0,0,0,1,0,0,1,0,0,0,1,0,0,0,0,0,0,0,0
R0346,real_4w,2,1,1,2026-05-03 12:07:16,915000.0,Stable,890000.0,890000.0,0.0,0.0,0,0,890000.0,0.0,890000.0,890000.0,0.0,0.0,0.0,0.0,0.0,Stable,0,0,1,1.0,0.0,0,0.0,0.0,0.0,890000.0,0.0,5,1,2,1,0,1,1,0,0,37,3,7,3.295836866004329,6,5,30,559306.0,2,2,0,0,0,0,0,0,0,0,0,1,1,0,0,1,0,1,1,0,0,1,0,1,0,0,0,1,1,0,1,0,1,0,0,0,0,0,0,0,1
R0346,real_4w,3,2,2,2026-04-26 12:07:16,775000.0,Down,915000.0,915000.0,890000.0,0.0,1,0,902500.0,12500.0,890000.0,915000.0,25000.0,25000.0,0.028089887640449437,25000.0,0.028089887640449437,Stable,0,0,1,1.0138504155124655,0.013850415512465374,1,25000.0,0.028089887640449437,0.013850415512465374,902500.0,0.013850415512465374,4,4,2,0,1,1,1,0,0,37,3,7,3.295836866004329,6,5,30,559306.0,2,2,0,0,0,0,0,0,0,0,0,1,1,0,0,1,0,1,1,0,0,1,0,1,0,0,0,1,1,0,1,0,1,0,0,0,0,0,0,0,1
R0346,real_4w,4,3,3,2026-04-19 12:07:16,500000.0,Down,775000.0,775000.0,915000.0,890000.0,1,1,860000.0,60964.4705272396,775000.0,915000.0,140000.0,-140000.0,-0.15300546448087432,-140000.0,-0.15300546448087432,Down,0,1,0,0.9011627906976745,0.07088891921772046,0,-140000.0,-0.15300546448087432,0.07088891921772046,890000.0,-0.12921348314606743,4,3,2,0,0,0,1,0,0,37,3,7,3.295836866004329,6,5,30,559306.0,2,2,0,0,0,0,0,0,0,0,0,1,1,0,0,1,0,1,1,0,0,1,0,1,0,0,0,1,1,0,1,0,1,0,0,0,0,0,0,0,0
R0347,real_4w,2,1,1,2026-05-03 12:16:14,310000.0,Down,350000.0,350000.0,0.0,0.0,0,0,350000.0,0.0,350000.0,350000.0,0.0,0.0,0.0,0.0,0.0,Stable,0,0,1,1.0,0.0,0,0.0,0.0,0.0,350000.0,0.0,5,1,2,1,0,1,1,0,0,32,1,3,2.70805020110221,4,8,32,518297.0,1,1,0,0,0,0,0,0,0,0,0,1,1,0,0,0,0,0,0,0,0,1,0,0,0,0,0,0,1,0,0,0,0,0,1,0,0,0,0,0,1
R0347,real_4w,3,2,2,2026-04-26 12:16:14,350000.0,Up,310000.0,310000.0,350000.0,0.0,1,0,330000.0,20000.0,310000.0,350000.0,40000.0,-40000.0,-0.11428571428571428,-40000.0,-0.11428571428571428,Down,0,1,0,0.9393939393939394,0.06060606060606061,0,-40000.0,-0.11428571428571428,0.06060606060606061,330000.0,-0.06060606060606061,4,4,2,0,1,1,1,0,0,32,1,3,2.70805020110221,4,8,32,518297.0,1,1,0,0,0,0,0,0,0,0,0,1,1,0,0,0,0,0,0,0,0,1,0,0,0,0,0,0,1,0,0,0,0,0,1,0,0,0,0,0,0
R0347,real_4w,4,3,3,2026-04-19 12:16:14,350000.0,Stable,350000.0,350000.0,310000.0,350000.0,1,1,336666.6666666667,18856.180831641268,310000.0,350000.0,40000.0,40000.0,0.12903225806451613,40000.0,0.12903225806451613,Up,1,0,0,1.0396039603960396,0.05600845791576614,1,40000.0,0.12903225806451613,0.05600845791576614,350000.0,0.0,4,3,2,0,0,0,1,0,0,32,1,3,2.70805020110221,4,8,32,518297.0,1,1,0,0,0,0,0,0,0,0,0,1,1,0,0,0,0,0,0,0,0,1,0,0,0,0,0,0,1,0,0,0,0,0,1,0,0,0,0,0,2
R0348,real_4w,2,1,1,2026-05-03 12:23:12,310000.0,Stable,325000.0,325000.0,0.0,0.0,0,0,325000.0,0.0,325000.0,325000.0,0.0,0.0,0.0,0.0,0.0,Stable,0,0,1,1.0,0.0,0,0.0,0.0,0.0,325000.0,0.0,5,1,2,1,0,1,1,0,0,31,1,6,4.07753744390572,5,5,25,653189.75,1,3,0,0,0,0,0,0,0,0,0,1,1,0,0,0,0,0,0,0,0,1,0,0,0,0,0,0,1,0,0,0,0,0,1,0,0,0,0,0,1
R0348,real_4w,3,2,2,2026-04-26 12:23:12,380000.0,Up,310000.0,310000.0,325000.0,0.0,1,0,317500.0,7500.0,310000.0,325000.0,15000.0,-15000.0,-0.046153846153846156,-15000.0,-0.046153846153846156,Stable,0,0,1,0.9763779527559056,0.023622047244094488,0,-15000.0,-0.046153846153846156,0.023622047244094488,317500.0,-0.023622047244094488,4,4,2,0,1,1,1,0,0,31,1,6,4.07753744390572,5,5,25,653189.75,1,3,0,0,0,0,0,0,0,0,0,1,1,0,0,0,0,0,0,0,0,1,0,0,0,0,0,0,1,0,0,0,0,0,1,0,0,0,0,0,1
R0348,real_4w,4,3,3,2026-04-19 12:23:12,350000.0,Stable,380000.0,380000.0,310000.0,325000.0,1,1,338333.3333333333,30092.450142112983,310000.0,380000.0,70000.0,70000.0,0.22580645161290322,70000.0,0.22580645161290322,Up,1,0,0,1.1231527093596059,0.08894320239048173,1,70000.0,0.22580645161290322,0.08894320239048173,325000.0,0.16923076923076924,4,3,2,0,0,0,1,0,0,31,1,6,4.07753744390572,5,5,25,653189.75,1,3,0,0,0,0,0,0,0,0,0,1,1,0,0,0,0,0,0,0,0,1,0,0,0,0,0,0,1,0,0,0,0,0,1,0,0,0,0,0,2
R0349,real_4w,2,1,1,2026-05-03 12:54:39,800000.0,Down,1336200.0,1336200.0,0.0,0.0,0,0,1336200.0,0.0,1336200.0,1336200.0,0.0,0.0,0.0,0.0,0.0,Stable,0,0,1,1.0,0.0,0,0.0,0.0,0.0,1336200.0,0.0,5,1,2,1,0,1,1,0,0,38,5,6,3.1780538303479458,5,9,45,653189.75,2,1,0,1,0,0,0,0,0,0,0,0,0,0,0,0,0,1,0,0,0,1,0,1,1,0,0,0,0,0,1,0,0,0,0,1,0,0,0,0,1
R0349,real_4w,3,2,2,2026-04-26 12:54:39,1040000.0,Up,800000.0,800000.0,1336200.0,0.0,1,0,1068100.0,268100.0,800000.0,1336200.0,536200.0,-536200.0,-0.401287232450232,-536200.0,-0.401287232450232,Down,0,1,0,0.748993539930718,0.2510064600692819,0,-536200.0,-0.401287232450232,0.2510064600692819,1068100.0,-0.2510064600692819,4,4,2,0,1,1,1,0,0,38,5,6,3.1780538303479458,5,9,45,653189.75,2,1,0,1,0,0,0,0,0,0,0,0,0,0,0,0,0,1,0,0,0,1,0,1,1,0,0,0,0,0,1,0,0,0,0,1,0,0,0,0,0
R0349,real_4w,4,3,3,2026-04-19 12:54:39,1330000.0,Up,1040000.0,1040000.0,800000.0,1336200.0,1,1,1058733.3333333333,219303.1590186415,800000.0,1336200.0,536200.0,240000.0,0.3,240000.0,0.3,Up,1,0,0,0.9823059001322335,0.20713729521312405,0,240000.0,0.3,0.20713729521312405,1040000.0,0.0,4,3,2,0,0,0,1,0,0,38,5,6,3.1780538303479458,5,9,45,653189.75,2,1,0,1,0,0,0,0,0,0,0,0,0,0,0,0,0,1,0,0,0,1,0,1,1,0,0,0,0,0,1,0,0,0,0,1,0,0,0,0,2
R0350,real_4w,2,1,1,2026-05-03 13:35:44,360000.0,Down,570000.0,570000.0,0.0,0.0,0,0,570000.0,0.0,570000.0,570000.0,0.0,0.0,0.0,0.0,0.0,Stable,0,0,1,1.0,0.0,0,0.0,0.0,0.0,570000.0,0.0,5,1,2,1,0,1,1,0,0,26,2,2,2.8903717578961645,5,4,20,739240.8333333334,1,4,1,0,0,0,0,0,0,0,0,0,1,0,0,0,0,0,0,0,1,1,0,0,0,1,0,0,1,0,0,0,0,0,0,0,0,1,0,0,1
R0350,real_4w,3,2,2,2026-04-26 13:35:44,1340000.0,Up,360000.0,360000.0,570000.0,0.0,1,0,465000.0,105000.0,360000.0,570000.0,210000.0,-210000.0,-0.3684210526315789,-210000.0,-0.3684210526315789,Down,0,1,0,0.7741935483870968,0.22580645161290322,0,-210000.0,-0.3684210526315789,0.22580645161290322,465000.0,-0.22580645161290322,4,4,2,0,1,1,1,0,0,26,2,2,2.8903717578961645,5,4,20,739240.8333333334,1,4,1,0,0,0,0,0,0,0,0,0,1,0,0,0,0,0,0,0,1,1,0,0,0,1,0,0,1,0,0,0,0,0,0,0,0,1,0,0,0
R0350,real_4w,4,3,3,2026-04-19 13:35:44,775000.0,Down,1340000.0,1340000.0,360000.0,570000.0,1,1,756666.6666666666,421294.3019895817,360000.0,1340000.0,980000.0,980000.0,2.7222222222222223,980000.0,2.7222222222222223,Up,1,0,0,1.7709251101321586,0.5567766105589186,1,980000.0,2.7222222222222223,0.5567766105589186,570000.0,1.3508771929824561,4,3,2,0,0,0,1,0,0,26,2,2,2.8903717578961645,5,4,20,739240.8333333334,1,4,1,0,0,0,0,0,0,0,0,0,1,0,0,0,0,0,0,0,1,1,0,0,0,1,0,0,1,0,0,0,0,0,0,0,0,1,0,0,2
R0351,real_4w,2,1,1,2026-05-03 13:39:35,250000.0,Up,190000.0,190000.0,0.0,0.0,0,0,190000.0,0.0,190000.0,190000.0,0.0,0.0,0.0,0.0,0.0,Stable,0,0,1,1.0,0.0,0,0.0,0.0,0.0,190000.0,0.0,5,1,2,1,0,1,1,0,0,30,1,3,2.833213344056216,6,6,36,518297.0,1,0,0,0,0,0,0,0,0,0,0,1,1,0,1,0,0,1,0,0,1,1,0,0,0,1,1,0,1,0,1,0,0,0,1,0,0,0,0,0,1
R0351,real_4w,3,2,2,2026-04-26 13:39:35,250000.0,Stable,250000.0,250000.0,190000.0,0.0,1,0,220000.0,30000.0,190000.0,250000.0,60000.0,60000.0,0.3157894736842105,60000.0,0.3157894736842105,Up,1,0,0,1.1363636363636365,0.13636363636363635,1,60000.0,0.3157894736842105,0.13636363636363635,220000.0,0.13636363636363635,4,4,2,0,1,1,1,0,0,30,1,3,2.833213344056216,6,6,36,518297.0,1,0,0,0,0,0,0,0,0,0,0,1,1,0,1,0,0,1,0,0,1,1,0,0,0,1,1,0,1,0,1,0,0,0,1,0,0,0,0,0,2
R0351,real_4w,4,3,3,2026-04-19 13:39:35,230000.0,Stable,250000.0,250000.0,250000.0,190000.0,1,1,230000.0,28284.2712474619,190000.0,250000.0,60000.0,0.0,0.0,0.0,0.0,Stable,0,0,1,1.0869565217391304,0.12297509238026913,1,0.0,0.0,0.12297509238026913,250000.0,0.0,4,3,2,0,0,0,1,0,0,30,1,3,2.833213344056216,6,6,36,518297.0,1,0,0,0,0,0,0,0,0,0,0,1,1,0,1,0,0,1,0,0,1,1,0,0,0,1,1,0,1,0,1,0,0,0,1,0,0,0,0,0,1
R0352,real_4w,2,1,1,2026-05-03 13:45:58,565000.0,Down,715000.0,715000.0,0.0,0.0,0,0,715000.0,0.0,715000.0,715000.0,0.0,0.0,0.0,0.0,0.0,Stable,0,0,1,1.0,0.0,0,0.0,0.0,0.0,715000.0,0.0,5,1,2,1,0,1,1,0,0,35,6,3,4.290459441148391,7,8,56,518297.0,2,2,0,0,0,0,0,0,0,0,0,1,0,1,0,0,0,1,0,0,0,1,1,0,0,0,0,0,0,0,1,1,0,1,0,0,0,0,0,0,1
R0352,real_4w,3,2,2,2026-04-26 13:45:58,500000.0,Down,565000.0,565000.0,715000.0,0.0,1,0,640000.0,75000.0,565000.0,715000.0,150000.0,-150000.0,-0.2097902097902098,-150000.0,-0.2097902097902098,Down,0,1,0,0.8828125,0.1171875,0,-150000.0,-0.2097902097902098,0.1171875,640000.0,-0.1171875,4,4,2,0,1,1,1,0,0,35,6,3,4.290459441148391,7,8,56,518297.0,2,2,0,0,0,0,0,0,0,0,0,1,0,1,0,0,0,1,0,0,0,1,1,0,0,0,0,0,0,0,1,1,0,1,0,0,0,0,0,0,0
R0352,real_4w,4,3,3,2026-04-19 13:45:58,300000.0,Down,500000.0,500000.0,565000.0,715000.0,1,1,593333.3333333334,90030.85890713004,500000.0,715000.0,215000.0,-65000.0,-0.11504424778761062,-65000.0,-0.11504424778761062,Down,0,1,0,0.8426966292134831,0.15173740265246635,0,-65000.0,-0.11504424778761062,0.15173740265246635,565000.0,-0.11504424778761062,4,3,2,0,0,0,1,0,0,35,6,3,4.290459441148391,7,8,56,518297.0,2,2,0,0,0,0,0,0,0,0,0,1,0,1,0,0,0,1,0,0,0,1,1,0,0,0,0,0,0,0,1,1,0,1,0,0,0,0,0,0,0
R0353,real_4w,2,1,1,2026-05-03 14:14:06,1060000.0,Up,290000.0,290000.0,0.0,0.0,0,0,290000.0,0.0,290000.0,290000.0,0.0,0.0,0.0,0.0,0.0,Stable,0,0,1,1.0,0.0,0,0.0,0.0,0.0,290000.0,0.0,5,1,2,1,0,1,1,0,0,24,1,4,3.091042453358316,6,7,42,442180.75,1,2,1,0,0,0,0,0,0,0,0,1,1,0,1,0,0,0,0,0,0,1,0,0,1,1,1,0,1,0,0,0,0,0,1,0,0,0,0,0,1
R0353,real_4w,3,2,2,2026-04-26 14:14:06,470000.0,Down,1060000.0,1060000.0,290000.0,0.0,1,0,675000.0,385000.0,290000.0,1060000.0,770000.0,770000.0,2.6551724137931036,770000.0,2.6551724137931036,Up,1,0,0,1.5703703703703704,0.5703703703703704,1,770000.0,2.6551724137931036,0.5703703703703704,675000.0,0.5703703703703704,4,4,2,0,1,1,1,0,0,24,1,4,3.091042453358316,6,7,42,442180.75,1,2,1,0,0,0,0,0,0,0,0,1,1,0,1,0,0,0,0,0,0,1,0,0,1,1,1,0,1,0,0,0,0,0,1,0,0,0,0,0,2
R0353,real_4w,4,3,3,2026-04-19 14:14:06,650000.0,Up,470000.0,470000.0,1060000.0,290000.0,1,1,606666.6666666666,328870.119584549,290000.0,1060000.0,770000.0,-590000.0,-0.5566037735849056,-590000.0,-0.5566037735849056,Down,0,1,0,0.7747252747252747,0.5420936037107951,0,-590000.0,-0.5566037735849056,0.5420936037107951,470000.0,0.0,4,3,2,0,0,0,1,0,0,24,1,4,3.091042453358316,6,7,42,442180.75,1,2,1,0,0,0,0,0,0,0,0,1,1,0,1,0,0,0,0,0,0,1,0,0,1,1,1,0,1,0,0,0,0,0,1,0,0,0,0,0,0
R0354,real_4w,2,1,1,2026-05-03 14:20:19,350000.0,Down,500000.0,500000.0,0.0,0.0,0,0,500000.0,0.0,500000.0,500000.0,0.0,0.0,0.0,0.0,0.0,Stable,0,0,1,1.0,0.0,0,0.0,0.0,0.0,500000.0,0.0,5,1,2,1,0,1,1,0,0,37,6,5,3.9889840465642745,4,6,24,460955.5,1,3,0,0,0,0,0,0,0,0,0,1,0,1,0,0,0,0,1,0,0,1,0,0,0,0,0,0,0,0,0,1,0,1,0,0,0,0,0,0,1
R0354,real_4w,3,2,2,2026-04-26 14:20:19,1090000.0,Up,350000.0,350000.0,500000.0,0.0,1,0,425000.0,75000.0,350000.0,500000.0,150000.0,-150000.0,-0.3,-150000.0,-0.3,Down,0,1,0,0.8235294117647058,0.17647058823529413,0,-150000.0,-0.3,0.17647058823529413,425000.0,-0.17647058823529413,4,4,2,0,1,1,1,0,0,37,6,5,3.9889840465642745,4,6,24,460955.5,1,3,0,0,0,0,0,0,0,0,0,1,0,1,0,0,0,0,1,0,0,1,0,0,0,0,0,0,0,0,0,1,0,1,0,0,0,0,0,0,0
R0354,real_4w,4,3,3,2026-04-19 14:20:19,380000.0,Down,1090000.0,1090000.0,350000.0,500000.0,1,1,646666.6666666666,319409.1767971331,350000.0,1090000.0,740000.0,740000.0,2.1142857142857143,740000.0,2.1142857142857143,Up,1,0,0,1.6855670103092784,0.49393171669659763,1,740000.0,2.1142857142857143,0.49393171669659763,500000.0,1.18,4,3,2,0,0,0,1,0,0,37,6,5,3.9889840465642745,4,6,24,460955.5,1,3,0,0,0,0,0,0,0,0,0,1,0,1,0,0,0,0,1,0,0,1,0,0,0,0,0,0,0,0,0,1,0,1,0,0,0,0,0,0,2
R0355,real_4w,2,1,1,2026-05-03 15:18:05,220000.0,Up,100000.0,100000.0,0.0,0.0,0,0,100000.0,0.0,100000.0,100000.0,0.0,0.0,0.0,0.0,0.0,Stable,0,0,1,1.0,0.0,0,0.0,0.0,0.0,100000.0,0.0,5,1,2,1,0,1,1,0,0,26,7,7,3.4339872044851463,3,4,12,559306.0,0,2,0,0,0,0,0,0,0,0,0,1,0,1,1,0,0,0,0,0,1,1,0,0,0,1,1,0,0,0,0,1,0,0,0,0,0,0,1,0,1
R0355,real_4w,3,2,2,2026-04-26 15:18:05,170000.0,Down,220000.0,220000.0,100000.0,0.0,1,0,160000.0,60000.0,100000.0,220000.0,120000.0,120000.0,1.2,120000.0,1.2,Up,1,0,0,1.375,0.375,1,120000.0,1.2,0.375,160000.0,0.375,4,4,2,0,1,1,1,0,0,26,7,7,3.4339872044851463,3,4,12,559306.0,0,2,0,0,0,0,0,0,0,0,0,1,0,1,1,0,0,0,0,0,1,1,0,0,0,1,1,0,0,0,0,1,0,0,0,0,0,0,1,0,2
R0355,real_4w,4,3,3,2026-04-19 15:18:05,100000.0,Down,170000.0,170000.0,220000.0,100000.0,1,1,163333.33333333334,49216.076867444666,100000.0,220000.0,120000.0,-50000.0,-0.22727272727272727,-50000.0,-0.22727272727272727,Down,0,1,0,1.0408163265306123,0.30132291959659996,1,-50000.0,-0.22727272727272727,0.30132291959659996,170000.0,0.0,4,3,2,0,0,0,1,0,0,26,7,7,3.4339872044851463,3,4,12,559306.0,0,2,0,0,0,0,0,0,0,0,0,1,0,1,1,0,0,0,0,0,1,1,0,0,0,1,1,0,0,0,0,1,0,0,0,0,0,0,1,0,0
R0356,real_4w,2,1,1,2026-05-03 15:29:34,335000.0,Stable,355000.0,355000.0,0.0,0.0,0,0,355000.0,0.0,355000.0,355000.0,0.0,0.0,0.0,0.0,0.0,Stable,0,0,1,1.0,0.0,0,0.0,0.0,0.0,355000.0,0.0,5,1,2,1,0,1,1,0,0,17,0,1,1.6094379124341003,5,6,30,518297.0,0,1,0,0,0,0,0,0,0,0,0,1,0,1,0,1,0,1,1,0,0,1,0,0,0,1,0,1,0,0,1,1,0,0,0,0,0,0,0,1,1
R0356,real_4w,3,2,2,2026-04-26 15:29:34,300000.0,Down,335000.0,335000.0,355000.0,0.0,1,0,345000.0,10000.0,335000.0,355000.0,20000.0,-20000.0,-0.056338028169014086,-20000.0,-0.056338028169014086,Stable,0,0,1,0.9710144927536232,0.028985507246376812,0,-20000.0,-0.056338028169014086,0.028985507246376812,345000.0,-0.028985507246376812,4,4,2,0,1,1,1,0,0,17,0,1,1.6094379124341003,5,6,30,518297.0,0,1,0,0,0,0,0,0,0,0,0,1,0,1,0,1,0,1,1,0,0,1,0,0,0,1,0,1,0,0,1,1,0,0,0,0,0,0,0,1,1
R0356,real_4w,4,3,3,2026-04-19 15:29:34,300000.0,Stable,300000.0,300000.0,335000.0,355000.0,1,1,330000.0,22730.30282830976,300000.0,355000.0,55000.0,-35000.0,-0.1044776119402985,-35000.0,-0.1044776119402985,Down,0,1,0,0.9090909090909091,0.0688797055403326,0,-35000.0,-0.1044776119402985,0.0688797055403326,335000.0,-0.1044776119402985,4,3,2,0,0,0,1,0,0,17,0,1,1.6094379124341003,5,6,30,518297.0,0,1,0,0,0,0,0,0,0,0,0,1,0,1,0,1,0,1,1,0,0,1,0,0,0,1,0,1,0,0,1,1,0,0,0,0,0,0,0,1,0
R0357,real_4w,2,1,1,2026-05-03 15:34:34,30000.0,Stable,30000.0,30000.0,0.0,0.0,0,0,30000.0,0.0,30000.0,30000.0,0.0,0.0,0.0,0.0,0.0,Stable,0,0,1,1.0,0.0,0,0.0,0.0,0.0,30000.0,0.0,5,1,2,1,0,1,1,0,0,30,2,4,2.5649493574615367,4,7,28,442180.75,0,3,1,0,0,0,0,0,0,0,0,1,1,0,1,0,0,0,0,0,1,1,0,0,1,0,1,0,1,0,0,0,0,0,0,0,0,1,0,0,1
R0357,real_4w,3,2,2,2026-04-26 15:34:34,775000.0,Up,30000.0,30000.0,30000.0,0.0,1,0,30000.0,0.0,30000.0,30000.0,0.0,0.0,0.0,0.0,0.0,Stable,0,0,1,1.0,0.0,0,0.0,0.0,0.0,30000.0,0.0,4,4,2,0,1,1,1,0,0,30,2,4,2.5649493574615367,4,7,28,442180.75,0,3,1,0,0,0,0,0,0,0,0,1,1,0,1,0,0,0,0,0,1,1,0,0,1,0,1,0,1,0,0,0,0,0,0,0,0,1,0,0,1
R0357,real_4w,4,3,3,2026-04-19 15:34:34,25000.0,Down,775000.0,775000.0,30000.0,30000.0,1,1,278333.3333333333,351196.3679893186,30000.0,775000.0,745000.0,745000.0,24.833333333333332,745000.0,24.833333333333332,Up,1,0,0,2.784431137724551,1.2617833580454563,1,745000.0,24.833333333333332,1.2617833580454563,30000.0,24.833333333333332,4,3,2,0,0,0,1,0,0,30,2,4,2.5649493574615367,4,7,28,442180.75,0,3,1,0,0,0,0,0,0,0,0,1,1,0,1,0,0,0,0,0,1,1,0,0,1,0,1,0,1,0,0,0,0,0,0,0,0,1,0,0,2
R0358,real_4w,2,1,1,2026-05-03 15:42:30,25000.0,Stable,25000.0,25000.0,0.0,0.0,0,0,25000.0,0.0,25000.0,25000.0,0.0,0.0,0.0,0.0,0.0,Stable,0,0,1,1.0,0.0,0,0.0,0.0,0.0,25000.0,0.0,5,1,2,1,0,1,1,0,0,25,2,4,3.4657359027997265,3,9,27,442180.75,1,4,1,0,0,0,0,0,0,0,0,0,1,0,1,0,0,0,0,0,0,1,0,0,0,0,1,0,1,0,0,0,0,0,0,0,0,1,0,0,1
R0358,real_4w,3,2,2,2026-04-26 15:42:30,30000.0,Up,25000.0,25000.0,25000.0,0.0,1,0,25000.0,0.0,25000.0,25000.0,0.0,0.0,0.0,0.0,0.0,Stable,0,0,1,1.0,0.0,0,0.0,0.0,0.0,25000.0,0.0,4,4,2,0,1,1,1,0,0,25,2,4,3.4657359027997265,3,9,27,442180.75,1,4,1,0,0,0,0,0,0,0,0,0,1,0,1,0,0,0,0,0,0,1,0,0,0,0,1,0,1,0,0,0,0,0,0,0,0,1,0,0,1
R0358,real_4w,4,3,3,2026-04-19 15:42:30,650000.0,Up,30000.0,30000.0,25000.0,25000.0,1,1,26666.666666666668,2357.0226039551585,25000.0,30000.0,5000.0,5000.0,0.2,5000.0,0.2,Up,1,0,0,1.125,0.08838834764831845,1,5000.0,0.2,0.08838834764831845,25000.0,0.2,4,3,2,0,0,0,1,0,0,25,2,4,3.4657359027997265,3,9,27,442180.75,1,4,1,0,0,0,0,0,0,0,0,0,1,0,1,0,0,0,0,0,0,1,0,0,0,0,1,0,1,0,0,0,0,0,0,0,0,1,0,0,2
R0359,real_4w,2,1,1,2026-05-03 16:39:03,675000.0,Stable,675000.0,675000.0,0.0,0.0,0,0,675000.0,0.0,675000.0,675000.0,0.0,0.0,0.0,0.0,0.0,Stable,0,0,1,1.0,0.0,0,0.0,0.0,0.0,675000.0,0.0,5,1,2,1,0,1,1,0,0,34,4,2,3.1354942159291497,7,10,70,739240.8333333334,1,4,0,0,1,0,0,1,0,0,0,0,0,0,1,1,1,0,0,1,0,1,0,1,0,0,1,1,0,1,0,0,0,0,0,0,1,0,0,0,1
R0359,real_4w,3,2,2,2026-04-26 16:39:03,1350000.0,Up,675000.0,675000.0,675000.0,0.0,1,0,675000.0,0.0,675000.0,675000.0,0.0,0.0,0.0,0.0,0.0,Stable,0,0,1,1.0,0.0,0,0.0,0.0,0.0,675000.0,0.0,4,4,2,0,1,1,1,0,0,34,4,2,3.1354942159291497,7,10,70,739240.8333333334,1,4,0,0,1,0,0,1,0,0,0,0,0,0,1,1,1,0,0,1,0,1,0,1,0,0,1,1,0,1,0,0,0,0,0,0,1,0,0,0,1
R0359,real_4w,4,3,3,2026-04-19 16:39:03,575000.0,Down,1350000.0,1350000.0,675000.0,675000.0,1,1,900000.0,318198.05153394636,675000.0,1350000.0,675000.0,675000.0,1.0,675000.0,1.0,Up,1,0,0,1.5,0.35355339059327373,1,675000.0,1.0,0.35355339059327373,675000.0,1.0,4,3,2,0,0,0,1,0,0,34,4,2,3.1354942159291497,7,10,70,739240.8333333334,1,4,0,0,1,0,0,1,0,0,0,0,0,0,1,1,1,0,0,1,0,1,0,1,0,0,1,1,0,1,0,0,0,0,0,0,1,0,0,0,2
R0360,real_4w,2,1,1,2026-05-03 16:53:12,420000.0,Stable,445000.0,445000.0,0.0,0.0,0,0,445000.0,0.0,445000.0,445000.0,0.0,0.0,0.0,0.0,0.0,Stable,0,0,1,1.0,0.0,0,0.0,0.0,0.0,445000.0,0.0,5,1,2,1,0,1,1,0,0,31,2,4,3.6109179126442243,5,7,35,442180.75,0,4,1,0,0,0,0,0,0,0,0,0,1,0,1,0,0,0,0,0,0,1,0,0,0,0,1,0,1,0,0,0,0,0,0,0,0,1,0,0,1
R0360,real_4w,3,2,2,2026-04-26 16:53:12,395000.0,Stable,420000.0,420000.0,445000.0,0.0,1,0,432500.0,12500.0,420000.0,445000.0,25000.0,-25000.0,-0.056179775280898875,-25000.0,-0.056179775280898875,Stable,0,0,1,0.9710982658959537,0.028901734104046242,0,-25000.0,-0.056179775280898875,0.028901734104046242,432500.0,-0.028901734104046242,4,4,2,0,1,1,1,0,0,31,2,4,3.6109179126442243,5,7,35,442180.75,0,4,1,0,0,0,0,0,0,0,0,0,1,0,1,0,0,0,0,0,0,1,0,0,0,0,1,0,1,0,0,0,0,0,0,0,0,1,0,0,1
R0360,real_4w,4,3,3,2026-04-19 16:53:12,575000.0,Up,395000.0,395000.0,420000.0,445000.0,1,1,420000.0,20412.41452319315,395000.0,445000.0,50000.0,-25000.0,-0.05952380952380952,-25000.0,-0.05952380952380952,Stable,0,0,1,0.9404761904761905,0.048600986959983696,0,-25000.0,-0.05952380952380952,0.048600986959983696,420000.0,-0.05952380952380952,4,3,2,0,0,0,1,0,0,31,2,4,3.6109179126442243,5,7,35,442180.75,0,4,1,0,0,0,0,0,0,0,0,0,1,0,1,0,0,0,0,0,0,1,0,0,0,0,1,0,1,0,0,0,0,0,0,0,0,1,0,0,1
R0361,real_4w,2,1,1,2026-05-03 16:53:31,75000.0,Down,90000.0,90000.0,0.0,0.0,0,0,90000.0,0.0,90000.0,90000.0,0.0,0.0,0.0,0.0,0.0,Stable,0,0,1,1.0,0.0,0,0.0,0.0,0.0,90000.0,0.0,5,1,2,1,0,1,1,0,0,21,1,7,4.418840607796598,4,4,16,559306.0,0,4,1,0,0,0,0,0,0,0,0,0,1,0,0,0,0,0,0,0,1,1,0,0,1,0,0,0,1,0,0,0,0,0,1,0,0,0,0,0,1
R0361,real_4w,3,2,2,2026-04-26 16:53:31,80000.0,Stable,75000.0,75000.0,90000.0,0.0,1,0,82500.0,7500.0,75000.0,90000.0,15000.0,-15000.0,-0.16666666666666666,-15000.0,-0.16666666666666666,Down,0,1,0,0.9090909090909091,0.09090909090909091,0,-15000.0,-0.16666666666666666,0.09090909090909091,82500.0,-0.09090909090909091,4,4,2,0,1,1,1,0,0,21,1,7,4.418840607796598,4,4,16,559306.0,0,4,1,0,0,0,0,0,0,0,0,0,1,0,0,0,0,0,0,0,1,1,0,0,1,0,0,0,1,0,0,0,0,0,1,0,0,0,0,0,0
R0361,real_4w,4,3,3,2026-04-19 16:53:31,80000.0,Stable,80000.0,80000.0,75000.0,90000.0,1,1,81666.66666666667,6236.095644623236,75000.0,90000.0,15000.0,5000.0,0.06666666666666667,5000.0,0.06666666666666667,Stable,0,0,1,0.9795918367346939,0.07636035483212125,0,5000.0,0.06666666666666667,0.07636035483212125,80000.0,0.0,4,3,2,0,0,0,1,0,0,21,1,7,4.418840607796598,4,4,16,559306.0,0,4,1,0,0,0,0,0,0,0,0,0,1,0,0,0,0,0,0,0,1,1,0,0,1,0,0,0,1,0,0,0,0,0,1,0,0,0,0,0,1
R0362,real_4w,2,1,1,2026-05-03 17:29:39,540000.0,Down,625000.0,625000.0,0.0,0.0,0,0,625000.0,0.0,625000.0,625000.0,0.0,0.0,0.0,0.0,0.0,Stable,0,0,1,1.0,0.0,0,0.0,0.0,0.0,625000.0,0.0,5,1,2,1,0,1,1,0,0,48,6,5,3.8918202981106265,7,9,63,460955.5,2,4,0,0,0,0,0,0,0,0,0,1,0,0,0,0,0,1,0,0,1,1,1,0,0,0,0,0,0,0,1,0,0,1,0,0,0,0,0,0,1
R0362,real_4w,3,2,2,2026-04-26 17:29:39,500000.0,Stable,540000.0,540000.0,625000.0,0.0,1,0,582500.0,42500.0,540000.0,625000.0,85000.0,-85000.0,-0.136,-85000.0,-0.136,Down,0,1,0,0.927038626609442,0.07296137339055794,0,-85000.0,-0.136,0.07296137339055794,582500.0,-0.07296137339055794,4,4,2,0,1,1,1,0,0,48,6,5,3.8918202981106265,7,9,63,460955.5,2,4,0,0,0,0,0,0,0,0,0,1,0,0,0,0,0,1,0,0,1,1,1,0,0,0,0,0,0,0,1,0,0,1,0,0,0,0,0,0,0
R0362,real_4w,4,3,3,2026-04-19 17:29:39,505000.0,Stable,500000.0,500000.0,540000.0,625000.0,1,1,555000.0,52121.652570372964,500000.0,625000.0,125000.0,-40000.0,-0.07407407407407407,-40000.0,-0.07407407407407407,Stable,0,0,1,0.9009009009009009,0.09391288751418551,0,-40000.0,-0.07407407407407407,0.09391288751418551,540000.0,-0.07407407407407407,4,3,2,0,0,0,1,0,0,48,6,5,3.8918202981106265,7,9,63,460955.5,2,4,0,0,0,0,0,0,0,0,0,1,0,0,0,0,0,1,0,0,1,1,1,0,0,0,0,0,0,0,1,0,0,1,0,0,0,0,0,0,1
R0363,real_4w,2,1,1,2026-05-03 17:36:24,555000.0,Up,380000.0,380000.0,0.0,0.0,0,0,380000.0,0.0,380000.0,380000.0,0.0,0.0,0.0,0.0,0.0,Stable,0,0,1,1.0,0.0,0,0.0,0.0,0.0,380000.0,0.0,5,1,2,1,0,1,1,0,0,34,3,6,2.1972245773362196,4,5,20,653189.75,0,0,0,0,0,0,0,0,0,0,0,1,0,0,1,0,1,0,1,0,0,1,0,0,0,0,1,0,0,1,0,0,1,0,0,0,0,0,0,0,1
R0363,real_4w,3,2,2,2026-04-26 17:36:24,520000.0,Stable,555000.0,555000.0,380000.0,0.0,1,0,467500.0,87500.0,380000.0,555000.0,175000.0,175000.0,0.4605263157894737,175000.0,0.4605263157894737,Up,1,0,0,1.1871657754010696,0.18716577540106952,1,175000.0,0.4605263157894737,0.18716577540106952,467500.0,0.18716577540106952,4,4,2,0,1,1,1,0,0,34,3,6,2.1972245773362196,4,5,20,653189.75,0,0,0,0,0,0,0,0,0,0,0,1,0,0,1,0,1,0,1,0,0,1,0,0,0,0,1,0,0,1,0,0,1,0,0,0,0,0,0,0,2
R0363,real_4w,4,3,3,2026-04-19 17:36:24,350000.0,Down,520000.0,520000.0,555000.0,380000.0,1,1,485000.0,75608.64148142503,380000.0,555000.0,175000.0,-35000.0,-0.06306306306306306,-35000.0,-0.06306306306306306,Stable,0,0,1,1.0721649484536082,0.15589410614726812,1,-35000.0,-0.06306306306306306,0.15589410614726812,520000.0,0.0,4,3,2,0,0,0,1,0,0,34,3,6,2.1972245773362196,4,5,20,653189.75,0,0,0,0,0,0,0,0,0,0,0,1,0,0,1,0,1,0,1,0,0,1,0,0,0,0,1,0,0,1,0,0,1,0,0,0,0,0,0,0,1
R0364,real_4w,2,1,1,2026-05-03 17:43:06,700000.0,Down,1000000.0,1000000.0,0.0,0.0,0,0,1000000.0,0.0,1000000.0,1000000.0,0.0,0.0,0.0,0.0,0.0,Stable,0,0,1,1.0,0.0,0,0.0,0.0,0.0,1000000.0,0.0,5,1,2,1,0,1,1,0,0,30,4,7,1.0986122886681096,7,11,77,559306.0,2,1,0,0,0,0,0,1,0,0,0,0,0,0,1,0,1,0,0,1,0,1,0,1,0,0,1,0,0,1,0,0,0,0,0,0,1,0,0,0,1
R0364,real_4w,3,2,2,2026-04-26 17:43:06,540000.0,Down,700000.0,700000.0,1000000.0,0.0,1,0,850000.0,150000.0,700000.0,1000000.0,300000.0,-300000.0,-0.3,-300000.0,-0.3,Down,0,1,0,0.8235294117647058,0.17647058823529413,0,-300000.0,-0.3,0.17647058823529413,850000.0,-0.17647058823529413,4,4,2,0,1,1,1,0,0,30,4,7,1.0986122886681096,7,11,77,559306.0,2,1,0,0,0,0,0,1,0,0,0,0,0,0,1,0,1,0,0,1,0,1,0,1,0,0,1,0,0,1,0,0,0,0,0,0,1,0,0,0,0
R0364,real_4w,4,3,3,2026-04-19 17:43:06,420000.0,Down,540000.0,540000.0,700000.0,1000000.0,1,1,746666.6666666666,190671.32861433455,540000.0,1000000.0,460000.0,-160000.0,-0.22857142857142856,-160000.0,-0.22857142857142856,Down,0,1,0,0.7232142857142857,0.2553633865370552,0,-160000.0,-0.22857142857142856,0.2553633865370552,700000.0,-0.22857142857142856,4,3,2,0,0,0,1,0,0,30,4,7,1.0986122886681096,7,11,77,559306.0,2,1,0,0,0,0,0,1,0,0,0,0,0,0,1,0,1,0,0,1,0,1,0,1,0,0,1,0,0,1,0,0,0,0,0,0,1,0,0,0,0
R0365,real_4w,2,1,1,2026-05-03 18:07:11,200000.0,Stable,220000.0,220000.0,0.0,0.0,0,0,220000.0,0.0,220000.0,220000.0,0.0,0.0,0.0,0.0,0.0,Stable,0,0,1,1.0,0.0,0,0.0,0.0,0.0,220000.0,0.0,5,1,2,1,0,1,1,0,0,30,6,2,4.02535169073515,6,8,48,739240.8333333334,0,1,0,0,0,0,0,0,0,0,0,1,0,0,1,0,0,1,1,0,0,1,0,0,0,0,1,0,0,0,1,0,0,1,0,0,0,0,0,0,1
R0365,real_4w,3,2,2,2026-04-26 18:07:11,210000.0,Stable,200000.0,200000.0,220000.0,0.0,1,0,210000.0,10000.0,200000.0,220000.0,20000.0,-20000.0,-0.09090909090909091,-20000.0,-0.09090909090909091,Stable,0,0,1,0.9523809523809523,0.047619047619047616,0,-20000.0,-0.09090909090909091,0.047619047619047616,210000.0,-0.047619047619047616,4,4,2,0,1,1,1,0,0,30,6,2,4.02535169073515,6,8,48,739240.8333333334,0,1,0,0,0,0,0,0,0,0,0,1,0,0,1,0,0,1,1,0,0,1,0,0,0,0,1,0,0,0,1,0,0,1,0,0,0,0,0,0,1
R0365,real_4w,4,3,3,2026-04-19 18:07:11,210000.0,Stable,210000.0,210000.0,200000.0,220000.0,1,1,210000.0,8164.96580927726,200000.0,220000.0,20000.0,10000.0,0.05,10000.0,0.05,Stable,0,0,1,1.0,0.03888078956798695,0,10000.0,0.05,0.03888078956798695,210000.0,0.0,4,3,2,0,0,0,1,0,0,30,6,2,4.02535169073515,6,8,48,739240.8333333334,0,1,0,0,0,0,0,0,0,0,0,1,0,0,1,0,0,1,1,0,0,1,0,0,0,0,1,0,0,0,1,0,0,1,0,0,0,0,0,0,1
R0366,real_4w,2,1,1,2026-05-03 18:10:24,320000.0,Down,470000.0,470000.0,0.0,0.0,0,0,470000.0,0.0,470000.0,470000.0,0.0,0.0,0.0,0.0,0.0,Stable,0,0,1,1.0,0.0,0,0.0,0.0,0.0,470000.0,0.0,5,1,2,1,0,1,1,0,0,31,4,0,4.189654742026425,7,11,77,548095.6666666666,2,4,0,0,0,0,0,0,0,0,0,1,0,1,1,0,1,0,0,0,0,1,0,0,0,0,1,0,0,1,0,1,0,0,0,0,1,0,0,0,1
R0366,real_4w,3,2,2,2026-04-26 18:10:24,475000.0,Up,320000.0,320000.0,470000.0,0.0,1,0,395000.0,75000.0,320000.0,470000.0,150000.0,-150000.0,-0.3191489361702128,-150000.0,-0.3191489361702128,Down,0,1,0,0.810126582278481,0.189873417721519,0,-150000.0,-0.3191489361702128,0.189873417721519,395000.0,-0.189873417721519,4,4,2,0,1,1,1,0,0,31,4,0,4.189654742026425,7,11,77,548095.6666666666,2,4,0,0,0,0,0,0,0,0,0,1,0,1,1,0,1,0,0,0,0,1,0,0,0,0,1,0,0,1,0,1,0,0,0,0,1,0,0,0,0
R0366,real_4w,4,3,3,2026-04-19 18:10:24,520000.0,Stable,475000.0,475000.0,320000.0,470000.0,1,1,421666.6666666667,71918.1633679714,320000.0,475000.0,155000.0,155000.0,0.484375,155000.0,0.484375,Up,1,0,0,1.1264822134387351,0.1705569091730547,1,155000.0,0.484375,0.1705569091730547,470000.0,0.010638297872340425,4,3,2,0,0,0,1,0,0,31,4,0,4.189654742026425,7,11,77,548095.6666666666,2,4,0,0,0,0,0,0,0,0,0,1,0,1,1,0,1,0,0,0,0,1,0,0,0,0,1,0,0,1,0,1,0,0,0,0,1,0,0,0,2
R0367,real_4w,2,1,1,2026-05-03 18:21:32,75000.0,Down,110000.0,110000.0,0.0,0.0,0,0,110000.0,0.0,110000.0,110000.0,0.0,0.0,0.0,0.0,0.0,Stable,0,0,1,1.0,0.0,0,0.0,0.0,0.0,110000.0,0.0,5,1,2,1,0,1,1,0,0,20,0,2,2.9444389791664403,5,3,15,739240.8333333334,0,1,0,0,0,0,0,1,1,1,0,1,0,1,0,1,0,0,0,0,0,1,0,0,0,1,0,1,0,0,0,1,0,0,0,0,0,0,0,1,1
R0367,real_4w,3,2,2,2026-04-26 18:21:32,100000.0,Up,75000.0,75000.0,110000.0,0.0,1,0,92500.0,17500.0,75000.0,110000.0,35000.0,-35000.0,-0.3181818181818182,-35000.0,-0.3181818181818182,Down,0,1,0,0.8108108108108109,0.1891891891891892,0,-35000.0,-0.3181818181818182,0.1891891891891892,92500.0,-0.1891891891891892,4,4,2,0,1,1,1,0,0,20,0,2,2.9444389791664403,5,3,15,739240.8333333334,0,1,0,0,0,0,0,1,1,1,0,1,0,1,0,1,0,0,0,0,0,1,0,0,0,1,0,1,0,0,0,1,0,0,0,0,0,0,0,1,0
R0367,real_4w,4,3,3,2026-04-19 18:21:32,50000.0,Down,100000.0,100000.0,75000.0,110000.0,1,1,95000.0,14719.601443879745,75000.0,110000.0,35000.0,25000.0,0.3333333333333333,25000.0,0.3333333333333333,Up,1,0,0,1.0526315789473684,0.154943173093471,1,25000.0,0.3333333333333333,0.154943173093471,100000.0,0.0,4,3,2,0,0,0,1,0,0,20,0,2,2.9444389791664403,5,3,15,739240.8333333334,0,1,0,0,0,0,0,1,1,1,0,1,0,1,0,1,0,0,0,0,0,1,0,0,0,1,0,1,0,0,0,1,0,0,0,0,0,0,0,1,2
R0368,real_4w,2,1,1,2026-05-03 18:42:13,310000.0,Down,725000.0,725000.0,0.0,0.0,0,0,725000.0,0.0,725000.0,725000.0,0.0,0.0,0.0,0.0,0.0,Stable,0,0,1,1.0,0.0,0,0.0,0.0,0.0,725000.0,0.0,5,1,2,1,0,1,1,0,0,29,6,0,4.007333185232471,3,5,15,548095.6666666666,1,1,0,0,0,0,0,0,0,0,0,1,0,1,0,0,0,1,0,0,0,1,1,0,0,0,0,0,0,0,1,1,0,1,0,0,0,0,0,0,1
R0368,real_4w,3,2,2,2026-04-26 18:42:13,725000.0,Up,310000.0,310000.0,725000.0,0.0,1,0,517500.0,207500.0,310000.0,725000.0,415000.0,-415000.0,-0.5724137931034483,-415000.0,-0.5724137931034483,Down,0,1,0,0.5990338164251208,0.40096618357487923,0,-415000.0,-0.5724137931034483,0.40096618357487923,517500.0,-0.40096618357487923,4,4,2,0,1,1,1,0,0,29,6,0,4.007333185232471,3,5,15,548095.6666666666,1,1,0,0,0,0,0,0,0,0,0,1,0,1,0,0,0,1,0,0,0,1,1,0,0,0,0,0,0,0,1,1,0,1,0,0,0,0,0,0,0
R0368,real_4w,4,3,3,2026-04-19 18:42:13,250000.0,Down,725000.0,725000.0,310000.0,725000.0,1,1,586666.6666666666,195632.87612827815,310000.0,725000.0,415000.0,415000.0,1.3387096774193548,415000.0,1.3387096774193548,Up,1,0,0,1.2357954545454546,0.3334651297641105,1,415000.0,1.3387096774193548,0.3334651297641105,725000.0,0.0,4,3,2,0,0,0,1,0,0,29,6,0,4.007333185232471,3,5,15,548095.6666666666,1,1,0,0,0,0,0,0,0,0,0,1,0,1,0,0,0,1,0,0,0,1,1,0,0,0,0,0,0,0,1,1,0,1,0,0,0,0,0,0,2
R0369,real_4w,2,1,1,2026-05-03 18:48:04,450000.0,Down,525000.0,525000.0,0.0,0.0,0,0,525000.0,0.0,525000.0,525000.0,0.0,0.0,0.0,0.0,0.0,Stable,0,0,1,1.0,0.0,0,0.0,0.0,0.0,525000.0,0.0,5,1,2,1,0,1,1,0,0,43,3,2,2.70805020110221,6,8,48,739240.8333333334,2,4,0,0,0,1,0,0,1,0,0,1,0,0,0,0,1,0,0,0,0,1,0,0,0,0,0,0,0,1,0,0,1,0,0,0,0,0,0,0,1
R0369,real_4w,3,2,2,2026-04-26 18:48:04,665000.0,Up,450000.0,450000.0,525000.0,0.0,1,0,487500.0,37500.0,450000.0,525000.0,75000.0,-75000.0,-0.14285714285714285,-75000.0,-0.14285714285714285,Down,0,1,0,0.9230769230769231,0.07692307692307693,0,-75000.0,-0.14285714285714285,0.07692307692307693,487500.0,-0.07692307692307693,4,4,2,0,1,1,1,0,0,43,3,2,2.70805020110221,6,8,48,739240.8333333334,2,4,0,0,0,1,0,0,1,0,0,1,0,0,0,0,1,0,0,0,0,1,0,0,0,0,0,0,0,1,0,0,1,0,0,0,0,0,0,0,0
R0369,real_4w,4,3,3,2026-04-19 18:48:04,650000.0,Stable,665000.0,665000.0,450000.0,525000.0,1,1,546666.6666666666,89100.44269749106,450000.0,665000.0,215000.0,215000.0,0.4777777777777778,215000.0,0.4777777777777778,Up,1,0,0,1.2164634146341464,0.16298861469053244,1,215000.0,0.4777777777777778,0.16298861469053244,525000.0,0.26666666666666666,4,3,2,0,0,0,1,0,0,43,3,2,2.70805020110221,6,8,48,739240.8333333334,2,4,0,0,0,1,0,0,1,0,0,1,0,0,0,0,1,0,0,0,0,1,0,0,0,0,0,0,0,1,0,0,1,0,0,0,0,0,0,0,2
R0370,real_4w,2,1,1,2026-05-03 18:48:28,200000.0,Stable,205000.0,205000.0,0.0,0.0,0,0,205000.0,0.0,205000.0,205000.0,0.0,0.0,0.0,0.0,0.0,Stable,0,0,1,1.0,0.0,0,0.0,0.0,0.0,205000.0,0.0,5,1,2,1,0,1,1,0,0,22,7,1,3.044522437723423,3,3,9,518297.0,0,2,0,0,0,0,0,0,0,0,0,1,0,0,1,0,0,0,0,0,1,1,1,0,0,0,1,0,0,0,0,0,0,0,0,0,0,0,1,0,1
R0370,real_4w,3,2,2,2026-04-26 18:48:28,200000.0,Stable,200000.0,200000.0,205000.0,0.0,1,0,202500.0,2500.0,200000.0,205000.0,5000.0,-5000.0,-0.024390243902439025,-5000.0,-0.024390243902439025,Stable,0,0,1,0.9876543209876543,0.012345679012345678,0,-5000.0,-0.024390243902439025,0.012345679012345678,202500.0,-0.012345679012345678,4,4,2,0,1,1,1,0,0,22,7,1,3.044522437723423,3,3,9,518297.0,0,2,0,0,0,0,0,0,0,0,0,1,0,0,1,0,0,0,0,0,1,1,1,0,0,0,1,0,0,0,0,0,0,0,0,0,0,0,1,0,1
R0370,real_4w,4,3,3,2026-04-19 18:48:28,6800.0,Down,200000.0,200000.0,200000.0,205000.0,1,1,201666.66666666666,2357.0226039551585,200000.0,205000.0,5000.0,0.0,0.0,0.0,0.0,Stable,0,0,1,0.9917355371900827,0.011687715391513183,0,0.0,0.0,0.011687715391513183,200000.0,0.0,4,3,2,0,0,0,1,0,0,22,7,1,3.044522437723423,3,3,9,518297.0,0,2,0,0,0,0,0,0,0,0,0,1,0,0,1,0,0,0,0,0,1,1,1,0,0,0,1,0,0,0,0,0,0,0,0,0,0,0,1,0,1
R0371,real_4w,2,1,1,2026-05-03 19:09:46,125000.0,Down,570000.0,570000.0,0.0,0.0,0,0,570000.0,0.0,570000.0,570000.0,0.0,0.0,0.0,0.0,0.0,Stable,0,0,1,1.0,0.0,0,0.0,0.0,0.0,570000.0,0.0,5,1,2,1,0,1,1,0,0,21,1,2,1.6094379124341003,3,4,12,739240.8333333334,2,1,1,0,0,0,0,0,0,0,0,0,1,0,1,0,0,0,0,0,0,1,0,0,1,1,1,0,1,0,0,0,0,0,1,0,0,0,0,0,1
R0371,real_4w,3,2,2,2026-04-26 19:09:46,475000.0,Up,125000.0,125000.0,570000.0,0.0,1,0,347500.0,222500.0,125000.0,570000.0,445000.0,-445000.0,-0.7807017543859649,-445000.0,-0.7807017543859649,Down,0,1,0,0.3597122302158273,0.6402877697841727,0,-445000.0,-0.7807017543859649,0.6402877697841727,347500.0,-0.6402877697841727,4,4,2,0,1,1,1,0,0,21,1,2,1.6094379124341003,3,4,12,739240.8333333334,2,1,1,0,0,0,0,0,0,0,0,0,1,0,1,0,0,0,0,0,0,1,0,0,1,1,1,0,1,0,0,0,0,0,1,0,0,0,0,0,0
R0371,real_4w,4,3,3,2026-04-19 19:09:46,375000.0,Down,475000.0,475000.0,125000.0,570000.0,1,1,390000.0,191354.8187704367,125000.0,570000.0,445000.0,350000.0,2.8,350000.0,2.8,Up,1,0,0,1.2179487179487178,0.4906533814626582,1,350000.0,2.8,0.4906533814626582,475000.0,0.0,4,3,2,0,0,0,1,0,0,21,1,2,1.6094379124341003,3,4,12,739240.8333333334,2,1,1,0,0,0,0,0,0,0,0,0,1,0,1,0,0,0,0,0,0,1,0,0,1,1,1,0,1,0,0,0,0,0,1,0,0,0,0,0,2
R0372,real_4w,2,1,1,2026-05-03 19:36:49,275000.0,Down,325000.0,325000.0,0.0,0.0,0,0,325000.0,0.0,325000.0,325000.0,0.0,0.0,0.0,0.0,0.0,Stable,0,0,1,1.0,0.0,0,0.0,0.0,0.0,325000.0,0.0,5,1,2,1,0,1,1,0,0,23,1,5,3.7612001156935624,5,5,25,460955.5,0,2,1,0,0,1,0,0,1,0,0,0,1,0,1,0,0,0,0,0,0,1,0,0,0,1,1,0,1,0,0,0,0,0,1,0,0,0,0,0,1
R0372,real_4w,3,2,2,2026-04-26 19:36:49,220000.0,Down,275000.0,275000.0,325000.0,0.0,1,0,300000.0,25000.0,275000.0,325000.0,50000.0,-50000.0,-0.15384615384615385,-50000.0,-0.15384615384615385,Down,0,1,0,0.9166666666666666,0.08333333333333333,0,-50000.0,-0.15384615384615385,0.08333333333333333,300000.0,-0.08333333333333333,4,4,2,0,1,1,1,0,0,23,1,5,3.7612001156935624,5,5,25,460955.5,0,2,1,0,0,1,0,0,1,0,0,0,1,0,1,0,0,0,0,0,0,1,0,0,0,1,1,0,1,0,0,0,0,0,1,0,0,0,0,0,0
R0372,real_4w,4,3,3,2026-04-19 19:36:49,200000.0,Stable,220000.0,220000.0,275000.0,325000.0,1,1,273333.3333333333,42882.26776756202,220000.0,325000.0,105000.0,-55000.0,-0.2,-55000.0,-0.2,Down,0,1,0,0.8048780487804879,0.15688634549108058,0,-55000.0,-0.2,0.15688634549108058,275000.0,-0.2,4,3,2,0,0,0,1,0,0,23,1,5,3.7612001156935624,5,5,25,460955.5,0,2,1,0,0,1,0,0,1,0,0,0,1,0,1,0,0,0,0,0,0,1,0,0,0,1,1,0,1,0,0,0,0,0,1,0,0,0,0,0,0
R0373,real_4w,2,1,1,2026-05-03 20:19:30,510000.0,Stable,550000.0,550000.0,0.0,0.0,0,0,550000.0,0.0,550000.0,550000.0,0.0,0.0,0.0,0.0,0.0,Stable,0,0,1,1.0,0.0,0,0.0,0.0,0.0,550000.0,0.0,5,1,2,1,0,1,1,0,0,25,0,1,3.8066624897703196,5,6,30,518297.0,0,4,0,0,0,1,0,1,1,1,0,0,0,0,0,1,0,1,1,0,0,1,0,1,0,0,0,1,0,0,1,0,0,0,0,0,0,0,0,1,1
R0373,real_4w,3,2,2,2026-04-26 20:19:30,300000.0,Down,510000.0,510000.0,550000.0,0.0,1,0,530000.0,20000.0,510000.0,550000.0,40000.0,-40000.0,-0.07272727272727272,-40000.0,-0.07272727272727272,Stable,0,0,1,0.9622641509433962,0.03773584905660377,0,-40000.0,-0.07272727272727272,0.03773584905660377,530000.0,-0.03773584905660377,4,4,2,0,1,1,1,0,0,25,0,1,3.8066624897703196,5,6,30,518297.0,0,4,0,0,0,1,0,1,1,1,0,0,0,0,0,1,0,1,1,0,0,1,0,1,0,0,0,1,0,0,1,0,0,0,0,0,0,0,0,1,1
R0373,real_4w,4,3,3,2026-04-19 20:19:30,200000.0,Down,300000.0,300000.0,510000.0,550000.0,1,1,453333.3333333333,109645.89468932351,300000.0,550000.0,250000.0,-210000.0,-0.4117647058823529,-210000.0,-0.4117647058823529,Down,0,1,0,0.6617647058823529,0.2418659441676254,0,-210000.0,-0.4117647058823529,0.2418659441676254,510000.0,-0.4117647058823529,4,3,2,0,0,0,1,0,0,25,0,1,3.8066624897703196,5,6,30,518297.0,0,4,0,0,0,1,0,1,1,1,0,0,0,0,0,1,0,1,1,0,0,1,0,1,0,0,0,1,0,0,1,0,0,0,0,0,0,0,0,1,0
R0374,real_4w,2,1,1,2026-05-03 20:23:09,625000.0,Stable,615000.0,615000.0,0.0,0.0,0,0,615000.0,0.0,615000.0,615000.0,0.0,0.0,0.0,0.0,0.0,Stable,0,0,1,1.0,0.0,0,0.0,0.0,0.0,615000.0,0.0,5,1,2,1,0,1,1,0,0,31,5,5,4.3694478524670215,5,7,35,460955.5,2,4,0,0,1,0,0,0,0,0,0,0,0,0,1,0,0,0,0,1,0,1,0,0,1,0,1,0,0,0,0,0,0,0,0,1,0,0,0,0,1
R0374,real_4w,3,2,2,2026-04-26 20:23:09,590000.0,Stable,625000.0,625000.0,615000.0,0.0,1,0,620000.0,5000.0,615000.0,625000.0,10000.0,10000.0,0.016260162601626018,10000.0,0.016260162601626018,Stable,0,0,1,1.0080645161290323,0.008064516129032258,1,10000.0,0.016260162601626018,0.008064516129032258,620000.0,0.008064516129032258,4,4,2,0,1,1,1,0,0,31,5,5,4.3694478524670215,5,7,35,460955.5,2,4,0,0,1,0,0,0,0,0,0,0,0,0,1,0,0,0,0,1,0,1,0,0,1,0,1,0,0,0,0,0,0,0,0,1,0,0,0,0,1
R0374,real_4w,4,3,3,2026-04-19 20:23:09,630000.0,Stable,590000.0,590000.0,625000.0,615000.0,1,1,610000.0,14719.601443879745,590000.0,625000.0,35000.0,-35000.0,-0.056,-35000.0,-0.056,Stable,0,0,1,0.9672131147540983,0.024130494170294663,0,-35000.0,-0.056,0.024130494170294663,615000.0,-0.04065040650406504,4,3,2,0,0,0,1,0,0,31,5,5,4.3694478524670215,5,7,35,460955.5,2,4,0,0,1,0,0,0,0,0,0,0,0,0,1,0,0,0,0,1,0,1,0,0,1,0,1,0,0,0,0,0,0,0,0,1,0,0,0,0,1
R0375,real_4w,2,1,1,2026-05-03 20:33:41,75000.0,Up,18400.0,18400.0,0.0,0.0,0,0,18400.0,0.0,18400.0,18400.0,0.0,0.0,0.0,0.0,0.0,Stable,0,0,1,1.0,0.0,0,0.0,0.0,0.0,18400.0,0.0,5,1,2,1,0,1,1,0,0,22,0,2,4.189654742026425,5,6,30,739240.8333333334,0,1,0,0,0,0,0,1,1,1,0,1,0,1,0,0,0,0,0,0,0,1,0,1,0,1,0,0,0,0,0,1,0,0,0,0,0,0,0,1,1
R0375,real_4w,3,2,2,2026-04-26 20:33:41,40000.0,Down,75000.0,75000.0,18400.0,0.0,1,0,46700.0,28300.0,18400.0,75000.0,56600.0,56600.0,3.0760869565217392,56600.0,3.0760869565217392,Up,1,0,0,1.6059957173447537,0.6059957173447538,1,56600.0,3.0760869565217392,0.6059957173447538,46700.0,0.6059957173447538,4,4,2,0,1,1,1,0,0,22,0,2,4.189654742026425,5,6,30,739240.8333333334,0,1,0,0,0,0,0,1,1,1,0,1,0,1,0,0,0,0,0,0,0,1,0,1,0,1,0,0,0,0,0,1,0,0,0,0,0,0,0,1,2
R0375,real_4w,4,3,3,2026-04-19 20:33:41,40000.0,Stable,40000.0,40000.0,75000.0,18400.0,1,1,44466.666666666664,23321.711391367106,18400.0,75000.0,56600.0,-35000.0,-0.4666666666666667,-35000.0,-0.4666666666666667,Down,0,1,0,0.8995502248875563,0.524476268171674,0,-35000.0,-0.4666666666666667,0.524476268171674,40000.0,0.0,4,3,2,0,0,0,1,0,0,22,0,2,4.189654742026425,5,6,30,739240.8333333334,0,1,0,0,0,0,0,1,1,1,0,1,0,1,0,0,0,0,0,0,0,1,0,1,0,1,0,0,0,0,0,1,0,0,0,0,0,0,0,1,0
R0376,real_4w,2,1,1,2026-05-03 20:49:44,115000.0,Up,75000.0,75000.0,0.0,0.0,0,0,75000.0,0.0,75000.0,75000.0,0.0,0.0,0.0,0.0,0.0,Stable,0,0,1,1.0,0.0,0,0.0,0.0,0.0,75000.0,0.0,5,1,2,1,0,1,1,0,0,27,1,5,3.4657359027997265,3,6,18,460955.5,0,3,0,0,0,1,0,0,1,0,0,0,1,0,1,0,0,0,0,0,0,1,0,0,1,1,1,0,1,0,0,0,0,0,1,0,0,0,0,0,1
R0376,real_4w,3,2,2,2026-04-26 20:49:44,140000.0,Up,115000.0,115000.0,75000.0,0.0,1,0,95000.0,20000.0,75000.0,115000.0,40000.0,40000.0,0.5333333333333333,40000.0,0.5333333333333333,Up,1,0,0,1.2105263157894737,0.21052631578947367,1,40000.0,0.5333333333333333,0.21052631578947367,95000.0,0.21052631578947367,4,4,2,0,1,1,1,0,0,27,1,5,3.4657359027997265,3,6,18,460955.5,0,3,0,0,0,1,0,0,1,0,0,0,1,0,1,0,0,0,0,0,0,1,0,0,1,1,1,0,1,0,0,0,0,0,1,0,0,0,0,0,2
R0376,real_4w,4,3,3,2026-04-19 20:49:44,125000.0,Down,140000.0,140000.0,115000.0,75000.0,1,1,110000.0,26770.630673681684,75000.0,140000.0,65000.0,25000.0,0.21739130434782608,25000.0,0.21739130434782608,Up,1,0,0,1.2727272727272727,0.24336936976074258,1,25000.0,0.21739130434782608,0.24336936976074258,115000.0,0.21739130434782608,4,3,2,0,0,0,1,0,0,27,1,5,3.4657359027997265,3,6,18,460955.5,0,3,0,0,0,1,0,0,1,0,0,0,1,0,1,0,0,0,0,0,0,1,0,0,1,1,1,0,1,0,0,0,0,0,1,0,0,0,0,0,2
R0377,real_4w,2,1,1,2026-05-03 20:51:32,675000.0,Up,320000.0,320000.0,0.0,0.0,0,0,320000.0,0.0,320000.0,320000.0,0.0,0.0,0.0,0.0,0.0,Stable,0,0,1,1.0,0.0,0,0.0,0.0,0.0,320000.0,0.0,5,1,2,1,0,1,1,0,0,28,1,2,4.418840607796598,5,6,30,739240.8333333334,1,4,1,0,0,0,0,0,0,0,0,1,0,0,1,0,0,0,0,0,1,1,0,0,0,0,1,0,0,0,0,0,0,0,1,0,0,0,0,0,1
R0377,real_4w,3,2,2,2026-04-26 20:51:32,630000.0,Stable,675000.0,675000.0,320000.0,0.0,1,0,497500.0,177500.0,320000.0,675000.0,355000.0,355000.0,1.109375,355000.0,1.109375,Up,1,0,0,1.35678391959799,0.35678391959798994,1,355000.0,1.109375,0.35678391959798994,497500.0,0.35678391959798994,4,4,2,0,1,1,1,0,0,28,1,2,4.418840607796598,5,6,30,739240.8333333334,1,4,1,0,0,0,0,0,0,0,0,1,0,0,1,0,0,0,0,0,1,1,0,0,0,0,1,0,0,0,0,0,0,0,1,0,0,0,0,0,2
R0377,real_4w,4,3,3,2026-04-19 20:51:32,290000.0,Down,630000.0,630000.0,675000.0,320000.0,1,1,541666.6666666666,157814.94085021087,320000.0,675000.0,355000.0,-45000.0,-0.06666666666666667,-45000.0,-0.06666666666666667,Stable,0,0,1,1.1630769230769231,0.29135066003115856,1,-45000.0,-0.06666666666666667,0.29135066003115856,630000.0,0.0,4,3,2,0,0,0,1,0,0,28,1,2,4.418840607796598,5,6,30,739240.8333333334,1,4,1,0,0,0,0,0,0,0,0,1,0,0,1,0,0,0,0,0,1,1,0,0,0,0,1,0,0,0,0,0,0,0,1,0,0,0,0,0,1
R0378,real_4w,2,1,1,2026-05-03 21:01:19,50000.0,Down,80000.0,80000.0,0.0,0.0,0,0,80000.0,0.0,80000.0,80000.0,0.0,0.0,0.0,0.0,0.0,Stable,0,0,1,1.0,0.0,0,0.0,0.0,0.0,80000.0,0.0,5,1,2,1,0,1,1,0,0,34,6,7,2.995732273553991,3,6,18,559306.0,0,1,0,0,0,0,0,0,0,0,0,1,0,1,1,0,0,1,1,0,1,1,0,0,0,0,1,0,0,0,1,1,0,1,0,0,0,0,0,0,1
R0378,real_4w,3,2,2,2026-04-26 21:01:19,150000.0,Up,50000.0,50000.0,80000.0,0.0,1,0,65000.0,15000.0,50000.0,80000.0,30000.0,-30000.0,-0.375,-30000.0,-0.375,Down,0,1,0,0.7692307692307693,0.23076923076923078,0,-30000.0,-0.375,0.23076923076923078,65000.0,-0.23076923076923078,4,4,2,0,1,1,1,0,0,34,6,7,2.995732273553991,3,6,18,559306.0,0,1,0,0,0,0,0,0,0,0,0,1,0,1,1,0,0,1,1,0,1,1,0,0,0,0,1,0,0,0,1,1,0,1,0,0,0,0,0,0,0
R0378,real_4w,4,3,3,2026-04-19 21:01:19,130000.0,Down,150000.0,150000.0,50000.0,80000.0,1,1,93333.33333333333,41899.35029992178,50000.0,150000.0,100000.0,100000.0,2.0,100000.0,2.0,Up,1,0,0,1.6071428571428572,0.44892161035630485,1,100000.0,2.0,0.44892161035630485,80000.0,0.875,4,3,2,0,0,0,1,0,0,34,6,7,2.995732273553991,3,6,18,559306.0,0,1,0,0,0,0,0,0,0,0,0,1,0,1,1,0,0,1,1,0,1,1,0,0,0,0,1,0,0,0,1,1,0,1,0,0,0,0,0,0,2
R0379,real_4w,2,1,1,2026-05-03 21:33:38,425000.0,Down,610000.0,610000.0,0.0,0.0,0,0,610000.0,0.0,610000.0,610000.0,0.0,0.0,0.0,0.0,0.0,Stable,0,0,1,1.0,0.0,0,0.0,0.0,0.0,610000.0,0.0,5,1,2,1,0,1,1,0,0,34,5,5,1.3862943611198906,7,9,63,460955.5,2,1,0,1,0,0,0,0,0,0,0,0,0,0,0,0,1,0,0,0,0,1,0,1,0,0,0,0,0,1,0,0,0,0,0,1,0,0,0,0,1
R0379,real_4w,3,2,2,2026-04-26 21:33:38,440000.0,Stable,425000.0,425000.0,610000.0,0.0,1,0,517500.0,92500.0,425000.0,610000.0,185000.0,-185000.0,-0.30327868852459017,-185000.0,-0.30327868852459017,Down,0,1,0,0.821256038647343,0.178743961352657,0,-185000.0,-0.30327868852459017,0.178743961352657,517500.0,-0.178743961352657,4,4,2,0,1,1,1,0,0,34,5,5,1.3862943611198906,7,9,63,460955.5,2,1,0,1,0,0,0,0,0,0,0,0,0,0,0,0,1,0,0,0,0,1,0,1,0,0,0,0,0,1,0,0,0,0,0,1,0,0,0,0,0
R0379,real_4w,4,3,3,2026-04-19 21:33:38,540000.0,Up,440000.0,440000.0,425000.0,610000.0,1,1,491666.6666666667,83898.0863243548,425000.0,610000.0,185000.0,15000.0,0.03529411764705882,15000.0,0.03529411764705882,Stable,0,0,1,0.8949152542372881,0.1706401755749589,0,15000.0,0.03529411764705882,0.1706401755749589,440000.0,0.0,4,3,2,0,0,0,1,0,0,34,5,5,1.3862943611198906,7,9,63,460955.5,2,1,0,1,0,0,0,0,0,0,0,0,0,0,0,0,1,0,0,0,0,1,0,1,0,0,0,0,0,1,0,0,0,0,0,1,0,0,0,0,1
R0380,real_4w,2,1,1,2026-05-03 21:36:27,370000.0,Stable,380000.0,380000.0,0.0,0.0,0,0,380000.0,0.0,380000.0,380000.0,0.0,0.0,0.0,0.0,0.0,Stable,0,0,1,1.0,0.0,0,0.0,0.0,0.0,380000.0,0.0,5,1,2,1,0,1,1,0,0,45,6,8,2.995732273553991,7,6,42,517481.9375,2,3,0,0,0,0,0,0,0,0,0,1,0,1,1,0,0,0,0,0,0,1,1,0,0,0,1,0,0,0,0,1,0,1,0,0,0,0,0,0,1
R0380,real_4w,3,2,2,2026-04-26 21:36:27,320000.0,Down,370000.0,370000.0,380000.0,0.0,1,0,375000.0,5000.0,370000.0,380000.0,10000.0,-10000.0,-0.02631578947368421,-10000.0,-0.02631578947368421,Stable,0,0,1,0.9866666666666667,0.013333333333333334,0,-10000.0,-0.02631578947368421,0.013333333333333334,375000.0,-0.013333333333333334,4,4,2,0,1,1,1,0,0,45,6,8,2.995732273553991,7,6,42,517481.9375,2,3,0,0,0,0,0,0,0,0,0,1,0,1,1,0,0,0,0,0,0,1,1,0,0,0,1,0,0,0,0,1,0,1,0,0,0,0,0,0,1
R0380,real_4w,4,3,3,2026-04-19 21:36:27,330000.0,Stable,320000.0,320000.0,370000.0,380000.0,1,1,356666.6666666667,26246.692913372706,320000.0,380000.0,60000.0,-50000.0,-0.13513513513513514,-50000.0,-0.13513513513513514,Down,0,1,0,0.897196261682243,0.07358885863562441,0,-50000.0,-0.13513513513513514,0.07358885863562441,370000.0,-0.13513513513513514,4,3,2,0,0,0,1,0,0,45,6,8,2.995732273553991,7,6,42,517481.9375,2,3,0,0,0,0,0,0,0,0,0,1,0,1,1,0,0,0,0,0,0,1,1,0,0,0,1,0,0,0,0,1,0,1,0,0,0,0,0,0,0
R0381,real_4w,2,1,1,2026-05-03 21:42:08,840000.0,Stable,925000.0,925000.0,0.0,0.0,0,0,925000.0,0.0,925000.0,925000.0,0.0,0.0,0.0,0.0,0.0,Stable,0,0,1,1.0,0.0,0,0.0,0.0,0.0,925000.0,0.0,5,1,2,1,0,1,1,0,0,22,4,5,3.58351893845611,6,9,54,460955.5,1,0,0,0,0,0,0,1,0,0,0,0,0,1,0,0,0,0,0,1,0,1,0,0,0,0,0,0,0,0,0,1,0,0,0,0,1,0,0,0,1
R0381,real_4w,3,2,2,2026-04-26 21:42:08,270000.0,Down,840000.0,840000.0,925000.0,0.0,1,0,882500.0,42500.0,840000.0,925000.0,85000.0,-85000.0,-0.0918918918918919,-85000.0,-0.0918918918918919,Stable,0,0,1,0.9518413597733711,0.04815864022662889,0,-85000.0,-0.0918918918918919,0.04815864022662889,882500.0,-0.04815864022662889,4,4,2,0,1,1,1,0,0,22,4,5,3.58351893845611,6,9,54,460955.5,1,0,0,0,0,0,0,1,0,0,0,0,0,1,0,0,0,0,0,1,0,1,0,0,0,0,0,0,0,0,0,1,0,0,0,0,1,0,0,0,1
R0381,real_4w,4,3,3,2026-04-19 21:42:08,210000.0,Down,270000.0,270000.0,840000.0,925000.0,1,1,678333.3333333334,290813.0365410434,270000.0,925000.0,655000.0,-570000.0,-0.6785714285714286,-570000.0,-0.6785714285714286,Down,0,1,0,0.398034398034398,0.4287170071858133,0,-570000.0,-0.6785714285714286,0.4287170071858133,840000.0,-0.6785714285714286,4,3,2,0,0,0,1,0,0,22,4,5,3.58351893845611,6,9,54,460955.5,1,0,0,0,0,0,0,1,0,0,0,0,0,1,0,0,0,0,0,1,0,1,0,0,0,0,0,0,0,0,0,1,0,0,0,0,1,0,0,0,0
R0382,real_4w,2,1,1,2026-05-03 23:10:38,340000.0,Up,75000.0,75000.0,0.0,0.0,0,0,75000.0,0.0,75000.0,75000.0,0.0,0.0,0.0,0.0,0.0,Stable,0,0,1,1.0,0.0,0,0.0,0.0,0.0,75000.0,0.0,5,1,2,1,0,1,1,0,0,28,3,4,3.5263605246161616,7,6,42,442180.75,2,4,0,0,0,1,0,0,1,0,0,1,0,0,1,0,1,1,0,0,0,1,0,0,0,1,1,0,0,1,1,0,1,0,0,0,0,0,0,0,1
R0382,real_4w,3,2,2,2026-04-26 23:10:38,295000.0,Down,340000.0,340000.0,75000.0,0.0,1,0,207500.0,132500.0,75000.0,340000.0,265000.0,265000.0,3.533333333333333,265000.0,3.533333333333333,Up,1,0,0,1.6385542168674698,0.6385542168674698,1,265000.0,3.533333333333333,0.6385542168674698,207500.0,0.6385542168674698,4,4,2,0,1,1,1,0,0,28,3,4,3.5263605246161616,7,6,42,442180.75,2,4,0,0,0,1,0,0,1,0,0,1,0,0,1,0,1,1,0,0,0,1,0,0,0,1,1,0,0,1,1,0,1,0,0,0,0,0,0,0,2
R0382,real_4w,4,3,3,2026-04-19 23:10:38,125000.0,Down,295000.0,295000.0,340000.0,75000.0,1,1,236666.66666666666,115782.36288638937,75000.0,340000.0,265000.0,-45000.0,-0.1323529411764706,-45000.0,-0.1323529411764706,Down,0,1,0,1.2464788732394367,0.48922125163263114,1,-45000.0,-0.1323529411764706,0.48922125163263114,295000.0,0.0,4,3,2,0,0,0,1,0,0,28,3,4,3.5263605246161616,7,6,42,442180.75,2,4,0,0,0,1,0,0,1,0,0,1,0,0,1,0,1,1,0,0,0,1,0,0,0,1,1,0,0,1,1,0,1,0,0,0,0,0,0,0,0
R0383,real_4w,2,1,1,2026-05-04 09:13:44,275000.0,Down,360000.0,360000.0,0.0,0.0,0,0,360000.0,0.0,360000.0,360000.0,0.0,0.0,0.0,0.0,0.0,Stable,0,0,1,1.0,0.0,0,0.0,0.0,0.0,360000.0,0.0,5,1,2,1,0,1,0,0,0,22,3,5,3.6109179126442243,5,4,20,460955.5,1,1,0,0,0,1,0,0,1,0,0,1,0,0,0,1,1,0,0,0,0,1,0,0,0,0,0,1,0,1,0,0,1,0,0,0,0,0,0,0,1
R0383,real_4w,3,2,2,2026-04-27 09:13:44,320000.0,Up,275000.0,275000.0,360000.0,0.0,1,0,317500.0,42500.0,275000.0,360000.0,85000.0,-85000.0,-0.2361111111111111,-85000.0,-0.2361111111111111,Down,0,1,0,0.8661417322834646,0.13385826771653545,0,-85000.0,-0.2361111111111111,0.13385826771653545,317500.0,-0.13385826771653545,4,4,2,0,1,1,0,0,0,22,3,5,3.6109179126442243,5,4,20,460955.5,1,1,0,0,0,1,0,0,1,0,0,1,0,0,0,1,1,0,0,0,0,1,0,0,0,0,0,1,0,1,0,0,1,0,0,0,0,0,0,0,0
R0383,real_4w,4,3,3,2026-04-20 09:13:44,300000.0,Stable,320000.0,320000.0,275000.0,360000.0,1,1,318333.3333333333,34721.111093332765,275000.0,360000.0,85000.0,45000.0,0.16363636363636364,45000.0,0.16363636363636364,Up,1,0,0,1.005235602094241,0.10907155317277309,1,45000.0,0.16363636363636364,0.10907155317277309,320000.0,0.0,4,3,2,0,0,0,0,0,0,22,3,5,3.6109179126442243,5,4,20,460955.5,1,1,0,0,0,1,0,0,1,0,0,1,0,0,0,1,1,0,0,0,0,1,0,0,0,0,0,1,0,1,0,0,1,0,0,0,0,0,0,0,2
R0384,real_4w,2,1,1,2026-05-04 09:51:46,775000.0,Up,290000.0,290000.0,0.0,0.0,0,0,290000.0,0.0,290000.0,290000.0,0.0,0.0,0.0,0.0,0.0,Stable,0,0,1,1.0,0.0,0,0.0,0.0,0.0,290000.0,0.0,5,1,2,1,0,1,0,0,0,26,6,2,1.9459101490553132,7,6,42,739240.8333333334,2,0,0,0,0,0,0,0,0,0,0,1,0,1,1,0,0,1,0,0,0,1,0,0,0,0,1,0,0,0,1,1,0,1,0,0,0,0,0,0,1
R0384,real_4w,3,2,2,2026-04-27 09:51:46,350000.0,Down,775000.0,775000.0,290000.0,0.0,1,0,532500.0,242500.0,290000.0,775000.0,485000.0,485000.0,1.6724137931034482,485000.0,1.6724137931034482,Up,1,0,0,1.4553990610328638,0.45539906103286387,1,485000.0,1.6724137931034482,0.45539906103286387,532500.0,0.45539906103286387,4,4,2,0,1,1,0,0,0,26,6,2,1.9459101490553132,7,6,42,739240.8333333334,2,0,0,0,0,0,0,0,0,0,0,1,0,1,1,0,0,1,0,0,0,1,0,0,0,0,1,0,0,0,1,1,0,1,0,0,0,0,0,0,2
R0384,real_4w,4,3,3,2026-04-20 09:51:46,300000.0,Down,350000.0,350000.0,775000.0,290000.0,1,1,471666.6666666667,215883.1988728061,290000.0,775000.0,485000.0,-425000.0,-0.5483870967741935,-425000.0,-0.5483870967741935,Down,0,1,0,0.7420494699646643,0.4577028951366914,0,-425000.0,-0.5483870967741935,0.4577028951366914,350000.0,0.0,4,3,2,0,0,0,0,0,0,26,6,2,1.9459101490553132,7,6,42,739240.8333333334,2,0,0,0,0,0,0,0,0,0,0,1,0,1,1,0,0,1,0,0,0,1,0,0,0,0,1,0,0,0,1,1,0,1,0,0,0,0,0,0,0
R0385,real_4w,2,1,1,2026-05-04 10:17:33,200000.0,Down,500000.0,500000.0,0.0,0.0,0,0,500000.0,0.0,500000.0,500000.0,0.0,0.0,0.0,0.0,0.0,Stable,0,0,1,1.0,0.0,0,0.0,0.0,0.0,500000.0,0.0,5,1,2,1,0,1,0,0,0,24,1,2,2.5649493574615367,4,4,16,739240.8333333334,0,1,0,0,0,0,0,0,0,0,0,1,1,1,1,0,0,0,0,0,0,1,0,0,1,1,1,0,1,0,0,1,0,0,1,0,0,0,0,0,1
R0385,real_4w,3,2,2,2026-04-27 10:17:33,320000.0,Up,200000.0,200000.0,500000.0,0.0,1,0,350000.0,150000.0,200000.0,500000.0,300000.0,-300000.0,-0.6,-300000.0,-0.6,Down,0,1,0,0.5714285714285714,0.42857142857142855,0,-300000.0,-0.6,0.42857142857142855,350000.0,-0.42857142857142855,4,4,2,0,1,1,0,0,0,24,1,2,2.5649493574615367,4,4,16,739240.8333333334,0,1,0,0,0,0,0,0,0,0,0,1,1,1,1,0,0,0,0,0,0,1,0,0,1,1,1,0,1,0,0,1,0,0,1,0,0,0,0,0,0
R0385,real_4w,4,3,3,2026-04-20 10:17:33,475000.0,Up,320000.0,320000.0,200000.0,500000.0,1,1,340000.0,123288.28005937953,200000.0,500000.0,300000.0,120000.0,0.6,120000.0,0.6,Up,1,0,0,0.9411764705882353,0.36261258840993976,0,120000.0,0.6,0.36261258840993976,320000.0,0.0,4,3,2,0,0,0,0,0,0,24,1,2,2.5649493574615367,4,4,16,739240.8333333334,0,1,0,0,0,0,0,0,0,0,0,1,1,1,1,0,0,0,0,0,0,1,0,0,1,1,1,0,1,0,0,1,0,0,1,0,0,0,0,0,2
R0386,real_4w,2,1,1,2026-05-04 10:32:29,350000.0,Up,270000.0,270000.0,0.0,0.0,0,0,270000.0,0.0,270000.0,270000.0,0.0,0.0,0.0,0.0,0.0,Stable,0,0,1,1.0,0.0,0,0.0,0.0,0.0,270000.0,0.0,5,1,2,1,0,1,0,0,0,26,2,2,2.639057329615259,5,6,30,739240.8333333334,0,4,0,0,0,0,0,0,0,0,0,0,1,0,1,0,0,0,0,0,0,1,0,0,1,1,1,0,1,0,0,0,0,0,0,0,0,1,0,0,1
R0386,real_4w,3,2,2,2026-04-27 10:32:29,400000.0,Up,350000.0,350000.0,270000.0,0.0,1,0,310000.0,40000.0,270000.0,350000.0,80000.0,80000.0,0.2962962962962963,80000.0,0.2962962962962963,Up,1,0,0,1.1290322580645162,0.12903225806451613,1,80000.0,0.2962962962962963,0.12903225806451613,310000.0,0.12903225806451613,4,4,2,0,1,1,0,0,0,26,2,2,2.639057329615259,5,6,30,739240.8333333334,0,4,0,0,0,0,0,0,0,0,0,0,1,0,1,0,0,0,0,0,0,1,0,0,1,1,1,0,1,0,0,0,0,0,0,0,0,1,0,0,2
R0386,real_4w,4,3,3,2026-04-20 10:32:29,325000.0,Down,400000.0,400000.0,350000.0,270000.0,1,1,340000.0,53541.26134736337,270000.0,400000.0,130000.0,50000.0,0.14285714285714285,50000.0,0.14285714285714285,Up,1,0,0,1.1764705882352942,0.1574742980804805,1,50000.0,0.14285714285714285,0.1574742980804805,350000.0,0.14285714285714285,4,3,2,0,0,0,0,0,0,26,2,2,2.639057329615259,5,6,30,739240.8333333334,0,4,0,0,0,0,0,0,0,0,0,0,1,0,1,0,0,0,0,0,0,1,0,0,1,1,1,0,1,0,0,0,0,0,0,0,0,1,0,0,2
R0387,real_4w,2,1,1,2026-05-04 12:48:04,280000.0,Down,535000.0,535000.0,0.0,0.0,0,0,535000.0,0.0,535000.0,535000.0,0.0,0.0,0.0,0.0,0.0,Stable,0,0,1,1.0,0.0,0,0.0,0.0,0.0,535000.0,0.0,5,1,2,1,0,1,0,0,0,31,6,1,0.6931471805599453,3,5,15,518297.0,1,4,0,0,0,0,0,0,0,0,0,1,0,1,1,0,0,1,0,0,1,1,1,0,0,0,1,0,0,0,1,1,0,1,0,0,0,0,0,0,1
R0387,real_4w,3,2,2,2026-04-27 12:48:04,350000.0,Up,280000.0,280000.0,535000.0,0.0,1,0,407500.0,127500.0,280000.0,535000.0,255000.0,-255000.0,-0.4766355140186916,-255000.0,-0.4766355140186916,Down,0,1,0,0.6871165644171779,0.3128834355828221,0,-255000.0,-0.4766355140186916,0.3128834355828221,407500.0,-0.3128834355828221,4,4,2,0,1,1,0,0,0,31,6,1,0.6931471805599453,3,5,15,518297.0,1,4,0,0,0,0,0,0,0,0,0,1,0,1,1,0,0,1,0,0,1,1,1,0,0,0,1,0,0,0,1,1,0,1,0,0,0,0,0,0,0
R0387,real_4w,4,3,3,2026-04-20 12:48:04,400000.0,Up,350000.0,350000.0,280000.0,535000.0,1,1,388333.3333333333,107574.26375403284,280000.0,535000.0,255000.0,70000.0,0.25,70000.0,0.25,Up,1,0,0,0.9012875536480687,0.27701527146961247,0,70000.0,0.25,0.27701527146961247,350000.0,0.0,4,3,2,0,0,0,0,0,0,31,6,1,0.6931471805599453,3,5,15,518297.0,1,4,0,0,0,0,0,0,0,0,0,1,0,1,1,0,0,1,0,0,1,1,1,0,0,0,1,0,0,0,1,1,0,1,0,0,0,0,0,0,2
R0388,real_4w,2,1,1,2026-05-04 12:54:04,490000.0,Stable,480000.0,480000.0,0.0,0.0,0,0,480000.0,0.0,480000.0,480000.0,0.0,0.0,0.0,0.0,0.0,Stable,0,0,1,1.0,0.0,0,0.0,0.0,0.0,480000.0,0.0,5,1,2,1,0,1,0,0,0,27,3,2,1.6094379124341003,6,6,36,739240.8333333334,2,4,0,0,0,1,0,0,1,0,0,0,1,0,0,0,0,1,0,0,0,1,0,0,0,0,0,0,1,0,1,0,1,0,0,0,0,0,0,0,1
R0388,real_4w,3,2,2,2026-04-27 12:54:04,350000.0,Down,490000.0,490000.0,480000.0,0.0,1,0,485000.0,5000.0,480000.0,490000.0,10000.0,10000.0,0.020833333333333332,10000.0,0.020833333333333332,Stable,0,0,1,1.0103092783505154,0.010309278350515464,1,10000.0,0.020833333333333332,0.010309278350515464,485000.0,0.010309278350515464,4,4,2,0,1,1,0,0,0,27,3,2,1.6094379124341003,6,6,36,739240.8333333334,2,4,0,0,0,1,0,0,1,0,0,0,1,0,0,0,0,1,0,0,0,1,0,0,0,0,0,0,1,0,1,0,1,0,0,0,0,0,0,0,1
R0388,real_4w,4,3,3,2026-04-20 12:54:04,450000.0,Up,350000.0,350000.0,490000.0,480000.0,1,1,440000.0,63770.42156569663,350000.0,490000.0,140000.0,-140000.0,-0.2857142857142857,-140000.0,-0.2857142857142857,Down,0,1,0,0.7954545454545454,0.14493277628567416,0,-140000.0,-0.2857142857142857,0.14493277628567416,480000.0,-0.2708333333333333,4,3,2,0,0,0,0,0,0,27,3,2,1.6094379124341003,6,6,36,739240.8333333334,2,4,0,0,0,1,0,0,1,0,0,0,1,0,0,0,0,1,0,0,0,1,0,0,0,0,0,0,1,0,1,0,1,0,0,0,0,0,0,0,0
R0389,real_4w,2,1,1,2026-05-04 12:58:10,700000.0,Stable,675000.0,675000.0,0.0,0.0,0,0,675000.0,0.0,675000.0,675000.0,0.0,0.0,0.0,0.0,0.0,Stable,0,0,1,1.0,0.0,0,0.0,0.0,0.0,675000.0,0.0,5,1,2,1,0,1,0,0,0,23,1,0,2.1972245773362196,5,4,20,548095.6666666666,2,4,0,0,0,0,0,0,0,0,0,1,1,0,1,0,0,1,0,0,0,1,0,0,0,1,1,0,1,0,1,0,0,0,1,0,0,0,0,0,1
R0389,real_4w,3,2,2,2026-04-27 12:58:10,875000.0,Up,700000.0,700000.0,675000.0,0.0,1,0,687500.0,12500.0,675000.0,700000.0,25000.0,25000.0,0.037037037037037035,25000.0,0.037037037037037035,Stable,0,0,1,1.018181818181818,0.01818181818181818,1,25000.0,0.037037037037037035,0.01818181818181818,687500.0,0.01818181818181818,4,4,2,0,1,1,0,0,0,23,1,0,2.1972245773362196,5,4,20,548095.6666666666,2,4,0,0,0,0,0,0,0,0,0,1,1,0,1,0,0,1,0,0,0,1,0,0,0,1,1,0,1,0,1,0,0,0,1,0,0,0,0,0,1
R0389,real_4w,4,3,3,2026-04-20 12:58:10,825000.0,Stable,875000.0,875000.0,700000.0,675000.0,1,1,750000.0,88975.65210026092,675000.0,875000.0,200000.0,175000.0,0.25,175000.0,0.25,Up,1,0,0,1.1666666666666667,0.1186342028003479,1,175000.0,0.25,0.1186342028003479,700000.0,0.25,4,3,2,0,0,0,0,0,0,23,1,0,2.1972245773362196,5,4,20,548095.6666666666,2,4,0,0,0,0,0,0,0,0,0,1,1,0,1,0,0,1,0,0,0,1,0,0,0,1,1,0,1,0,1,0,0,0,1,0,0,0,0,0,2
R0390,real_4w,2,1,1,2026-05-04 13:08:28,665000.0,Down,815000.0,815000.0,0.0,0.0,0,0,815000.0,0.0,815000.0,815000.0,0.0,0.0,0.0,0.0,0.0,Stable,0,0,1,1.0,0.0,0,0.0,0.0,0.0,815000.0,0.0,5,1,2,1,0,1,0,0,0,26,3,5,0.6931471805599453,5,4,20,460955.5,2,2,0,0,0,0,0,1,1,1,0,1,0,0,0,0,1,1,0,0,0,1,0,0,0,0,0,0,0,1,1,0,1,0,0,0,0,0,0,0,1
R0390,real_4w,3,2,2,2026-04-27 13:08:28,680000.0,Stable,665000.0,665000.0,815000.0,0.0,1,0,740000.0,75000.0,665000.0,815000.0,150000.0,-150000.0,-0.18404907975460122,-150000.0,-0.18404907975460122,Down,0,1,0,0.8986486486486487,0.10135135135135136,0,-150000.0,-0.18404907975460122,0.10135135135135136,740000.0,-0.10135135135135136,4,4,2,0,1,1,0,0,0,26,3,5,0.6931471805599453,5,4,20,460955.5,2,2,0,0,0,0,0,1,1,1,0,1,0,0,0,0,1,1,0,0,0,1,0,0,0,0,0,0,0,1,1,0,1,0,0,0,0,0,0,0,0
R0390,real_4w,4,3,3,2026-04-20 13:08:28,720000.0,Stable,680000.0,680000.0,665000.0,815000.0,1,1,720000.0,67453.6878161602,665000.0,815000.0,150000.0,15000.0,0.022556390977443608,15000.0,0.022556390977443608,Stable,0,0,1,0.9444444444444444,0.09368567752244474,0,15000.0,0.022556390977443608,0.09368567752244474,680000.0,0.0,4,3,2,0,0,0,0,0,0,26,3,5,0.6931471805599453,5,4,20,460955.5,2,2,0,0,0,0,0,1,1,1,0,1,0,0,0,0,1,1,0,0,0,1,0,0,0,0,0,0,0,1,1,0,1,0,0,0,0,0,0,0,1
R0391,real_4w,2,1,1,2026-05-04 14:25:02,290000.0,Up,25000.0,25000.0,0.0,0.0,0,0,25000.0,0.0,25000.0,25000.0,0.0,0.0,0.0,0.0,0.0,Stable,0,0,1,1.0,0.0,0,0.0,0.0,0.0,25000.0,0.0,5,1,2,1,0,1,0,0,0,19,0,1,3.4965075614664802,5,5,25,518297.0,1,1,0,0,0,1,0,0,1,0,0,1,0,0,0,1,0,1,1,0,0,1,0,0,0,1,0,1,0,0,1,0,0,0,0,0,0,0,0,1,1
R0391,real_4w,3,2,2,2026-04-27 14:25:02,300000.0,Stable,290000.0,290000.0,25000.0,0.0,1,0,157500.0,132500.0,25000.0,290000.0,265000.0,265000.0,10.6,265000.0,10.6,Up,1,0,0,1.8412698412698412,0.8412698412698413,1,265000.0,10.6,0.8412698412698413,157500.0,0.8412698412698413,4,4,2,0,1,1,0,0,0,19,0,1,3.4965075614664802,5,5,25,518297.0,1,1,0,0,0,1,0,0,1,0,0,1,0,0,0,1,0,1,1,0,0,1,0,0,0,1,0,1,0,0,1,0,0,0,0,0,0,0,0,1,2
R0391,real_4w,4,3,3,2026-04-20 14:25:02,400000.0,Up,300000.0,300000.0,290000.0,25000.0,1,1,205000.0,127344.67663262044,25000.0,300000.0,275000.0,10000.0,0.034482758620689655,10000.0,0.034482758620689655,Stable,0,0,1,1.4634146341463414,0.621193544549368,1,10000.0,0.034482758620689655,0.621193544549368,290000.0,0.034482758620689655,4,3,2,0,0,0,0,0,0,19,0,1,3.4965075614664802,5,5,25,518297.0,1,1,0,0,0,1,0,0,1,0,0,1,0,0,0,1,0,1,1,0,0,1,0,0,0,1,0,1,0,0,1,0,0,0,0,0,0,0,0,1,1
R0392,real_4w,2,1,1,2026-05-04 15:12:04,710000.0,Up,540000.0,540000.0,0.0,0.0,0,0,540000.0,0.0,540000.0,540000.0,0.0,0.0,0.0,0.0,0.0,Stable,0,0,1,1.0,0.0,0,0.0,0.0,0.0,540000.0,0.0,5,1,2,1,0,1,0,0,0,30,6,8,1.0986122886681096,6,10,60,517481.9375,2,2,0,0,0,0,0,0,0,0,0,1,0,1,1,0,0,0,0,0,0,1,1,0,0,0,1,0,0,0,0,1,0,1,0,0,0,0,0,0,1
R0392,real_4w,3,2,2,2026-04-27 15:12:04,570000.0,Down,710000.0,710000.0,540000.0,0.0,1,0,625000.0,85000.0,540000.0,710000.0,170000.0,170000.0,0.3148148148148148,170000.0,0.3148148148148148,Up,1,0,0,1.136,0.136,1,170000.0,0.3148148148148148,0.136,625000.0,0.136,4,4,2,0,1,1,0,0,0,30,6,8,1.0986122886681096,6,10,60,517481.9375,2,2,0,0,0,0,0,0,0,0,0,1,0,1,1,0,0,0,0,0,0,1,1,0,0,0,1,0,0,0,0,1,0,1,0,0,0,0,0,0,2
R0392,real_4w,4,3,3,2026-04-20 15:12:04,25000.0,Down,570000.0,570000.0,710000.0,540000.0,1,1,606666.6666666666,74087.03590297623,540000.0,710000.0,170000.0,-140000.0,-0.19718309859154928,-140000.0,-0.19718309859154928,Down,0,1,0,0.9395604395604397,0.12212148775215863,0,-140000.0,-0.19718309859154928,0.12212148775215863,570000.0,0.0,4,3,2,0,0,0,0,0,0,30,6,8,1.0986122886681096,6,10,60,517481.9375,2,2,0,0,0,0,0,0,0,0,0,1,0,1,1,0,0,0,0,0,0,1,1,0,0,0,1,0,0,0,0,1,0,1,0,0,0,0,0,0,0
R0393,real_4w,2,1,1,2026-05-04 15:15:25,1273200.0,Up,585000.0,585000.0,0.0,0.0,0,0,585000.0,0.0,585000.0,585000.0,0.0,0.0,0.0,0.0,0.0,Stable,0,0,1,1.0,0.0,0,0.0,0.0,0.0,585000.0,0.0,5,1,2,1,0,1,0,0,0,32,4,2,3.091042453358316,6,8,48,739240.8333333334,2,0,0,0,1,0,0,1,0,0,0,0,0,1,1,0,0,0,0,1,1,1,0,0,0,0,1,0,0,0,0,1,0,0,0,0,1,0,0,0,1
R0393,real_4w,3,2,2,2026-04-27 15:15:25,1350000.0,Stable,1273200.0,1273200.0,585000.0,0.0,1,0,929100.0,344100.0,585000.0,1273200.0,688200.0,688200.0,1.1764102564102563,688200.0,1.1764102564102563,Up,1,0,0,1.3703584113658378,0.3703584113658379,1,688200.0,1.1764102564102563,0.3703584113658379,929100.0,0.3703584113658379,4,4,2,0,1,1,0,0,0,32,4,2,3.091042453358316,6,8,48,739240.8333333334,2,0,0,0,1,0,0,1,0,0,0,0,0,1,1,0,0,0,0,1,1,1,0,0,0,0,1,0,0,0,0,1,0,0,0,0,1,0,0,0,2
R0393,real_4w,4,3,3,2026-04-20 15:15:25,1070000.0,Down,1350000.0,1350000.0,1273200.0,585000.0,1,1,1069400.0,343954.5318788517,585000.0,1350000.0,765000.0,76800.0,0.060320452403393024,76800.0,0.060320452403393024,Stable,0,0,1,1.2623901253039087,0.3216331885906599,1,76800.0,0.060320452403393024,0.3216331885906599,1273200.0,0.060320452403393024,4,3,2,0,0,0,0,0,0,32,4,2,3.091042453358316,6,8,48,739240.8333333334,2,0,0,0,1,0,0,1,0,0,0,0,0,1,1,0,0,0,0,1,1,1,0,0,0,0,1,0,0,0,0,1,0,0,0,0,1,0,0,0,1
R0394,real_4w,2,1,1,2026-05-04 15:49:20,460000.0,Up,395000.0,395000.0,0.0,0.0,0,0,395000.0,0.0,395000.0,395000.0,0.0,0.0,0.0,0.0,0.0,Stable,0,0,1,1.0,0.0,0,0.0,0.0,0.0,395000.0,0.0,5,1,2,1,0,1,0,0,0,37,6,8,3.091042453358316,5,10,50,517481.9375,1,1,0,0,0,0,0,0,0,0,0,1,0,1,1,0,0,1,0,0,1,1,0,0,0,0,1,0,0,0,1,1,0,1,0,0,0,0,0,0,1
R0394,real_4w,3,2,2,2026-04-27 15:49:20,480000.0,Stable,460000.0,460000.0,395000.0,0.0,1,0,427500.0,32500.0,395000.0,460000.0,65000.0,65000.0,0.16455696202531644,65000.0,0.16455696202531644,Up,1,0,0,1.0760233918128654,0.07602339181286549,1,65000.0,0.16455696202531644,0.07602339181286549,427500.0,0.07602339181286549,4,4,2,0,1,1,0,0,0,37,6,8,3.091042453358316,5,10,50,517481.9375,1,1,0,0,0,0,0,0,0,0,0,1,0,1,1,0,0,1,0,0,1,1,0,0,0,0,1,0,0,0,1,1,0,1,0,0,0,0,0,0,2
R0394,real_4w,4,3,3,2026-04-20 15:49:20,475000.0,Stable,480000.0,480000.0,460000.0,395000.0,1,1,445000.0,36285.9017617954,395000.0,480000.0,85000.0,20000.0,0.043478260869565216,20000.0,0.043478260869565216,Stable,0,0,1,1.0786516853932584,0.08154135227369753,1,20000.0,0.043478260869565216,0.08154135227369753,460000.0,0.043478260869565216,4,3,2,0,0,0,0,0,0,37,6,8,3.091042453358316,5,10,50,517481.9375,1,1,0,0,0,0,0,0,0,0,0,1,0,1,1,0,0,1,0,0,1,1,0,0,0,0,1,0,0,0,1,1,0,1,0,0,0,0,0,0,1
R0395,real_4w,2,1,1,2026-05-04 16:08:28,440000.0,Up,270000.0,270000.0,0.0,0.0,0,0,270000.0,0.0,270000.0,270000.0,0.0,0.0,0.0,0.0,0.0,Stable,0,0,1,1.0,0.0,0,0.0,0.0,0.0,270000.0,0.0,5,1,2,1,0,1,0,0,0,24,1,2,3.044522437723423,5,6,30,739240.8333333334,0,3,0,0,0,1,0,0,1,0,0,0,1,0,1,0,0,0,0,0,0,1,0,0,1,1,1,0,1,0,0,0,0,0,1,0,0,0,0,0,1
R0395,real_4w,3,2,2,2026-04-27 16:08:28,275000.0,Down,440000.0,440000.0,270000.0,0.0,1,0,355000.0,85000.0,270000.0,440000.0,170000.0,170000.0,0.6296296296296297,170000.0,0.6296296296296297,Up,1,0,0,1.2394366197183098,0.23943661971830985,1,170000.0,0.6296296296296297,0.23943661971830985,355000.0,0.23943661971830985,4,4,2,0,1,1,0,0,0,24,1,2,3.044522437723423,5,6,30,739240.8333333334,0,3,0,0,0,1,0,0,1,0,0,0,1,0,1,0,0,0,0,0,0,1,0,0,1,1,1,0,1,0,0,0,0,0,1,0,0,0,0,0,2
R0395,real_4w,4,3,3,2026-04-20 16:08:28,500000.0,Up,275000.0,275000.0,440000.0,270000.0,1,1,328333.3333333333,78986.63740715191,270000.0,440000.0,170000.0,-165000.0,-0.375,-165000.0,-0.375,Down,0,1,0,0.8375634517766498,0.24056843880350837,0,-165000.0,-0.375,0.24056843880350837,275000.0,0.0,4,3,2,0,0,0,0,0,0,24,1,2,3.044522437723423,5,6,30,739240.8333333334,0,3,0,0,0,1,0,0,1,0,0,0,1,0,1,0,0,0,0,0,0,1,0,0,1,1,1,0,1,0,0,0,0,0,1,0,0,0,0,0,0
R0396,real_4w,2,1,1,2026-05-04 18:25:23,400000.0,Down,1336200.0,1336200.0,0.0,0.0,0,0,1336200.0,0.0,1336200.0,1336200.0,0.0,0.0,0.0,0.0,0.0,Stable,0,0,1,1.0,0.0,0,0.0,0.0,0.0,1336200.0,0.0,5,1,2,1,0,1,0,0,0,34,5,2,3.367295829986474,5,11,55,739240.8333333334,2,2,0,0,1,0,0,0,0,0,0,0,0,0,0,0,1,0,0,1,0,1,0,0,0,0,0,0,0,1,0,0,0,0,0,1,0,0,0,0,1
R0396,real_4w,3,2,2,2026-04-27 18:25:23,1350000.0,Up,400000.0,400000.0,1336200.0,0.0,1,0,868100.0,468100.0,400000.0,1336200.0,936200.0,-936200.0,-0.700643616225116,-936200.0,-0.700643616225116,Down,0,1,0,0.46077640824789773,0.5392235917521023,0,-936200.0,-0.700643616225116,0.5392235917521023,868100.0,-0.5392235917521023,4,4,2,0,1,1,0,0,0,34,5,2,3.367295829986474,5,11,55,739240.8333333334,2,2,0,0,1,0,0,0,0,0,0,0,0,0,0,0,1,0,0,1,0,1,0,0,0,0,0,0,0,1,0,0,0,0,0,1,0,0,0,0,0
R0396,real_4w,4,3,3,2026-04-20 18:25:23,655000.0,Down,1350000.0,1350000.0,400000.0,1336200.0,1,1,1028733.3333333334,444617.29860883986,400000.0,1350000.0,950000.0,950000.0,2.375,950000.0,2.375,Up,1,0,0,1.3122934352925928,0.4321987868014126,1,950000.0,2.375,0.4321987868014126,1336200.0,0.010327795240233499,4,3,2,0,0,0,0,0,0,34,5,2,3.367295829986474,5,11,55,739240.8333333334,2,2,0,0,1,0,0,0,0,0,0,0,0,0,0,0,1,0,0,1,0,1,0,0,0,0,0,0,0,1,0,0,0,0,0,1,0,0,0,0,2
R0397,real_4w,2,1,1,2026-05-04 19:32:26,1273200.0,Up,1140000.0,1140000.0,0.0,0.0,0,0,1140000.0,0.0,1140000.0,1140000.0,0.0,0.0,0.0,0.0,0.0,Stable,0,0,1,1.0,0.0,0,0.0,0.0,0.0,1140000.0,0.0,5,1,2,1,0,1,0,0,0,33,5,2,3.1780538303479458,7,10,70,739240.8333333334,1,3,0,1,0,0,0,0,0,0,0,0,0,0,1,0,0,0,0,0,1,1,0,0,0,0,1,0,0,0,0,0,0,0,0,1,0,0,0,0,1
R0397,real_4w,3,2,2,2026-04-27 19:32:26,1125000.0,Down,1273200.0,1273200.0,1140000.0,0.0,1,0,1206600.0,66600.0,1140000.0,1273200.0,133200.0,133200.0,0.1168421052631579,133200.0,0.1168421052631579,Up,1,0,0,1.0551964196916956,0.055196419691695676,1,133200.0,0.1168421052631579,0.055196419691695676,1206600.0,0.055196419691695676,4,4,2,0,1,1,0,0,0,33,5,2,3.1780538303479458,7,10,70,739240.8333333334,1,3,0,1,0,0,0,0,0,0,0,0,0,0,1,0,0,0,0,0,1,1,0,0,0,0,1,0,0,0,0,0,0,0,0,1,0,0,0,0,2
R0397,real_4w,4,3,3,2026-04-20 19:32:26,695000.0,Down,1125000.0,1125000.0,1273200.0,1140000.0,1,1,1179400.0,66608.70813940172,1125000.0,1273200.0,148200.0,-148200.0,-0.11639962299717248,-148200.0,-0.11639962299717248,Down,0,1,0,0.9538748516194675,0.056476774749365535,0,-148200.0,-0.11639962299717248,0.056476774749365535,1140000.0,-0.013157894736842105,4,3,2,0,0,0,0,0,0,33,5,2,3.1780538303479458,7,10,70,739240.8333333334,1,3,0,1,0,0,0,0,0,0,0,0,0,0,1,0,0,0,0,0,1,1,0,0,0,0,1,0,0,0,0,0,0,0,0,1,0,0,0,0,0
R0398,real_4w,2,1,1,2026-05-04 20:16:21,530000.0,Down,1090000.0,1090000.0,0.0,0.0,0,0,1090000.0,0.0,1090000.0,1090000.0,0.0,0.0,0.0,0.0,0.0,Stable,0,0,1,1.0,0.0,0,0.0,0.0,0.0,1090000.0,0.0,5,1,2,1,0,1,0,0,0,23,2,8,2.772588722239781,3,8,24,517481.9375,2,1,0,0,0,0,0,0,0,0,0,0,1,0,1,0,0,0,0,0,1,1,0,0,0,0,1,0,1,0,0,0,0,0,0,0,0,1,0,0,1
R0398,real_4w,3,2,2,2026-04-27 20:16:21,1350000.0,Up,530000.0,530000.0,1090000.0,0.0,1,0,810000.0,280000.0,530000.0,1090000.0,560000.0,-560000.0,-0.5137614678899083,-560000.0,-0.5137614678899083,Down,0,1,0,0.654320987654321,0.345679012345679,0,-560000.0,-0.5137614678899083,0.345679012345679,810000.0,-0.345679012345679,4,4,2,0,1,1,0,0,0,23,2,8,2.772588722239781,3,8,24,517481.9375,2,1,0,0,0,0,0,0,0,0,0,0,1,0,1,0,0,0,0,0,1,1,0,0,0,0,1,0,1,0,0,0,0,0,0,0,0,1,0,0,0
R0398,real_4w,4,3,3,2026-04-20 20:16:21,1342800.0,Stable,1350000.0,1350000.0,530000.0,1090000.0,1,1,990000.0,342150.06454283575,530000.0,1350000.0,820000.0,820000.0,1.5471698113207548,820000.0,1.5471698113207548,Up,1,0,0,1.3636363636363635,0.3456061258008442,1,820000.0,1.5471698113207548,0.3456061258008442,1090000.0,0.23853211009174313,4,3,2,0,0,0,0,0,0,23,2,8,2.772588722239781,3,8,24,517481.9375,2,1,0,0,0,0,0,0,0,0,0,0,1,0,1,0,0,0,0,0,1,1,0,0,0,0,1,0,1,0,0,0,0,0,0,0,0,1,0,0,2
R0399,real_4w,2,1,1,2026-05-04 20:35:05,170000.0,Down,240000.0,240000.0,0.0,0.0,0,0,240000.0,0.0,240000.0,240000.0,0.0,0.0,0.0,0.0,0.0,Stable,0,0,1,1.0,0.0,0,0.0,0.0,0.0,240000.0,0.0,5,1,2,1,0,1,0,0,0,26,7,7,1.0986122886681096,4,2,8,559306.0,1,1,0,0,0,1,0,0,1,0,0,0,0,1,1,0,0,0,0,0,0,1,1,0,0,0,1,0,0,0,0,1,0,0,0,0,0,0,1,0,1
R0399,real_4w,3,2,2,2026-04-27 20:35:05,205000.0,Up,170000.0,170000.0,240000.0,0.0,1,0,205000.0,35000.0,170000.0,240000.0,70000.0,-70000.0,-0.2916666666666667,-70000.0,-0.2916666666666667,Down,0,1,0,0.8292682926829268,0.17073170731707318,0,-70000.0,-0.2916666666666667,0.17073170731707318,205000.0,-0.17073170731707318,4,4,2,0,1,1,0,0,0,26,7,7,1.0986122886681096,4,2,8,559306.0,1,1,0,0,0,1,0,0,1,0,0,0,0,1,1,0,0,0,0,0,0,1,1,0,0,0,1,0,0,0,0,1,0,0,0,0,0,0,1,0,0
R0399,real_4w,4,3,3,2026-04-20 20:35:05,325000.0,Up,205000.0,205000.0,170000.0,240000.0,1,1,205000.0,28577.38033247041,170000.0,240000.0,70000.0,35000.0,0.20588235294117646,35000.0,0.20588235294117646,Up,1,0,0,1.0,0.13940185528034346,0,35000.0,0.20588235294117646,0.13940185528034346,205000.0,0.0,4,3,2,0,0,0,0,0,0,26,7,7,1.0986122886681096,4,2,8,559306.0,1,1,0,0,0,1,0,0,1,0,0,0,0,1,1,0,0,0,0,0,0,1,1,0,0,0,1,0,0,0,0,1,0,0,0,0,0,0,1,0,2
R0400,real_4w,2,1,1,2026-05-04 21:12:31,350000.0,Down,470000.0,470000.0,0.0,0.0,0,0,470000.0,0.0,470000.0,470000.0,0.0,0.0,0.0,0.0,0.0,Stable,0,0,1,1.0,0.0,0,0.0,0.0,0.0,470000.0,0.0,5,1,2,1,0,1,0,0,0,21,0,8,3.784189633918261,5,6,30,517481.9375,1,0,0,0,0,1,0,1,1,1,0,0,0,0,0,1,0,1,0,0,0,1,0,1,0,0,0,1,0,0,1,0,0,0,0,0,0,0,0,1,1
R0400,real_4w,3,2,2,2026-04-27 21:12:31,495000.0,Up,350000.0,350000.0,470000.0,0.0,1,0,410000.0,60000.0,350000.0,470000.0,120000.0,-120000.0,-0.2553191489361702,-120000.0,-0.2553191489361702,Down,0,1,0,0.8536585365853658,0.14634146341463414,0,-120000.0,-0.2553191489361702,0.14634146341463414,410000.0,-0.14634146341463414,4,4,2,0,1,1,0,0,0,21,0,8,3.784189633918261,5,6,30,517481.9375,1,0,0,0,0,1,0,1,1,1,0,0,0,0,0,1,0,1,0,0,0,1,0,1,0,0,0,1,0,0,1,0,0,0,0,0,0,0,0,1,0
R0400,real_4w,4,3,3,2026-04-20 21:12:31,280000.0,Down,495000.0,495000.0,350000.0,470000.0,1,1,438333.3333333333,63289.45848682508,350000.0,495000.0,145000.0,145000.0,0.4142857142857143,145000.0,0.4142857142857143,Up,1,0,0,1.129277566539924,0.14438659730834622,1,145000.0,0.4142857142857143,0.14438659730834622,470000.0,0.05319148936170213,4,3,2,0,0,0,0,0,0,21,0,8,3.784189633918261,5,6,30,517481.9375,1,0,0,0,0,1,0,1,1,1,0,0,0,0,0,1,0,1,0,0,0,1,0,1,0,0,0,1,0,0,1,0,0,0,0,0,0,0,0,1,2
R0401,real_4w,2,1,1,2026-05-04 21:21:45,375000.0,Up,310000.0,310000.0,0.0,0.0,0,0,310000.0,0.0,310000.0,310000.0,0.0,0.0,0.0,0.0,0.0,Stable,0,0,1,1.0,0.0,0,0.0,0.0,0.0,310000.0,0.0,5,1,2,1,0,1,0,0,0,28,0,1,3.5553480614894135,4,5,20,518297.0,0,4,0,0,0,1,0,0,1,0,0,0,0,0,0,0,0,1,0,0,0,1,0,1,0,0,0,0,0,0,1,0,0,0,0,0,0,0,0,1,1
R0401,real_4w,3,2,2,2026-04-27 21:21:45,360000.0,Stable,375000.0,375000.0,310000.0,0.0,1,0,342500.0,32500.0,310000.0,375000.0,65000.0,65000.0,0.20967741935483872,65000.0,0.20967741935483872,Up,1,0,0,1.094890510948905,0.0948905109489051,1,65000.0,0.20967741935483872,0.0948905109489051,342500.0,0.0948905109489051,4,4,2,0,1,1,0,0,0,28,0,1,3.5553480614894135,4,5,20,518297.0,0,4,0,0,0,1,0,0,1,0,0,0,0,0,0,0,0,1,0,0,0,1,0,1,0,0,0,0,0,0,1,0,0,0,0,0,0,0,0,1,2
R0401,real_4w,4,3,3,2026-04-20 21:21:45,400000.0,Up,360000.0,360000.0,375000.0,310000.0,1,1,348333.3333333333,27788.886667555114,310000.0,375000.0,65000.0,-15000.0,-0.04,-15000.0,-0.04,Stable,0,0,1,1.0334928229665072,0.07977670813652186,1,-15000.0,-0.04,0.07977670813652186,360000.0,0.0,4,3,2,0,0,0,0,0,0,28,0,1,3.5553480614894135,4,5,20,518297.0,0,4,0,0,0,1,0,0,1,0,0,0,0,0,0,0,0,1,0,0,0,1,0,1,0,0,0,0,0,0,1,0,0,0,0,0,0,0,0,1,1
R0402,real_4w,2,1,1,2026-05-04 21:47:44,320000.0,Up,250000.0,250000.0,0.0,0.0,0,0,250000.0,0.0,250000.0,250000.0,0.0,0.0,0.0,0.0,0.0,Stable,0,0,1,1.0,0.0,0,0.0,0.0,0.0,250000.0,0.0,5,1,2,1,0,1,0,0,0,51,6,3,3.044522437723423,5,7,35,518297.0,2,3,0,0,0,0,0,0,0,0,0,1,0,1,1,0,0,1,0,0,1,1,1,0,0,0,1,0,0,0,1,1,0,1,0,0,0,0,0,0,1
R0402,real_4w,3,2,2,2026-04-27 21:47:44,920000.0,Up,320000.0,320000.0,250000.0,0.0,1,0,285000.0,35000.0,250000.0,320000.0,70000.0,70000.0,0.28,70000.0,0.28,Up,1,0,0,1.1228070175438596,0.12280701754385964,1,70000.0,0.28,0.12280701754385964,285000.0,0.12280701754385964,4,4,2,0,1,1,0,0,0,51,6,3,3.044522437723423,5,7,35,518297.0,2,3,0,0,0,0,0,0,0,0,0,1,0,1,1,0,0,1,0,0,1,1,1,0,0,0,1,0,0,0,1,1,0,1,0,0,0,0,0,0,2
R0402,real_4w,4,3,3,2026-04-20 21:47:44,790000.0,Down,920000.0,920000.0,320000.0,250000.0,1,1,496666.6666666667,300702.8803025043,250000.0,920000.0,670000.0,600000.0,1.875,600000.0,1.875,Up,1,0,0,1.8523489932885906,0.6054420408775254,1,600000.0,1.875,0.6054420408775254,320000.0,1.875,4,3,2,0,0,0,0,0,0,51,6,3,3.044522437723423,5,7,35,518297.0,2,3,0,0,0,0,0,0,0,0,0,1,0,1,1,0,0,1,0,0,1,1,1,0,0,0,1,0,0,0,1,1,0,1,0,0,0,0,0,0,2
R0403,real_4w,2,1,1,2026-05-04 22:22:24,320000.0,Up,255000.0,255000.0,0.0,0.0,0,0,255000.0,0.0,255000.0,255000.0,0.0,0.0,0.0,0.0,0.0,Stable,0,0,1,1.0,0.0,0,0.0,0.0,0.0,255000.0,0.0,5,1,2,1,0,1,0,0,0,22,1,0,4.204692619390966,5,7,35,548095.6666666666,0,0,0,0,0,1,0,0,1,0,0,0,1,0,1,0,0,1,0,0,0,1,0,0,0,1,1,0,1,0,1,0,0,0,1,0,0,0,0,0,1
R0403,real_4w,3,2,2,2026-04-27 22:22:24,325000.0,Stable,320000.0,320000.0,255000.0,0.0,1,0,287500.0,32500.0,255000.0,320000.0,65000.0,65000.0,0.2549019607843137,65000.0,0.2549019607843137,Up,1,0,0,1.1130434782608696,0.11304347826086956,1,65000.0,0.2549019607843137,0.11304347826086956,287500.0,0.11304347826086956,4,4,2,0,1,1,0,0,0,22,1,0,4.204692619390966,5,7,35,548095.6666666666,0,0,0,0,0,1,0,0,1,0,0,0,1,0,1,0,0,1,0,0,0,1,0,0,0,1,1,0,1,0,1,0,0,0,1,0,0,0,0,0,2
R0403,real_4w,4,3,3,2026-04-20 22:22:24,270000.0,Down,325000.0,325000.0,320000.0,255000.0,1,1,300000.0,31885.210782848317,255000.0,325000.0,70000.0,5000.0,0.015625,5000.0,0.015625,Stable,0,0,1,1.0833333333333333,0.10628403594282772,1,5000.0,0.015625,0.10628403594282772,320000.0,0.015625,4,3,2,0,0,0,0,0,0,22,1,0,4.204692619390966,5,7,35,548095.6666666666,0,0,0,0,0,1,0,0,1,0,0,0,1,0,1,0,0,1,0,0,0,1,0,0,0,1,1,0,1,0,1,0,0,0,1,0,0,0,0,0,1
R0404,real_4w,2,1,1,2026-05-04 22:35:38,290000.0,Stable,280000.0,280000.0,0.0,0.0,0,0,280000.0,0.0,280000.0,280000.0,0.0,0.0,0.0,0.0,0.0,Stable,0,0,1,1.0,0.0,0,0.0,0.0,0.0,280000.0,0.0,5,1,2,1,0,1,0,0,0,37,6,8,2.8903717578961645,5,8,40,517481.9375,1,0,0,0,0,0,0,0,0,0,0,1,0,1,0,0,0,0,0,0,0,1,1,0,0,0,0,0,0,0,0,1,0,1,0,0,0,0,0,0,1
R0404,real_4w,3,2,2,2026-04-27 22:35:38,285000.0,Stable,290000.0,290000.0,280000.0,0.0,1,0,285000.0,5000.0,280000.0,290000.0,10000.0,10000.0,0.03571428571428571,10000.0,0.03571428571428571,Stable,0,0,1,1.0175438596491229,0.017543859649122806,1,10000.0,0.03571428571428571,0.017543859649122806,285000.0,0.017543859649122806,4,4,2,0,1,1,0,0,0,37,6,8,2.8903717578961645,5,8,40,517481.9375,1,0,0,0,0,0,0,0,0,0,0,1,0,1,0,0,0,0,0,0,0,1,1,0,0,0,0,0,0,0,0,1,0,1,0,0,0,0,0,0,1
R0404,real_4w,4,3,3,2026-04-20 22:35:38,345000.0,Up,285000.0,285000.0,290000.0,280000.0,1,1,285000.0,4082.48290463863,280000.0,290000.0,10000.0,-5000.0,-0.017241379310344827,-5000.0,-0.017241379310344827,Stable,0,0,1,1.0,0.014324501419784667,0,-5000.0,-0.017241379310344827,0.014324501419784667,285000.0,0.0,4,3,2,0,0,0,0,0,0,37,6,8,2.8903717578961645,5,8,40,517481.9375,1,0,0,0,0,0,0,0,0,0,0,1,0,1,0,0,0,0,0,0,0,1,1,0,0,0,0,0,0,0,0,1,0,1,0,0,0,0,0,0,1
R0405,real_4w,2,1,1,2026-05-04 22:48:30,620000.0,Down,710000.0,710000.0,0.0,0.0,0,0,710000.0,0.0,710000.0,710000.0,0.0,0.0,0.0,0.0,0.0,Stable,0,0,1,1.0,0.0,0,0.0,0.0,0.0,710000.0,0.0,5,1,2,1,0,1,0,0,0,26,1,6,2.995732273553991,4,6,24,653189.75,1,1,0,0,0,0,0,0,0,0,0,0,1,0,1,0,0,0,0,0,1,1,0,0,0,1,1,0,1,0,0,0,0,0,1,0,0,0,0,0,1
R0405,real_4w,3,2,2,2026-04-27 22:48:30,600000.0,Stable,620000.0,620000.0,710000.0,0.0,1,0,665000.0,45000.0,620000.0,710000.0,90000.0,-90000.0,-0.1267605633802817,-90000.0,-0.1267605633802817,Down,0,1,0,0.9323308270676691,0.06766917293233082,0,-90000.0,-0.1267605633802817,0.06766917293233082,665000.0,-0.06766917293233082,4,4,2,0,1,1,0,0,0,26,1,6,2.995732273553991,4,6,24,653189.75,1,1,0,0,0,0,0,0,0,0,0,0,1,0,1,0,0,0,0,0,1,1,0,0,0,1,1,0,1,0,0,0,0,0,1,0,0,0,0,0,0
R0405,real_4w,4,3,3,2026-04-20 22:48:30,625000.0,Stable,600000.0,600000.0,620000.0,710000.0,1,1,643333.3333333334,47842.33364802441,600000.0,710000.0,110000.0,-20000.0,-0.03225806451612903,-20000.0,-0.03225806451612903,Stable,0,0,1,0.9326424870466321,0.07436632173268043,0,-20000.0,-0.03225806451612903,0.07436632173268043,620000.0,-0.03225806451612903,4,3,2,0,0,0,0,0,0,26,1,6,2.995732273553991,4,6,24,653189.75,1,1,0,0,0,0,0,0,0,0,0,0,1,0,1,0,0,0,0,0,1,1,0,0,0,1,1,0,1,0,0,0,0,0,1,0,0,0,0,0,1
R0406,real_4w,2,1,1,2026-05-04 23:03:27,270000.0,Down,640000.0,640000.0,0.0,0.0,0,0,640000.0,0.0,640000.0,640000.0,0.0,0.0,0.0,0.0,0.0,Stable,0,0,1,1.0,0.0,0,0.0,0.0,0.0,640000.0,0.0,5,1,2,1,0,1,0,0,0,24,6,5,3.1780538303479458,6,8,48,460955.5,2,3,0,0,0,0,0,0,0,0,0,1,0,0,1,0,0,1,1,0,0,1,0,0,0,0,1,0,0,0,1,0,0,1,0,0,0,0,0,0,1
R0406,real_4w,3,2,2,2026-04-27 23:03:27,360000.0,Up,270000.0,270000.0,640000.0,0.0,1,0,455000.0,185000.0,270000.0,640000.0,370000.0,-370000.0,-0.578125,-370000.0,-0.578125,Down,0,1,0,0.5934065934065934,0.4065934065934066,0,-370000.0,-0.578125,0.4065934065934066,455000.0,-0.4065934065934066,4,4,2,0,1,1,0,0,0,24,6,5,3.1780538303479458,6,8,48,460955.5,2,3,0,0,0,0,0,0,0,0,0,1,0,0,1,0,0,1,1,0,0,1,0,0,0,0,1,0,0,0,1,0,0,1,0,0,0,0,0,0,0
R0406,real_4w,4,3,3,2026-04-20 23:03:27,595000.0,Up,360000.0,360000.0,270000.0,640000.0,1,1,423333.3333333333,157550.697307953,270000.0,640000.0,370000.0,90000.0,0.3333333333333333,90000.0,0.3333333333333333,Up,1,0,0,0.8503937007874016,0.3721670015148496,0,90000.0,0.3333333333333333,0.3721670015148496,360000.0,0.0,4,3,2,0,0,0,0,0,0,24,6,5,3.1780538303479458,6,8,48,460955.5,2,3,0,0,0,0,0,0,0,0,0,1,0,0,1,0,0,1,1,0,0,1,0,0,0,0,1,0,0,0,1,0,0,1,0,0,0,0,0,0,2
R0407,real_4w,2,1,1,2026-05-05 00:01:21,150000.0,Down,175000.0,175000.0,0.0,0.0,0,0,175000.0,0.0,175000.0,175000.0,0.0,0.0,0.0,0.0,0.0,Stable,0,0,1,1.0,0.0,0,0.0,0.0,0.0,175000.0,0.0,5,1,2,1,0,1,0,0,0,25,7,1,3.4011973816621555,3,4,12,518297.0,1,4,0,0,0,1,0,0,1,0,0,1,0,0,1,0,0,0,0,0,0,1,1,0,0,0,1,0,0,0,0,0,0,0,0,0,0,0,1,0,1
R0407,real_4w,3,2,2,2026-04-28 00:01:21,195000.0,Up,150000.0,150000.0,175000.0,0.0,1,0,162500.0,12500.0,150000.0,175000.0,25000.0,-25000.0,-0.14285714285714285,-25000.0,-0.14285714285714285,Down,0,1,0,0.9230769230769231,0.07692307692307693,0,-25000.0,-0.14285714285714285,0.07692307692307693,162500.0,-0.07692307692307693,4,4,2,0,1,1,0,0,0,25,7,1,3.4011973816621555,3,4,12,518297.0,1,4,0,0,0,1,0,0,1,0,0,1,0,0,1,0,0,0,0,0,0,1,1,0,0,0,1,0,0,0,0,0,0,0,0,0,0,0,1,0,0
R0407,real_4w,4,3,3,2026-04-21 00:01:21,555000.0,Up,195000.0,195000.0,150000.0,175000.0,1,1,173333.33333333334,18408.935028645436,150000.0,195000.0,45000.0,45000.0,0.3,45000.0,0.3,Up,1,0,0,1.125,0.10620539439603136,1,45000.0,0.3,0.10620539439603136,175000.0,0.11428571428571428,4,3,2,0,0,0,0,0,0,25,7,1,3.4011973816621555,3,4,12,518297.0,1,4,0,0,0,1,0,0,1,0,0,1,0,0,1,0,0,0,0,0,0,1,1,0,0,0,1,0,0,0,0,0,0,0,0,0,0,0,1,0,2
R0408,real_4w,2,1,1,2026-05-05 06:37:55,750000.0,Stable,810000.0,810000.0,0.0,0.0,0,0,810000.0,0.0,810000.0,810000.0,0.0,0.0,0.0,0.0,0.0,Stable,0,0,1,1.0,0.0,0,0.0,0.0,0.0,810000.0,0.0,5,1,2,1,0,1,0,0,0,23,1,3,1.3862943611198906,4,8,32,518297.0,2,1,0,0,0,1,0,0,1,0,0,0,1,0,1,0,0,0,0,0,1,1,0,0,1,0,1,0,1,0,0,0,0,0,1,0,0,0,0,0,1
R0408,real_4w,3,2,2,2026-04-28 06:37:55,700000.0,Stable,750000.0,750000.0,810000.0,0.0,1,0,780000.0,30000.0,750000.0,810000.0,60000.0,-60000.0,-0.07407407407407407,-60000.0,-0.07407407407407407,Stable,0,0,1,0.9615384615384616,0.038461538461538464,0,-60000.0,-0.07407407407407407,0.038461538461538464,780000.0,-0.038461538461538464,4,4,2,0,1,1,0,0,0,23,1,3,1.3862943611198906,4,8,32,518297.0,2,1,0,0,0,1,0,0,1,0,0,0,1,0,1,0,0,0,0,0,1,1,0,0,1,0,1,0,1,0,0,0,0,0,1,0,0,0,0,0,1
R0408,real_4w,4,3,3,2026-04-21 06:37:55,1342800.0,Up,700000.0,700000.0,750000.0,810000.0,1,1,753333.3333333334,44969.12521077347,700000.0,810000.0,110000.0,-50000.0,-0.06666666666666667,-50000.0,-0.06666666666666667,Stable,0,0,1,0.9292035398230089,0.059693529040849735,0,-50000.0,-0.06666666666666667,0.059693529040849735,750000.0,-0.06666666666666667,4,3,2,0,0,0,0,0,0,23,1,3,1.3862943611198906,4,8,32,518297.0,2,1,0,0,0,1,0,0,1,0,0,0,1,0,1,0,0,0,0,0,1,1,0,0,1,0,1,0,1,0,0,0,0,0,1,0,0,0,0,0,1
R0409,real_4w,2,1,1,2026-05-05 08:01:43,340000.0,Stable,350000.0,350000.0,0.0,0.0,0,0,350000.0,0.0,350000.0,350000.0,0.0,0.0,0.0,0.0,0.0,Stable,0,0,1,1.0,0.0,0,0.0,0.0,0.0,350000.0,0.0,5,1,2,1,0,1,0,0,0,17,7,2,2.9444389791664403,2,3,6,739240.8333333334,0,1,0,0,0,1,0,0,1,0,0,1,0,1,0,0,0,0,0,0,0,1,0,0,0,0,0,0,0,0,0,1,0,0,0,0,0,0,1,0,1
R0409,real_4w,3,2,2,2026-04-28 08:01:43,350000.0,Stable,340000.0,340000.0,350000.0,0.0,1,0,345000.0,5000.0,340000.0,350000.0,10000.0,-10000.0,-0.02857142857142857,-10000.0,-0.02857142857142857,Stable,0,0,1,0.9855072463768116,0.014492753623188406,0,-10000.0,-0.02857142857142857,0.014492753623188406,345000.0,-0.014492753623188406,4,4,2,0,1,1,0,0,0,17,7,2,2.9444389791664403,2,3,6,739240.8333333334,0,1,0,0,0,1,0,0,1,0,0,1,0,1,0,0,0,0,0,0,0,1,0,0,0,0,0,0,0,0,0,1,0,0,0,0,0,0,1,0,1
R0409,real_4w,4,3,3,2026-04-21 08:01:43,340000.0,Stable,350000.0,350000.0,340000.0,350000.0,1,1,346666.6666666667,4714.045207910317,340000.0,350000.0,10000.0,10000.0,0.029411764705882353,10000.0,0.029411764705882353,Stable,0,0,1,1.0096153846153846,0.01359820733051053,1,10000.0,0.029411764705882353,0.01359820733051053,350000.0,0.0,4,3,2,0,0,0,0,0,0,17,7,2,2.9444389791664403,2,3,6,739240.8333333334,0,1,0,0,0,1,0,0,1,0,0,1,0,1,0,0,0,0,0,0,0,1,0,0,0,0,0,0,0,0,0,1,0,0,0,0,0,0,1,0,1
R0410,real_4w,2,1,1,2026-05-05 09:12:55,1030000.0,Stable,980000.0,980000.0,0.0,0.0,0,0,980000.0,0.0,980000.0,980000.0,0.0,0.0,0.0,0.0,0.0,Stable,0,0,1,1.0,0.0,0,0.0,0.0,0.0,980000.0,0.0,5,1,2,1,0,1,0,0,0,21,1,2,3.091042453358316,4,8,32,739240.8333333334,2,1,0,0,0,1,0,0,1,0,0,0,1,0,1,0,0,0,0,0,0,1,0,0,0,1,1,0,1,0,0,0,0,0,1,0,0,0,0,0,1
R0410,real_4w,3,2,2,2026-04-28 09:12:55,1000000.0,Stable,1030000.0,1030000.0,980000.0,0.0,1,0,1005000.0,25000.0,980000.0,1030000.0,50000.0,50000.0,0.05102040816326531,50000.0,0.05102040816326531,Stable,0,0,1,1.0248756218905473,0.024875621890547265,1,50000.0,0.05102040816326531,0.024875621890547265,1005000.0,0.024875621890547265,4,4,2,0,1,1,0,0,0,21,1,2,3.091042453358316,4,8,32,739240.8333333334,2,1,0,0,0,1,0,0,1,0,0,0,1,0,1,0,0,0,0,0,0,1,0,0,0,1,1,0,1,0,0,0,0,0,1,0,0,0,0,0,1
R0410,real_4w,4,3,3,2026-04-21 09:12:55,1015000.0,Stable,1000000.0,1000000.0,1030000.0,980000.0,1,1,1003333.3333333334,20548.046676563255,980000.0,1030000.0,50000.0,-30000.0,-0.02912621359223301,-30000.0,-0.02912621359223301,Stable,0,0,1,0.9966777408637874,0.02047978074076072,0,-30000.0,-0.02912621359223301,0.02047978074076072,1000000.0,0.0,4,3,2,0,0,0,0,0,0,21,1,2,3.091042453358316,4,8,32,739240.8333333334,2,1,0,0,0,1,0,0,1,0,0,0,1,0,1,0,0,0,0,0,0,1,0,0,0,1,1,0,1,0,0,0,0,0,1,0,0,0,0,0,1
R0411,real_4w,2,1,1,2026-05-05 09:33:46,270000.0,Down,325000.0,325000.0,0.0,0.0,0,0,325000.0,0.0,325000.0,325000.0,0.0,0.0,0.0,0.0,0.0,Stable,0,0,1,1.0,0.0,0,0.0,0.0,0.0,325000.0,0.0,5,1,2,1,0,1,0,0,0,37,6,3,2.5649493574615367,5,6,30,518297.0,1,4,0,0,0,0,0,0,0,0,0,1,0,1,1,0,0,0,1,0,0,1,0,0,0,0,1,0,0,0,0,1,0,1,0,0,0,0,0,0,1
R0411,real_4w,3,2,2,2026-04-28 09:33:46,270000.0,Stable,270000.0,270000.0,325000.0,0.0,1,0,297500.0,27500.0,270000.0,325000.0,55000.0,-55000.0,-0.16923076923076924,-55000.0,-0.16923076923076924,Down,0,1,0,0.907563025210084,0.09243697478991597,0,-55000.0,-0.16923076923076924,0.09243697478991597,297500.0,-0.09243697478991597,4,4,2,0,1,1,0,0,0,37,6,3,2.5649493574615367,5,6,30,518297.0,1,4,0,0,0,0,0,0,0,0,0,1,0,1,1,0,0,0,1,0,0,1,0,0,0,0,1,0,0,0,0,1,0,1,0,0,0,0,0,0,0
R0411,real_4w,4,3,3,2026-04-21 09:33:46,325000.0,Up,270000.0,270000.0,270000.0,325000.0,1,1,288333.3333333333,25927.248643506744,270000.0,325000.0,55000.0,0.0,0.0,0.0,0.0,Stable,0,0,1,0.9364161849710984,0.08992109356129507,0,0.0,0.0,0.08992109356129507,270000.0,0.0,4,3,2,0,0,0,0,0,0,37,6,3,2.5649493574615367,5,6,30,518297.0,1,4,0,0,0,0,0,0,0,0,0,1,0,1,1,0,0,0,1,0,0,1,0,0,0,0,1,0,0,0,0,1,0,1,0,0,0,0,0,0,1
R0412,real_4w,2,1,1,2026-05-05 09:45:21,305000.0,Up,210000.0,210000.0,0.0,0.0,0,0,210000.0,0.0,210000.0,210000.0,0.0,0.0,0.0,0.0,0.0,Stable,0,0,1,1.0,0.0,0,0.0,0.0,0.0,210000.0,0.0,5,1,2,1,0,1,0,0,0,38,3,7,2.995732273553991,4,4,16,559306.0,1,0,0,0,0,1,0,1,1,1,0,1,1,0,1,0,0,1,1,0,0,1,0,1,0,0,1,0,1,0,1,0,1,0,0,0,0,0,0,0,1
R0412,real_4w,3,2,2,2026-04-28 09:45:21,175000.0,Down,305000.0,305000.0,210000.0,0.0,1,0,257500.0,47500.0,210000.0,305000.0,95000.0,95000.0,0.4523809523809524,95000.0,0.4523809523809524,Up,1,0,0,1.1844660194174756,0.18446601941747573,1,95000.0,0.4523809523809524,0.18446601941747573,257500.0,0.18446601941747573,4,4,2,0,1,1,0,0,0,38,3,7,2.995732273553991,4,4,16,559306.0,1,0,0,0,0,1,0,1,1,1,0,1,1,0,1,0,0,1,1,0,0,1,0,1,0,0,1,0,1,0,1,0,1,0,0,0,0,0,0,0,2
R0412,real_4w,4,3,3,2026-04-21 09:45:21,280000.0,Up,175000.0,175000.0,305000.0,210000.0,1,1,230000.0,54924.1901776136,175000.0,305000.0,130000.0,-130000.0,-0.4262295081967213,-130000.0,-0.4262295081967213,Down,0,1,0,0.7608695652173914,0.23880082685918957,0,-130000.0,-0.4262295081967213,0.23880082685918957,210000.0,-0.16666666666666666,4,3,2,0,0,0,0,0,0,38,3,7,2.995732273553991,4,4,16,559306.0,1,0,0,0,0,1,0,1,1,1,0,1,1,0,1,0,0,1,1,0,0,1,0,1,0,0,1,0,1,0,1,0,1,0,0,0,0,0,0,0,0
R0413,real_4w,2,1,1,2026-05-05 10:51:38,160000.0,Up,80000.0,80000.0,0.0,0.0,0,0,80000.0,0.0,80000.0,80000.0,0.0,0.0,0.0,0.0,0.0,Stable,0,0,1,1.0,0.0,0,0.0,0.0,0.0,80000.0,0.0,5,1,2,1,0,1,0,0,0,22,3,1,2.833213344056216,5,5,25,518297.0,1,1,0,0,0,1,0,0,1,0,0,1,1,0,0,0,0,1,0,0,0,1,0,0,0,0,0,0,1,0,1,0,1,0,0,0,0,0,0,0,1
R0413,real_4w,3,2,2,2026-04-28 10:51:38,100000.0,Down,160000.0,160000.0,80000.0,0.0,1,0,120000.0,40000.0,80000.0,160000.0,80000.0,80000.0,1.0,80000.0,1.0,Up,1,0,0,1.3333333333333333,0.3333333333333333,1,80000.0,1.0,0.3333333333333333,120000.0,0.3333333333333333,4,4,2,0,1,1,0,0,0,22,3,1,2.833213344056216,5,5,25,518297.0,1,1,0,0,0,1,0,0,1,0,0,1,1,0,0,0,0,1,0,0,0,1,0,0,0,0,0,0,1,0,1,0,1,0,0,0,0,0,0,0,2
R0413,real_4w,4,3,3,2026-04-21 10:51:38,130000.0,Up,100000.0,100000.0,160000.0,80000.0,1,1,113333.33333333333,33993.4634239519,80000.0,160000.0,80000.0,-60000.0,-0.375,-60000.0,-0.375,Down,0,1,0,0.8823529411764707,0.2999423243289874,0,-60000.0,-0.375,0.2999423243289874,100000.0,0.0,4,3,2,0,0,0,0,0,0,22,3,1,2.833213344056216,5,5,25,518297.0,1,1,0,0,0,1,0,0,1,0,0,1,1,0,0,0,0,1,0,0,0,1,0,0,0,0,0,0,1,0,1,0,1,0,0,0,0,0,0,0,0
R0414,real_4w,2,1,1,2026-05-05 11:50:50,130000.0,Down,175000.0,175000.0,0.0,0.0,0,0,175000.0,0.0,175000.0,175000.0,0.0,0.0,0.0,0.0,0.0,Stable,0,0,1,1.0,0.0,0,0.0,0.0,0.0,175000.0,0.0,5,1,2,1,0,1,0,0,0,20,3,2,4.31748811353631,5,3,15,739240.8333333334,1,0,0,0,0,0,0,1,1,1,0,0,0,0,0,0,1,1,1,0,0,1,0,1,0,0,0,0,0,1,1,0,1,0,0,0,0,0,0,0,1
R0414,real_4w,3,2,2,2026-04-28 11:50:50,125000.0,Stable,130000.0,130000.0,175000.0,0.0,1,0,152500.0,22500.0,130000.0,175000.0,45000.0,-45000.0,-0.2571428571428571,-45000.0,-0.2571428571428571,Down,0,1,0,0.8524590163934426,0.14754098360655737,0,-45000.0,-0.2571428571428571,0.14754098360655737,152500.0,-0.14754098360655737,4,4,2,0,1,1,0,0,0,20,3,2,4.31748811353631,5,3,15,739240.8333333334,1,0,0,0,0,0,0,1,1,1,0,0,0,0,0,0,1,1,1,0,0,1,0,1,0,0,0,0,0,1,1,0,1,0,0,0,0,0,0,0,0
R0414,real_4w,4,3,3,2026-04-21 11:50:50,150000.0,Up,125000.0,125000.0,130000.0,175000.0,1,1,143333.33333333334,22484.562605386738,125000.0,175000.0,50000.0,-5000.0,-0.038461538461538464,-5000.0,-0.038461538461538464,Stable,0,0,1,0.872093023255814,0.15686904143293073,0,-5000.0,-0.038461538461538464,0.15686904143293073,130000.0,-0.038461538461538464,4,3,2,0,0,0,0,0,0,20,3,2,4.31748811353631,5,3,15,739240.8333333334,1,0,0,0,0,0,0,1,1,1,0,0,0,0,0,0,1,1,1,0,0,1,0,1,0,0,0,0,0,1,1,0,1,0,0,0,0,0,0,0,1
R0415,real_4w,2,1,1,2026-05-05 11:59:23,415000.0,Up,365000.0,365000.0,0.0,0.0,0,0,365000.0,0.0,365000.0,365000.0,0.0,0.0,0.0,0.0,0.0,Stable,0,0,1,1.0,0.0,0,0.0,0.0,0.0,365000.0,0.0,5,1,2,1,0,1,0,0,0,29,6,1,3.8918202981106265,6,8,48,518297.0,2,0,0,0,0,0,0,0,0,0,0,1,0,0,1,0,0,1,0,0,0,1,0,0,0,0,1,0,0,0,1,0,0,1,0,0,0,0,0,0,1
R0415,real_4w,3,2,2,2026-04-28 11:59:23,425000.0,Stable,415000.0,415000.0,365000.0,0.0,1,0,390000.0,25000.0,365000.0,415000.0,50000.0,50000.0,0.136986301369863,50000.0,0.136986301369863,Up,1,0,0,1.064102564102564,0.0641025641025641,1,50000.0,0.136986301369863,0.0641025641025641,390000.0,0.0641025641025641,4,4,2,0,1,1,0,0,0,29,6,1,3.8918202981106265,6,8,48,518297.0,2,0,0,0,0,0,0,0,0,0,0,1,0,0,1,0,0,1,0,0,0,1,0,0,0,0,1,0,0,0,1,0,0,1,0,0,0,0,0,0,2
R0415,real_4w,4,3,3,2026-04-21 11:59:23,350000.0,Down,425000.0,425000.0,415000.0,365000.0,1,1,401666.6666666667,26246.692913372703,365000.0,425000.0,60000.0,10000.0,0.024096385542168676,10000.0,0.024096385542168676,Stable,0,0,1,1.058091286307054,0.06534446368474532,1,10000.0,0.024096385542168676,0.06534446368474532,415000.0,0.024096385542168676,4,3,2,0,0,0,0,0,0,29,6,1,3.8918202981106265,6,8,48,518297.0,2,0,0,0,0,0,0,0,0,0,0,1,0,0,1,0,0,1,0,0,0,1,0,0,0,0,1,0,0,0,1,0,0,1,0,0,0,0,0,0,1
R0416,real_4w,2,1,1,2026-05-05 14:16:48,960000.0,Stable,925000.0,925000.0,0.0,0.0,0,0,925000.0,0.0,925000.0,925000.0,0.0,0.0,0.0,0.0,0.0,Stable,0,0,1,1.0,0.0,0,0.0,0.0,0.0,925000.0,0.0,5,1,2,1,0,1,0,0,0,25,1,2,3.713572066704308,4,7,28,739240.8333333334,2,2,0,0,0,1,0,0,1,0,0,0,1,0,0,0,0,0,0,0,0,1,0,0,0,0,0,0,1,0,0,0,0,0,1,0,0,0,0,0,1
R0416,real_4w,3,2,2,2026-04-28 14:16:48,725000.0,Down,960000.0,960000.0,925000.0,0.0,1,0,942500.0,17500.0,925000.0,960000.0,35000.0,35000.0,0.03783783783783784,35000.0,0.03783783783783784,Stable,0,0,1,1.0185676392572944,0.01856763925729443,1,35000.0,0.03783783783783784,0.01856763925729443,942500.0,0.01856763925729443,4,4,2,0,1,1,0,0,0,25,1,2,3.713572066704308,4,7,28,739240.8333333334,2,2,0,0,0,1,0,0,1,0,0,0,1,0,0,0,0,0,0,0,0,1,0,0,0,0,0,0,1,0,0,0,0,0,1,0,0,0,0,0,1
R0416,real_4w,4,3,3,2026-04-21 14:16:48,310000.0,Down,725000.0,725000.0,960000.0,925000.0,1,1,870000.0,103521.33435513022,725000.0,960000.0,235000.0,-235000.0,-0.24479166666666666,-235000.0,-0.24479166666666666,Down,0,1,0,0.8333333333333334,0.11899003948865543,0,-235000.0,-0.24479166666666666,0.11899003948865543,925000.0,-0.21621621621621623,4,3,2,0,0,0,0,0,0,25,1,2,3.713572066704308,4,7,28,739240.8333333334,2,2,0,0,0,1,0,0,1,0,0,0,1,0,0,0,0,0,0,0,0,1,0,0,0,0,0,0,1,0,0,0,0,0,1,0,0,0,0,0,0
R0417,real_4w,2,1,1,2026-05-05 18:26:41,500000.0,Stable,500000.0,500000.0,0.0,0.0,0,0,500000.0,0.0,500000.0,500000.0,0.0,0.0,0.0,0.0,0.0,Stable,0,0,1,1.0,0.0,0,0.0,0.0,0.0,500000.0,0.0,5,1,2,1,0,1,0,0,0,34,6,1,3.1780538303479458,5,6,30,518297.0,2,0,0,0,0,0,0,0,0,0,0,1,0,1,1,0,0,0,0,0,0,1,0,0,0,0,1,0,0,0,0,1,0,1,0,0,0,0,0,0,1
R0417,real_4w,3,2,2,2026-04-28 18:26:41,525000.0,Stable,500000.0,500000.0,500000.0,0.0,1,0,500000.0,0.0,500000.0,500000.0,0.0,0.0,0.0,0.0,0.0,Stable,0,0,1,1.0,0.0,0,0.0,0.0,0.0,500000.0,0.0,4,4,2,0,1,1,0,0,0,34,6,1,3.1780538303479458,5,6,30,518297.0,2,0,0,0,0,0,0,0,0,0,0,1,0,1,1,0,0,0,0,0,0,1,0,0,0,0,1,0,0,0,0,1,0,1,0,0,0,0,0,0,1
R0417,real_4w,4,3,3,2026-04-21 18:26:41,575000.0,Stable,525000.0,525000.0,500000.0,500000.0,1,1,508333.3333333333,11785.113019775792,500000.0,525000.0,25000.0,25000.0,0.05,25000.0,0.05,Stable,0,0,1,1.0327868852459017,0.023183828891362213,1,25000.0,0.05,0.023183828891362213,500000.0,0.05,4,3,2,0,0,0,0,0,0,34,6,1,3.1780538303479458,5,6,30,518297.0,2,0,0,0,0,0,0,0,0,0,0,1,0,1,1,0,0,0,0,0,0,1,0,0,0,0,1,0,0,0,0,1,0,1,0,0,0,0,0,0,1
R0418,real_4w,2,1,1,2026-05-05 19:11:25,245000.0,Up,110000.0,110000.0,0.0,0.0,0,0,110000.0,0.0,110000.0,110000.0,0.0,0.0,0.0,0.0,0.0,Stable,0,0,1,1.0,0.0,0,0.0,0.0,0.0,110000.0,0.0,5,1,2,1,0,1,0,0,0,26,0,4,3.6375861597263857,5,6,30,442180.75,0,3,0,0,0,0,0,1,1,1,0,1,0,1,0,1,0,0,1,0,0,1,0,0,0,1,0,1,0,0,0,1,0,0,0,0,0,0,0,1,1
R0418,real_4w,3,2,2,2026-04-28 19:11:25,250000.0,Stable,245000.0,245000.0,110000.0,0.0,1,0,177500.0,67500.0,110000.0,245000.0,135000.0,135000.0,1.2272727272727273,135000.0,1.2272727272727273,Up,1,0,0,1.380281690140845,0.38028169014084506,1,135000.0,1.2272727272727273,0.38028169014084506,177500.0,0.38028169014084506,4,4,2,0,1,1,0,0,0,26,0,4,3.6375861597263857,5,6,30,442180.75,0,3,0,0,0,0,0,1,1,1,0,1,0,1,0,1,0,0,1,0,0,1,0,0,0,1,0,1,0,0,0,1,0,0,0,0,0,0,0,1,2
R0418,real_4w,4,3,3,2026-04-21 19:11:25,140000.0,Down,250000.0,250000.0,245000.0,110000.0,1,1,201666.66666666666,64850.25486114573,110000.0,250000.0,140000.0,5000.0,0.02040816326530612,5000.0,0.02040816326530612,Stable,0,0,1,1.2396694214876034,0.3215715117081607,1,5000.0,0.02040816326530612,0.3215715117081607,245000.0,0.02040816326530612,4,3,2,0,0,0,0,0,0,26,0,4,3.6375861597263857,5,6,30,442180.75,0,3,0,0,0,0,0,1,1,1,0,1,0,1,0,1,0,0,1,0,0,1,0,0,0,1,0,1,0,0,0,1,0,0,0,0,0,0,0,1,1
R0419,real_4w,2,1,1,2026-05-05 19:53:19,1273200.0,Up,1075000.0,1075000.0,0.0,0.0,0,0,1075000.0,0.0,1075000.0,1075000.0,0.0,0.0,0.0,0.0,0.0,Stable,0,0,1,1.0,0.0,0,0.0,0.0,0.0,1075000.0,0.0,5,1,2,1,0,1,0,0,0,33,5,1,3.295836866004329,5,11,55,518297.0,2,1,0,1,1,0,0,0,0,0,0,0,0,1,0,0,0,0,0,0,0,1,0,0,0,0,0,0,0,0,0,1,0,0,0,1,0,0,0,0,1
R0419,real_4w,3,2,2,2026-04-28 19:53:19,1095000.0,Down,1273200.0,1273200.0,1075000.0,0.0,1,0,1174100.0,99100.0,1075000.0,1273200.0,198200.0,198200.0,0.1843720930232558,198200.0,0.1843720930232558,Up,1,0,0,1.0844050762286006,0.08440507622860063,1,198200.0,0.1843720930232558,0.08440507622860063,1174100.0,0.08440507622860063,4,4,2,0,1,1,0,0,0,33,5,1,3.295836866004329,5,11,55,518297.0,2,1,0,1,1,0,0,0,0,0,0,0,0,1,0,0,0,0,0,0,0,1,0,0,0,0,0,0,0,0,0,1,0,0,0,1,0,0,0,0,2
R0419,real_4w,4,3,3,2026-04-21 19:53:19,1150000.0,Stable,1095000.0,1095000.0,1273200.0,1075000.0,1,1,1147733.3333333333,89093.25950311217,1075000.0,1273200.0,198200.0,-178200.0,-0.13996229971724788,-178200.0,-0.13996229971724788,Down,0,1,0,0.9540543680297399,0.07762540035703315,0,-178200.0,-0.13996229971724788,0.07762540035703315,1095000.0,0.0,4,3,2,0,0,0,0,0,0,33,5,1,3.295836866004329,5,11,55,518297.0,2,1,0,1,1,0,0,0,0,0,0,0,0,1,0,0,0,0,0,0,0,1,0,0,0,0,0,0,0,0,0,1,0,0,0,1,0,0,0,0,0
R0420,real_4w,2,1,1,2026-05-05 21:13:58,310000.0,Down,350000.0,350000.0,0.0,0.0,0,0,350000.0,0.0,350000.0,350000.0,0.0,0.0,0.0,0.0,0.0,Stable,0,0,1,1.0,0.0,0,0.0,0.0,0.0,350000.0,0.0,5,1,2,1,0,1,0,0,0,20,7,1,4.3694478524670215,4,5,20,518297.0,1,1,0,0,0,1,0,0,1,0,0,1,1,1,1,0,0,0,0,0,1,1,0,0,0,0,1,0,1,0,0,1,0,0,0,0,0,0,1,0,1
R0420,real_4w,3,2,2,2026-04-28 21:13:58,340000.0,Stable,310000.0,310000.0,350000.0,0.0,1,0,330000.0,20000.0,310000.0,350000.0,40000.0,-40000.0,-0.11428571428571428,-40000.0,-0.11428571428571428,Down,0,1,0,0.9393939393939394,0.06060606060606061,0,-40000.0,-0.11428571428571428,0.06060606060606061,330000.0,-0.06060606060606061,4,4,2,0,1,1,0,0,0,20,7,1,4.3694478524670215,4,5,20,518297.0,1,1,0,0,0,1,0,0,1,0,0,1,1,1,1,0,0,0,0,0,1,1,0,0,0,0,1,0,1,0,0,1,0,0,0,0,0,0,1,0,0
R0420,real_4w,4,3,3,2026-04-21 21:13:58,210000.0,Down,340000.0,340000.0,310000.0,350000.0,1,1,333333.3333333333,16996.73171197595,310000.0,350000.0,40000.0,30000.0,0.0967741935483871,30000.0,0.0967741935483871,Stable,0,0,1,1.02,0.050990195135927854,1,30000.0,0.0967741935483871,0.050990195135927854,340000.0,0.0,4,3,2,0,0,0,0,0,0,20,7,1,4.3694478524670215,4,5,20,518297.0,1,1,0,0,0,1,0,0,1,0,0,1,1,1,1,0,0,0,0,0,1,1,0,0,0,0,1,0,1,0,0,1,0,0,0,0,0,0,1,0,1
R0421,real_4w,2,1,1,2026-05-05 23:30:04,550000.0,Stable,590000.0,590000.0,0.0,0.0,0,0,590000.0,0.0,590000.0,590000.0,0.0,0.0,0.0,0.0,0.0,Stable,0,0,1,1.0,0.0,0,0.0,0.0,0.0,590000.0,0.0,5,1,2,1,0,1,0,0,0,18,4,0,3.1780538303479458,6,8,48,548095.6666666666,2,4,0,1,0,0,0,1,0,0,0,0,0,0,1,0,0,0,0,0,0,1,0,1,0,0,1,0,0,0,0,0,0,0,0,0,1,0,0,0,1
R0421,real_4w,3,2,2,2026-04-28 23:30:04,625000.0,Up,550000.0,550000.0,590000.0,0.0,1,0,570000.0,20000.0,550000.0,590000.0,40000.0,-40000.0,-0.06779661016949153,-40000.0,-0.06779661016949153,Stable,0,0,1,0.9649122807017544,0.03508771929824561,0,-40000.0,-0.06779661016949153,0.03508771929824561,570000.0,-0.03508771929824561,4,4,2,0,1,1,0,0,0,18,4,0,3.1780538303479458,6,8,48,548095.6666666666,2,4,0,1,0,0,0,1,0,0,0,0,0,0,1,0,0,0,0,0,0,1,0,1,0,0,1,0,0,0,0,0,0,0,0,0,1,0,0,0,1
R0421,real_4w,4,3,3,2026-04-21 23:30:04,650000.0,Stable,625000.0,625000.0,550000.0,590000.0,1,1,588333.3333333334,30641.29385141706,550000.0,625000.0,75000.0,75000.0,0.13636363636363635,75000.0,0.13636363636363635,Up,1,0,0,1.0623229461756374,0.0520815192941933,1,75000.0,0.13636363636363635,0.0520815192941933,590000.0,0.059322033898305086,4,3,2,0,0,0,0,0,0,18,4,0,3.1780538303479458,6,8,48,548095.6666666666,2,4,0,1,0,0,0,1,0,0,0,0,0,0,1,0,0,0,0,0,0,1,0,1,0,0,1,0,0,0,0,0,0,0,0,0,1,0,0,0,2
R0422,real_4w,2,1,1,2026-05-05 23:36:55,1010000.0,Up,850000.0,850000.0,0.0,0.0,0,0,850000.0,0.0,850000.0,850000.0,0.0,0.0,0.0,0.0,0.0,Stable,0,0,1,1.0,0.0,0,0.0,0.0,0.0,850000.0,0.0,5,1,2,1,0,1,0,0,0,31,5,7,1.0986122886681096,6,11,66,559306.0,2,2,0,1,0,0,0,0,0,0,0,0,0,1,0,0,1,0,0,0,1,1,0,0,0,0,0,0,0,1,0,1,0,0,0,1,0,0,0,0,1
R0422,real_4w,3,2,2,2026-04-28 23:36:55,645000.0,Down,1010000.0,1010000.0,850000.0,0.0,1,0,930000.0,80000.0,850000.0,1010000.0,160000.0,160000.0,0.18823529411764706,160000.0,0.18823529411764706,Up,1,0,0,1.086021505376344,0.08602150537634409,1,160000.0,0.18823529411764706,0.08602150537634409,930000.0,0.08602150537634409,4,4,2,0,1,1,0,0,0,31,5,7,1.0986122886681096,6,11,66,559306.0,2,2,0,1,0,0,0,0,0,0,0,0,0,1,0,0,1,0,0,0,1,1,0,0,0,0,0,0,0,1,0,1,0,0,0,1,0,0,0,0,2
R0422,real_4w,4,3,3,2026-04-21 23:36:55,500000.0,Down,645000.0,645000.0,1010000.0,850000.0,1,1,835000.0,149387.6389353104,645000.0,1010000.0,365000.0,-365000.0,-0.3613861386138614,-365000.0,-0.3613861386138614,Down,0,1,0,0.7724550898203593,0.1789073520183358,0,-365000.0,-0.3613861386138614,0.1789073520183358,850000.0,-0.2411764705882353,4,3,2,0,0,0,0,0,0,31,5,7,1.0986122886681096,6,11,66,559306.0,2,2,0,1,0,0,0,0,0,0,0,0,0,1,0,0,1,0,0,0,1,1,0,0,0,0,0,0,0,1,0,1,0,0,0,1,0,0,0,0,0
R0423,real_4w,2,1,1,2026-05-06 07:44:31,215000.0,Up,175000.0,175000.0,0.0,0.0,0,0,175000.0,0.0,175000.0,175000.0,0.0,0.0,0.0,0.0,0.0,Stable,0,0,1,1.0,0.0,0,0.0,0.0,0.0,175000.0,0.0,5,1,2,1,0,1,0,0,0,19,1,0,2.4849066497880004,6,7,42,548095.6666666666,1,1,0,0,0,0,0,0,0,0,0,0,1,0,1,0,0,0,0,0,1,1,0,0,0,1,1,0,1,0,0,0,0,0,1,0,0,0,0,0,1
R0423,real_4w,3,2,2,2026-04-29 07:44:31,150000.0,Down,215000.0,215000.0,175000.0,0.0,1,0,195000.0,20000.0,175000.0,215000.0,40000.0,40000.0,0.22857142857142856,40000.0,0.22857142857142856,Up,1,0,0,1.1025641025641026,0.10256410256410256,1,40000.0,0.22857142857142856,0.10256410256410256,195000.0,0.10256410256410256,4,5,2,0,1,1,0,0,0,19,1,0,2.4849066497880004,6,7,42,548095.6666666666,1,1,0,0,0,0,0,0,0,0,0,0,1,0,1,0,0,0,0,0,1,1,0,0,0,1,1,0,1,0,0,0,0,0,1,0,0,0,0,0,2
R0423,real_4w,4,3,3,2026-04-22 07:44:31,200000.0,Up,150000.0,150000.0,215000.0,175000.0,1,1,180000.0,26770.630673681684,150000.0,215000.0,65000.0,-65000.0,-0.3023255813953488,-65000.0,-0.3023255813953488,Down,0,1,0,0.8333333333333334,0.14872572596489825,0,-65000.0,-0.3023255813953488,0.14872572596489825,175000.0,-0.14285714285714285,4,4,2,0,0,0,0,0,0,19,1,0,2.4849066497880004,6,7,42,548095.6666666666,1,1,0,0,0,0,0,0,0,0,0,0,1,0,1,0,0,0,0,0,1,1,0,0,0,1,1,0,1,0,0,0,0,0,1,0,0,0,0,0,0
R0424,real_4w,2,1,1,2026-05-06 08:20:11,810000.0,Up,18400.0,18400.0,0.0,0.0,0,0,18400.0,0.0,18400.0,18400.0,0.0,0.0,0.0,0.0,0.0,Stable,0,0,1,1.0,0.0,0,0.0,0.0,0.0,18400.0,0.0,5,1,2,1,0,1,0,0,0,24,1,2,4.23410650459726,4,4,16,739240.8333333334,0,2,1,0,0,0,0,0,0,0,0,0,1,0,1,0,0,1,0,0,0,1,0,0,0,0,1,0,1,0,1,0,0,0,1,0,0,0,0,0,1
R0424,real_4w,3,2,2,2026-04-29 08:20:11,770000.0,Stable,810000.0,810000.0,18400.0,0.0,1,0,414200.0,395800.0,18400.0,810000.0,791600.0,791600.0,43.02173913043478,791600.0,43.02173913043478,Up,1,0,0,1.9555770159343313,0.9555770159343312,1,791600.0,43.02173913043478,0.9555770159343312,414200.0,0.9555770159343312,4,5,2,0,1,1,0,0,0,24,1,2,4.23410650459726,4,4,16,739240.8333333334,0,2,1,0,0,0,0,0,0,0,0,0,1,0,1,0,0,1,0,0,0,1,0,0,0,0,1,0,1,0,1,0,0,0,1,0,0,0,0,0,2
R0424,real_4w,4,3,3,2026-04-22 08:20:11,680000.0,Down,770000.0,770000.0,810000.0,18400.0,1,1,532800.0,364102.11022001324,18400.0,810000.0,791600.0,-40000.0,-0.04938271604938271,-40000.0,-0.04938271604938271,Stable,0,0,1,1.4451951951951951,0.6833748314940189,1,-40000.0,-0.04938271604938271,0.6833748314940189,770000.0,0.0,4,4,2,0,0,0,0,0,0,24,1,2,4.23410650459726,4,4,16,739240.8333333334,0,2,1,0,0,0,0,0,0,0,0,0,1,0,1,0,0,1,0,0,0,1,0,0,0,0,1,0,1,0,1,0,0,0,1,0,0,0,0,0,1
R0425,real_4w,2,1,1,2026-05-06 09:00:54,450000.0,Up,320000.0,320000.0,0.0,0.0,0,0,320000.0,0.0,320000.0,320000.0,0.0,0.0,0.0,0.0,0.0,Stable,0,0,1,1.0,0.0,0,0.0,0.0,0.0,320000.0,0.0,5,1,2,1,0,1,0,0,0,33,3,6,3.044522437723423,6,6,36,653189.75,2,1,0,0,0,1,0,1,1,1,0,1,0,0,1,1,0,0,0,0,0,1,0,0,0,1,1,1,0,0,0,0,1,0,0,0,0,0,0,0,1
R0425,real_4w,3,2,2,2026-04-29 09:00:54,415000.0,Stable,450000.0,450000.0,320000.0,0.0,1,0,385000.0,65000.0,320000.0,450000.0,130000.0,130000.0,0.40625,130000.0,0.40625,Up,1,0,0,1.1688311688311688,0.16883116883116883,1,130000.0,0.40625,0.16883116883116883,385000.0,0.16883116883116883,4,5,2,0,1,1,0,0,0,33,3,6,3.044522437723423,6,6,36,653189.75,2,1,0,0,0,1,0,1,1,1,0,1,0,0,1,1,0,0,0,0,0,1,0,0,0,1,1,1,0,0,0,0,1,0,0,0,0,0,0,0,2
R0425,real_4w,4,3,3,2026-04-22 09:00:54,505000.0,Up,415000.0,415000.0,450000.0,320000.0,1,1,395000.0,54924.1901776136,320000.0,450000.0,130000.0,-35000.0,-0.07777777777777778,-35000.0,-0.07777777777777778,Stable,0,0,1,1.0506329113924051,0.1390485827281357,1,-35000.0,-0.07777777777777778,0.1390485827281357,415000.0,0.0,4,4,2,0,0,0,0,0,0,33,3,6,3.044522437723423,6,6,36,653189.75,2,1,0,0,0,1,0,1,1,1,0,1,0,0,1,1,0,0,0,0,0,1,0,0,0,1,1,1,0,0,0,0,1,0,0,0,0,0,0,0,1
R0426,real_4w,2,1,1,2026-05-06 09:41:53,110000.0,Down,140000.0,140000.0,0.0,0.0,0,0,140000.0,0.0,140000.0,140000.0,0.0,0.0,0.0,0.0,0.0,Stable,0,0,1,1.0,0.0,0,0.0,0.0,0.0,140000.0,0.0,5,1,2,1,0,1,0,0,0,25,7,1,4.248495242049359,2,4,8,518297.0,0,0,0,0,0,0,0,0,0,0,0,1,0,1,0,0,0,0,0,0,0,1,1,0,0,1,0,0,0,0,0,1,0,0,0,0,0,0,1,0,1
R0426,real_4w,3,2,2,2026-04-29 09:41:53,200000.0,Up,110000.0,110000.0,140000.0,0.0,1,0,125000.0,15000.0,110000.0,140000.0,30000.0,-30000.0,-0.21428571428571427,-30000.0,-0.21428571428571427,Down,0,1,0,0.88,0.12,0,-30000.0,-0.21428571428571427,0.12,125000.0,-0.12,4,5,2,0,1,1,0,0,0,25,7,1,4.248495242049359,2,4,8,518297.0,0,0,0,0,0,0,0,0,0,0,0,1,0,1,0,0,0,0,0,0,0,1,1,0,0,1,0,0,0,0,0,1,0,0,0,0,0,0,1,0,0
R0426,real_4w,4,3,3,2026-04-22 09:41:53,140000.0,Down,200000.0,200000.0,110000.0,140000.0,1,1,150000.0,37416.57386773941,110000.0,200000.0,90000.0,90000.0,0.8181818181818182,90000.0,0.8181818181818182,Up,1,0,0,1.3333333333333333,0.2494438257849294,1,90000.0,0.8181818181818182,0.2494438257849294,140000.0,0.42857142857142855,4,4,2,0,0,0,0,0,0,25,7,1,4.248495242049359,2,4,8,518297.0,0,0,0,0,0,0,0,0,0,0,0,1,0,1,0,0,0,0,0,0,0,1,1,0,0,1,0,0,0,0,0,1,0,0,0,0,0,0,1,0,2
R0427,real_4w,2,1,1,2026-05-06 10:04:08,600000.0,Up,475000.0,475000.0,0.0,0.0,0,0,475000.0,0.0,475000.0,475000.0,0.0,0.0,0.0,0.0,0.0,Stable,0,0,1,1.0,0.0,0,0.0,0.0,0.0,475000.0,0.0,5,1,2,1,0,1,0,0,0,28,6,0,3.912023005428146,5,7,35,548095.6666666666,1,4,0,0,0,0,0,0,0,0,0,1,0,1,1,0,0,1,0,0,0,1,0,0,0,0,1,0,0,0,1,1,0,1,0,0,0,0,0,0,1
R0427,real_4w,3,2,2,2026-04-29 10:04:08,620000.0,Stable,600000.0,600000.0,475000.0,0.0,1,0,537500.0,62500.0,475000.0,600000.0,125000.0,125000.0,0.2631578947368421,125000.0,0.2631578947368421,Up,1,0,0,1.1162790697674418,0.11627906976744186,1,125000.0,0.2631578947368421,0.11627906976744186,537500.0,0.11627906976744186,4,5,2,0,1,1,0,0,0,28,6,0,3.912023005428146,5,7,35,548095.6666666666,1,4,0,0,0,0,0,0,0,0,0,1,0,1,1,0,0,1,0,0,0,1,0,0,0,0,1,0,0,0,1,1,0,1,0,0,0,0,0,0,2
R0427,real_4w,4,3,3,2026-04-22 10:04:08,630000.0,Stable,620000.0,620000.0,600000.0,475000.0,1,1,565000.0,64161.255183067195,475000.0,620000.0,145000.0,20000.0,0.03333333333333333,20000.0,0.03333333333333333,Stable,0,0,1,1.0973451327433628,0.11355974368684459,1,20000.0,0.03333333333333333,0.11355974368684459,600000.0,0.03333333333333333,4,4,2,0,0,0,0,0,0,28,6,0,3.912023005428146,5,7,35,548095.6666666666,1,4,0,0,0,0,0,0,0,0,0,1,0,1,1,0,0,1,0,0,0,1,0,0,0,0,1,0,0,0,1,1,0,1,0,0,0,0,0,0,1
R0428,real_4w,2,1,1,2026-05-06 11:54:27,455000.0,Up,360000.0,360000.0,0.0,0.0,0,0,360000.0,0.0,360000.0,360000.0,0.0,0.0,0.0,0.0,0.0,Stable,0,0,1,1.0,0.0,0,0.0,0.0,0.0,360000.0,0.0,5,1,2,1,0,1,0,0,0,24,1,0,0.6931471805599453,3,6,18,548095.6666666666,0,0,0,0,0,1,0,0,1,0,0,0,1,0,1,0,0,1,0,0,0,1,0,0,0,1,1,0,1,0,1,0,0,0,1,0,0,0,0,0,1
R0428,real_4w,3,2,2,2026-04-29 11:54:27,475000.0,Stable,455000.0,455000.0,360000.0,0.0,1,0,407500.0,47500.0,360000.0,455000.0,95000.0,95000.0,0.2638888888888889,95000.0,0.2638888888888889,Up,1,0,0,1.116564417177914,0.1165644171779141,1,95000.0,0.2638888888888889,0.1165644171779141,407500.0,0.1165644171779141,4,5,2,0,1,1,0,0,0,24,1,0,0.6931471805599453,3,6,18,548095.6666666666,0,0,0,0,0,1,0,0,1,0,0,0,1,0,1,0,0,1,0,0,0,1,0,0,0,1,1,0,1,0,1,0,0,0,1,0,0,0,0,0,2
R0428,real_4w,4,3,3,2026-04-22 11:54:27,450000.0,Stable,475000.0,475000.0,455000.0,360000.0,1,1,430000.0,50166.3898109747,360000.0,475000.0,115000.0,20000.0,0.04395604395604396,20000.0,0.04395604395604396,Stable,0,0,1,1.1046511627906976,0.11666602281622024,1,20000.0,0.04395604395604396,0.11666602281622024,455000.0,0.04395604395604396,4,4,2,0,0,0,0,0,0,24,1,0,0.6931471805599453,3,6,18,548095.6666666666,0,0,0,0,0,1,0,0,1,0,0,0,1,0,1,0,0,1,0,0,0,1,0,0,0,1,1,0,1,0,1,0,0,0,1,0,0,0,0,0,1
R0429,real_4w,2,1,1,2026-05-06 14:27:12,1273200.0,Up,585000.0,585000.0,0.0,0.0,0,0,585000.0,0.0,585000.0,585000.0,0.0,0.0,0.0,0.0,0.0,Stable,0,0,1,1.0,0.0,0,0.0,0.0,0.0,585000.0,0.0,5,1,2,1,0,1,0,0,0,20,2,5,2.4849066497880004,3,6,18,460955.5,2,1,0,0,0,0,0,0,0,0,1,0,1,0,1,0,0,0,0,0,0,1,0,0,1,1,1,0,1,0,0,0,0,0,0,0,0,1,0,0,1
R0429,real_4w,3,2,2,2026-04-29 14:27:12,480000.0,Down,1273200.0,1273200.0,585000.0,0.0,1,0,929100.0,344100.0,585000.0,1273200.0,688200.0,688200.0,1.1764102564102563,688200.0,1.1764102564102563,Up,1,0,0,1.3703584113658378,0.3703584113658379,1,688200.0,1.1764102564102563,0.3703584113658379,929100.0,0.3703584113658379,4,5,2,0,1,1,0,0,0,20,2,5,2.4849066497880004,3,6,18,460955.5,2,1,0,0,0,0,0,0,0,0,1,0,1,0,1,0,0,0,0,0,0,1,0,0,1,1,1,0,1,0,0,0,0,0,0,0,0,1,0,0,2
R0429,real_4w,4,3,3,2026-04-22 14:27:12,685000.0,Up,480000.0,480000.0,1273200.0,585000.0,1,1,779400.0,351790.7332491861,480000.0,1273200.0,793200.0,-793200.0,-0.6229971724787936,-793200.0,-0.6229971724787936,Down,0,1,0,0.6158583525789069,0.4513609613153529,0,-793200.0,-0.6229971724787936,0.4513609613153529,585000.0,-0.1794871794871795,4,4,2,0,0,0,0,0,0,20,2,5,2.4849066497880004,3,6,18,460955.5,2,1,0,0,0,0,0,0,0,0,1,0,1,0,1,0,0,0,0,0,0,1,0,0,1,1,1,0,1,0,0,0,0,0,0,0,0,1,0,0,0
R0430,real_4w,2,1,1,2026-05-06 16:12:05,225000.0,Up,150000.0,150000.0,0.0,0.0,0,0,150000.0,0.0,150000.0,150000.0,0.0,0.0,0.0,0.0,0.0,Stable,0,0,1,1.0,0.0,0,0.0,0.0,0.0,150000.0,0.0,5,1,2,1,0,1,0,0,0,26,4,6,2.0794415416798357,7,8,56,653189.75,0,1,0,1,0,0,0,1,0,0,0,0,0,0,0,0,1,0,0,1,0,1,0,0,0,0,0,0,0,1,0,0,0,0,0,0,1,0,0,0,1
R0430,real_4w,3,2,2,2026-04-29 16:12:05,160000.0,Down,225000.0,225000.0,150000.0,0.0,1,0,187500.0,37500.0,150000.0,225000.0,75000.0,75000.0,0.5,75000.0,0.5,Up,1,0,0,1.2,0.2,1,75000.0,0.5,0.2,187500.0,0.2,4,5,2,0,1,1,0,0,0,26,4,6,2.0794415416798357,7,8,56,653189.75,0,1,0,1,0,0,0,1,0,0,0,0,0,0,0,0,1,0,0,1,0,1,0,0,0,0,0,0,0,1,0,0,0,0,0,0,1,0,0,0,2
R0430,real_4w,4,3,3,2026-04-22 16:12:05,190000.0,Up,160000.0,160000.0,225000.0,150000.0,1,1,178333.33333333334,33249.89557210001,150000.0,225000.0,75000.0,-65000.0,-0.28888888888888886,-65000.0,-0.28888888888888886,Down,0,1,0,0.897196261682243,0.1864480125538318,0,-65000.0,-0.28888888888888886,0.1864480125538318,160000.0,0.0,4,4,2,0,0,0,0,0,0,26,4,6,2.0794415416798357,7,8,56,653189.75,0,1,0,1,0,0,0,1,0,0,0,0,0,0,0,0,1,0,0,1,0,1,0,0,0,0,0,0,0,1,0,0,0,0,0,0,1,0,0,0,0
R0431,real_4w,2,1,1,2026-05-06 16:42:44,1050000.0,Up,575000.0,575000.0,0.0,0.0,0,0,575000.0,0.0,575000.0,575000.0,0.0,0.0,0.0,0.0,0.0,Stable,0,0,1,1.0,0.0,0,0.0,0.0,0.0,575000.0,0.0,5,1,2,1,0,1,0,0,0,46,5,1,3.1780538303479458,7,8,56,518297.0,1,1,0,1,1,0,0,0,0,0,0,0,0,0,0,0,0,1,0,0,1,1,0,0,1,0,0,0,0,0,1,0,0,0,0,1,0,0,0,0,1
R0431,real_4w,3,2,2,2026-04-29 16:42:44,650000.0,Down,1050000.0,1050000.0,575000.0,0.0,1,0,812500.0,237500.0,575000.0,1050000.0,475000.0,475000.0,0.8260869565217391,475000.0,0.8260869565217391,Up,1,0,0,1.2923076923076924,0.2923076923076923,1,475000.0,0.8260869565217391,0.2923076923076923,812500.0,0.2923076923076923,4,5,2,0,1,1,0,0,0,46,5,1,3.1780538303479458,7,8,56,518297.0,1,1,0,1,1,0,0,0,0,0,0,0,0,0,0,0,0,1,0,0,1,1,0,0,1,0,0,0,0,0,1,0,0,0,0,1,0,0,0,0,2
R0431,real_4w,4,3,3,2026-04-22 16:42:44,950000.0,Up,650000.0,650000.0,1050000.0,575000.0,1,1,758333.3333333334,208499.93338661338,575000.0,1050000.0,475000.0,-400000.0,-0.38095238095238093,-400000.0,-0.38095238095238093,Down,0,1,0,0.8571428571428571,0.2749449671032264,0,-400000.0,-0.38095238095238093,0.2749449671032264,650000.0,0.0,4,4,2,0,0,0,0,0,0,46,5,1,3.1780538303479458,7,8,56,518297.0,1,1,0,1,1,0,0,0,0,0,0,0,0,0,0,0,0,1,0,0,1,1,0,0,1,0,0,0,0,0,1,0,0,0,0,1,0,0,0,0,0
R0432,real_4w,2,1,1,2026-05-06 17:26:17,620000.0,Stable,675000.0,675000.0,0.0,0.0,0,0,675000.0,0.0,675000.0,675000.0,0.0,0.0,0.0,0.0,0.0,Stable,0,0,1,1.0,0.0,0,0.0,0.0,0.0,675000.0,0.0,5,1,2,1,0,1,0,0,0,21,1,8,2.70805020110221,5,7,35,517481.9375,1,1,1,0,0,0,0,0,0,0,0,0,1,0,0,0,0,0,0,0,0,1,0,0,1,0,0,0,1,0,0,0,0,0,1,0,0,0,0,0,1
R0432,real_4w,3,2,2,2026-04-29 17:26:17,470000.0,Down,620000.0,620000.0,675000.0,0.0,1,0,647500.0,27500.0,620000.0,675000.0,55000.0,-55000.0,-0.08148148148148149,-55000.0,-0.08148148148148149,Stable,0,0,1,0.9575289575289575,0.04247104247104247,0,-55000.0,-0.08148148148148149,0.04247104247104247,647500.0,-0.04247104247104247,4,5,2,0,1,1,0,0,0,21,1,8,2.70805020110221,5,7,35,517481.9375,1,1,1,0,0,0,0,0,0,0,0,0,1,0,0,0,0,0,0,0,0,1,0,0,1,0,0,0,1,0,0,0,0,0,1,0,0,0,0,0,1
R0432,real_4w,4,3,3,2026-04-22 17:26:17,570000.0,Up,470000.0,470000.0,620000.0,675000.0,1,1,588333.3333333334,86634.60945578017,470000.0,675000.0,205000.0,-150000.0,-0.24193548387096775,-150000.0,-0.24193548387096775,Down,0,1,0,0.7988668555240793,0.1472542936925442,0,-150000.0,-0.24193548387096775,0.1472542936925442,620000.0,-0.24193548387096775,4,4,2,0,0,0,0,0,0,21,1,8,2.70805020110221,5,7,35,517481.9375,1,1,1,0,0,0,0,0,0,0,0,0,1,0,0,0,0,0,0,0,0,1,0,0,1,0,0,0,1,0,0,0,0,0,1,0,0,0,0,0,0
R0433,real_4w,2,1,1,2026-05-06 18:41:16,420000.0,Down,520000.0,520000.0,0.0,0.0,0,0,520000.0,0.0,520000.0,520000.0,0.0,0.0,0.0,0.0,0.0,Stable,0,0,1,1.0,0.0,0,0.0,0.0,0.0,520000.0,0.0,5,1,2,1,0,1,0,0,0,47,6,8,3.091042453358316,6,6,36,517481.9375,2,0,0,0,0,0,0,0,0,0,0,1,0,0,0,0,0,1,0,0,0,1,1,0,0,0,0,0,0,0,1,0,0,1,0,0,0,0,0,0,1
R0433,real_4w,3,2,2,2026-04-29 18:41:16,25000.0,Down,420000.0,420000.0,520000.0,0.0,1,0,470000.0,50000.0,420000.0,520000.0,100000.0,-100000.0,-0.19230769230769232,-100000.0,-0.19230769230769232,Down,0,1,0,0.8936170212765957,0.10638297872340426,0,-100000.0,-0.19230769230769232,0.10638297872340426,470000.0,-0.10638297872340426,4,5,2,0,1,1,0,0,0,47,6,8,3.091042453358316,6,6,36,517481.9375,2,0,0,0,0,0,0,0,0,0,0,1,0,0,0,0,0,1,0,0,0,1,1,0,0,0,0,0,0,0,1,0,0,1,0,0,0,0,0,0,0
R0433,real_4w,4,3,3,2026-04-22 18:41:16,500000.0,Up,25000.0,25000.0,420000.0,520000.0,1,1,321666.6666666667,213710.60390683057,25000.0,520000.0,495000.0,-395000.0,-0.9404761904761905,-395000.0,-0.9404761904761905,Down,0,1,0,0.07772020725388601,0.6643852971196805,0,-395000.0,-0.9404761904761905,0.6643852971196805,420000.0,-0.9404761904761905,4,4,2,0,0,0,0,0,0,47,6,8,3.091042453358316,6,6,36,517481.9375,2,0,0,0,0,0,0,0,0,0,0,1,0,0,0,0,0,1,0,0,0,1,1,0,0,0,0,0,0,0,1,0,0,1,0,0,0,0,0,0,0
R0434,real_4w,2,1,1,2026-05-06 19:18:16,30000.0,Down,680000.0,680000.0,0.0,0.0,0,0,680000.0,0.0,680000.0,680000.0,0.0,0.0,0.0,0.0,0.0,Stable,0,0,1,1.0,0.0,0,0.0,0.0,0.0,680000.0,0.0,5,1,2,1,0,1,0,0,0,27,2,2,2.1972245773362196,6,5,30,739240.8333333334,0,1,0,0,0,0,0,0,0,0,0,0,1,1,1,0,0,0,0,0,1,1,0,0,0,0,1,0,1,0,0,1,0,0,0,0,0,1,0,0,1
R0434,real_4w,3,2,2,2026-04-29 19:18:16,675000.0,Up,30000.0,30000.0,680000.0,0.0,1,0,355000.0,325000.0,30000.0,680000.0,650000.0,-650000.0,-0.9558823529411765,-650000.0,-0.9558823529411765,Down,0,1,0,0.08450704225352113,0.9154929577464789,0,-650000.0,-0.9558823529411765,0.9154929577464789,355000.0,-0.9154929577464789,4,5,2,0,1,1,0,0,0,27,2,2,2.1972245773362196,6,5,30,739240.8333333334,0,1,0,0,0,0,0,0,0,0,0,0,1,1,1,0,0,0,0,0,1,1,0,0,0,0,1,0,1,0,0,1,0,0,0,0,0,1,0,0,0
R0434,real_4w,4,3,3,2026-04-22 19:18:16,650000.0,Stable,675000.0,675000.0,30000.0,680000.0,1,1,461666.6666666667,305241.2524909145,30000.0,680000.0,650000.0,645000.0,21.5,645000.0,21.5,Up,1,0,0,1.4620938628158844,0.6611723880669628,1,645000.0,21.5,0.6611723880669628,675000.0,0.0,4,4,2,0,0,0,0,0,0,27,2,2,2.1972245773362196,6,5,30,739240.8333333334,0,1,0,0,0,0,0,0,0,0,0,0,1,1,1,0,0,0,0,0,1,1,0,0,0,0,1,0,1,0,0,1,0,0,0,0,0,1,0,0,2
R0435,real_4w,2,1,1,2026-05-06 20:19:53,530000.0,Up,430000.0,430000.0,0.0,0.0,0,0,430000.0,0.0,430000.0,430000.0,0.0,0.0,0.0,0.0,0.0,Stable,0,0,1,1.0,0.0,0,0.0,0.0,0.0,430000.0,0.0,5,1,2,1,0,1,0,0,0,17,6,2,4.1588830833596715,5,7,35,739240.8333333334,2,0,0,0,0,0,0,0,0,0,0,1,0,1,1,0,0,1,1,0,0,1,1,0,0,0,1,0,0,0,1,1,0,1,0,0,0,0,0,0,1
R0435,real_4w,3,2,2,2026-04-29 20:19:53,300000.0,Down,530000.0,530000.0,430000.0,0.0,1,0,480000.0,50000.0,430000.0,530000.0,100000.0,100000.0,0.23255813953488372,100000.0,0.23255813953488372,Up,1,0,0,1.1041666666666667,0.10416666666666667,1,100000.0,0.23255813953488372,0.10416666666666667,480000.0,0.10416666666666667,4,5,2,0,1,1,0,0,0,17,6,2,4.1588830833596715,5,7,35,739240.8333333334,2,0,0,0,0,0,0,0,0,0,0,1,0,1,1,0,0,1,1,0,0,1,1,0,0,0,1,0,0,0,1,1,0,1,0,0,0,0,0,0,2
R0435,real_4w,4,3,3,2026-04-22 20:19:53,325000.0,Stable,300000.0,300000.0,530000.0,430000.0,1,1,420000.0,94162.9792788369,300000.0,530000.0,230000.0,-230000.0,-0.4339622641509434,-230000.0,-0.4339622641509434,Down,0,1,0,0.7142857142857143,0.22419756971151641,0,-230000.0,-0.4339622641509434,0.22419756971151641,430000.0,-0.3023255813953488,4,4,2,0,0,0,0,0,0,17,6,2,4.1588830833596715,5,7,35,739240.8333333334,2,0,0,0,0,0,0,0,0,0,0,1,0,1,1,0,0,1,1,0,0,1,1,0,0,0,1,0,0,0,1,1,0,1,0,0,0,0,0,0,0
R0436,real_4w,2,1,1,2026-05-06 20:39:32,700000.0,Down,875000.0,875000.0,0.0,0.0,0,0,875000.0,0.0,875000.0,875000.0,0.0,0.0,0.0,0.0,0.0,Stable,0,0,1,1.0,0.0,0,0.0,0.0,0.0,875000.0,0.0,5,1,2,1,0,1,0,0,0,31,5,6,4.394449154672439,6,9,54,653189.75,1,1,0,1,0,0,0,0,0,0,0,0,0,1,0,0,1,1,0,0,0,1,0,0,0,0,0,0,0,1,1,1,0,0,0,1,0,0,0,0,1
R0436,real_4w,3,2,2,2026-04-29 20:39:32,730000.0,Stable,700000.0,700000.0,875000.0,0.0,1,0,787500.0,87500.0,700000.0,875000.0,175000.0,-175000.0,-0.2,-175000.0,-0.2,Down,0,1,0,0.8888888888888888,0.1111111111111111,0,-175000.0,-0.2,0.1111111111111111,787500.0,-0.1111111111111111,4,5,2,0,1,1,0,0,0,31,5,6,4.394449154672439,6,9,54,653189.75,1,1,0,1,0,0,0,0,0,0,0,0,0,1,0,0,1,1,0,0,0,1,0,0,0,0,0,0,0,1,1,1,0,0,0,1,0,0,0,0,0
R0436,real_4w,4,3,3,2026-04-22 20:39:32,825000.0,Up,730000.0,730000.0,700000.0,875000.0,1,1,768333.3333333334,76412.622575651,700000.0,875000.0,175000.0,30000.0,0.04285714285714286,30000.0,0.04285714285714286,Stable,0,0,1,0.9501084598698482,0.09945243719173665,0,30000.0,0.04285714285714286,0.09945243719173665,730000.0,0.0,4,4,2,0,0,0,0,0,0,31,5,6,4.394449154672439,6,9,54,653189.75,1,1,0,1,0,0,0,0,0,0,0,0,0,1,0,0,1,1,0,0,0,1,0,0,0,0,0,0,0,1,1,1,0,0,0,1,0,0,0,0,1
R0437,real_4w,2,1,1,2026-05-06 23:09:39,1030000.0,Stable,945000.0,945000.0,0.0,0.0,0,0,945000.0,0.0,945000.0,945000.0,0.0,0.0,0.0,0.0,0.0,Stable,0,0,1,1.0,0.0,0,0.0,0.0,0.0,945000.0,0.0,5,1,2,1,0,1,0,0,0,39,3,2,4.442651256490317,6,7,42,739240.8333333334,1,3,0,0,0,0,0,1,1,1,0,0,0,0,0,1,0,0,1,0,0,1,0,1,0,0,0,1,0,0,0,0,1,0,0,0,0,0,0,0,1
R0437,real_4w,3,2,2,2026-04-29 23:09:39,1100000.0,Stable,1030000.0,1030000.0,945000.0,0.0,1,0,987500.0,42500.0,945000.0,1030000.0,85000.0,85000.0,0.08994708994708994,85000.0,0.08994708994708994,Stable,0,0,1,1.0430379746835443,0.043037974683544304,1,85000.0,0.08994708994708994,0.043037974683544304,987500.0,0.043037974683544304,4,5,2,0,1,1,0,0,0,39,3,2,4.442651256490317,6,7,42,739240.8333333334,1,3,0,0,0,0,0,1,1,1,0,0,0,0,0,1,0,0,1,0,0,1,0,1,0,0,0,1,0,0,0,0,1,0,0,0,0,0,0,0,1
R0437,real_4w,4,3,3,2026-04-22 23:09:39,700000.0,Down,1100000.0,1100000.0,1030000.0,945000.0,1,1,1025000.0,63377.177806105145,945000.0,1100000.0,155000.0,70000.0,0.06796116504854369,70000.0,0.06796116504854369,Stable,0,0,1,1.0731707317073171,0.061831392981565994,1,70000.0,0.06796116504854369,0.061831392981565994,1030000.0,0.06796116504854369,4,4,2,0,0,0,0,0,0,39,3,2,4.442651256490317,6,7,42,739240.8333333334,1,3,0,0,0,0,0,1,1,1,0,0,0,0,0,1,0,0,1,0,0,1,0,1,0,0,0,1,0,0,0,0,1,0,0,0,0,0,0,0,1
R0438,real_4w,2,1,1,2026-05-07 00:45:07,500000.0,Down,575000.0,575000.0,0.0,0.0,0,0,575000.0,0.0,575000.0,575000.0,0.0,0.0,0.0,0.0,0.0,Stable,0,0,1,1.0,0.0,0,0.0,0.0,0.0,575000.0,0.0,5,1,2,1,0,1,0,0,0,25,2,7,2.5649493574615367,4,5,20,559306.0,2,2,1,0,0,0,0,0,0,0,0,0,1,0,0,0,0,0,0,0,1,1,0,0,0,1,0,0,1,0,0,0,0,0,0,0,0,1,0,0,1
R0438,real_4w,3,2,2,2026-04-30 00:45:07,475000.0,Stable,500000.0,500000.0,575000.0,0.0,1,0,537500.0,37500.0,500000.0,575000.0,75000.0,-75000.0,-0.13043478260869565,-75000.0,-0.13043478260869565,Down,0,1,0,0.9302325581395349,0.06976744186046512,0,-75000.0,-0.13043478260869565,0.06976744186046512,537500.0,-0.06976744186046512,4,5,2,0,1,1,0,0,0,25,2,7,2.5649493574615367,4,5,20,559306.0,2,2,1,0,0,0,0,0,0,0,0,0,1,0,0,0,0,0,0,0,1,1,0,0,0,1,0,0,1,0,0,0,0,0,0,0,0,1,0,0,0
R0438,real_4w,4,3,3,2026-04-23 00:45:07,475000.0,Stable,475000.0,475000.0,500000.0,575000.0,1,1,516666.6666666667,42491.82927993988,475000.0,575000.0,100000.0,-25000.0,-0.05,-25000.0,-0.05,Stable,0,0,1,0.9193548387096774,0.08224225021923846,0,-25000.0,-0.05,0.08224225021923846,500000.0,-0.05,4,4,2,0,0,0,0,0,0,25,2,7,2.5649493574615367,4,5,20,559306.0,2,2,1,0,0,0,0,0,0,0,0,0,1,0,0,0,0,0,0,0,1,1,0,0,0,1,0,0,1,0,0,0,0,0,0,0,0,1,0,0,1
R0439,real_4w,2,1,1,2026-05-07 03:27:57,350000.0,Down,730000.0,730000.0,0.0,0.0,0,0,730000.0,0.0,730000.0,730000.0,0.0,0.0,0.0,0.0,0.0,Stable,0,0,1,1.0,0.0,0,0.0,0.0,0.0,730000.0,0.0,5,1,2,1,0,1,0,0,0,28,3,8,1.791759469228055,6,5,30,517481.9375,2,0,0,0,0,0,0,1,1,1,0,1,0,0,1,0,1,1,0,0,0,1,0,1,0,0,1,0,0,1,1,0,1,0,0,0,0,0,0,0,1
R0439,real_4w,3,2,2,2026-04-30 03:27:57,290000.0,Down,350000.0,350000.0,730000.0,0.0,1,0,540000.0,190000.0,350000.0,730000.0,380000.0,-380000.0,-0.5205479452054794,-380000.0,-0.5205479452054794,Down,0,1,0,0.6481481481481481,0.35185185185185186,0,-380000.0,-0.5205479452054794,0.35185185185185186,540000.0,-0.35185185185185186,4,5,2,0,1,1,0,0,0,28,3,8,1.791759469228055,6,5,30,517481.9375,2,0,0,0,0,0,0,1,1,1,0,1,0,0,1,0,1,1,0,0,0,1,0,1,0,0,1,0,0,1,1,0,1,0,0,0,0,0,0,0,0
R0439,real_4w,4,3,3,2026-04-23 03:27:57,230000.0,Down,290000.0,290000.0,350000.0,730000.0,1,1,456666.6666666667,194821.85594936612,290000.0,730000.0,440000.0,-60000.0,-0.17142857142857143,-60000.0,-0.17142857142857143,Down,0,1,0,0.635036496350365,0.4266172028088309,0,-60000.0,-0.17142857142857143,0.4266172028088309,350000.0,-0.17142857142857143,4,4,2,0,0,0,0,0,0,28,3,8,1.791759469228055,6,5,30,517481.9375,2,0,0,0,0,0,0,1,1,1,0,1,0,0,1,0,1,1,0,0,0,1,0,1,0,0,1,0,0,1,1,0,1,0,0,0,0,0,0,0,0
R0440,real_4w,2,1,1,2026-05-07 03:40:39,340000.0,Down,500000.0,500000.0,0.0,0.0,0,0,500000.0,0.0,500000.0,500000.0,0.0,0.0,0.0,0.0,0.0,Stable,0,0,1,1.0,0.0,0,0.0,0.0,0.0,500000.0,0.0,5,1,2,1,0,1,0,0,0,32,3,5,1.0986122886681096,7,5,35,460955.5,1,4,0,0,0,1,0,1,1,1,0,1,1,0,1,0,0,1,0,0,0,1,0,0,0,1,1,0,1,0,1,0,1,0,0,0,0,0,0,0,1
R0440,real_4w,3,2,2,2026-04-30 03:40:39,325000.0,Stable,340000.0,340000.0,500000.0,0.0,1,0,420000.0,80000.0,340000.0,500000.0,160000.0,-160000.0,-0.32,-160000.0,-0.32,Down,0,1,0,0.8095238095238095,0.19047619047619047,0,-160000.0,-0.32,0.19047619047619047,420000.0,-0.19047619047619047,4,5,2,0,1,1,0,0,0,32,3,5,1.0986122886681096,7,5,35,460955.5,1,4,0,0,0,1,0,1,1,1,0,1,1,0,1,0,0,1,0,0,0,1,0,0,0,1,1,0,1,0,1,0,1,0,0,0,0,0,0,0,0
R0440,real_4w,4,3,3,2026-04-23 03:40:39,605000.0,Up,325000.0,325000.0,340000.0,500000.0,1,1,388333.3333333333,79197.36247011147,325000.0,500000.0,175000.0,-15000.0,-0.04411764705882353,-15000.0,-0.04411764705882353,Stable,0,0,1,0.8369098712446352,0.20394170593161753,0,-15000.0,-0.04411764705882353,0.20394170593161753,340000.0,-0.04411764705882353,4,4,2,0,0,0,0,0,0,32,3,5,1.0986122886681096,7,5,35,460955.5,1,4,0,0,0,1,0,1,1,1,0,1,1,0,1,0,0,1,0,0,0,1,0,0,0,1,1,0,1,0,1,0,1,0,0,0,0,0,0,0,1
R0441,real_4w,2,1,1,2026-05-07 08:13:32,770000.0,Up,590000.0,590000.0,0.0,0.0,0,0,590000.0,0.0,590000.0,590000.0,0.0,0.0,0.0,0.0,0.0,Stable,0,0,1,1.0,0.0,0,0.0,0.0,0.0,590000.0,0.0,5,1,2,1,0,1,0,0,0,42,5,1,3.4339872044851463,6,9,54,518297.0,1,4,0,0,1,0,0,0,0,0,0,0,0,0,0,0,1,1,0,0,0,1,0,0,1,0,0,0,0,1,1,0,0,0,0,1,0,0,0,0,1
R0441,real_4w,3,2,2,2026-04-30 08:13:32,790000.0,Stable,770000.0,770000.0,590000.0,0.0,1,0,680000.0,90000.0,590000.0,770000.0,180000.0,180000.0,0.3050847457627119,180000.0,0.3050847457627119,Up,1,0,0,1.1323529411764706,0.1323529411764706,1,180000.0,0.3050847457627119,0.1323529411764706,680000.0,0.1323529411764706,4,5,2,0,1,1,0,0,0,42,5,1,3.4339872044851463,6,9,54,518297.0,1,4,0,0,1,0,0,0,0,0,0,0,0,0,0,0,1,1,0,0,0,1,0,0,1,0,0,0,0,1,1,0,0,0,0,1,0,0,0,0,2
R0441,real_4w,4,3,3,2026-04-23 08:13:32,870000.0,Up,790000.0,790000.0,770000.0,590000.0,1,1,716666.6666666666,89938.25042154695,590000.0,790000.0,200000.0,20000.0,0.025974025974025976,20000.0,0.025974025974025976,Stable,0,0,1,1.102325581395349,0.1254952331463446,1,20000.0,0.025974025974025976,0.1254952331463446,770000.0,0.025974025974025976,4,4,2,0,0,0,0,0,0,42,5,1,3.4339872044851463,6,9,54,518297.0,1,4,0,0,1,0,0,0,0,0,0,0,0,0,0,0,1,1,0,0,0,1,0,0,1,0,0,0,0,1,1,0,0,0,0,1,0,0,0,0,1
R0442,real_4w,2,1,1,2026-05-07 09:14:42,375000.0,Up,330000.0,330000.0,0.0,0.0,0,0,330000.0,0.0,330000.0,330000.0,0.0,0.0,0.0,0.0,0.0,Stable,0,0,1,1.0,0.0,0,0.0,0.0,0.0,330000.0,0.0,5,1,2,1,0,1,0,0,0,17,3,5,3.58351893845611,5,6,30,460955.5,1,3,0,0,0,0,0,0,0,0,0,1,1,0,0,1,0,1,0,0,0,1,0,0,0,1,0,1,1,0,1,0,1,0,0,0,0,0,0,0,1
R0442,real_4w,3,2,2,2026-04-30 09:14:42,380000.0,Stable,375000.0,375000.0,330000.0,0.0,1,0,352500.0,22500.0,330000.0,375000.0,45000.0,45000.0,0.13636363636363635,45000.0,0.13636363636363635,Up,1,0,0,1.0638297872340425,0.06382978723404255,1,45000.0,0.13636363636363635,0.06382978723404255,352500.0,0.06382978723404255,4,5,2,0,1,1,0,0,0,17,3,5,3.58351893845611,5,6,30,460955.5,1,3,0,0,0,0,0,0,0,0,0,1,1,0,0,1,0,1,0,0,0,1,0,0,0,1,0,1,1,0,1,0,1,0,0,0,0,0,0,0,2
R0442,real_4w,4,3,3,2026-04-23 09:14:42,255000.0,Down,380000.0,380000.0,375000.0,330000.0,1,1,361666.6666666667,22484.562605386738,330000.0,380000.0,50000.0,5000.0,0.013333333333333334,5000.0,0.013333333333333334,Stable,0,0,1,1.0506912442396312,0.06216929752641494,1,5000.0,0.013333333333333334,0.06216929752641494,375000.0,0.013333333333333334,4,4,2,0,0,0,0,0,0,17,3,5,3.58351893845611,5,6,30,460955.5,1,3,0,0,0,0,0,0,0,0,0,1,1,0,0,1,0,1,0,0,0,1,0,0,0,1,0,1,1,0,1,0,1,0,0,0,0,0,0,0,1
R0443,real_4w,2,1,1,2026-05-07 09:51:20,850000.0,Stable,850000.0,850000.0,0.0,0.0,0,0,850000.0,0.0,850000.0,850000.0,0.0,0.0,0.0,0.0,0.0,Stable,0,0,1,1.0,0.0,0,0.0,0.0,0.0,850000.0,0.0,5,1,2,1,0,1,0,0,0,28,7,8,2.70805020110221,4,5,20,517481.9375,1,1,0,0,0,1,0,0,1,0,0,1,0,1,1,0,0,0,0,0,1,1,1,0,0,0,1,0,0,0,0,1,0,0,0,0,0,0,1,0,1
R0443,real_4w,3,2,2,2026-04-30 09:51:20,850000.0,Stable,850000.0,850000.0,850000.0,0.0,1,0,850000.0,0.0,850000.0,850000.0,0.0,0.0,0.0,0.0,0.0,Stable,0,0,1,1.0,0.0,0,0.0,0.0,0.0,850000.0,0.0,4,5,2,0,1,1,0,0,0,28,7,8,2.70805020110221,4,5,20,517481.9375,1,1,0,0,0,1,0,0,1,0,0,1,0,1,1,0,0,0,0,0,1,1,1,0,0,0,1,0,0,0,0,1,0,0,0,0,0,0,1,0,1
R0443,real_4w,4,3,3,2026-04-23 09:51:20,370000.0,Down,850000.0,850000.0,850000.0,850000.0,1,1,850000.0,0.0,850000.0,850000.0,0.0,0.0,0.0,0.0,0.0,Stable,0,0,1,1.0,0.0,0,0.0,0.0,0.0,850000.0,0.0,4,4,2,0,0,0,0,0,0,28,7,8,2.70805020110221,4,5,20,517481.9375,1,1,0,0,0,1,0,0,1,0,0,1,0,1,1,0,0,0,0,0,1,1,1,0,0,0,1,0,0,0,0,1,0,0,0,0,0,0,1,0,1
R0444,real_4w,2,1,1,2026-05-07 11:34:50,760000.0,Up,545000.0,545000.0,0.0,0.0,0,0,545000.0,0.0,545000.0,545000.0,0.0,0.0,0.0,0.0,0.0,Stable,0,0,1,1.0,0.0,0,0.0,0.0,0.0,545000.0,0.0,5,1,2,1,0,1,0,0,0,29,4,2,3.2188758248682006,7,8,56,739240.8333333334,1,4,0,1,0,0,0,1,0,0,0,0,0,1,0,0,0,0,0,0,0,1,0,0,0,0,0,0,0,0,0,1,0,0,0,0,1,0,0,0,1
R0444,real_4w,3,2,2,2026-04-30 11:34:50,880000.0,Up,760000.0,760000.0,545000.0,0.0,1,0,652500.0,107500.0,545000.0,760000.0,215000.0,215000.0,0.3944954128440367,215000.0,0.3944954128440367,Up,1,0,0,1.1647509578544062,0.16475095785440613,1,215000.0,0.3944954128440367,0.16475095785440613,652500.0,0.16475095785440613,4,5,2,0,1,1,0,0,0,29,4,2,3.2188758248682006,7,8,56,739240.8333333334,1,4,0,1,0,0,0,1,0,0,0,0,0,1,0,0,0,0,0,0,0,1,0,0,0,0,0,0,0,0,0,1,0,0,0,0,1,0,0,0,2
R0444,real_4w,4,3,3,2026-04-23 11:34:50,1150000.0,Up,880000.0,880000.0,760000.0,545000.0,1,1,728333.3333333334,138584.11003991604,545000.0,880000.0,335000.0,120000.0,0.15789473684210525,120000.0,0.15789473684210525,Up,1,0,0,1.2082379862700228,0.19027566595869477,1,120000.0,0.15789473684210525,0.19027566595869477,760000.0,0.15789473684210525,4,4,2,0,0,0,0,0,0,29,4,2,3.2188758248682006,7,8,56,739240.8333333334,1,4,0,1,0,0,0,1,0,0,0,0,0,1,0,0,0,0,0,0,0,1,0,0,0,0,0,0,0,0,0,1,0,0,0,0,1,0,0,0,2
R0445,real_4w,2,1,1,2026-05-07 12:17:46,60000.0,Down,100000.0,100000.0,0.0,0.0,0,0,100000.0,0.0,100000.0,100000.0,0.0,0.0,0.0,0.0,0.0,Stable,0,0,1,1.0,0.0,0,0.0,0.0,0.0,100000.0,0.0,5,1,2,1,0,1,0,0,0,21,7,2,3.9889840465642745,2,3,6,739240.8333333334,0,3,0,0,0,0,0,0,0,0,0,1,0,1,1,0,0,0,0,0,1,1,0,0,0,0,1,0,0,0,0,1,0,0,0,0,0,0,1,0,1
R0445,real_4w,3,2,2,2026-04-30 12:17:46,10000.0,Down,60000.0,60000.0,100000.0,0.0,1,0,80000.0,20000.0,60000.0,100000.0,40000.0,-40000.0,-0.4,-40000.0,-0.4,Down,0,1,0,0.75,0.25,0,-40000.0,-0.4,0.25,80000.0,-0.25,4,5,2,0,1,1,0,0,0,21,7,2,3.9889840465642745,2,3,6,739240.8333333334,0,3,0,0,0,0,0,0,0,0,0,1,0,1,1,0,0,0,0,0,1,1,0,0,0,0,1,0,0,0,0,1,0,0,0,0,0,0,1,0,0
R0445,real_4w,4,3,3,2026-04-23 12:17:46,70000.0,Up,10000.0,10000.0,60000.0,100000.0,1,1,56666.666666666664,36817.87005729087,10000.0,100000.0,90000.0,-50000.0,-0.8333333333333334,-50000.0,-0.8333333333333334,Down,0,1,0,0.17647058823529413,0.6497271186580742,0,-50000.0,-0.8333333333333334,0.6497271186580742,60000.0,-0.8333333333333334,4,4,2,0,0,0,0,0,0,21,7,2,3.9889840465642745,2,3,6,739240.8333333334,0,3,0,0,0,0,0,0,0,0,0,1,0,1,1,0,0,0,0,0,1,1,0,0,0,0,1,0,0,0,0,1,0,0,0,0,0,0,1,0,0
R0446,real_4w,2,1,1,2026-05-07 12:41:25,1273200.0,Stable,1336200.0,1336200.0,0.0,0.0,0,0,1336200.0,0.0,1336200.0,1336200.0,0.0,0.0,0.0,0.0,0.0,Stable,0,0,1,1.0,0.0,0,0.0,0.0,0.0,1336200.0,0.0,5,1,2,1,0,1,0,0,0,36,5,2,4.23410650459726,5,8,40,739240.8333333334,2,4,0,1,0,0,0,0,0,0,0,0,0,0,0,0,1,0,0,1,0,1,0,0,0,0,0,0,0,1,0,0,0,0,0,1,0,0,0,0,1
R0446,real_4w,3,2,2,2026-04-30 12:41:25,1350000.0,Stable,1273200.0,1273200.0,1336200.0,0.0,1,0,1304700.0,31500.0,1273200.0,1336200.0,63000.0,-63000.0,-0.04714863044454423,-63000.0,-0.04714863044454423,Stable,0,0,1,0.9758565187399402,0.024143481260059784,0,-63000.0,-0.04714863044454423,0.024143481260059784,1304700.0,-0.024143481260059784,4,5,2,0,1,1,0,0,0,36,5,2,4.23410650459726,5,8,40,739240.8333333334,2,4,0,1,0,0,0,0,0,0,0,0,0,0,0,0,1,0,0,1,0,1,0,0,0,0,0,0,0,1,0,0,0,0,0,1,0,0,0,0,1
R0446,real_4w,4,3,3,2026-04-23 12:41:25,1342800.0,Stable,1350000.0,1350000.0,1273200.0,1336200.0,1,1,1319800.0,33429.32844075693,1273200.0,1350000.0,76800.0,76800.0,0.060320452403393024,76800.0,0.060320452403393024,Stable,0,0,1,1.0228822548871042,0.025329086559143,1,76800.0,0.060320452403393024,0.025329086559143,1336200.0,0.010327795240233499,4,4,2,0,0,0,0,0,0,36,5,2,4.23410650459726,5,8,40,739240.8333333334,2,4,0,1,0,0,0,0,0,0,0,0,0,0,0,0,1,0,0,1,0,1,0,0,0,0,0,0,0,1,0,0,0,0,0,1,0,0,0,0,1
R0447,real_4w,2,1,1,2026-05-07 12:47:52,260000.0,Stable,275000.0,275000.0,0.0,0.0,0,0,275000.0,0.0,275000.0,275000.0,0.0,0.0,0.0,0.0,0.0,Stable,0,0,1,1.0,0.0,0,0.0,0.0,0.0,275000.0,0.0,5,1,2,1,0,1,0,0,0,34,6,5,3.828641396489095,7,7,49,460955.5,2,0,0,0,0,0,0,0,0,0,0,1,0,0,1,0,0,0,0,0,0,1,0,0,0,0,1,0,0,0,0,0,0,1,0,0,0,0,0,0,1
R0447,real_4w,3,2,2,2026-04-30 12:47:52,10000.0,Down,260000.0,260000.0,275000.0,0.0,1,0,267500.0,7500.0,260000.0,275000.0,15000.0,-15000.0,-0.05454545454545454,-15000.0,-0.05454545454545454,Stable,0,0,1,0.9719626168224299,0.028037383177570093,0,-15000.0,-0.05454545454545454,0.028037383177570093,267500.0,-0.028037383177570093,4,5,2,0,1,1,0,0,0,34,6,5,3.828641396489095,7,7,49,460955.5,2,0,0,0,0,0,0,0,0,0,0,1,0,0,1,0,0,0,0,0,0,1,0,0,0,0,1,0,0,0,0,0,0,1,0,0,0,0,0,0,1
R0447,real_4w,4,3,3,2026-04-23 12:47:52,220000.0,Up,10000.0,10000.0,260000.0,275000.0,1,1,181666.66666666666,121541.03102336355,10000.0,275000.0,265000.0,-250000.0,-0.9615384615384616,-250000.0,-0.9615384615384616,Down,0,1,0,0.05504587155963303,0.6690331982937444,0,-250000.0,-0.9615384615384616,0.6690331982937444,260000.0,-0.9615384615384616,4,4,2,0,0,0,0,0,0,34,6,5,3.828641396489095,7,7,49,460955.5,2,0,0,0,0,0,0,0,0,0,0,1,0,0,1,0,0,0,0,0,0,1,0,0,0,0,1,0,0,0,0,0,0,1,0,0,0,0,0,0,0
R0448,real_4w,2,1,1,2026-05-07 13:47:37,350000.0,Down,450000.0,450000.0,0.0,0.0,0,0,450000.0,0.0,450000.0,450000.0,0.0,0.0,0.0,0.0,0.0,Stable,0,0,1,1.0,0.0,0,0.0,0.0,0.0,450000.0,0.0,5,1,2,1,0,1,0,0,0,27,2,7,2.70805020110221,5,5,25,559306.0,2,1,1,0,0,0,0,0,0,0,1,0,1,0,1,0,0,0,0,0,1,1,0,0,0,0,1,0,1,0,0,0,0,0,0,0,0,1,0,0,1
R0448,real_4w,3,2,2,2026-04-30 13:47:37,500000.0,Up,350000.0,350000.0,450000.0,0.0,1,0,400000.0,50000.0,350000.0,450000.0,100000.0,-100000.0,-0.2222222222222222,-100000.0,-0.2222222222222222,Down,0,1,0,0.875,0.125,0,-100000.0,-0.2222222222222222,0.125,400000.0,-0.125,4,5,2,0,1,1,0,0,0,27,2,7,2.70805020110221,5,5,25,559306.0,2,1,1,0,0,0,0,0,0,0,1,0,1,0,1,0,0,0,0,0,1,1,0,0,0,0,1,0,1,0,0,0,0,0,0,0,0,1,0,0,0
R0448,real_4w,4,3,3,2026-04-23 13:47:37,500000.0,Stable,500000.0,500000.0,350000.0,450000.0,1,1,433333.3333333333,62360.956446232354,350000.0,500000.0,150000.0,150000.0,0.42857142857142855,150000.0,0.42857142857142855,Up,1,0,0,1.153846153846154,0.14390989949130545,1,150000.0,0.42857142857142855,0.14390989949130545,450000.0,0.1111111111111111,4,4,2,0,0,0,0,0,0,27,2,7,2.70805020110221,5,5,25,559306.0,2,1,1,0,0,0,0,0,0,0,1,0,1,0,1,0,0,0,0,0,1,1,0,0,0,0,1,0,1,0,0,0,0,0,0,0,0,1,0,0,2
R0449,real_4w,2,1,1,2026-05-07 15:08:23,860000.0,Up,675000.0,675000.0,0.0,0.0,0,0,675000.0,0.0,675000.0,675000.0,0.0,0.0,0.0,0.0,0.0,Stable,0,0,1,1.0,0.0,0,0.0,0.0,0.0,675000.0,0.0,5,1,2,1,0,1,0,0,0,20,3,4,4.330733340286331,6,8,48,442180.75,1,4,0,0,0,1,0,1,1,1,0,1,0,0,0,1,0,0,1,0,0,1,0,1,0,0,0,1,0,0,0,0,1,0,0,0,0,0,0,0,1
R0449,real_4w,3,2,2,2026-04-30 15:08:23,875000.0,Stable,860000.0,860000.0,675000.0,0.0,1,0,767500.0,92500.0,675000.0,860000.0,185000.0,185000.0,0.2740740740740741,185000.0,0.2740740740740741,Up,1,0,0,1.1205211726384365,0.12052117263843648,1,185000.0,0.2740740740740741,0.12052117263843648,767500.0,0.12052117263843648,4,5,2,0,1,1,0,0,0,20,3,4,4.330733340286331,6,8,48,442180.75,1,4,0,0,0,1,0,1,1,1,0,1,0,0,0,1,0,0,1,0,0,1,0,1,0,0,0,1,0,0,0,0,1,0,0,0,0,0,0,0,2
R0449,real_4w,4,3,3,2026-04-23 15:08:23,860000.0,Stable,875000.0,875000.0,860000.0,675000.0,1,1,803333.3333333334,90951.75766428169,675000.0,875000.0,200000.0,15000.0,0.01744186046511628,15000.0,0.01744186046511628,Stable,0,0,1,1.0892116182572613,0.11321795559869088,1,15000.0,0.01744186046511628,0.11321795559869088,860000.0,0.01744186046511628,4,4,2,0,0,0,0,0,0,20,3,4,4.330733340286331,6,8,48,442180.75,1,4,0,0,0,1,0,1,1,1,0,1,0,0,0,1,0,0,1,0,0,1,0,1,0,0,0,1,0,0,0,0,1,0,0,0,0,0,0,0,1
R0450,real_4w,2,1,1,2026-05-07 15:21:58,650000.0,Up,520000.0,520000.0,0.0,0.0,0,0,520000.0,0.0,520000.0,520000.0,0.0,0.0,0.0,0.0,0.0,Stable,0,0,1,1.0,0.0,0,0.0,0.0,0.0,520000.0,0.0,5,1,2,1,0,1,0,0,0,22,4,7,3.6109179126442243,6,8,48,559306.0,2,2,0,0,0,0,0,1,0,0,0,0,0,1,0,0,0,0,0,1,0,1,0,0,0,0,0,0,0,0,0,1,0,0,0,0,1,0,0,0,1
R0450,real_4w,3,2,2,2026-04-30 15:21:58,520000.0,Down,650000.0,650000.0,520000.0,0.0,1,0,585000.0,65000.0,520000.0,650000.0,130000.0,130000.0,0.25,130000.0,0.25,Up,1,0,0,1.1111111111111112,0.1111111111111111,1,130000.0,0.25,0.1111111111111111,585000.0,0.1111111111111111,4,5,2,0,1,1,0,0,0,22,4,7,3.6109179126442243,6,8,48,559306.0,2,2,0,0,0,0,0,1,0,0,0,0,0,1,0,0,0,0,0,1,0,1,0,0,0,0,0,0,0,0,0,1,0,0,0,0,1,0,0,0,2
R0450,real_4w,4,3,3,2026-04-23 15:21:58,650000.0,Up,520000.0,520000.0,650000.0,520000.0,1,1,563333.3333333334,61282.58770283412,520000.0,650000.0,130000.0,-130000.0,-0.2,-130000.0,-0.2,Down,0,1,0,0.923076923076923,0.10878565864408422,0,-130000.0,-0.2,0.10878565864408422,520000.0,0.0,4,4,2,0,0,0,0,0,0,22,4,7,3.6109179126442243,6,8,48,559306.0,2,2,0,0,0,0,0,1,0,0,0,0,0,1,0,0,0,0,0,1,0,1,0,0,0,0,0,0,0,0,0,1,0,0,0,0,1,0,0,0,0
R0451,real_4w,2,1,1,2026-05-07 15:35:43,400000.0,Up,320000.0,320000.0,0.0,0.0,0,0,320000.0,0.0,320000.0,320000.0,0.0,0.0,0.0,0.0,0.0,Stable,0,0,1,1.0,0.0,0,0.0,0.0,0.0,320000.0,0.0,5,1,2,1,0,1,0,0,0,18,3,2,2.833213344056216,5,6,30,739240.8333333334,0,1,0,0,0,0,0,1,1,1,0,1,0,0,1,1,1,0,1,0,0,1,0,1,0,0,1,1,0,1,0,0,1,0,0,0,0,0,0,0,1
R0451,real_4w,3,2,2,2026-04-30 15:35:43,250000.0,Down,400000.0,400000.0,320000.0,0.0,1,0,360000.0,40000.0,320000.0,400000.0,80000.0,80000.0,0.25,80000.0,0.25,Up,1,0,0,1.1111111111111112,0.1111111111111111,1,80000.0,0.25,0.1111111111111111,360000.0,0.1111111111111111,4,5,2,0,1,1,0,0,0,18,3,2,2.833213344056216,5,6,30,739240.8333333334,0,1,0,0,0,0,0,1,1,1,0,1,0,0,1,1,1,0,1,0,0,1,0,1,0,0,1,1,0,1,0,0,1,0,0,0,0,0,0,0,2
R0451,real_4w,4,3,3,2026-04-23 15:35:43,255000.0,Stable,250000.0,250000.0,400000.0,320000.0,1,1,323333.3333333333,61282.58770283412,250000.0,400000.0,150000.0,-150000.0,-0.375,-150000.0,-0.375,Down,0,1,0,0.7731958762886598,0.1895337764005179,0,-150000.0,-0.375,0.1895337764005179,320000.0,-0.21875,4,4,2,0,0,0,0,0,0,18,3,2,2.833213344056216,5,6,30,739240.8333333334,0,1,0,0,0,0,0,1,1,1,0,1,0,0,1,1,1,0,1,0,0,1,0,1,0,0,1,1,0,1,0,0,1,0,0,0,0,0,0,0,0
R0452,real_4w,2,1,1,2026-05-07 16:07:23,700000.0,Stable,740000.0,740000.0,0.0,0.0,0,0,740000.0,0.0,740000.0,740000.0,0.0,0.0,0.0,0.0,0.0,Stable,0,0,1,1.0,0.0,0,0.0,0.0,0.0,740000.0,0.0,5,1,2,1,0,1,0,0,0,27,2,2,3.2188758248682006,3,5,15,739240.8333333334,1,1,0,0,0,0,0,0,0,0,0,1,1,1,1,0,0,0,0,0,0,1,0,0,1,0,1,0,1,0,0,1,0,0,0,0,0,1,0,0,1
R0452,real_4w,3,2,2,2026-04-30 16:07:23,680000.0,Stable,700000.0,700000.0,740000.0,0.0,1,0,720000.0,20000.0,700000.0,740000.0,40000.0,-40000.0,-0.05405405405405406,-40000.0,-0.05405405405405406,Stable,0,0,1,0.9722222222222222,0.027777777777777776,0,-40000.0,-0.05405405405405406,0.027777777777777776,720000.0,-0.027777777777777776,4,5,2,0,1,1,0,0,0,27,2,2,3.2188758248682006,3,5,15,739240.8333333334,1,1,0,0,0,0,0,0,0,0,0,1,1,1,1,0,0,0,0,0,0,1,0,0,1,0,1,0,1,0,0,1,0,0,0,0,0,1,0,0,1
R0452,real_4w,4,3,3,2026-04-23 16:07:23,575000.0,Down,680000.0,680000.0,700000.0,740000.0,1,1,706666.6666666666,24944.382578492943,680000.0,740000.0,60000.0,-20000.0,-0.02857142857142857,-20000.0,-0.02857142857142857,Stable,0,0,1,0.9622641509433962,0.035298654592207,0,-20000.0,-0.02857142857142857,0.035298654592207,700000.0,-0.02857142857142857,4,4,2,0,0,0,0,0,0,27,2,2,3.2188758248682006,3,5,15,739240.8333333334,1,1,0,0,0,0,0,0,0,0,0,1,1,1,1,0,0,0,0,0,0,1,0,0,1,0,1,0,1,0,0,1,0,0,0,0,0,1,0,0,1
R0453,real_4w,2,1,1,2026-05-07 16:31:21,1273200.0,Up,420000.0,420000.0,0.0,0.0,0,0,420000.0,0.0,420000.0,420000.0,0.0,0.0,0.0,0.0,0.0,Stable,0,0,1,1.0,0.0,0,0.0,0.0,0.0,420000.0,0.0,5,1,2,1,0,1,0,0,0,34,5,2,2.9444389791664403,6,9,54,739240.8333333334,2,1,0,1,1,0,0,0,0,0,0,0,0,0,0,0,0,0,0,0,1,1,0,0,1,0,0,0,0,0,0,0,0,0,0,1,0,0,0,0,1
R0453,real_4w,3,2,2,2026-04-30 16:31:21,1130000.0,Down,1273200.0,1273200.0,420000.0,0.0,1,0,846600.0,426600.0,420000.0,1273200.0,853200.0,853200.0,2.0314285714285716,853200.0,2.0314285714285716,Up,1,0,0,1.5038979447200567,0.5038979447200567,1,853200.0,2.0314285714285716,0.5038979447200567,846600.0,0.5038979447200567,4,5,2,0,1,1,0,0,0,34,5,2,2.9444389791664403,6,9,54,739240.8333333334,2,1,0,1,1,0,0,0,0,0,0,0,0,0,0,0,0,0,0,0,1,1,0,0,1,0,0,0,0,0,0,0,0,0,0,1,0,0,0,0,2
R0453,real_4w,4,3,3,2026-04-23 16:31:21,1290000.0,Up,1130000.0,1130000.0,1273200.0,420000.0,1,1,941066.6666666666,373058.8991328611,420000.0,1273200.0,853200.0,-143200.0,-0.11247251021049325,-143200.0,-0.11247251021049325,Down,0,1,0,1.2007650892604138,0.3964213294837714,1,-143200.0,-0.11247251021049325,0.3964213294837714,1130000.0,0.0,4,4,2,0,0,0,0,0,0,34,5,2,2.9444389791664403,6,9,54,739240.8333333334,2,1,0,1,1,0,0,0,0,0,0,0,0,0,0,0,0,0,0,0,1,1,0,0,1,0,0,0,0,0,0,0,0,0,0,1,0,0,0,0,0
R0454,real_4w,2,1,1,2026-05-07 16:59:02,490000.0,Down,1020000.0,1020000.0,0.0,0.0,0,0,1020000.0,0.0,1020000.0,1020000.0,0.0,0.0,0.0,0.0,0.0,Stable,0,0,1,1.0,0.0,0,0.0,0.0,0.0,1020000.0,0.0,5,1,2,1,0,1,0,0,0,26,2,3,2.1972245773362196,5,8,40,518297.0,0,1,0,0,0,0,0,0,0,0,0,1,1,0,1,0,0,0,0,0,1,1,0,0,0,1,1,0,1,0,0,0,0,0,0,0,0,1,0,0,1
R0454,real_4w,3,2,2,2026-04-30 16:59:02,340000.0,Down,490000.0,490000.0,1020000.0,0.0,1,0,755000.0,265000.0,490000.0,1020000.0,530000.0,-530000.0,-0.5196078431372549,-530000.0,-0.5196078431372549,Down,0,1,0,0.6490066225165563,0.3509933774834437,0,-530000.0,-0.5196078431372549,0.3509933774834437,755000.0,-0.3509933774834437,4,5,2,0,1,1,0,0,0,26,2,3,2.1972245773362196,5,8,40,518297.0,0,1,0,0,0,0,0,0,0,0,0,1,1,0,1,0,0,0,0,0,1,1,0,0,0,1,1,0,1,0,0,0,0,0,0,0,0,1,0,0,0
R0454,real_4w,4,3,3,2026-04-23 16:59:02,470000.0,Up,340000.0,340000.0,490000.0,1020000.0,1,1,616666.6666666666,291699.99809545575,340000.0,1020000.0,680000.0,-150000.0,-0.30612244897959184,-150000.0,-0.30612244897959184,Down,0,1,0,0.5513513513513514,0.47302702393857693,0,-150000.0,-0.30612244897959184,0.47302702393857693,490000.0,-0.30612244897959184,4,4,2,0,0,0,0,0,0,26,2,3,2.1972245773362196,5,8,40,518297.0,0,1,0,0,0,0,0,0,0,0,0,1,1,0,1,0,0,0,0,0,1,1,0,0,0,1,1,0,1,0,0,0,0,0,0,0,0,1,0,0,0
R0455,real_4w,2,1,1,2026-05-07 17:06:58,605000.0,Down,700000.0,700000.0,0.0,0.0,0,0,700000.0,0.0,700000.0,700000.0,0.0,0.0,0.0,0.0,0.0,Stable,0,0,1,1.0,0.0,0,0.0,0.0,0.0,700000.0,0.0,5,1,2,1,0,1,0,0,0,43,5,1,3.1354942159291497,6,8,48,518297.0,2,1,0,1,1,0,0,0,0,0,0,0,0,1,0,0,1,0,0,0,1,1,0,0,1,0,0,0,0,1,0,1,0,0,0,1,0,0,0,0,1
R0455,real_4w,3,2,2,2026-04-30 17:06:58,500000.0,Down,605000.0,605000.0,700000.0,0.0,1,0,652500.0,47500.0,605000.0,700000.0,95000.0,-95000.0,-0.1357142857142857,-95000.0,-0.1357142857142857,Down,0,1,0,0.9272030651340997,0.07279693486590039,0,-95000.0,-0.1357142857142857,0.07279693486590039,652500.0,-0.07279693486590039,4,5,2,0,1,1,0,0,0,43,5,1,3.1354942159291497,6,8,48,518297.0,2,1,0,1,1,0,0,0,0,0,0,0,0,1,0,0,1,0,0,0,1,1,0,0,1,0,0,0,0,1,0,1,0,0,0,1,0,0,0,0,0
R0455,real_4w,4,3,3,2026-04-23 17:06:58,680000.0,Up,500000.0,500000.0,605000.0,700000.0,1,1,601666.6666666666,81683.6716989523,500000.0,700000.0,200000.0,-105000.0,-0.17355371900826447,-105000.0,-0.17355371900826447,Down,0,1,0,0.8310249307479225,0.13576233523371573,0,-105000.0,-0.17355371900826447,0.13576233523371573,605000.0,-0.17355371900826447,4,4,2,0,0,0,0,0,0,43,5,1,3.1354942159291497,6,8,48,518297.0,2,1,0,1,1,0,0,0,0,0,0,0,0,1,0,0,1,0,0,0,1,1,0,0,1,0,0,0,0,1,0,1,0,0,0,1,0,0,0,0,0
R0456,real_4w,2,1,1,2026-05-07 17:50:19,325000.0,Down,430000.0,430000.0,0.0,0.0,0,0,430000.0,0.0,430000.0,430000.0,0.0,0.0,0.0,0.0,0.0,Stable,0,0,1,1.0,0.0,0,0.0,0.0,0.0,430000.0,0.0,5,1,2,1,0,1,0,0,0,34,6,8,2.833213344056216,6,7,42,517481.9375,2,1,0,0,0,0,0,0,0,0,0,1,0,0,0,0,0,1,0,0,1,1,1,0,0,0,0,0,0,0,1,0,0,1,0,0,0,0,0,0,1
R0456,real_4w,3,2,2,2026-04-30 17:50:19,225000.0,Down,325000.0,325000.0,430000.0,0.0,1,0,377500.0,52500.0,325000.0,430000.0,105000.0,-105000.0,-0.2441860465116279,-105000.0,-0.2441860465116279,Down,0,1,0,0.8609271523178808,0.1390728476821192,0,-105000.0,-0.2441860465116279,0.1390728476821192,377500.0,-0.1390728476821192,4,5,2,0,1,1,0,0,0,34,6,8,2.833213344056216,6,7,42,517481.9375,2,1,0,0,0,0,0,0,0,0,0,1,0,0,0,0,0,1,0,0,1,1,1,0,0,0,0,0,0,0,1,0,0,1,0,0,0,0,0,0,0
R0456,real_4w,4,3,3,2026-04-23 17:50:19,275000.0,Up,225000.0,225000.0,325000.0,430000.0,1,1,326666.6666666667,83699.19686326479,225000.0,430000.0,205000.0,-100000.0,-0.3076923076923077,-100000.0,-0.3076923076923077,Down,0,1,0,0.6887755102040816,0.2562220312140759,0,-100000.0,-0.3076923076923077,0.2562220312140759,325000.0,-0.3076923076923077,4,4,2,0,0,0,0,0,0,34,6,8,2.833213344056216,6,7,42,517481.9375,2,1,0,0,0,0,0,0,0,0,0,1,0,0,0,0,0,1,0,0,1,1,1,0,0,0,0,0,0,0,1,0,0,1,0,0,0,0,0,0,0
R0457,real_4w,2,1,1,2026-05-07 18:10:51,500000.0,Stable,500000.0,500000.0,0.0,0.0,0,0,500000.0,0.0,500000.0,500000.0,0.0,0.0,0.0,0.0,0.0,Stable,0,0,1,1.0,0.0,0,0.0,0.0,0.0,500000.0,0.0,5,1,2,1,0,1,0,0,0,29,4,6,3.8066624897703196,6,10,60,653189.75,2,1,0,0,0,0,0,1,0,0,0,0,0,1,0,1,1,0,0,0,1,1,0,1,0,0,0,1,0,1,0,1,0,0,0,0,1,0,0,0,1
R0457,real_4w,3,2,2,2026-04-30 18:10:51,480000.0,Stable,500000.0,500000.0,500000.0,0.0,1,0,500000.0,0.0,500000.0,500000.0,0.0,0.0,0.0,0.0,0.0,Stable,0,0,1,1.0,0.0,0,0.0,0.0,0.0,500000.0,0.0,4,5,2,0,1,1,0,0,0,29,4,6,3.8066624897703196,6,10,60,653189.75,2,1,0,0,0,0,0,1,0,0,0,0,0,1,0,1,1,0,0,0,1,1,0,1,0,0,0,1,0,1,0,1,0,0,0,0,1,0,0,0,1
R0457,real_4w,4,3,3,2026-04-23 18:10:51,450000.0,Stable,480000.0,480000.0,500000.0,500000.0,1,1,493333.3333333333,9428.090415820634,480000.0,500000.0,20000.0,-20000.0,-0.04,-20000.0,-0.04,Stable,0,0,1,0.972972972972973,0.019110994086122907,0,-20000.0,-0.04,0.019110994086122907,500000.0,-0.04,4,4,2,0,0,0,0,0,0,29,4,6,3.8066624897703196,6,10,60,653189.75,2,1,0,0,0,0,0,1,0,0,0,0,0,1,0,1,1,0,0,0,1,1,0,1,0,0,0,1,0,1,0,1,0,0,0,0,1,0,0,0,1
R0458,real_4w,2,1,1,2026-05-07 18:13:49,575000.0,Up,18400.0,18400.0,0.0,0.0,0,0,18400.0,0.0,18400.0,18400.0,0.0,0.0,0.0,0.0,0.0,Stable,0,0,1,1.0,0.0,0,0.0,0.0,0.0,18400.0,0.0,5,1,2,1,0,1,0,0,0,41,4,5,3.2188758248682006,7,7,49,460955.5,0,1,0,1,0,0,0,1,0,0,0,0,0,1,1,0,0,0,0,0,0,1,0,0,0,0,1,0,0,0,0,1,0,0,0,0,1,0,0,0,1
R0458,real_4w,3,2,2,2026-04-30 18:13:49,600000.0,Stable,575000.0,575000.0,18400.0,0.0,1,0,296700.0,278300.0,18400.0,575000.0,556600.0,556600.0,30.25,556600.0,30.25,Up,1,0,0,1.937984496124031,0.937984496124031,1,556600.0,30.25,0.937984496124031,296700.0,0.937984496124031,4,5,2,0,1,1,0,0,0,41,4,5,3.2188758248682006,7,7,49,460955.5,0,1,0,1,0,0,0,1,0,0,0,0,0,1,1,0,0,0,0,0,0,1,0,0,0,0,1,0,0,0,0,1,0,0,0,0,1,0,0,0,2
R0458,real_4w,4,3,3,2026-04-23 18:13:49,430000.0,Down,600000.0,600000.0,575000.0,18400.0,1,1,397800.0,268470.3832206947,18400.0,600000.0,581600.0,25000.0,0.043478260869565216,25000.0,0.043478260869565216,Stable,0,0,1,1.5082956259426847,0.674887841178217,1,25000.0,0.043478260869565216,0.674887841178217,575000.0,0.043478260869565216,4,4,2,0,0,0,0,0,0,41,4,5,3.2188758248682006,7,7,49,460955.5,0,1,0,1,0,0,0,1,0,0,0,0,0,1,1,0,0,0,0,0,0,1,0,0,0,0,1,0,0,0,0,1,0,0,0,0,1,0,0,0,1
R0459,real_4w,2,1,1,2026-05-07 18:20:31,925000.0,Stable,920000.0,920000.0,0.0,0.0,0,0,920000.0,0.0,920000.0,920000.0,0.0,0.0,0.0,0.0,0.0,Stable,0,0,1,1.0,0.0,0,0.0,0.0,0.0,920000.0,0.0,5,1,2,1,0,1,0,0,0,41,6,5,3.4011973816621555,5,9,45,460955.5,2,1,0,0,0,0,0,0,0,0,0,1,0,1,1,0,0,0,1,0,0,1,1,0,0,0,1,0,0,0,0,1,0,1,0,0,0,0,0,0,1
R0459,real_4w,3,2,2,2026-04-30 18:20:31,925000.0,Stable,925000.0,925000.0,920000.0,0.0,1,0,922500.0,2500.0,920000.0,925000.0,5000.0,5000.0,0.005434782608695652,5000.0,0.005434782608695652,Stable,0,0,1,1.002710027100271,0.0027100271002710027,1,5000.0,0.005434782608695652,0.0027100271002710027,922500.0,0.0027100271002710027,4,5,2,0,1,1,0,0,0,41,6,5,3.4011973816621555,5,9,45,460955.5,2,1,0,0,0,0,0,0,0,0,0,1,0,1,1,0,0,0,1,0,0,1,1,0,0,0,1,0,0,0,0,1,0,1,0,0,0,0,0,0,1
R0459,real_4w,4,3,3,2026-04-23 18:20:31,275000.0,Down,925000.0,925000.0,925000.0,920000.0,1,1,923333.3333333334,2357.0226039551585,920000.0,925000.0,5000.0,0.0,0.0,0.0,0.0,Stable,0,0,1,1.0018050541516246,0.002552732062045298,1,0.0,0.0,0.002552732062045298,925000.0,0.0,4,4,2,0,0,0,0,0,0,41,6,5,3.4011973816621555,5,9,45,460955.5,2,1,0,0,0,0,0,0,0,0,0,1,0,1,1,0,0,0,1,0,0,1,1,0,0,0,1,0,0,0,0,1,0,1,0,0,0,0,0,0,1
R0460,real_4w,2,1,1,2026-05-07 19:07:03,230000.0,Down,720000.0,720000.0,0.0,0.0,0,0,720000.0,0.0,720000.0,720000.0,0.0,0.0,0.0,0.0,0.0,Stable,0,0,1,1.0,0.0,0,0.0,0.0,0.0,720000.0,0.0,5,1,2,1,0,1,0,0,0,41,3,6,2.70805020110221,7,8,56,653189.75,1,1,0,0,0,1,0,0,1,0,0,1,1,0,0,1,0,0,0,0,0,1,0,1,0,0,0,1,1,0,0,0,1,0,0,0,0,0,0,0,1
R0460,real_4w,3,2,2,2026-04-30 19:07:03,450000.0,Up,230000.0,230000.0,720000.0,0.0,1,0,475000.0,245000.0,230000.0,720000.0,490000.0,-490000.0,-0.6805555555555556,-490000.0,-0.6805555555555556,Down,0,1,0,0.4842105263157895,0.5157894736842106,0,-490000.0,-0.6805555555555556,0.5157894736842106,475000.0,-0.5157894736842106,4,5,2,0,1,1,0,0,0,41,3,6,2.70805020110221,7,8,56,653189.75,1,1,0,0,0,1,0,0,1,0,0,1,1,0,0,1,0,0,0,0,0,1,0,1,0,0,0,1,1,0,0,0,1,0,0,0,0,0,0,0,0
R0460,real_4w,4,3,3,2026-04-23 19:07:03,465000.0,Stable,450000.0,450000.0,230000.0,720000.0,1,1,466666.6666666667,200388.51153585516,230000.0,720000.0,490000.0,220000.0,0.9565217391304348,220000.0,0.9565217391304348,Up,1,0,0,0.9642857142857142,0.4294039532911182,0,220000.0,0.9565217391304348,0.4294039532911182,450000.0,0.0,4,4,2,0,0,0,0,0,0,41,3,6,2.70805020110221,7,8,56,653189.75,1,1,0,0,0,1,0,0,1,0,0,1,1,0,0,1,0,0,0,0,0,1,0,1,0,0,0,1,1,0,0,0,1,0,0,0,0,0,0,0,2
R0461,real_4w,2,1,1,2026-05-07 19:11:05,725000.0,Down,955000.0,955000.0,0.0,0.0,0,0,955000.0,0.0,955000.0,955000.0,0.0,0.0,0.0,0.0,0.0,Stable,0,0,1,1.0,0.0,0,0.0,0.0,0.0,955000.0,0.0,5,1,2,1,0,1,0,0,0,26,2,0,2.70805020110221,5,5,25,548095.6666666666,1,4,1,0,0,0,0,0,0,0,0,1,1,1,1,0,0,0,0,0,0,1,0,0,0,0,1,0,1,0,0,1,0,0,0,0,0,1,0,0,1
R0461,real_4w,3,2,2,2026-04-30 19:11:05,1235000.0,Up,725000.0,725000.0,955000.0,0.0,1,0,840000.0,115000.0,725000.0,955000.0,230000.0,-230000.0,-0.24083769633507854,-230000.0,-0.24083769633507854,Down,0,1,0,0.8630952380952381,0.13690476190476192,0,-230000.0,-0.24083769633507854,0.13690476190476192,840000.0,-0.13690476190476192,4,5,2,0,1,1,0,0,0,26,2,0,2.70805020110221,5,5,25,548095.6666666666,1,4,1,0,0,0,0,0,0,0,0,1,1,1,1,0,0,0,0,0,0,1,0,0,0,0,1,0,1,0,0,1,0,0,0,0,0,1,0,0,0
R0461,real_4w,4,3,3,2026-04-23 19:11:05,770000.0,Down,1235000.0,1235000.0,725000.0,955000.0,1,1,971666.6666666666,208539.89759489402,725000.0,1235000.0,510000.0,510000.0,0.7034482758620689,510000.0,0.7034482758620689,Up,1,0,0,1.2710120068610635,0.21462082085237807,1,510000.0,0.7034482758620689,0.21462082085237807,955000.0,0.2931937172774869,4,4,2,0,0,0,0,0,0,26,2,0,2.70805020110221,5,5,25,548095.6666666666,1,4,1,0,0,0,0,0,0,0,0,1,1,1,1,0,0,0,0,0,0,1,0,0,0,0,1,0,1,0,0,1,0,0,0,0,0,1,0,0,2
R0462,real_4w,2,1,1,2026-05-07 19:18:19,150000.0,Up,100000.0,100000.0,0.0,0.0,0,0,100000.0,0.0,100000.0,100000.0,0.0,0.0,0.0,0.0,0.0,Stable,0,0,1,1.0,0.0,0,0.0,0.0,0.0,100000.0,0.0,5,1,2,1,0,1,0,0,0,22,3,4,3.8066624897703196,5,8,40,442180.75,2,0,0,0,0,1,0,0,1,0,0,1,0,0,1,0,1,0,1,0,0,1,0,0,0,0,1,0,0,1,0,0,1,0,0,0,0,0,0,0,1
R0462,real_4w,3,2,2,2026-04-30 19:18:19,155000.0,Stable,150000.0,150000.0,100000.0,0.0,1,0,125000.0,25000.0,100000.0,150000.0,50000.0,50000.0,0.5,50000.0,0.5,Up,1,0,0,1.2,0.2,1,50000.0,0.5,0.2,125000.0,0.2,4,5,2,0,1,1,0,0,0,22,3,4,3.8066624897703196,5,8,40,442180.75,2,0,0,0,0,1,0,0,1,0,0,1,0,0,1,0,1,0,1,0,0,1,0,0,0,0,1,0,0,1,0,0,1,0,0,0,0,0,0,0,2
R0462,real_4w,4,3,3,2026-04-23 19:18:19,100000.0,Down,155000.0,155000.0,150000.0,100000.0,1,1,135000.0,24832.7740429189,100000.0,155000.0,55000.0,5000.0,0.03333333333333333,5000.0,0.03333333333333333,Stable,0,0,1,1.1481481481481481,0.18394647439199185,1,5000.0,0.03333333333333333,0.18394647439199185,150000.0,0.03333333333333333,4,4,2,0,0,0,0,0,0,22,3,4,3.8066624897703196,5,8,40,442180.75,2,0,0,0,0,1,0,0,1,0,0,1,0,0,1,0,1,0,1,0,0,1,0,0,0,0,1,0,0,1,0,0,1,0,0,0,0,0,0,0,1
R0463,real_4w,2,1,1,2026-05-07 19:19:40,435000.0,Stable,465000.0,465000.0,0.0,0.0,0,0,465000.0,0.0,465000.0,465000.0,0.0,0.0,0.0,0.0,0.0,Stable,0,0,1,1.0,0.0,0,0.0,0.0,0.0,465000.0,0.0,5,1,2,1,0,1,0,0,0,29,2,5,3.091042453358316,5,6,30,460955.5,0,4,0,0,0,0,0,0,0,0,1,0,1,0,1,0,0,1,0,0,0,1,0,0,0,1,1,0,1,0,1,0,0,0,0,0,0,1,0,0,1
R0463,real_4w,3,2,2,2026-04-30 19:19:40,365000.0,Down,435000.0,435000.0,465000.0,0.0,1,0,450000.0,15000.0,435000.0,465000.0,30000.0,-30000.0,-0.06451612903225806,-30000.0,-0.06451612903225806,Stable,0,0,1,0.9666666666666667,0.03333333333333333,0,-30000.0,-0.06451612903225806,0.03333333333333333,450000.0,-0.03333333333333333,4,5,2,0,1,1,0,0,0,29,2,5,3.091042453358316,5,6,30,460955.5,0,4,0,0,0,0,0,0,0,0,1,0,1,0,1,0,0,1,0,0,0,1,0,0,0,1,1,0,1,0,1,0,0,0,0,0,0,1,0,0,1
R0463,real_4w,4,3,3,2026-04-23 19:19:40,460000.0,Up,365000.0,365000.0,435000.0,465000.0,1,1,421666.6666666667,41899.35029992178,365000.0,465000.0,100000.0,-70000.0,-0.16091954022988506,-70000.0,-0.16091954022988506,Down,0,1,0,0.8656126482213439,0.09936604814210699,0,-70000.0,-0.16091954022988506,0.09936604814210699,435000.0,-0.16091954022988506,4,4,2,0,0,0,0,0,0,29,2,5,3.091042453358316,5,6,30,460955.5,0,4,0,0,0,0,0,0,0,0,1,0,1,0,1,0,0,1,0,0,0,1,0,0,0,1,1,0,1,0,1,0,0,0,0,0,0,1,0,0,0
R0464,real_4w,2,1,1,2026-05-07 20:17:27,500000.0,Stable,510000.0,510000.0,0.0,0.0,0,0,510000.0,0.0,510000.0,510000.0,0.0,0.0,0.0,0.0,0.0,Stable,0,0,1,1.0,0.0,0,0.0,0.0,0.0,510000.0,0.0,5,1,2,1,0,1,0,0,0,45,5,6,3.4011973816621555,6,9,54,653189.75,2,3,0,1,0,0,0,0,0,0,0,0,0,1,0,0,1,1,0,0,0,1,0,1,0,0,0,0,0,1,1,1,0,0,0,1,0,0,0,0,1
R0464,real_4w,3,2,2,2026-04-30 20:17:27,650000.0,Up,500000.0,500000.0,510000.0,0.0,1,0,505000.0,5000.0,500000.0,510000.0,10000.0,-10000.0,-0.0196078431372549,-10000.0,-0.0196078431372549,Stable,0,0,1,0.9900990099009901,0.009900990099009901,0,-10000.0,-0.0196078431372549,0.009900990099009901,505000.0,-0.009900990099009901,4,5,2,0,1,1,0,0,0,45,5,6,3.4011973816621555,6,9,54,653189.75,2,3,0,1,0,0,0,0,0,0,0,0,0,1,0,0,1,1,0,0,0,1,0,1,0,0,0,0,0,1,1,1,0,0,0,1,0,0,0,0,1
R0464,real_4w,4,3,3,2026-04-23 20:17:27,625000.0,Stable,650000.0,650000.0,500000.0,510000.0,1,1,553333.3333333334,68475.46194724712,500000.0,650000.0,150000.0,150000.0,0.3,150000.0,0.3,Up,1,0,0,1.1746987951807228,0.12375083484442251,1,150000.0,0.3,0.12375083484442251,510000.0,0.27450980392156865,4,4,2,0,0,0,0,0,0,45,5,6,3.4011973816621555,6,9,54,653189.75,2,3,0,1,0,0,0,0,0,0,0,0,0,1,0,0,1,1,0,0,0,1,0,1,0,0,0,0,0,1,1,1,0,0,0,1,0,0,0,0,2
R0465,real_4w,2,1,1,2026-05-07 20:18:14,100000.0,Down,135000.0,135000.0,0.0,0.0,0,0,135000.0,0.0,135000.0,135000.0,0.0,0.0,0.0,0.0,0.0,Stable,0,0,1,1.0,0.0,0,0.0,0.0,0.0,135000.0,0.0,5,1,2,1,0,1,0,0,0,30,6,5,4.060443010546419,5,9,45,460955.5,0,1,0,0,0,0,0,0,0,0,0,1,0,1,1,0,0,0,0,0,1,1,0,0,0,0,1,0,0,0,0,1,0,1,0,0,0,0,0,0,1
R0465,real_4w,3,2,2,2026-04-30 20:18:14,290000.0,Up,100000.0,100000.0,135000.0,0.0,1,0,117500.0,17500.0,100000.0,135000.0,35000.0,-35000.0,-0.25925925925925924,-35000.0,-0.25925925925925924,Down,0,1,0,0.851063829787234,0.14893617021276595,0,-35000.0,-0.25925925925925924,0.14893617021276595,117500.0,-0.14893617021276595,4,5,2,0,1,1,0,0,0,30,6,5,4.060443010546419,5,9,45,460955.5,0,1,0,0,0,0,0,0,0,0,0,1,0,1,1,0,0,0,0,0,1,1,0,0,0,0,1,0,0,0,0,1,0,1,0,0,0,0,0,0,0
R0465,real_4w,4,3,3,2026-04-23 20:18:14,150000.0,Down,290000.0,290000.0,100000.0,135000.0,1,1,175000.0,82563.10717667225,100000.0,290000.0,190000.0,190000.0,1.9,190000.0,1.9,Up,1,0,0,1.6571428571428573,0.47178918386669855,1,190000.0,1.9,0.47178918386669855,135000.0,1.1481481481481481,4,4,2,0,0,0,0,0,0,30,6,5,4.060443010546419,5,9,45,460955.5,0,1,0,0,0,0,0,0,0,0,0,1,0,1,1,0,0,0,0,0,1,1,0,0,0,0,1,0,0,0,0,1,0,1,0,0,0,0,0,0,2
R0466,real_4w,2,1,1,2026-05-07 20:35:07,300000.0,Stable,275000.0,275000.0,0.0,0.0,0,0,275000.0,0.0,275000.0,275000.0,0.0,0.0,0.0,0.0,0.0,Stable,0,0,1,1.0,0.0,0,0.0,0.0,0.0,275000.0,0.0,5,1,2,1,0,1,0,0,0,21,1,4,1.791759469228055,6,4,24,442180.75,2,3,0,0,0,0,0,0,0,0,0,1,1,0,1,0,0,0,0,0,0,1,0,0,1,0,1,0,1,0,0,0,0,0,1,0,0,0,0,0,1
R0466,real_4w,3,2,2,2026-04-30 20:35:07,350000.0,Up,300000.0,300000.0,275000.0,0.0,1,0,287500.0,12500.0,275000.0,300000.0,25000.0,25000.0,0.09090909090909091,25000.0,0.09090909090909091,Stable,0,0,1,1.0434782608695652,0.043478260869565216,1,25000.0,0.09090909090909091,0.043478260869565216,287500.0,0.043478260869565216,4,5,2,0,1,1,0,0,0,21,1,4,1.791759469228055,6,4,24,442180.75,2,3,0,0,0,0,0,0,0,0,0,1,1,0,1,0,0,0,0,0,0,1,0,0,1,0,1,0,1,0,0,0,0,0,1,0,0,0,0,0,1
R0466,real_4w,4,3,3,2026-04-23 20:35:07,300000.0,Down,350000.0,350000.0,300000.0,275000.0,1,1,308333.3333333333,31180.47822311618,275000.0,350000.0,75000.0,50000.0,0.16666666666666666,50000.0,0.16666666666666666,Up,1,0,0,1.1351351351351353,0.10112587531821465,1,50000.0,0.16666666666666666,0.10112587531821465,300000.0,0.16666666666666666,4,4,2,0,0,0,0,0,0,21,1,4,1.791759469228055,6,4,24,442180.75,2,3,0,0,0,0,0,0,0,0,0,1,1,0,1,0,0,0,0,0,0,1,0,0,1,0,1,0,1,0,0,0,0,0,1,0,0,0,0,0,2
R0467,real_4w,2,1,1,2026-05-07 21:19:16,425000.0,Down,480000.0,480000.0,0.0,0.0,0,0,480000.0,0.0,480000.0,480000.0,0.0,0.0,0.0,0.0,0.0,Stable,0,0,1,1.0,0.0,0,0.0,0.0,0.0,480000.0,0.0,5,1,2,1,0,1,0,0,0,26,3,4,4.02535169073515,4,6,24,442180.75,2,1,0,0,0,1,0,1,1,1,0,1,1,0,1,0,0,0,1,0,0,1,0,1,0,0,1,0,1,0,0,0,1,0,0,0,0,0,0,0,1
R0467,real_4w,3,2,2,2026-04-30 21:19:16,320000.0,Down,425000.0,425000.0,480000.0,0.0,1,0,452500.0,27500.0,425000.0,480000.0,55000.0,-55000.0,-0.11458333333333333,-55000.0,-0.11458333333333333,Down,0,1,0,0.9392265193370166,0.06077348066298342,0,-55000.0,-0.11458333333333333,0.06077348066298342,452500.0,-0.06077348066298342,4,5,2,0,1,1,0,0,0,26,3,4,4.02535169073515,4,6,24,442180.75,2,1,0,0,0,1,0,1,1,1,0,1,1,0,1,0,0,0,1,0,0,1,0,1,0,0,1,0,1,0,0,0,1,0,0,0,0,0,0,0,0
R0467,real_4w,4,3,3,2026-04-23 21:19:16,280000.0,Down,320000.0,320000.0,425000.0,480000.0,1,1,408333.3333333333,66374.35917246627,320000.0,480000.0,160000.0,-105000.0,-0.24705882352941178,-105000.0,-0.24705882352941178,Down,0,1,0,0.7836734693877552,0.16254945103461127,0,-105000.0,-0.24705882352941178,0.16254945103461127,425000.0,-0.24705882352941178,4,4,2,0,0,0,0,0,0,26,3,4,4.02535169073515,4,6,24,442180.75,2,1,0,0,0,1,0,1,1,1,0,1,1,0,1,0,0,0,1,0,0,1,0,1,0,0,1,0,1,0,0,0,1,0,0,0,0,0,0,0,0
R0468,real_4w,2,1,1,2026-05-08 05:37:38,350000.0,Down,400000.0,400000.0,0.0,0.0,0,0,400000.0,0.0,400000.0,400000.0,0.0,0.0,0.0,0.0,0.0,Stable,0,0,1,1.0,0.0,0,0.0,0.0,0.0,400000.0,0.0,5,2,2,0,0,0,0,0,0,22,0,0,2.302585092994046,5,6,30,548095.6666666666,0,1,0,0,0,0,0,0,0,0,0,1,0,1,0,0,0,1,0,0,0,1,0,0,0,0,0,0,0,0,1,1,0,0,0,0,0,0,0,1,1
R0468,real_4w,3,2,2,2026-05-01 05:37:38,320000.0,Stable,350000.0,350000.0,400000.0,0.0,1,0,375000.0,25000.0,350000.0,400000.0,50000.0,-50000.0,-0.125,-50000.0,-0.125,Down,0,1,0,0.9333333333333333,0.06666666666666667,0,-50000.0,-0.125,0.06666666666666667,375000.0,-0.06666666666666667,5,1,2,1,0,1,0,0,0,22,0,0,2.302585092994046,5,6,30,548095.6666666666,0,1,0,0,0,0,0,0,0,0,0,1,0,1,0,0,0,1,0,0,0,1,0,0,0,0,0,0,0,0,1,1,0,0,0,0,0,0,0,1,0
R0468,real_4w,4,3,3,2026-04-24 05:37:38,380000.0,Up,320000.0,320000.0,350000.0,400000.0,1,1,356666.6666666667,32998.316455372216,320000.0,400000.0,80000.0,-30000.0,-0.08571428571428572,-30000.0,-0.08571428571428572,Stable,0,0,1,0.897196261682243,0.09251864426739874,0,-30000.0,-0.08571428571428572,0.09251864426739874,350000.0,-0.08571428571428572,4,4,2,0,1,0,0,0,0,22,0,0,2.302585092994046,5,6,30,548095.6666666666,0,1,0,0,0,0,0,0,0,0,0,1,0,1,0,0,0,1,0,0,0,1,0,0,0,0,0,0,0,0,1,1,0,0,0,0,0,0,0,1,1
R0469,real_4w,2,1,1,2026-05-08 07:04:48,440000.0,Up,360000.0,360000.0,0.0,0.0,0,0,360000.0,0.0,360000.0,360000.0,0.0,0.0,0.0,0.0,0.0,Stable,0,0,1,1.0,0.0,0,0.0,0.0,0.0,360000.0,0.0,5,2,2,0,0,0,0,0,0,17,1,7,1.791759469228055,5,4,20,559306.0,1,0,1,0,0,1,0,0,1,0,0,0,1,0,1,0,0,1,0,0,0,1,0,0,1,0,1,0,1,0,1,0,0,0,1,0,0,0,0,0,1
R0469,real_4w,3,2,2,2026-05-01 07:04:48,350000.0,Down,440000.0,440000.0,360000.0,0.0,1,0,400000.0,40000.0,360000.0,440000.0,80000.0,80000.0,0.2222222222222222,80000.0,0.2222222222222222,Up,1,0,0,1.1,0.1,1,80000.0,0.2222222222222222,0.1,400000.0,0.1,5,1,2,1,0,1,0,0,0,17,1,7,1.791759469228055,5,4,20,559306.0,1,0,1,0,0,1,0,0,1,0,0,0,1,0,1,0,0,1,0,0,0,1,0,0,1,0,1,0,1,0,1,0,0,0,1,0,0,0,0,0,2
R0469,real_4w,4,3,3,2026-04-24 07:04:48,425000.0,Up,350000.0,350000.0,440000.0,360000.0,1,1,383333.3333333333,40276.81991198191,350000.0,440000.0,90000.0,-90000.0,-0.20454545454545456,-90000.0,-0.20454545454545456,Down,0,1,0,0.9130434782608696,0.1050699649877789,0,-90000.0,-0.20454545454545456,0.1050699649877789,360000.0,-0.027777777777777776,4,4,2,0,1,0,0,0,0,17,1,7,1.791759469228055,5,4,20,559306.0,1,0,1,0,0,1,0,0,1,0,0,0,1,0,1,0,0,1,0,0,0,1,0,0,1,0,1,0,1,0,1,0,0,0,1,0,0,0,0,0,0
R0470,real_4w,2,1,1,2026-05-08 07:43:43,275000.0,Stable,250000.0,250000.0,0.0,0.0,0,0,250000.0,0.0,250000.0,250000.0,0.0,0.0,0.0,0.0,0.0,Stable,0,0,1,1.0,0.0,0,0.0,0.0,0.0,250000.0,0.0,5,2,2,0,0,0,0,0,0,31,6,8,3.9318256327243257,5,8,40,517481.9375,2,3,0,0,0,0,0,0,0,0,0,1,0,1,1,0,0,1,0,0,1,1,0,0,0,0,1,0,0,0,1,1,0,1,0,0,0,0,0,0,1
R0470,real_4w,3,2,2,2026-05-01 07:43:43,340000.0,Up,275000.0,275000.0,250000.0,0.0,1,0,262500.0,12500.0,250000.0,275000.0,25000.0,25000.0,0.1,25000.0,0.1,Stable,0,0,1,1.0476190476190477,0.047619047619047616,1,25000.0,0.1,0.047619047619047616,262500.0,0.047619047619047616,5,1,2,1,0,1,0,0,0,31,6,8,3.9318256327243257,5,8,40,517481.9375,2,3,0,0,0,0,0,0,0,0,0,1,0,1,1,0,0,1,0,0,1,1,0,0,0,0,1,0,0,0,1,1,0,1,0,0,0,0,0,0,1
R0470,real_4w,4,3,3,2026-04-24 07:43:43,290000.0,Down,340000.0,340000.0,275000.0,250000.0,1,1,288333.3333333333,37932.688922470144,250000.0,340000.0,90000.0,65000.0,0.23636363636363636,65000.0,0.23636363636363636,Up,1,0,0,1.1791907514450868,0.13155845869064792,1,65000.0,0.23636363636363636,0.13155845869064792,275000.0,0.23636363636363636,4,4,2,0,1,0,0,0,0,31,6,8,3.9318256327243257,5,8,40,517481.9375,2,3,0,0,0,0,0,0,0,0,0,1,0,1,1,0,0,1,0,0,1,1,0,0,0,0,1,0,0,0,1,1,0,1,0,0,0,0,0,0,2
R0471,real_4w,2,1,1,2026-05-08 09:29:37,650000.0,Stable,685000.0,685000.0,0.0,0.0,0,0,685000.0,0.0,685000.0,685000.0,0.0,0.0,0.0,0.0,0.0,Stable,0,0,1,1.0,0.0,0,0.0,0.0,0.0,685000.0,0.0,5,2,2,0,0,0,0,0,0,52,3,2,4.442651256490317,5,4,20,739240.8333333334,1,3,0,0,0,1,0,1,1,1,0,0,1,0,1,1,0,0,1,0,0,1,0,0,0,0,1,1,1,0,0,0,1,0,0,0,0,0,0,0,1
R0471,real_4w,3,2,2,2026-05-01 09:29:37,775000.0,Up,650000.0,650000.0,685000.0,0.0,1,0,667500.0,17500.0,650000.0,685000.0,35000.0,-35000.0,-0.051094890510948905,-35000.0,-0.051094890510948905,Stable,0,0,1,0.9737827715355806,0.026217228464419477,0,-35000.0,-0.051094890510948905,0.026217228464419477,667500.0,-0.026217228464419477,5,1,2,1,0,1,0,0,0,52,3,2,4.442651256490317,5,4,20,739240.8333333334,1,3,0,0,0,1,0,1,1,1,0,0,1,0,1,1,0,0,1,0,0,1,0,0,0,0,1,1,1,0,0,0,1,0,0,0,0,0,0,0,1
R0471,real_4w,4,3,3,2026-04-24 09:29:37,625000.0,Down,775000.0,775000.0,650000.0,685000.0,1,1,703333.3333333334,52651.89666310438,650000.0,775000.0,125000.0,125000.0,0.19230769230769232,125000.0,0.19230769230769232,Up,1,0,0,1.1018957345971563,0.07486051658261286,1,125000.0,0.19230769230769232,0.07486051658261286,685000.0,0.13138686131386862,4,4,2,0,1,0,0,0,0,52,3,2,4.442651256490317,5,4,20,739240.8333333334,1,3,0,0,0,1,0,1,1,1,0,0,1,0,1,1,0,0,1,0,0,1,0,0,0,0,1,1,1,0,0,0,1,0,0,0,0,0,0,0,2
R0472,real_4w,2,1,1,2026-05-08 09:51:04,25000.0,Down,660000.0,660000.0,0.0,0.0,0,0,660000.0,0.0,660000.0,660000.0,0.0,0.0,0.0,0.0,0.0,Stable,0,0,1,1.0,0.0,0,0.0,0.0,0.0,660000.0,0.0,5,2,2,0,0,0,0,0,0,36,5,2,3.258096538021482,7,8,56,739240.8333333334,0,4,0,1,1,0,0,0,0,0,0,0,0,0,1,0,0,1,0,0,0,1,0,0,0,0,1,0,0,0,1,0,0,0,0,1,0,0,0,0,1
R0472,real_4w,3,2,2,2026-05-01 09:51:04,30000.0,Up,25000.0,25000.0,660000.0,0.0,1,0,342500.0,317500.0,25000.0,660000.0,635000.0,-635000.0,-0.9621212121212122,-635000.0,-0.9621212121212122,Down,0,1,0,0.072992700729927,0.927007299270073,0,-635000.0,-0.9621212121212122,0.927007299270073,342500.0,-0.927007299270073,5,1,2,1,0,1,0,0,0,36,5,2,3.258096538021482,7,8,56,739240.8333333334,0,4,0,1,1,0,0,0,0,0,0,0,0,0,1,0,0,1,0,0,0,1,0,0,0,0,1,0,0,0,1,0,0,0,0,1,0,0,0,0,0
R0472,real_4w,4,3,3,2026-04-24 09:51:04,700000.0,Up,30000.0,30000.0,25000.0,660000.0,1,1,238333.33333333334,298170.3465396174,25000.0,660000.0,635000.0,5000.0,0.2,5000.0,0.2,Up,1,0,0,0.12587412587412586,1.2510643910753176,0,5000.0,0.2,1.2510643910753176,30000.0,0.0,4,4,2,0,1,0,0,0,0,36,5,2,3.258096538021482,7,8,56,739240.8333333334,0,4,0,1,1,0,0,0,0,0,0,0,0,0,1,0,0,1,0,0,0,1,0,0,0,0,1,0,0,0,1,0,0,0,0,1,0,0,0,0,2
R0473,real_4w,2,1,1,2026-05-08 10:01:31,440000.0,Down,775000.0,775000.0,0.0,0.0,0,0,775000.0,0.0,775000.0,775000.0,0.0,0.0,0.0,0.0,0.0,Stable,0,0,1,1.0,0.0,0,0.0,0.0,0.0,775000.0,0.0,5,2,2,0,0,0,0,0,0,41,5,0,3.332204510175204,7,7,49,548095.6666666666,1,3,0,1,0,0,0,0,0,0,0,0,0,0,1,0,0,1,0,1,0,1,0,1,0,0,1,0,0,0,1,0,0,0,0,1,0,0,0,0,1
R0473,real_4w,3,2,2,2026-05-01 10:01:31,960000.0,Up,440000.0,440000.0,775000.0,0.0,1,0,607500.0,167500.0,440000.0,775000.0,335000.0,-335000.0,-0.432258064516129,-335000.0,-0.432258064516129,Down,0,1,0,0.7242798353909465,0.2757201646090535,0,-335000.0,-0.432258064516129,0.2757201646090535,607500.0,-0.2757201646090535,5,1,2,1,0,1,0,0,0,41,5,0,3.332204510175204,7,7,49,548095.6666666666,1,3,0,1,0,0,0,0,0,0,0,0,0,0,1,0,0,1,0,1,0,1,0,1,0,0,1,0,0,0,1,0,0,0,0,1,0,0,0,0,0
R0473,real_4w,4,3,3,2026-04-24 10:01:31,960000.0,Stable,960000.0,960000.0,440000.0,775000.0,1,1,725000.0,215213.0727132222,440000.0,960000.0,520000.0,520000.0,1.1818181818181819,520000.0,1.1818181818181819,Up,1,0,0,1.3241379310344827,0.2968456175354789,1,520000.0,1.1818181818181819,0.2968456175354789,775000.0,0.23870967741935484,4,4,2,0,1,0,0,0,0,41,5,0,3.332204510175204,7,7,49,548095.6666666666,1,3,0,1,0,0,0,0,0,0,0,0,0,0,1,0,0,1,0,1,0,1,0,1,0,0,1,0,0,0,1,0,0,0,0,1,0,0,0,0,2
R0474,real_4w,2,1,1,2026-05-08 11:05:40,450000.0,Up,300000.0,300000.0,0.0,0.0,0,0,300000.0,0.0,300000.0,300000.0,0.0,0.0,0.0,0.0,0.0,Stable,0,0,1,1.0,0.0,0,0.0,0.0,0.0,300000.0,0.0,5,2,2,0,0,0,0,0,0,43,6,0,2.9444389791664403,5,6,30,548095.6666666666,1,3,0,0,0,0,0,0,0,0,0,1,0,1,0,0,0,1,1,0,1,1,0,0,0,0,0,0,0,0,1,1,0,1,0,0,0,0,0,0,1
R0474,real_4w,3,2,2,2026-05-01 11:05:40,925000.0,Up,450000.0,450000.0,300000.0,0.0,1,0,375000.0,75000.0,300000.0,450000.0,150000.0,150000.0,0.5,150000.0,0.5,Up,1,0,0,1.2,0.2,1,150000.0,0.5,0.2,375000.0,0.2,5,1,2,1,0,1,0,0,0,43,6,0,2.9444389791664403,5,6,30,548095.6666666666,1,3,0,0,0,0,0,0,0,0,0,1,0,1,0,0,0,1,1,0,1,1,0,0,0,0,0,0,0,0,1,1,0,1,0,0,0,0,0,0,2
R0474,real_4w,4,3,3,2026-04-24 11:05:40,350000.0,Down,925000.0,925000.0,450000.0,300000.0,1,1,558333.3333333334,266406.1227190963,300000.0,925000.0,625000.0,475000.0,1.0555555555555556,475000.0,1.0555555555555556,Up,1,0,0,1.6567164179104477,0.477145294422262,1,475000.0,1.0555555555555556,0.477145294422262,450000.0,1.0555555555555556,4,4,2,0,1,0,0,0,0,43,6,0,2.9444389791664403,5,6,30,548095.6666666666,1,3,0,0,0,0,0,0,0,0,0,1,0,1,0,0,0,1,1,0,1,1,0,0,0,0,0,0,0,0,1,1,0,1,0,0,0,0,0,0,2
R0475,real_4w,2,1,1,2026-05-08 11:15:40,390000.0,Down,475000.0,475000.0,0.0,0.0,0,0,475000.0,0.0,475000.0,475000.0,0.0,0.0,0.0,0.0,0.0,Stable,0,0,1,1.0,0.0,0,0.0,0.0,0.0,475000.0,0.0,5,2,2,0,0,0,0,0,0,29,4,4,3.1354942159291497,7,11,77,442180.75,2,1,0,0,1,0,0,0,0,0,0,0,0,1,1,0,1,0,0,1,0,1,0,0,0,0,1,0,0,1,0,1,0,0,0,0,1,0,0,0,1
R0475,real_4w,3,2,2,2026-05-01 11:15:40,425000.0,Stable,390000.0,390000.0,475000.0,0.0,1,0,432500.0,42500.0,390000.0,475000.0,85000.0,-85000.0,-0.17894736842105263,-85000.0,-0.17894736842105263,Down,0,1,0,0.9017341040462428,0.09826589595375723,0,-85000.0,-0.17894736842105263,0.09826589595375723,432500.0,-0.09826589595375723,5,1,2,1,0,1,0,0,0,29,4,4,3.1354942159291497,7,11,77,442180.75,2,1,0,0,1,0,0,0,0,0,0,0,0,1,1,0,1,0,0,1,0,1,0,0,0,0,1,0,0,1,0,1,0,0,0,0,1,0,0,0,0
R0475,real_4w,4,3,3,2026-04-24 11:15:40,415000.0,Stable,425000.0,425000.0,390000.0,475000.0,1,1,430000.0,34880.74922742725,390000.0,475000.0,85000.0,35000.0,0.08974358974358974,35000.0,0.08974358974358974,Stable,0,0,1,0.9883720930232558,0.08111802145913315,0,35000.0,0.08974358974358974,0.08111802145913315,425000.0,0.0,4,4,2,0,1,0,0,0,0,29,4,4,3.1354942159291497,7,11,77,442180.75,2,1,0,0,1,0,0,0,0,0,0,0,0,1,1,0,1,0,0,1,0,1,0,0,0,0,1,0,0,1,0,1,0,0,0,0,1,0,0,0,1
R0476,real_4w,2,1,1,2026-05-08 13:02:41,325000.0,Down,695000.0,695000.0,0.0,0.0,0,0,695000.0,0.0,695000.0,695000.0,0.0,0.0,0.0,0.0,0.0,Stable,0,0,1,1.0,0.0,0,0.0,0.0,0.0,695000.0,0.0,5,2,2,0,0,0,0,0,0,25,4,5,1.9459101490553132,6,8,48,460955.5,2,3,0,0,1,0,0,1,0,0,0,0,0,0,0,1,1,0,0,1,1,1,0,0,0,0,0,1,0,1,0,0,0,0,0,0,1,0,0,0,1
R0476,real_4w,3,2,2,2026-05-01 13:02:41,320000.0,Stable,325000.0,325000.0,695000.0,0.0,1,0,510000.0,185000.0,325000.0,695000.0,370000.0,-370000.0,-0.5323741007194245,-370000.0,-0.5323741007194245,Down,0,1,0,0.6372549019607843,0.3627450980392157,0,-370000.0,-0.5323741007194245,0.3627450980392157,510000.0,-0.3627450980392157,5,1,2,1,0,1,0,0,0,25,4,5,1.9459101490553132,6,8,48,460955.5,2,3,0,0,1,0,0,1,0,0,0,0,0,0,0,1,1,0,0,1,1,1,0,0,0,0,0,1,0,1,0,0,0,0,0,0,1,0,0,0,0
R0476,real_4w,4,3,3,2026-04-24 13:02:41,375000.0,Up,320000.0,320000.0,325000.0,695000.0,1,1,446666.6666666667,175610.04780162463,320000.0,695000.0,375000.0,-5000.0,-0.015384615384615385,-5000.0,-0.015384615384615385,Stable,0,0,1,0.7164179104477612,0.39315682343647307,0,-5000.0,-0.015384615384615385,0.39315682343647307,325000.0,-0.015384615384615385,4,4,2,0,1,0,0,0,0,25,4,5,1.9459101490553132,6,8,48,460955.5,2,3,0,0,1,0,0,1,0,0,0,0,0,0,0,1,1,0,0,1,1,1,0,0,0,0,0,1,0,1,0,0,0,0,0,0,1,0,0,0,1
R0477,real_4w,2,1,1,2026-05-08 14:09:17,170000.0,Up,140000.0,140000.0,0.0,0.0,0,0,140000.0,0.0,140000.0,140000.0,0.0,0.0,0.0,0.0,0.0,Stable,0,0,1,1.0,0.0,0,0.0,0.0,0.0,140000.0,0.0,5,2,2,0,0,0,0,0,0,35,3,8,2.3978952727983707,7,7,49,517481.9375,1,4,0,0,0,1,0,1,1,1,0,1,0,0,1,1,1,0,0,0,0,1,0,1,0,0,1,1,0,1,0,0,1,0,0,0,0,0,0,0,1
R0477,real_4w,3,2,2,2026-05-01 14:09:17,175000.0,Stable,170000.0,170000.0,140000.0,0.0,1,0,155000.0,15000.0,140000.0,170000.0,30000.0,30000.0,0.21428571428571427,30000.0,0.21428571428571427,Up,1,0,0,1.096774193548387,0.0967741935483871,1,30000.0,0.21428571428571427,0.0967741935483871,155000.0,0.0967741935483871,5,1,2,1,0,1,0,0,0,35,3,8,2.3978952727983707,7,7,49,517481.9375,1,4,0,0,0,1,0,1,1,1,0,1,0,0,1,1,1,0,0,0,0,1,0,1,0,0,1,1,0,1,0,0,1,0,0,0,0,0,0,0,2
R0477,real_4w,4,3,3,2026-04-24 14:09:17,185000.0,Stable,175000.0,175000.0,170000.0,140000.0,1,1,161666.66666666666,15456.030825826172,140000.0,175000.0,35000.0,5000.0,0.029411764705882353,5000.0,0.029411764705882353,Stable,0,0,1,1.0824742268041239,0.09560431438655365,1,5000.0,0.029411764705882353,0.09560431438655365,170000.0,0.029411764705882353,4,4,2,0,1,0,0,0,0,35,3,8,2.3978952727983707,7,7,49,517481.9375,1,4,0,0,0,1,0,1,1,1,0,1,0,0,1,1,1,0,0,0,0,1,0,1,0,0,1,1,0,1,0,0,1,0,0,0,0,0,0,0,1
R0478,real_4w,2,1,1,2026-05-08 14:10:05,930000.0,Up,430000.0,430000.0,0.0,0.0,0,0,430000.0,0.0,430000.0,430000.0,0.0,0.0,0.0,0.0,0.0,Stable,0,0,1,1.0,0.0,0,0.0,0.0,0.0,430000.0,0.0,5,2,2,0,0,0,0,0,0,42,4,0,2.9444389791664403,5,9,45,548095.6666666666,2,2,0,0,1,0,0,0,0,0,0,0,0,0,0,1,0,0,0,1,1,1,0,0,0,0,0,1,0,0,0,0,0,0,0,0,1,0,0,0,1
R0478,real_4w,3,2,2,2026-05-01 14:10:05,470000.0,Down,930000.0,930000.0,430000.0,0.0,1,0,680000.0,250000.0,430000.0,930000.0,500000.0,500000.0,1.1627906976744187,500000.0,1.1627906976744187,Up,1,0,0,1.3676470588235294,0.36764705882352944,1,500000.0,1.1627906976744187,0.36764705882352944,680000.0,0.36764705882352944,5,1,2,1,0,1,0,0,0,42,4,0,2.9444389791664403,5,9,45,548095.6666666666,2,2,0,0,1,0,0,0,0,0,0,0,0,0,0,1,0,0,0,1,1,1,0,0,0,0,0,1,0,0,0,0,0,0,0,0,1,0,0,0,2
R0478,real_4w,4,3,3,2026-04-24 14:10:05,910000.0,Up,470000.0,470000.0,930000.0,430000.0,1,1,610000.0,226862.66036231405,430000.0,930000.0,500000.0,-460000.0,-0.4946236559139785,-460000.0,-0.4946236559139785,Down,0,1,0,0.7704918032786885,0.37190600059395745,0,-460000.0,-0.4946236559139785,0.37190600059395745,470000.0,0.0,4,4,2,0,1,0,0,0,0,42,4,0,2.9444389791664403,5,9,45,548095.6666666666,2,2,0,0,1,0,0,0,0,0,0,0,0,0,0,1,0,0,0,1,1,1,0,0,0,0,0,1,0,0,0,0,0,0,0,0,1,0,0,0,0
R0479,real_4w,2,1,1,2026-05-08 14:12:41,435000.0,Stable,450000.0,450000.0,0.0,0.0,0,0,450000.0,0.0,450000.0,450000.0,0.0,0.0,0.0,0.0,0.0,Stable,0,0,1,1.0,0.0,0,0.0,0.0,0.0,450000.0,0.0,5,2,2,0,0,0,0,0,0,24,7,2,3.044522437723423,4,5,20,739240.8333333334,0,1,0,0,0,0,0,0,0,0,0,1,0,1,1,0,0,0,0,0,0,1,0,0,0,0,1,0,0,0,0,1,0,0,0,0,0,0,1,0,1
R0479,real_4w,3,2,2,2026-05-01 14:12:41,105000.0,Down,435000.0,435000.0,450000.0,0.0,1,0,442500.0,7500.0,435000.0,450000.0,15000.0,-15000.0,-0.03333333333333333,-15000.0,-0.03333333333333333,Stable,0,0,1,0.9830508474576272,0.01694915254237288,0,-15000.0,-0.03333333333333333,0.01694915254237288,442500.0,-0.01694915254237288,5,1,2,1,0,1,0,0,0,24,7,2,3.044522437723423,4,5,20,739240.8333333334,0,1,0,0,0,0,0,0,0,0,0,1,0,1,1,0,0,0,0,0,0,1,0,0,0,0,1,0,0,0,0,1,0,0,0,0,0,0,1,0,1
R0479,real_4w,4,3,3,2026-04-24 14:12:41,530000.0,Up,105000.0,105000.0,435000.0,450000.0,1,1,330000.0,159216.83328090658,105000.0,450000.0,345000.0,-330000.0,-0.7586206896551724,-330000.0,-0.7586206896551724,Down,0,1,0,0.3181818181818182,0.48247525236638356,0,-330000.0,-0.7586206896551724,0.48247525236638356,435000.0,-0.7586206896551724,4,4,2,0,1,0,0,0,0,24,7,2,3.044522437723423,4,5,20,739240.8333333334,0,1,0,0,0,0,0,0,0,0,0,1,0,1,1,0,0,0,0,0,0,1,0,0,0,0,1,0,0,0,0,1,0,0,0,0,0,0,1,0,0
R0480,real_4w,2,1,1,2026-05-08 14:58:00,170000.0,Down,195000.0,195000.0,0.0,0.0,0,0,195000.0,0.0,195000.0,195000.0,0.0,0.0,0.0,0.0,0.0,Stable,0,0,1,1.0,0.0,0,0.0,0.0,0.0,195000.0,0.0,5,2,2,0,0,0,0,0,0,18,7,1,3.6375861597263857,5,5,25,518297.0,0,0,0,0,0,1,0,0,1,0,0,1,0,0,1,0,0,0,0,0,1,1,0,0,0,1,1,0,0,0,0,0,0,0,0,0,0,0,1,0,1
R0480,real_4w,3,2,2,2026-05-01 14:58:00,160000.0,Stable,170000.0,170000.0,195000.0,0.0,1,0,182500.0,12500.0,170000.0,195000.0,25000.0,-25000.0,-0.1282051282051282,-25000.0,-0.1282051282051282,Down,0,1,0,0.9315068493150684,0.0684931506849315,0,-25000.0,-0.1282051282051282,0.0684931506849315,182500.0,-0.0684931506849315,5,1,2,1,0,1,0,0,0,18,7,1,3.6375861597263857,5,5,25,518297.0,0,0,0,0,0,1,0,0,1,0,0,1,0,0,1,0,0,0,0,0,1,1,0,0,0,1,1,0,0,0,0,0,0,0,0,0,0,0,1,0,0
R0480,real_4w,4,3,3,2026-04-24 14:58:00,180000.0,Up,160000.0,160000.0,170000.0,195000.0,1,1,175000.0,14719.601443879745,160000.0,195000.0,35000.0,-10000.0,-0.058823529411764705,-10000.0,-0.058823529411764705,Stable,0,0,1,0.9142857142857143,0.0841120082507414,0,-10000.0,-0.058823529411764705,0.0841120082507414,170000.0,-0.058823529411764705,4,4,2,0,1,0,0,0,0,18,7,1,3.6375861597263857,5,5,25,518297.0,0,0,0,0,0,1,0,0,1,0,0,1,0,0,1,0,0,0,0,0,1,1,0,0,0,1,1,0,0,0,0,0,0,0,0,0,0,0,1,0,1
R0481,real_4w,2,1,1,2026-05-08 15:31:28,380000.0,Down,525000.0,525000.0,0.0,0.0,0,0,525000.0,0.0,525000.0,525000.0,0.0,0.0,0.0,0.0,0.0,Stable,0,0,1,1.0,0.0,0,0.0,0.0,0.0,525000.0,0.0,5,2,2,0,0,0,0,0,0,20,7,2,2.302585092994046,4,5,20,739240.8333333334,1,1,0,0,0,1,0,0,1,0,0,1,1,1,1,0,0,0,0,0,0,1,1,0,0,1,1,0,1,0,0,1,0,0,0,0,0,0,1,0,1
R0481,real_4w,3,2,2,2026-05-01 15:31:28,260000.0,Down,380000.0,380000.0,525000.0,0.0,1,0,452500.0,72500.0,380000.0,525000.0,145000.0,-145000.0,-0.2761904761904762,-145000.0,-0.2761904761904762,Down,0,1,0,0.8397790055248618,0.16022099447513813,0,-145000.0,-0.2761904761904762,0.16022099447513813,452500.0,-0.16022099447513813,5,1,2,1,0,1,0,0,0,20,7,2,2.302585092994046,4,5,20,739240.8333333334,1,1,0,0,0,1,0,0,1,0,0,1,1,1,1,0,0,0,0,0,0,1,1,0,0,1,1,0,1,0,0,1,0,0,0,0,0,0,1,0,0
R0481,real_4w,4,3,3,2026-04-24 15:31:28,390000.0,Up,260000.0,260000.0,380000.0,525000.0,1,1,388333.3333333333,108346.15308763337,260000.0,525000.0,265000.0,-120000.0,-0.3157894736842105,-120000.0,-0.3157894736842105,Down,0,1,0,0.6695278969957081,0.2790029693243778,0,-120000.0,-0.3157894736842105,0.2790029693243778,380000.0,-0.3157894736842105,4,4,2,0,1,0,0,0,0,20,7,2,2.302585092994046,4,5,20,739240.8333333334,1,1,0,0,0,1,0,0,1,0,0,1,1,1,1,0,0,0,0,0,0,1,1,0,0,1,1,0,1,0,0,1,0,0,0,0,0,0,1,0,0
R0482,real_4w,2,1,1,2026-05-08 15:39:51,305000.0,Up,20000.0,20000.0,0.0,0.0,0,0,20000.0,0.0,20000.0,20000.0,0.0,0.0,0.0,0.0,0.0,Stable,0,0,1,1.0,0.0,0,0.0,0.0,0.0,20000.0,0.0,5,2,2,0,0,0,0,0,0,23,0,2,3.044522437723423,3,3,9,739240.8333333334,0,3,0,0,0,1,0,0,1,0,0,1,0,0,0,1,0,0,1,0,0,1,0,1,0,0,0,1,0,0,0,0,0,0,0,0,0,0,0,1,1
R0482,real_4w,3,2,2,2026-05-01 15:39:51,425000.0,Up,305000.0,305000.0,20000.0,0.0,1,0,162500.0,142500.0,20000.0,305000.0,285000.0,285000.0,14.25,285000.0,14.25,Up,1,0,0,1.876923076923077,0.8769230769230769,1,285000.0,14.25,0.8769230769230769,162500.0,0.8769230769230769,5,1,2,1,0,1,0,0,0,23,0,2,3.044522437723423,3,3,9,739240.8333333334,0,3,0,0,0,1,0,0,1,0,0,1,0,0,0,1,0,0,1,0,0,1,0,1,0,0,0,1,0,0,0,0,0,0,0,0,0,0,0,1,2
R0482,real_4w,4,3,3,2026-04-24 15:39:51,20000.0,Down,425000.0,425000.0,305000.0,20000.0,1,1,250000.0,169852.8775146303,20000.0,425000.0,405000.0,120000.0,0.39344262295081966,120000.0,0.39344262295081966,Up,1,0,0,1.7,0.6794115100585212,1,120000.0,0.39344262295081966,0.6794115100585212,305000.0,0.39344262295081966,4,4,2,0,1,0,0,0,0,23,0,2,3.044522437723423,3,3,9,739240.8333333334,0,3,0,0,0,1,0,0,1,0,0,1,0,0,0,1,0,0,1,0,0,1,0,1,0,0,0,1,0,0,0,0,0,0,0,0,0,0,0,1,2
R0483,real_4w,2,1,1,2026-05-08 16:02:22,210000.0,Down,865000.0,865000.0,0.0,0.0,0,0,865000.0,0.0,865000.0,865000.0,0.0,0.0,0.0,0.0,0.0,Stable,0,0,1,1.0,0.0,0,0.0,0.0,0.0,865000.0,0.0,5,2,2,0,0,0,0,0,0,27,4,2,3.58351893845611,6,8,48,739240.8333333334,2,1,0,0,1,0,0,0,0,0,0,0,0,0,1,0,1,0,0,0,0,1,0,0,0,0,1,0,0,1,0,0,0,0,0,0,1,0,0,0,1
R0483,real_4w,3,2,2,2026-05-01 16:02:22,525000.0,Up,210000.0,210000.0,865000.0,0.0,1,0,537500.0,327500.0,210000.0,865000.0,655000.0,-655000.0,-0.7572254335260116,-655000.0,-0.7572254335260116,Down,0,1,0,0.39069767441860465,0.6093023255813953,0,-655000.0,-0.7572254335260116,0.6093023255813953,537500.0,-0.6093023255813953,5,1,2,1,0,1,0,0,0,27,4,2,3.58351893845611,6,8,48,739240.8333333334,2,1,0,0,1,0,0,0,0,0,0,0,0,0,1,0,1,0,0,0,0,1,0,0,0,0,1,0,0,1,0,0,0,0,0,0,1,0,0,0,0
R0483,real_4w,4,3,3,2026-04-24 16:02:22,330000.0,Down,525000.0,525000.0,210000.0,865000.0,1,1,533333.3333333334,267467.5473564763,210000.0,865000.0,655000.0,315000.0,1.5,315000.0,1.5,Up,1,0,0,0.9843749999999999,0.5015016512933931,0,315000.0,1.5,0.5015016512933931,525000.0,0.0,4,4,2,0,1,0,0,0,0,27,4,2,3.58351893845611,6,8,48,739240.8333333334,2,1,0,0,1,0,0,0,0,0,0,0,0,0,1,0,1,0,0,0,0,1,0,0,0,0,1,0,0,1,0,0,0,0,0,0,1,0,0,0,2
R0484,real_4w,2,1,1,2026-05-08 16:47:20,265000.0,Up,190000.0,190000.0,0.0,0.0,0,0,190000.0,0.0,190000.0,190000.0,0.0,0.0,0.0,0.0,0.0,Stable,0,0,1,1.0,0.0,0,0.0,0.0,0.0,190000.0,0.0,5,2,2,0,0,0,0,0,0,27,1,8,3.4965075614664802,5,6,30,517481.9375,2,0,1,0,0,0,0,0,0,0,0,1,1,0,0,0,0,0,0,0,0,1,0,0,1,0,0,0,1,0,0,0,0,0,1,0,0,0,0,0,1
R0484,real_4w,3,2,2,2026-05-01 16:47:20,370000.0,Up,265000.0,265000.0,190000.0,0.0,1,0,227500.0,37500.0,190000.0,265000.0,75000.0,75000.0,0.39473684210526316,75000.0,0.39473684210526316,Up,1,0,0,1.164835164835165,0.16483516483516483,1,75000.0,0.39473684210526316,0.16483516483516483,227500.0,0.16483516483516483,5,1,2,1,0,1,0,0,0,27,1,8,3.4965075614664802,5,6,30,517481.9375,2,0,1,0,0,0,0,0,0,0,0,1,1,0,0,0,0,0,0,0,0,1,0,0,1,0,0,0,1,0,0,0,0,0,1,0,0,0,0,0,2
R0484,real_4w,4,3,3,2026-04-24 16:47:20,170000.0,Down,370000.0,370000.0,265000.0,190000.0,1,1,275000.0,73824.115301167,190000.0,370000.0,180000.0,105000.0,0.39622641509433965,105000.0,0.39622641509433965,Up,1,0,0,1.3454545454545455,0.26845132836788,1,105000.0,0.39622641509433965,0.26845132836788,265000.0,0.39622641509433965,4,4,2,0,1,0,0,0,0,27,1,8,3.4965075614664802,5,6,30,517481.9375,2,0,1,0,0,0,0,0,0,0,0,1,1,0,0,0,0,0,0,0,0,1,0,0,1,0,0,0,1,0,0,0,0,0,1,0,0,0,0,0,2
R0485,real_4w,2,1,1,2026-05-08 16:57:04,160000.0,Down,180000.0,180000.0,0.0,0.0,0,0,180000.0,0.0,180000.0,180000.0,0.0,0.0,0.0,0.0,0.0,Stable,0,0,1,1.0,0.0,0,0.0,0.0,0.0,180000.0,0.0,5,2,2,0,0,0,0,0,0,21,3,0,0.6931471805599453,4,4,16,548095.6666666666,2,1,0,0,0,0,0,1,1,1,0,1,1,0,1,1,0,0,0,0,0,1,0,0,0,0,1,1,1,0,0,0,1,0,0,0,0,0,0,0,1
R0485,real_4w,3,2,2,2026-05-01 16:57:04,10000.0,Down,160000.0,160000.0,180000.0,0.0,1,0,170000.0,10000.0,160000.0,180000.0,20000.0,-20000.0,-0.1111111111111111,-20000.0,-0.1111111111111111,Down,0,1,0,0.9411764705882353,0.058823529411764705,0,-20000.0,-0.1111111111111111,0.058823529411764705,170000.0,-0.058823529411764705,5,1,2,1,0,1,0,0,0,21,3,0,0.6931471805599453,4,4,16,548095.6666666666,2,1,0,0,0,0,0,1,1,1,0,1,1,0,1,1,0,0,0,0,0,1,0,0,0,0,1,1,1,0,0,0,1,0,0,0,0,0,0,0,0
R0485,real_4w,4,3,3,2026-04-24 16:57:04,230000.0,Up,10000.0,10000.0,160000.0,180000.0,1,1,116666.66666666667,75865.37784494029,10000.0,180000.0,170000.0,-150000.0,-0.9375,-150000.0,-0.9375,Down,0,1,0,0.08571428571428572,0.6502746672423453,0,-150000.0,-0.9375,0.6502746672423453,160000.0,-0.9375,4,4,2,0,1,0,0,0,0,21,3,0,0.6931471805599453,4,4,16,548095.6666666666,2,1,0,0,0,0,0,1,1,1,0,1,1,0,1,1,0,0,0,0,0,1,0,0,0,0,1,1,1,0,0,0,1,0,0,0,0,0,0,0,0
R0486,real_4w,2,1,1,2026-05-08 17:24:51,20000.0,Down,25000.0,25000.0,0.0,0.0,0,0,25000.0,0.0,25000.0,25000.0,0.0,0.0,0.0,0.0,0.0,Stable,0,0,1,1.0,0.0,0,0.0,0.0,0.0,25000.0,0.0,5,2,2,0,0,0,0,0,0,38,3,5,3.8918202981106265,6,3,18,460955.5,0,1,0,0,0,1,0,1,1,1,0,1,1,0,0,0,1,0,1,0,0,1,0,0,0,0,0,0,1,1,0,0,1,0,0,0,0,0,0,0,1
R0486,real_4w,3,2,2,2026-05-01 17:24:51,375000.0,Up,20000.0,20000.0,25000.0,0.0,1,0,22500.0,2500.0,20000.0,25000.0,5000.0,-5000.0,-0.2,-5000.0,-0.2,Down,0,1,0,0.8888888888888888,0.1111111111111111,0,-5000.0,-0.2,0.1111111111111111,22500.0,-0.1111111111111111,5,1,2,1,0,1,0,0,0,38,3,5,3.8918202981106265,6,3,18,460955.5,0,1,0,0,0,1,0,1,1,1,0,1,1,0,0,0,1,0,1,0,0,1,0,0,0,0,0,0,1,1,0,0,1,0,0,0,0,0,0,0,0
R0486,real_4w,4,3,3,2026-04-24 17:24:51,375000.0,Stable,375000.0,375000.0,20000.0,25000.0,1,1,140000.0,166182.63046018578,20000.0,375000.0,355000.0,355000.0,17.75,355000.0,17.75,Up,1,0,0,2.6785714285714284,1.187018789001327,1,355000.0,17.75,1.187018789001327,25000.0,14.0,4,4,2,0,1,0,0,0,0,38,3,5,3.8918202981106265,6,3,18,460955.5,0,1,0,0,0,1,0,1,1,1,0,1,1,0,0,0,1,0,1,0,0,1,0,0,0,0,0,0,1,1,0,0,1,0,0,0,0,0,0,0,2
R0487,real_4w,2,1,1,2026-05-08 18:20:48,375000.0,Stable,400000.0,400000.0,0.0,0.0,0,0,400000.0,0.0,400000.0,400000.0,0.0,0.0,0.0,0.0,0.0,Stable,0,0,1,1.0,0.0,0,0.0,0.0,0.0,400000.0,0.0,5,2,2,0,0,0,0,0,0,34,3,5,2.0794415416798357,6,4,24,460955.5,0,2,0,0,0,1,0,0,1,0,0,0,0,0,0,1,0,0,0,0,0,1,0,1,0,1,0,1,0,0,0,0,1,0,0,0,0,0,0,0,1
R0487,real_4w,3,2,2,2026-05-01 18:20:48,380000.0,Stable,375000.0,375000.0,400000.0,0.0,1,0,387500.0,12500.0,375000.0,400000.0,25000.0,-25000.0,-0.0625,-25000.0,-0.0625,Stable,0,0,1,0.967741935483871,0.03225806451612903,0,-25000.0,-0.0625,0.03225806451612903,387500.0,-0.03225806451612903,5,1,2,1,0,1,0,0,0,34,3,5,2.0794415416798357,6,4,24,460955.5,0,2,0,0,0,1,0,0,1,0,0,0,0,0,0,1,0,0,0,0,0,1,0,1,0,1,0,1,0,0,0,0,1,0,0,0,0,0,0,0,1
R0487,real_4w,4,3,3,2026-04-24 18:20:48,355000.0,Stable,380000.0,380000.0,375000.0,400000.0,1,1,385000.0,10801.234497346433,375000.0,400000.0,25000.0,5000.0,0.013333333333333334,5000.0,0.013333333333333334,Stable,0,0,1,0.987012987012987,0.028055154538562166,0,5000.0,0.013333333333333334,0.028055154538562166,380000.0,0.0,4,4,2,0,1,0,0,0,0,34,3,5,2.0794415416798357,6,4,24,460955.5,0,2,0,0,0,1,0,0,1,0,0,0,0,0,0,1,0,0,0,0,0,1,0,1,0,1,0,1,0,0,0,0,1,0,0,0,0,0,0,0,1
R0488,real_4w,2,1,1,2026-05-08 18:21:34,400000.0,Down,620000.0,620000.0,0.0,0.0,0,0,620000.0,0.0,620000.0,620000.0,0.0,0.0,0.0,0.0,0.0,Stable,0,0,1,1.0,0.0,0,0.0,0.0,0.0,620000.0,0.0,5,2,2,0,0,0,0,0,0,26,7,6,2.8903717578961645,2,6,12,653189.75,1,1,0,0,0,0,0,0,0,0,0,1,0,0,1,0,0,0,0,0,1,1,0,0,0,0,1,0,0,0,0,0,0,0,0,0,0,0,1,0,1
R0488,real_4w,3,2,2,2026-05-01 18:21:34,150000.0,Down,400000.0,400000.0,620000.0,0.0,1,0,510000.0,110000.0,400000.0,620000.0,220000.0,-220000.0,-0.3548387096774194,-220000.0,-0.3548387096774194,Down,0,1,0,0.7843137254901961,0.21568627450980393,0,-220000.0,-0.3548387096774194,0.21568627450980393,510000.0,-0.21568627450980393,5,1,2,1,0,1,0,0,0,26,7,6,2.8903717578961645,2,6,12,653189.75,1,1,0,0,0,0,0,0,0,0,0,1,0,0,1,0,0,0,0,0,1,1,0,0,0,0,1,0,0,0,0,0,0,0,0,0,0,0,1,0,0
R0488,real_4w,4,3,3,2026-04-24 18:21:34,570000.0,Up,150000.0,150000.0,400000.0,620000.0,1,1,390000.0,192006.94431886222,150000.0,620000.0,470000.0,-250000.0,-0.625,-250000.0,-0.625,Down,0,1,0,0.38461538461538464,0.49232549825349287,0,-250000.0,-0.625,0.49232549825349287,400000.0,-0.625,4,4,2,0,1,0,0,0,0,26,7,6,2.8903717578961645,2,6,12,653189.75,1,1,0,0,0,0,0,0,0,0,0,1,0,0,1,0,0,0,0,0,1,1,0,0,0,0,1,0,0,0,0,0,0,0,0,0,0,0,1,0,0
R0489,real_4w,2,1,1,2026-05-08 18:29:53,875000.0,Down,1250000.0,1250000.0,0.0,0.0,0,0,1250000.0,0.0,1250000.0,1250000.0,0.0,0.0,0.0,0.0,0.0,Stable,0,0,1,1.0,0.0,0,0.0,0.0,0.0,1250000.0,0.0,5,2,2,0,0,0,0,0,0,30,4,5,2.70805020110221,7,11,77,460955.5,2,2,0,0,1,0,0,0,0,0,0,0,0,0,0,1,1,0,0,1,1,1,0,0,0,0,0,1,0,1,0,0,0,0,0,0,1,0,0,0,1
R0489,real_4w,3,2,2,2026-05-01 18:29:53,620000.0,Down,875000.0,875000.0,1250000.0,0.0,1,0,1062500.0,187500.0,875000.0,1250000.0,375000.0,-375000.0,-0.3,-375000.0,-0.3,Down,0,1,0,0.8235294117647058,0.17647058823529413,0,-375000.0,-0.3,0.17647058823529413,1062500.0,-0.17647058823529413,5,1,2,1,0,1,0,0,0,30,4,5,2.70805020110221,7,11,77,460955.5,2,2,0,0,1,0,0,0,0,0,0,0,0,0,0,1,1,0,0,1,1,1,0,0,0,0,0,1,0,1,0,0,0,0,0,0,1,0,0,0,0
R0489,real_4w,4,3,3,2026-04-24 18:29:53,465000.0,Down,620000.0,620000.0,875000.0,1250000.0,1,1,915000.0,258746.98065871221,620000.0,1250000.0,630000.0,-255000.0,-0.2914285714285714,-255000.0,-0.2914285714285714,Down,0,1,0,0.6775956284153005,0.2827835854193576,0,-255000.0,-0.2914285714285714,0.2827835854193576,875000.0,-0.2914285714285714,4,4,2,0,1,0,0,0,0,30,4,5,2.70805020110221,7,11,77,460955.5,2,2,0,0,1,0,0,0,0,0,0,0,0,0,0,1,1,0,0,1,1,1,0,0,0,0,0,1,0,1,0,0,0,0,0,0,1,0,0,0,0
R0490,real_4w,2,1,1,2026-05-08 20:18:47,160000.0,Down,200000.0,200000.0,0.0,0.0,0,0,200000.0,0.0,200000.0,200000.0,0.0,0.0,0.0,0.0,0.0,Stable,0,0,1,1.0,0.0,0,0.0,0.0,0.0,200000.0,0.0,5,2,2,0,0,0,0,0,0,31,6,5,2.772588722239781,3,5,15,460955.5,0,0,0,0,0,0,0,0,0,0,0,1,0,1,1,0,0,1,0,0,1,1,0,0,0,0,1,0,0,0,1,1,0,1,0,0,0,0,0,0,1
R0490,real_4w,3,2,2,2026-05-01 20:18:47,185000.0,Up,160000.0,160000.0,200000.0,0.0,1,0,180000.0,20000.0,160000.0,200000.0,40000.0,-40000.0,-0.2,-40000.0,-0.2,Down,0,1,0,0.8888888888888888,0.1111111111111111,0,-40000.0,-0.2,0.1111111111111111,180000.0,-0.1111111111111111,5,1,2,1,0,1,0,0,0,31,6,5,2.772588722239781,3,5,15,460955.5,0,0,0,0,0,0,0,0,0,0,0,1,0,1,1,0,0,1,0,0,1,1,0,0,0,0,1,0,0,0,1,1,0,1,0,0,0,0,0,0,0
R0490,real_4w,4,3,3,2026-04-24 20:18:47,6800.0,Down,185000.0,185000.0,160000.0,200000.0,1,1,181666.66666666666,16499.158227686108,160000.0,200000.0,40000.0,25000.0,0.15625,25000.0,0.15625,Up,1,0,0,1.0183486238532111,0.0908210544643272,1,25000.0,0.15625,0.0908210544643272,185000.0,0.0,4,4,2,0,1,0,0,0,0,31,6,5,2.772588722239781,3,5,15,460955.5,0,0,0,0,0,0,0,0,0,0,0,1,0,1,1,0,0,1,0,0,1,1,0,0,0,0,1,0,0,0,1,1,0,1,0,0,0,0,0,0,2
R0491,real_4w,2,1,1,2026-05-08 20:40:44,50000.0,Down,870000.0,870000.0,0.0,0.0,0,0,870000.0,0.0,870000.0,870000.0,0.0,0.0,0.0,0.0,0.0,Stable,0,0,1,1.0,0.0,0,0.0,0.0,0.0,870000.0,0.0,5,2,2,0,0,0,0,0,0,19,1,2,3.2188758248682006,4,4,16,739240.8333333334,1,2,0,0,0,1,0,0,1,0,0,0,1,0,1,0,0,0,0,0,0,1,0,0,0,0,1,0,1,0,0,0,0,0,1,0,0,0,0,0,1
R0491,real_4w,3,2,2,2026-05-01 20:40:44,710000.0,Up,50000.0,50000.0,870000.0,0.0,1,0,460000.0,410000.0,50000.0,870000.0,820000.0,-820000.0,-0.9425287356321839,-820000.0,-0.9425287356321839,Down,0,1,0,0.10869565217391304,0.8913043478260869,0,-820000.0,-0.9425287356321839,0.8913043478260869,460000.0,-0.8913043478260869,5,1,2,1,0,1,0,0,0,19,1,2,3.2188758248682006,4,4,16,739240.8333333334,1,2,0,0,0,1,0,0,1,0,0,0,1,0,1,0,0,0,0,0,0,1,0,0,0,0,1,0,1,0,0,0,0,0,1,0,0,0,0,0,0
R0491,real_4w,4,3,3,2026-04-24 20:40:44,1020000.0,Up,710000.0,710000.0,50000.0,870000.0,1,1,543333.3333333334,354902.1774454977,50000.0,870000.0,820000.0,660000.0,13.2,660000.0,13.2,Up,1,0,0,1.3067484662576687,0.6531941916174804,1,660000.0,13.2,0.6531941916174804,710000.0,0.0,4,4,2,0,1,0,0,0,0,19,1,2,3.2188758248682006,4,4,16,739240.8333333334,1,2,0,0,0,1,0,0,1,0,0,0,1,0,1,0,0,0,0,0,0,1,0,0,0,0,1,0,1,0,0,0,0,0,1,0,0,0,0,0,2
R0492,real_4w,2,1,1,2026-05-08 21:02:41,465000.0,Stable,440000.0,440000.0,0.0,0.0,0,0,440000.0,0.0,440000.0,440000.0,0.0,0.0,0.0,0.0,0.0,Stable,0,0,1,1.0,0.0,0,0.0,0.0,0.0,440000.0,0.0,5,2,2,0,0,0,0,0,0,30,3,8,3.58351893845611,6,7,42,517481.9375,2,3,0,0,0,0,0,0,0,0,0,1,0,0,1,0,0,0,1,0,0,1,0,0,0,1,1,0,0,0,0,0,1,0,0,0,0,0,0,0,1
R0492,real_4w,3,2,2,2026-05-01 21:02:41,500000.0,Stable,465000.0,465000.0,440000.0,0.0,1,0,452500.0,12500.0,440000.0,465000.0,25000.0,25000.0,0.056818181818181816,25000.0,0.056818181818181816,Stable,0,0,1,1.0276243093922652,0.027624309392265192,1,25000.0,0.056818181818181816,0.027624309392265192,452500.0,0.027624309392265192,5,1,2,1,0,1,0,0,0,30,3,8,3.58351893845611,6,7,42,517481.9375,2,3,0,0,0,0,0,0,0,0,0,1,0,0,1,0,0,0,1,0,0,1,0,0,0,1,1,0,0,0,0,0,1,0,0,0,0,0,0,0,1
R0492,real_4w,4,3,3,2026-04-24 21:02:41,475000.0,Stable,500000.0,500000.0,465000.0,440000.0,1,1,468333.3333333333,24608.038433722333,440000.0,500000.0,60000.0,35000.0,0.07526881720430108,35000.0,0.07526881720430108,Stable,0,0,1,1.0676156583629894,0.05254385430688043,1,35000.0,0.07526881720430108,0.05254385430688043,465000.0,0.07526881720430108,4,4,2,0,1,0,0,0,0,30,3,8,3.58351893845611,6,7,42,517481.9375,2,3,0,0,0,0,0,0,0,0,0,1,0,0,1,0,0,0,1,0,0,1,0,0,0,1,1,0,0,0,0,0,1,0,0,0,0,0,0,0,1
R0493,real_4w,2,1,1,2026-05-08 21:31:08,1050000.0,Down,1200000.0,1200000.0,0.0,0.0,0,0,1200000.0,0.0,1200000.0,1200000.0,0.0,0.0,0.0,0.0,0.0,Stable,0,0,1,1.0,0.0,0,0.0,0.0,0.0,1200000.0,0.0,5,2,2,0,0,0,0,0,0,17,3,0,4.143134726391533,6,6,36,548095.6666666666,1,1,0,0,0,1,0,1,1,1,0,0,0,0,0,0,0,1,0,0,0,1,0,0,0,0,0,0,0,0,1,0,1,0,0,0,0,0,0,0,1
R0493,real_4w,3,2,2,2026-05-01 21:31:08,930000.0,Down,1050000.0,1050000.0,1200000.0,0.0,1,0,1125000.0,75000.0,1050000.0,1200000.0,150000.0,-150000.0,-0.125,-150000.0,-0.125,Down,0,1,0,0.9333333333333333,0.06666666666666667,0,-150000.0,-0.125,0.06666666666666667,1125000.0,-0.06666666666666667,5,1,2,1,0,1,0,0,0,17,3,0,4.143134726391533,6,6,36,548095.6666666666,1,1,0,0,0,1,0,1,1,1,0,0,0,0,0,0,0,1,0,0,0,1,0,0,0,0,0,0,0,0,1,0,1,0,0,0,0,0,0,0,0
R0493,real_4w,4,3,3,2026-04-24 21:31:08,1080000.0,Up,930000.0,930000.0,1050000.0,1200000.0,1,1,1060000.0,110453.61017187261,930000.0,1200000.0,270000.0,-120000.0,-0.11428571428571428,-120000.0,-0.11428571428571428,Down,0,1,0,0.8773584905660378,0.10420151903006851,0,-120000.0,-0.11428571428571428,0.10420151903006851,1050000.0,-0.11428571428571428,4,4,2,0,1,0,0,0,0,17,3,0,4.143134726391533,6,6,36,548095.6666666666,1,1,0,0,0,1,0,1,1,1,0,0,0,0,0,0,0,1,0,0,0,1,0,0,0,0,0,0,0,0,1,0,1,0,0,0,0,0,0,0,0
R0494,real_4w,2,1,1,2026-05-08 21:32:18,425000.0,Down,530000.0,530000.0,0.0,0.0,0,0,530000.0,0.0,530000.0,530000.0,0.0,0.0,0.0,0.0,0.0,Stable,0,0,1,1.0,0.0,0,0.0,0.0,0.0,530000.0,0.0,5,2,2,0,0,0,0,0,0,28,1,4,4.2626798770413155,3,5,15,442180.75,2,2,0,0,0,1,0,0,1,0,0,0,1,0,0,0,0,0,0,0,0,1,0,0,0,1,0,0,1,0,0,0,0,0,1,0,0,0,0,0,1
R0494,real_4w,3,2,2,2026-05-01 21:32:18,480000.0,Up,425000.0,425000.0,530000.0,0.0,1,0,477500.0,52500.0,425000.0,530000.0,105000.0,-105000.0,-0.19811320754716982,-105000.0,-0.19811320754716982,Down,0,1,0,0.8900523560209425,0.1099476439790576,0,-105000.0,-0.19811320754716982,0.1099476439790576,477500.0,-0.1099476439790576,5,1,2,1,0,1,0,0,0,28,1,4,4.2626798770413155,3,5,15,442180.75,2,2,0,0,0,1,0,0,1,0,0,0,1,0,0,0,0,0,0,0,0,1,0,0,0,1,0,0,1,0,0,0,0,0,1,0,0,0,0,0,0
R0494,real_4w,4,3,3,2026-04-24 21:32:18,525000.0,Stable,480000.0,480000.0,425000.0,530000.0,1,1,478333.3333333333,42882.26776756203,425000.0,530000.0,105000.0,55000.0,0.12941176470588237,55000.0,0.12941176470588237,Up,1,0,0,1.0034843205574913,0.08964934028061748,1,55000.0,0.12941176470588237,0.08964934028061748,480000.0,0.0,4,4,2,0,1,0,0,0,0,28,1,4,4.2626798770413155,3,5,15,442180.75,2,2,0,0,0,1,0,0,1,0,0,0,1,0,0,0,0,0,0,0,0,1,0,0,0,1,0,0,1,0,0,0,0,0,1,0,0,0,0,0,2
R0495,real_4w,2,1,1,2026-05-08 21:38:10,495000.0,Down,1100000.0,1100000.0,0.0,0.0,0,0,1100000.0,0.0,1100000.0,1100000.0,0.0,0.0,0.0,0.0,0.0,Stable,0,0,1,1.0,0.0,0,0.0,0.0,0.0,1100000.0,0.0,5,2,2,0,0,0,0,0,0,39,5,6,3.1354942159291497,5,9,45,653189.75,2,3,0,0,1,0,0,0,0,0,0,0,0,0,1,0,1,0,0,0,1,1,0,1,0,0,1,0,0,1,0,0,0,0,0,1,0,0,0,0,1
R0495,real_4w,3,2,2,2026-05-01 21:38:10,1150000.0,Up,495000.0,495000.0,1100000.0,0.0,1,0,797500.0,302500.0,495000.0,1100000.0,605000.0,-605000.0,-0.55,-605000.0,-0.55,Down,0,1,0,0.6206896551724138,0.3793103448275862,0,-605000.0,-0.55,0.3793103448275862,797500.0,-0.3793103448275862,5,1,2,1,0,1,0,0,0,39,5,6,3.1354942159291497,5,9,45,653189.75,2,3,0,0,1,0,0,0,0,0,0,0,0,0,1,0,1,0,0,0,1,1,0,1,0,0,1,0,0,1,0,0,0,0,0,1,0,0,0,0,0
R0495,real_4w,4,3,3,2026-04-24 21:38:10,990000.0,Down,1150000.0,1150000.0,495000.0,1100000.0,1,1,915000.0,297685.51638712065,495000.0,1150000.0,655000.0,655000.0,1.3232323232323233,655000.0,1.3232323232323233,Up,1,0,0,1.2568306010928962,0.32533936217171655,1,655000.0,1.3232323232323233,0.32533936217171655,1100000.0,0.045454545454545456,4,4,2,0,1,0,0,0,0,39,5,6,3.1354942159291497,5,9,45,653189.75,2,3,0,0,1,0,0,0,0,0,0,0,0,0,1,0,1,0,0,0,1,1,0,1,0,0,1,0,0,1,0,0,0,0,0,1,0,0,0,0,2
R0496,real_4w,2,1,1,2026-05-08 22:38:43,660000.0,Up,400000.0,400000.0,0.0,0.0,0,0,400000.0,0.0,400000.0,400000.0,0.0,0.0,0.0,0.0,0.0,Stable,0,0,1,1.0,0.0,0,0.0,0.0,0.0,400000.0,0.0,5,2,2,0,0,0,0,0,0,27,2,3,2.772588722239781,3,4,12,518297.0,0,3,0,0,0,0,0,0,0,0,1,0,1,0,1,0,0,0,0,0,1,1,0,0,1,0,1,0,1,0,0,0,0,0,0,0,0,1,0,0,1
R0496,real_4w,3,2,2,2026-05-01 22:38:43,475000.0,Down,660000.0,660000.0,400000.0,0.0,1,0,530000.0,130000.0,400000.0,660000.0,260000.0,260000.0,0.65,260000.0,0.65,Up,1,0,0,1.2452830188679245,0.24528301886792453,1,260000.0,0.65,0.24528301886792453,530000.0,0.24528301886792453,5,1,2,1,0,1,0,0,0,27,2,3,2.772588722239781,3,4,12,518297.0,0,3,0,0,0,0,0,0,0,0,1,0,1,0,1,0,0,0,0,0,1,1,0,0,1,0,1,0,1,0,0,0,0,0,0,0,0,1,0,0,2
R0496,real_4w,4,3,3,2026-04-24 22:38:43,520000.0,Stable,475000.0,475000.0,660000.0,400000.0,1,1,511666.6666666667,109265.22268722509,400000.0,660000.0,260000.0,-185000.0,-0.2803030303030303,-185000.0,-0.2803030303030303,Down,0,1,0,0.9283387622149837,0.21354766648969073,0,-185000.0,-0.2803030303030303,0.21354766648969073,475000.0,0.0,4,4,2,0,1,0,0,0,0,27,2,3,2.772588722239781,3,4,12,518297.0,0,3,0,0,0,0,0,0,0,0,1,0,1,0,1,0,0,0,0,0,1,1,0,0,1,0,1,0,1,0,0,0,0,0,0,0,0,1,0,0,0
R0497,real_4w,2,1,1,2026-05-08 22:45:46,555000.0,Up,500000.0,500000.0,0.0,0.0,0,0,500000.0,0.0,500000.0,500000.0,0.0,0.0,0.0,0.0,0.0,Stable,0,0,1,1.0,0.0,0,0.0,0.0,0.0,500000.0,0.0,5,2,2,0,0,0,0,0,0,40,5,8,3.1354942159291497,7,9,63,517481.9375,1,4,0,1,0,0,0,0,0,0,0,0,0,0,0,0,0,0,0,1,0,1,0,0,0,0,0,0,0,0,0,0,0,0,0,1,0,0,0,0,1
R0497,real_4w,3,2,2,2026-05-01 22:45:46,565000.0,Stable,555000.0,555000.0,500000.0,0.0,1,0,527500.0,27500.0,500000.0,555000.0,55000.0,55000.0,0.11,55000.0,0.11,Up,1,0,0,1.052132701421801,0.052132701421800945,1,55000.0,0.11,0.052132701421800945,527500.0,0.052132701421800945,5,1,2,1,0,1,0,0,0,40,5,8,3.1354942159291497,7,9,63,517481.9375,1,4,0,1,0,0,0,0,0,0,0,0,0,0,0,0,0,0,0,1,0,1,0,0,0,0,0,0,0,0,0,0,0,0,0,1,0,0,0,0,2
R0497,real_4w,4,3,3,2026-04-24 22:45:46,1200000.0,Up,565000.0,565000.0,555000.0,500000.0,1,1,540000.0,28577.38033247041,500000.0,565000.0,65000.0,10000.0,0.018018018018018018,10000.0,0.018018018018018018,Stable,0,0,1,1.0462962962962963,0.05292107468976002,1,10000.0,0.018018018018018018,0.05292107468976002,555000.0,0.018018018018018018,4,4,2,0,1,0,0,0,0,40,5,8,3.1354942159291497,7,9,63,517481.9375,1,4,0,1,0,0,0,0,0,0,0,0,0,0,0,0,0,0,0,1,0,1,0,0,0,0,0,0,0,0,0,0,0,0,0,1,0,0,0,0,1
R0498,real_4w,2,1,1,2026-05-08 23:02:40,550000.0,Stable,530000.0,530000.0,0.0,0.0,0,0,530000.0,0.0,530000.0,530000.0,0.0,0.0,0.0,0.0,0.0,Stable,0,0,1,1.0,0.0,0,0.0,0.0,0.0,530000.0,0.0,5,2,2,0,0,0,0,0,0,17,7,5,4.430816798843313,2,2,4,460955.5,1,3,0,0,0,1,0,0,1,0,0,1,1,1,1,0,0,0,0,0,1,1,0,0,0,1,1,0,1,0,0,1,0,0,0,0,0,0,1,0,1
R0498,real_4w,3,2,2,2026-05-01 23:02:40,480000.0,Down,550000.0,550000.0,530000.0,0.0,1,0,540000.0,10000.0,530000.0,550000.0,20000.0,20000.0,0.03773584905660377,20000.0,0.03773584905660377,Stable,0,0,1,1.0185185185185186,0.018518518518518517,1,20000.0,0.03773584905660377,0.018518518518518517,540000.0,0.018518518518518517,5,1,2,1,0,1,0,0,0,17,7,5,4.430816798843313,2,2,4,460955.5,1,3,0,0,0,1,0,0,1,0,0,1,1,1,1,0,0,0,0,0,1,1,0,0,0,1,1,0,1,0,0,1,0,0,0,0,0,0,1,0,1
R0498,real_4w,4,3,3,2026-04-24 23:02:40,530000.0,Up,480000.0,480000.0,550000.0,530000.0,1,1,520000.0,29439.20288775949,480000.0,550000.0,70000.0,-70000.0,-0.12727272727272726,-70000.0,-0.12727272727272726,Down,0,1,0,0.9230769230769231,0.05661385170722979,0,-70000.0,-0.12727272727272726,0.05661385170722979,530000.0,-0.09433962264150944,4,4,2,0,1,0,0,0,0,17,7,5,4.430816798843313,2,2,4,460955.5,1,3,0,0,0,1,0,0,1,0,0,1,1,1,1,0,0,0,0,0,1,1,0,0,0,1,1,0,1,0,0,1,0,0,0,0,0,0,1,0,0
R0499,real_4w,2,1,1,2026-05-09 01:06:20,200000.0,Stable,200000.0,200000.0,0.0,0.0,0,0,200000.0,0.0,200000.0,200000.0,0.0,0.0,0.0,0.0,0.0,Stable,0,0,1,1.0,0.0,0,0.0,0.0,0.0,200000.0,0.0,5,2,2,0,0,0,1,0,0,31,3,2,3.4965075614664802,5,5,25,739240.8333333334,1,2,0,0,0,1,0,1,1,1,0,1,1,0,0,0,1,0,0,0,0,1,0,0,0,0,0,0,1,1,0,0,1,0,0,0,0,0,0,0,1
R0499,real_4w,3,2,2,2026-05-02 01:06:20,270000.0,Up,200000.0,200000.0,200000.0,0.0,1,0,200000.0,0.0,200000.0,200000.0,0.0,0.0,0.0,0.0,0.0,Stable,0,0,1,1.0,0.0,0,0.0,0.0,0.0,200000.0,0.0,5,1,2,1,0,1,1,0,0,31,3,2,3.4965075614664802,5,5,25,739240.8333333334,1,2,0,0,0,1,0,1,1,1,0,1,1,0,0,0,1,0,0,0,0,1,0,0,0,0,0,0,1,1,0,0,1,0,0,0,0,0,0,0,1
R0499,real_4w,4,3,3,2026-04-25 01:06:20,240000.0,Down,270000.0,270000.0,200000.0,200000.0,1,1,223333.33333333334,32998.316455372216,200000.0,270000.0,70000.0,70000.0,0.35,70000.0,0.35,Up,1,0,0,1.208955223880597,0.14775365577032334,1,70000.0,0.35,0.14775365577032334,200000.0,0.35,4,4,2,0,1,1,1,0,0,31,3,2,3.4965075614664802,5,5,25,739240.8333333334,1,2,0,0,0,1,0,1,1,1,0,1,1,0,0,0,1,0,0,0,0,1,0,0,0,0,0,0,1,1,0,0,1,0,0,0,0,0,0,0,2
R0500,real_4w,2,1,1,2026-05-09 07:43:37,460000.0,Stable,425000.0,425000.0,0.0,0.0,0,0,425000.0,0.0,425000.0,425000.0,0.0,0.0,0.0,0.0,0.0,Stable,0,0,1,1.0,0.0,0,0.0,0.0,0.0,425000.0,0.0,5,2,2,0,0,0,1,0,0,19,6,2,3.091042453358316,7,6,42,739240.8333333334,2,3,0,0,0,0,0,0,0,0,0,1,0,1,0,0,0,1,1,0,0,1,0,0,0,0,0,0,0,0,1,1,0,1,0,0,0,0,0,0,1
R0500,real_4w,3,2,2,2026-05-02 07:43:37,370000.0,Down,460000.0,460000.0,425000.0,0.0,1,0,442500.0,17500.0,425000.0,460000.0,35000.0,35000.0,0.08235294117647059,35000.0,0.08235294117647059,Stable,0,0,1,1.03954802259887,0.03954802259887006,1,35000.0,0.08235294117647059,0.03954802259887006,442500.0,0.03954802259887006,5,1,2,1,0,1,1,0,0,19,6,2,3.091042453358316,7,6,42,739240.8333333334,2,3,0,0,0,0,0,0,0,0,0,1,0,1,0,0,0,1,1,0,0,1,0,0,0,0,0,0,0,0,1,1,0,1,0,0,0,0,0,0,1
R0500,real_4w,4,3,3,2026-04-25 07:43:37,460000.0,Up,370000.0,370000.0,460000.0,425000.0,1,1,418333.3333333333,37043.51795148812,370000.0,460000.0,90000.0,-90000.0,-0.1956521739130435,-90000.0,-0.1956521739130435,Down,0,1,0,0.8844621513944223,0.08855024211511103,0,-90000.0,-0.1956521739130435,0.08855024211511103,425000.0,-0.12941176470588237,4,4,2,0,1,1,1,0,0,19,6,2,3.091042453358316,7,6,42,739240.8333333334,2,3,0,0,0,0,0,0,0,0,0,1,0,1,0,0,0,1,1,0,0,1,0,0,0,0,0,0,0,0,1,1,0,1,0,0,0,0,0,0,0
R0501,real_4w,2,1,1,2026-05-09 08:23:51,1000000.0,Stable,1050000.0,1050000.0,0.0,0.0,0,0,1050000.0,0.0,1050000.0,1050000.0,0.0,0.0,0.0,0.0,0.0,Stable,0,0,1,1.0,0.0,0,0.0,0.0,0.0,1050000.0,0.0,5,2,2,0,0,0,1,0,0,41,3,2,3.5263605246161616,6,4,24,739240.8333333334,2,1,0,0,0,1,0,1,1,1,0,0,0,0,1,0,0,1,0,0,0,1,0,0,0,0,1,0,0,0,1,0,1,0,0,0,0,0,0,0,1
R0501,real_4w,3,2,2,2026-05-02 08:23:51,870000.0,Down,1000000.0,1000000.0,1050000.0,0.0,1,0,1025000.0,25000.0,1000000.0,1050000.0,50000.0,-50000.0,-0.047619047619047616,-50000.0,-0.047619047619047616,Stable,0,0,1,0.975609756097561,0.024390243902439025,0,-50000.0,-0.047619047619047616,0.024390243902439025,1025000.0,-0.024390243902439025,5,1,2,1,0,1,1,0,0,41,3,2,3.5263605246161616,6,4,24,739240.8333333334,2,1,0,0,0,1,0,1,1,1,0,0,0,0,1,0,0,1,0,0,0,1,0,0,0,0,1,0,0,0,1,0,1,0,0,0,0,0,0,0,1
R0501,real_4w,4,3,3,2026-04-25 08:23:51,875000.0,Stable,870000.0,870000.0,1000000.0,1050000.0,1,1,973333.3333333334,75865.37784494029,870000.0,1050000.0,180000.0,-130000.0,-0.13,-130000.0,-0.13,Down,0,1,0,0.8938356164383562,0.07794388134754139,0,-130000.0,-0.13,0.07794388134754139,1000000.0,-0.13,4,4,2,0,1,1,1,0,0,41,3,2,3.5263605246161616,6,4,24,739240.8333333334,2,1,0,0,0,1,0,1,1,1,0,0,0,0,1,0,0,1,0,0,0,1,0,0,0,0,1,0,0,0,1,0,1,0,0,0,0,0,0,0,0
R0502,real_4w,2,1,1,2026-05-09 08:25:07,420000.0,Stable,395000.0,395000.0,0.0,0.0,0,0,395000.0,0.0,395000.0,395000.0,0.0,0.0,0.0,0.0,0.0,Stable,0,0,1,1.0,0.0,0,0.0,0.0,0.0,395000.0,0.0,5,2,2,0,0,0,1,0,0,24,6,6,3.8712010109078907,6,10,60,653189.75,2,3,0,0,0,0,0,0,0,0,0,1,0,0,1,0,0,1,1,0,1,1,0,0,0,0,1,0,0,0,1,0,0,1,0,0,0,0,0,0,1
R0502,real_4w,3,2,2,2026-05-02 08:25:07,1300000.0,Up,420000.0,420000.0,395000.0,0.0,1,0,407500.0,12500.0,395000.0,420000.0,25000.0,25000.0,0.06329113924050633,25000.0,0.06329113924050633,Stable,0,0,1,1.030674846625767,0.03067484662576687,1,25000.0,0.06329113924050633,0.03067484662576687,407500.0,0.03067484662576687,5,1,2,1,0,1,1,0,0,24,6,6,3.8712010109078907,6,10,60,653189.75,2,3,0,0,0,0,0,0,0,0,0,1,0,0,1,0,0,1,1,0,1,1,0,0,0,0,1,0,0,0,1,0,0,1,0,0,0,0,0,0,1
R0502,real_4w,4,3,3,2026-04-25 08:25:07,500000.0,Down,1300000.0,1300000.0,420000.0,395000.0,1,1,705000.0,420852.3098031739,395000.0,1300000.0,905000.0,880000.0,2.0952380952380953,880000.0,2.0952380952380953,Up,1,0,0,1.8439716312056738,0.5969536309264878,1,880000.0,2.0952380952380953,0.5969536309264878,420000.0,2.0952380952380953,4,4,2,0,1,1,1,0,0,24,6,6,3.8712010109078907,6,10,60,653189.75,2,3,0,0,0,0,0,0,0,0,0,1,0,0,1,0,0,1,1,0,1,1,0,0,0,0,1,0,0,0,1,0,0,1,0,0,0,0,0,0,2
R0503,real_4w,2,1,1,2026-05-09 08:56:36,190000.0,Stable,200000.0,200000.0,0.0,0.0,0,0,200000.0,0.0,200000.0,200000.0,0.0,0.0,0.0,0.0,0.0,Stable,0,0,1,1.0,0.0,0,0.0,0.0,0.0,200000.0,0.0,5,2,2,0,0,0,1,0,0,17,7,2,2.8903717578961645,4,3,12,739240.8333333334,2,3,0,0,0,1,0,0,1,0,0,1,0,1,1,0,0,0,0,0,0,1,1,0,0,1,1,0,0,0,0,1,0,0,0,0,0,0,1,0,1
R0503,real_4w,3,2,2,2026-05-02 08:56:36,250000.0,Up,190000.0,190000.0,200000.0,0.0,1,0,195000.0,5000.0,190000.0,200000.0,10000.0,-10000.0,-0.05,-10000.0,-0.05,Stable,0,0,1,0.9743589743589743,0.02564102564102564,0,-10000.0,-0.05,0.02564102564102564,195000.0,-0.02564102564102564,5,1,2,1,0,1,1,0,0,17,7,2,2.8903717578961645,4,3,12,739240.8333333334,2,3,0,0,0,1,0,0,1,0,0,1,0,1,1,0,0,0,0,0,0,1,1,0,0,1,1,0,0,0,0,1,0,0,0,0,0,0,1,0,1
R0503,real_4w,4,3,3,2026-04-25 08:56:36,150000.0,Down,250000.0,250000.0,190000.0,200000.0,1,1,213333.33333333334,26246.692913372703,190000.0,250000.0,60000.0,60000.0,0.3157894736842105,60000.0,0.3157894736842105,Up,1,0,0,1.171875,0.12303137303143453,1,60000.0,0.3157894736842105,0.12303137303143453,200000.0,0.25,4,4,2,0,1,1,1,0,0,17,7,2,2.8903717578961645,4,3,12,739240.8333333334,2,3,0,0,0,1,0,0,1,0,0,1,0,1,1,0,0,0,0,0,0,1,1,0,0,1,1,0,0,0,0,1,0,0,0,0,0,0,1,0,2
R0504,real_4w,2,1,1,2026-05-09 09:37:43,260000.0,Down,580000.0,580000.0,0.0,0.0,0,0,580000.0,0.0,580000.0,580000.0,0.0,0.0,0.0,0.0,0.0,Stable,0,0,1,1.0,0.0,0,0.0,0.0,0.0,580000.0,0.0,5,2,2,0,0,0,1,0,0,17,3,5,4.04305126783455,5,7,35,460955.5,0,4,0,0,0,1,0,1,1,1,0,0,0,0,1,0,1,0,1,0,0,1,0,1,0,0,1,0,0,1,0,0,1,0,0,0,0,0,0,0,1
R0504,real_4w,3,2,2,2026-05-02 09:37:43,10000.0,Down,260000.0,260000.0,580000.0,0.0,1,0,420000.0,160000.0,260000.0,580000.0,320000.0,-320000.0,-0.5517241379310345,-320000.0,-0.5517241379310345,Down,0,1,0,0.6190476190476191,0.38095238095238093,0,-320000.0,-0.5517241379310345,0.38095238095238093,420000.0,-0.38095238095238093,5,1,2,1,0,1,1,0,0,17,3,5,4.04305126783455,5,7,35,460955.5,0,4,0,0,0,1,0,1,1,1,0,0,0,0,1,0,1,0,1,0,0,1,0,1,0,0,1,0,0,1,0,0,1,0,0,0,0,0,0,0,0
R0504,real_4w,4,3,3,2026-04-25 09:37:43,690000.0,Up,10000.0,10000.0,260000.0,580000.0,1,1,283333.3333333333,233285.7094256359,10000.0,580000.0,570000.0,-250000.0,-0.9615384615384616,-250000.0,-0.9615384615384616,Down,0,1,0,0.03529411764705882,0.8233613273845973,0,-250000.0,-0.9615384615384616,0.8233613273845973,260000.0,-0.9615384615384616,4,4,2,0,1,1,1,0,0,17,3,5,4.04305126783455,5,7,35,460955.5,0,4,0,0,0,1,0,1,1,1,0,0,0,0,1,0,1,0,1,0,0,1,0,1,0,0,1,0,0,1,0,0,1,0,0,0,0,0,0,0,0
R0505,real_4w,2,1,1,2026-05-09 09:53:17,440000.0,Up,160000.0,160000.0,0.0,0.0,0,0,160000.0,0.0,160000.0,160000.0,0.0,0.0,0.0,0.0,0.0,Stable,0,0,1,1.0,0.0,0,0.0,0.0,0.0,160000.0,0.0,5,2,2,0,0,0,1,0,0,17,6,0,1.6094379124341003,3,5,15,548095.6666666666,1,1,0,0,0,0,0,0,0,0,0,1,0,1,1,0,0,1,0,0,1,1,0,0,0,0,1,0,0,0,1,1,0,1,0,0,0,0,0,0,1
R0505,real_4w,3,2,2,2026-05-02 09:53:17,360000.0,Down,440000.0,440000.0,160000.0,0.0,1,0,300000.0,140000.0,160000.0,440000.0,280000.0,280000.0,1.75,280000.0,1.75,Up,1,0,0,1.4666666666666666,0.4666666666666667,1,280000.0,1.75,0.4666666666666667,300000.0,0.4666666666666667,5,1,2,1,0,1,1,0,0,17,6,0,1.6094379124341003,3,5,15,548095.6666666666,1,1,0,0,0,0,0,0,0,0,0,1,0,1,1,0,0,1,0,0,1,1,0,0,0,0,1,0,0,0,1,1,0,1,0,0,0,0,0,0,2
R0505,real_4w,4,3,3,2026-04-25 09:53:17,445000.0,Up,360000.0,360000.0,440000.0,160000.0,1,1,320000.0,117756.81155103796,160000.0,440000.0,280000.0,-80000.0,-0.18181818181818182,-80000.0,-0.18181818181818182,Down,0,1,0,1.125,0.3679900360969936,1,-80000.0,-0.18181818181818182,0.3679900360969936,360000.0,0.0,4,4,2,0,1,1,1,0,0,17,6,0,1.6094379124341003,3,5,15,548095.6666666666,1,1,0,0,0,0,0,0,0,0,0,1,0,1,1,0,0,1,0,0,1,1,0,0,0,0,1,0,0,0,1,1,0,1,0,0,0,0,0,0,0
R0506,real_4w,2,1,1,2026-05-09 09:56:10,325000.0,Down,375000.0,375000.0,0.0,0.0,0,0,375000.0,0.0,375000.0,375000.0,0.0,0.0,0.0,0.0,0.0,Stable,0,0,1,1.0,0.0,0,0.0,0.0,0.0,375000.0,0.0,5,2,2,0,0,0,1,0,0,27,3,1,2.3978952727983707,6,6,36,518297.0,1,3,0,0,0,1,0,1,1,1,0,1,0,0,1,0,0,0,0,0,0,1,0,0,0,0,1,0,0,0,0,0,1,0,0,0,0,0,0,0,1
R0506,real_4w,3,2,2,2026-05-02 09:56:10,425000.0,Up,325000.0,325000.0,375000.0,0.0,1,0,350000.0,25000.0,325000.0,375000.0,50000.0,-50000.0,-0.13333333333333333,-50000.0,-0.13333333333333333,Down,0,1,0,0.9285714285714286,0.07142857142857142,0,-50000.0,-0.13333333333333333,0.07142857142857142,350000.0,-0.07142857142857142,5,1,2,1,0,1,1,0,0,27,3,1,2.3978952727983707,6,6,36,518297.0,1,3,0,0,0,1,0,1,1,1,0,1,0,0,1,0,0,0,0,0,0,1,0,0,0,0,1,0,0,0,0,0,1,0,0,0,0,0,0,0,0
R0506,real_4w,4,3,3,2026-04-25 09:56:10,380000.0,Down,425000.0,425000.0,325000.0,375000.0,1,1,375000.0,40824.8290463863,325000.0,425000.0,100000.0,100000.0,0.3076923076923077,100000.0,0.3076923076923077,Up,1,0,0,1.1333333333333333,0.10886621079036347,1,100000.0,0.3076923076923077,0.10886621079036347,375000.0,0.13333333333333333,4,4,2,0,1,1,1,0,0,27,3,1,2.3978952727983707,6,6,36,518297.0,1,3,0,0,0,1,0,1,1,1,0,1,0,0,1,0,0,0,0,0,0,1,0,0,0,0,1,0,0,0,0,0,1,0,0,0,0,0,0,0,2
R0507,real_4w,2,1,1,2026-05-09 10:10:34,630000.0,Down,750000.0,750000.0,0.0,0.0,0,0,750000.0,0.0,750000.0,750000.0,0.0,0.0,0.0,0.0,0.0,Stable,0,0,1,1.0,0.0,0,0.0,0.0,0.0,750000.0,0.0,5,2,2,0,0,0,1,0,0,49,5,8,2.833213344056216,6,9,54,517481.9375,2,4,0,1,0,0,0,0,0,0,0,0,0,0,1,0,1,0,0,0,0,1,0,0,1,0,1,0,0,1,0,0,0,0,0,1,0,0,0,0,1
R0507,real_4w,3,2,2,2026-05-02 10:10:34,800000.0,Up,630000.0,630000.0,750000.0,0.0,1,0,690000.0,60000.0,630000.0,750000.0,120000.0,-120000.0,-0.16,-120000.0,-0.16,Down,0,1,0,0.9130434782608695,0.08695652173913043,0,-120000.0,-0.16,0.08695652173913043,690000.0,-0.08695652173913043,5,1,2,1,0,1,1,0,0,49,5,8,2.833213344056216,6,9,54,517481.9375,2,4,0,1,0,0,0,0,0,0,0,0,0,0,1,0,1,0,0,0,0,1,0,0,1,0,1,0,0,1,0,0,0,0,0,1,0,0,0,0,0
R0507,real_4w,4,3,3,2026-04-25 10:10:34,1190000.0,Up,800000.0,800000.0,630000.0,750000.0,1,1,726666.6666666666,71336.44853010899,630000.0,800000.0,170000.0,170000.0,0.2698412698412698,170000.0,0.2698412698412698,Up,1,0,0,1.1009174311926606,0.0981694245827188,1,170000.0,0.2698412698412698,0.0981694245827188,750000.0,0.06666666666666667,4,4,2,0,1,1,1,0,0,49,5,8,2.833213344056216,6,9,54,517481.9375,2,4,0,1,0,0,0,0,0,0,0,0,0,0,1,0,1,0,0,0,0,1,0,0,1,0,1,0,0,1,0,0,0,0,0,1,0,0,0,0,2
R0508,real_4w,2,1,1,2026-05-09 10:21:06,930000.0,Down,1050000.0,1050000.0,0.0,0.0,0,0,1050000.0,0.0,1050000.0,1050000.0,0.0,0.0,0.0,0.0,0.0,Stable,0,0,1,1.0,0.0,0,0.0,0.0,0.0,1050000.0,0.0,5,2,2,0,0,0,1,0,0,29,3,0,3.6888794541139363,7,4,28,548095.6666666666,2,4,0,0,0,1,0,1,1,1,0,0,0,0,0,0,1,0,0,0,0,1,0,0,0,0,0,0,0,1,0,0,1,0,0,0,0,0,0,0,1
R0508,real_4w,3,2,2,2026-05-02 10:21:06,1065000.0,Up,930000.0,930000.0,1050000.0,0.0,1,0,990000.0,60000.0,930000.0,1050000.0,120000.0,-120000.0,-0.11428571428571428,-120000.0,-0.11428571428571428,Down,0,1,0,0.9393939393939394,0.06060606060606061,0,-120000.0,-0.11428571428571428,0.06060606060606061,990000.0,-0.06060606060606061,5,1,2,1,0,1,1,0,0,29,3,0,3.6888794541139363,7,4,28,548095.6666666666,2,4,0,0,0,1,0,1,1,1,0,0,0,0,0,0,1,0,0,0,0,1,0,0,0,0,0,0,0,1,0,0,1,0,0,0,0,0,0,0,0
R0508,real_4w,4,3,3,2026-04-25 10:21:06,1075000.0,Stable,1065000.0,1065000.0,930000.0,1050000.0,1,1,1015000.0,60415.22986797286,930000.0,1065000.0,135000.0,135000.0,0.14516129032258066,135000.0,0.14516129032258066,Up,1,0,0,1.0492610837438423,0.059522393958593954,1,135000.0,0.14516129032258066,0.059522393958593954,1050000.0,0.014285714285714285,4,4,2,0,1,1,1,0,0,29,3,0,3.6888794541139363,7,4,28,548095.6666666666,2,4,0,0,0,1,0,1,1,1,0,0,0,0,0,0,1,0,0,0,0,1,0,0,0,0,0,0,0,1,0,0,1,0,0,0,0,0,0,0,2
R0509,real_4w,2,1,1,2026-05-09 10:37:24,570000.0,Down,675000.0,675000.0,0.0,0.0,0,0,675000.0,0.0,675000.0,675000.0,0.0,0.0,0.0,0.0,0.0,Stable,0,0,1,1.0,0.0,0,0.0,0.0,0.0,675000.0,0.0,5,2,2,0,0,0,1,0,0,23,1,3,2.3978952727983707,6,8,48,518297.0,2,3,0,0,0,1,0,0,1,0,0,0,1,0,1,0,0,0,0,0,0,1,0,0,1,0,1,0,1,0,0,0,0,0,1,0,0,0,0,0,1
R0509,real_4w,3,2,2,2026-05-02 10:37:24,710000.0,Up,570000.0,570000.0,675000.0,0.0,1,0,622500.0,52500.0,570000.0,675000.0,105000.0,-105000.0,-0.15555555555555556,-105000.0,-0.15555555555555556,Down,0,1,0,0.9156626506024096,0.08433734939759036,0,-105000.0,-0.15555555555555556,0.08433734939759036,622500.0,-0.08433734939759036,5,1,2,1,0,1,1,0,0,23,1,3,2.3978952727983707,6,8,48,518297.0,2,3,0,0,0,1,0,0,1,0,0,0,1,0,1,0,0,0,0,0,0,1,0,0,1,0,1,0,1,0,0,0,0,0,1,0,0,0,0,0,0
R0509,real_4w,4,3,3,2026-04-25 10:37:24,575000.0,Down,710000.0,710000.0,570000.0,675000.0,1,1,651666.6666666666,59488.56099191582,570000.0,710000.0,140000.0,140000.0,0.24561403508771928,140000.0,0.24561403508771928,Up,1,0,0,1.0895140664961638,0.09128679436099615,1,140000.0,0.24561403508771928,0.09128679436099615,675000.0,0.05185185185185185,4,4,2,0,1,1,1,0,0,23,1,3,2.3978952727983707,6,8,48,518297.0,2,3,0,0,0,1,0,0,1,0,0,0,1,0,1,0,0,0,0,0,0,1,0,0,1,0,1,0,1,0,0,0,0,0,1,0,0,0,0,0,2
R0510,real_4w,2,1,1,2026-05-09 10:56:51,250000.0,Up,210000.0,210000.0,0.0,0.0,0,0,210000.0,0.0,210000.0,210000.0,0.0,0.0,0.0,0.0,0.0,Stable,0,0,1,1.0,0.0,0,0.0,0.0,0.0,210000.0,0.0,5,2,2,0,0,0,1,0,0,17,6,5,3.970291913552122,4,9,36,460955.5,1,4,0,0,0,0,0,0,0,0,0,1,0,0,1,0,0,1,0,0,0,1,1,0,0,0,1,0,0,0,1,0,0,1,0,0,0,0,0,0,1
R0510,real_4w,3,2,2,2026-05-02 10:56:51,275000.0,Stable,250000.0,250000.0,210000.0,0.0,1,0,230000.0,20000.0,210000.0,250000.0,40000.0,40000.0,0.19047619047619047,40000.0,0.19047619047619047,Up,1,0,0,1.0869565217391304,0.08695652173913043,1,40000.0,0.19047619047619047,0.08695652173913043,230000.0,0.08695652173913043,5,1,2,1,0,1,1,0,0,17,6,5,3.970291913552122,4,9,36,460955.5,1,4,0,0,0,0,0,0,0,0,0,1,0,0,1,0,0,1,0,0,0,1,1,0,0,0,1,0,0,0,1,0,0,1,0,0,0,0,0,0,2
R0510,real_4w,4,3,3,2026-04-25 10:56:51,740000.0,Up,275000.0,275000.0,250000.0,210000.0,1,1,245000.0,26770.630673681684,210000.0,275000.0,65000.0,25000.0,0.1,25000.0,0.1,Stable,0,0,1,1.1224489795918366,0.10926788030074157,1,25000.0,0.1,0.10926788030074157,250000.0,0.1,4,4,2,0,1,1,1,0,0,17,6,5,3.970291913552122,4,9,36,460955.5,1,4,0,0,0,0,0,0,0,0,0,1,0,0,1,0,0,1,0,0,0,1,1,0,0,0,1,0,0,0,1,0,0,1,0,0,0,0,0,0,1
R0511,real_4w,2,1,1,2026-05-09 11:24:25,725000.0,Down,905000.0,905000.0,0.0,0.0,0,0,905000.0,0.0,905000.0,905000.0,0.0,0.0,0.0,0.0,0.0,Stable,0,0,1,1.0,0.0,0,0.0,0.0,0.0,905000.0,0.0,5,2,2,0,0,0,1,0,0,22,4,0,2.8903717578961645,6,11,66,548095.6666666666,2,0,0,1,0,0,0,1,0,0,0,0,0,1,0,0,1,0,0,0,1,1,0,0,0,0,0,0,0,1,0,1,0,0,0,0,1,0,0,0,1
R0511,real_4w,3,2,2,2026-05-02 11:24:25,810000.0,Up,725000.0,725000.0,905000.0,0.0,1,0,815000.0,90000.0,725000.0,905000.0,180000.0,-180000.0,-0.19889502762430938,-180000.0,-0.19889502762430938,Down,0,1,0,0.8895705521472392,0.11042944785276074,0,-180000.0,-0.19889502762430938,0.11042944785276074,815000.0,-0.11042944785276074,5,1,2,1,0,1,1,0,0,22,4,0,2.8903717578961645,6,11,66,548095.6666666666,2,0,0,1,0,0,0,1,0,0,0,0,0,1,0,0,1,0,0,0,1,1,0,0,0,0,0,0,0,1,0,1,0,0,0,0,1,0,0,0,0
R0511,real_4w,4,3,3,2026-04-25 11:24:25,830000.0,Stable,810000.0,810000.0,725000.0,905000.0,1,1,813333.3333333334,73522.48333370926,725000.0,905000.0,180000.0,85000.0,0.11724137931034483,85000.0,0.11724137931034483,Up,1,0,0,0.9959016393442622,0.09039649590210154,0,85000.0,0.11724137931034483,0.09039649590210154,810000.0,0.0,4,4,2,0,1,1,1,0,0,22,4,0,2.8903717578961645,6,11,66,548095.6666666666,2,0,0,1,0,0,0,1,0,0,0,0,0,1,0,0,1,0,0,0,1,1,0,0,0,0,0,0,0,1,0,1,0,0,0,0,1,0,0,0,2
R0512,real_4w,2,1,1,2026-05-09 11:36:01,360000.0,Up,250000.0,250000.0,0.0,0.0,0,0,250000.0,0.0,250000.0,250000.0,0.0,0.0,0.0,0.0,0.0,Stable,0,0,1,1.0,0.0,0,0.0,0.0,0.0,250000.0,0.0,5,2,2,0,0,0,1,0,0,27,1,8,3.4011973816621555,4,6,24,517481.9375,2,0,0,0,0,0,0,0,0,0,0,1,1,0,1,0,0,0,0,0,0,1,0,0,1,0,1,0,1,0,0,0,0,0,1,0,0,0,0,0,1
R0512,real_4w,3,2,2,2026-05-02 11:36:01,200000.0,Down,360000.0,360000.0,250000.0,0.0,1,0,305000.0,55000.0,250000.0,360000.0,110000.0,110000.0,0.44,110000.0,0.44,Up,1,0,0,1.180327868852459,0.18032786885245902,1,110000.0,0.44,0.18032786885245902,305000.0,0.18032786885245902,5,1,2,1,0,1,1,0,0,27,1,8,3.4011973816621555,4,6,24,517481.9375,2,0,0,0,0,0,0,0,0,0,0,1,1,0,1,0,0,0,0,0,0,1,0,0,1,0,1,0,1,0,0,0,0,0,1,0,0,0,0,0,2
R0512,real_4w,4,3,3,2026-04-25 11:36:01,395000.0,Up,200000.0,200000.0,360000.0,250000.0,1,1,270000.0,66833.1255192114,200000.0,360000.0,160000.0,-160000.0,-0.4444444444444444,-160000.0,-0.4444444444444444,Down,0,1,0,0.7407407407407407,0.2475300945155978,0,-160000.0,-0.4444444444444444,0.2475300945155978,250000.0,-0.2,4,4,2,0,1,1,1,0,0,27,1,8,3.4011973816621555,4,6,24,517481.9375,2,0,0,0,0,0,0,0,0,0,0,1,1,0,1,0,0,0,0,0,0,1,0,0,1,0,1,0,1,0,0,0,0,0,1,0,0,0,0,0,0
R0513,real_4w,2,1,1,2026-05-09 12:42:15,255000.0,Down,365000.0,365000.0,0.0,0.0,0,0,365000.0,0.0,365000.0,365000.0,0.0,0.0,0.0,0.0,0.0,Stable,0,0,1,1.0,0.0,0,0.0,0.0,0.0,365000.0,0.0,5,2,2,0,0,0,1,0,0,19,6,3,3.044522437723423,5,7,35,518297.0,1,1,0,0,0,0,0,0,0,0,0,1,0,0,1,0,0,0,1,0,0,1,0,0,0,0,1,0,0,0,0,0,0,1,0,0,0,0,0,0,1
R0513,real_4w,3,2,2,2026-05-02 12:42:15,200000.0,Down,255000.0,255000.0,365000.0,0.0,1,0,310000.0,55000.0,255000.0,365000.0,110000.0,-110000.0,-0.3013698630136986,-110000.0,-0.3013698630136986,Down,0,1,0,0.8225806451612904,0.1774193548387097,0,-110000.0,-0.3013698630136986,0.1774193548387097,310000.0,-0.1774193548387097,5,1,2,1,0,1,1,0,0,19,6,3,3.044522437723423,5,7,35,518297.0,1,1,0,0,0,0,0,0,0,0,0,1,0,0,1,0,0,0,1,0,0,1,0,0,0,0,1,0,0,0,0,0,0,1,0,0,0,0,0,0,0
R0513,real_4w,4,3,3,2026-04-25 12:42:15,350000.0,Up,200000.0,200000.0,255000.0,365000.0,1,1,273333.3333333333,68597.05209085559,200000.0,365000.0,165000.0,-55000.0,-0.21568627450980393,-55000.0,-0.21568627450980393,Down,0,1,0,0.7317073170731708,0.2509648247226424,0,-55000.0,-0.21568627450980393,0.2509648247226424,255000.0,-0.21568627450980393,4,4,2,0,1,1,1,0,0,19,6,3,3.044522437723423,5,7,35,518297.0,1,1,0,0,0,0,0,0,0,0,0,1,0,0,1,0,0,0,1,0,0,1,0,0,0,0,1,0,0,0,0,0,0,1,0,0,0,0,0,0,0
R0514,real_4w,2,1,1,2026-05-09 12:55:38,16800.0,Stable,18400.0,18400.0,0.0,0.0,0,0,18400.0,0.0,18400.0,18400.0,0.0,0.0,0.0,0.0,0.0,Stable,0,0,1,1.0,0.0,0,0.0,0.0,0.0,18400.0,0.0,5,2,2,0,0,0,1,0,0,25,6,7,2.302585092994046,5,9,45,559306.0,0,1,0,0,0,0,0,0,0,0,0,1,0,1,1,0,0,1,0,0,0,1,0,0,0,0,1,0,0,0,1,1,0,1,0,0,0,0,0,0,1
R0514,real_4w,3,2,2,2026-05-02 12:55:38,165000.0,Up,16800.0,16800.0,18400.0,0.0,1,0,17600.0,800.0,16800.0,18400.0,1600.0,-1600.0,-0.08695652173913043,-1600.0,-0.08695652173913043,Stable,0,0,1,0.9545454545454546,0.045454545454545456,0,-1600.0,-0.08695652173913043,0.045454545454545456,17600.0,-0.045454545454545456,5,1,2,1,0,1,1,0,0,25,6,7,2.302585092994046,5,9,45,559306.0,0,1,0,0,0,0,0,0,0,0,0,1,0,1,1,0,0,1,0,0,0,1,0,0,0,0,1,0,0,0,1,1,0,1,0,0,0,0,0,0,1
R0514,real_4w,4,3,3,2026-04-25 12:55:38,175000.0,Stable,165000.0,165000.0,16800.0,18400.0,1,1,66733.33333333333,69488.09650260651,16800.0,165000.0,148200.0,148200.0,8.821428571428571,148200.0,8.821428571428571,Up,1,0,0,2.4725274725274726,1.041280167371726,1,148200.0,8.821428571428571,1.041280167371726,18400.0,7.967391304347826,4,4,2,0,1,1,1,0,0,25,6,7,2.302585092994046,5,9,45,559306.0,0,1,0,0,0,0,0,0,0,0,0,1,0,1,1,0,0,1,0,0,0,1,0,0,0,0,1,0,0,0,1,1,0,1,0,0,0,0,0,0,2
R0515,real_4w,2,1,1,2026-05-09 13:00:15,300000.0,Stable,320000.0,320000.0,0.0,0.0,0,0,320000.0,0.0,320000.0,320000.0,0.0,0.0,0.0,0.0,0.0,Stable,0,0,1,1.0,0.0,0,0.0,0.0,0.0,320000.0,0.0,5,2,2,0,0,0,1,0,0,28,3,1,2.995732273553991,5,6,30,518297.0,1,4,0,0,0,0,0,1,1,1,0,1,1,0,0,0,0,0,0,0,0,1,0,0,0,0,0,0,1,0,0,0,1,0,0,0,0,0,0,0,1
R0515,real_4w,3,2,2,2026-05-02 13:00:15,220000.0,Down,300000.0,300000.0,320000.0,0.0,1,0,310000.0,10000.0,300000.0,320000.0,20000.0,-20000.0,-0.0625,-20000.0,-0.0625,Stable,0,0,1,0.967741935483871,0.03225806451612903,0,-20000.0,-0.0625,0.03225806451612903,310000.0,-0.03225806451612903,5,1,2,1,0,1,1,0,0,28,3,1,2.995732273553991,5,6,30,518297.0,1,4,0,0,0,0,0,1,1,1,0,1,1,0,0,0,0,0,0,0,0,1,0,0,0,0,0,0,1,0,0,0,1,0,0,0,0,0,0,0,1
R0515,real_4w,4,3,3,2026-04-25 13:00:15,330000.0,Up,220000.0,220000.0,300000.0,320000.0,1,1,280000.0,43204.93798938573,220000.0,320000.0,100000.0,-80000.0,-0.26666666666666666,-80000.0,-0.26666666666666666,Down,0,1,0,0.7857142857142857,0.1543033499620919,0,-80000.0,-0.26666666666666666,0.1543033499620919,300000.0,-0.26666666666666666,4,4,2,0,1,1,1,0,0,28,3,1,2.995732273553991,5,6,30,518297.0,1,4,0,0,0,0,0,1,1,1,0,1,1,0,0,0,0,0,0,0,0,1,0,0,0,0,0,0,1,0,0,0,1,0,0,0,0,0,0,0,0
R0516,real_4w,2,1,1,2026-05-09 13:04:57,120000.0,Down,150000.0,150000.0,0.0,0.0,0,0,150000.0,0.0,150000.0,150000.0,0.0,0.0,0.0,0.0,0.0,Stable,0,0,1,1.0,0.0,0,0.0,0.0,0.0,150000.0,0.0,5,2,2,0,0,0,1,0,0,30,3,0,3.7612001156935624,5,3,15,548095.6666666666,1,0,0,0,0,1,0,1,1,1,0,1,0,0,0,0,1,0,1,0,0,1,0,0,0,0,0,0,0,1,0,0,1,0,0,0,0,0,0,0,1
R0516,real_4w,3,2,2,2026-05-02 13:04:57,140000.0,Up,120000.0,120000.0,150000.0,0.0,1,0,135000.0,15000.0,120000.0,150000.0,30000.0,-30000.0,-0.2,-30000.0,-0.2,Down,0,1,0,0.8888888888888888,0.1111111111111111,0,-30000.0,-0.2,0.1111111111111111,135000.0,-0.1111111111111111,5,1,2,1,0,1,1,0,0,30,3,0,3.7612001156935624,5,3,15,548095.6666666666,1,0,0,0,0,1,0,1,1,1,0,1,0,0,0,0,1,0,1,0,0,1,0,0,0,0,0,0,0,1,0,0,1,0,0,0,0,0,0,0,0
R0516,real_4w,4,3,3,2026-04-25 13:04:57,125000.0,Down,140000.0,140000.0,120000.0,150000.0,1,1,136666.66666666666,12472.191289246472,120000.0,150000.0,30000.0,20000.0,0.16666666666666666,20000.0,0.16666666666666666,Up,1,0,0,1.024390243902439,0.09125993626277906,1,20000.0,0.16666666666666666,0.09125993626277906,140000.0,0.0,4,4,2,0,1,1,1,0,0,30,3,0,3.7612001156935624,5,3,15,548095.6666666666,1,0,0,0,0,1,0,1,1,1,0,1,0,0,0,0,1,0,1,0,0,1,0,0,0,0,0,0,0,1,0,0,1,0,0,0,0,0,0,0,2
R0517,real_4w,2,1,1,2026-05-09 13:13:10,700000.0,Up,30000.0,30000.0,0.0,0.0,0,0,30000.0,0.0,30000.0,30000.0,0.0,0.0,0.0,0.0,0.0,Stable,0,0,1,1.0,0.0,0,0.0,0.0,0.0,30000.0,0.0,5,2,2,0,0,0,1,0,0,28,5,2,3.367295829986474,5,11,55,739240.8333333334,2,1,0,1,1,0,0,0,0,0,0,0,0,1,1,0,0,1,0,0,0,1,0,1,0,0,1,0,0,0,1,1,0,0,0,1,0,0,0,0,1
R0517,real_4w,3,2,2,2026-05-02 13:13:10,460000.0,Down,700000.0,700000.0,30000.0,0.0,1,0,365000.0,335000.0,30000.0,700000.0,670000.0,670000.0,22.333333333333332,670000.0,22.333333333333332,Up,1,0,0,1.917808219178082,0.9178082191780822,1,670000.0,22.333333333333332,0.9178082191780822,365000.0,0.9178082191780822,5,1,2,1,0,1,1,0,0,28,5,2,3.367295829986474,5,11,55,739240.8333333334,2,1,0,1,1,0,0,0,0,0,0,0,0,1,1,0,0,1,0,0,0,1,0,1,0,0,1,0,0,0,1,1,0,0,0,1,0,0,0,0,2
R0517,real_4w,4,3,3,2026-04-25 13:13:10,30000.0,Down,460000.0,460000.0,700000.0,30000.0,1,1,396666.6666666667,277168.22007983207,30000.0,700000.0,670000.0,-240000.0,-0.34285714285714286,-240000.0,-0.34285714285714286,Down,0,1,0,1.1596638655462184,0.6987434119659631,1,-240000.0,-0.34285714285714286,0.6987434119659631,460000.0,0.0,4,4,2,0,1,1,1,0,0,28,5,2,3.367295829986474,5,11,55,739240.8333333334,2,1,0,1,1,0,0,0,0,0,0,0,0,1,1,0,0,1,0,0,0,1,0,1,0,0,1,0,0,0,1,1,0,0,0,1,0,0,0,0,0
R0518,real_4w,2,1,1,2026-05-09 13:42:05,425000.0,Up,270000.0,270000.0,0.0,0.0,0,0,270000.0,0.0,270000.0,270000.0,0.0,0.0,0.0,0.0,0.0,Stable,0,0,1,1.0,0.0,0,0.0,0.0,0.0,270000.0,0.0,5,2,2,0,0,0,1,0,0,25,1,0,3.4657359027997265,3,3,9,548095.6666666666,0,0,0,0,0,0,0,0,0,0,0,1,1,0,1,0,0,0,0,0,1,1,0,0,0,1,1,0,1,0,0,0,0,0,1,0,0,0,0,0,1
R0518,real_4w,3,2,2,2026-05-02 13:42:05,370000.0,Down,425000.0,425000.0,270000.0,0.0,1,0,347500.0,77500.0,270000.0,425000.0,155000.0,155000.0,0.5740740740740741,155000.0,0.5740740740740741,Up,1,0,0,1.223021582733813,0.22302158273381295,1,155000.0,0.5740740740740741,0.22302158273381295,347500.0,0.22302158273381295,5,1,2,1,0,1,1,0,0,25,1,0,3.4657359027997265,3,3,9,548095.6666666666,0,0,0,0,0,0,0,0,0,0,0,1,1,0,1,0,0,0,0,0,1,1,0,0,0,1,1,0,1,0,0,0,0,0,1,0,0,0,0,0,2
R0518,real_4w,4,3,3,2026-04-25 13:42:05,300000.0,Down,370000.0,370000.0,425000.0,270000.0,1,1,355000.0,64161.255183067195,270000.0,425000.0,155000.0,-55000.0,-0.12941176470588237,-55000.0,-0.12941176470588237,Down,0,1,0,1.0422535211267605,0.18073593009314703,1,-55000.0,-0.12941176470588237,0.18073593009314703,370000.0,0.0,4,4,2,0,1,1,1,0,0,25,1,0,3.4657359027997265,3,3,9,548095.6666666666,0,0,0,0,0,0,0,0,0,0,0,1,1,0,1,0,0,0,0,0,1,1,0,0,0,1,1,0,1,0,0,0,0,0,1,0,0,0,0,0,0
R0519,real_4w,2,1,1,2026-05-09 14:27:29,540000.0,Stable,525000.0,525000.0,0.0,0.0,0,0,525000.0,0.0,525000.0,525000.0,0.0,0.0,0.0,0.0,0.0,Stable,0,0,1,1.0,0.0,0,0.0,0.0,0.0,525000.0,0.0,5,2,2,0,0,0,1,0,0,26,6,4,3.6109179126442243,6,8,48,442180.75,0,1,0,0,0,0,0,0,0,0,0,1,0,1,1,0,0,1,0,0,0,1,0,0,0,0,1,0,0,0,1,1,0,1,0,0,0,0,0,0,1
R0519,real_4w,3,2,2,2026-05-02 14:27:29,400000.0,Down,540000.0,540000.0,525000.0,0.0,1,0,532500.0,7500.0,525000.0,540000.0,15000.0,15000.0,0.02857142857142857,15000.0,0.02857142857142857,Stable,0,0,1,1.0140845070422535,0.014084507042253521,1,15000.0,0.02857142857142857,0.014084507042253521,532500.0,0.014084507042253521,5,1,2,1,0,1,1,0,0,26,6,4,3.6109179126442243,6,8,48,442180.75,0,1,0,0,0,0,0,0,0,0,0,1,0,1,1,0,0,1,0,0,0,1,0,0,0,0,1,0,0,0,1,1,0,1,0,0,0,0,0,0,1
R0519,real_4w,4,3,3,2026-04-25 14:27:29,525000.0,Up,400000.0,400000.0,540000.0,525000.0,1,1,488333.3333333333,62760.56794587577,400000.0,540000.0,140000.0,-140000.0,-0.25925925925925924,-140000.0,-0.25925925925925924,Down,0,1,0,0.8191126279863482,0.12851993436015519,0,-140000.0,-0.25925925925925924,0.12851993436015519,525000.0,-0.23809523809523808,4,4,2,0,1,1,1,0,0,26,6,4,3.6109179126442243,6,8,48,442180.75,0,1,0,0,0,0,0,0,0,0,0,1,0,1,1,0,0,1,0,0,0,1,0,0,0,0,1,0,0,0,1,1,0,1,0,0,0,0,0,0,0
R0520,real_4w,2,1,1,2026-05-09 15:27:03,40000.0,Down,75000.0,75000.0,0.0,0.0,0,0,75000.0,0.0,75000.0,75000.0,0.0,0.0,0.0,0.0,0.0,Stable,0,0,1,1.0,0.0,0,0.0,0.0,0.0,75000.0,0.0,5,2,2,0,0,0,1,0,0,32,3,1,2.5649493574615367,6,7,42,518297.0,0,1,0,0,0,0,0,1,1,1,0,0,0,0,1,0,0,0,0,0,0,1,0,1,0,1,1,0,0,0,0,0,1,0,0,0,0,0,0,0,1
R0520,real_4w,3,2,2,2026-05-02 15:27:03,50000.0,Up,40000.0,40000.0,75000.0,0.0,1,0,57500.0,17500.0,40000.0,75000.0,35000.0,-35000.0,-0.4666666666666667,-35000.0,-0.4666666666666667,Down,0,1,0,0.6956521739130435,0.30434782608695654,0,-35000.0,-0.4666666666666667,0.30434782608695654,57500.0,-0.30434782608695654,5,1,2,1,0,1,1,0,0,32,3,1,2.5649493574615367,6,7,42,518297.0,0,1,0,0,0,0,0,1,1,1,0,0,0,0,1,0,0,0,0,0,0,1,0,1,0,1,1,0,0,0,0,0,1,0,0,0,0,0,0,0,0
R0520,real_4w,4,3,3,2026-04-25 15:27:03,45000.0,Stable,50000.0,50000.0,40000.0,75000.0,1,1,55000.0,14719.601443879745,40000.0,75000.0,35000.0,10000.0,0.25,10000.0,0.25,Up,1,0,0,0.9090909090909091,0.2676291171614499,0,10000.0,0.25,0.2676291171614499,50000.0,0.0,4,4,2,0,1,1,1,0,0,32,3,1,2.5649493574615367,6,7,42,518297.0,0,1,0,0,0,0,0,1,1,1,0,0,0,0,1,0,0,0,0,0,0,1,0,1,0,1,1,0,0,0,0,0,1,0,0,0,0,0,0,0,2
R0521,real_4w,2,1,1,2026-05-09 15:39:09,375000.0,Stable,395000.0,395000.0,0.0,0.0,0,0,395000.0,0.0,395000.0,395000.0,0.0,0.0,0.0,0.0,0.0,Stable,0,0,1,1.0,0.0,0,0.0,0.0,0.0,395000.0,0.0,5,2,2,0,0,0,1,0,0,25,1,0,4.007333185232471,5,6,30,548095.6666666666,1,3,1,0,0,0,0,0,0,0,0,0,0,0,1,0,0,0,0,0,0,1,0,0,0,0,1,0,0,0,0,0,0,0,1,0,0,0,0,0,1
R0521,real_4w,3,2,2,2026-05-02 15:39:09,425000.0,Up,375000.0,375000.0,395000.0,0.0,1,0,385000.0,10000.0,375000.0,395000.0,20000.0,-20000.0,-0.05063291139240506,-20000.0,-0.05063291139240506,Stable,0,0,1,0.974025974025974,0.025974025974025976,0,-20000.0,-0.05063291139240506,0.025974025974025976,385000.0,-0.025974025974025976,5,1,2,1,0,1,1,0,0,25,1,0,4.007333185232471,5,6,30,548095.6666666666,1,3,1,0,0,0,0,0,0,0,0,0,0,0,1,0,0,0,0,0,0,1,0,0,0,0,1,0,0,0,0,0,0,0,1,0,0,0,0,0,1
R0521,real_4w,4,3,3,2026-04-25 15:39:09,400000.0,Stable,425000.0,425000.0,375000.0,395000.0,1,1,398333.3333333333,20548.046676563252,375000.0,425000.0,50000.0,50000.0,0.13333333333333333,50000.0,0.13333333333333333,Up,1,0,0,1.0669456066945606,0.05158505441815042,1,50000.0,0.13333333333333333,0.05158505441815042,395000.0,0.0759493670886076,4,4,2,0,1,1,1,0,0,25,1,0,4.007333185232471,5,6,30,548095.6666666666,1,3,1,0,0,0,0,0,0,0,0,0,0,0,1,0,0,0,0,0,0,1,0,0,0,0,1,0,0,0,0,0,0,0,1,0,0,0,0,0,2
R0522,real_4w,2,1,1,2026-05-09 16:06:43,650000.0,Stable,700000.0,700000.0,0.0,0.0,0,0,700000.0,0.0,700000.0,700000.0,0.0,0.0,0.0,0.0,0.0,Stable,0,0,1,1.0,0.0,0,0.0,0.0,0.0,700000.0,0.0,5,2,2,0,0,0,1,0,0,26,4,8,2.302585092994046,7,7,49,517481.9375,1,1,0,0,0,0,0,1,0,0,0,0,0,1,0,0,0,0,0,0,1,1,0,0,0,0,0,0,0,0,0,1,0,0,0,0,1,0,0,0,1
R0522,real_4w,3,2,2,2026-05-02 16:06:43,695000.0,Stable,650000.0,650000.0,700000.0,0.0,1,0,675000.0,25000.0,650000.0,700000.0,50000.0,-50000.0,-0.07142857142857142,-50000.0,-0.07142857142857142,Stable,0,0,1,0.9629629629629629,0.037037037037037035,0,-50000.0,-0.07142857142857142,0.037037037037037035,675000.0,-0.037037037037037035,5,1,2,1,0,1,1,0,0,26,4,8,2.302585092994046,7,7,49,517481.9375,1,1,0,0,0,0,0,1,0,0,0,0,0,1,0,0,0,0,0,0,1,1,0,0,0,0,0,0,0,0,0,1,0,0,0,0,1,0,0,0,1
R0522,real_4w,4,3,3,2026-04-25 16:06:43,650000.0,Stable,695000.0,695000.0,650000.0,700000.0,1,1,681666.6666666666,22484.562605386738,650000.0,700000.0,50000.0,45000.0,0.06923076923076923,45000.0,0.06923076923076923,Stable,0,0,1,1.019559902200489,0.03298468841866025,1,45000.0,0.06923076923076923,0.03298468841866025,695000.0,0.0,4,4,2,0,1,1,1,0,0,26,4,8,2.302585092994046,7,7,49,517481.9375,1,1,0,0,0,0,0,1,0,0,0,0,0,1,0,0,0,0,0,0,1,1,0,0,0,0,0,0,0,0,0,1,0,0,0,0,1,0,0,0,1
R0523,real_4w,2,1,1,2026-05-09 17:01:48,715000.0,Up,600000.0,600000.0,0.0,0.0,0,0,600000.0,0.0,600000.0,600000.0,0.0,0.0,0.0,0.0,0.0,Stable,0,0,1,1.0,0.0,0,0.0,0.0,0.0,600000.0,0.0,5,2,2,0,0,0,1,0,0,20,4,1,2.833213344056216,7,8,56,518297.0,2,2,0,0,0,0,0,1,0,0,0,0,0,1,0,1,0,0,0,0,0,1,0,0,0,0,0,1,0,0,0,1,0,0,0,0,1,0,0,0,1
R0523,real_4w,3,2,2,2026-05-02 17:01:48,670000.0,Stable,715000.0,715000.0,600000.0,0.0,1,0,657500.0,57500.0,600000.0,715000.0,115000.0,115000.0,0.19166666666666668,115000.0,0.19166666666666668,Up,1,0,0,1.0874524714828897,0.08745247148288973,1,115000.0,0.19166666666666668,0.08745247148288973,657500.0,0.08745247148288973,5,1,2,1,0,1,1,0,0,20,4,1,2.833213344056216,7,8,56,518297.0,2,2,0,0,0,0,0,1,0,0,0,0,0,1,0,1,0,0,0,0,0,1,0,0,0,0,0,1,0,0,0,1,0,0,0,0,1,0,0,0,2
R0523,real_4w,4,3,3,2026-04-25 17:01:48,540000.0,Down,670000.0,670000.0,715000.0,600000.0,1,1,661666.6666666666,47316.8985552613,600000.0,715000.0,115000.0,-45000.0,-0.06293706293706294,-45000.0,-0.06293706293706294,Stable,0,0,1,1.012594458438287,0.07151168547394655,1,-45000.0,-0.06293706293706294,0.07151168547394655,670000.0,0.0,4,4,2,0,1,1,1,0,0,20,4,1,2.833213344056216,7,8,56,518297.0,2,2,0,0,0,0,0,1,0,0,0,0,0,1,0,1,0,0,0,0,0,1,0,0,0,0,0,1,0,0,0,1,0,0,0,0,1,0,0,0,1
R0524,real_4w,2,1,1,2026-05-09 18:14:03,200000.0,Stable,220000.0,220000.0,0.0,0.0,0,0,220000.0,0.0,220000.0,220000.0,0.0,0.0,0.0,0.0,0.0,Stable,0,0,1,1.0,0.0,0,0.0,0.0,0.0,220000.0,0.0,5,2,2,0,0,0,1,0,0,17,1,2,3.1354942159291497,6,4,24,739240.8333333334,0,1,1,0,0,1,0,0,1,0,0,0,1,0,0,0,0,0,0,0,0,1,0,0,0,1,0,0,1,0,0,0,0,0,1,0,0,0,0,0,1
R0524,real_4w,3,2,2,2026-05-02 18:14:03,10000.0,Down,200000.0,200000.0,220000.0,0.0,1,0,210000.0,10000.0,200000.0,220000.0,20000.0,-20000.0,-0.09090909090909091,-20000.0,-0.09090909090909091,Stable,0,0,1,0.9523809523809523,0.047619047619047616,0,-20000.0,-0.09090909090909091,0.047619047619047616,210000.0,-0.047619047619047616,5,1,2,1,0,1,1,0,0,17,1,2,3.1354942159291497,6,4,24,739240.8333333334,0,1,1,0,0,1,0,0,1,0,0,0,1,0,0,0,0,0,0,0,0,1,0,0,0,1,0,0,1,0,0,0,0,0,1,0,0,0,0,0,1
R0524,real_4w,4,3,3,2026-04-25 18:14:03,200000.0,Up,10000.0,10000.0,200000.0,220000.0,1,1,143333.33333333334,94633.7971105226,10000.0,220000.0,210000.0,-190000.0,-0.95,-190000.0,-0.95,Down,0,1,0,0.06976744186046512,0.6602357937943437,0,-190000.0,-0.95,0.6602357937943437,200000.0,-0.95,4,4,2,0,1,1,1,0,0,17,1,2,3.1354942159291497,6,4,24,739240.8333333334,0,1,1,0,0,1,0,0,1,0,0,0,1,0,0,0,0,0,0,0,0,1,0,0,0,1,0,0,1,0,0,0,0,0,1,0,0,0,0,0,0
R0525,real_4w,2,1,1,2026-05-09 19:01:50,175000.0,Down,300000.0,300000.0,0.0,0.0,0,0,300000.0,0.0,300000.0,300000.0,0.0,0.0,0.0,0.0,0.0,Stable,0,0,1,1.0,0.0,0,0.0,0.0,0.0,300000.0,0.0,5,2,2,0,0,0,1,0,0,22,6,1,2.833213344056216,5,6,30,518297.0,2,4,0,0,0,0,0,0,0,0,0,1,0,1,0,0,0,0,1,0,1,1,0,0,0,0,0,0,0,0,0,1,0,1,0,0,0,0,0,0,1
R0525,real_4w,3,2,2,2026-05-02 19:01:50,260000.0,Up,175000.0,175000.0,300000.0,0.0,1,0,237500.0,62500.0,175000.0,300000.0,125000.0,-125000.0,-0.4166666666666667,-125000.0,-0.4166666666666667,Down,0,1,0,0.7368421052631579,0.2631578947368421,0,-125000.0,-0.4166666666666667,0.2631578947368421,237500.0,-0.2631578947368421,5,1,2,1,0,1,1,0,0,22,6,1,2.833213344056216,5,6,30,518297.0,2,4,0,0,0,0,0,0,0,0,0,1,0,1,0,0,0,0,1,0,1,1,0,0,0,0,0,0,0,0,0,1,0,1,0,0,0,0,0,0,0
R0525,real_4w,4,3,3,2026-04-25 19:01:50,450000.0,Up,260000.0,260000.0,175000.0,300000.0,1,1,245000.0,52121.652570372964,175000.0,300000.0,125000.0,85000.0,0.4857142857142857,85000.0,0.4857142857142857,Up,1,0,0,1.0612244897959184,0.21274143906274678,1,85000.0,0.4857142857142857,0.21274143906274678,260000.0,0.0,4,4,2,0,1,1,1,0,0,22,6,1,2.833213344056216,5,6,30,518297.0,2,4,0,0,0,0,0,0,0,0,0,1,0,1,0,0,0,0,1,0,1,1,0,0,0,0,0,0,0,0,0,1,0,1,0,0,0,0,0,0,2
R0526,real_4w,2,1,1,2026-05-09 19:33:07,760000.0,Down,850000.0,850000.0,0.0,0.0,0,0,850000.0,0.0,850000.0,850000.0,0.0,0.0,0.0,0.0,0.0,Stable,0,0,1,1.0,0.0,0,0.0,0.0,0.0,850000.0,0.0,5,2,2,0,0,0,1,0,0,38,3,3,3.091042453358316,6,4,24,518297.0,2,0,0,0,0,0,0,1,1,1,0,0,1,0,0,0,0,1,0,0,0,1,0,1,0,0,0,0,1,0,1,0,1,0,0,0,0,0,0,0,1
R0526,real_4w,3,2,2,2026-05-02 19:33:07,850000.0,Up,760000.0,760000.0,850000.0,0.0,1,0,805000.0,45000.0,760000.0,850000.0,90000.0,-90000.0,-0.10588235294117647,-90000.0,-0.10588235294117647,Down,0,1,0,0.9440993788819876,0.055900621118012424,0,-90000.0,-0.10588235294117647,0.055900621118012424,805000.0,-0.055900621118012424,5,1,2,1,0,1,1,0,0,38,3,3,3.091042453358316,6,4,24,518297.0,2,0,0,0,0,0,0,1,1,1,0,0,1,0,0,0,0,1,0,0,0,1,0,1,0,0,0,0,1,0,1,0,1,0,0,0,0,0,0,0,0
R0526,real_4w,4,3,3,2026-04-25 19:33:07,705000.0,Down,850000.0,850000.0,760000.0,850000.0,1,1,820000.0,42426.40687119285,760000.0,850000.0,90000.0,90000.0,0.11842105263157894,90000.0,0.11842105263157894,Up,1,0,0,1.0365853658536586,0.05173952057462543,1,90000.0,0.11842105263157894,0.05173952057462543,850000.0,0.0,4,4,2,0,1,1,1,0,0,38,3,3,3.091042453358316,6,4,24,518297.0,2,0,0,0,0,0,0,1,1,1,0,0,1,0,0,0,0,1,0,0,0,1,0,1,0,0,0,0,1,0,1,0,1,0,0,0,0,0,0,0,2
R0527,real_4w,2,1,1,2026-05-09 20:18:55,605000.0,Stable,640000.0,640000.0,0.0,0.0,0,0,640000.0,0.0,640000.0,640000.0,0.0,0.0,0.0,0.0,0.0,Stable,0,0,1,1.0,0.0,0,0.0,0.0,0.0,640000.0,0.0,5,2,2,0,0,0,1,0,0,34,5,4,4.007333185232471,7,10,70,442180.75,1,4,0,1,0,0,0,0,0,0,0,0,0,1,0,0,0,1,0,1,1,1,0,0,0,0,0,0,0,0,1,1,0,0,0,1,0,0,0,0,1
R0527,real_4w,3,2,2,2026-05-02 20:18:55,570000.0,Stable,605000.0,605000.0,640000.0,0.0,1,0,622500.0,17500.0,605000.0,640000.0,35000.0,-35000.0,-0.0546875,-35000.0,-0.0546875,Stable,0,0,1,0.9718875502008032,0.028112449799196786,0,-35000.0,-0.0546875,0.028112449799196786,622500.0,-0.028112449799196786,5,1,2,1,0,1,1,0,0,34,5,4,4.007333185232471,7,10,70,442180.75,1,4,0,1,0,0,0,0,0,0,0,0,0,1,0,0,0,1,0,1,1,1,0,0,0,0,0,0,0,0,1,1,0,0,0,1,0,0,0,0,1
R0527,real_4w,4,3,3,2026-04-25 20:18:55,660000.0,Up,570000.0,570000.0,605000.0,640000.0,1,1,605000.0,28577.38033247041,570000.0,640000.0,70000.0,-35000.0,-0.05785123966942149,-35000.0,-0.05785123966942149,Stable,0,0,1,0.9421487603305785,0.04723533939251307,0,-35000.0,-0.05785123966942149,0.04723533939251307,605000.0,-0.05785123966942149,4,4,2,0,1,1,1,0,0,34,5,4,4.007333185232471,7,10,70,442180.75,1,4,0,1,0,0,0,0,0,0,0,0,0,1,0,0,0,1,0,1,1,1,0,0,0,0,0,0,0,0,1,1,0,0,0,1,0,0,0,0,1
R0528,real_4w,2,1,1,2026-05-09 20:44:19,300000.0,Stable,300000.0,300000.0,0.0,0.0,0,0,300000.0,0.0,300000.0,300000.0,0.0,0.0,0.0,0.0,0.0,Stable,0,0,1,1.0,0.0,0,0.0,0.0,0.0,300000.0,0.0,5,2,2,0,0,0,1,0,0,31,6,2,2.0794415416798357,5,6,30,739240.8333333334,0,1,0,0,0,0,0,0,0,0,0,1,0,1,1,0,0,1,0,0,0,1,0,0,0,0,1,0,0,0,1,1,0,1,0,0,0,0,0,0,1
R0528,real_4w,3,2,2,2026-05-02 20:44:19,295000.0,Stable,300000.0,300000.0,300000.0,0.0,1,0,300000.0,0.0,300000.0,300000.0,0.0,0.0,0.0,0.0,0.0,Stable,0,0,1,1.0,0.0,0,0.0,0.0,0.0,300000.0,0.0,5,1,2,1,0,1,1,0,0,31,6,2,2.0794415416798357,5,6,30,739240.8333333334,0,1,0,0,0,0,0,0,0,0,0,1,0,1,1,0,0,1,0,0,0,1,0,0,0,0,1,0,0,0,1,1,0,1,0,0,0,0,0,0,1
R0528,real_4w,4,3,3,2026-04-25 20:44:19,300000.0,Stable,295000.0,295000.0,300000.0,300000.0,1,1,298333.3333333333,2357.0226039551585,295000.0,300000.0,5000.0,-5000.0,-0.016666666666666666,-5000.0,-0.016666666666666666,Stable,0,0,1,0.9888268156424581,0.007900634426665337,0,-5000.0,-0.016666666666666666,0.007900634426665337,300000.0,-0.016666666666666666,4,4,2,0,1,1,1,0,0,31,6,2,2.0794415416798357,5,6,30,739240.8333333334,0,1,0,0,0,0,0,0,0,0,0,1,0,1,1,0,0,1,0,0,0,1,0,0,0,0,1,0,0,0,1,1,0,1,0,0,0,0,0,0,1
R0529,real_4w,2,1,1,2026-05-09 20:51:34,575000.0,Stable,625000.0,625000.0,0.0,0.0,0,0,625000.0,0.0,625000.0,625000.0,0.0,0.0,0.0,0.0,0.0,Stable,0,0,1,1.0,0.0,0,0.0,0.0,0.0,625000.0,0.0,5,2,2,0,0,0,1,0,0,32,4,0,3.091042453358316,7,7,49,548095.6666666666,1,1,0,0,0,0,0,1,0,0,0,0,0,1,1,0,1,0,0,1,1,1,0,0,0,0,1,0,0,1,0,1,0,0,0,0,1,0,0,0,1
R0529,real_4w,3,2,2,2026-05-02 20:51:34,575000.0,Stable,575000.0,575000.0,625000.0,0.0,1,0,600000.0,25000.0,575000.0,625000.0,50000.0,-50000.0,-0.08,-50000.0,-0.08,Stable,0,0,1,0.9583333333333334,0.041666666666666664,0,-50000.0,-0.08,0.041666666666666664,600000.0,-0.041666666666666664,5,1,2,1,0,1,1,0,0,32,4,0,3.091042453358316,7,7,49,548095.6666666666,1,1,0,0,0,0,0,1,0,0,0,0,0,1,1,0,1,0,0,1,1,1,0,0,0,0,1,0,0,1,0,1,0,0,0,0,1,0,0,0,1
R0529,real_4w,4,3,3,2026-04-25 20:51:34,640000.0,Up,575000.0,575000.0,575000.0,625000.0,1,1,591666.6666666666,23570.226039551584,575000.0,625000.0,50000.0,0.0,0.0,0.0,0.0,Stable,0,0,1,0.971830985915493,0.039837001756988594,0,0.0,0.0,0.039837001756988594,575000.0,0.0,4,4,2,0,1,1,1,0,0,32,4,0,3.091042453358316,7,7,49,548095.6666666666,1,1,0,0,0,0,0,1,0,0,0,0,0,1,1,0,1,0,0,1,1,1,0,0,0,0,1,0,0,1,0,1,0,0,0,0,1,0,0,0,1
R0530,real_4w,2,1,1,2026-05-09 21:12:41,270000.0,Up,230000.0,230000.0,0.0,0.0,0,0,230000.0,0.0,230000.0,230000.0,0.0,0.0,0.0,0.0,0.0,Stable,0,0,1,1.0,0.0,0,0.0,0.0,0.0,230000.0,0.0,5,2,2,0,0,0,1,0,0,28,0,4,3.091042453358316,5,7,35,442180.75,2,1,0,0,0,1,0,0,1,0,0,1,0,1,0,0,0,0,0,0,0,1,0,1,0,0,0,0,0,0,0,1,0,0,0,0,0,0,0,1,1
R0530,real_4w,3,2,2,2026-05-02 21:12:41,250000.0,Stable,270000.0,270000.0,230000.0,0.0,1,0,250000.0,20000.0,230000.0,270000.0,40000.0,40000.0,0.17391304347826086,40000.0,0.17391304347826086,Up,1,0,0,1.08,0.08,1,40000.0,0.17391304347826086,0.08,250000.0,0.08,5,1,2,1,0,1,1,0,0,28,0,4,3.091042453358316,5,7,35,442180.75,2,1,0,0,0,1,0,0,1,0,0,1,0,1,0,0,0,0,0,0,0,1,0,1,0,0,0,0,0,0,0,1,0,0,0,0,0,0,0,1,2
R0530,real_4w,4,3,3,2026-04-25 21:12:41,250000.0,Stable,250000.0,250000.0,270000.0,230000.0,1,1,250000.0,16329.93161855452,230000.0,270000.0,40000.0,-20000.0,-0.07407407407407407,-20000.0,-0.07407407407407407,Stable,0,0,1,1.0,0.06531972647421808,0,-20000.0,-0.07407407407407407,0.06531972647421808,250000.0,0.0,4,4,2,0,1,1,1,0,0,28,0,4,3.091042453358316,5,7,35,442180.75,2,1,0,0,0,1,0,0,1,0,0,1,0,1,0,0,0,0,0,0,0,1,0,1,0,0,0,0,0,0,0,1,0,0,0,0,0,0,0,1,1
R0531,real_4w,2,1,1,2026-05-09 21:27:48,150000.0,Stable,150000.0,150000.0,0.0,0.0,0,0,150000.0,0.0,150000.0,150000.0,0.0,0.0,0.0,0.0,0.0,Stable,0,0,1,1.0,0.0,0,0.0,0.0,0.0,150000.0,0.0,5,2,2,0,0,0,1,0,0,20,0,7,2.70805020110221,4,6,24,559306.0,1,3,0,0,0,0,0,0,0,0,0,1,0,1,0,1,0,1,0,0,0,1,0,1,0,1,0,1,0,0,1,1,0,0,0,0,0,0,0,1,1
R0531,real_4w,3,2,2,2026-05-02 21:27:48,360000.0,Up,150000.0,150000.0,150000.0,0.0,1,0,150000.0,0.0,150000.0,150000.0,0.0,0.0,0.0,0.0,0.0,Stable,0,0,1,1.0,0.0,0,0.0,0.0,0.0,150000.0,0.0,5,1,2,1,0,1,1,0,0,20,0,7,2.70805020110221,4,6,24,559306.0,1,3,0,0,0,0,0,0,0,0,0,1,0,1,0,1,0,1,0,0,0,1,0,1,0,1,0,1,0,0,1,1,0,0,0,0,0,0,0,1,1
R0531,real_4w,4,3,3,2026-04-25 21:27:48,140000.0,Down,360000.0,360000.0,150000.0,150000.0,1,1,220000.0,98994.94936611665,150000.0,360000.0,210000.0,210000.0,1.4,210000.0,1.4,Up,1,0,0,1.6363636363636365,0.4499770425732575,1,210000.0,1.4,0.4499770425732575,150000.0,1.4,4,4,2,0,1,1,1,0,0,20,0,7,2.70805020110221,4,6,24,559306.0,1,3,0,0,0,0,0,0,0,0,0,1,0,1,0,1,0,1,0,0,0,1,0,1,0,1,0,1,0,0,1,1,0,0,0,0,0,0,0,1,2
R0532,real_4w,2,1,1,2026-05-09 21:34:18,700000.0,Up,320000.0,320000.0,0.0,0.0,0,0,320000.0,0.0,320000.0,320000.0,0.0,0.0,0.0,0.0,0.0,Stable,0,0,1,1.0,0.0,0,0.0,0.0,0.0,320000.0,0.0,5,2,2,0,0,0,1,0,0,23,7,2,3.2188758248682006,2,4,8,739240.8333333334,0,2,0,0,0,1,0,0,1,0,0,1,1,1,1,0,0,0,0,0,0,1,0,0,0,0,1,0,1,0,0,1,0,0,0,0,0,0,1,0,1
R0532,real_4w,3,2,2,2026-05-02 21:34:18,200000.0,Down,700000.0,700000.0,320000.0,0.0,1,0,510000.0,190000.0,320000.0,700000.0,380000.0,380000.0,1.1875,380000.0,1.1875,Up,1,0,0,1.3725490196078431,0.37254901960784315,1,380000.0,1.1875,0.37254901960784315,510000.0,0.37254901960784315,5,1,2,1,0,1,1,0,0,23,7,2,3.2188758248682006,2,4,8,739240.8333333334,0,2,0,0,0,1,0,0,1,0,0,1,1,1,1,0,0,0,0,0,0,1,0,0,0,0,1,0,1,0,0,1,0,0,0,0,0,0,1,0,2
R0532,real_4w,4,3,3,2026-04-25 21:34:18,575000.0,Up,200000.0,200000.0,700000.0,320000.0,1,1,406666.6666666667,213124.89817527708,200000.0,700000.0,500000.0,-500000.0,-0.7142857142857143,-500000.0,-0.7142857142857143,Down,0,1,0,0.4918032786885246,0.5240776184637961,0,-500000.0,-0.7142857142857143,0.5240776184637961,320000.0,-0.375,4,4,2,0,1,1,1,0,0,23,7,2,3.2188758248682006,2,4,8,739240.8333333334,0,2,0,0,0,1,0,0,1,0,0,1,1,1,1,0,0,0,0,0,0,1,0,0,0,0,1,0,1,0,0,1,0,0,0,0,0,0,1,0,0
R0533,real_4w,2,1,1,2026-05-09 21:37:57,525000.0,Stable,525000.0,525000.0,0.0,0.0,0,0,525000.0,0.0,525000.0,525000.0,0.0,0.0,0.0,0.0,0.0,Stable,0,0,1,1.0,0.0,0,0.0,0.0,0.0,525000.0,0.0,5,2,2,0,0,0,1,0,0,30,4,2,3.1354942159291497,6,8,48,739240.8333333334,2,1,0,1,0,0,0,1,0,0,0,0,0,1,0,0,0,0,0,0,0,1,0,1,0,0,0,0,0,0,0,1,0,0,0,0,1,0,0,0,1
R0533,real_4w,3,2,2,2026-05-02 21:37:57,625000.0,Up,525000.0,525000.0,525000.0,0.0,1,0,525000.0,0.0,525000.0,525000.0,0.0,0.0,0.0,0.0,0.0,Stable,0,0,1,1.0,0.0,0,0.0,0.0,0.0,525000.0,0.0,5,1,2,1,0,1,1,0,0,30,4,2,3.1354942159291497,6,8,48,739240.8333333334,2,1,0,1,0,0,0,1,0,0,0,0,0,1,0,0,0,0,0,0,0,1,0,1,0,0,0,0,0,0,0,1,0,0,0,0,1,0,0,0,1
R0533,real_4w,4,3,3,2026-04-25 21:37:57,600000.0,Stable,625000.0,625000.0,525000.0,525000.0,1,1,558333.3333333334,47140.45207910316,525000.0,625000.0,100000.0,100000.0,0.19047619047619047,100000.0,0.19047619047619047,Up,1,0,0,1.1194029850746268,0.08443066044018475,1,100000.0,0.19047619047619047,0.08443066044018475,525000.0,0.19047619047619047,4,4,2,0,1,1,1,0,0,30,4,2,3.1354942159291497,6,8,48,739240.8333333334,2,1,0,1,0,0,0,1,0,0,0,0,0,1,0,0,0,0,0,0,0,1,0,1,0,0,0,0,0,0,0,1,0,0,0,0,1,0,0,0,2
R0534,real_4w,2,1,1,2026-05-09 23:44:29,260000.0,Stable,240000.0,240000.0,0.0,0.0,0,0,240000.0,0.0,240000.0,240000.0,0.0,0.0,0.0,0.0,0.0,Stable,0,0,1,1.0,0.0,0,0.0,0.0,0.0,240000.0,0.0,5,2,2,0,0,0,1,0,0,18,3,5,3.6635616461296463,6,6,36,460955.5,1,4,0,0,0,1,0,1,1,1,0,1,1,0,0,0,1,0,0,0,0,1,0,0,0,0,0,0,1,1,0,0,1,0,0,0,0,0,0,0,1
R0534,real_4w,3,2,2,2026-05-02 23:44:29,270000.0,Stable,260000.0,260000.0,240000.0,0.0,1,0,250000.0,10000.0,240000.0,260000.0,20000.0,20000.0,0.08333333333333333,20000.0,0.08333333333333333,Stable,0,0,1,1.04,0.04,1,20000.0,0.08333333333333333,0.04,250000.0,0.04,5,1,2,1,0,1,1,0,0,18,3,5,3.6635616461296463,6,6,36,460955.5,1,4,0,0,0,1,0,1,1,1,0,1,1,0,0,0,1,0,0,0,0,1,0,0,0,0,0,0,1,1,0,0,1,0,0,0,0,0,0,0,1
R0534,real_4w,4,3,3,2026-04-25 23:44:29,190000.0,Down,270000.0,270000.0,260000.0,240000.0,1,1,256666.66666666666,12472.191289246472,240000.0,270000.0,30000.0,10000.0,0.038461538461538464,10000.0,0.038461538461538464,Stable,0,0,1,1.051948051948052,0.048592953074986255,1,10000.0,0.038461538461538464,0.048592953074986255,260000.0,0.038461538461538464,4,4,2,0,1,1,1,0,0,18,3,5,3.6635616461296463,6,6,36,460955.5,1,4,0,0,0,1,0,1,1,1,0,1,1,0,0,0,1,0,0,0,0,1,0,0,0,0,0,0,1,1,0,0,1,0,0,0,0,0,0,0,1
