usia,sumber_pekerjaan,status_income,lama_kerja_bulan,hari_kerja_per_minggu,jam_kerja_per_hari,income_w1,income_w2,income_w3,income_w4,peak_week,waktu_ramai,faktor_fluktuasi,app_helpful_score,fitur_dibutuhkan,gig_type,domisili_code,src_gojek,src_grab,src_instagram___tiktok___youtube,src_maxim,src_projects_co_id,src_shopee___tokopedia___tiktok_shop,src_shopeefood,src_upwork,src_website_freelance_seperti_fiverr,src_whatsapp___kenalan___pelanggan_langsung,ramai_akhir_bulan___tanggal_gajian,ramai_akhir_pekan___sabtu_minggu,ramai_awal_bulan,ramai_harbolnas___flash_sale_online___tanggal_,ramai_ramadan___menjelang_lebaran,ramai_saat_ada_promo_dari_aplikasi,ramai_saat_cuaca_bagus,fluk_ada_atau_tidaknya_promo_dari_aplikasi,fluk_akhir_pekan_atau_hari_libur,fluk_cuaca,fluk_jam_saya_bekerja,fluk_jumlah_pesanan_atau_project_yang_masuk,fluk_kondisi_fisik___capek___sakit,fluk_rating_atau_ulasan_pelanggan,fluk_tanggal_gajian___akhir_bulan,fitur_pengingat_kalau_penghasilan_sedang_turun,fitur_perkiraan_penghasilan_minggu_depan,fitur_ringkasan_pemasukan_dan_pengeluaran,fitur_saran_batas_pengeluaran_minggu_ini,fitur_saran_menabung
26,WhatsApp / kenalan / pelanggan langsung,2,19,7,7,150000,275000,270000,335000,4,"Ramadan / menjelang Lebaran, Akhir pekan / Sabtu-Minggu","Jumlah pesanan atau project yang masuk, Akhir pekan atau hari libur, Kondisi fisik / capek / sakit",5,"Ringkasan pemasukan dan pengeluaran, Saran menabung, Perkiraan penghasilan minggu depan",pekerja_harian,jawa_timur,0,0,0,0,0,0,0,0,0,1,0,1,0,0,1,0,0,0,1,0,0,1,1,0,0,0,1,1,0,1
26,Gojek,0,72,6,7,300000,16800,325000,330000,4,"Ramadan / menjelang Lebaran, Saat cuaca bagus","Jumlah pesanan atau project yang masuk, Jam saya bekerja",4,Ringkasan pemasukan dan pengeluaran,ojek_online,bandung,1,0,0,0,0,0,0,0,0,0,0,0,0,0,1,0,1,0,0,0,1,1,0,0,0,0,0,1,0,0
36,Gojek,1,20,7,11,550000,360000,760000,325000,3,"Saat cuaca bagus, Akhir pekan / Sabtu-Minggu",Jumlah pesanan atau project yang masuk,3,"Ringkasan pemasukan dan pengeluaran, Saran batas pengeluaran minggu ini",ojek_online,bandung,1,0,0,0,0,0,0,0,0,0,0,1,0,0,0,0,1,0,0,0,0,1,0,0,0,0,0,1,1,0
22,"WhatsApp / kenalan / pelanggan langsung, Instagram / TikTok / YouTube",2,3,3,3,210000,120000,150000,120000,0,"Awal bulan, Akhir pekan / Sabtu-Minggu","Jumlah pesanan atau project yang masuk, Jam saya bekerja",5,"Saran batas pengeluaran minggu ini, Pengingat kalau penghasilan sedang turun, Ringkasan pemasukan dan pengeluaran",tutor,jawa_timur,0,0,1,0,0,0,0,0,0,1,0,1,1,0,0,0,0,0,0,0,1,1,0,0,0,1,0,1,1,0
41,WhatsApp / kenalan / pelanggan langsung,1,14,5,9,400000,335000,440000,300000,3,"Akhir pekan / Sabtu-Minggu, Ramadan / menjelang Lebaran, Awal bulan","Jumlah pesanan atau project yang masuk, Akhir pekan atau hari libur",2,"Ringkasan pemasukan dan pengeluaran, Saran batas pengeluaran minggu ini",pekerja_harian,jawa_timur,0,0,0,0,0,0,0,0,0,1,0,1,1,0,1,0,0,0,1,0,0,1,0,0,0,0,0,1,1,0
30,"WhatsApp / kenalan / pelanggan langsung, Instagram / TikTok / YouTube",1,19,5,6,840000,650000,800000,400000,0,"Akhir bulan / tanggal gajian, Awal bulan, Saat ada promo dari aplikasi","Jumlah pesanan atau project yang masuk, Akhir pekan atau hari libur, Tanggal gajian / akhir bulan",3,"Saran menabung, Pengingat kalau penghasilan sedang turun, Ringkasan pemasukan dan pengeluaran",jualan_online,sulawesi,0,0,1,0,0,0,0,0,0,1,1,0,1,0,0,1,0,0,1,0,0,1,0,0,1,1,0,1,0,1
26,"Instagram / TikTok / YouTube, WhatsApp / kenalan / pelanggan langsung",0,31,5,6,325000,195000,380000,195000,3,Akhir bulan / tanggal gajian,"Jumlah pesanan atau project yang masuk, Jam saya bekerja, Tanggal gajian / akhir bulan",1,"Pengingat kalau penghasilan sedang turun, Ringkasan pemasukan dan pengeluaran, Saran menabung",freelancer_desain,jawa_timur,0,0,1,0,0,0,0,0,0,1,1,0,0,0,0,0,0,0,0,0,1,1,0,0,1,1,0,1,0,1
22,"Projects.co.id, Instagram / TikTok / YouTube",0,24,4,3,400000,250000,200000,280000,1,Awal bulan,"Jumlah pesanan atau project yang masuk, Tanggal gajian / akhir bulan, Rating atau ulasan pelanggan",5,Pengingat kalau penghasilan sedang turun,freelancer_desain,jabodetabek,0,0,1,0,1,0,0,0,0,0,0,0,1,0,0,0,0,0,0,0,0,1,0,1,1,1,0,0,0,0
17,Website freelance seperti Fiverr,1,77,5,5,660000,780000,1000000,810000,3,"Awal bulan, Akhir bulan / tanggal gajian","Jumlah pesanan atau project yang masuk, Tanggal gajian / akhir bulan, Rating atau ulasan pelanggan",5,"Ringkasan pemasukan dan pengeluaran, Pengingat kalau penghasilan sedang turun, Perkiraan penghasilan minggu depan",freelancer_it,bandung,0,0,0,0,0,0,0,0,1,0,1,0,1,0,0,0,0,0,0,0,0,1,0,1,1,1,1,1,0,0
27,"Website freelance seperti Fiverr, Instagram / TikTok / YouTube",2,14,5,8,175000,175000,210000,175000,3,"Awal bulan, Akhir bulan / tanggal gajian, Akhir pekan / Sabtu-Minggu","Jumlah pesanan atau project yang masuk, Jam saya bekerja",3,"Pengingat kalau penghasilan sedang turun, Saran menabung, Ringkasan pemasukan dan pengeluaran",freelancer_desain,bali,0,0,1,0,0,0,0,0,1,0,1,1,1,0,0,0,0,0,0,0,1,1,0,0,0,1,0,1,0,1
33,"Gojek, ShopeeFood",1,10,6,9,500000,640000,575000,630000,4,"Awal bulan, Akhir pekan / Sabtu-Minggu","Jumlah pesanan atau project yang masuk, Cuaca, Ada atau tidaknya promo dari aplikasi",3,"Saran batas pengeluaran minggu ini, Ringkasan pemasukan dan pengeluaran, Saran menabung",kurir,jabodetabek,1,0,0,0,0,0,1,0,0,0,0,1,1,0,0,0,0,1,0,1,0,1,0,0,0,0,0,1,1,1
20,"Projects.co.id, WhatsApp / kenalan / pelanggan langsung",2,17,5,5,750000,600000,575000,975000,2,"Akhir bulan / tanggal gajian, Awal bulan",Jumlah pesanan atau project yang masuk,4,"Saran menabung, Pengingat kalau penghasilan sedang turun, Perkiraan penghasilan minggu depan",freelancer_it,jawa_tengah,0,0,0,0,1,0,0,0,0,1,1,0,1,0,0,0,0,0,0,0,0,1,0,0,0,1,1,0,0,1
41,WhatsApp / kenalan / pelanggan langsung,2,21,6,7,1040000,1125000,900000,735000,4,Akhir pekan / Sabtu-Minggu,Jumlah pesanan atau project yang masuk,5,"Ringkasan pemasukan dan pengeluaran, Saran menabung, Perkiraan penghasilan minggu depan",kurir,jawa_timur,0,0,0,0,0,0,0,0,0,1,0,1,0,0,0,0,0,0,0,0,0,1,0,0,0,0,1,1,0,1
22,"Instagram / TikTok / YouTube, WhatsApp / kenalan / pelanggan langsung",1,2,5,8,675000,715000,540000,580000,2,"Awal bulan, Akhir bulan / tanggal gajian","Jumlah pesanan atau project yang masuk, Jam saya bekerja, Tanggal gajian / akhir bulan",2,"Saran batas pengeluaran minggu ini, Ringkasan pemasukan dan pengeluaran, Pengingat kalau penghasilan sedang turun",freelancer_desain,jabodetabek,0,0,1,0,0,0,0,0,0,1,1,0,1,0,0,0,0,0,0,0,1,1,0,0,1,1,0,1,1,0
17,"WhatsApp / kenalan / pelanggan langsung, Instagram / TikTok / YouTube",0,30,4,5,160000,200000,165000,255000,4,"Awal bulan, Akhir bulan / tanggal gajian","Jumlah pesanan atau project yang masuk, Akhir pekan atau hari libur",4,"Saran menabung, Pengingat kalau penghasilan sedang turun",jualan_online,jawa_barat_lainnya,0,0,1,0,0,0,0,0,0,1,1,0,1,0,0,0,0,0,1,0,0,1,0,0,0,1,0,0,0,1
30,"Instagram / TikTok / YouTube, WhatsApp / kenalan / pelanggan langsung",1,17,4,4,425000,400000,745000,425000,1,Awal bulan,"Jumlah pesanan atau project yang masuk, Rating atau ulasan pelanggan, Jam saya bekerja",4,"Pengingat kalau penghasilan sedang turun, Ringkasan pemasukan dan pengeluaran, Perkiraan penghasilan minggu depan",freelancer_desain,jabodetabek,0,0,1,0,0,0,0,0,0,1,0,0,1,0,0,0,0,0,0,0,1,1,0,1,0,1,1,1,0,0
27,WhatsApp / kenalan / pelanggan langsung,1,4,3,7,260000,275000,10000,15000,2,"Awal bulan, Akhir pekan / Sabtu-Minggu, Ramadan / menjelang Lebaran","Jumlah pesanan atau project yang masuk, Kondisi fisik / capek / sakit, Akhir pekan atau hari libur",5,"Saran batas pengeluaran minggu ini, Pengingat kalau penghasilan sedang turun, Perkiraan penghasilan minggu depan",pekerja_harian,jawa_timur,0,0,0,0,0,0,0,0,0,1,0,1,1,0,1,0,0,0,1,0,0,1,1,0,0,1,1,0,1,0
35,"Website freelance seperti Fiverr, WhatsApp / kenalan / pelanggan langsung",1,55,5,4,825000,780000,400000,580000,0,"Akhir bulan / tanggal gajian, Awal bulan, Akhir pekan / Sabtu-Minggu","Jumlah pesanan atau project yang masuk, Jam saya bekerja, Rating atau ulasan pelanggan",3,"Pengingat kalau penghasilan sedang turun, Ringkasan pemasukan dan pengeluaran",freelancer_it,bandung,0,0,0,0,0,0,0,0,1,1,1,1,1,0,0,0,0,0,0,0,1,1,0,1,0,1,0,1,0,0
34,"Gojek, Maxim",0,9,6,6,640000,380000,725000,710000,3,"Ramadan / menjelang Lebaran, Awal bulan","Jumlah pesanan atau project yang masuk, Ada atau tidaknya promo dari aplikasi, Cuaca",5,"Saran batas pengeluaran minggu ini, Perkiraan penghasilan minggu depan",ojek_online,jawa_timur,1,0,0,1,0,0,0,0,0,0,0,0,1,0,1,0,0,1,0,1,0,1,0,0,0,0,1,0,1,0
26,WhatsApp / kenalan / pelanggan langsung,0,35,3,4,325000,600000,315000,270000,2,"Akhir bulan / tanggal gajian, Awal bulan","Jumlah pesanan atau project yang masuk, Tanggal gajian / akhir bulan, Jam saya bekerja",1,"Saran menabung, Pengingat kalau penghasilan sedang turun, Saran batas pengeluaran minggu ini",freelancer_it,bali,0,0,0,0,0,0,0,0,0,1,1,0,1,0,0,0,0,0,0,0,1,1,0,0,1,1,0,0,1,1
26,Grab,2,1,7,7,40000,40000,610000,940000,0,"Saat ada promo dari aplikasi, Harbolnas / flash sale online / tanggal kembar","Jumlah pesanan atau project yang masuk, Cuaca",5,"Pengingat kalau penghasilan sedang turun, Saran batas pengeluaran minggu ini, Perkiraan penghasilan minggu depan",kurir,sulawesi,0,1,0,0,0,0,0,0,0,0,0,0,0,1,0,1,0,0,0,1,0,1,0,0,0,1,1,0,1,0
26,Grab,2,26,6,7,560000,600000,885000,490000,4,"Harbolnas / flash sale online / tanggal kembar, Saat ada promo dari aplikasi","Jumlah pesanan atau project yang masuk, Jam saya bekerja",4,"Pengingat kalau penghasilan sedang turun, Saran menabung, Perkiraan penghasilan minggu depan",kurir,jawa_timur,0,1,0,0,0,0,0,0,0,0,0,0,0,1,0,1,0,0,0,0,1,1,0,0,0,1,1,0,0,1
27,"Instagram / TikTok / YouTube, WhatsApp / kenalan / pelanggan langsung, Shopee / Tokopedia / TikTok Shop",0,7,6,5,625000,16800,380000,430000,1,"Harbolnas / flash sale online / tanggal kembar, Saat ada promo dari aplikasi","Jumlah pesanan atau project yang masuk, Akhir pekan atau hari libur",2,"Saran menabung, Saran batas pengeluaran minggu ini, Pengingat kalau penghasilan sedang turun",jualan_online,jawa_timur,0,0,1,0,0,1,0,0,0,1,0,0,0,1,0,1,0,0,1,0,0,1,0,0,0,1,0,0,1,1
27,Instagram / TikTok / YouTube,2,26,5,6,105000,225000,200000,200000,2,"Harbolnas / flash sale online / tanggal kembar, Ramadan / menjelang Lebaran, Awal bulan","Jumlah pesanan atau project yang masuk, Ada atau tidaknya promo dari aplikasi, Tanggal gajian / akhir bulan",4,"Pengingat kalau penghasilan sedang turun, Saran batas pengeluaran minggu ini, Perkiraan penghasilan minggu depan",jualan_online,sulawesi,0,0,1,0,0,0,0,0,0,0,0,0,1,1,1,0,0,1,0,0,0,1,0,0,1,1,1,0,1,0
22,"WhatsApp / kenalan / pelanggan langsung, Instagram / TikTok / YouTube",0,45,5,5,260000,275000,275000,350000,1,Harbolnas / flash sale online / tanggal kembar,"Jumlah pesanan atau project yang masuk, Akhir pekan atau hari libur, Ada atau tidaknya promo dari aplikasi",3,Ringkasan pemasukan dan pengeluaran,content_creator,jabodetabek,0,0,1,0,0,0,0,0,0,1,0,0,0,1,0,0,0,1,1,0,0,1,0,0,0,0,0,1,0,0
23,"WhatsApp / kenalan / pelanggan langsung, Instagram / TikTok / YouTube",1,33,3,2,275000,275000,250000,215000,1,"Akhir pekan / Sabtu-Minggu, Awal bulan, Akhir bulan / tanggal gajian","Jumlah pesanan atau project yang masuk, Jam saya bekerja",4,"Saran menabung, Ringkasan pemasukan dan pengeluaran",tutor,jabodetabek,0,0,1,0,0,0,0,0,0,1,1,1,1,0,0,0,0,0,0,0,1,1,0,0,0,0,0,1,0,1
28,"Upwork, Website freelance seperti Fiverr",1,43,6,8,400000,25000,505000,465000,1,"Akhir bulan / tanggal gajian, Awal bulan, Akhir pekan / Sabtu-Minggu","Jumlah pesanan atau project yang masuk, Jam saya bekerja",2,"Ringkasan pemasukan dan pengeluaran, Saran menabung",freelancer_it,sulawesi,0,0,0,0,0,0,0,1,1,0,1,1,1,0,0,0,0,0,0,0,1,1,0,0,0,0,0,1,0,1
28,"Shopee / Tokopedia / TikTok Shop, WhatsApp / kenalan / pelanggan langsung",0,23,4,2,200000,225000,180000,155000,2,"Harbolnas / flash sale online / tanggal kembar, Ramadan / menjelang Lebaran, Akhir pekan / Sabtu-Minggu","Jumlah pesanan atau project yang masuk, Tanggal gajian / akhir bulan, Ada atau tidaknya promo dari aplikasi",2,Pengingat kalau penghasilan sedang turun,content_creator,bandung,0,0,0,0,0,1,0,0,0,1,0,1,0,1,1,0,0,1,0,0,0,1,0,0,1,1,0,0,0,0
36,"Gojek, Maxim",1,15,7,9,1336200,485000,1350000,1342800,0,"Saat ada promo dari aplikasi, Saat cuaca bagus","Jumlah pesanan atau project yang masuk, Rating atau ulasan pelanggan, Ada atau tidaknya promo dari aplikasi",2,"Saran batas pengeluaran minggu ini, Pengingat kalau penghasilan sedang turun, Saran menabung",ojek_online,sumatera,1,0,0,1,0,0,0,0,0,0,0,0,0,0,0,1,1,1,0,0,0,1,0,1,0,1,0,0,1,1
28,WhatsApp / kenalan / pelanggan langsung,1,3,3,7,375000,200000,290000,175000,1,Akhir pekan / Sabtu-Minggu,"Jumlah pesanan atau project yang masuk, Kondisi fisik / capek / sakit",1,"Saran menabung, Pengingat kalau penghasilan sedang turun, Saran batas pengeluaran minggu ini",pekerja_harian,sulawesi,0,0,0,0,0,0,0,0,0,1,0,1,0,0,0,0,0,0,0,0,0,1,1,0,0,1,0,0,1,1
17,WhatsApp / kenalan / pelanggan langsung,1,41,6,3,475000,495000,450000,430000,2,"Saat ada promo dari aplikasi, Ramadan / menjelang Lebaran, Awal bulan","Jumlah pesanan atau project yang masuk, Tanggal gajian / akhir bulan",5,"Saran menabung, Saran batas pengeluaran minggu ini",jualan_online,bandung,0,0,0,0,0,0,0,0,0,1,0,0,1,0,1,1,0,0,0,0,0,1,0,0,1,0,0,0,1,1
26,"Website freelance seperti Fiverr, WhatsApp / kenalan / pelanggan langsung",1,13,3,5,775000,730000,620000,35000,3,"Awal bulan, Akhir bulan / tanggal gajian","Jumlah pesanan atau project yang masuk, Rating atau ulasan pelanggan",3,"Pengingat kalau penghasilan sedang turun, Ringkasan pemasukan dan pengeluaran, Saran menabung",freelancer_desain,jabodetabek,0,0,0,0,0,0,0,0,1,1,1,0,1,0,0,0,0,0,0,0,0,1,0,1,0,1,0,1,0,1
34,WhatsApp / kenalan / pelanggan langsung,0,3,6,5,370000,400000,320000,275000,2,"Akhir bulan / tanggal gajian, Saat ada promo dari aplikasi, Ramadan / menjelang Lebaran","Jumlah pesanan atau project yang masuk, Ada atau tidaknya promo dari aplikasi, Akhir pekan atau hari libur",3,"Saran batas pengeluaran minggu ini, Pengingat kalau penghasilan sedang turun",jualan_online,jawa_tengah,0,0,0,0,0,0,0,0,0,1,1,0,0,0,1,1,0,1,1,0,0,1,0,0,0,1,0,0,1,0
28,Grab,1,56,7,8,450000,520000,640000,575000,3,Saat cuaca bagus,"Jumlah pesanan atau project yang masuk, Ada atau tidaknya promo dari aplikasi",3,"Saran batas pengeluaran minggu ini, Ringkasan pemasukan dan pengeluaran, Saran menabung",ojek_online,jawa_barat_lainnya,0,1,0,0,0,0,0,0,0,0,0,0,0,0,0,0,1,1,0,0,0,1,0,0,0,0,0,1,1,1
25,Instagram / TikTok / YouTube,0,11,4,3,400000,320000,850000,300000,3,"Awal bulan, Akhir pekan / Sabtu-Minggu, Akhir bulan / tanggal gajian","Jumlah pesanan atau project yang masuk, Kondisi fisik / capek / sakit",3,Saran batas pengeluaran minggu ini,tutor,jabodetabek,0,0,1,0,0,0,0,0,0,0,1,1,1,0,0,0,0,0,0,0,0,1,1,0,0,0,0,0,1,0
34,ShopeeFood,2,48,6,9,825000,1273200,1350000,530000,3,Awal bulan,"Jumlah pesanan atau project yang masuk, Ada atau tidaknya promo dari aplikasi",5,Ringkasan pemasukan dan pengeluaran,kurir,sumatera,0,0,0,0,0,0,1,0,0,0,0,0,1,0,0,0,0,1,0,0,0,1,0,0,0,0,0,1,0,0
25,"WhatsApp / kenalan / pelanggan langsung, Website freelance seperti Fiverr",0,39,5,6,260000,260000,205000,185000,1,Akhir bulan / tanggal gajian,"Jumlah pesanan atau project yang masuk, Rating atau ulasan pelanggan, Tanggal gajian / akhir bulan",3,"Ringkasan pemasukan dan pengeluaran, Saran menabung, Pengingat kalau penghasilan sedang turun",freelancer_desain,jabodetabek,0,0,0,0,0,0,0,0,1,1,1,0,0,0,0,0,0,0,0,0,0,1,0,1,1,1,0,1,0,1
31,WhatsApp / kenalan / pelanggan langsung,0,20,3,6,240000,100000,280000,130000,3,"Awal bulan, Ramadan / menjelang Lebaran",Jumlah pesanan atau project yang masuk,5,"Saran batas pengeluaran minggu ini, Pengingat kalau penghasilan sedang turun, Perkiraan penghasilan minggu depan",pekerja_harian,jawa_barat_lainnya,0,0,0,0,0,0,0,0,0,1,0,0,1,0,1,0,0,0,0,0,0,1,0,0,0,1,1,0,1,0
33,ShopeeFood,2,15,6,8,500000,930000,775000,760000,1,Awal bulan,Jumlah pesanan atau project yang masuk,5,"Saran batas pengeluaran minggu ini, Saran menabung, Perkiraan penghasilan minggu depan",kurir,sumatera,0,0,0,0,0,0,1,0,0,0,0,0,1,0,0,0,0,0,0,0,0,1,0,0,0,0,1,0,1,1
24,"Instagram / TikTok / YouTube, WhatsApp / kenalan / pelanggan langsung",0,10,6,4,300000,175000,195000,250000,1,"Awal bulan, Ramadan / menjelang Lebaran, Saat ada promo dari aplikasi","Jumlah pesanan atau project yang masuk, Akhir pekan atau hari libur, Tanggal gajian / akhir bulan",3,"Ringkasan pemasukan dan pengeluaran, Saran batas pengeluaran minggu ini",jualan_online,sumatera,0,0,1,0,0,0,0,0,0,1,0,0,1,0,1,1,0,0,1,0,0,1,0,0,1,0,0,1,1,0
37,Gojek,2,16,7,7,590000,870000,600000,700000,3,Ramadan / menjelang Lebaran,"Jumlah pesanan atau project yang masuk, Jam saya bekerja",4,"Saran menabung, Saran batas pengeluaran minggu ini, Perkiraan penghasilan minggu depan",ojek_online,bandung,1,0,0,0,0,0,0,0,0,0,0,0,0,0,1,0,0,0,0,0,1,1,0,0,0,0,1,0,1,1
35,Grab,0,11,6,8,650000,380000,575000,780000,4,"Akhir pekan / Sabtu-Minggu, Awal bulan","Jumlah pesanan atau project yang masuk, Jam saya bekerja",3,Pengingat kalau penghasilan sedang turun,ojek_online,jabodetabek,0,1,0,0,0,0,0,0,0,0,0,1,1,0,0,0,0,0,0,0,1,1,0,0,0,1,0,0,0,0
25,Projects.co.id,2,28,4,5,425000,390000,510000,470000,0,"Awal bulan, Akhir bulan / tanggal gajian","Jumlah pesanan atau project yang masuk, Jam saya bekerja, Tanggal gajian / akhir bulan",5,"Saran menabung, Saran batas pengeluaran minggu ini, Pengingat kalau penghasilan sedang turun",freelancer_desain,jabodetabek,0,0,0,0,1,0,0,0,0,0,1,0,1,0,0,0,0,0,0,0,1,1,0,0,1,1,0,0,1,1
35,Grab,2,3,6,10,1020000,1135000,60000,60000,1,"Awal bulan, Akhir pekan / Sabtu-Minggu",Jumlah pesanan atau project yang masuk,5,"Saran batas pengeluaran minggu ini, Ringkasan pemasukan dan pengeluaran",ojek_online,jabodetabek,0,1,0,0,0,0,0,0,0,0,0,1,1,0,0,0,0,0,0,0,0,1,0,0,0,0,0,1,1,0
28,WhatsApp / kenalan / pelanggan langsung,2,12,5,8,360000,500000,370000,530000,4,"Ramadan / menjelang Lebaran, Akhir pekan / Sabtu-Minggu, Awal bulan",Jumlah pesanan atau project yang masuk,4,Saran batas pengeluaran minggu ini,pekerja_harian,jabodetabek,0,0,0,0,0,0,0,0,0,1,0,1,1,0,1,0,0,0,0,0,0,1,0,0,0,0,0,0,1,0
36,Gojek,2,34,6,7,760000,790000,1130000,1175000,4,Awal bulan,Jumlah pesanan atau project yang masuk,3,"Ringkasan pemasukan dan pengeluaran, Saran menabung, Pengingat kalau penghasilan sedang turun",ojek_online,sumatera,1,0,0,0,0,0,0,0,0,0,0,0,1,0,0,0,0,0,0,0,0,1,0,0,0,1,0,1,0,1
29,ShopeeFood,2,18,7,9,505000,510000,25000,500000,1,"Saat ada promo dari aplikasi, Harbolnas / flash sale online / tanggal kembar","Jumlah pesanan atau project yang masuk, Ada atau tidaknya promo dari aplikasi, Jam saya bekerja",4,"Saran menabung, Pengingat kalau penghasilan sedang turun",kurir,bali,0,0,0,0,0,0,1,0,0,0,0,0,0,1,0,1,0,1,0,0,1,1,0,0,0,1,0,0,0,1
26,"WhatsApp / kenalan / pelanggan langsung, Website freelance seperti Fiverr",1,38,4,7,1320000,1273200,1200000,630000,1,"Akhir bulan / tanggal gajian, Awal bulan","Jumlah pesanan atau project yang masuk, Tanggal gajian / akhir bulan, Jam saya bekerja",4,"Pengingat kalau penghasilan sedang turun, Saran batas pengeluaran minggu ini, Ringkasan pemasukan dan pengeluaran",freelancer_desain,jabodetabek,0,0,0,0,0,0,0,0,1,1,1,0,1,0,0,0,0,0,0,0,1,1,0,0,1,1,0,1,1,0
43,Grab,2,31,6,9,890000,560000,1105000,740000,0,Saat cuaca bagus,"Jumlah pesanan atau project yang masuk, Rating atau ulasan pelanggan",3,"Ringkasan pemasukan dan pengeluaran, Saran menabung, Saran batas pengeluaran minggu ini",ojek_online,jabodetabek,0,1,0,0,0,0,0,0,0,0,0,0,0,0,0,0,1,0,0,0,0,1,0,1,0,0,0,1,1,1
27,WhatsApp / kenalan / pelanggan langsung,0,8,5,4,225000,200000,170000,210000,0,Akhir pekan / Sabtu-Minggu,"Jumlah pesanan atau project yang masuk, Tanggal gajian / akhir bulan",3,"Saran menabung, Pengingat kalau penghasilan sedang turun",tutor,jawa_barat_lainnya,0,0,0,0,0,0,0,0,0,1,0,1,0,0,0,0,0,0,0,0,0,1,0,0,1,1,0,0,0,1
29,Instagram / TikTok / YouTube,1,1,6,7,525000,625000,715000,760000,2,"Awal bulan, Harbolnas / flash sale online / tanggal kembar, Saat ada promo dari aplikasi","Jumlah pesanan atau project yang masuk, Tanggal gajian / akhir bulan, Ada atau tidaknya promo dari aplikasi",3,"Saran menabung, Pengingat kalau penghasilan sedang turun, Saran batas pengeluaran minggu ini",jualan_online,jabodetabek,0,0,1,0,0,0,0,0,0,0,0,0,1,1,0,1,0,1,0,0,0,1,0,0,1,1,0,0,1,1
38,Gojek,2,16,7,10,450000,970000,550000,300000,4,Awal bulan,"Jumlah pesanan atau project yang masuk, Jam saya bekerja",3,"Pengingat kalau penghasilan sedang turun, Saran batas pengeluaran minggu ini",ojek_online,bandung,1,0,0,0,0,0,0,0,0,0,0,0,1,0,0,0,0,0,0,0,1,1,0,0,0,1,0,0,1,0
18,"WhatsApp / kenalan / pelanggan langsung, Instagram / TikTok / YouTube",2,36,3,4,270000,150000,550000,185000,3,"Awal bulan, Akhir pekan / Sabtu-Minggu, Akhir bulan / tanggal gajian","Jumlah pesanan atau project yang masuk, Tanggal gajian / akhir bulan",3,"Pengingat kalau penghasilan sedang turun, Ringkasan pemasukan dan pengeluaran, Saran batas pengeluaran minggu ini",tutor,jawa_barat_lainnya,0,0,1,0,0,0,0,0,0,1,1,1,1,0,0,0,0,0,0,0,0,1,0,0,1,1,0,1,1,0
33,"Gojek, Grab",2,14,6,9,700000,395000,475000,940000,4,"Saat ada promo dari aplikasi, Ramadan / menjelang Lebaran","Jumlah pesanan atau project yang masuk, Rating atau ulasan pelanggan",5,"Pengingat kalau penghasilan sedang turun, Saran menabung, Ringkasan pemasukan dan pengeluaran",ojek_online,jawa_timur,1,1,0,0,0,0,0,0,0,0,0,0,0,0,1,1,0,0,0,0,0,1,0,1,0,1,0,1,0,1
26,"Instagram / TikTok / YouTube, Website freelance seperti Fiverr",0,38,4,7,750000,365000,630000,590000,0,"Awal bulan, Akhir bulan / tanggal gajian, Ramadan / menjelang Lebaran","Jumlah pesanan atau project yang masuk, Rating atau ulasan pelanggan",4,"Saran batas pengeluaran minggu ini, Pengingat kalau penghasilan sedang turun, Ringkasan pemasukan dan pengeluaran",freelancer_desain,bandung,0,0,1,0,0,0,0,0,1,0,1,0,1,0,1,0,0,0,0,0,0,1,0,1,0,1,0,1,1,0
43,WhatsApp / kenalan / pelanggan langsung,2,46,5,7,555000,980000,555000,590000,0,"Akhir pekan / Sabtu-Minggu, Awal bulan, Ramadan / menjelang Lebaran","Jumlah pesanan atau project yang masuk, Akhir pekan atau hari libur",5,"Saran menabung, Pengingat kalau penghasilan sedang turun, Perkiraan penghasilan minggu depan",pekerja_harian,bali,0,0,0,0,0,0,0,0,0,1,0,1,1,0,1,0,0,0,1,0,0,1,0,0,0,1,1,0,0,1
22,Instagram / TikTok / YouTube,1,8,6,7,750000,250000,450000,225000,0,"Harbolnas / flash sale online / tanggal kembar, Ramadan / menjelang Lebaran","Jumlah pesanan atau project yang masuk, Tanggal gajian / akhir bulan",5,"Saran menabung, Pengingat kalau penghasilan sedang turun, Perkiraan penghasilan minggu depan",jualan_online,jawa_barat_lainnya,0,0,1,0,0,0,0,0,0,0,0,0,0,1,1,0,0,0,0,0,0,1,0,0,1,1,1,0,0,1
20,WhatsApp / kenalan / pelanggan langsung,2,24,7,6,140000,310000,340000,240000,0,"Ramadan / menjelang Lebaran, Awal bulan","Jumlah pesanan atau project yang masuk, Akhir pekan atau hari libur",2,"Pengingat kalau penghasilan sedang turun, Saran batas pengeluaran minggu ini",pekerja_harian,jawa_barat_lainnya,0,0,0,0,0,0,0,0,0,1,0,0,1,0,1,0,0,0,1,0,0,1,0,0,0,1,0,0,1,0
29,WhatsApp / kenalan / pelanggan langsung,2,29,7,10,330000,250000,225000,660000,3,Akhir pekan / Sabtu-Minggu,Jumlah pesanan atau project yang masuk,4,"Pengingat kalau penghasilan sedang turun, Saran menabung",pekerja_harian,bali,0,0,0,0,0,0,0,0,0,1,0,1,0,0,0,0,0,0,0,0,0,1,0,0,0,1,0,0,0,1
21,ShopeeFood,2,21,6,9,440000,480000,450000,475000,1,"Saat ada promo dari aplikasi, Akhir pekan / Sabtu-Minggu, Harbolnas / flash sale online / tanggal kembar","Jumlah pesanan atau project yang masuk, Ada atau tidaknya promo dari aplikasi",4,"Pengingat kalau penghasilan sedang turun, Saran batas pengeluaran minggu ini, Perkiraan penghasilan minggu depan",kurir,jawa_barat_lainnya,0,0,0,0,0,0,1,0,0,0,0,1,0,1,0,1,0,1,0,0,0,1,0,0,0,1,1,0,1,0
21,WhatsApp / kenalan / pelanggan langsung,1,18,2,5,590000,575000,870000,625000,4,"Akhir pekan / Sabtu-Minggu, Awal bulan","Jumlah pesanan atau project yang masuk, Kondisi fisik / capek / sakit",4,"Saran batas pengeluaran minggu ini, Pengingat kalau penghasilan sedang turun, Perkiraan penghasilan minggu depan",tutor,jabodetabek,0,0,0,0,0,0,0,0,0,1,0,1,1,0,0,0,0,0,0,0,0,1,1,0,0,1,1,0,1,0
51,WhatsApp / kenalan / pelanggan langsung,1,19,5,7,130000,350000,120000,310000,2,Awal bulan,"Jumlah pesanan atau project yang masuk, Kondisi fisik / capek / sakit",5,"Ringkasan pemasukan dan pengeluaran, Saran menabung, Saran batas pengeluaran minggu ini",pekerja_harian,jawa_timur,0,0,0,0,0,0,0,0,0,1,0,0,1,0,0,0,0,0,0,0,0,1,1,0,0,0,0,1,1,1
21,"Projects.co.id, Instagram / TikTok / YouTube",1,13,3,6,345000,725000,650000,480000,2,Akhir bulan / tanggal gajian,Jumlah pesanan atau project yang masuk,4,"Ringkasan pemasukan dan pengeluaran, Saran batas pengeluaran minggu ini",freelancer_desain,sulawesi,0,0,1,0,1,0,0,0,0,0,1,0,0,0,0,0,0,0,0,0,0,1,0,0,0,0,0,1,1,0
29,Gojek,1,46,7,7,510000,900000,375000,1000000,1,"Saat ada promo dari aplikasi, Saat cuaca bagus, Akhir pekan / Sabtu-Minggu","Jumlah pesanan atau project yang masuk, Jam saya bekerja",5,"Saran batas pengeluaran minggu ini, Perkiraan penghasilan minggu depan",ojek_online,jawa_tengah,1,0,0,0,0,0,0,0,0,0,0,1,0,0,0,1,1,0,0,0,1,1,0,0,0,0,1,0,1,0
31,Grab,2,15,6,11,500000,650000,665000,565000,1,"Awal bulan, Akhir pekan / Sabtu-Minggu","Jumlah pesanan atau project yang masuk, Jam saya bekerja",3,"Saran batas pengeluaran minggu ini, Ringkasan pemasukan dan pengeluaran, Saran menabung",ojek_online,bandung,0,1,0,0,0,0,0,0,0,0,0,1,1,0,0,0,0,0,0,0,1,1,0,0,0,0,0,1,1,1
24,"Instagram / TikTok / YouTube, Shopee / Tokopedia / TikTok Shop",0,32,4,7,115000,80000,50000,80000,3,"Awal bulan, Harbolnas / flash sale online / tanggal kembar",Jumlah pesanan atau project yang masuk,3,"Pengingat kalau penghasilan sedang turun, Saran batas pengeluaran minggu ini",jualan_online,sumatera,0,0,1,0,0,1,0,0,0,0,0,0,1,1,0,0,0,0,0,0,0,1,0,0,0,1,0,0,1,0
27,"Instagram / TikTok / YouTube, WhatsApp / kenalan / pelanggan langsung",1,6,2,5,230000,16800,300000,200000,4,"Akhir pekan / Sabtu-Minggu, Awal bulan","Jumlah pesanan atau project yang masuk, Tanggal gajian / akhir bulan",2,Saran menabung,tutor,sumatera,0,0,1,0,0,0,0,0,0,1,0,1,1,0,0,0,0,0,0,0,0,1,0,0,1,0,0,0,0,1
25,WhatsApp / kenalan / pelanggan langsung,1,24,3,8,270000,275000,250000,280000,4,"Akhir bulan / tanggal gajian, Awal bulan","Jumlah pesanan atau project yang masuk, Rating atau ulasan pelanggan",3,"Saran batas pengeluaran minggu ini, Ringkasan pemasukan dan pengeluaran",freelancer_desain,bali,0,0,0,0,0,0,0,0,0,1,1,0,1,0,0,0,0,0,0,0,0,1,0,1,0,0,0,1,1,0
32,"Gojek, Grab",2,65,7,7,1336200,1040000,1350000,1200000,1,Awal bulan,"Jumlah pesanan atau project yang masuk, Cuaca, Jam saya bekerja",4,"Pengingat kalau penghasilan sedang turun, Saran batas pengeluaran minggu ini, Perkiraan penghasilan minggu depan",ojek_online,jawa_tengah,1,1,0,0,0,0,0,0,0,0,0,0,1,0,0,0,0,0,0,1,1,1,0,0,0,1,1,0,1,0
37,"Gojek, Grab",1,41,7,10,470000,450000,390000,410000,1,"Akhir pekan / Sabtu-Minggu, Awal bulan","Jumlah pesanan atau project yang masuk, Jam saya bekerja",5,"Saran menabung, Saran batas pengeluaran minggu ini, Perkiraan penghasilan minggu depan",ojek_online,jawa_barat_lainnya,1,1,0,0,0,0,0,0,0,0,0,1,1,0,0,0,0,0,0,0,1,1,0,0,0,0,1,0,1,1
26,WhatsApp / kenalan / pelanggan langsung,1,16,3,4,400000,425000,350000,410000,2,Akhir pekan / Sabtu-Minggu,"Jumlah pesanan atau project yang masuk, Tanggal gajian / akhir bulan",5,"Ringkasan pemasukan dan pengeluaran, Saran menabung, Perkiraan penghasilan minggu depan",tutor,jabodetabek,0,0,0,0,0,0,0,0,0,1,0,1,0,0,0,0,0,0,0,0,0,1,0,0,1,0,1,1,0,1
25,"Shopee / Tokopedia / TikTok Shop, WhatsApp / kenalan / pelanggan langsung",0,17,4,4,405000,400000,325000,425000,2,"Akhir pekan / Sabtu-Minggu, Harbolnas / flash sale online / tanggal kembar",Jumlah pesanan atau project yang masuk,4,"Saran batas pengeluaran minggu ini, Saran menabung, Pengingat kalau penghasilan sedang turun",content_creator,bali,0,0,0,0,0,1,0,0,0,1,0,1,0,1,0,0,0,0,0,0,0,1,0,0,0,1,0,0,1,1
23,"Instagram / TikTok / YouTube, WhatsApp / kenalan / pelanggan langsung",0,33,6,3,190000,130000,225000,6800,3,Akhir bulan / tanggal gajian,"Jumlah pesanan atau project yang masuk, Rating atau ulasan pelanggan, Jam saya bekerja",4,"Saran menabung, Ringkasan pemasukan dan pengeluaran, Perkiraan penghasilan minggu depan",freelancer_desain,jabodetabek,0,0,1,0,0,0,0,0,0,1,1,0,0,0,0,0,0,0,0,0,1,1,0,1,0,0,1,1,0,1
23,"Projects.co.id, Instagram / TikTok / YouTube",2,39,6,7,625000,975000,550000,715000,4,"Awal bulan, Akhir bulan / tanggal gajian, Ramadan / menjelang Lebaran","Jumlah pesanan atau project yang masuk, Tanggal gajian / akhir bulan",5,"Pengingat kalau penghasilan sedang turun, Ringkasan pemasukan dan pengeluaran, Perkiraan penghasilan minggu depan",freelancer_desain,jawa_barat_lainnya,0,0,1,0,1,0,0,0,0,0,1,0,1,0,1,0,0,0,0,0,0,1,0,0,1,1,1,1,0,0
24,ShopeeFood,2,13,6,11,230000,620000,160000,495000,2,"Awal bulan, Akhir pekan / Sabtu-Minggu, Harbolnas / flash sale online / tanggal kembar","Jumlah pesanan atau project yang masuk, Cuaca",4,"Ringkasan pemasukan dan pengeluaran, Saran menabung, Perkiraan penghasilan minggu depan",kurir,jawa_tengah,0,0,0,0,0,0,1,0,0,0,0,1,1,1,0,0,0,0,0,1,0,1,0,0,0,0,1,1,0,1
36,"Shopee / Tokopedia / TikTok Shop, WhatsApp / kenalan / pelanggan langsung",0,17,6,3,200000,210000,225000,200000,0,"Harbolnas / flash sale online / tanggal kembar, Ramadan / menjelang Lebaran",Jumlah pesanan atau project yang masuk,1,"Saran batas pengeluaran minggu ini, Saran menabung",jualan_online,jawa_barat_lainnya,0,0,0,0,0,1,0,0,0,1,0,0,0,1,1,0,0,0,0,0,0,1,0,0,0,0,0,0,1,1
25,"Upwork, WhatsApp / kenalan / pelanggan langsung",0,14,4,7,325000,325000,270000,315000,1,"Awal bulan, Akhir bulan / tanggal gajian",Jumlah pesanan atau project yang masuk,4,"Saran menabung, Ringkasan pemasukan dan pengeluaran",freelancer_it,bandung,0,0,0,0,0,0,0,1,0,1,1,0,1,0,0,0,0,0,0,0,0,1,0,0,0,0,0,1,0,1
41,"Gojek, Maxim",2,47,7,7,1336200,600000,1350000,1342800,1,"Akhir pekan / Sabtu-Minggu, Saat ada promo dari aplikasi","Jumlah pesanan atau project yang masuk, Ada atau tidaknya promo dari aplikasi, Cuaca",5,"Ringkasan pemasukan dan pengeluaran, Saran menabung, Pengingat kalau penghasilan sedang turun",ojek_online,jawa_barat_lainnya,1,0,0,1,0,0,0,0,0,0,0,1,0,0,0,1,0,1,0,1,0,1,0,0,0,1,0,1,0,1
39,"Gojek, Grab",2,14,5,9,850000,1075000,1105000,850000,2,"Saat ada promo dari aplikasi, Saat cuaca bagus",Jumlah pesanan atau project yang masuk,3,"Saran batas pengeluaran minggu ini, Pengingat kalau penghasilan sedang turun",ojek_online,jawa_timur,1,1,0,0,0,0,0,0,0,0,0,0,0,0,0,1,1,0,0,0,0,1,0,0,0,1,0,0,1,0
21,WhatsApp / kenalan / pelanggan langsung,1,6,2,5,315000,270000,160000,410000,4,"Akhir pekan / Sabtu-Minggu, Awal bulan, Akhir bulan / tanggal gajian","Jumlah pesanan atau project yang masuk, Kondisi fisik / capek / sakit",3,Pengingat kalau penghasilan sedang turun,tutor,jawa_tengah,0,0,0,0,0,0,0,0,0,1,1,1,1,0,0,0,0,0,0,0,0,1,1,0,0,1,0,0,0,0
31,"Gojek, Grab",1,15,7,11,360000,530000,745000,480000,4,Awal bulan,"Jumlah pesanan atau project yang masuk, Ada atau tidaknya promo dari aplikasi",4,Saran batas pengeluaran minggu ini,ojek_online,jawa_tengah,1,1,0,0,0,0,0,0,0,0,0,0,1,0,0,0,0,1,0,0,0,1,0,0,0,0,0,0,1,0
22,"Instagram / TikTok / YouTube, Shopee / Tokopedia / TikTok Shop",2,3,5,5,670000,725000,590000,575000,2,"Saat ada promo dari aplikasi, Ramadan / menjelang Lebaran","Jumlah pesanan atau project yang masuk, Akhir pekan atau hari libur, Tanggal gajian / akhir bulan",4,"Saran batas pengeluaran minggu ini, Pengingat kalau penghasilan sedang turun, Perkiraan penghasilan minggu depan",jualan_online,jawa_barat_lainnya,0,0,1,0,0,1,0,0,0,0,0,0,0,0,1,1,0,0,1,0,0,1,0,0,1,1,1,0,1,0
25,"Shopee / Tokopedia / TikTok Shop, Instagram / TikTok / YouTube, WhatsApp / kenalan / pelanggan langsung",0,9,6,5,200000,16800,735000,790000,2,"Ramadan / menjelang Lebaran, Saat ada promo dari aplikasi, Akhir bulan / tanggal gajian",Jumlah pesanan atau project yang masuk,2,"Pengingat kalau penghasilan sedang turun, Ringkasan pemasukan dan pengeluaran",jualan_online,jabodetabek,0,0,1,0,0,1,0,0,0,1,1,0,0,0,1,1,0,0,0,0,0,1,0,0,0,1,0,1,0,0
33,WhatsApp / kenalan / pelanggan langsung,0,14,4,5,250000,90000,95000,330000,2,"Awal bulan, Ramadan / menjelang Lebaran","Jumlah pesanan atau project yang masuk, Jam saya bekerja",2,"Saran menabung, Ringkasan pemasukan dan pengeluaran, Pengingat kalau penghasilan sedang turun",pekerja_harian,jawa_timur,0,0,0,0,0,0,0,0,0,1,0,0,1,0,1,0,0,0,0,0,1,1,0,0,0,1,0,1,0,1
29,"Gojek, ShopeeFood",0,66,7,9,520000,650000,10000,620000,2,Saat ada promo dari aplikasi,"Jumlah pesanan atau project yang masuk, Jam saya bekerja",2,Ringkasan pemasukan dan pengeluaran,kurir,jabodetabek,1,0,0,0,0,0,1,0,0,0,0,0,0,0,0,1,0,0,0,0,1,1,0,0,0,0,0,1,0,0
26,"Projects.co.id, WhatsApp / kenalan / pelanggan langsung",0,27,5,7,400000,450000,400000,370000,3,"Awal bulan, Akhir bulan / tanggal gajian","Jumlah pesanan atau project yang masuk, Tanggal gajian / akhir bulan, Jam saya bekerja",1,"Saran batas pengeluaran minggu ini, Pengingat kalau penghasilan sedang turun",freelancer_desain,jawa_barat_lainnya,0,0,0,0,1,0,0,0,0,1,1,0,1,0,0,0,0,0,0,0,1,1,0,0,1,1,0,0,1,0
39,Gojek,0,55,6,10,810000,220000,425000,425000,4,Akhir pekan / Sabtu-Minggu,"Jumlah pesanan atau project yang masuk, Cuaca, Jam saya bekerja",4,Pengingat kalau penghasilan sedang turun,ojek_online,jawa_timur,1,0,0,0,0,0,0,0,0,0,0,1,0,0,0,0,0,0,0,1,1,1,0,0,0,1,0,0,0,0
21,"Projects.co.id, Instagram / TikTok / YouTube",0,22,6,5,400000,360000,420000,450000,4,"Akhir bulan / tanggal gajian, Awal bulan","Jumlah pesanan atau project yang masuk, Rating atau ulasan pelanggan",3,"Saran menabung, Saran batas pengeluaran minggu ini, Ringkasan pemasukan dan pengeluaran",freelancer_desain,jawa_barat_lainnya,0,0,1,0,1,0,0,0,0,0,1,0,1,0,0,0,0,0,0,0,0,1,0,1,0,0,0,1,1,1
32,Gojek,2,24,7,7,1336200,900000,1325000,1342800,0,"Saat ada promo dari aplikasi, Saat cuaca bagus",Jumlah pesanan atau project yang masuk,3,"Saran batas pengeluaran minggu ini, Saran menabung",ojek_online,jabodetabek,1,0,0,0,0,0,0,0,0,0,0,0,0,0,0,1,1,0,0,0,0,1,0,0,0,0,0,0,1,1
24,"WhatsApp / kenalan / pelanggan langsung, Instagram / TikTok / YouTube",1,15,3,5,350000,300000,380000,330000,3,Awal bulan,"Jumlah pesanan atau project yang masuk, Jam saya bekerja, Kondisi fisik / capek / sakit",4,"Pengingat kalau penghasilan sedang turun, Saran menabung, Saran batas pengeluaran minggu ini",tutor,jabodetabek,0,0,1,0,0,0,0,0,0,1,0,0,1,0,0,0,0,0,0,0,1,1,1,0,0,1,0,0,1,1
38,"Instagram / TikTok / YouTube, WhatsApp / kenalan / pelanggan langsung, Shopee / Tokopedia / TikTok Shop",1,29,7,4,630000,750000,680000,710000,2,"Akhir bulan / tanggal gajian, Harbolnas / flash sale online / tanggal kembar","Jumlah pesanan atau project yang masuk, Akhir pekan atau hari libur",5,Pengingat kalau penghasilan sedang turun,jualan_online,jabodetabek,0,0,1,0,0,1,0,0,0,1,1,0,0,1,0,0,0,0,1,0,0,1,0,0,0,1,0,0,0,0
44,"Gojek, Grab",1,13,6,9,810000,925000,750000,870000,0,"Saat cuaca bagus, Akhir pekan / Sabtu-Minggu","Jumlah pesanan atau project yang masuk, Jam saya bekerja",4,"Ringkasan pemasukan dan pengeluaran, Saran batas pengeluaran minggu ini, Pengingat kalau penghasilan sedang turun",ojek_online,jabodetabek,1,1,0,0,0,0,0,0,0,0,0,1,0,0,0,0,1,0,0,0,1,1,0,0,0,1,0,1,1,0
34,"Grab, Maxim",2,7,5,10,920000,800000,880000,780000,4,"Saat ada promo dari aplikasi, Akhir pekan / Sabtu-Minggu, Awal bulan",Jumlah pesanan atau project yang masuk,5,"Ringkasan pemasukan dan pengeluaran, Saran menabung",ojek_online,jabodetabek,0,1,0,1,0,0,0,0,0,0,0,1,1,0,0,1,0,0,0,0,0,1,0,0,0,0,0,1,0,1
21,"Upwork, WhatsApp / kenalan / pelanggan langsung",0,24,4,5,420000,570000,140000,120000,2,"Akhir bulan / tanggal gajian, Awal bulan","Jumlah pesanan atau project yang masuk, Tanggal gajian / akhir bulan, Jam saya bekerja",4,"Saran batas pengeluaran minggu ini, Pengingat kalau penghasilan sedang turun, Perkiraan penghasilan minggu depan",freelancer_it,bandung,0,0,0,0,0,0,0,1,0,1,1,0,1,0,0,0,0,0,0,0,1,1,0,0,1,1,1,0,1,0
24,WhatsApp / kenalan / pelanggan langsung,0,31,4,4,850000,410000,860000,300000,1,"Awal bulan, Akhir bulan / tanggal gajian","Jumlah pesanan atau project yang masuk, Rating atau ulasan pelanggan, Tanggal gajian / akhir bulan",4,"Pengingat kalau penghasilan sedang turun, Perkiraan penghasilan minggu depan",freelancer_it,jawa_tengah,0,0,0,0,0,0,0,0,0,1,1,0,1,0,0,0,0,0,0,0,0,1,0,1,1,1,1,0,0,0
22,"Instagram / TikTok / YouTube, Projects.co.id",2,78,4,4,380000,575000,290000,560000,2,"Akhir bulan / tanggal gajian, Awal bulan, Akhir pekan / Sabtu-Minggu","Jumlah pesanan atau project yang masuk, Rating atau ulasan pelanggan",3,"Pengingat kalau penghasilan sedang turun, Ringkasan pemasukan dan pengeluaran, Saran batas pengeluaran minggu ini",freelancer_desain,bandung,0,0,1,0,1,0,0,0,0,0,1,1,1,0,0,0,0,0,0,0,0,1,0,1,0,1,0,1,1,0
26,Instagram / TikTok / YouTube,0,29,2,5,355000,325000,380000,350000,0,"Akhir pekan / Sabtu-Minggu, Awal bulan","Jumlah pesanan atau project yang masuk, Jam saya bekerja, Tanggal gajian / akhir bulan",3,"Saran batas pengeluaran minggu ini, Saran menabung",tutor,jabodetabek,0,0,1,0,0,0,0,0,0,0,0,1,1,0,0,0,0,0,0,0,1,1,0,0,1,0,0,0,1,1
29,"Upwork, WhatsApp / kenalan / pelanggan langsung",0,35,4,5,115000,90000,10000,200000,4,"Akhir bulan / tanggal gajian, Awal bulan, Ramadan / menjelang Lebaran","Jumlah pesanan atau project yang masuk, Rating atau ulasan pelanggan, Jam saya bekerja",3,Pengingat kalau penghasilan sedang turun,freelancer_it,jawa_tengah,0,0,0,0,0,0,0,1,0,1,1,0,1,0,1,0,0,0,0,0,1,1,0,1,0,1,0,0,0,0
37,"Instagram / TikTok / YouTube, Shopee / Tokopedia / TikTok Shop, WhatsApp / kenalan / pelanggan langsung",1,18,7,4,350000,525000,575000,415000,3,Akhir bulan / tanggal gajian,"Jumlah pesanan atau project yang masuk, Tanggal gajian / akhir bulan",5,Saran menabung,jualan_online,bali,0,0,1,0,0,1,0,0,0,1,1,0,0,0,0,0,0,0,0,0,0,1,0,0,1,0,0,0,0,1
19,Instagram / TikTok / YouTube,1,15,5,4,150000,270000,100000,295000,4,"Awal bulan, Akhir pekan / Sabtu-Minggu, Akhir bulan / tanggal gajian","Jumlah pesanan atau project yang masuk, Jam saya bekerja",5,"Saran batas pengeluaran minggu ini, Saran menabung, Perkiraan penghasilan minggu depan",tutor,bandung,0,0,1,0,0,0,0,0,0,0,1,1,1,0,0,0,0,0,0,0,1,1,0,0,0,0,1,0,1,1
27,WhatsApp / kenalan / pelanggan langsung,0,28,5,6,250000,300000,235000,275000,3,"Akhir pekan / Sabtu-Minggu, Ramadan / menjelang Lebaran","Jumlah pesanan atau project yang masuk, Akhir pekan atau hari libur, Jam saya bekerja",5,"Ringkasan pemasukan dan pengeluaran, Saran menabung, Perkiraan penghasilan minggu depan",pekerja_harian,bandung,0,0,0,0,0,0,0,0,0,1,0,1,0,0,1,0,0,0,1,0,1,1,0,0,0,0,1,1,0,1
30,Grab,2,22,6,8,680000,800000,665000,580000,2,"Awal bulan, Harbolnas / flash sale online / tanggal kembar","Jumlah pesanan atau project yang masuk, Jam saya bekerja, Ada atau tidaknya promo dari aplikasi",4,"Saran menabung, Ringkasan pemasukan dan pengeluaran",kurir,kalimantan,0,1,0,0,0,0,0,0,0,0,0,0,1,1,0,0,0,1,0,0,1,1,0,0,0,0,0,1,0,1
33,"Upwork, WhatsApp / kenalan / pelanggan langsung",0,14,4,7,230000,225000,290000,245000,1,"Awal bulan, Akhir bulan / tanggal gajian","Jumlah pesanan atau project yang masuk, Tanggal gajian / akhir bulan, Rating atau ulasan pelanggan",2,Ringkasan pemasukan dan pengeluaran,freelancer_it,jabodetabek,0,0,0,0,0,0,0,1,0,1,1,0,1,0,0,0,0,0,0,0,0,1,0,1,1,0,0,1,0,0
17,"WhatsApp / kenalan / pelanggan langsung, Website freelance seperti Fiverr",1,17,5,3,590000,560000,550000,540000,4,"Akhir bulan / tanggal gajian, Awal bulan, Akhir pekan / Sabtu-Minggu","Jumlah pesanan atau project yang masuk, Rating atau ulasan pelanggan",3,Saran menabung,freelancer_desain,sulawesi,0,0,0,0,0,0,0,0,1,1,1,1,1,0,0,0,0,0,0,0,0,1,0,1,0,0,0,0,0,1
47,"Gojek, Maxim",2,14,7,8,815000,1273200,905000,1342800,1,"Awal bulan, Saat cuaca bagus, Ramadan / menjelang Lebaran",Jumlah pesanan atau project yang masuk,4,"Ringkasan pemasukan dan pengeluaran, Pengingat kalau penghasilan sedang turun, Perkiraan penghasilan minggu depan",ojek_online,jabodetabek,1,0,0,1,0,0,0,0,0,0,0,0,1,0,1,0,1,0,0,0,0,1,0,0,0,1,1,1,0,0
23,Instagram / TikTok / YouTube,0,5,6,2,360000,800000,790000,6800,0,Akhir pekan / Sabtu-Minggu,"Jumlah pesanan atau project yang masuk, Ada atau tidaknya promo dari aplikasi",3,"Ringkasan pemasukan dan pengeluaran, Pengingat kalau penghasilan sedang turun, Saran menabung",content_creator,bandung,0,0,1,0,0,0,0,0,0,0,0,1,0,0,0,0,0,1,0,0,0,1,0,0,0,1,0,1,0,1
24,WhatsApp / kenalan / pelanggan langsung,0,19,4,5,75000,16800,175000,170000,4,Ramadan / menjelang Lebaran,"Jumlah pesanan atau project yang masuk, Tanggal gajian / akhir bulan, Akhir pekan atau hari libur",5,"Saran menabung, Saran batas pengeluaran minggu ini, Pengingat kalau penghasilan sedang turun",content_creator,bali,0,0,0,0,0,0,0,0,0,1,0,0,0,0,1,0,0,0,1,0,0,1,0,0,1,1,0,0,1,1
28,"WhatsApp / kenalan / pelanggan langsung, Instagram / TikTok / YouTube",0,34,4,5,190000,340000,540000,440000,3,"Akhir pekan / Sabtu-Minggu, Awal bulan, Akhir bulan / tanggal gajian","Jumlah pesanan atau project yang masuk, Kondisi fisik / capek / sakit, Tanggal gajian / akhir bulan",5,"Pengingat kalau penghasilan sedang turun, Saran batas pengeluaran minggu ini",tutor,jabodetabek,0,0,1,0,0,0,0,0,0,1,1,1,1,0,0,0,0,0,0,0,0,1,1,0,1,1,0,0,1,0
41,"Grab, Maxim",0,27,7,6,230000,350000,265000,255000,2,Akhir pekan / Sabtu-Minggu,Jumlah pesanan atau project yang masuk,4,Saran menabung,ojek_online,jawa_tengah,0,1,0,1,0,0,0,0,0,0,0,1,0,0,0,0,0,0,0,0,0,1,0,0,0,0,0,0,0,1
25,WhatsApp / kenalan / pelanggan langsung,2,59,5,7,850000,730000,900000,875000,3,Akhir pekan / Sabtu-Minggu,Jumlah pesanan atau project yang masuk,5,"Saran menabung, Saran batas pengeluaran minggu ini, Perkiraan penghasilan minggu depan",pekerja_harian,jabodetabek,0,0,0,0,0,0,0,0,0,1,0,1,0,0,0,0,0,0,0,0,0,1,0,0,0,0,1,0,1,1
21,"Instagram / TikTok / YouTube, Shopee / Tokopedia / TikTok Shop, WhatsApp / kenalan / pelanggan langsung",2,10,4,8,150000,130000,235000,160000,0,Harbolnas / flash sale online / tanggal kembar,"Jumlah pesanan atau project yang masuk, Tanggal gajian / akhir bulan, Ada atau tidaknya promo dari aplikasi",5,Pengingat kalau penghasilan sedang turun,jualan_online,kalimantan,0,0,1,0,0,1,0,0,0,1,0,0,0,1,0,0,0,1,0,0,0,1,0,0,1,1,0,0,0,0
31,Grab,2,5,7,7,520000,725000,560000,675000,0,Akhir pekan / Sabtu-Minggu,"Jumlah pesanan atau project yang masuk, Jam saya bekerja",1,"Saran menabung, Pengingat kalau penghasilan sedang turun",ojek_online,jawa_timur,0,1,0,0,0,0,0,0,0,0,0,1,0,0,0,0,0,0,0,0,1,1,0,0,0,1,0,0,0,1
26,WhatsApp / kenalan / pelanggan langsung,1,14,5,9,425000,580000,360000,350000,2,"Ramadan / menjelang Lebaran, Awal bulan","Jumlah pesanan atau project yang masuk, Kondisi fisik / capek / sakit, Jam saya bekerja",5,"Saran menabung, Pengingat kalau penghasilan sedang turun, Perkiraan penghasilan minggu depan",pekerja_harian,jabodetabek,0,0,0,0,0,0,0,0,0,1,0,0,1,0,1,0,0,0,0,0,1,1,1,0,0,1,1,0,0,1
35,"Gojek, ShopeeFood",2,55,7,11,820000,625000,1290000,605000,3,Awal bulan,Jumlah pesanan atau project yang masuk,5,"Ringkasan pemasukan dan pengeluaran, Perkiraan penghasilan minggu depan",kurir,jawa_tengah,1,0,0,0,0,0,1,0,0,0,0,0,1,0,0,0,0,0,0,0,0,1,0,0,0,0,1,1,0,0
42,"Grab, Maxim",2,51,5,9,970000,1170000,1075000,1060000,0,"Awal bulan, Ramadan / menjelang Lebaran","Jumlah pesanan atau project yang masuk, Ada atau tidaknya promo dari aplikasi, Jam saya bekerja",4,"Ringkasan pemasukan dan pengeluaran, Saran menabung",ojek_online,bali,0,1,0,1,0,0,0,0,0,0,0,0,1,0,1,0,0,1,0,0,1,1,0,0,0,0,0,1,0,1
32,Gojek,2,27,7,8,500000,510000,550000,565000,4,Saat cuaca bagus,"Jumlah pesanan atau project yang masuk, Jam saya bekerja",5,"Pengingat kalau penghasilan sedang turun, Ringkasan pemasukan dan pengeluaran",ojek_online,jabodetabek,1,0,0,0,0,0,0,0,0,0,0,0,0,0,0,0,1,0,0,0,1,1,0,0,0,1,0,1,0,0
27,WhatsApp / kenalan / pelanggan langsung,1,17,3,6,340000,170000,200000,340000,1,"Akhir pekan / Sabtu-Minggu, Ramadan / menjelang Lebaran",Jumlah pesanan atau project yang masuk,3,"Saran batas pengeluaran minggu ini, Pengingat kalau penghasilan sedang turun, Ringkasan pemasukan dan pengeluaran",pekerja_harian,jabodetabek,0,0,0,0,0,0,0,0,0,1,0,1,0,0,1,0,0,0,0,0,0,1,0,0,0,1,0,1,1,0
29,WhatsApp / kenalan / pelanggan langsung,2,9,6,9,280000,250000,275000,275000,1,"Awal bulan, Akhir pekan / Sabtu-Minggu",Jumlah pesanan atau project yang masuk,5,"Ringkasan pemasukan dan pengeluaran, Saran menabung, Saran batas pengeluaran minggu ini",pekerja_harian,sulawesi,0,0,0,0,0,0,0,0,0,1,0,1,1,0,0,0,0,0,0,0,0,1,0,0,0,0,0,1,1,1
19,WhatsApp / kenalan / pelanggan langsung,2,6,3,6,600000,975000,950000,700000,2,"Akhir bulan / tanggal gajian, Awal bulan","Jumlah pesanan atau project yang masuk, Rating atau ulasan pelanggan",4,"Pengingat kalau penghasilan sedang turun, Saran batas pengeluaran minggu ini",freelancer_desain,jawa_tengah,0,0,0,0,0,0,0,0,0,1,1,0,1,0,0,0,0,0,0,0,0,1,0,1,0,1,0,0,1,0
17,Instagram / TikTok / YouTube,1,47,4,4,155000,16800,10000,10000,2,Ramadan / menjelang Lebaran,"Jumlah pesanan atau project yang masuk, Tanggal gajian / akhir bulan, Akhir pekan atau hari libur",4,"Pengingat kalau penghasilan sedang turun, Saran menabung, Perkiraan penghasilan minggu depan",content_creator,jawa_tengah,0,0,1,0,0,0,0,0,0,0,0,0,0,0,1,0,0,0,1,0,0,1,0,0,1,1,1,0,0,1
41,WhatsApp / kenalan / pelanggan langsung,0,53,3,7,320000,350000,180000,6800,4,"Awal bulan, Ramadan / menjelang Lebaran, Akhir pekan / Sabtu-Minggu","Jumlah pesanan atau project yang masuk, Jam saya bekerja, Kondisi fisik / capek / sakit",5,"Saran batas pengeluaran minggu ini, Ringkasan pemasukan dan pengeluaran, Perkiraan penghasilan minggu depan",pekerja_harian,bandung,0,0,0,0,0,0,0,0,0,1,0,1,1,0,1,0,0,0,0,0,1,1,1,0,0,0,1,1,1,0
17,"WhatsApp / kenalan / pelanggan langsung, Projects.co.id",1,8,5,6,525000,830000,750000,525000,2,"Awal bulan, Akhir bulan / tanggal gajian","Jumlah pesanan atau project yang masuk, Rating atau ulasan pelanggan, Jam saya bekerja",3,"Pengingat kalau penghasilan sedang turun, Saran menabung, Ringkasan pemasukan dan pengeluaran",freelancer_it,jabodetabek,0,0,0,0,1,0,0,0,0,1,1,0,1,0,0,0,0,0,0,0,1,1,0,1,0,1,0,1,0,1
18,"WhatsApp / kenalan / pelanggan langsung, Instagram / TikTok / YouTube, Shopee / Tokopedia / TikTok Shop",1,10,6,8,740000,580000,725000,675000,1,"Harbolnas / flash sale online / tanggal kembar, Ramadan / menjelang Lebaran, Akhir bulan / tanggal gajian","Jumlah pesanan atau project yang masuk, Ada atau tidaknya promo dari aplikasi, Tanggal gajian / akhir bulan",3,Saran menabung,jualan_online,jabodetabek,0,0,1,0,0,1,0,0,0,1,1,0,0,1,1,0,0,1,0,0,0,1,0,0,1,0,0,0,0,1
21,"Projects.co.id, Instagram / TikTok / YouTube",0,15,6,3,200000,190000,175000,170000,1,"Awal bulan, Akhir bulan / tanggal gajian","Jumlah pesanan atau project yang masuk, Jam saya bekerja",3,Pengingat kalau penghasilan sedang turun,freelancer_desain,jawa_barat_lainnya,0,0,1,0,1,0,0,0,0,0,1,0,1,0,0,0,0,0,0,0,1,1,0,0,0,1,0,0,0,0
21,"ShopeeFood, Grab",2,2,5,8,800000,795000,820000,925000,4,"Saat ada promo dari aplikasi, Akhir pekan / Sabtu-Minggu","Jumlah pesanan atau project yang masuk, Ada atau tidaknya promo dari aplikasi",4,Ringkasan pemasukan dan pengeluaran,kurir,jawa_tengah,0,1,0,0,0,0,1,0,0,0,0,1,0,0,0,1,0,1,0,0,0,1,0,0,0,0,0,1,0,0
20,"Instagram / TikTok / YouTube, WhatsApp / kenalan / pelanggan langsung",0,13,4,4,520000,365000,410000,245000,1,Akhir pekan / Sabtu-Minggu,Jumlah pesanan atau project yang masuk,2,Pengingat kalau penghasilan sedang turun,content_creator,jabodetabek,0,0,1,0,0,0,0,0,0,1,0,1,0,0,0,0,0,0,0,0,0,1,0,0,0,1,0,0,0,0
30,ShopeeFood,2,23,7,10,420000,1240000,565000,1240000,4,Saat ada promo dari aplikasi,Jumlah pesanan atau project yang masuk,5,"Saran batas pengeluaran minggu ini, Ringkasan pemasukan dan pengeluaran",kurir,jabodetabek,0,0,0,0,0,0,1,0,0,0,0,0,0,0,0,1,0,0,0,0,0,1,0,0,0,0,0,1,1,0
19,Instagram / TikTok / YouTube,2,36,5,5,850000,740000,795000,640000,1,"Akhir bulan / tanggal gajian, Awal bulan, Ramadan / menjelang Lebaran","Jumlah pesanan atau project yang masuk, Jam saya bekerja",5,"Pengingat kalau penghasilan sedang turun, Ringkasan pemasukan dan pengeluaran, Perkiraan penghasilan minggu depan",freelancer_desain,bandung,0,0,1,0,0,0,0,0,0,0,1,0,1,0,1,0,0,0,0,0,1,1,0,0,0,1,1,1,0,0
35,WhatsApp / kenalan / pelanggan langsung,1,8,3,8,250000,16800,360000,275000,3,"Ramadan / menjelang Lebaran, Awal bulan","Jumlah pesanan atau project yang masuk, Kondisi fisik / capek / sakit",4,"Saran menabung, Ringkasan pemasukan dan pengeluaran",pekerja_harian,bali,0,0,0,0,0,0,0,0,0,1,0,0,1,0,1,0,0,0,0,0,0,1,1,0,0,0,0,1,0,1
26,WhatsApp / kenalan / pelanggan langsung,1,72,7,6,1110000,300000,545000,440000,1,Ramadan / menjelang Lebaran,"Jumlah pesanan atau project yang masuk, Akhir pekan atau hari libur, Ada atau tidaknya promo dari aplikasi",3,"Saran menabung, Ringkasan pemasukan dan pengeluaran",jualan_online,jawa_tengah,0,0,0,0,0,0,0,0,0,1,0,0,0,0,1,0,0,1,1,0,0,1,0,0,0,0,0,1,0,1
29,"WhatsApp / kenalan / pelanggan langsung, Instagram / TikTok / YouTube",2,19,4,5,435000,575000,1350000,1342800,4,"Awal bulan, Akhir bulan / tanggal gajian, Ramadan / menjelang Lebaran",Jumlah pesanan atau project yang masuk,4,"Saran batas pengeluaran minggu ini, Pengingat kalau penghasilan sedang turun, Perkiraan penghasilan minggu depan",freelancer_desain,jabodetabek,0,0,1,0,0,0,0,0,0,1,1,0,1,0,1,0,0,0,0,0,0,1,0,0,0,1,1,0,1,0
28,"Projects.co.id, Website freelance seperti Fiverr",1,13,4,9,500000,525000,490000,490000,3,"Awal bulan, Akhir bulan / tanggal gajian","Jumlah pesanan atau project yang masuk, Rating atau ulasan pelanggan, Jam saya bekerja",4,Saran menabung,freelancer_it,jabodetabek,0,0,0,0,1,0,0,0,1,0,1,0,1,0,0,0,0,0,0,0,1,1,0,1,0,0,0,0,0,1
25,WhatsApp / kenalan / pelanggan langsung,1,18,4,4,175000,170000,170000,175000,0,"Harbolnas / flash sale online / tanggal kembar, Akhir pekan / Sabtu-Minggu",Jumlah pesanan atau project yang masuk,2,"Saran batas pengeluaran minggu ini, Pengingat kalau penghasilan sedang turun",content_creator,jawa_barat_lainnya,0,0,0,0,0,0,0,0,0,1,0,1,0,1,0,0,0,0,0,0,0,1,0,0,0,1,0,0,1,0
40,Gojek,2,31,7,8,900000,940000,930000,910000,1,"Ramadan / menjelang Lebaran, Saat ada promo dari aplikasi","Jumlah pesanan atau project yang masuk, Jam saya bekerja, Rating atau ulasan pelanggan",5,"Saran menabung, Ringkasan pemasukan dan pengeluaran, Perkiraan penghasilan minggu depan",ojek_online,jabodetabek,1,0,0,0,0,0,0,0,0,0,0,0,0,0,1,1,0,0,0,0,1,1,0,1,0,0,1,1,0,1
31,Grab,1,22,6,8,640000,755000,635000,600000,0,"Awal bulan, Saat ada promo dari aplikasi","Jumlah pesanan atau project yang masuk, Ada atau tidaknya promo dari aplikasi, Cuaca",1,"Pengingat kalau penghasilan sedang turun, Ringkasan pemasukan dan pengeluaran, Saran menabung",kurir,bandung,0,1,0,0,0,0,0,0,0,0,0,0,1,0,0,1,0,1,0,1,0,1,0,0,0,1,0,1,0,1
39,WhatsApp / kenalan / pelanggan langsung,2,21,7,7,575000,410000,570000,1240000,1,"Awal bulan, Ramadan / menjelang Lebaran, Akhir pekan / Sabtu-Minggu","Jumlah pesanan atau project yang masuk, Jam saya bekerja",4,"Ringkasan pemasukan dan pengeluaran, Pengingat kalau penghasilan sedang turun, Perkiraan penghasilan minggu depan",pekerja_harian,kalimantan,0,0,0,0,0,0,0,0,0,1,0,1,1,0,1,0,0,0,0,0,1,1,0,0,0,1,1,1,0,0
20,"WhatsApp / kenalan / pelanggan langsung, Shopee / Tokopedia / TikTok Shop, Instagram / TikTok / YouTube",1,30,7,4,825000,685000,670000,650000,1,Harbolnas / flash sale online / tanggal kembar,Jumlah pesanan atau project yang masuk,5,"Saran batas pengeluaran minggu ini, Pengingat kalau penghasilan sedang turun",jualan_online,jabodetabek,0,0,1,0,0,1,0,0,0,1,0,0,0,1,0,0,0,0,0,0,0,1,0,0,0,1,0,0,1,0
25,WhatsApp / kenalan / pelanggan langsung,1,58,5,8,520000,830000,525000,1025000,4,Awal bulan,Jumlah pesanan atau project yang masuk,2,"Pengingat kalau penghasilan sedang turun, Ringkasan pemasukan dan pengeluaran",freelancer_desain,jawa_timur,0,0,0,0,0,0,0,0,0,1,0,0,1,0,0,0,0,0,0,0,0,1,0,0,0,1,0,1,0,0
21,"Instagram / TikTok / YouTube, Shopee / Tokopedia / TikTok Shop",0,31,5,2,18400,390000,405000,325000,4,"Akhir pekan / Sabtu-Minggu, Harbolnas / flash sale online / tanggal kembar",Jumlah pesanan atau project yang masuk,2,Saran batas pengeluaran minggu ini,content_creator,jawa_timur,0,0,1,0,0,1,0,0,0,0,0,1,0,1,0,0,0,0,0,0,0,1,0,0,0,0,0,0,1,0
27,"WhatsApp / kenalan / pelanggan langsung, Instagram / TikTok / YouTube",0,13,4,4,300000,275000,255000,250000,1,"Awal bulan, Akhir pekan / Sabtu-Minggu, Akhir bulan / tanggal gajian","Jumlah pesanan atau project yang masuk, Kondisi fisik / capek / sakit",5,Pengingat kalau penghasilan sedang turun,tutor,bali,0,0,1,0,0,0,0,0,0,1,1,1,1,0,0,0,0,0,0,0,0,1,1,0,0,1,0,0,0,0
32,"Gojek, Grab",2,2,7,9,680000,410000,805000,550000,3,Ramadan / menjelang Lebaran,"Jumlah pesanan atau project yang masuk, Cuaca",4,"Saran menabung, Perkiraan penghasilan minggu depan",ojek_online,jabodetabek,1,1,0,0,0,0,0,0,0,0,0,0,0,0,1,0,0,0,0,1,0,1,0,0,0,0,1,0,0,1
44,WhatsApp / kenalan / pelanggan langsung,2,25,7,7,295000,210000,350000,300000,1,"Akhir pekan / Sabtu-Minggu, Ramadan / menjelang Lebaran, Awal bulan","Jumlah pesanan atau project yang masuk, Kondisi fisik / capek / sakit, Akhir pekan atau hari libur",3,"Ringkasan pemasukan dan pengeluaran, Saran menabung",pekerja_harian,jawa_tengah,0,0,0,0,0,0,0,0,0,1,0,1,1,0,1,0,0,0,1,0,0,1,1,0,0,0,0,1,0,1
25,ShopeeFood,2,5,6,7,600000,610000,700000,280000,4,Saat ada promo dari aplikasi,"Jumlah pesanan atau project yang masuk, Cuaca",3,"Pengingat kalau penghasilan sedang turun, Saran batas pengeluaran minggu ini",kurir,sumatera,0,0,0,0,0,0,1,0,0,0,0,0,0,0,0,1,0,0,0,1,0,1,0,0,0,1,0,0,1,0
28,"Instagram / TikTok / YouTube, WhatsApp / kenalan / pelanggan langsung",1,16,5,3,400000,450000,340000,375000,4,Harbolnas / flash sale online / tanggal kembar,"Jumlah pesanan atau project yang masuk, Akhir pekan atau hari libur",1,"Saran menabung, Pengingat kalau penghasilan sedang turun, Ringkasan pemasukan dan pengeluaran",content_creator,jawa_barat_lainnya,0,0,1,0,0,0,0,0,0,1,0,0,0,1,0,0,0,0,1,0,0,1,0,0,0,1,0,1,0,1
28,Website freelance seperti Fiverr,1,19,5,8,530000,675000,525000,1342800,4,"Akhir bulan / tanggal gajian, Awal bulan",Jumlah pesanan atau project yang masuk,5,"Pengingat kalau penghasilan sedang turun, Ringkasan pemasukan dan pengeluaran, Saran menabung",freelancer_it,jawa_timur,0,0,0,0,0,0,0,0,1,0,1,0,1,0,0,0,0,0,0,0,0,1,0,0,0,1,0,1,0,1
24,Instagram / TikTok / YouTube,1,42,3,2,325000,820000,825000,400000,4,Akhir pekan / Sabtu-Minggu,"Jumlah pesanan atau project yang masuk, Jam saya bekerja, Tanggal gajian / akhir bulan",4,"Saran batas pengeluaran minggu ini, Pengingat kalau penghasilan sedang turun, Ringkasan pemasukan dan pengeluaran",tutor,jabodetabek,0,0,1,0,0,0,0,0,0,0,0,1,0,0,0,0,0,0,0,0,1,1,0,0,1,1,0,1,1,0
26,"Instagram / TikTok / YouTube, Shopee / Tokopedia / TikTok Shop, WhatsApp / kenalan / pelanggan langsung",0,42,5,4,60000,60000,75000,6800,4,"Saat ada promo dari aplikasi, Ramadan / menjelang Lebaran","Jumlah pesanan atau project yang masuk, Ada atau tidaknya promo dari aplikasi, Tanggal gajian / akhir bulan",5,"Saran batas pengeluaran minggu ini, Ringkasan pemasukan dan pengeluaran, Perkiraan penghasilan minggu depan",jualan_online,jawa_barat_lainnya,0,0,1,0,0,1,0,0,0,1,0,0,0,0,1,1,0,1,0,0,0,1,0,0,1,0,1,1,1,0
34,Grab,2,1,5,11,930000,660000,710000,450000,2,Ramadan / menjelang Lebaran,"Jumlah pesanan atau project yang masuk, Ada atau tidaknya promo dari aplikasi, Jam saya bekerja",5,Ringkasan pemasukan dan pengeluaran,ojek_online,jawa_timur,0,1,0,0,0,0,0,0,0,0,0,0,0,0,1,0,0,1,0,0,1,1,0,0,0,0,0,1,0,0
26,"Website freelance seperti Fiverr, Upwork",1,56,4,6,1270000,1075000,790000,375000,1,"Akhir bulan / tanggal gajian, Awal bulan, Ramadan / menjelang Lebaran","Jumlah pesanan atau project yang masuk, Rating atau ulasan pelanggan",5,Ringkasan pemasukan dan pengeluaran,freelancer_it,bali,0,0,0,0,0,0,0,1,1,0,1,0,1,0,1,0,0,0,0,0,0,1,0,1,0,0,0,1,0,0
24,"Projects.co.id, WhatsApp / kenalan / pelanggan langsung",0,36,5,6,420000,360000,450000,6800,0,"Akhir bulan / tanggal gajian, Awal bulan","Jumlah pesanan atau project yang masuk, Jam saya bekerja, Tanggal gajian / akhir bulan",5,"Saran batas pengeluaran minggu ini, Saran menabung",freelancer_desain,bandung,0,0,0,0,1,0,0,0,0,1,1,0,1,0,0,0,0,0,0,0,1,1,0,0,1,0,0,0,1,1
22,WhatsApp / kenalan / pelanggan langsung,2,6,5,8,725000,550000,740000,725000,1,"Ramadan / menjelang Lebaran, Awal bulan","Jumlah pesanan atau project yang masuk, Akhir pekan atau hari libur",5,"Ringkasan pemasukan dan pengeluaran, Saran menabung",pekerja_harian,jawa_barat_lainnya,0,0,0,0,0,0,0,0,0,1,0,0,1,0,1,0,0,0,1,0,0,1,0,0,0,0,0,1,0,1
26,WhatsApp / kenalan / pelanggan langsung,1,2,5,9,220000,675000,300000,225000,2,Ramadan / menjelang Lebaran,"Jumlah pesanan atau project yang masuk, Jam saya bekerja",4,"Pengingat kalau penghasilan sedang turun, Saran batas pengeluaran minggu ini, Perkiraan penghasilan minggu depan",pekerja_harian,bandung,0,0,0,0,0,0,0,0,0,1,0,0,0,0,1,0,0,0,0,0,1,1,0,0,0,1,1,0,1,0
17,WhatsApp / kenalan / pelanggan langsung,2,33,6,10,425000,270000,920000,425000,0,"Ramadan / menjelang Lebaran, Awal bulan","Jumlah pesanan atau project yang masuk, Kondisi fisik / capek / sakit",5,"Saran menabung, Saran batas pengeluaran minggu ini",pekerja_harian,bali,0,0,0,0,0,0,0,0,0,1,0,0,1,0,1,0,0,0,0,0,0,1,1,0,0,0,0,0,1,1
17,Instagram / TikTok / YouTube,1,34,4,2,200000,350000,320000,500000,3,"Akhir pekan / Sabtu-Minggu, Awal bulan, Akhir bulan / tanggal gajian","Jumlah pesanan atau project yang masuk, Kondisi fisik / capek / sakit, Tanggal gajian / akhir bulan",2,"Pengingat kalau penghasilan sedang turun, Saran menabung, Ringkasan pemasukan dan pengeluaran",tutor,jawa_tengah,0,0,1,0,0,0,0,0,0,0,1,1,1,0,0,0,0,0,0,0,0,1,1,0,1,1,0,1,0,1
44,WhatsApp / kenalan / pelanggan langsung,2,44,6,8,225000,300000,230000,275000,4,"Ramadan / menjelang Lebaran, Awal bulan","Jumlah pesanan atau project yang masuk, Jam saya bekerja, Kondisi fisik / capek / sakit",4,"Ringkasan pemasukan dan pengeluaran, Saran batas pengeluaran minggu ini, Perkiraan penghasilan minggu depan",pekerja_harian,jabodetabek,0,0,0,0,0,0,0,0,0,1,0,0,1,0,1,0,0,0,0,0,1,1,1,0,0,0,1,1,1,0
26,"Instagram / TikTok / YouTube, Shopee / Tokopedia / TikTok Shop",2,63,5,6,220000,715000,175000,625000,2,"Harbolnas / flash sale online / tanggal kembar, Ramadan / menjelang Lebaran","Jumlah pesanan atau project yang masuk, Tanggal gajian / akhir bulan",5,"Ringkasan pemasukan dan pengeluaran, Saran batas pengeluaran minggu ini",jualan_online,sulawesi,0,0,1,0,0,1,0,0,0,0,0,0,0,1,1,0,0,0,0,0,0,1,0,0,1,0,0,1,1,0
25,Instagram / TikTok / YouTube,0,38,4,7,550000,140000,100000,540000,1,Saat ada promo dari aplikasi,Jumlah pesanan atau project yang masuk,3,"Pengingat kalau penghasilan sedang turun, Saran menabung, Saran batas pengeluaran minggu ini",jualan_online,bandung,0,0,1,0,0,0,0,0,0,0,0,0,0,0,0,1,0,0,0,0,0,1,0,0,0,1,0,0,1,1
17,"Upwork, Projects.co.id",0,21,4,4,1000000,700000,1180000,650000,3,"Awal bulan, Akhir bulan / tanggal gajian, Akhir pekan / Sabtu-Minggu",Jumlah pesanan atau project yang masuk,4,"Saran menabung, Perkiraan penghasilan minggu depan",freelancer_it,jabodetabek,0,0,0,0,1,0,0,1,0,0,1,1,1,0,0,0,0,0,0,0,0,1,0,0,0,0,1,0,0,1
17,WhatsApp / kenalan / pelanggan langsung,0,2,4,6,720000,200000,250000,240000,4,"Awal bulan, Ramadan / menjelang Lebaran","Jumlah pesanan atau project yang masuk, Akhir pekan atau hari libur",4,Saran menabung,pekerja_harian,jabodetabek,0,0,0,0,0,0,0,0,0,1,0,0,1,0,1,0,0,0,1,0,0,1,0,0,0,0,0,0,0,1
29,Grab,2,37,6,10,930000,830000,910000,825000,0,"Saat ada promo dari aplikasi, Awal bulan, Saat cuaca bagus","Jumlah pesanan atau project yang masuk, Jam saya bekerja",2,"Saran menabung, Saran batas pengeluaran minggu ini",ojek_online,sulawesi,0,1,0,0,0,0,0,0,0,0,0,0,1,0,0,1,1,0,0,0,1,1,0,0,0,0,0,0,1,1
33,"Shopee / Tokopedia / TikTok Shop, Instagram / TikTok / YouTube, WhatsApp / kenalan / pelanggan langsung",2,3,7,4,570000,440000,560000,370000,0,Akhir bulan / tanggal gajian,"Jumlah pesanan atau project yang masuk, Akhir pekan atau hari libur",4,"Ringkasan pemasukan dan pengeluaran, Pengingat kalau penghasilan sedang turun",jualan_online,jabodetabek,0,0,1,0,0,1,0,0,0,1,1,0,0,0,0,0,0,0,1,0,0,1,0,0,0,1,0,1,0,0
25,"Instagram / TikTok / YouTube, WhatsApp / kenalan / pelanggan langsung",1,39,6,6,400000,425000,435000,400000,3,"Saat ada promo dari aplikasi, Ramadan / menjelang Lebaran","Jumlah pesanan atau project yang masuk, Ada atau tidaknya promo dari aplikasi",5,"Pengingat kalau penghasilan sedang turun, Saran menabung, Perkiraan penghasilan minggu depan",jualan_online,bali,0,0,1,0,0,0,0,0,0,1,0,0,0,0,1,1,0,1,0,0,0,1,0,0,0,1,1,0,0,1
30,WhatsApp / kenalan / pelanggan langsung,0,4,6,4,325000,300000,315000,300000,1,"Akhir bulan / tanggal gajian, Harbolnas / flash sale online / tanggal kembar","Jumlah pesanan atau project yang masuk, Akhir pekan atau hari libur, Ada atau tidaknya promo dari aplikasi",3,"Saran batas pengeluaran minggu ini, Saran menabung, Ringkasan pemasukan dan pengeluaran",jualan_online,jabodetabek,0,0,0,0,0,0,0,0,0,1,1,0,0,1,0,0,0,1,1,0,0,1,0,0,0,0,0,1,1,1
19,WhatsApp / kenalan / pelanggan langsung,2,2,5,7,440000,470000,570000,330000,3,"Akhir pekan / Sabtu-Minggu, Awal bulan",Jumlah pesanan atau project yang masuk,3,"Saran menabung, Ringkasan pemasukan dan pengeluaran, Saran batas pengeluaran minggu ini",pekerja_harian,jabodetabek,0,0,0,0,0,0,0,0,0,1,0,1,1,0,0,0,0,0,0,0,0,1,0,0,0,0,0,1,1,1
25,"Shopee / Tokopedia / TikTok Shop, Instagram / TikTok / YouTube",0,5,5,3,450000,225000,275000,425000,1,"Akhir pekan / Sabtu-Minggu, Harbolnas / flash sale online / tanggal kembar, Ramadan / menjelang Lebaran","Jumlah pesanan atau project yang masuk, Tanggal gajian / akhir bulan",1,"Pengingat kalau penghasilan sedang turun, Ringkasan pemasukan dan pengeluaran",content_creator,jabodetabek,0,0,1,0,0,1,0,0,0,0,0,1,0,1,1,0,0,0,0,0,0,1,0,0,1,1,0,1,0,0
21,Website freelance seperti Fiverr,0,64,4,6,490000,455000,315000,930000,1,Akhir bulan / tanggal gajian,"Jumlah pesanan atau project yang masuk, Jam saya bekerja",5,"Saran batas pengeluaran minggu ini, Pengingat kalau penghasilan sedang turun",freelancer_desain,jawa_tengah,0,0,0,0,0,0,0,0,1,0,1,0,0,0,0,0,0,0,0,0,1,1,0,0,0,1,0,0,1,0
26,Upwork,1,4,4,7,580000,1273200,400000,1342800,4,"Akhir bulan / tanggal gajian, Awal bulan, Akhir pekan / Sabtu-Minggu",Jumlah pesanan atau project yang masuk,3,"Pengingat kalau penghasilan sedang turun, Ringkasan pemasukan dan pengeluaran",freelancer_it,jabodetabek,0,0,0,0,0,0,0,1,0,0,1,1,1,0,0,0,0,0,0,0,0,1,0,0,0,1,0,1,0,0
33,WhatsApp / kenalan / pelanggan langsung,1,20,6,7,360000,355000,325000,425000,4,"Ramadan / menjelang Lebaran, Akhir pekan / Sabtu-Minggu, Awal bulan","Jumlah pesanan atau project yang masuk, Akhir pekan atau hari libur, Jam saya bekerja",3,Ringkasan pemasukan dan pengeluaran,pekerja_harian,bandung,0,0,0,0,0,0,0,0,0,1,0,1,1,0,1,0,0,0,1,0,1,1,0,0,0,0,0,1,0,0
28,"Instagram / TikTok / YouTube, Website freelance seperti Fiverr",2,24,3,4,700000,650000,615000,625000,1,"Akhir bulan / tanggal gajian, Awal bulan","Jumlah pesanan atau project yang masuk, Tanggal gajian / akhir bulan, Jam saya bekerja",4,"Saran menabung, Ringkasan pemasukan dan pengeluaran, Perkiraan penghasilan minggu depan",freelancer_desain,jawa_barat_lainnya,0,0,1,0,0,0,0,0,1,0,1,0,1,0,0,0,0,0,0,0,1,1,0,0,1,0,1,1,0,1
31,Grab,2,45,7,10,325000,720000,490000,765000,4,"Awal bulan, Saat cuaca bagus",Jumlah pesanan atau project yang masuk,4,"Saran batas pengeluaran minggu ini, Saran menabung",ojek_online,jabodetabek,0,1,0,0,0,0,0,0,0,0,0,0,1,0,0,0,1,0,0,0,0,1,0,0,0,0,0,0,1,1
29,"Instagram / TikTok / YouTube, Shopee / Tokopedia / TikTok Shop",0,16,5,5,310000,330000,210000,250000,1,"Awal bulan, Harbolnas / flash sale online / tanggal kembar","Jumlah pesanan atau project yang masuk, Tanggal gajian / akhir bulan",5,"Ringkasan pemasukan dan pengeluaran, Perkiraan penghasilan minggu depan",jualan_online,jawa_timur,0,0,1,0,0,1,0,0,0,0,0,0,1,1,0,0,0,0,0,0,0,1,0,0,1,0,1,1,0,0
28,"WhatsApp / kenalan / pelanggan langsung, Projects.co.id",1,22,4,3,340000,310000,400000,170000,3,"Awal bulan, Akhir bulan / tanggal gajian","Jumlah pesanan atau project yang masuk, Jam saya bekerja",4,"Ringkasan pemasukan dan pengeluaran, Saran menabung, Pengingat kalau penghasilan sedang turun",freelancer_desain,jawa_timur,0,0,0,0,1,0,0,0,0,1,1,0,1,0,0,0,0,0,0,0,1,1,0,0,0,1,0,1,0,1
23,ShopeeFood,2,8,5,10,260000,250000,350000,590000,4,"Awal bulan, Akhir pekan / Sabtu-Minggu, Saat ada promo dari aplikasi","Jumlah pesanan atau project yang masuk, Ada atau tidaknya promo dari aplikasi",3,Saran batas pengeluaran minggu ini,kurir,sumatera,0,0,0,0,0,0,1,0,0,0,0,1,1,0,0,1,0,1,0,0,0,1,0,0,0,0,0,0,1,0
32,WhatsApp / kenalan / pelanggan langsung,1,14,5,6,310000,225000,270000,200000,1,Awal bulan,Jumlah pesanan atau project yang masuk,3,Saran menabung,pekerja_harian,sumatera,0,0,0,0,0,0,0,0,0,1,0,0,1,0,0,0,0,0,0,0,0,1,0,0,0,0,0,0,0,1
35,"Gojek, Maxim",2,45,6,8,1130000,805000,770000,925000,4,"Ramadan / menjelang Lebaran, Awal bulan","Jumlah pesanan atau project yang masuk, Jam saya bekerja",2,"Saran batas pengeluaran minggu ini, Pengingat kalau penghasilan sedang turun",ojek_online,jawa_timur,1,0,0,1,0,0,0,0,0,0,0,0,1,0,1,0,0,0,0,0,1,1,0,0,0,1,0,0,1,0
34,WhatsApp / kenalan / pelanggan langsung,2,78,6,10,670000,360000,475000,420000,1,"Akhir pekan / Sabtu-Minggu, Ramadan / menjelang Lebaran, Awal bulan","Jumlah pesanan atau project yang masuk, Kondisi fisik / capek / sakit, Jam saya bekerja",3,"Pengingat kalau penghasilan sedang turun, Saran batas pengeluaran minggu ini, Saran menabung",pekerja_harian,jabodetabek,0,0,0,0,0,0,0,0,0,1,0,1,1,0,1,0,0,0,0,0,1,1,1,0,0,1,0,0,1,1
21,Instagram / TikTok / YouTube,0,2,3,5,18400,225000,260000,275000,4,"Akhir pekan / Sabtu-Minggu, Awal bulan",Jumlah pesanan atau project yang masuk,5,"Ringkasan pemasukan dan pengeluaran, Saran batas pengeluaran minggu ini, Pengingat kalau penghasilan sedang turun",tutor,jabodetabek,0,0,1,0,0,0,0,0,0,0,0,1,1,0,0,0,0,0,0,0,0,1,0,0,0,1,0,1,1,0
30,WhatsApp / kenalan / pelanggan langsung,1,20,5,8,450000,450000,410000,380000,0,"Awal bulan, Akhir pekan / Sabtu-Minggu, Ramadan / menjelang Lebaran","Jumlah pesanan atau project yang masuk, Jam saya bekerja",5,"Saran menabung, Saran batas pengeluaran minggu ini",pekerja_harian,bali,0,0,0,0,0,0,0,0,0,1,0,1,1,0,1,0,0,0,0,0,1,1,0,0,0,0,0,0,1,1
27,WhatsApp / kenalan / pelanggan langsung,2,7,4,5,980000,375000,860000,300000,1,"Akhir bulan / tanggal gajian, Awal bulan, Ramadan / menjelang Lebaran","Jumlah pesanan atau project yang masuk, Jam saya bekerja",3,"Saran menabung, Pengingat kalau penghasilan sedang turun",freelancer_desain,kalimantan,0,0,0,0,0,0,0,0,0,1,1,0,1,0,1,0,0,0,0,0,1,1,0,0,0,1,0,0,0,1
22,"Website freelance seperti Fiverr, Upwork",1,17,6,5,275000,370000,500000,220000,4,"Awal bulan, Akhir bulan / tanggal gajian",Jumlah pesanan atau project yang masuk,5,"Saran batas pengeluaran minggu ini, Perkiraan penghasilan minggu depan",freelancer_it,jawa_barat_lainnya,0,0,0,0,0,0,0,1,1,0,1,0,1,0,0,0,0,0,0,0,0,1,0,0,0,0,1,0,1,0
45,Gojek,0,35,6,6,270000,200000,225000,250000,3,"Saat ada promo dari aplikasi, Saat cuaca bagus","Jumlah pesanan atau project yang masuk, Ada atau tidaknya promo dari aplikasi",4,"Saran menabung, Ringkasan pemasukan dan pengeluaran, Perkiraan penghasilan minggu depan",ojek_online,bali,1,0,0,0,0,0,0,0,0,0,0,0,0,0,0,1,1,1,0,0,0,1,0,0,0,0,1,1,0,1
31,Projects.co.id,2,1,5,9,790000,875000,825000,775000,4,"Awal bulan, Akhir bulan / tanggal gajian","Jumlah pesanan atau project yang masuk, Jam saya bekerja",3,"Saran batas pengeluaran minggu ini, Saran menabung, Pengingat kalau penghasilan sedang turun",freelancer_it,jawa_timur,0,0,0,0,1,0,0,0,0,0,1,0,1,0,0,0,0,0,0,0,1,1,0,0,0,1,0,0,1,1
25,WhatsApp / kenalan / pelanggan langsung,2,81,6,7,925000,870000,870000,775000,1,"Awal bulan, Ramadan / menjelang Lebaran","Jumlah pesanan atau project yang masuk, Akhir pekan atau hari libur",4,"Ringkasan pemasukan dan pengeluaran, Pengingat kalau penghasilan sedang turun, Saran menabung",pekerja_harian,jabodetabek,0,0,0,0,0,0,0,0,0,1,0,0,1,0,1,0,0,0,1,0,0,1,0,0,0,1,0,1,0,1
21,"Gojek, ShopeeFood",2,20,6,9,875000,830000,800000,950000,4,"Akhir pekan / Sabtu-Minggu, Harbolnas / flash sale online / tanggal kembar","Jumlah pesanan atau project yang masuk, Jam saya bekerja",5,"Ringkasan pemasukan dan pengeluaran, Perkiraan penghasilan minggu depan",kurir,bandung,1,0,0,0,0,0,1,0,0,0,0,1,0,1,0,0,0,0,0,0,1,1,0,0,0,0,1,1,0,0
21,WhatsApp / kenalan / pelanggan langsung,0,9,3,4,175000,325000,270000,6800,0,"Akhir pekan / Sabtu-Minggu, Awal bulan",Jumlah pesanan atau project yang masuk,3,Saran menabung,tutor,kalimantan,0,0,0,0,0,0,0,0,0,1,0,1,1,0,0,0,0,0,0,0,0,1,0,0,0,0,0,0,0,1
26,WhatsApp / kenalan / pelanggan langsung,1,42,3,9,440000,440000,450000,540000,0,"Akhir pekan / Sabtu-Minggu, Ramadan / menjelang Lebaran, Awal bulan","Jumlah pesanan atau project yang masuk, Akhir pekan atau hari libur",5,Saran batas pengeluaran minggu ini,pekerja_harian,jabodetabek,0,0,0,0,0,0,0,0,0,1,0,1,1,0,1,0,0,0,1,0,0,1,0,0,0,0,0,0,1,0
23,"WhatsApp / kenalan / pelanggan langsung, Projects.co.id",1,65,6,8,805000,365000,510000,905000,4,Akhir bulan / tanggal gajian,"Jumlah pesanan atau project yang masuk, Tanggal gajian / akhir bulan",4,"Saran batas pengeluaran minggu ini, Perkiraan penghasilan minggu depan",freelancer_desain,jabodetabek,0,0,0,0,1,0,0,0,0,1,1,0,0,0,0,0,0,0,0,0,0,1,0,0,1,0,1,0,1,0
17,Projects.co.id,1,5,4,9,310000,425000,350000,430000,4,Akhir bulan / tanggal gajian,"Jumlah pesanan atau project yang masuk, Jam saya bekerja, Tanggal gajian / akhir bulan",5,"Ringkasan pemasukan dan pengeluaran, Saran batas pengeluaran minggu ini, Perkiraan penghasilan minggu depan",freelancer_it,bali,0,0,0,0,1,0,0,0,0,0,1,0,0,0,0,0,0,0,0,0,1,1,0,0,1,0,1,1,1,0
31,"WhatsApp / kenalan / pelanggan langsung, Website freelance seperti Fiverr",0,8,6,6,550000,250000,580000,280000,4,"Akhir bulan / tanggal gajian, Awal bulan, Ramadan / menjelang Lebaran","Jumlah pesanan atau project yang masuk, Rating atau ulasan pelanggan",5,"Ringkasan pemasukan dan pengeluaran, Saran menabung",freelancer_desain,jawa_timur,0,0,0,0,0,0,0,0,1,1,1,0,1,0,1,0,0,0,0,0,0,1,0,1,0,0,0,1,0,1
24,WhatsApp / kenalan / pelanggan langsung,1,41,3,2,375000,810000,500000,625000,0,"Akhir pekan / Sabtu-Minggu, Harbolnas / flash sale online / tanggal kembar","Jumlah pesanan atau project yang masuk, Akhir pekan atau hari libur, Ada atau tidaknya promo dari aplikasi",4,"Ringkasan pemasukan dan pengeluaran, Perkiraan penghasilan minggu depan",content_creator,bali,0,0,0,0,0,0,0,0,0,1,0,1,0,1,0,0,0,1,1,0,0,1,0,0,0,0,1,1,0,0
26,WhatsApp / kenalan / pelanggan langsung,2,44,5,10,1050000,1150000,1075000,680000,4,Awal bulan,"Jumlah pesanan atau project yang masuk, Akhir pekan atau hari libur, Jam saya bekerja",5,"Saran menabung, Perkiraan penghasilan minggu depan",pekerja_harian,jawa_tengah,0,0,0,0,0,0,0,0,0,1,0,0,1,0,0,0,0,0,1,0,1,1,0,0,0,0,1,0,0,1
32,"WhatsApp / kenalan / pelanggan langsung, Instagram / TikTok / YouTube",1,52,3,6,705000,300000,700000,325000,1,"Awal bulan, Akhir pekan / Sabtu-Minggu","Jumlah pesanan atau project yang masuk, Tanggal gajian / akhir bulan, Kondisi fisik / capek / sakit",4,"Saran menabung, Saran batas pengeluaran minggu ini",tutor,jabodetabek,0,0,1,0,0,0,0,0,0,1,0,1,1,0,0,0,0,0,0,0,0,1,1,0,1,0,0,0,1,1
35,Gojek,1,29,7,8,700000,850000,930000,790000,0,"Ramadan / menjelang Lebaran, Akhir pekan / Sabtu-Minggu","Jumlah pesanan atau project yang masuk, Rating atau ulasan pelanggan",2,Saran batas pengeluaran minggu ini,ojek_online,jabodetabek,1,0,0,0,0,0,0,0,0,0,0,1,0,0,1,0,0,0,0,0,0,1,0,1,0,0,0,0,1,0
38,"Gojek, Maxim",0,28,6,9,125000,200000,10000,150000,2,Saat cuaca bagus,"Jumlah pesanan atau project yang masuk, Ada atau tidaknya promo dari aplikasi, Jam saya bekerja",4,"Pengingat kalau penghasilan sedang turun, Saran menabung",ojek_online,jabodetabek,1,0,0,1,0,0,0,0,0,0,0,0,0,0,0,0,1,1,0,0,1,1,0,0,0,1,0,0,0,1
40,Grab,2,80,7,10,1336200,980000,1175000,760000,1,Akhir pekan / Sabtu-Minggu,"Jumlah pesanan atau project yang masuk, Cuaca",5,"Saran menabung, Pengingat kalau penghasilan sedang turun",ojek_online,jabodetabek,0,1,0,0,0,0,0,0,0,0,0,1,0,0,0,0,0,0,0,1,0,1,0,0,0,1,0,0,0,1
35,WhatsApp / kenalan / pelanggan langsung,0,38,6,8,18400,260000,250000,150000,0,"Ramadan / menjelang Lebaran, Awal bulan","Jumlah pesanan atau project yang masuk, Jam saya bekerja, Kondisi fisik / capek / sakit",3,"Saran batas pengeluaran minggu ini, Saran menabung, Ringkasan pemasukan dan pengeluaran",pekerja_harian,bandung,0,0,0,0,0,0,0,0,0,1,0,0,1,0,1,0,0,0,0,0,1,1,1,0,0,0,0,1,1,1
43,"Shopee / Tokopedia / TikTok Shop, WhatsApp / kenalan / pelanggan langsung",2,84,4,5,18400,20000,300000,15000,3,Saat ada promo dari aplikasi,Jumlah pesanan atau project yang masuk,5,"Pengingat kalau penghasilan sedang turun, Saran batas pengeluaran minggu ini, Perkiraan penghasilan minggu depan",jualan_online,sulawesi,0,0,0,0,0,1,0,0,0,1,0,0,0,0,0,1,0,0,0,0,0,1,0,0,0,1,1,0,1,0
28,"Shopee / Tokopedia / TikTok Shop, WhatsApp / kenalan / pelanggan langsung",2,34,4,5,460000,460000,720000,495000,1,"Ramadan / menjelang Lebaran, Saat ada promo dari aplikasi, Harbolnas / flash sale online / tanggal kembar","Jumlah pesanan atau project yang masuk, Ada atau tidaknya promo dari aplikasi, Akhir pekan atau hari libur",3,"Saran batas pengeluaran minggu ini, Ringkasan pemasukan dan pengeluaran",jualan_online,jabodetabek,0,0,0,0,0,1,0,0,0,1,0,0,0,1,1,1,0,1,1,0,0,1,0,0,0,0,0,1,1,0
36,"Shopee / Tokopedia / TikTok Shop, WhatsApp / kenalan / pelanggan langsung",1,16,6,5,775000,470000,690000,875000,2,Ramadan / menjelang Lebaran,"Jumlah pesanan atau project yang masuk, Ada atau tidaknya promo dari aplikasi",3,"Saran menabung, Ringkasan pemasukan dan pengeluaran, Pengingat kalau penghasilan sedang turun",jualan_online,jabodetabek,0,0,0,0,0,1,0,0,0,1,0,0,0,0,1,0,0,1,0,0,0,1,0,0,0,1,0,1,0,1
34,"Gojek, Grab",0,3,5,8,640000,640000,450000,675000,3,Saat ada promo dari aplikasi,"Jumlah pesanan atau project yang masuk, Ada atau tidaknya promo dari aplikasi, Rating atau ulasan pelanggan",4,"Saran menabung, Pengingat kalau penghasilan sedang turun, Saran batas pengeluaran minggu ini",ojek_online,sumatera,1,1,0,0,0,0,0,0,0,0,0,0,0,0,0,1,0,1,0,0,0,1,0,1,0,1,0,0,1,1
20,Website freelance seperti Fiverr,0,16,4,4,500000,460000,250000,420000,1,Akhir bulan / tanggal gajian,"Jumlah pesanan atau project yang masuk, Jam saya bekerja, Rating atau ulasan pelanggan",5,"Saran menabung, Saran batas pengeluaran minggu ini",freelancer_it,jabodetabek,0,0,0,0,0,0,0,0,1,0,1,0,0,0,0,0,0,0,0,0,1,1,0,1,0,0,0,0,1,1
30,Grab,2,11,5,10,790000,685000,940000,950000,4,Ramadan / menjelang Lebaran,Jumlah pesanan atau project yang masuk,4,"Pengingat kalau penghasilan sedang turun, Perkiraan penghasilan minggu depan",ojek_online,kalimantan,0,1,0,0,0,0,0,0,0,0,0,0,0,0,1,0,0,0,0,0,0,1,0,0,0,1,1,0,0,0
33,Gojek,2,69,6,11,1336200,600000,1140000,380000,0,"Saat ada promo dari aplikasi, Saat cuaca bagus, Awal bulan","Jumlah pesanan atau project yang masuk, Ada atau tidaknya promo dari aplikasi",4,"Saran menabung, Ringkasan pemasukan dan pengeluaran, Perkiraan penghasilan minggu depan",ojek_online,bandung,1,0,0,0,0,0,0,0,0,0,0,0,1,0,0,1,1,1,0,0,0,1,0,0,0,0,1,1,0,1
22,WhatsApp / kenalan / pelanggan langsung,0,30,6,3,530000,550000,450000,460000,2,"Harbolnas / flash sale online / tanggal kembar, Akhir bulan / tanggal gajian, Awal bulan","Jumlah pesanan atau project yang masuk, Ada atau tidaknya promo dari aplikasi",1,"Pengingat kalau penghasilan sedang turun, Ringkasan pemasukan dan pengeluaran, Saran batas pengeluaran minggu ini",jualan_online,jabodetabek,0,0,0,0,0,0,0,0,0,1,1,0,1,1,0,0,0,1,0,0,0,1,0,0,0,1,0,1,1,0
31,Gojek,2,20,6,11,870000,1050000,1090000,300000,3,"Akhir pekan / Sabtu-Minggu, Saat ada promo dari aplikasi",Jumlah pesanan atau project yang masuk,5,"Saran menabung, Ringkasan pemasukan dan pengeluaran, Perkiraan penghasilan minggu depan",ojek_online,bandung,1,0,0,0,0,0,0,0,0,0,0,1,0,0,0,1,0,0,0,0,0,1,0,0,0,0,1,1,0,1
34,WhatsApp / kenalan / pelanggan langsung,2,56,7,9,780000,375000,570000,625000,1,"Akhir pekan / Sabtu-Minggu, Ramadan / menjelang Lebaran, Awal bulan","Jumlah pesanan atau project yang masuk, Kondisi fisik / capek / sakit, Akhir pekan atau hari libur",5,"Saran menabung, Pengingat kalau penghasilan sedang turun, Perkiraan penghasilan minggu depan",pekerja_harian,jabodetabek,0,0,0,0,0,0,0,0,0,1,0,1,1,0,1,0,0,0,1,0,0,1,1,0,0,1,1,0,0,1
29,"Website freelance seperti Fiverr, Upwork",2,13,5,9,430000,635000,745000,375000,3,Awal bulan,"Jumlah pesanan atau project yang masuk, Tanggal gajian / akhir bulan",4,"Pengingat kalau penghasilan sedang turun, Saran batas pengeluaran minggu ini",freelancer_it,jabodetabek,0,0,0,0,0,0,0,1,1,0,0,0,1,0,0,0,0,0,0,0,0,1,0,0,1,1,0,0,1,0
25,Projects.co.id,0,19,4,5,340000,400000,330000,400000,4,"Awal bulan, Akhir bulan / tanggal gajian",Jumlah pesanan atau project yang masuk,4,"Saran batas pengeluaran minggu ini, Perkiraan penghasilan minggu depan",freelancer_it,jawa_timur,0,0,0,0,1,0,0,0,0,0,1,0,1,0,0,0,0,0,0,0,0,1,0,0,0,0,1,0,1,0
26,"Website freelance seperti Fiverr, Upwork",1,1,4,6,750000,1270000,1350000,1025000,3,Akhir bulan / tanggal gajian,"Jumlah pesanan atau project yang masuk, Jam saya bekerja",5,Ringkasan pemasukan dan pengeluaran,freelancer_it,sumatera,0,0,0,0,0,0,0,1,1,0,1,0,0,0,0,0,0,0,0,0,1,1,0,0,0,0,0,1,0,0
19,"Instagram / TikTok / YouTube, WhatsApp / kenalan / pelanggan langsung",0,30,3,5,245000,250000,250000,240000,1,"Akhir pekan / Sabtu-Minggu, Awal bulan","Jumlah pesanan atau project yang masuk, Jam saya bekerja, Tanggal gajian / akhir bulan",5,"Ringkasan pemasukan dan pengeluaran, Pengingat kalau penghasilan sedang turun, Saran menabung",tutor,jawa_barat_lainnya,0,0,1,0,0,0,0,0,0,1,0,1,1,0,0,0,0,0,0,0,1,1,0,0,1,1,0,1,0,1
25,"Shopee / Tokopedia / TikTok Shop, Instagram / TikTok / YouTube, WhatsApp / kenalan / pelanggan langsung",2,25,5,5,625000,475000,725000,425000,3,"Saat ada promo dari aplikasi, Akhir bulan / tanggal gajian, Ramadan / menjelang Lebaran","Jumlah pesanan atau project yang masuk, Ada atau tidaknya promo dari aplikasi",5,Saran menabung,jualan_online,jawa_timur,0,0,1,0,0,1,0,0,0,1,1,0,0,0,1,1,0,1,0,0,0,1,0,0,0,0,0,0,0,1
28,WhatsApp / kenalan / pelanggan langsung,1,72,4,3,370000,375000,410000,375000,1,Harbolnas / flash sale online / tanggal kembar,"Jumlah pesanan atau project yang masuk, Ada atau tidaknya promo dari aplikasi",1,Saran batas pengeluaran minggu ini,content_creator,sumatera,0,0,0,0,0,0,0,0,0,1,0,0,0,1,0,0,0,1,0,0,0,1,0,0,0,0,0,0,1,0
22,Instagram / TikTok / YouTube,0,4,3,5,230000,100000,190000,230000,1,"Awal bulan, Akhir pekan / Sabtu-Minggu","Jumlah pesanan atau project yang masuk, Kondisi fisik / capek / sakit, Tanggal gajian / akhir bulan",3,"Saran menabung, Pengingat kalau penghasilan sedang turun, Saran batas pengeluaran minggu ini",tutor,sumatera,0,0,1,0,0,0,0,0,0,0,0,1,1,0,0,0,0,0,0,0,0,1,1,0,1,1,0,0,1,1
25,WhatsApp / kenalan / pelanggan langsung,1,29,6,4,625000,450000,475000,925000,4,Awal bulan,Jumlah pesanan atau project yang masuk,4,"Pengingat kalau penghasilan sedang turun, Ringkasan pemasukan dan pengeluaran",freelancer_desain,jabodetabek,0,0,0,0,0,0,0,0,0,1,0,0,1,0,0,0,0,0,0,0,0,1,0,0,0,1,0,1,0,0
42,Grab,2,77,5,10,910000,975000,400000,370000,0,"Saat cuaca bagus, Awal bulan","Jumlah pesanan atau project yang masuk, Rating atau ulasan pelanggan",4,"Saran menabung, Ringkasan pemasukan dan pengeluaran, Perkiraan penghasilan minggu depan",ojek_online,jawa_tengah,0,1,0,0,0,0,0,0,0,0,0,0,1,0,0,0,1,0,0,0,0,1,0,1,0,0,1,1,0,1
19,"WhatsApp / kenalan / pelanggan langsung, Website freelance seperti Fiverr",0,17,4,6,18400,630000,240000,175000,3,"Awal bulan, Akhir bulan / tanggal gajian","Jumlah pesanan atau project yang masuk, Rating atau ulasan pelanggan",4,"Saran menabung, Ringkasan pemasukan dan pengeluaran, Saran batas pengeluaran minggu ini",freelancer_it,bandung,0,0,0,0,0,0,0,0,1,1,1,0,1,0,0,0,0,0,0,0,0,1,0,1,0,0,0,1,1,1
25,Instagram / TikTok / YouTube,1,21,4,6,220000,205000,220000,150000,1,Awal bulan,"Jumlah pesanan atau project yang masuk, Kondisi fisik / capek / sakit",3,Pengingat kalau penghasilan sedang turun,tutor,kalimantan,0,0,1,0,0,0,0,0,0,0,0,0,1,0,0,0,0,0,0,0,0,1,1,0,0,1,0,0,0,0
36,"ShopeeFood, Grab",2,62,6,10,580000,425000,600000,525000,2,"Saat ada promo dari aplikasi, Harbolnas / flash sale online / tanggal kembar, Akhir pekan / Sabtu-Minggu","Jumlah pesanan atau project yang masuk, Jam saya bekerja, Cuaca",5,Ringkasan pemasukan dan pengeluaran,kurir,sumatera,0,1,0,0,0,0,1,0,0,0,0,1,0,1,0,1,0,0,0,1,1,1,0,0,0,0,0,1,0,0
18,"Shopee / Tokopedia / TikTok Shop, Instagram / TikTok / YouTube",1,63,3,3,170000,345000,260000,230000,1,"Harbolnas / flash sale online / tanggal kembar, Ramadan / menjelang Lebaran","Jumlah pesanan atau project yang masuk, Tanggal gajian / akhir bulan",5,"Ringkasan pemasukan dan pengeluaran, Saran menabung, Perkiraan penghasilan minggu depan",content_creator,jabodetabek,0,0,1,0,0,1,0,0,0,0,0,0,0,1,1,0,0,0,0,0,0,1,0,0,1,0,1,1,0,1
25,"WhatsApp / kenalan / pelanggan langsung, Shopee / Tokopedia / TikTok Shop",2,11,4,6,460000,350000,610000,600000,4,Awal bulan,Jumlah pesanan atau project yang masuk,4,"Saran batas pengeluaran minggu ini, Saran menabung",jualan_online,sulawesi,0,0,0,0,0,1,0,0,0,1,0,0,1,0,0,0,0,0,0,0,0,1,0,0,0,0,0,0,1,1
25,WhatsApp / kenalan / pelanggan langsung,1,9,4,5,500000,605000,605000,450000,2,"Awal bulan, Ramadan / menjelang Lebaran","Jumlah pesanan atau project yang masuk, Kondisi fisik / capek / sakit",1,"Saran menabung, Ringkasan pemasukan dan pengeluaran, Saran batas pengeluaran minggu ini",pekerja_harian,jabodetabek,0,0,0,0,0,0,0,0,0,1,0,0,1,0,1,0,0,0,0,0,0,1,1,0,0,0,0,1,1,1
21,Projects.co.id,2,19,5,8,330000,325000,290000,200000,1,"Akhir bulan / tanggal gajian, Awal bulan, Ramadan / menjelang Lebaran",Jumlah pesanan atau project yang masuk,5,"Saran menabung, Saran batas pengeluaran minggu ini, Perkiraan penghasilan minggu depan",freelancer_desain,jawa_timur,0,0,0,0,1,0,0,0,0,0,1,0,1,0,1,0,0,0,0,0,0,1,0,0,0,0,1,0,1,1
23,"Instagram / TikTok / YouTube, WhatsApp / kenalan / pelanggan langsung",2,43,3,5,210000,220000,205000,200000,1,"Awal bulan, Akhir bulan / tanggal gajian","Jumlah pesanan atau project yang masuk, Tanggal gajian / akhir bulan, Rating atau ulasan pelanggan",5,"Ringkasan pemasukan dan pengeluaran, Saran batas pengeluaran minggu ini, Perkiraan penghasilan minggu depan",freelancer_desain,jawa_tengah,0,0,1,0,0,0,0,0,0,1,1,0,1,0,0,0,0,0,0,0,0,1,0,1,1,0,1,1,1,0
21,"Instagram / TikTok / YouTube, Website freelance seperti Fiverr",1,24,4,7,620000,600000,490000,130000,1,Akhir bulan / tanggal gajian,"Jumlah pesanan atau project yang masuk, Rating atau ulasan pelanggan",2,"Ringkasan pemasukan dan pengeluaran, Pengingat kalau penghasilan sedang turun",freelancer_desain,jabodetabek,0,0,1,0,0,0,0,0,1,0,1,0,0,0,0,0,0,0,0,0,0,1,0,1,0,1,0,1,0,0
30,WhatsApp / kenalan / pelanggan langsung,2,23,6,9,380000,1110000,1110000,320000,2,Ramadan / menjelang Lebaran,"Jumlah pesanan atau project yang masuk, Akhir pekan atau hari libur, Jam saya bekerja",5,Ringkasan pemasukan dan pengeluaran,pekerja_harian,bali,0,0,0,0,0,0,0,0,0,1,0,0,0,0,1,0,0,0,1,0,1,1,0,0,0,0,0,1,0,0
34,"Gojek, ShopeeFood",1,17,6,7,280000,525000,400000,680000,2,"Harbolnas / flash sale online / tanggal kembar, Awal bulan",Jumlah pesanan atau project yang masuk,3,Ringkasan pemasukan dan pengeluaran,kurir,sumatera,1,0,0,0,0,0,1,0,0,0,0,0,1,1,0,0,0,0,0,0,0,1,0,0,0,0,0,1,0,0
24,Instagram / TikTok / YouTube,1,25,4,3,540000,20000,20000,350000,1,"Akhir bulan / tanggal gajian, Awal bulan, Ramadan / menjelang Lebaran","Jumlah pesanan atau project yang masuk, Rating atau ulasan pelanggan",5,Saran menabung,freelancer_desain,sumatera,0,0,1,0,0,0,0,0,0,0,1,0,1,0,1,0,0,0,0,0,0,1,0,1,0,0,0,0,0,1
34,Instagram / TikTok / YouTube,1,15,4,4,225000,215000,100000,100000,1,Awal bulan,"Jumlah pesanan atau project yang masuk, Rating atau ulasan pelanggan",5,"Pengingat kalau penghasilan sedang turun, Saran batas pengeluaran minggu ini, Perkiraan penghasilan minggu depan",freelancer_desain,jawa_tengah,0,0,1,0,0,0,0,0,0,0,0,0,1,0,0,0,0,0,0,0,0,1,0,1,0,1,1,0,1,0
17,"WhatsApp / kenalan / pelanggan langsung, Shopee / Tokopedia / TikTok Shop, Instagram / TikTok / YouTube",0,14,4,7,560000,160000,240000,180000,3,"Harbolnas / flash sale online / tanggal kembar, Akhir bulan / tanggal gajian",Jumlah pesanan atau project yang masuk,3,"Saran menabung, Saran batas pengeluaran minggu ini, Ringkasan pemasukan dan pengeluaran",jualan_online,jabodetabek,0,0,1,0,0,1,0,0,0,1,1,0,0,1,0,0,0,0,0,0,0,1,0,0,0,0,0,1,1,1
23,Instagram / TikTok / YouTube,1,15,4,4,355000,250000,350000,225000,1,Saat ada promo dari aplikasi,"Jumlah pesanan atau project yang masuk, Akhir pekan atau hari libur, Tanggal gajian / akhir bulan",3,"Pengingat kalau penghasilan sedang turun, Saran batas pengeluaran minggu ini, Saran menabung",jualan_online,jabodetabek,0,0,1,0,0,0,0,0,0,0,0,0,0,0,0,1,0,0,1,0,0,1,0,0,1,1,0,0,1,1
17,"Shopee / Tokopedia / TikTok Shop, WhatsApp / kenalan / pelanggan langsung, Instagram / TikTok / YouTube",1,55,6,8,740000,700000,550000,640000,1,"Harbolnas / flash sale online / tanggal kembar, Saat ada promo dari aplikasi","Jumlah pesanan atau project yang masuk, Ada atau tidaknya promo dari aplikasi",4,"Saran batas pengeluaran minggu ini, Pengingat kalau penghasilan sedang turun",jualan_online,jawa_tengah,0,0,1,0,0,1,0,0,0,1,0,0,0,1,0,1,0,1,0,0,0,1,0,0,0,1,0,0,1,0
22,"Website freelance seperti Fiverr, Instagram / TikTok / YouTube",1,3,3,4,240000,185000,200000,260000,4,Awal bulan,"Jumlah pesanan atau project yang masuk, Rating atau ulasan pelanggan, Jam saya bekerja",4,"Saran menabung, Pengingat kalau penghasilan sedang turun, Saran batas pengeluaran minggu ini",freelancer_desain,jawa_timur,0,0,1,0,0,0,0,0,1,0,0,0,1,0,0,0,0,0,0,0,1,1,0,1,0,1,0,0,1,1
34,WhatsApp / kenalan / pelanggan langsung,2,31,7,6,320000,175000,400000,200000,3,"Ramadan / menjelang Lebaran, Awal bulan","Jumlah pesanan atau project yang masuk, Kondisi fisik / capek / sakit, Akhir pekan atau hari libur",5,"Saran menabung, Saran batas pengeluaran minggu ini",pekerja_harian,jawa_barat_lainnya,0,0,0,0,0,0,0,0,0,1,0,0,1,0,1,0,0,0,1,0,0,1,1,0,0,0,0,0,1,1
35,"Instagram / TikTok / YouTube, Shopee / Tokopedia / TikTok Shop, WhatsApp / kenalan / pelanggan langsung",1,48,5,7,600000,25000,30000,670000,0,"Harbolnas / flash sale online / tanggal kembar, Saat ada promo dari aplikasi, Ramadan / menjelang Lebaran","Jumlah pesanan atau project yang masuk, Ada atau tidaknya promo dari aplikasi, Tanggal gajian / akhir bulan",3,"Saran menabung, Ringkasan pemasukan dan pengeluaran",jualan_online,jawa_timur,0,0,1,0,0,1,0,0,0,1,0,0,0,1,1,1,0,1,0,0,0,1,0,0,1,0,0,1,0,1
23,Instagram / TikTok / YouTube,0,42,6,3,175000,395000,100000,440000,1,"Akhir pekan / Sabtu-Minggu, Ramadan / menjelang Lebaran","Jumlah pesanan atau project yang masuk, Ada atau tidaknya promo dari aplikasi, Akhir pekan atau hari libur",3,Pengingat kalau penghasilan sedang turun,content_creator,jawa_timur,0,0,1,0,0,0,0,0,0,0,0,1,0,0,1,0,0,1,1,0,0,1,0,0,0,1,0,0,0,0
35,WhatsApp / kenalan / pelanggan langsung,2,18,5,7,290000,200000,410000,370000,2,Ramadan / menjelang Lebaran,Jumlah pesanan atau project yang masuk,4,"Saran menabung, Saran batas pengeluaran minggu ini, Ringkasan pemasukan dan pengeluaran",pekerja_harian,jawa_tengah,0,0,0,0,0,0,0,0,0,1,0,0,0,0,1,0,0,0,0,0,0,1,0,0,0,0,0,1,1,1
24,"ShopeeFood, Grab",1,28,6,11,620000,275000,560000,650000,1,"Awal bulan, Akhir pekan / Sabtu-Minggu","Jumlah pesanan atau project yang masuk, Jam saya bekerja, Ada atau tidaknya promo dari aplikasi",3,"Saran menabung, Ringkasan pemasukan dan pengeluaran, Saran batas pengeluaran minggu ini",kurir,sulawesi,0,1,0,0,0,0,1,0,0,0,0,1,1,0,0,0,0,1,0,0,1,1,0,0,0,0,0,1,1,1
25,Projects.co.id,1,6,5,9,480000,1100000,800000,1075000,3,"Akhir bulan / tanggal gajian, Awal bulan","Jumlah pesanan atau project yang masuk, Tanggal gajian / akhir bulan",4,"Saran menabung, Saran batas pengeluaran minggu ini",freelancer_it,sumatera,0,0,0,0,1,0,0,0,0,0,1,0,1,0,0,0,0,0,0,0,0,1,0,0,1,0,0,0,1,1
23,Grab,2,18,7,8,240000,1070000,525000,600000,4,"Akhir pekan / Sabtu-Minggu, Saat ada promo dari aplikasi, Harbolnas / flash sale online / tanggal kembar","Jumlah pesanan atau project yang masuk, Ada atau tidaknya promo dari aplikasi, Jam saya bekerja",4,"Pengingat kalau penghasilan sedang turun, Ringkasan pemasukan dan pengeluaran",kurir,bali,0,1,0,0,0,0,0,0,0,0,0,1,0,1,0,1,0,1,0,0,1,1,0,0,0,1,0,1,0,0
17,WhatsApp / kenalan / pelanggan langsung,2,48,7,9,550000,500000,580000,525000,4,"Ramadan / menjelang Lebaran, Awal bulan","Jumlah pesanan atau project yang masuk, Akhir pekan atau hari libur",4,"Ringkasan pemasukan dan pengeluaran, Pengingat kalau penghasilan sedang turun, Perkiraan penghasilan minggu depan",pekerja_harian,bandung,0,0,0,0,0,0,0,0,0,1,0,0,1,0,1,0,0,0,1,0,0,1,0,0,0,1,1,1,0,0
27,"Instagram / TikTok / YouTube, WhatsApp / kenalan / pelanggan langsung",2,3,5,7,625000,875000,570000,725000,0,"Awal bulan, Akhir bulan / tanggal gajian","Jumlah pesanan atau project yang masuk, Rating atau ulasan pelanggan, Tanggal gajian / akhir bulan",3,"Pengingat kalau penghasilan sedang turun, Ringkasan pemasukan dan pengeluaran, Saran batas pengeluaran minggu ini",freelancer_desain,bali,0,0,1,0,0,0,0,0,0,1,1,0,1,0,0,0,0,0,0,0,0,1,0,1,1,1,0,1,1,0
38,Grab,1,12,7,10,660000,575000,805000,410000,3,"Awal bulan, Ramadan / menjelang Lebaran, Saat ada promo dari aplikasi","Jumlah pesanan atau project yang masuk, Cuaca",1,"Ringkasan pemasukan dan pengeluaran, Saran menabung",ojek_online,sulawesi,0,1,0,0,0,0,0,0,0,0,0,0,1,0,1,1,0,0,0,1,0,1,0,0,0,0,0,1,0,1
41,"Shopee / Tokopedia / TikTok Shop, WhatsApp / kenalan / pelanggan langsung",0,22,6,3,275000,400000,260000,560000,4,"Ramadan / menjelang Lebaran, Saat ada promo dari aplikasi",Jumlah pesanan atau project yang masuk,3,"Ringkasan pemasukan dan pengeluaran, Saran menabung, Saran batas pengeluaran minggu ini",jualan_online,jawa_timur,0,0,0,0,0,1,0,0,0,1,0,0,0,0,1,1,0,0,0,0,0,1,0,0,0,0,0,1,1,1
26,WhatsApp / kenalan / pelanggan langsung,2,24,4,8,835000,410000,425000,300000,0,"Akhir bulan / tanggal gajian, Awal bulan","Jumlah pesanan atau project yang masuk, Rating atau ulasan pelanggan, Tanggal gajian / akhir bulan",5,Pengingat kalau penghasilan sedang turun,freelancer_it,bandung,0,0,0,0,0,0,0,0,0,1,1,0,1,0,0,0,0,0,0,0,0,1,0,1,1,1,0,0,0,0
34,"WhatsApp / kenalan / pelanggan langsung, Shopee / Tokopedia / TikTok Shop, Instagram / TikTok / YouTube",0,2,4,6,375000,330000,375000,380000,4,Harbolnas / flash sale online / tanggal kembar,"Jumlah pesanan atau project yang masuk, Ada atau tidaknya promo dari aplikasi, Tanggal gajian / akhir bulan",2,"Ringkasan pemasukan dan pengeluaran, Saran batas pengeluaran minggu ini, Pengingat kalau penghasilan sedang turun",jualan_online,jabodetabek,0,0,1,0,0,1,0,0,0,1,0,0,0,1,0,0,0,1,0,0,0,1,0,0,1,1,0,1,1,0
30,"WhatsApp / kenalan / pelanggan langsung, Shopee / Tokopedia / TikTok Shop",2,76,6,8,320000,910000,1200000,350000,4,"Ramadan / menjelang Lebaran, Awal bulan","Jumlah pesanan atau project yang masuk, Ada atau tidaknya promo dari aplikasi",5,"Pengingat kalau penghasilan sedang turun, Ringkasan pemasukan dan pengeluaran",jualan_online,kalimantan,0,0,0,0,0,1,0,0,0,1,0,0,1,0,1,0,0,1,0,0,0,1,0,0,0,1,0,1,0,0
32,"Shopee / Tokopedia / TikTok Shop, WhatsApp / kenalan / pelanggan langsung",1,18,5,6,470000,390000,150000,375000,2,Saat ada promo dari aplikasi,Jumlah pesanan atau project yang masuk,4,"Pengingat kalau penghasilan sedang turun, Ringkasan pemasukan dan pengeluaran",jualan_online,jabodetabek,0,0,0,0,0,1,0,0,0,1,0,0,0,0,0,1,0,0,0,0,0,1,0,0,0,1,0,1,0,0
30,WhatsApp / kenalan / pelanggan langsung,0,24,6,7,125000,125000,135000,135000,0,"Awal bulan, Akhir pekan / Sabtu-Minggu, Ramadan / menjelang Lebaran","Jumlah pesanan atau project yang masuk, Akhir pekan atau hari libur",3,Ringkasan pemasukan dan pengeluaran,pekerja_harian,sumatera,0,0,0,0,0,0,0,0,0,1,0,1,1,0,1,0,0,0,1,0,0,1,0,0,0,0,0,1,0,0
28,Grab,2,68,5,10,1150000,1273200,740000,545000,1,"Ramadan / menjelang Lebaran, Saat cuaca bagus","Jumlah pesanan atau project yang masuk, Cuaca",4,"Pengingat kalau penghasilan sedang turun, Ringkasan pemasukan dan pengeluaran, Perkiraan penghasilan minggu depan",ojek_online,sumatera,0,1,0,0,0,0,0,0,0,0,0,0,0,0,1,0,1,0,0,1,0,1,0,0,0,1,1,1,0,0
23,"Instagram / TikTok / YouTube, WhatsApp / kenalan / pelanggan langsung",1,19,3,4,190000,110000,200000,115000,0,"Awal bulan, Akhir pekan / Sabtu-Minggu, Akhir bulan / tanggal gajian","Jumlah pesanan atau project yang masuk, Kondisi fisik / capek / sakit, Jam saya bekerja",3,"Ringkasan pemasukan dan pengeluaran, Pengingat kalau penghasilan sedang turun, Saran batas pengeluaran minggu ini",tutor,jabodetabek,0,0,1,0,0,0,0,0,0,1,1,1,1,0,0,0,0,0,0,0,1,1,1,0,0,1,0,1,1,0
19,WhatsApp / kenalan / pelanggan langsung,1,82,6,4,720000,705000,630000,625000,1,Akhir bulan / tanggal gajian,Jumlah pesanan atau project yang masuk,4,"Ringkasan pemasukan dan pengeluaran, Saran menabung, Perkiraan penghasilan minggu depan",freelancer_it,bandung,0,0,0,0,0,0,0,0,0,1,1,0,0,0,0,0,0,0,0,0,0,1,0,0,0,0,1,1,0,1
26,"Gojek, Maxim",2,38,5,9,1080000,855000,920000,1025000,1,"Awal bulan, Akhir pekan / Sabtu-Minggu",Jumlah pesanan atau project yang masuk,5,"Saran batas pengeluaran minggu ini, Ringkasan pemasukan dan pengeluaran",ojek_online,bandung,1,0,0,1,0,0,0,0,0,0,0,1,1,0,0,0,0,0,0,0,0,1,0,0,0,0,0,1,1,0
29,WhatsApp / kenalan / pelanggan langsung,1,1,3,7,375000,150000,650000,150000,4,"Akhir pekan / Sabtu-Minggu, Awal bulan","Jumlah pesanan atau project yang masuk, Kondisi fisik / capek / sakit, Jam saya bekerja",3,"Pengingat kalau penghasilan sedang turun, Ringkasan pemasukan dan pengeluaran, Saran batas pengeluaran minggu ini",pekerja_harian,jabodetabek,0,0,0,0,0,0,0,0,0,1,0,1,1,0,0,0,0,0,0,0,1,1,1,0,0,1,0,1,1,0
17,WhatsApp / kenalan / pelanggan langsung,1,44,5,5,460000,525000,505000,450000,2,Akhir pekan / Sabtu-Minggu,"Jumlah pesanan atau project yang masuk, Jam saya bekerja",1,"Pengingat kalau penghasilan sedang turun, Saran batas pengeluaran minggu ini, Ringkasan pemasukan dan pengeluaran",pekerja_harian,jabodetabek,0,0,0,0,0,0,0,0,0,1,0,1,0,0,0,0,0,0,0,0,1,1,0,0,0,1,0,1,1,0
24,WhatsApp / kenalan / pelanggan langsung,2,71,5,9,325000,295000,360000,300000,0,"Ramadan / menjelang Lebaran, Akhir pekan / Sabtu-Minggu","Jumlah pesanan atau project yang masuk, Kondisi fisik / capek / sakit, Jam saya bekerja",4,"Pengingat kalau penghasilan sedang turun, Saran menabung, Saran batas pengeluaran minggu ini",pekerja_harian,jabodetabek,0,0,0,0,0,0,0,0,0,1,0,1,0,0,1,0,0,0,0,0,1,1,1,0,0,1,0,0,1,1
39,WhatsApp / kenalan / pelanggan langsung,2,14,6,9,535000,600000,550000,750000,0,"Ramadan / menjelang Lebaran, Akhir pekan / Sabtu-Minggu, Awal bulan","Jumlah pesanan atau project yang masuk, Kondisi fisik / capek / sakit, Jam saya bekerja",3,"Saran menabung, Saran batas pengeluaran minggu ini, Pengingat kalau penghasilan sedang turun",pekerja_harian,jabodetabek,0,0,0,0,0,0,0,0,0,1,0,1,1,0,1,0,0,0,0,0,1,1,1,0,0,1,0,0,1,1
34,Grab,2,14,6,11,540000,600000,30000,680000,1,"Saat ada promo dari aplikasi, Harbolnas / flash sale online / tanggal kembar, Awal bulan","Jumlah pesanan atau project yang masuk, Jam saya bekerja",4,"Pengingat kalau penghasilan sedang turun, Saran menabung, Perkiraan penghasilan minggu depan",kurir,jawa_tengah,0,1,0,0,0,0,0,0,0,0,0,0,1,1,0,1,0,0,0,0,1,1,0,0,0,1,1,0,0,1
22,Projects.co.id,1,19,6,4,475000,770000,430000,400000,2,Akhir bulan / tanggal gajian,"Jumlah pesanan atau project yang masuk, Jam saya bekerja",3,"Saran menabung, Pengingat kalau penghasilan sedang turun, Saran batas pengeluaran minggu ini",freelancer_desain,bandung,0,0,0,0,1,0,0,0,0,0,1,0,0,0,0,0,0,0,0,0,1,1,0,0,0,1,0,0,1,1
17,"WhatsApp / kenalan / pelanggan langsung, Instagram / TikTok / YouTube",0,15,5,3,630000,650000,325000,375000,0,Ramadan / menjelang Lebaran,"Jumlah pesanan atau project yang masuk, Tanggal gajian / akhir bulan, Akhir pekan atau hari libur",3,"Saran batas pengeluaran minggu ini, Pengingat kalau penghasilan sedang turun, Saran menabung",content_creator,jawa_barat_lainnya,0,0,1,0,0,0,0,0,0,1,0,0,0,0,1,0,0,0,1,0,0,1,0,0,1,1,0,0,1,1
25,Instagram / TikTok / YouTube,0,24,5,3,370000,110000,10000,150000,1,"Harbolnas / flash sale online / tanggal kembar, Saat ada promo dari aplikasi","Jumlah pesanan atau project yang masuk, Akhir pekan atau hari libur, Ada atau tidaknya promo dari aplikasi",4,"Saran menabung, Pengingat kalau penghasilan sedang turun",jualan_online,bandung,0,0,1,0,0,0,0,0,0,0,0,0,0,1,0,1,0,1,1,0,0,1,0,0,0,1,0,0,0,1
26,Upwork,0,22,6,5,255000,150000,120000,125000,1,Akhir bulan / tanggal gajian,Jumlah pesanan atau project yang masuk,1,Pengingat kalau penghasilan sedang turun,freelancer_it,jawa_tengah,0,0,0,0,0,0,0,1,0,0,1,0,0,0,0,0,0,0,0,0,0,1,0,0,0,1,0,0,0,0
28,"Projects.co.id, Instagram / TikTok / YouTube",2,14,3,5,360000,380000,515000,295000,3,"Awal bulan, Akhir bulan / tanggal gajian, Ramadan / menjelang Lebaran","Jumlah pesanan atau project yang masuk, Tanggal gajian / akhir bulan, Jam saya bekerja",3,"Ringkasan pemasukan dan pengeluaran, Saran menabung",freelancer_desain,jawa_barat_lainnya,0,0,1,0,1,0,0,0,0,0,1,0,1,0,1,0,0,0,0,0,1,1,0,0,1,0,0,1,0,1
35,ShopeeFood,2,6,5,11,1090000,610000,800000,675000,1,"Awal bulan, Harbolnas / flash sale online / tanggal kembar","Jumlah pesanan atau project yang masuk, Jam saya bekerja",3,"Ringkasan pemasukan dan pengeluaran, Saran batas pengeluaran minggu ini",kurir,jabodetabek,0,0,0,0,0,0,1,0,0,0,0,0,1,1,0,0,0,0,0,0,1,1,0,0,0,0,0,1,1,0
22,"WhatsApp / kenalan / pelanggan langsung, Projects.co.id",2,20,4,5,470000,490000,450000,490000,3,"Akhir bulan / tanggal gajian, Awal bulan","Jumlah pesanan atau project yang masuk, Rating atau ulasan pelanggan, Jam saya bekerja",5,"Ringkasan pemasukan dan pengeluaran, Perkiraan penghasilan minggu depan",freelancer_desain,sulawesi,0,0,0,0,1,0,0,0,0,1,1,0,1,0,0,0,0,0,0,0,1,1,0,1,0,0,1,1,0,0
28,"Instagram / TikTok / YouTube, WhatsApp / kenalan / pelanggan langsung",0,8,2,3,275000,310000,295000,350000,4,"Awal bulan, Akhir pekan / Sabtu-Minggu","Jumlah pesanan atau project yang masuk, Kondisi fisik / capek / sakit",4,"Saran menabung, Saran batas pengeluaran minggu ini, Ringkasan pemasukan dan pengeluaran",tutor,jabodetabek,0,0,1,0,0,0,0,0,0,1,0,1,1,0,0,0,0,0,0,0,0,1,1,0,0,0,0,1,1,1
28,"WhatsApp / kenalan / pelanggan langsung, Instagram / TikTok / YouTube",1,10,7,3,550000,680000,625000,610000,2,"Akhir bulan / tanggal gajian, Saat ada promo dari aplikasi","Jumlah pesanan atau project yang masuk, Akhir pekan atau hari libur, Ada atau tidaknya promo dari aplikasi",4,Pengingat kalau penghasilan sedang turun,jualan_online,jawa_tengah,0,0,1,0,0,0,0,0,0,1,1,0,0,0,0,1,0,1,1,0,0,1,0,0,0,1,0,0,0,0
28,Shopee / Tokopedia / TikTok Shop,1,33,6,6,550000,160000,550000,475000,1,Saat ada promo dari aplikasi,Jumlah pesanan atau project yang masuk,4,"Saran menabung, Saran batas pengeluaran minggu ini, Perkiraan penghasilan minggu depan",jualan_online,jawa_barat_lainnya,0,0,0,0,0,1,0,0,0,0,0,0,0,0,0,1,0,0,0,0,0,1,0,0,0,0,1,0,1,1
32,"Gojek, Grab",2,32,7,8,1000000,765000,710000,750000,0,"Awal bulan, Saat cuaca bagus","Jumlah pesanan atau project yang masuk, Jam saya bekerja",3,Ringkasan pemasukan dan pengeluaran,ojek_online,jawa_timur,1,1,0,0,0,0,0,0,0,0,0,0,1,0,0,0,1,0,0,0,1,1,0,0,0,0,0,1,0,0
23,Shopee / Tokopedia / TikTok Shop,0,24,5,3,100000,70000,210000,80000,3,"Harbolnas / flash sale online / tanggal kembar, Ramadan / menjelang Lebaran","Jumlah pesanan atau project yang masuk, Ada atau tidaknya promo dari aplikasi",3,"Saran menabung, Saran batas pengeluaran minggu ini, Ringkasan pemasukan dan pengeluaran",content_creator,jabodetabek,0,0,0,0,0,1,0,0,0,0,0,0,0,1,1,0,0,1,0,0,0,1,0,0,0,0,0,1,1,1
21,"WhatsApp / kenalan / pelanggan langsung, Instagram / TikTok / YouTube",1,8,3,6,125000,100000,260000,125000,3,"Akhir pekan / Sabtu-Minggu, Awal bulan, Akhir bulan / tanggal gajian","Jumlah pesanan atau project yang masuk, Tanggal gajian / akhir bulan",4,"Pengingat kalau penghasilan sedang turun, Ringkasan pemasukan dan pengeluaran, Perkiraan penghasilan minggu depan",tutor,bandung,0,0,1,0,0,0,0,0,0,1,1,1,1,0,0,0,0,0,0,0,0,1,0,0,1,1,1,1,0,0
17,ShopeeFood,2,21,7,10,635000,675000,660000,770000,4,"Awal bulan, Akhir pekan / Sabtu-Minggu","Jumlah pesanan atau project yang masuk, Jam saya bekerja, Ada atau tidaknya promo dari aplikasi",4,"Saran menabung, Ringkasan pemasukan dan pengeluaran, Pengingat kalau penghasilan sedang turun",kurir,jawa_tengah,0,0,0,0,0,0,1,0,0,0,0,1,1,0,0,0,0,1,0,0,1,1,0,0,0,1,0,1,0,1
17,"Instagram / TikTok / YouTube, WhatsApp / kenalan / pelanggan langsung",0,2,3,2,100000,16800,175000,130000,3,Akhir pekan / Sabtu-Minggu,"Jumlah pesanan atau project yang masuk, Tanggal gajian / akhir bulan",3,"Saran menabung, Pengingat kalau penghasilan sedang turun",tutor,sulawesi,0,0,1,0,0,0,0,0,0,1,0,1,0,0,0,0,0,0,0,0,0,1,0,0,1,1,0,0,0,1
36,"ShopeeFood, Grab",1,45,5,11,525000,515000,575000,570000,3,"Akhir pekan / Sabtu-Minggu, Awal bulan","Jumlah pesanan atau project yang masuk, Jam saya bekerja",3,"Ringkasan pemasukan dan pengeluaran, Pengingat kalau penghasilan sedang turun, Saran menabung",kurir,sulawesi,0,1,0,0,0,0,1,0,0,0,0,1,1,0,0,0,0,0,0,0,1,1,0,0,0,1,0,1,0,1
23,"WhatsApp / kenalan / pelanggan langsung, Instagram / TikTok / YouTube",0,7,3,4,150000,120000,410000,165000,1,"Akhir pekan / Sabtu-Minggu, Awal bulan, Akhir bulan / tanggal gajian","Jumlah pesanan atau project yang masuk, Tanggal gajian / akhir bulan",4,"Saran menabung, Pengingat kalau penghasilan sedang turun, Ringkasan pemasukan dan pengeluaran",tutor,jabodetabek,0,0,1,0,0,0,0,0,0,1,1,1,1,0,0,0,0,0,0,0,0,1,0,0,1,1,0,1,0,1
34,Grab,2,5,5,11,730000,650000,550000,920000,4,"Saat ada promo dari aplikasi, Ramadan / menjelang Lebaran",Jumlah pesanan atau project yang masuk,4,"Saran batas pengeluaran minggu ini, Perkiraan penghasilan minggu depan",ojek_online,sumatera,0,1,0,0,0,0,0,0,0,0,0,0,0,0,1,1,0,0,0,0,0,1,0,0,0,0,1,0,1,0
22,Instagram / TikTok / YouTube,0,13,6,3,515000,525000,370000,450000,2,"Ramadan / menjelang Lebaran, Akhir pekan / Sabtu-Minggu, Harbolnas / flash sale online / tanggal kembar","Jumlah pesanan atau project yang masuk, Tanggal gajian / akhir bulan",3,Ringkasan pemasukan dan pengeluaran,content_creator,jawa_barat_lainnya,0,0,1,0,0,0,0,0,0,0,0,1,0,1,1,0,0,0,0,0,0,1,0,0,1,0,0,1,0,0
35,"Instagram / TikTok / YouTube, WhatsApp / kenalan / pelanggan langsung",0,65,6,5,340000,185000,300000,6800,4,"Awal bulan, Ramadan / menjelang Lebaran, Akhir bulan / tanggal gajian",Jumlah pesanan atau project yang masuk,4,"Saran menabung, Pengingat kalau penghasilan sedang turun, Perkiraan penghasilan minggu depan",jualan_online,kalimantan,0,0,1,0,0,0,0,0,0,1,1,0,1,0,1,0,0,0,0,0,0,1,0,0,0,1,1,0,0,1
27,ShopeeFood,2,22,6,7,600000,580000,570000,615000,0,Harbolnas / flash sale online / tanggal kembar,"Jumlah pesanan atau project yang masuk, Cuaca, Ada atau tidaknya promo dari aplikasi",4,"Pengingat kalau penghasilan sedang turun, Saran batas pengeluaran minggu ini",kurir,jawa_tengah,0,0,0,0,0,0,1,0,0,0,0,0,0,1,0,0,0,1,0,1,0,1,0,0,0,1,0,0,1,0
27,Grab,2,9,6,7,1325000,1175000,1350000,650000,1,Saat ada promo dari aplikasi,"Jumlah pesanan atau project yang masuk, Jam saya bekerja, Rating atau ulasan pelanggan",3,"Saran batas pengeluaran minggu ini, Pengingat kalau penghasilan sedang turun, Saran menabung",ojek_online,jawa_timur,0,1,0,0,0,0,0,0,0,0,0,0,0,0,0,1,0,0,0,0,1,1,0,1,0,1,0,0,1,1
24,WhatsApp / kenalan / pelanggan langsung,2,41,7,9,830000,545000,575000,725000,1,Ramadan / menjelang Lebaran,"Jumlah pesanan atau project yang masuk, Kondisi fisik / capek / sakit",4,"Ringkasan pemasukan dan pengeluaran, Saran batas pengeluaran minggu ini, Pengingat kalau penghasilan sedang turun",pekerja_harian,jawa_timur,0,0,0,0,0,0,0,0,0,1,0,0,0,0,1,0,0,0,0,0,0,1,1,0,0,1,0,1,1,0
25,Grab,2,19,6,9,600000,25000,715000,950000,1,"Harbolnas / flash sale online / tanggal kembar, Akhir pekan / Sabtu-Minggu","Jumlah pesanan atau project yang masuk, Ada atau tidaknya promo dari aplikasi, Cuaca",4,"Saran batas pengeluaran minggu ini, Saran menabung",kurir,jabodetabek,0,1,0,0,0,0,0,0,0,0,0,1,0,1,0,0,0,1,0,1,0,1,0,0,0,0,0,0,1,1
38,"Shopee / Tokopedia / TikTok Shop, WhatsApp / kenalan / pelanggan langsung",1,68,5,4,375000,325000,330000,330000,4,"Saat ada promo dari aplikasi, Akhir bulan / tanggal gajian","Jumlah pesanan atau project yang masuk, Tanggal gajian / akhir bulan",3,Saran batas pengeluaran minggu ini,jualan_online,bandung,0,0,0,0,0,1,0,0,0,1,1,0,0,0,0,1,0,0,0,0,0,1,0,0,1,0,0,0,1,0
22,Shopee / Tokopedia / TikTok Shop,0,82,6,2,210000,250000,320000,220000,3,"Akhir pekan / Sabtu-Minggu, Harbolnas / flash sale online / tanggal kembar","Jumlah pesanan atau project yang masuk, Tanggal gajian / akhir bulan",5,"Saran menabung, Ringkasan pemasukan dan pengeluaran",content_creator,bandung,0,0,0,0,0,1,0,0,0,0,0,1,0,1,0,0,0,0,0,0,0,1,0,0,1,0,0,1,0,1
34,"Upwork, WhatsApp / kenalan / pelanggan langsung",2,21,6,6,610000,785000,570000,695000,1,"Akhir bulan / tanggal gajian, Awal bulan",Jumlah pesanan atau project yang masuk,3,"Saran batas pengeluaran minggu ini, Ringkasan pemasukan dan pengeluaran",freelancer_it,sulawesi,0,0,0,0,0,0,0,1,0,1,1,0,1,0,0,0,0,0,0,0,0,1,0,0,0,0,0,1,1,0
44,WhatsApp / kenalan / pelanggan langsung,1,36,4,7,890000,960000,300000,750000,1,"Ramadan / menjelang Lebaran, Akhir pekan / Sabtu-Minggu","Jumlah pesanan atau project yang masuk, Jam saya bekerja",4,"Saran menabung, Saran batas pengeluaran minggu ini",pekerja_harian,jabodetabek,0,0,0,0,0,0,0,0,0,1,0,1,0,0,1,0,0,0,0,0,1,1,0,0,0,0,0,0,1,1
25,"Projects.co.id, Website freelance seperti Fiverr",0,45,5,8,700000,680000,625000,660000,0,"Akhir bulan / tanggal gajian, Awal bulan, Akhir pekan / Sabtu-Minggu","Jumlah pesanan atau project yang masuk, Rating atau ulasan pelanggan",5,Ringkasan pemasukan dan pengeluaran,freelancer_it,jabodetabek,0,0,0,0,1,0,0,0,1,0,1,1,1,0,0,0,0,0,0,0,0,1,0,1,0,0,0,1,0,0
18,"Instagram / TikTok / YouTube, WhatsApp / kenalan / pelanggan langsung",1,12,6,4,360000,420000,330000,330000,3,"Harbolnas / flash sale online / tanggal kembar, Awal bulan, Ramadan / menjelang Lebaran","Jumlah pesanan atau project yang masuk, Akhir pekan atau hari libur",4,"Ringkasan pemasukan dan pengeluaran, Pengingat kalau penghasilan sedang turun",jualan_online,bali,0,0,1,0,0,0,0,0,0,1,0,0,1,1,1,0,0,0,1,0,0,1,0,0,0,1,0,1,0,0
18,"Instagram / TikTok / YouTube, WhatsApp / kenalan / pelanggan langsung",2,16,3,3,25000,465000,510000,570000,3,"Akhir pekan / Sabtu-Minggu, Awal bulan, Akhir bulan / tanggal gajian","Jumlah pesanan atau project yang masuk, Kondisi fisik / capek / sakit, Jam saya bekerja",3,Ringkasan pemasukan dan pengeluaran,tutor,jabodetabek,0,0,1,0,0,0,0,0,0,1,1,1,1,0,0,0,0,0,0,0,1,1,1,0,0,0,0,1,0,0
20,"Instagram / TikTok / YouTube, Website freelance seperti Fiverr",0,58,4,6,90000,230000,150000,225000,2,"Awal bulan, Akhir bulan / tanggal gajian","Jumlah pesanan atau project yang masuk, Tanggal gajian / akhir bulan",2,Saran batas pengeluaran minggu ini,freelancer_desain,kalimantan,0,0,1,0,0,0,0,0,1,0,1,0,1,0,0,0,0,0,0,0,0,1,0,0,1,0,0,0,1,0
31,"Shopee / Tokopedia / TikTok Shop, Instagram / TikTok / YouTube",2,15,4,8,835000,740000,820000,720000,0,"Akhir bulan / tanggal gajian, Awal bulan","Jumlah pesanan atau project yang masuk, Ada atau tidaknya promo dari aplikasi",2,Saran batas pengeluaran minggu ini,jualan_online,bandung,0,0,1,0,0,1,0,0,0,0,1,0,1,0,0,0,0,1,0,0,0,1,0,0,0,0,0,0,1,0
20,Website freelance seperti Fiverr,2,10,3,7,610000,340000,350000,680000,4,Akhir bulan / tanggal gajian,"Jumlah pesanan atau project yang masuk, Jam saya bekerja",4,"Saran batas pengeluaran minggu ini, Perkiraan penghasilan minggu depan",freelancer_desain,jawa_tengah,0,0,0,0,0,0,0,0,1,0,1,0,0,0,0,0,0,0,0,0,1,1,0,0,0,0,1,0,1,0
31,"ShopeeFood, Grab",2,43,7,7,900000,880000,730000,900000,1,Harbolnas / flash sale online / tanggal kembar,"Jumlah pesanan atau project yang masuk, Cuaca",3,"Pengingat kalau penghasilan sedang turun, Saran menabung",kurir,kalimantan,0,1,0,0,0,0,1,0,0,0,0,0,0,1,0,0,0,0,0,1,0,1,0,0,0,1,0,0,0,1
17,WhatsApp / kenalan / pelanggan langsung,2,37,5,9,1075000,500000,325000,375000,0,"Awal bulan, Akhir pekan / Sabtu-Minggu","Jumlah pesanan atau project yang masuk, Jam saya bekerja",3,"Pengingat kalau penghasilan sedang turun, Ringkasan pemasukan dan pengeluaran",pekerja_harian,bandung,0,0,0,0,0,0,0,0,0,1,0,1,1,0,0,0,0,0,0,0,1,1,0,0,0,1,0,1,0,0
25,"WhatsApp / kenalan / pelanggan langsung, Instagram / TikTok / YouTube",1,2,4,8,375000,200000,290000,435000,2,Awal bulan,"Jumlah pesanan atau project yang masuk, Rating atau ulasan pelanggan",5,"Saran batas pengeluaran minggu ini, Saran menabung, Perkiraan penghasilan minggu depan",freelancer_desain,jawa_barat_lainnya,0,0,1,0,0,0,0,0,0,1,0,0,1,0,0,0,0,0,0,0,0,1,0,1,0,0,1,0,1,1
36,WhatsApp / kenalan / pelanggan langsung,1,19,5,8,205000,270000,250000,410000,4,"Awal bulan, Ramadan / menjelang Lebaran","Jumlah pesanan atau project yang masuk, Kondisi fisik / capek / sakit",2,"Ringkasan pemasukan dan pengeluaran, Saran batas pengeluaran minggu ini",pekerja_harian,jabodetabek,0,0,0,0,0,0,0,0,0,1,0,0,1,0,1,0,0,0,0,0,0,1,1,0,0,0,0,1,1,0
30,WhatsApp / kenalan / pelanggan langsung,2,47,5,8,920000,360000,650000,610000,4,"Akhir pekan / Sabtu-Minggu, Awal bulan",Jumlah pesanan atau project yang masuk,4,"Pengingat kalau penghasilan sedang turun, Saran batas pengeluaran minggu ini, Perkiraan penghasilan minggu depan",pekerja_harian,bandung,0,0,0,0,0,0,0,0,0,1,0,1,1,0,0,0,0,0,0,0,0,1,0,0,0,1,1,0,1,0
22,"Shopee / Tokopedia / TikTok Shop, Instagram / TikTok / YouTube",1,17,5,7,385000,175000,150000,170000,1,Akhir bulan / tanggal gajian,"Jumlah pesanan atau project yang masuk, Tanggal gajian / akhir bulan",4,"Ringkasan pemasukan dan pengeluaran, Saran batas pengeluaran minggu ini, Perkiraan penghasilan minggu depan",jualan_online,jabodetabek,0,0,1,0,0,1,0,0,0,0,1,0,0,0,0,0,0,0,0,0,0,1,0,0,1,0,1,1,1,0
22,"Instagram / TikTok / YouTube, Website freelance seperti Fiverr",0,21,6,7,475000,225000,295000,6800,4,"Akhir bulan / tanggal gajian, Awal bulan, Akhir pekan / Sabtu-Minggu","Jumlah pesanan atau project yang masuk, Rating atau ulasan pelanggan",5,"Saran menabung, Ringkasan pemasukan dan pengeluaran, Perkiraan penghasilan minggu depan",freelancer_desain,bali,0,0,1,0,0,0,0,0,1,0,1,1,1,0,0,0,0,0,0,0,0,1,0,1,0,0,1,1,0,1
25,"ShopeeFood, Grab",1,19,6,7,725000,40000,40000,730000,4,"Harbolnas / flash sale online / tanggal kembar, Awal bulan","Jumlah pesanan atau project yang masuk, Cuaca",4,Ringkasan pemasukan dan pengeluaran,kurir,jabodetabek,0,1,0,0,0,0,1,0,0,0,0,0,1,1,0,0,0,0,0,1,0,1,0,0,0,0,0,1,0,0
17,WhatsApp / kenalan / pelanggan langsung,2,51,6,6,990000,825000,775000,1010000,4,"Akhir pekan / Sabtu-Minggu, Awal bulan, Ramadan / menjelang Lebaran","Jumlah pesanan atau project yang masuk, Kondisi fisik / capek / sakit",4,Ringkasan pemasukan dan pengeluaran,pekerja_harian,jawa_tengah,0,0,0,0,0,0,0,0,0,1,0,1,1,0,1,0,0,0,0,0,0,1,1,0,0,0,0,1,0,0
25,"Instagram / TikTok / YouTube, Projects.co.id",0,8,4,4,85000,100000,115000,95000,3,Awal bulan,"Jumlah pesanan atau project yang masuk, Jam saya bekerja",3,Ringkasan pemasukan dan pengeluaran,freelancer_desain,sumatera,0,0,1,0,1,0,0,0,0,0,0,0,1,0,0,0,0,0,0,0,1,1,0,0,0,0,0,1,0,0
23,WhatsApp / kenalan / pelanggan langsung,0,13,6,7,75000,105000,90000,70000,2,Akhir bulan / tanggal gajian,"Jumlah pesanan atau project yang masuk, Akhir pekan atau hari libur, Ada atau tidaknya promo dari aplikasi",4,"Saran batas pengeluaran minggu ini, Saran menabung",jualan_online,jawa_tengah,0,0,0,0,0,0,0,0,0,1,1,0,0,0,0,0,0,1,1,0,0,1,0,0,0,0,0,0,1,1
32,Gojek,1,62,6,8,1336200,600000,680000,510000,0,"Ramadan / menjelang Lebaran, Akhir pekan / Sabtu-Minggu, Awal bulan",Jumlah pesanan atau project yang masuk,5,"Ringkasan pemasukan dan pengeluaran, Saran batas pengeluaran minggu ini",ojek_online,jawa_timur,1,0,0,0,0,0,0,0,0,0,0,1,1,0,1,0,0,0,0,0,0,1,0,0,0,0,0,1,1,0
29,Shopee / Tokopedia / TikTok Shop,0,24,5,3,18400,16800,110000,100000,3,"Akhir bulan / tanggal gajian, Ramadan / menjelang Lebaran","Jumlah pesanan atau project yang masuk, Tanggal gajian / akhir bulan, Akhir pekan atau hari libur",3,"Pengingat kalau penghasilan sedang turun, Saran menabung, Saran batas pengeluaran minggu ini",jualan_online,jawa_tengah,0,0,0,0,0,1,0,0,0,0,1,0,0,0,1,0,0,0,1,0,0,1,0,0,1,1,0,0,1,1
31,"Gojek, Grab",1,10,7,9,845000,200000,795000,245000,0,Saat cuaca bagus,"Jumlah pesanan atau project yang masuk, Ada atau tidaknya promo dari aplikasi",4,Ringkasan pemasukan dan pengeluaran,ojek_online,sulawesi,1,1,0,0,0,0,0,0,0,0,0,0,0,0,0,0,1,1,0,0,0,1,0,0,0,0,0,1,0,0
22,"Instagram / TikTok / YouTube, WhatsApp / kenalan / pelanggan langsung",2,4,6,6,820000,1010000,830000,50000,4,Harbolnas / flash sale online / tanggal kembar,Jumlah pesanan atau project yang masuk,5,Pengingat kalau penghasilan sedang turun,jualan_online,jawa_tengah,0,0,1,0,0,0,0,0,0,1,0,0,0,1,0,0,0,0,0,0,0,1,0,0,0,1,0,0,0,0
17,WhatsApp / kenalan / pelanggan langsung,2,53,6,8,920000,780000,610000,430000,1,"Awal bulan, Akhir pekan / Sabtu-Minggu, Ramadan / menjelang Lebaran","Jumlah pesanan atau project yang masuk, Jam saya bekerja",5,Saran batas pengeluaran minggu ini,pekerja_harian,jabodetabek,0,0,0,0,0,0,0,0,0,1,0,1,1,0,1,0,0,0,0,0,1,1,0,0,0,0,0,0,1,0
22,"Projects.co.id, WhatsApp / kenalan / pelanggan langsung",0,3,6,6,290000,325000,325000,310000,2,Akhir bulan / tanggal gajian,"Jumlah pesanan atau project yang masuk, Tanggal gajian / akhir bulan",3,"Pengingat kalau penghasilan sedang turun, Saran menabung, Saran batas pengeluaran minggu ini",freelancer_desain,bali,0,0,0,0,1,0,0,0,0,1,1,0,0,0,0,0,0,0,0,0,0,1,0,0,1,1,0,0,1,1
39,Grab,2,13,7,7,670000,675000,570000,605000,3,Saat ada promo dari aplikasi,"Jumlah pesanan atau project yang masuk, Jam saya bekerja",4,Ringkasan pemasukan dan pengeluaran,kurir,jabodetabek,0,1,0,0,0,0,0,0,0,0,0,0,0,0,0,1,0,0,0,0,1,1,0,0,0,0,0,1,0,0
30,"WhatsApp / kenalan / pelanggan langsung, Shopee / Tokopedia / TikTok Shop",0,21,5,5,350000,345000,350000,405000,0,Ramadan / menjelang Lebaran,Jumlah pesanan atau project yang masuk,3,"Saran batas pengeluaran minggu ini, Saran menabung",content_creator,jabodetabek,0,0,0,0,0,1,0,0,0,1,0,0,0,0,1,0,0,0,0,0,0,1,0,0,0,0,0,0,1,1
34,ShopeeFood,2,14,7,9,920000,400000,940000,570000,1,Harbolnas / flash sale online / tanggal kembar,"Jumlah pesanan atau project yang masuk, Cuaca, Jam saya bekerja",5,"Saran batas pengeluaran minggu ini, Saran menabung",kurir,jawa_tengah,0,0,0,0,0,0,1,0,0,0,0,0,0,1,0,0,0,0,0,1,1,1,0,0,0,0,0,0,1,1
24,"Gojek, Maxim",2,3,7,11,545000,470000,1350000,1240000,1,"Awal bulan, Ramadan / menjelang Lebaran",Jumlah pesanan atau project yang masuk,4,"Saran batas pengeluaran minggu ini, Saran menabung, Perkiraan penghasilan minggu depan",ojek_online,sulawesi,1,0,0,1,0,0,0,0,0,0,0,0,1,0,1,0,0,0,0,0,0,1,0,0,0,0,1,0,1,1
28,Shopee / Tokopedia / TikTok Shop,1,57,7,6,390000,240000,250000,190000,4,"Saat ada promo dari aplikasi, Harbolnas / flash sale online / tanggal kembar","Jumlah pesanan atau project yang masuk, Akhir pekan atau hari libur, Ada atau tidaknya promo dari aplikasi",4,"Saran batas pengeluaran minggu ini, Saran menabung",jualan_online,jabodetabek,0,0,0,0,0,1,0,0,0,0,0,0,0,1,0,1,0,1,1,0,0,1,0,0,0,0,0,0,1,1
24,WhatsApp / kenalan / pelanggan langsung,2,18,7,8,820000,825000,245000,500000,2,Akhir pekan / Sabtu-Minggu,"Jumlah pesanan atau project yang masuk, Kondisi fisik / capek / sakit",5,"Pengingat kalau penghasilan sedang turun, Saran menabung",pekerja_harian,jabodetabek,0,0,0,0,0,0,0,0,0,1,0,1,0,0,0,0,0,0,0,0,0,1,1,0,0,1,0,0,0,1
41,WhatsApp / kenalan / pelanggan langsung,2,18,6,8,525000,550000,570000,600000,0,"Ramadan / menjelang Lebaran, Awal bulan, Akhir pekan / Sabtu-Minggu","Jumlah pesanan atau project yang masuk, Akhir pekan atau hari libur, Kondisi fisik / capek / sakit",5,"Ringkasan pemasukan dan pengeluaran, Saran batas pengeluaran minggu ini, Perkiraan penghasilan minggu depan",pekerja_harian,bandung,0,0,0,0,0,0,0,0,0,1,0,1,1,0,1,0,0,0,1,0,0,1,1,0,0,0,1,1,1,0
32,"Instagram / TikTok / YouTube, WhatsApp / kenalan / pelanggan langsung",1,37,6,7,210000,420000,425000,350000,3,"Ramadan / menjelang Lebaran, Harbolnas / flash sale online / tanggal kembar, Akhir bulan / tanggal gajian","Jumlah pesanan atau project yang masuk, Tanggal gajian / akhir bulan",3,"Ringkasan pemasukan dan pengeluaran, Pengingat kalau penghasilan sedang turun",jualan_online,bandung,0,0,1,0,0,0,0,0,0,1,1,0,0,1,1,0,0,0,0,0,0,1,0,0,1,1,0,1,0,0
40,Gojek,2,14,6,11,1080000,1125000,950000,990000,2,Ramadan / menjelang Lebaran,"Jumlah pesanan atau project yang masuk, Rating atau ulasan pelanggan",5,"Saran batas pengeluaran minggu ini, Pengingat kalau penghasilan sedang turun, Ringkasan pemasukan dan pengeluaran",ojek_online,jawa_tengah,1,0,0,0,0,0,0,0,0,0,0,0,0,0,1,0,0,0,0,0,0,1,0,1,0,1,0,1,1,0
25,"Shopee / Tokopedia / TikTok Shop, Instagram / TikTok / YouTube",2,24,5,5,475000,650000,600000,575000,2,"Harbolnas / flash sale online / tanggal kembar, Akhir bulan / tanggal gajian, Saat ada promo dari aplikasi","Jumlah pesanan atau project yang masuk, Ada atau tidaknya promo dari aplikasi, Tanggal gajian / akhir bulan",3,"Saran menabung, Ringkasan pemasukan dan pengeluaran, Pengingat kalau penghasilan sedang turun",jualan_online,sumatera,0,0,1,0,0,1,0,0,0,0,1,0,0,1,0,1,0,1,0,0,0,1,0,0,1,1,0,1,0,1
23,"Instagram / TikTok / YouTube, WhatsApp / kenalan / pelanggan langsung, Shopee / Tokopedia / TikTok Shop",1,3,5,6,170000,145000,475000,195000,4,"Saat ada promo dari aplikasi, Harbolnas / flash sale online / tanggal kembar","Jumlah pesanan atau project yang masuk, Akhir pekan atau hari libur",5,"Saran batas pengeluaran minggu ini, Saran menabung, Perkiraan penghasilan minggu depan",jualan_online,bali,0,0,1,0,0,1,0,0,0,1,0,0,0,1,0,1,0,0,1,0,0,1,0,0,0,0,1,0,1,1
19,"Instagram / TikTok / YouTube, WhatsApp / kenalan / pelanggan langsung",1,28,5,5,350000,360000,405000,330000,1,"Harbolnas / flash sale online / tanggal kembar, Akhir pekan / Sabtu-Minggu","Jumlah pesanan atau project yang masuk, Tanggal gajian / akhir bulan",4,Ringkasan pemasukan dan pengeluaran,content_creator,sumatera,0,0,1,0,0,0,0,0,0,1,0,1,0,1,0,0,0,0,0,0,0,1,0,0,1,0,0,1,0,0
28,"WhatsApp / kenalan / pelanggan langsung, Instagram / TikTok / YouTube",1,6,4,8,410000,360000,400000,315000,4,Akhir bulan / tanggal gajian,Jumlah pesanan atau project yang masuk,5,"Ringkasan pemasukan dan pengeluaran, Pengingat kalau penghasilan sedang turun",freelancer_desain,bandung,0,0,1,0,0,0,0,0,0,1,1,0,0,0,0,0,0,0,0,0,0,1,0,0,0,1,0,1,0,0
30,Projects.co.id,1,8,3,9,425000,500000,900000,390000,1,Awal bulan,"Jumlah pesanan atau project yang masuk, Jam saya bekerja, Tanggal gajian / akhir bulan",3,"Ringkasan pemasukan dan pengeluaran, Saran batas pengeluaran minggu ini",freelancer_it,jabodetabek,0,0,0,0,1,0,0,0,0,0,0,0,1,0,0,0,0,0,0,0,1,1,0,0,1,0,0,1,1,0
21,Projects.co.id,0,29,3,5,600000,600000,455000,480000,4,"Akhir bulan / tanggal gajian, Awal bulan",Jumlah pesanan atau project yang masuk,4,"Saran batas pengeluaran minggu ini, Saran menabung",freelancer_desain,jabodetabek,0,0,0,0,1,0,0,0,0,0,1,0,1,0,0,0,0,0,0,0,0,1,0,0,0,0,0,0,1,1
25,"Instagram / TikTok / YouTube, Website freelance seperti Fiverr",2,11,6,5,850000,715000,1075000,1342800,0,"Akhir bulan / tanggal gajian, Awal bulan","Jumlah pesanan atau project yang masuk, Rating atau ulasan pelanggan",4,"Saran batas pengeluaran minggu ini, Ringkasan pemasukan dan pengeluaran, Saran menabung",freelancer_desain,jabodetabek,0,0,1,0,0,0,0,0,1,0,1,0,1,0,0,0,0,0,0,0,0,1,0,1,0,0,0,1,1,1
20,"Shopee / Tokopedia / TikTok Shop, WhatsApp / kenalan / pelanggan langsung",0,2,4,3,175000,220000,490000,490000,4,"Harbolnas / flash sale online / tanggal kembar, Akhir pekan / Sabtu-Minggu, Ramadan / menjelang Lebaran",Jumlah pesanan atau project yang masuk,2,Ringkasan pemasukan dan pengeluaran,content_creator,bandung,0,0,0,0,0,1,0,0,0,1,0,1,0,1,1,0,0,0,0,0,0,1,0,0,0,0,0,1,0,0
22,Gojek,2,13,6,9,855000,700000,900000,825000,3,"Awal bulan, Ramadan / menjelang Lebaran, Akhir pekan / Sabtu-Minggu","Jumlah pesanan atau project yang masuk, Jam saya bekerja",4,"Ringkasan pemasukan dan pengeluaran, Pengingat kalau penghasilan sedang turun, Perkiraan penghasilan minggu depan",ojek_online,jawa_barat_lainnya,1,0,0,0,0,0,0,0,0,0,0,1,1,0,1,0,0,0,0,0,1,1,0,0,0,1,1,1,0,0
29,"Shopee / Tokopedia / TikTok Shop, WhatsApp / kenalan / pelanggan langsung, Instagram / TikTok / YouTube",0,16,5,4,505000,370000,600000,680000,4,"Saat ada promo dari aplikasi, Awal bulan, Akhir bulan / tanggal gajian","Jumlah pesanan atau project yang masuk, Ada atau tidaknya promo dari aplikasi, Akhir pekan atau hari libur",3,Ringkasan pemasukan dan pengeluaran,jualan_online,jawa_timur,0,0,1,0,0,1,0,0,0,1,1,0,1,0,0,1,0,1,1,0,0,1,0,0,0,0,0,1,0,0
23,"Instagram / TikTok / YouTube, WhatsApp / kenalan / pelanggan langsung",2,31,5,4,425000,380000,340000,420000,1,Awal bulan,"Jumlah pesanan atau project yang masuk, Tanggal gajian / akhir bulan, Rating atau ulasan pelanggan",5,Ringkasan pemasukan dan pengeluaran,freelancer_desain,bali,0,0,1,0,0,0,0,0,0,1,0,0,1,0,0,0,0,0,0,0,0,1,0,1,1,0,0,1,0,0
23,Website freelance seperti Fiverr,2,69,6,5,785000,900000,1290000,875000,0,"Akhir bulan / tanggal gajian, Awal bulan, Ramadan / menjelang Lebaran","Jumlah pesanan atau project yang masuk, Tanggal gajian / akhir bulan, Rating atau ulasan pelanggan",4,"Ringkasan pemasukan dan pengeluaran, Saran batas pengeluaran minggu ini",freelancer_it,jabodetabek,0,0,0,0,0,0,0,0,1,0,1,0,1,0,1,0,0,0,0,0,0,1,0,1,1,0,0,1,1,0
33,Shopee / Tokopedia / TikTok Shop,1,16,4,3,525000,570000,590000,530000,3,Ramadan / menjelang Lebaran,"Jumlah pesanan atau project yang masuk, Ada atau tidaknya promo dari aplikasi",2,Saran menabung,jualan_online,bandung,0,0,0,0,0,1,0,0,0,0,0,0,0,0,1,0,0,1,0,0,0,1,0,0,0,0,0,0,0,1
47,"Gojek, ShopeeFood",2,39,6,10,1336200,500000,725000,650000,0,"Saat ada promo dari aplikasi, Awal bulan","Jumlah pesanan atau project yang masuk, Ada atau tidaknya promo dari aplikasi, Cuaca",4,"Saran batas pengeluaran minggu ini, Pengingat kalau penghasilan sedang turun, Perkiraan penghasilan minggu depan",kurir,jabodetabek,1,0,0,0,0,0,1,0,0,0,0,0,1,0,0,1,0,1,0,1,0,1,0,0,0,1,1,0,1,0
39,WhatsApp / kenalan / pelanggan langsung,2,80,7,10,250000,200000,225000,430000,4,"Awal bulan, Ramadan / menjelang Lebaran, Akhir pekan / Sabtu-Minggu","Jumlah pesanan atau project yang masuk, Akhir pekan atau hari libur",4,"Pengingat kalau penghasilan sedang turun, Saran batas pengeluaran minggu ini",pekerja_harian,sumatera,0,0,0,0,0,0,0,0,0,1,0,1,1,0,1,0,0,0,1,0,0,1,0,0,0,1,0,0,1,0
21,"Shopee / Tokopedia / TikTok Shop, Instagram / TikTok / YouTube",0,1,6,6,155000,16800,150000,150000,0,"Akhir pekan / Sabtu-Minggu, Harbolnas / flash sale online / tanggal kembar","Jumlah pesanan atau project yang masuk, Akhir pekan atau hari libur, Ada atau tidaknya promo dari aplikasi",4,"Pengingat kalau penghasilan sedang turun, Ringkasan pemasukan dan pengeluaran, Perkiraan penghasilan minggu depan",content_creator,jabodetabek,0,0,1,0,0,1,0,0,0,0,0,1,0,1,0,0,0,1,1,0,0,1,0,0,0,1,1,1,0,0
36,"Gojek, Maxim",1,12,7,8,610000,625000,725000,625000,3,"Saat ada promo dari aplikasi, Awal bulan","Jumlah pesanan atau project yang masuk, Cuaca",4,"Pengingat kalau penghasilan sedang turun, Saran batas pengeluaran minggu ini, Saran menabung",ojek_online,jawa_timur,1,0,0,1,0,0,0,0,0,0,0,0,1,0,0,1,0,0,0,1,0,1,0,0,0,1,0,0,1,1
17,"WhatsApp / kenalan / pelanggan langsung, Shopee / Tokopedia / TikTok Shop",0,17,4,6,18400,175000,180000,280000,0,"Ramadan / menjelang Lebaran, Akhir pekan / Sabtu-Minggu","Jumlah pesanan atau project yang masuk, Akhir pekan atau hari libur",3,"Pengingat kalau penghasilan sedang turun, Saran menabung, Saran batas pengeluaran minggu ini",content_creator,jawa_barat_lainnya,0,0,0,0,0,1,0,0,0,1,0,1,0,0,1,0,0,0,1,0,0,1,0,0,0,1,0,0,1,1
36,Grab,2,23,6,7,775000,835000,900000,820000,2,"Akhir pekan / Sabtu-Minggu, Harbolnas / flash sale online / tanggal kembar",Jumlah pesanan atau project yang masuk,4,"Pengingat kalau penghasilan sedang turun, Saran batas pengeluaran minggu ini, Perkiraan penghasilan minggu depan",kurir,bandung,0,1,0,0,0,0,0,0,0,0,0,1,0,1,0,0,0,0,0,0,0,1,0,0,0,1,1,0,1,0
18,Instagram / TikTok / YouTube,1,38,3,5,310000,310000,405000,225000,0,"Awal bulan, Akhir pekan / Sabtu-Minggu, Akhir bulan / tanggal gajian","Jumlah pesanan atau project yang masuk, Tanggal gajian / akhir bulan",3,"Saran menabung, Pengingat kalau penghasilan sedang turun, Saran batas pengeluaran minggu ini",tutor,bandung,0,0,1,0,0,0,0,0,0,0,1,1,1,0,0,0,0,0,0,0,0,1,0,0,1,1,0,0,1,1
18,"WhatsApp / kenalan / pelanggan langsung, Instagram / TikTok / YouTube",1,45,2,2,175000,375000,400000,215000,1,Akhir pekan / Sabtu-Minggu,Jumlah pesanan atau project yang masuk,5,"Saran menabung, Saran batas pengeluaran minggu ini, Perkiraan penghasilan minggu depan",tutor,jawa_timur,0,0,1,0,0,0,0,0,0,1,0,1,0,0,0,0,0,0,0,0,0,1,0,0,0,0,1,0,1,1
26,"Instagram / TikTok / YouTube, WhatsApp / kenalan / pelanggan langsung",0,24,3,5,140000,135000,80000,6800,4,"Akhir pekan / Sabtu-Minggu, Awal bulan, Akhir bulan / tanggal gajian","Jumlah pesanan atau project yang masuk, Jam saya bekerja, Tanggal gajian / akhir bulan",3,"Pengingat kalau penghasilan sedang turun, Ringkasan pemasukan dan pengeluaran, Saran menabung",tutor,jawa_tengah,0,0,1,0,0,0,0,0,0,1,1,1,1,0,0,0,0,0,0,0,1,1,0,0,1,1,0,1,0,1
22,Gojek,2,75,5,8,1000000,755000,1350000,1200000,1,"Ramadan / menjelang Lebaran, Saat ada promo dari aplikasi, Akhir pekan / Sabtu-Minggu","Jumlah pesanan atau project yang masuk, Cuaca, Ada atau tidaknya promo dari aplikasi",4,"Pengingat kalau penghasilan sedang turun, Saran menabung, Perkiraan penghasilan minggu depan",ojek_online,sumatera,1,0,0,0,0,0,0,0,0,0,0,1,0,0,1,1,0,1,0,1,0,1,0,0,0,1,1,0,0,1
26,"WhatsApp / kenalan / pelanggan langsung, Shopee / Tokopedia / TikTok Shop",1,51,5,7,35000,640000,600000,755000,1,"Ramadan / menjelang Lebaran, Akhir pekan / Sabtu-Minggu, Harbolnas / flash sale online / tanggal kembar","Jumlah pesanan atau project yang masuk, Ada atau tidaknya promo dari aplikasi, Tanggal gajian / akhir bulan",4,"Saran menabung, Saran batas pengeluaran minggu ini, Pengingat kalau penghasilan sedang turun",content_creator,jabodetabek,0,0,0,0,0,1,0,0,0,1,0,1,0,1,1,0,0,1,0,0,0,1,0,0,1,1,0,0,1,1
28,Shopee / Tokopedia / TikTok Shop,0,34,4,3,325000,505000,510000,200000,3,"Akhir pekan / Sabtu-Minggu, Ramadan / menjelang Lebaran","Jumlah pesanan atau project yang masuk, Ada atau tidaknya promo dari aplikasi",4,Pengingat kalau penghasilan sedang turun,content_creator,kalimantan,0,0,0,0,0,1,0,0,0,0,0,1,0,0,1,0,0,1,0,0,0,1,0,0,0,1,0,0,0,0
25,Shopee / Tokopedia / TikTok Shop,0,37,5,7,480000,475000,460000,450000,1,Ramadan / menjelang Lebaran,"Jumlah pesanan atau project yang masuk, Tanggal gajian / akhir bulan",5,"Saran menabung, Perkiraan penghasilan minggu depan",jualan_online,sulawesi,0,0,0,0,0,1,0,0,0,0,0,0,0,0,1,0,0,0,0,0,0,1,0,0,1,0,1,0,0,1
23,"Website freelance seperti Fiverr, Projects.co.id",0,18,4,8,85000,260000,10000,200000,2,Awal bulan,Jumlah pesanan atau project yang masuk,5,"Saran menabung, Saran batas pengeluaran minggu ini, Perkiraan penghasilan minggu depan",freelancer_it,jabodetabek,0,0,0,0,1,0,0,0,1,0,0,0,1,0,0,0,0,0,0,0,0,1,0,0,0,0,1,0,1,1
39,Instagram / TikTok / YouTube,2,20,6,5,265000,275000,515000,570000,4,"Akhir bulan / tanggal gajian, Ramadan / menjelang Lebaran, Harbolnas / flash sale online / tanggal kembar",Jumlah pesanan atau project yang masuk,3,Pengingat kalau penghasilan sedang turun,jualan_online,jabodetabek,0,0,1,0,0,0,0,0,0,0,1,0,0,1,1,0,0,0,0,0,0,1,0,0,0,1,0,0,0,0
26,Shopee / Tokopedia / TikTok Shop,2,12,5,7,605000,830000,375000,675000,2,Akhir bulan / tanggal gajian,"Jumlah pesanan atau project yang masuk, Tanggal gajian / akhir bulan",3,"Ringkasan pemasukan dan pengeluaran, Saran batas pengeluaran minggu ini, Pengingat kalau penghasilan sedang turun",jualan_online,sumatera,0,0,0,0,0,1,0,0,0,0,1,0,0,0,0,0,0,0,0,0,0,1,0,0,1,1,0,1,1,0
37,WhatsApp / kenalan / pelanggan langsung,2,26,6,5,890000,915000,775000,500000,2,"Harbolnas / flash sale online / tanggal kembar, Akhir bulan / tanggal gajian, Ramadan / menjelang Lebaran","Jumlah pesanan atau project yang masuk, Ada atau tidaknya promo dari aplikasi, Akhir pekan atau hari libur",5,"Saran batas pengeluaran minggu ini, Saran menabung",jualan_online,sulawesi,0,0,0,0,0,0,0,0,0,1,1,0,0,1,1,0,0,1,1,0,0,1,0,0,0,0,0,0,1,1
32,"Projects.co.id, WhatsApp / kenalan / pelanggan langsung",1,14,4,8,350000,310000,350000,350000,1,Akhir bulan / tanggal gajian,Jumlah pesanan atau project yang masuk,4,"Ringkasan pemasukan dan pengeluaran, Pengingat kalau penghasilan sedang turun",freelancer_desain,jawa_barat_lainnya,0,0,0,0,1,0,0,0,0,1,1,0,0,0,0,0,0,0,0,0,0,1,0,0,0,1,0,1,0,0
31,"WhatsApp / kenalan / pelanggan langsung, Projects.co.id",1,58,5,5,325000,310000,380000,350000,3,Akhir bulan / tanggal gajian,Jumlah pesanan atau project yang masuk,4,Ringkasan pemasukan dan pengeluaran,freelancer_desain,kalimantan,0,0,0,0,1,0,0,0,0,1,1,0,0,0,0,0,0,0,0,0,0,1,0,0,0,0,0,1,0,0
38,Gojek,2,23,5,9,1336200,800000,1040000,1330000,1,Ramadan / menjelang Lebaran,"Jumlah pesanan atau project yang masuk, Ada atau tidaknya promo dari aplikasi, Rating atau ulasan pelanggan",4,"Ringkasan pemasukan dan pengeluaran, Perkiraan penghasilan minggu depan",ojek_online,kalimantan,1,0,0,0,0,0,0,0,0,0,0,0,0,0,1,0,0,1,0,0,0,1,0,1,0,0,1,1,0,0
26,"Projects.co.id, Website freelance seperti Fiverr",1,17,5,4,570000,360000,1340000,775000,4,Akhir bulan / tanggal gajian,"Jumlah pesanan atau project yang masuk, Jam saya bekerja, Tanggal gajian / akhir bulan",5,"Saran menabung, Perkiraan penghasilan minggu depan",freelancer_it,jabodetabek,0,0,0,0,1,0,0,0,1,0,1,0,0,0,0,0,0,0,0,0,1,1,0,0,1,0,1,0,0,1
30,"WhatsApp / kenalan / pelanggan langsung, Projects.co.id",1,16,6,6,190000,250000,250000,230000,0,"Akhir bulan / tanggal gajian, Awal bulan, Ramadan / menjelang Lebaran","Jumlah pesanan atau project yang masuk, Tanggal gajian / akhir bulan, Jam saya bekerja",3,"Pengingat kalau penghasilan sedang turun, Ringkasan pemasukan dan pengeluaran, Saran menabung",freelancer_desain,jawa_barat_lainnya,0,0,0,0,1,0,0,0,0,1,1,0,1,0,1,0,0,0,0,0,1,1,0,0,1,1,0,1,0,1
35,WhatsApp / kenalan / pelanggan langsung,2,72,7,8,715000,565000,500000,300000,2,"Akhir pekan / Sabtu-Minggu, Ramadan / menjelang Lebaran","Jumlah pesanan atau project yang masuk, Kondisi fisik / capek / sakit",5,"Pengingat kalau penghasilan sedang turun, Saran menabung, Perkiraan penghasilan minggu depan",pekerja_harian,jawa_barat_lainnya,0,0,0,0,0,0,0,0,0,1,0,1,0,0,1,0,0,0,0,0,0,1,1,0,0,1,1,0,0,1
24,"WhatsApp / kenalan / pelanggan langsung, Website freelance seperti Fiverr",1,21,6,7,290000,1060000,470000,650000,2,"Akhir bulan / tanggal gajian, Awal bulan","Jumlah pesanan atau project yang masuk, Tanggal gajian / akhir bulan, Rating atau ulasan pelanggan",4,Pengingat kalau penghasilan sedang turun,freelancer_desain,jawa_tengah,0,0,0,0,0,0,0,0,1,1,1,0,1,0,0,0,0,0,0,0,0,1,0,1,1,1,0,0,0,0
37,WhatsApp / kenalan / pelanggan langsung,1,53,4,6,500000,350000,1090000,380000,3,Akhir pekan / Sabtu-Minggu,"Jumlah pesanan atau project yang masuk, Akhir pekan atau hari libur",4,"Ringkasan pemasukan dan pengeluaran, Saran menabung, Perkiraan penghasilan minggu depan",pekerja_harian,jawa_timur,0,0,0,0,0,0,0,0,0,1,0,1,0,0,0,0,0,0,1,0,0,1,0,0,0,0,1,1,0,1
26,WhatsApp / kenalan / pelanggan langsung,0,30,3,4,100000,220000,170000,100000,2,"Awal bulan, Akhir pekan / Sabtu-Minggu","Jumlah pesanan atau project yang masuk, Tanggal gajian / akhir bulan, Jam saya bekerja",5,"Saran menabung, Saran batas pengeluaran minggu ini, Pengingat kalau penghasilan sedang turun",tutor,sulawesi,0,0,0,0,0,0,0,0,0,1,0,1,1,0,0,0,0,0,0,0,1,1,0,0,1,1,0,0,1,1
17,WhatsApp / kenalan / pelanggan langsung,0,4,5,6,355000,335000,300000,300000,1,"Akhir pekan / Sabtu-Minggu, Harbolnas / flash sale online / tanggal kembar, Ramadan / menjelang Lebaran","Jumlah pesanan atau project yang masuk, Tanggal gajian / akhir bulan, Akhir pekan atau hari libur",5,"Pengingat kalau penghasilan sedang turun, Saran menabung, Perkiraan penghasilan minggu depan",content_creator,bandung,0,0,0,0,0,0,0,0,0,1,0,1,0,1,1,0,0,0,1,0,0,1,0,0,1,1,1,0,0,1
30,"WhatsApp / kenalan / pelanggan langsung, Website freelance seperti Fiverr",0,12,4,7,30000,30000,775000,25000,3,"Awal bulan, Akhir bulan / tanggal gajian","Jumlah pesanan atau project yang masuk, Jam saya bekerja, Rating atau ulasan pelanggan",3,Saran batas pengeluaran minggu ini,freelancer_it,jawa_tengah,0,0,0,0,0,0,0,0,1,1,1,0,1,0,0,0,0,0,0,0,1,1,0,1,0,0,0,0,1,0
25,"Projects.co.id, Website freelance seperti Fiverr",1,31,3,9,25000,25000,30000,650000,4,"Awal bulan, Akhir bulan / tanggal gajian",Jumlah pesanan atau project yang masuk,5,"Saran batas pengeluaran minggu ini, Ringkasan pemasukan dan pengeluaran, Pengingat kalau penghasilan sedang turun",freelancer_it,jawa_tengah,0,0,0,0,1,0,0,0,1,0,1,0,1,0,0,0,0,0,0,0,0,1,0,0,0,1,0,1,1,0
34,"ShopeeFood, Grab",1,22,7,10,675000,675000,1350000,575000,4,"Awal bulan, Saat ada promo dari aplikasi, Harbolnas / flash sale online / tanggal kembar","Jumlah pesanan atau project yang masuk, Cuaca, Ada atau tidaknya promo dari aplikasi",2,"Saran menabung, Saran batas pengeluaran minggu ini, Ringkasan pemasukan dan pengeluaran",kurir,jabodetabek,0,1,0,0,0,0,1,0,0,0,0,0,1,1,0,1,0,1,0,1,0,1,0,0,0,0,0,1,1,1
31,Website freelance seperti Fiverr,0,36,5,7,445000,420000,395000,575000,4,"Awal bulan, Akhir bulan / tanggal gajian",Jumlah pesanan atau project yang masuk,4,"Pengingat kalau penghasilan sedang turun, Saran batas pengeluaran minggu ini",freelancer_it,jawa_tengah,0,0,0,0,0,0,0,0,1,0,1,0,1,0,0,0,0,0,0,0,0,1,0,0,0,1,0,0,1,0
21,"Projects.co.id, Website freelance seperti Fiverr",0,82,4,4,90000,75000,80000,80000,4,Akhir bulan / tanggal gajian,"Jumlah pesanan atau project yang masuk, Rating atau ulasan pelanggan, Jam saya bekerja",5,"Saran menabung, Saran batas pengeluaran minggu ini, Perkiraan penghasilan minggu depan",freelancer_desain,sulawesi,0,0,0,0,1,0,0,0,1,0,1,0,0,0,0,0,0,0,0,0,1,1,0,1,0,0,1,0,1,1
48,WhatsApp / kenalan / pelanggan langsung,2,48,7,9,625000,540000,500000,505000,4,Ramadan / menjelang Lebaran,"Jumlah pesanan atau project yang masuk, Jam saya bekerja, Kondisi fisik / capek / sakit",2,Ringkasan pemasukan dan pengeluaran,pekerja_harian,jawa_timur,0,0,0,0,0,0,0,0,0,1,0,0,0,0,1,0,0,0,0,0,1,1,1,0,0,0,0,1,0,0
34,WhatsApp / kenalan / pelanggan langsung,0,8,4,5,380000,555000,520000,350000,0,"Saat ada promo dari aplikasi, Awal bulan","Jumlah pesanan atau project yang masuk, Akhir pekan atau hari libur",2,"Ringkasan pemasukan dan pengeluaran, Saran batas pengeluaran minggu ini, Saran menabung",jualan_online,kalimantan,0,0,0,0,0,0,0,0,0,1,0,0,1,0,0,1,0,0,1,0,0,1,0,0,0,0,0,1,1,1
30,ShopeeFood,2,2,7,11,1000000,700000,540000,420000,1,"Saat ada promo dari aplikasi, Awal bulan","Jumlah pesanan atau project yang masuk, Cuaca, Ada atau tidaknya promo dari aplikasi",3,"Saran batas pengeluaran minggu ini, Pengingat kalau penghasilan sedang turun, Saran menabung",kurir,sulawesi,0,0,0,0,0,0,1,0,0,0,0,0,1,0,0,1,0,1,0,1,0,1,0,0,0,1,0,0,1,1
30,WhatsApp / kenalan / pelanggan langsung,0,55,6,8,220000,200000,210000,210000,1,"Awal bulan, Ramadan / menjelang Lebaran","Jumlah pesanan atau project yang masuk, Akhir pekan atau hari libur",2,Pengingat kalau penghasilan sedang turun,pekerja_harian,jabodetabek,0,0,0,0,0,0,0,0,0,1,0,0,1,0,1,0,0,0,1,0,0,1,0,0,0,1,0,0,0,0
31,WhatsApp / kenalan / pelanggan langsung,2,65,7,11,470000,320000,475000,520000,4,"Saat ada promo dari aplikasi, Akhir pekan / Sabtu-Minggu, Awal bulan",Jumlah pesanan atau project yang masuk,5,"Pengingat kalau penghasilan sedang turun, Perkiraan penghasilan minggu depan",kurir,bali,0,0,0,0,0,0,0,0,0,1,0,1,1,0,0,1,0,0,0,0,0,1,0,0,0,1,1,0,0,0
20,"WhatsApp / kenalan / pelanggan langsung, Shopee / Tokopedia / TikTok Shop",0,18,5,3,110000,75000,100000,50000,1,"Harbolnas / flash sale online / tanggal kembar, Akhir pekan / Sabtu-Minggu","Jumlah pesanan atau project yang masuk, Tanggal gajian / akhir bulan",3,"Pengingat kalau penghasilan sedang turun, Saran batas pengeluaran minggu ini, Saran menabung",content_creator,jabodetabek,0,0,0,0,0,1,0,0,0,1,0,1,0,1,0,0,0,0,0,0,0,1,0,0,1,1,0,0,1,1
29,WhatsApp / kenalan / pelanggan langsung,1,54,3,5,725000,310000,725000,250000,1,"Akhir pekan / Sabtu-Minggu, Ramadan / menjelang Lebaran","Jumlah pesanan atau project yang masuk, Kondisi fisik / capek / sakit",3,"Saran batas pengeluaran minggu ini, Pengingat kalau penghasilan sedang turun, Ringkasan pemasukan dan pengeluaran",pekerja_harian,bali,0,0,0,0,0,0,0,0,0,1,0,1,0,0,1,0,0,0,0,0,0,1,1,0,0,1,0,1,1,0
43,"Instagram / TikTok / YouTube, WhatsApp / kenalan / pelanggan langsung",2,14,6,8,525000,450000,665000,650000,4,Saat ada promo dari aplikasi,Jumlah pesanan atau project yang masuk,5,"Saran menabung, Ringkasan pemasukan dan pengeluaran, Perkiraan penghasilan minggu depan",jualan_online,jabodetabek,0,0,1,0,0,0,0,0,0,1,0,0,0,0,0,1,0,0,0,0,0,1,0,0,0,0,1,1,0,1
22,WhatsApp / kenalan / pelanggan langsung,0,20,3,3,205000,200000,200000,6800,2,Awal bulan,"Jumlah pesanan atau project yang masuk, Kondisi fisik / capek / sakit, Jam saya bekerja",3,"Saran batas pengeluaran minggu ini, Saran menabung",tutor,bandung,0,0,0,0,0,0,0,0,0,1,0,0,1,0,0,0,0,0,0,0,1,1,1,0,0,0,0,0,1,1
21,Website freelance seperti Fiverr,2,4,3,4,570000,125000,475000,375000,1,"Akhir bulan / tanggal gajian, Awal bulan","Jumlah pesanan atau project yang masuk, Tanggal gajian / akhir bulan, Rating atau ulasan pelanggan",4,"Saran batas pengeluaran minggu ini, Pengingat kalau penghasilan sedang turun, Ringkasan pemasukan dan pengeluaran",freelancer_desain,jabodetabek,0,0,0,0,0,0,0,0,1,0,1,0,1,0,0,0,0,0,0,0,0,1,0,1,1,1,0,1,1,0
23,"Instagram / TikTok / YouTube, Website freelance seperti Fiverr",0,42,5,5,325000,275000,220000,200000,2,"Awal bulan, Akhir bulan / tanggal gajian","Jumlah pesanan atau project yang masuk, Tanggal gajian / akhir bulan",5,"Pengingat kalau penghasilan sedang turun, Saran batas pengeluaran minggu ini, Perkiraan penghasilan minggu depan",freelancer_desain,jawa_timur,0,0,1,0,0,0,0,0,1,0,1,0,1,0,0,0,0,0,0,0,0,1,0,0,1,1,1,0,1,0
25,"Instagram / TikTok / YouTube, Shopee / Tokopedia / TikTok Shop",0,44,5,6,550000,510000,300000,200000,4,"Harbolnas / flash sale online / tanggal kembar, Ramadan / menjelang Lebaran","Jumlah pesanan atau project yang masuk, Akhir pekan atau hari libur, Ada atau tidaknya promo dari aplikasi",3,"Saran menabung, Pengingat kalau penghasilan sedang turun, Saran batas pengeluaran minggu ini",content_creator,bandung,0,0,1,0,0,1,0,0,0,0,0,0,0,1,1,0,0,1,1,0,0,1,0,0,0,1,0,0,1,1
31,"Grab, Maxim",2,78,5,7,615000,625000,590000,630000,4,Awal bulan,"Jumlah pesanan atau project yang masuk, Cuaca, Rating atau ulasan pelanggan",3,Pengingat kalau penghasilan sedang turun,ojek_online,jawa_timur,0,1,0,1,0,0,0,0,0,0,0,0,1,0,0,0,0,0,0,1,0,1,0,1,0,1,0,0,0,0
22,"WhatsApp / kenalan / pelanggan langsung, Shopee / Tokopedia / TikTok Shop",0,65,5,6,18400,75000,40000,40000,1,Akhir pekan / Sabtu-Minggu,"Jumlah pesanan atau project yang masuk, Tanggal gajian / akhir bulan, Ada atau tidaknya promo dari aplikasi",3,Saran menabung,content_creator,jabodetabek,0,0,0,0,0,1,0,0,0,1,0,1,0,0,0,0,0,1,0,0,0,1,0,0,1,0,0,0,0,1
27,Instagram / TikTok / YouTube,0,31,3,6,75000,115000,140000,125000,3,"Awal bulan, Akhir bulan / tanggal gajian","Jumlah pesanan atau project yang masuk, Rating atau ulasan pelanggan, Tanggal gajian / akhir bulan",2,"Saran batas pengeluaran minggu ini, Pengingat kalau penghasilan sedang turun",freelancer_desain,jawa_timur,0,0,1,0,0,0,0,0,0,0,1,0,1,0,0,0,0,0,0,0,0,1,0,1,1,1,0,0,1,0
28,"Website freelance seperti Fiverr, WhatsApp / kenalan / pelanggan langsung",1,82,5,6,320000,675000,630000,290000,4,Awal bulan,"Jumlah pesanan atau project yang masuk, Jam saya bekerja",4,"Saran menabung, Ringkasan pemasukan dan pengeluaran, Perkiraan penghasilan minggu depan",freelancer_desain,jabodetabek,0,0,0,0,0,0,0,0,1,1,0,0,1,0,0,0,0,0,0,0,1,1,0,0,0,0,1,1,0,1
34,WhatsApp / kenalan / pelanggan langsung,0,19,3,6,80000,50000,150000,130000,1,"Akhir pekan / Sabtu-Minggu, Awal bulan, Ramadan / menjelang Lebaran","Jumlah pesanan atau project yang masuk, Akhir pekan atau hari libur, Jam saya bekerja",4,"Saran menabung, Perkiraan penghasilan minggu depan",pekerja_harian,sulawesi,0,0,0,0,0,0,0,0,0,1,0,1,1,0,1,0,0,0,1,0,1,1,0,0,0,0,1,0,0,1
34,"Gojek, Maxim",2,3,7,9,610000,425000,440000,540000,1,Saat ada promo dari aplikasi,"Jumlah pesanan atau project yang masuk, Ada atau tidaknya promo dari aplikasi",5,"Saran menabung, Ringkasan pemasukan dan pengeluaran, Perkiraan penghasilan minggu depan",ojek_online,jawa_timur,1,0,0,1,0,0,0,0,0,0,0,0,0,0,0,1,0,1,0,0,0,1,0,0,0,0,1,1,0,1
45,WhatsApp / kenalan / pelanggan langsung,2,19,7,6,380000,370000,320000,330000,3,"Akhir pekan / Sabtu-Minggu, Awal bulan","Jumlah pesanan atau project yang masuk, Kondisi fisik / capek / sakit",3,Saran menabung,pekerja_harian,sumatera,0,0,0,0,0,0,0,0,0,1,0,1,1,0,0,0,0,0,0,0,0,1,1,0,0,0,0,0,0,1
22,ShopeeFood,1,35,6,9,925000,840000,270000,210000,0,Akhir pekan / Sabtu-Minggu,"Jumlah pesanan atau project yang masuk, Cuaca",4,"Saran batas pengeluaran minggu ini, Ringkasan pemasukan dan pengeluaran, Perkiraan penghasilan minggu depan",kurir,jawa_timur,0,0,0,0,0,0,1,0,0,0,0,1,0,0,0,0,0,0,0,1,0,1,0,0,0,0,1,1,1,0
28,"Instagram / TikTok / YouTube, WhatsApp / kenalan / pelanggan langsung",2,33,7,6,75000,340000,295000,125000,4,"Awal bulan, Saat ada promo dari aplikasi, Ramadan / menjelang Lebaran","Jumlah pesanan atau project yang masuk, Tanggal gajian / akhir bulan",3,"Ringkasan pemasukan dan pengeluaran, Saran batas pengeluaran minggu ini, Saran menabung",jualan_online,jawa_tengah,0,0,1,0,0,0,0,0,0,1,0,0,1,0,1,1,0,0,0,0,0,1,0,0,1,0,0,1,1,1
22,"WhatsApp / kenalan / pelanggan langsung, Instagram / TikTok / YouTube",1,36,5,4,360000,275000,320000,300000,1,"Harbolnas / flash sale online / tanggal kembar, Saat ada promo dari aplikasi",Jumlah pesanan atau project yang masuk,5,"Pengingat kalau penghasilan sedang turun, Saran menabung, Perkiraan penghasilan minggu depan",jualan_online,jawa_timur,0,0,1,0,0,0,0,0,0,1,0,0,0,1,0,1,0,0,0,0,0,1,0,0,0,1,1,0,0,1
26,WhatsApp / kenalan / pelanggan langsung,2,6,7,6,290000,775000,350000,300000,0,"Akhir pekan / Sabtu-Minggu, Ramadan / menjelang Lebaran, Awal bulan",Jumlah pesanan atau project yang masuk,5,"Ringkasan pemasukan dan pengeluaran, Perkiraan penghasilan minggu depan",pekerja_harian,jabodetabek,0,0,0,0,0,0,0,0,0,1,0,1,1,0,1,0,0,0,0,0,0,1,0,0,0,0,1,1,0,0
24,WhatsApp / kenalan / pelanggan langsung,0,12,4,4,500000,200000,320000,475000,1,"Akhir bulan / tanggal gajian, Awal bulan, Akhir pekan / Sabtu-Minggu","Jumlah pesanan atau project yang masuk, Rating atau ulasan pelanggan, Tanggal gajian / akhir bulan",3,"Pengingat kalau penghasilan sedang turun, Saran menabung, Saran batas pengeluaran minggu ini",freelancer_desain,jabodetabek,0,0,0,0,0,0,0,0,0,1,1,1,1,0,0,0,0,0,0,0,0,1,0,1,1,1,0,0,1,1
26,Projects.co.id,0,13,5,6,270000,350000,400000,325000,4,"Akhir bulan / tanggal gajian, Awal bulan","Jumlah pesanan atau project yang masuk, Tanggal gajian / akhir bulan, Rating atau ulasan pelanggan",3,"Ringkasan pemasukan dan pengeluaran, Pengingat kalau penghasilan sedang turun, Saran menabung",freelancer_it,jabodetabek,0,0,0,0,1,0,0,0,0,0,1,0,1,0,0,0,0,0,0,0,0,1,0,1,1,1,0,1,0,1
31,WhatsApp / kenalan / pelanggan langsung,1,1,3,5,535000,280000,350000,400000,4,"Akhir pekan / Sabtu-Minggu, Awal bulan, Ramadan / menjelang Lebaran","Jumlah pesanan atau project yang masuk, Kondisi fisik / capek / sakit, Jam saya bekerja",5,"Ringkasan pemasukan dan pengeluaran, Saran batas pengeluaran minggu ini, Saran menabung",pekerja_harian,bandung,0,0,0,0,0,0,0,0,0,1,0,1,1,0,1,0,0,0,0,0,1,1,1,0,0,0,0,1,1,1
27,Instagram / TikTok / YouTube,2,4,6,6,480000,490000,350000,450000,4,"Ramadan / menjelang Lebaran, Akhir bulan / tanggal gajian",Jumlah pesanan atau project yang masuk,5,"Saran batas pengeluaran minggu ini, Pengingat kalau penghasilan sedang turun, Ringkasan pemasukan dan pengeluaran",jualan_online,jabodetabek,0,0,1,0,0,0,0,0,0,0,1,0,0,0,1,0,0,0,0,0,0,1,0,0,0,1,0,1,1,0
23,WhatsApp / kenalan / pelanggan langsung,2,8,5,4,675000,700000,875000,825000,4,"Akhir bulan / tanggal gajian, Awal bulan, Ramadan / menjelang Lebaran","Jumlah pesanan atau project yang masuk, Tanggal gajian / akhir bulan",4,"Pengingat kalau penghasilan sedang turun, Saran batas pengeluaran minggu ini",freelancer_desain,bali,0,0,0,0,0,0,0,0,0,1,1,0,1,0,1,0,0,0,0,0,0,1,0,0,1,1,0,0,1,0
26,"Shopee / Tokopedia / TikTok Shop, WhatsApp / kenalan / pelanggan langsung",2,1,5,4,815000,665000,680000,720000,2,"Saat ada promo dari aplikasi, Ramadan / menjelang Lebaran",Jumlah pesanan atau project yang masuk,1,"Pengingat kalau penghasilan sedang turun, Ringkasan pemasukan dan pengeluaran, Saran menabung",jualan_online,jawa_timur,0,0,0,0,0,1,0,0,0,1,0,0,0,0,1,1,0,0,0,0,0,1,0,0,0,1,0,1,0,1
19,"Instagram / TikTok / YouTube, WhatsApp / kenalan / pelanggan langsung",1,32,5,5,25000,290000,300000,400000,1,"Ramadan / menjelang Lebaran, Harbolnas / flash sale online / tanggal kembar","Jumlah pesanan atau project yang masuk, Akhir pekan atau hari libur, Tanggal gajian / akhir bulan",4,"Saran batas pengeluaran minggu ini, Saran menabung, Ringkasan pemasukan dan pengeluaran",content_creator,bandung,0,0,1,0,0,0,0,0,0,1,0,0,0,1,1,0,0,0,1,0,0,1,0,0,1,0,0,1,1,1
30,WhatsApp / kenalan / pelanggan langsung,2,2,6,10,540000,710000,570000,25000,2,"Awal bulan, Akhir pekan / Sabtu-Minggu","Jumlah pesanan atau project yang masuk, Kondisi fisik / capek / sakit",5,Saran menabung,pekerja_harian,sumatera,0,0,0,0,0,0,0,0,0,1,0,1,1,0,0,0,0,0,0,0,0,1,1,0,0,0,0,0,0,1
32,"ShopeeFood, Grab",2,21,6,8,585000,1273200,1350000,1070000,0,"Akhir pekan / Sabtu-Minggu, Awal bulan","Jumlah pesanan atau project yang masuk, Jam saya bekerja, Cuaca",5,"Pengingat kalau penghasilan sedang turun, Saran menabung, Perkiraan penghasilan minggu depan",kurir,jabodetabek,0,1,0,0,0,0,1,0,0,0,0,1,1,0,0,0,0,0,0,1,1,1,0,0,0,1,1,0,0,1
37,WhatsApp / kenalan / pelanggan langsung,1,21,5,10,395000,460000,480000,475000,1,"Akhir pekan / Sabtu-Minggu, Awal bulan, Ramadan / menjelang Lebaran","Jumlah pesanan atau project yang masuk, Jam saya bekerja",3,"Saran menabung, Saran batas pengeluaran minggu ini, Pengingat kalau penghasilan sedang turun",pekerja_harian,sumatera,0,0,0,0,0,0,0,0,0,1,0,1,1,0,1,0,0,0,0,0,1,1,0,0,0,1,0,0,1,1
24,"Instagram / TikTok / YouTube, Projects.co.id",0,20,5,6,270000,440000,275000,500000,3,"Awal bulan, Akhir bulan / tanggal gajian","Jumlah pesanan atau project yang masuk, Rating atau ulasan pelanggan, Tanggal gajian / akhir bulan",2,"Ringkasan pemasukan dan pengeluaran, Pengingat kalau penghasilan sedang turun",freelancer_desain,jabodetabek,0,0,1,0,1,0,0,0,0,0,1,0,1,0,0,0,0,0,0,0,0,1,0,1,1,1,0,1,0,0
34,Grab,2,28,5,11,1336200,400000,1350000,655000,2,Saat ada promo dari aplikasi,"Jumlah pesanan atau project yang masuk, Cuaca",5,"Saran menabung, Saran batas pengeluaran minggu ini, Perkiraan penghasilan minggu depan",ojek_online,jabodetabek,0,1,0,0,0,0,0,0,0,0,0,0,0,0,0,1,0,0,0,1,0,1,0,0,0,0,1,0,1,1
33,Gojek,1,23,7,10,1140000,1273200,1125000,695000,3,Awal bulan,"Jumlah pesanan atau project yang masuk, Jam saya bekerja",2,"Ringkasan pemasukan dan pengeluaran, Saran menabung, Pengingat kalau penghasilan sedang turun",ojek_online,jabodetabek,1,0,0,0,0,0,0,0,0,0,0,0,1,0,0,0,0,0,0,0,1,1,0,0,0,1,0,1,0,1
23,Projects.co.id,2,15,3,8,1090000,530000,1350000,1342800,1,"Awal bulan, Akhir bulan / tanggal gajian","Jumlah pesanan atau project yang masuk, Jam saya bekerja",2,"Saran batas pengeluaran minggu ini, Pengingat kalau penghasilan sedang turun, Ringkasan pemasukan dan pengeluaran",freelancer_it,sumatera,0,0,0,0,1,0,0,0,0,0,1,0,1,0,0,0,0,0,0,0,1,1,0,0,0,1,0,1,1,0
26,Instagram / TikTok / YouTube,1,2,4,2,240000,170000,205000,325000,1,"Awal bulan, Akhir pekan / Sabtu-Minggu","Jumlah pesanan atau project yang masuk, Kondisi fisik / capek / sakit",5,"Pengingat kalau penghasilan sedang turun, Saran menabung, Perkiraan penghasilan minggu depan",tutor,sulawesi,0,0,1,0,0,0,0,0,0,0,0,1,1,0,0,0,0,0,0,0,0,1,1,0,0,1,1,0,0,1
21,"Instagram / TikTok / YouTube, Shopee / Tokopedia / TikTok Shop",1,43,5,6,470000,350000,495000,280000,0,"Ramadan / menjelang Lebaran, Harbolnas / flash sale online / tanggal kembar","Jumlah pesanan atau project yang masuk, Ada atau tidaknya promo dari aplikasi",4,Ringkasan pemasukan dan pengeluaran,content_creator,sumatera,0,0,1,0,0,1,0,0,0,0,0,0,0,1,1,0,0,1,0,0,0,1,0,0,0,0,0,1,0,0
28,Instagram / TikTok / YouTube,0,34,4,5,310000,375000,360000,400000,4,Ramadan / menjelang Lebaran,"Jumlah pesanan atau project yang masuk, Ada atau tidaknya promo dari aplikasi",5,Saran menabung,content_creator,bandung,0,0,1,0,0,0,0,0,0,0,0,0,0,0,1,0,0,1,0,0,0,1,0,0,0,0,0,0,0,1
51,WhatsApp / kenalan / pelanggan langsung,2,20,5,7,250000,320000,920000,790000,3,"Akhir pekan / Sabtu-Minggu, Awal bulan, Ramadan / menjelang Lebaran","Jumlah pesanan atau project yang masuk, Jam saya bekerja, Kondisi fisik / capek / sakit",5,"Ringkasan pemasukan dan pengeluaran, Pengingat kalau penghasilan sedang turun",pekerja_harian,jawa_barat_lainnya,0,0,0,0,0,0,0,0,0,1,0,1,1,0,1,0,0,0,0,0,1,1,1,0,0,1,0,1,0,0
22,Instagram / TikTok / YouTube,0,66,5,7,255000,320000,325000,270000,0,"Awal bulan, Akhir bulan / tanggal gajian, Ramadan / menjelang Lebaran","Jumlah pesanan atau project yang masuk, Tanggal gajian / akhir bulan",3,"Saran batas pengeluaran minggu ini, Saran menabung, Pengingat kalau penghasilan sedang turun",freelancer_desain,bali,0,0,1,0,0,0,0,0,0,0,1,0,1,0,1,0,0,0,0,0,0,1,0,0,1,1,0,0,1,1
37,WhatsApp / kenalan / pelanggan langsung,1,17,5,8,280000,290000,285000,345000,0,Akhir pekan / Sabtu-Minggu,"Jumlah pesanan atau project yang masuk, Kondisi fisik / capek / sakit",5,"Saran batas pengeluaran minggu ini, Pengingat kalau penghasilan sedang turun, Saran menabung",pekerja_harian,sumatera,0,0,0,0,0,0,0,0,0,1,0,1,0,0,0,0,0,0,0,0,0,1,1,0,0,1,0,0,1,1
26,Projects.co.id,1,19,4,6,710000,620000,600000,625000,1,"Akhir bulan / tanggal gajian, Awal bulan","Jumlah pesanan atau project yang masuk, Jam saya bekerja, Tanggal gajian / akhir bulan",4,Saran batas pengeluaran minggu ini,freelancer_desain,kalimantan,0,0,0,0,1,0,0,0,0,0,1,0,1,0,0,0,0,0,0,0,1,1,0,0,1,0,0,0,1,0
24,WhatsApp / kenalan / pelanggan langsung,2,23,6,8,640000,270000,360000,595000,3,"Ramadan / menjelang Lebaran, Awal bulan","Jumlah pesanan atau project yang masuk, Akhir pekan atau hari libur",3,"Saran menabung, Pengingat kalau penghasilan sedang turun, Ringkasan pemasukan dan pengeluaran",pekerja_harian,jawa_timur,0,0,0,0,0,0,0,0,0,1,0,0,1,0,1,0,0,0,1,0,0,1,0,0,0,1,0,1,0,1
25,"WhatsApp / kenalan / pelanggan langsung, Instagram / TikTok / YouTube",1,29,3,4,175000,150000,195000,555000,4,Awal bulan,"Jumlah pesanan atau project yang masuk, Kondisi fisik / capek / sakit",3,Ringkasan pemasukan dan pengeluaran,tutor,bandung,0,0,1,0,0,0,0,0,0,1,0,0,1,0,0,0,0,0,0,0,0,1,1,0,0,0,0,1,0,0
23,"Instagram / TikTok / YouTube, Projects.co.id",2,3,4,8,810000,750000,700000,1342800,1,"Akhir bulan / tanggal gajian, Awal bulan","Jumlah pesanan atau project yang masuk, Rating atau ulasan pelanggan, Jam saya bekerja",4,"Ringkasan pemasukan dan pengeluaran, Saran batas pengeluaran minggu ini, Perkiraan penghasilan minggu depan",freelancer_desain,jawa_barat_lainnya,0,0,1,0,1,0,0,0,0,0,1,0,1,0,0,0,0,0,0,0,1,1,0,1,0,0,1,1,1,0
17,"Instagram / TikTok / YouTube, WhatsApp / kenalan / pelanggan langsung",0,18,2,3,350000,340000,350000,340000,1,Akhir pekan / Sabtu-Minggu,Jumlah pesanan atau project yang masuk,3,Saran menabung,tutor,jabodetabek,0,0,1,0,0,0,0,0,0,1,0,1,0,0,0,0,0,0,0,0,0,1,0,0,0,0,0,0,0,1
21,"Instagram / TikTok / YouTube, Projects.co.id",2,21,4,8,980000,1030000,1000000,1015000,1,"Akhir bulan / tanggal gajian, Awal bulan","Jumlah pesanan atau project yang masuk, Tanggal gajian / akhir bulan",4,Saran menabung,freelancer_desain,jabodetabek,0,0,1,0,1,0,0,0,0,0,1,0,1,0,0,0,0,0,0,0,0,1,0,0,1,0,0,0,0,1
37,WhatsApp / kenalan / pelanggan langsung,1,12,5,6,325000,270000,270000,325000,4,"Akhir pekan / Sabtu-Minggu, Awal bulan","Jumlah pesanan atau project yang masuk, Akhir pekan atau hari libur",5,Saran batas pengeluaran minggu ini,pekerja_harian,jawa_barat_lainnya,0,0,0,0,0,0,0,0,0,1,0,1,1,0,0,0,0,0,1,0,0,1,0,0,0,0,0,0,1,0
38,"Instagram / TikTok / YouTube, WhatsApp / kenalan / pelanggan langsung, Shopee / Tokopedia / TikTok Shop",1,19,4,4,210000,305000,175000,280000,0,"Ramadan / menjelang Lebaran, Awal bulan, Akhir bulan / tanggal gajian","Jumlah pesanan atau project yang masuk, Akhir pekan atau hari libur, Ada atau tidaknya promo dari aplikasi",1,Saran batas pengeluaran minggu ini,jualan_online,sulawesi,0,0,1,0,0,1,0,0,0,1,1,0,1,0,1,0,0,1,1,0,0,1,0,0,0,0,0,0,1,0
22,"WhatsApp / kenalan / pelanggan langsung, Instagram / TikTok / YouTube",1,16,5,5,80000,160000,100000,130000,1,"Ramadan / menjelang Lebaran, Akhir bulan / tanggal gajian",Jumlah pesanan atau project yang masuk,3,Ringkasan pemasukan dan pengeluaran,jualan_online,bandung,0,0,1,0,0,0,0,0,0,1,1,0,0,0,1,0,0,0,0,0,0,1,0,0,0,0,0,1,0,0
20,Shopee / Tokopedia / TikTok Shop,1,74,5,3,175000,130000,125000,150000,0,"Ramadan / menjelang Lebaran, Saat ada promo dari aplikasi","Jumlah pesanan atau project yang masuk, Akhir pekan atau hari libur, Ada atau tidaknya promo dari aplikasi",4,"Pengingat kalau penghasilan sedang turun, Saran batas pengeluaran minggu ini, Perkiraan penghasilan minggu depan",jualan_online,jabodetabek,0,0,0,0,0,1,0,0,0,0,0,0,0,0,1,1,0,1,1,0,0,1,0,0,0,1,1,0,1,0
29,WhatsApp / kenalan / pelanggan langsung,2,48,6,8,365000,415000,425000,350000,0,"Awal bulan, Ramadan / menjelang Lebaran",Jumlah pesanan atau project yang masuk,4,"Pengingat kalau penghasilan sedang turun, Saran batas pengeluaran minggu ini, Perkiraan penghasilan minggu depan",pekerja_harian,bandung,0,0,0,0,0,0,0,0,0,1,0,0,1,0,1,0,0,0,0,0,0,1,0,0,0,1,1,0,1,0
25,"Instagram / TikTok / YouTube, Projects.co.id",2,40,4,7,925000,960000,725000,310000,2,Akhir bulan / tanggal gajian,Jumlah pesanan atau project yang masuk,4,Saran menabung,freelancer_desain,jabodetabek,0,0,1,0,1,0,0,0,0,0,1,0,0,0,0,0,0,0,0,0,0,1,0,0,0,0,0,0,0,1
34,WhatsApp / kenalan / pelanggan langsung,2,23,5,6,500000,500000,525000,575000,0,"Akhir pekan / Sabtu-Minggu, Awal bulan",Jumlah pesanan atau project yang masuk,3,"Saran menabung, Saran batas pengeluaran minggu ini, Ringkasan pemasukan dan pengeluaran",pekerja_harian,bandung,0,0,0,0,0,0,0,0,0,1,0,1,1,0,0,0,0,0,0,0,0,1,0,0,0,0,0,1,1,1
26,"WhatsApp / kenalan / pelanggan langsung, Shopee / Tokopedia / TikTok Shop",0,37,5,6,110000,245000,250000,140000,3,"Harbolnas / flash sale online / tanggal kembar, Akhir pekan / Sabtu-Minggu","Jumlah pesanan atau project yang masuk, Akhir pekan atau hari libur, Tanggal gajian / akhir bulan",3,"Saran batas pengeluaran minggu ini, Ringkasan pemasukan dan pengeluaran",content_creator,jawa_tengah,0,0,0,0,0,1,0,0,0,1,0,1,0,1,0,0,0,0,1,0,0,1,0,0,1,0,0,1,1,0
33,"Gojek, Grab",2,26,5,11,1075000,1273200,1095000,1150000,1,Akhir pekan / Sabtu-Minggu,Jumlah pesanan atau project yang masuk,5,"Saran batas pengeluaran minggu ini, Saran menabung, Pengingat kalau penghasilan sedang turun",ojek_online,bandung,1,1,0,0,0,0,0,0,0,0,0,1,0,0,0,0,0,0,0,0,0,1,0,0,0,1,0,0,1,1
20,"Instagram / TikTok / YouTube, WhatsApp / kenalan / pelanggan langsung",1,78,4,5,350000,310000,340000,210000,1,"Awal bulan, Akhir pekan / Sabtu-Minggu, Akhir bulan / tanggal gajian","Jumlah pesanan atau project yang masuk, Jam saya bekerja",4,"Pengingat kalau penghasilan sedang turun, Ringkasan pemasukan dan pengeluaran",tutor,bandung,0,0,1,0,0,0,0,0,0,1,1,1,1,0,0,0,0,0,0,0,1,1,0,0,0,1,0,1,0,0
18,"Gojek, ShopeeFood",2,23,6,8,590000,550000,625000,650000,4,Awal bulan,"Jumlah pesanan atau project yang masuk, Ada atau tidaknya promo dari aplikasi",2,"Saran batas pengeluaran minggu ini, Ringkasan pemasukan dan pengeluaran, Pengingat kalau penghasilan sedang turun",kurir,bali,1,0,0,0,0,0,1,0,0,0,0,0,1,0,0,0,0,1,0,0,0,1,0,0,0,1,0,1,1,0
31,Gojek,2,2,6,11,850000,1010000,645000,500000,2,"Saat ada promo dari aplikasi, Akhir pekan / Sabtu-Minggu","Jumlah pesanan atau project yang masuk, Jam saya bekerja",5,"Ringkasan pemasukan dan pengeluaran, Pengingat kalau penghasilan sedang turun, Perkiraan penghasilan minggu depan",ojek_online,sulawesi,1,0,0,0,0,0,0,0,0,0,0,1,0,0,0,1,0,0,0,0,1,1,0,0,0,1,1,1,0,0
19,Projects.co.id,1,11,6,7,175000,215000,150000,200000,1,"Akhir bulan / tanggal gajian, Awal bulan","Jumlah pesanan atau project yang masuk, Jam saya bekerja, Tanggal gajian / akhir bulan",3,"Saran batas pengeluaran minggu ini, Saran menabung, Ringkasan pemasukan dan pengeluaran",freelancer_desain,bali,0,0,0,0,1,0,0,0,0,0,1,0,1,0,0,0,0,0,0,0,1,1,0,0,1,0,0,1,1,1
24,Website freelance seperti Fiverr,0,68,4,4,18400,810000,770000,680000,2,"Akhir bulan / tanggal gajian, Awal bulan, Ramadan / menjelang Lebaran",Jumlah pesanan atau project yang masuk,3,Pengingat kalau penghasilan sedang turun,freelancer_desain,jabodetabek,0,0,0,0,0,0,0,0,1,0,1,0,1,0,1,0,0,0,0,0,0,1,0,0,0,1,0,0,0,0
33,"Shopee / Tokopedia / TikTok Shop, Instagram / TikTok / YouTube, WhatsApp / kenalan / pelanggan langsung",2,20,6,6,320000,450000,415000,505000,1,"Harbolnas / flash sale online / tanggal kembar, Awal bulan","Jumlah pesanan atau project yang masuk, Tanggal gajian / akhir bulan",5,"Pengingat kalau penghasilan sedang turun, Saran menabung",jualan_online,kalimantan,0,0,1,0,0,1,0,0,0,1,0,0,1,1,0,0,0,0,0,0,0,1,0,0,1,1,0,0,0,1
25,WhatsApp / kenalan / pelanggan langsung,0,69,2,4,140000,110000,200000,140000,0,Akhir pekan / Sabtu-Minggu,"Jumlah pesanan atau project yang masuk, Kondisi fisik / capek / sakit, Tanggal gajian / akhir bulan",3,"Saran menabung, Ringkasan pemasukan dan pengeluaran, Saran batas pengeluaran minggu ini",tutor,bandung,0,0,0,0,0,0,0,0,0,1,0,1,0,0,0,0,0,0,0,0,0,1,1,0,1,0,0,1,1,1
28,WhatsApp / kenalan / pelanggan langsung,1,49,5,7,475000,600000,620000,630000,4,"Ramadan / menjelang Lebaran, Awal bulan, Akhir pekan / Sabtu-Minggu",Jumlah pesanan atau project yang masuk,4,"Ringkasan pemasukan dan pengeluaran, Pengingat kalau penghasilan sedang turun, Perkiraan penghasilan minggu depan",pekerja_harian,bali,0,0,0,0,0,0,0,0,0,1,0,1,1,0,1,0,0,0,0,0,0,1,0,0,0,1,1,1,0,0
24,"Projects.co.id, Instagram / TikTok / YouTube",0,1,3,6,360000,455000,475000,450000,0,"Akhir bulan / tanggal gajian, Awal bulan, Ramadan / menjelang Lebaran","Jumlah pesanan atau project yang masuk, Tanggal gajian / akhir bulan",4,"Saran batas pengeluaran minggu ini, Saran menabung, Ringkasan pemasukan dan pengeluaran",freelancer_desain,bali,0,0,1,0,1,0,0,0,0,0,1,0,1,0,1,0,0,0,0,0,0,1,0,0,1,0,0,1,1,1
20,"Projects.co.id, Upwork",2,11,3,6,585000,1273200,480000,685000,1,"Akhir bulan / tanggal gajian, Awal bulan","Jumlah pesanan atau project yang masuk, Tanggal gajian / akhir bulan, Rating atau ulasan pelanggan",5,"Pengingat kalau penghasilan sedang turun, Saran batas pengeluaran minggu ini, Perkiraan penghasilan minggu depan",freelancer_it,jawa_timur,0,0,0,0,1,0,0,1,0,0,1,0,1,0,0,0,0,0,0,0,0,1,0,1,1,1,1,0,1,0
26,"Gojek, ShopeeFood",0,7,7,8,150000,225000,160000,190000,1,Saat ada promo dari aplikasi,"Jumlah pesanan atau project yang masuk, Cuaca",3,"Saran menabung, Ringkasan pemasukan dan pengeluaran",kurir,kalimantan,1,0,0,0,0,0,1,0,0,0,0,0,0,0,0,1,0,0,0,1,0,1,0,0,0,0,0,1,0,1
46,"Gojek, Grab",1,23,7,8,575000,1050000,650000,950000,1,Ramadan / menjelang Lebaran,"Jumlah pesanan atau project yang masuk, Jam saya bekerja, Rating atau ulasan pelanggan",4,"Ringkasan pemasukan dan pengeluaran, Saran batas pengeluaran minggu ini, Perkiraan penghasilan minggu depan",ojek_online,bandung,1,1,0,0,0,0,0,0,0,0,0,0,0,0,1,0,0,0,0,0,1,1,0,1,0,0,1,1,1,0
21,"Website freelance seperti Fiverr, Projects.co.id",1,14,5,7,675000,620000,470000,570000,1,Akhir bulan / tanggal gajian,"Jumlah pesanan atau project yang masuk, Rating atau ulasan pelanggan",4,"Ringkasan pemasukan dan pengeluaran, Pengingat kalau penghasilan sedang turun, Saran menabung",freelancer_desain,sumatera,0,0,0,0,1,0,0,0,1,0,1,0,0,0,0,0,0,0,0,0,0,1,0,1,0,1,0,1,0,1
47,WhatsApp / kenalan / pelanggan langsung,2,21,6,6,520000,420000,25000,500000,0,Ramadan / menjelang Lebaran,"Jumlah pesanan atau project yang masuk, Kondisi fisik / capek / sakit",3,"Ringkasan pemasukan dan pengeluaran, Saran batas pengeluaran minggu ini, Saran menabung",pekerja_harian,sumatera,0,0,0,0,0,0,0,0,0,1,0,0,0,0,1,0,0,0,0,0,0,1,1,0,0,0,0,1,1,1
27,Projects.co.id,0,8,6,5,680000,30000,675000,650000,1,"Awal bulan, Akhir bulan / tanggal gajian, Akhir pekan / Sabtu-Minggu","Jumlah pesanan atau project yang masuk, Jam saya bekerja",2,Saran batas pengeluaran minggu ini,freelancer_it,jabodetabek,0,0,0,0,1,0,0,0,0,0,1,1,1,0,0,0,0,0,0,0,1,1,0,0,0,0,0,0,1,0
17,WhatsApp / kenalan / pelanggan langsung,2,63,5,7,430000,530000,300000,325000,0,"Akhir pekan / Sabtu-Minggu, Ramadan / menjelang Lebaran, Awal bulan","Jumlah pesanan atau project yang masuk, Akhir pekan atau hari libur, Kondisi fisik / capek / sakit",4,"Ringkasan pemasukan dan pengeluaran, Pengingat kalau penghasilan sedang turun",pekerja_harian,jabodetabek,0,0,0,0,0,0,0,0,0,1,0,1,1,0,1,0,0,0,1,0,0,1,1,0,0,1,0,1,0,0
31,Gojek,1,80,6,9,875000,700000,730000,825000,1,"Akhir pekan / Sabtu-Minggu, Ramadan / menjelang Lebaran, Saat ada promo dari aplikasi",Jumlah pesanan atau project yang masuk,2,"Pengingat kalau penghasilan sedang turun, Saran batas pengeluaran minggu ini",ojek_online,kalimantan,1,0,0,0,0,0,0,0,0,0,0,1,0,0,1,1,0,0,0,0,0,1,0,0,0,1,0,0,1,0
39,Shopee / Tokopedia / TikTok Shop,1,84,6,7,945000,1030000,1100000,700000,3,Harbolnas / flash sale online / tanggal kembar,"Jumlah pesanan atau project yang masuk, Akhir pekan atau hari libur, Ada atau tidaknya promo dari aplikasi",2,Saran batas pengeluaran minggu ini,jualan_online,jabodetabek,0,0,0,0,0,1,0,0,0,0,0,0,0,1,0,0,0,1,1,0,0,1,0,0,0,0,0,0,1,0
25,Website freelance seperti Fiverr,2,12,4,5,575000,500000,475000,475000,2,Akhir bulan / tanggal gajian,"Jumlah pesanan atau project yang masuk, Jam saya bekerja, Tanggal gajian / akhir bulan",3,"Saran menabung, Saran batas pengeluaran minggu ini",freelancer_it,sulawesi,0,0,0,0,0,0,0,0,1,0,1,0,0,0,0,0,0,0,0,0,1,1,0,0,1,0,0,0,1,1
28,"WhatsApp / kenalan / pelanggan langsung, Shopee / Tokopedia / TikTok Shop",2,5,6,5,730000,350000,290000,230000,0,"Saat ada promo dari aplikasi, Ramadan / menjelang Lebaran, Awal bulan","Jumlah pesanan atau project yang masuk, Ada atau tidaknya promo dari aplikasi",4,"Saran menabung, Ringkasan pemasukan dan pengeluaran, Perkiraan penghasilan minggu depan",jualan_online,sumatera,0,0,0,0,0,1,0,0,0,1,0,0,1,0,1,1,0,1,0,0,0,1,0,0,0,0,1,1,0,1
32,"WhatsApp / kenalan / pelanggan langsung, Instagram / TikTok / YouTube, Shopee / Tokopedia / TikTok Shop",1,2,7,5,500000,340000,325000,605000,4,"Awal bulan, Akhir bulan / tanggal gajian, Ramadan / menjelang Lebaran","Jumlah pesanan atau project yang masuk, Tanggal gajian / akhir bulan",5,"Pengingat kalau penghasilan sedang turun, Perkiraan penghasilan minggu depan",jualan_online,jawa_timur,0,0,1,0,0,1,0,0,0,1,1,0,1,0,1,0,0,0,0,0,0,1,0,0,1,1,1,0,0,0
42,"Grab, Maxim",1,30,6,9,590000,770000,790000,870000,4,"Saat ada promo dari aplikasi, Ramadan / menjelang Lebaran","Jumlah pesanan atau project yang masuk, Rating atau ulasan pelanggan",4,"Ringkasan pemasukan dan pengeluaran, Saran menabung, Perkiraan penghasilan minggu depan",ojek_online,bandung,0,1,0,1,0,0,0,0,0,0,0,0,0,0,1,1,0,0,0,0,0,1,0,1,0,0,1,1,0,1
17,WhatsApp / kenalan / pelanggan langsung,1,35,5,6,330000,375000,380000,255000,3,"Akhir bulan / tanggal gajian, Harbolnas / flash sale online / tanggal kembar, Ramadan / menjelang Lebaran","Jumlah pesanan atau project yang masuk, Tanggal gajian / akhir bulan",5,"Ringkasan pemasukan dan pengeluaran, Saran menabung",jualan_online,jawa_timur,0,0,0,0,0,0,0,0,0,1,1,0,0,1,1,0,0,0,0,0,0,1,0,0,1,0,0,1,0,1
28,"WhatsApp / kenalan / pelanggan langsung, Instagram / TikTok / YouTube",1,14,4,5,850000,850000,850000,370000,1,"Akhir pekan / Sabtu-Minggu, Awal bulan","Jumlah pesanan atau project yang masuk, Jam saya bekerja, Kondisi fisik / capek / sakit",4,"Saran batas pengeluaran minggu ini, Perkiraan penghasilan minggu depan",tutor,sumatera,0,0,1,0,0,0,0,0,0,1,0,1,1,0,0,0,0,0,0,0,1,1,1,0,0,0,1,0,1,0
29,"Gojek, ShopeeFood",1,24,7,8,545000,760000,880000,1150000,4,Akhir pekan / Sabtu-Minggu,Jumlah pesanan atau project yang masuk,3,Saran batas pengeluaran minggu ini,kurir,jabodetabek,1,0,0,0,0,0,1,0,0,0,0,1,0,0,0,0,0,0,0,0,0,1,0,0,0,0,0,0,1,0
21,WhatsApp / kenalan / pelanggan langsung,0,53,2,3,100000,60000,10000,70000,3,"Awal bulan, Akhir pekan / Sabtu-Minggu","Jumlah pesanan atau project yang masuk, Jam saya bekerja",5,"Saran batas pengeluaran minggu ini, Saran menabung, Ringkasan pemasukan dan pengeluaran",tutor,jabodetabek,0,0,0,0,0,0,0,0,0,1,0,1,1,0,0,0,0,0,0,0,1,1,0,0,0,0,0,1,1,1
36,"Gojek, Maxim",2,68,5,8,1336200,1273200,1350000,1342800,4,Saat ada promo dari aplikasi,"Jumlah pesanan atau project yang masuk, Cuaca",4,"Saran menabung, Ringkasan pemasukan dan pengeluaran, Perkiraan penghasilan minggu depan",ojek_online,jabodetabek,1,0,0,1,0,0,0,0,0,0,0,0,0,0,0,1,0,0,0,1,0,1,0,0,0,0,1,1,0,1
34,WhatsApp / kenalan / pelanggan langsung,2,45,7,7,275000,260000,10000,220000,0,Awal bulan,Jumlah pesanan atau project yang masuk,3,"Ringkasan pemasukan dan pengeluaran, Saran batas pengeluaran minggu ini, Saran menabung",pekerja_harian,jawa_timur,0,0,0,0,0,0,0,0,0,1,0,0,1,0,0,0,0,0,0,0,0,1,0,0,0,0,0,1,1,1
27,"Website freelance seperti Fiverr, Upwork",2,14,5,5,450000,350000,500000,500000,1,"Akhir bulan / tanggal gajian, Awal bulan","Jumlah pesanan atau project yang masuk, Jam saya bekerja",4,"Saran menabung, Ringkasan pemasukan dan pengeluaran",freelancer_it,sulawesi,0,0,0,0,0,0,0,1,1,0,1,0,1,0,0,0,0,0,0,0,1,1,0,0,0,0,0,1,0,1
20,"Shopee / Tokopedia / TikTok Shop, WhatsApp / kenalan / pelanggan langsung, Instagram / TikTok / YouTube",1,75,6,8,675000,860000,875000,860000,4,Harbolnas / flash sale online / tanggal kembar,"Jumlah pesanan atau project yang masuk, Akhir pekan atau hari libur, Ada atau tidaknya promo dari aplikasi",4,"Pengingat kalau penghasilan sedang turun, Saran batas pengeluaran minggu ini, Ringkasan pemasukan dan pengeluaran",jualan_online,jawa_tengah,0,0,1,0,0,1,0,0,0,1,0,0,0,1,0,0,0,1,1,0,0,1,0,0,0,1,0,1,1,0
22,ShopeeFood,2,36,6,8,520000,650000,520000,650000,2,Akhir pekan / Sabtu-Minggu,"Jumlah pesanan atau project yang masuk, Cuaca",5,"Saran batas pengeluaran minggu ini, Perkiraan penghasilan minggu depan",kurir,sulawesi,0,0,0,0,0,0,1,0,0,0,0,1,0,0,0,0,0,0,0,1,0,1,0,0,0,0,1,0,1,0
18,"Shopee / Tokopedia / TikTok Shop, WhatsApp / kenalan / pelanggan langsung",0,16,5,6,320000,400000,250000,255000,1,"Harbolnas / flash sale online / tanggal kembar, Saat ada promo dari aplikasi, Awal bulan","Jumlah pesanan atau project yang masuk, Akhir pekan atau hari libur, Ada atau tidaknya promo dari aplikasi",4,"Saran batas pengeluaran minggu ini, Perkiraan penghasilan minggu depan",jualan_online,jabodetabek,0,0,0,0,0,1,0,0,0,1,0,0,1,1,0,1,0,1,1,0,0,1,0,0,0,0,1,0,1,0
27,"WhatsApp / kenalan / pelanggan langsung, Projects.co.id",1,24,3,5,740000,700000,680000,575000,1,"Awal bulan, Akhir bulan / tanggal gajian, Akhir pekan / Sabtu-Minggu","Jumlah pesanan atau project yang masuk, Rating atau ulasan pelanggan",4,"Saran batas pengeluaran minggu ini, Saran menabung, Ringkasan pemasukan dan pengeluaran",freelancer_it,jabodetabek,0,0,0,0,1,0,0,0,0,1,1,1,1,0,0,0,0,0,0,0,0,1,0,1,0,0,0,1,1,1
34,"Gojek, Grab",2,18,6,9,420000,1273200,1130000,1290000,1,Saat cuaca bagus,"Jumlah pesanan atau project yang masuk, Rating atau ulasan pelanggan, Jam saya bekerja",4,"Pengingat kalau penghasilan sedang turun, Saran batas pengeluaran minggu ini, Perkiraan penghasilan minggu depan",ojek_online,jabodetabek,1,1,0,0,0,0,0,0,0,0,0,0,0,0,0,0,1,0,0,0,1,1,0,1,0,1,1,0,1,0
26,WhatsApp / kenalan / pelanggan langsung,0,8,5,8,1020000,490000,340000,470000,1,"Awal bulan, Akhir bulan / tanggal gajian","Jumlah pesanan atau project yang masuk, Jam saya bekerja, Tanggal gajian / akhir bulan",2,Ringkasan pemasukan dan pengeluaran,freelancer_it,jawa_barat_lainnya,0,0,0,0,0,0,0,0,0,1,1,0,1,0,0,0,0,0,0,0,1,1,0,0,1,0,0,1,0,0
43,"Gojek, Grab",2,22,6,8,700000,605000,500000,680000,1,"Saat cuaca bagus, Akhir pekan / Sabtu-Minggu, Saat ada promo dari aplikasi","Jumlah pesanan atau project yang masuk, Rating atau ulasan pelanggan, Jam saya bekerja",4,"Pengingat kalau penghasilan sedang turun, Saran menabung, Perkiraan penghasilan minggu depan",ojek_online,bandung,1,1,0,0,0,0,0,0,0,0,0,1,0,0,0,1,1,0,0,0,1,1,0,1,0,1,1,0,0,1
34,WhatsApp / kenalan / pelanggan langsung,2,16,6,7,430000,325000,225000,275000,1,Ramadan / menjelang Lebaran,"Jumlah pesanan atau project yang masuk, Kondisi fisik / capek / sakit, Jam saya bekerja",4,"Pengingat kalau penghasilan sedang turun, Saran batas pengeluaran minggu ini",pekerja_harian,sumatera,0,0,0,0,0,0,0,0,0,1,0,0,0,0,1,0,0,0,0,0,1,1,1,0,0,1,0,0,1,0
29,ShopeeFood,2,44,6,10,500000,500000,480000,450000,1,"Saat ada promo dari aplikasi, Akhir pekan / Sabtu-Minggu, Harbolnas / flash sale online / tanggal kembar","Jumlah pesanan atau project yang masuk, Ada atau tidaknya promo dari aplikasi, Jam saya bekerja",4,"Saran menabung, Saran batas pengeluaran minggu ini",kurir,kalimantan,0,0,0,0,0,0,1,0,0,0,0,1,0,1,0,1,0,1,0,0,1,1,0,0,0,0,0,0,1,1
41,"Gojek, ShopeeFood",0,24,7,7,18400,575000,600000,430000,1,"Akhir pekan / Sabtu-Minggu, Awal bulan",Jumlah pesanan atau project yang masuk,4,"Saran batas pengeluaran minggu ini, Saran menabung",kurir,jawa_timur,1,0,0,0,0,0,1,0,0,0,0,1,1,0,0,0,0,0,0,0,0,1,0,0,0,0,0,0,1,1
41,WhatsApp / kenalan / pelanggan langsung,2,29,5,9,920000,925000,925000,275000,1,"Awal bulan, Akhir pekan / Sabtu-Minggu","Jumlah pesanan atau project yang masuk, Akhir pekan atau hari libur, Kondisi fisik / capek / sakit",3,"Saran batas pengeluaran minggu ini, Ringkasan pemasukan dan pengeluaran",pekerja_harian,jawa_timur,0,0,0,0,0,0,0,0,0,1,0,1,1,0,0,0,0,0,1,0,0,1,1,0,0,0,0,1,1,0
41,"Instagram / TikTok / YouTube, WhatsApp / kenalan / pelanggan langsung",1,14,7,8,720000,230000,450000,465000,1,"Akhir bulan / tanggal gajian, Harbolnas / flash sale online / tanggal kembar","Jumlah pesanan atau project yang masuk, Ada atau tidaknya promo dari aplikasi",3,Saran batas pengeluaran minggu ini,jualan_online,kalimantan,0,0,1,0,0,0,0,0,0,1,1,0,0,1,0,0,0,1,0,0,0,1,0,0,0,0,0,0,1,0
26,"WhatsApp / kenalan / pelanggan langsung, Website freelance seperti Fiverr",1,14,5,5,955000,725000,1235000,770000,4,"Akhir bulan / tanggal gajian, Awal bulan, Akhir pekan / Sabtu-Minggu",Jumlah pesanan atau project yang masuk,3,"Saran batas pengeluaran minggu ini, Pengingat kalau penghasilan sedang turun, Saran menabung",freelancer_it,bali,0,0,0,0,0,0,0,0,1,1,1,1,1,0,0,0,0,0,0,0,0,1,0,0,0,1,0,0,1,1
22,"Instagram / TikTok / YouTube, WhatsApp / kenalan / pelanggan langsung",2,44,5,8,100000,150000,155000,100000,0,"Saat ada promo dari aplikasi, Awal bulan","Jumlah pesanan atau project yang masuk, Akhir pekan atau hari libur",3,Saran batas pengeluaran minggu ini,jualan_online,jawa_tengah,0,0,1,0,0,0,0,0,0,1,0,0,1,0,0,1,0,0,1,0,0,1,0,0,0,0,0,0,1,0
29,"Projects.co.id, Upwork",0,21,5,6,465000,435000,365000,460000,4,"Akhir bulan / tanggal gajian, Awal bulan, Ramadan / menjelang Lebaran","Jumlah pesanan atau project yang masuk, Tanggal gajian / akhir bulan",3,"Saran batas pengeluaran minggu ini, Pengingat kalau penghasilan sedang turun, Saran menabung",freelancer_it,jawa_timur,0,0,0,0,1,0,0,1,0,0,1,0,1,0,1,0,0,0,0,0,0,1,0,0,1,1,0,0,1,1
45,"Gojek, Maxim",2,29,6,9,510000,500000,650000,625000,3,"Akhir pekan / Sabtu-Minggu, Ramadan / menjelang Lebaran, Saat ada promo dari aplikasi","Jumlah pesanan atau project yang masuk, Ada atau tidaknya promo dari aplikasi",4,"Saran batas pengeluaran minggu ini, Ringkasan pemasukan dan pengeluaran",ojek_online,kalimantan,1,0,0,1,0,0,0,0,0,0,0,1,0,0,1,1,0,1,0,0,0,1,0,0,0,0,0,1,1,0
30,WhatsApp / kenalan / pelanggan langsung,0,57,5,9,135000,100000,290000,150000,1,"Akhir pekan / Sabtu-Minggu, Awal bulan","Jumlah pesanan atau project yang masuk, Jam saya bekerja",5,"Pengingat kalau penghasilan sedang turun, Saran batas pengeluaran minggu ini",pekerja_harian,jawa_timur,0,0,0,0,0,0,0,0,0,1,0,1,1,0,0,0,0,0,0,0,1,1,0,0,0,1,0,0,1,0
21,WhatsApp / kenalan / pelanggan langsung,2,5,6,4,275000,300000,350000,300000,3,"Akhir bulan / tanggal gajian, Awal bulan","Jumlah pesanan atau project yang masuk, Rating atau ulasan pelanggan",5,"Ringkasan pemasukan dan pengeluaran, Saran batas pengeluaran minggu ini, Saran menabung",freelancer_desain,jawa_tengah,0,0,0,0,0,0,0,0,0,1,1,0,1,0,0,0,0,0,0,0,0,1,0,1,0,0,0,1,1,1
26,"Shopee / Tokopedia / TikTok Shop, Instagram / TikTok / YouTube, WhatsApp / kenalan / pelanggan langsung",2,55,4,6,480000,425000,320000,280000,1,"Awal bulan, Akhir bulan / tanggal gajian","Jumlah pesanan atau project yang masuk, Ada atau tidaknya promo dari aplikasi, Akhir pekan atau hari libur",4,"Pengingat kalau penghasilan sedang turun, Saran menabung",jualan_online,jawa_tengah,0,0,1,0,0,1,0,0,0,1,1,0,1,0,0,0,0,1,1,0,0,1,0,0,0,1,0,0,0,1
22,WhatsApp / kenalan / pelanggan langsung,0,9,5,6,400000,350000,320000,380000,1,"Ramadan / menjelang Lebaran, Akhir pekan / Sabtu-Minggu",Jumlah pesanan atau project yang masuk,4,"Saran menabung, Saran batas pengeluaran minggu ini, Ringkasan pemasukan dan pengeluaran",content_creator,bali,0,0,0,0,0,0,0,0,0,1,0,1,0,0,1,0,0,0,0,0,0,1,0,0,0,0,0,1,1,1
17,"Website freelance seperti Fiverr, Instagram / TikTok / YouTube",1,5,5,4,360000,440000,350000,425000,0,"Akhir bulan / tanggal gajian, Awal bulan, Ramadan / menjelang Lebaran","Jumlah pesanan atau project yang masuk, Rating atau ulasan pelanggan",3,Saran menabung,freelancer_desain,sulawesi,0,0,1,0,0,0,0,0,1,0,1,0,1,0,1,0,0,0,0,0,0,1,0,1,0,0,0,0,0,1
31,WhatsApp / kenalan / pelanggan langsung,2,50,5,8,250000,275000,340000,290000,3,"Awal bulan, Akhir pekan / Sabtu-Minggu, Ramadan / menjelang Lebaran","Jumlah pesanan atau project yang masuk, Jam saya bekerja",4,"Pengingat kalau penghasilan sedang turun, Saran batas pengeluaran minggu ini, Perkiraan penghasilan minggu depan",pekerja_harian,sumatera,0,0,0,0,0,0,0,0,0,1,0,1,1,0,1,0,0,0,0,0,1,1,0,0,0,1,1,0,1,0
52,"Instagram / TikTok / YouTube, Shopee / Tokopedia / TikTok Shop",1,84,5,4,685000,650000,775000,625000,3,"Awal bulan, Akhir bulan / tanggal gajian, Harbolnas / flash sale online / tanggal kembar","Jumlah pesanan atau project yang masuk, Akhir pekan atau hari libur",1,"Saran batas pengeluaran minggu ini, Pengingat kalau penghasilan sedang turun",jualan_online,jabodetabek,0,0,1,0,0,1,0,0,0,0,1,0,1,1,0,0,0,0,1,0,0,1,0,0,0,1,0,0,1,0
36,"Gojek, Grab",0,25,7,8,660000,25000,30000,700000,4,"Ramadan / menjelang Lebaran, Awal bulan",Jumlah pesanan atau project yang masuk,4,"Saran menabung, Ringkasan pemasukan dan pengeluaran, Pengingat kalau penghasilan sedang turun",ojek_online,jabodetabek,1,1,0,0,0,0,0,0,0,0,0,0,1,0,1,0,0,0,0,0,0,1,0,0,0,1,0,1,0,1
41,"Gojek, Maxim",1,27,7,7,775000,440000,960000,960000,3,"Ramadan / menjelang Lebaran, Awal bulan","Jumlah pesanan atau project yang masuk, Ada atau tidaknya promo dari aplikasi, Cuaca",4,"Saran menabung, Pengingat kalau penghasilan sedang turun, Perkiraan penghasilan minggu depan",ojek_online,bali,1,0,0,1,0,0,0,0,0,0,0,0,1,0,1,0,0,1,0,1,0,1,0,0,0,1,1,0,0,1
43,WhatsApp / kenalan / pelanggan langsung,1,18,5,6,300000,450000,925000,350000,3,"Akhir pekan / Sabtu-Minggu, Ramadan / menjelang Lebaran","Jumlah pesanan atau project yang masuk, Akhir pekan atau hari libur, Jam saya bekerja",4,"Pengingat kalau penghasilan sedang turun, Ringkasan pemasukan dan pengeluaran, Saran batas pengeluaran minggu ini",pekerja_harian,bali,0,0,0,0,0,0,0,0,0,1,0,1,0,0,1,0,0,0,1,0,1,1,0,0,0,1,0,1,1,0
29,Grab,2,22,7,11,475000,390000,425000,415000,1,"Saat ada promo dari aplikasi, Akhir pekan / Sabtu-Minggu, Awal bulan","Jumlah pesanan atau project yang masuk, Cuaca",5,Saran menabung,kurir,jawa_tengah,0,1,0,0,0,0,0,0,0,0,0,1,1,0,0,1,0,0,0,1,0,1,0,0,0,0,0,0,0,1
25,"ShopeeFood, Grab",2,6,6,8,695000,325000,320000,375000,3,"Harbolnas / flash sale online / tanggal kembar, Saat ada promo dari aplikasi","Jumlah pesanan atau project yang masuk, Cuaca, Jam saya bekerja",4,"Pengingat kalau penghasilan sedang turun, Saran batas pengeluaran minggu ini",kurir,jawa_timur,0,1,0,0,0,0,1,0,0,0,0,0,0,1,0,1,0,0,0,1,1,1,0,0,0,1,0,0,1,0
35,"WhatsApp / kenalan / pelanggan langsung, Shopee / Tokopedia / TikTok Shop, Instagram / TikTok / YouTube",1,10,7,7,140000,170000,175000,185000,4,"Awal bulan, Saat ada promo dari aplikasi, Harbolnas / flash sale online / tanggal kembar","Jumlah pesanan atau project yang masuk, Ada atau tidaknya promo dari aplikasi",4,"Pengingat kalau penghasilan sedang turun, Saran menabung, Perkiraan penghasilan minggu depan",jualan_online,sumatera,0,0,1,0,0,1,0,0,0,1,0,0,1,1,0,1,0,1,0,0,0,1,0,0,0,1,1,0,0,1
42,Grab,2,18,5,9,430000,930000,470000,910000,2,Harbolnas / flash sale online / tanggal kembar,"Jumlah pesanan atau project yang masuk, Jam saya bekerja, Cuaca",5,"Saran menabung, Ringkasan pemasukan dan pengeluaran",kurir,bali,0,1,0,0,0,0,0,0,0,0,0,0,0,1,0,0,0,0,0,1,1,1,0,0,0,0,0,1,0,1
24,WhatsApp / kenalan / pelanggan langsung,0,20,4,5,450000,435000,105000,530000,1,"Akhir pekan / Sabtu-Minggu, Awal bulan",Jumlah pesanan atau project yang masuk,3,"Ringkasan pemasukan dan pengeluaran, Pengingat kalau penghasilan sedang turun",tutor,jabodetabek,0,0,0,0,0,0,0,0,0,1,0,1,1,0,0,0,0,0,0,0,0,1,0,0,0,1,0,1,0,0
18,"Instagram / TikTok / YouTube, WhatsApp / kenalan / pelanggan langsung",0,37,5,5,195000,170000,160000,180000,0,Awal bulan,"Jumlah pesanan atau project yang masuk, Jam saya bekerja, Tanggal gajian / akhir bulan",2,"Saran menabung, Saran batas pengeluaran minggu ini",tutor,bandung,0,0,1,0,0,0,0,0,0,1,0,0,1,0,0,0,0,0,0,0,1,1,0,0,1,0,0,0,1,1
20,"Instagram / TikTok / YouTube, WhatsApp / kenalan / pelanggan langsung",1,9,4,5,525000,380000,260000,390000,1,"Akhir pekan / Sabtu-Minggu, Awal bulan, Akhir bulan / tanggal gajian","Jumlah pesanan atau project yang masuk, Kondisi fisik / capek / sakit, Tanggal gajian / akhir bulan",5,"Ringkasan pemasukan dan pengeluaran, Saran batas pengeluaran minggu ini, Saran menabung",tutor,jabodetabek,0,0,1,0,0,0,0,0,0,1,1,1,1,0,0,0,0,0,0,0,0,1,1,0,1,0,0,1,1,1
23,"Instagram / TikTok / YouTube, WhatsApp / kenalan / pelanggan langsung",0,20,3,3,20000,305000,425000,20000,3,Harbolnas / flash sale online / tanggal kembar,"Jumlah pesanan atau project yang masuk, Ada atau tidaknya promo dari aplikasi, Akhir pekan atau hari libur",4,"Saran menabung, Ringkasan pemasukan dan pengeluaran, Saran batas pengeluaran minggu ini",content_creator,jabodetabek,0,0,1,0,0,0,0,0,0,1,0,0,0,1,0,0,0,1,1,0,0,1,0,0,0,0,0,1,1,1
27,Grab,2,35,6,8,865000,210000,525000,330000,1,"Awal bulan, Saat ada promo dari aplikasi",Jumlah pesanan atau project yang masuk,5,Ringkasan pemasukan dan pengeluaran,kurir,jabodetabek,0,1,0,0,0,0,0,0,0,0,0,0,1,0,0,1,0,0,0,0,0,1,0,0,0,0,0,1,0,0
27,"WhatsApp / kenalan / pelanggan langsung, Website freelance seperti Fiverr",2,32,5,6,190000,265000,370000,170000,0,Akhir bulan / tanggal gajian,"Jumlah pesanan atau project yang masuk, Rating atau ulasan pelanggan",5,"Saran menabung, Ringkasan pemasukan dan pengeluaran, Saran batas pengeluaran minggu ini",freelancer_desain,sumatera,0,0,0,0,0,0,0,0,1,1,1,0,0,0,0,0,0,0,0,0,0,1,0,1,0,0,0,1,1,1
21,"WhatsApp / kenalan / pelanggan langsung, Shopee / Tokopedia / TikTok Shop",2,1,4,4,180000,160000,10000,230000,1,"Harbolnas / flash sale online / tanggal kembar, Awal bulan, Akhir bulan / tanggal gajian",Jumlah pesanan atau project yang masuk,3,"Saran batas pengeluaran minggu ini, Pengingat kalau penghasilan sedang turun",jualan_online,bali,0,0,0,0,0,1,0,0,0,1,1,0,1,1,0,0,0,0,0,0,0,1,0,0,0,1,0,0,1,0
38,"Shopee / Tokopedia / TikTok Shop, WhatsApp / kenalan / pelanggan langsung, Instagram / TikTok / YouTube",0,48,6,3,25000,20000,375000,375000,1,"Saat ada promo dari aplikasi, Akhir bulan / tanggal gajian","Jumlah pesanan atau project yang masuk, Akhir pekan atau hari libur",4,Saran batas pengeluaran minggu ini,jualan_online,jawa_timur,0,0,1,0,0,1,0,0,0,1,1,0,0,0,0,1,0,0,1,0,0,1,0,0,0,0,0,0,1,0
34,Instagram / TikTok / YouTube,0,7,6,4,400000,375000,380000,355000,2,Harbolnas / flash sale online / tanggal kembar,"Jumlah pesanan atau project yang masuk, Ada atau tidaknya promo dari aplikasi, Tanggal gajian / akhir bulan",5,"Saran batas pengeluaran minggu ini, Perkiraan penghasilan minggu depan",jualan_online,jawa_timur,0,0,1,0,0,0,0,0,0,0,0,0,0,1,0,0,0,1,0,0,0,1,0,0,1,0,1,0,1,0
26,WhatsApp / kenalan / pelanggan langsung,1,17,2,6,620000,400000,150000,570000,1,Awal bulan,"Jumlah pesanan atau project yang masuk, Jam saya bekerja",3,"Saran menabung, Ringkasan pemasukan dan pengeluaran",tutor,kalimantan,0,0,0,0,0,0,0,0,0,1,0,0,1,0,0,0,0,0,0,0,1,1,0,0,0,0,0,1,0,1
30,Grab,2,14,7,11,1250000,875000,620000,465000,2,"Harbolnas / flash sale online / tanggal kembar, Saat ada promo dari aplikasi","Jumlah pesanan atau project yang masuk, Jam saya bekerja, Cuaca",4,"Ringkasan pemasukan dan pengeluaran, Saran batas pengeluaran minggu ini, Saran menabung",kurir,jawa_timur,0,1,0,0,0,0,0,0,0,0,0,0,0,1,0,1,0,0,0,1,1,1,0,0,0,0,0,1,1,1
31,WhatsApp / kenalan / pelanggan langsung,0,15,3,5,200000,160000,185000,6800,0,"Ramadan / menjelang Lebaran, Akhir pekan / Sabtu-Minggu, Awal bulan","Jumlah pesanan atau project yang masuk, Jam saya bekerja",4,"Saran menabung, Ringkasan pemasukan dan pengeluaran",pekerja_harian,jawa_timur,0,0,0,0,0,0,0,0,0,1,0,1,1,0,1,0,0,0,0,0,1,1,0,0,0,0,0,1,0,1
19,"Projects.co.id, Instagram / TikTok / YouTube",1,24,4,4,870000,50000,710000,1020000,2,"Awal bulan, Akhir bulan / tanggal gajian",Jumlah pesanan atau project yang masuk,5,"Ringkasan pemasukan dan pengeluaran, Saran batas pengeluaran minggu ini, Pengingat kalau penghasilan sedang turun",freelancer_desain,jabodetabek,0,0,1,0,1,0,0,0,0,0,1,0,1,0,0,0,0,0,0,0,0,1,0,0,0,1,0,1,1,0
30,WhatsApp / kenalan / pelanggan langsung,2,35,6,7,440000,465000,500000,475000,3,Awal bulan,"Jumlah pesanan atau project yang masuk, Akhir pekan atau hari libur, Tanggal gajian / akhir bulan",3,"Ringkasan pemasukan dan pengeluaran, Pengingat kalau penghasilan sedang turun, Saran menabung",jualan_online,sumatera,0,0,0,0,0,0,0,0,0,1,0,0,1,0,0,0,0,0,1,0,0,1,0,0,1,1,0,1,0,1
17,"Instagram / TikTok / YouTube, Shopee / Tokopedia / TikTok Shop",1,62,6,6,1200000,1050000,930000,1080000,1,Ramadan / menjelang Lebaran,Jumlah pesanan atau project yang masuk,4,"Saran batas pengeluaran minggu ini, Ringkasan pemasukan dan pengeluaran",jualan_online,bali,0,0,1,0,0,1,0,0,0,0,0,0,0,0,1,0,0,0,0,0,0,1,0,0,0,0,0,1,1,0
28,Instagram / TikTok / YouTube,2,70,3,5,530000,425000,480000,525000,2,Akhir bulan / tanggal gajian,"Jumlah pesanan atau project yang masuk, Tanggal gajian / akhir bulan",2,Saran batas pengeluaran minggu ini,freelancer_desain,jawa_tengah,0,0,1,0,0,0,0,0,0,0,1,0,0,0,0,0,0,0,0,0,0,1,0,0,1,0,0,0,1,0
39,Grab,2,22,5,9,1100000,495000,1150000,990000,3,"Saat ada promo dari aplikasi, Saat cuaca bagus, Awal bulan","Jumlah pesanan atau project yang masuk, Ada atau tidaknya promo dari aplikasi, Jam saya bekerja",5,"Saran batas pengeluaran minggu ini, Ringkasan pemasukan dan pengeluaran, Pengingat kalau penghasilan sedang turun",ojek_online,kalimantan,0,1,0,0,0,0,0,0,0,0,0,0,1,0,0,1,1,1,0,0,1,1,0,0,0,1,0,1,1,0
27,Upwork,0,15,3,4,400000,660000,475000,520000,3,"Akhir bulan / tanggal gajian, Awal bulan","Jumlah pesanan atau project yang masuk, Jam saya bekerja, Rating atau ulasan pelanggan",1,"Saran menabung, Saran batas pengeluaran minggu ini",freelancer_it,jawa_barat_lainnya,0,0,0,0,0,0,0,1,0,0,1,0,1,0,0,0,0,0,0,0,1,1,0,1,0,0,0,0,1,1
40,"Gojek, Maxim",1,22,7,9,500000,555000,565000,1200000,4,Saat cuaca bagus,"Jumlah pesanan atau project yang masuk, Cuaca",4,"Saran menabung, Pengingat kalau penghasilan sedang turun",ojek_online,sumatera,1,0,0,1,0,0,0,0,0,0,0,0,0,0,0,0,1,0,0,1,0,1,0,0,0,1,0,0,0,1
17,"Instagram / TikTok / YouTube, WhatsApp / kenalan / pelanggan langsung",1,83,2,2,530000,550000,480000,530000,3,"Awal bulan, Akhir pekan / Sabtu-Minggu, Akhir bulan / tanggal gajian","Jumlah pesanan atau project yang masuk, Tanggal gajian / akhir bulan, Jam saya bekerja",3,Saran batas pengeluaran minggu ini,tutor,jawa_timur,0,0,1,0,0,0,0,0,0,1,1,1,1,0,0,0,0,0,0,0,1,1,0,0,1,0,0,0,1,0
31,"Instagram / TikTok / YouTube, WhatsApp / kenalan / pelanggan langsung, Shopee / Tokopedia / TikTok Shop",1,32,5,5,200000,200000,270000,240000,2,"Akhir bulan / tanggal gajian, Saat ada promo dari aplikasi",Jumlah pesanan atau project yang masuk,5,"Saran batas pengeluaran minggu ini, Ringkasan pemasukan dan pengeluaran, Perkiraan penghasilan minggu depan",jualan_online,jabodetabek,0,0,1,0,0,1,0,0,0,1,1,0,0,0,0,1,0,0,0,0,0,1,0,0,0,0,1,1,1,0
19,WhatsApp / kenalan / pelanggan langsung,2,21,7,6,425000,460000,370000,460000,3,"Ramadan / menjelang Lebaran, Akhir pekan / Sabtu-Minggu","Jumlah pesanan atau project yang masuk, Akhir pekan atau hari libur",5,"Saran menabung, Ringkasan pemasukan dan pengeluaran",pekerja_harian,jabodetabek,0,0,0,0,0,0,0,0,0,1,0,1,0,0,1,0,0,0,1,0,0,1,0,0,0,0,0,1,0,1
41,"Shopee / Tokopedia / TikTok Shop, Instagram / TikTok / YouTube",2,33,6,4,1050000,1000000,870000,875000,1,"Awal bulan, Ramadan / menjelang Lebaran",Jumlah pesanan atau project yang masuk,4,"Saran menabung, Perkiraan penghasilan minggu depan",jualan_online,jabodetabek,0,0,1,0,0,1,0,0,0,0,0,0,1,0,1,0,0,0,0,0,0,1,0,0,0,0,1,0,0,1
24,WhatsApp / kenalan / pelanggan langsung,2,47,6,10,395000,420000,1300000,500000,3,"Awal bulan, Ramadan / menjelang Lebaran","Jumlah pesanan atau project yang masuk, Jam saya bekerja, Akhir pekan atau hari libur",5,Ringkasan pemasukan dan pengeluaran,pekerja_harian,kalimantan,0,0,0,0,0,0,0,0,0,1,0,0,1,0,1,0,0,0,1,0,1,1,0,0,0,0,0,1,0,0
17,"WhatsApp / kenalan / pelanggan langsung, Instagram / TikTok / YouTube",2,17,4,3,200000,190000,250000,150000,3,"Awal bulan, Akhir pekan / Sabtu-Minggu","Jumlah pesanan atau project yang masuk, Kondisi fisik / capek / sakit, Tanggal gajian / akhir bulan",4,Saran menabung,tutor,jabodetabek,0,0,1,0,0,0,0,0,0,1,0,1,1,0,0,0,0,0,0,0,0,1,1,0,1,0,0,0,0,1
17,"Instagram / TikTok / YouTube, Shopee / Tokopedia / TikTok Shop",0,56,5,7,580000,260000,10000,690000,4,"Saat ada promo dari aplikasi, Awal bulan","Jumlah pesanan atau project yang masuk, Ada atau tidaknya promo dari aplikasi, Akhir pekan atau hari libur",4,Ringkasan pemasukan dan pengeluaran,jualan_online,jawa_timur,0,0,1,0,0,1,0,0,0,0,0,0,1,0,0,1,0,1,1,0,0,1,0,0,0,0,0,1,0,0
17,WhatsApp / kenalan / pelanggan langsung,1,4,3,5,160000,440000,360000,445000,1,"Ramadan / menjelang Lebaran, Awal bulan, Akhir pekan / Sabtu-Minggu","Jumlah pesanan atau project yang masuk, Jam saya bekerja",2,"Pengingat kalau penghasilan sedang turun, Saran menabung, Saran batas pengeluaran minggu ini",pekerja_harian,bali,0,0,0,0,0,0,0,0,0,1,0,1,1,0,1,0,0,0,0,0,1,1,0,0,0,1,0,0,1,1
27,"Instagram / TikTok / YouTube, Shopee / Tokopedia / TikTok Shop, WhatsApp / kenalan / pelanggan langsung",1,10,6,6,375000,325000,425000,380000,3,Awal bulan,Jumlah pesanan atau project yang masuk,4,Saran batas pengeluaran minggu ini,jualan_online,bandung,0,0,1,0,0,1,0,0,0,1,0,0,1,0,0,0,0,0,0,0,0,1,0,0,0,0,0,0,1,0
49,Gojek,2,16,6,9,750000,630000,800000,1190000,4,"Saat ada promo dari aplikasi, Awal bulan","Jumlah pesanan atau project yang masuk, Rating atau ulasan pelanggan",3,Saran menabung,ojek_online,sumatera,1,0,0,0,0,0,0,0,0,0,0,0,1,0,0,1,0,0,0,0,0,1,0,1,0,0,0,0,0,1
29,"Shopee / Tokopedia / TikTok Shop, Instagram / TikTok / YouTube",2,39,7,4,1050000,930000,1065000,1075000,4,Saat ada promo dari aplikasi,Jumlah pesanan atau project yang masuk,4,"Saran menabung, Pengingat kalau penghasilan sedang turun",jualan_online,bali,0,0,1,0,0,1,0,0,0,0,0,0,0,0,0,1,0,0,0,0,0,1,0,0,0,1,0,0,0,1
23,"Projects.co.id, Instagram / TikTok / YouTube",2,10,6,8,675000,570000,710000,575000,3,"Awal bulan, Akhir bulan / tanggal gajian","Jumlah pesanan atau project yang masuk, Rating atau ulasan pelanggan",5,"Ringkasan pemasukan dan pengeluaran, Pengingat kalau penghasilan sedang turun",freelancer_desain,jawa_barat_lainnya,0,0,1,0,1,0,0,0,0,0,1,0,1,0,0,0,0,0,0,0,0,1,0,1,0,1,0,1,0,0
17,WhatsApp / kenalan / pelanggan langsung,1,52,4,9,210000,250000,275000,740000,4,"Awal bulan, Ramadan / menjelang Lebaran","Jumlah pesanan atau project yang masuk, Kondisi fisik / capek / sakit",4,Pengingat kalau penghasilan sedang turun,pekerja_harian,jawa_timur,0,0,0,0,0,0,0,0,0,1,0,0,1,0,1,0,0,0,0,0,0,1,1,0,0,1,0,0,0,0
22,"Gojek, ShopeeFood",2,17,6,11,905000,725000,810000,830000,0,"Saat ada promo dari aplikasi, Akhir pekan / Sabtu-Minggu","Jumlah pesanan atau project yang masuk, Jam saya bekerja",2,"Saran batas pengeluaran minggu ini, Saran menabung, Ringkasan pemasukan dan pengeluaran",kurir,bali,1,0,0,0,0,0,1,0,0,0,0,1,0,0,0,1,0,0,0,0,1,1,0,0,0,0,0,1,1,1
27,WhatsApp / kenalan / pelanggan langsung,2,29,4,6,250000,360000,200000,395000,0,"Awal bulan, Akhir bulan / tanggal gajian","Jumlah pesanan atau project yang masuk, Rating atau ulasan pelanggan",5,"Pengingat kalau penghasilan sedang turun, Saran batas pengeluaran minggu ini, Perkiraan penghasilan minggu depan",freelancer_desain,sumatera,0,0,0,0,0,0,0,0,0,1,1,0,1,0,0,0,0,0,0,0,0,1,0,1,0,1,1,0,1,0
19,WhatsApp / kenalan / pelanggan langsung,1,20,5,7,365000,255000,200000,350000,1,Awal bulan,"Jumlah pesanan atau project yang masuk, Akhir pekan atau hari libur",3,"Ringkasan pemasukan dan pengeluaran, Saran menabung, Pengingat kalau penghasilan sedang turun",pekerja_harian,jawa_barat_lainnya,0,0,0,0,0,0,0,0,0,1,0,0,1,0,0,0,0,0,1,0,0,1,0,0,0,1,0,1,0,1
25,WhatsApp / kenalan / pelanggan langsung,0,9,5,9,18400,16800,165000,175000,1,"Ramadan / menjelang Lebaran, Akhir pekan / Sabtu-Minggu, Awal bulan",Jumlah pesanan atau project yang masuk,3,"Ringkasan pemasukan dan pengeluaran, Saran batas pengeluaran minggu ini",pekerja_harian,sulawesi,0,0,0,0,0,0,0,0,0,1,0,1,1,0,1,0,0,0,0,0,0,1,0,0,0,0,0,1,1,0
28,"Shopee / Tokopedia / TikTok Shop, WhatsApp / kenalan / pelanggan langsung",1,19,5,6,320000,300000,220000,330000,4,Akhir bulan / tanggal gajian,Jumlah pesanan atau project yang masuk,3,Saran menabung,jualan_online,bandung,0,0,0,0,0,1,0,0,0,1,1,0,0,0,0,0,0,0,0,0,0,1,0,0,0,0,0,0,0,1
30,"Shopee / Tokopedia / TikTok Shop, WhatsApp / kenalan / pelanggan langsung, Instagram / TikTok / YouTube",1,42,5,3,150000,120000,140000,125000,0,Saat ada promo dari aplikasi,"Jumlah pesanan atau project yang masuk, Akhir pekan atau hari libur",5,"Saran menabung, Perkiraan penghasilan minggu depan",jualan_online,bali,0,0,1,0,0,1,0,0,0,1,0,0,0,0,0,1,0,0,1,0,0,1,0,0,0,0,1,0,0,1
28,"Gojek, Grab",2,28,5,11,30000,700000,460000,30000,1,"Ramadan / menjelang Lebaran, Akhir pekan / Sabtu-Minggu, Awal bulan","Jumlah pesanan atau project yang masuk, Ada atau tidaknya promo dari aplikasi",4,"Pengingat kalau penghasilan sedang turun, Saran menabung, Perkiraan penghasilan minggu depan",ojek_online,jabodetabek,1,1,0,0,0,0,0,0,0,0,0,1,1,0,1,0,0,1,0,0,0,1,0,0,0,1,1,0,0,1
25,"Projects.co.id, WhatsApp / kenalan / pelanggan langsung",0,31,3,3,270000,425000,370000,300000,0,"Awal bulan, Akhir bulan / tanggal gajian","Jumlah pesanan atau project yang masuk, Tanggal gajian / akhir bulan, Jam saya bekerja",4,"Pengingat kalau penghasilan sedang turun, Ringkasan pemasukan dan pengeluaran, Perkiraan penghasilan minggu depan",freelancer_desain,bali,0,0,0,0,1,0,0,0,0,1,1,0,1,0,0,0,0,0,0,0,1,1,0,0,1,1,1,1,0,0
26,WhatsApp / kenalan / pelanggan langsung,0,36,6,8,525000,540000,400000,525000,1,"Akhir pekan / Sabtu-Minggu, Awal bulan, Ramadan / menjelang Lebaran",Jumlah pesanan atau project yang masuk,4,"Pengingat kalau penghasilan sedang turun, Saran batas pengeluaran minggu ini, Saran menabung",pekerja_harian,jawa_tengah,0,0,0,0,0,0,0,0,0,1,0,1,1,0,1,0,0,0,0,0,0,1,0,0,0,1,0,0,1,1
32,Shopee / Tokopedia / TikTok Shop,0,12,6,7,75000,40000,50000,45000,1,Awal bulan,"Jumlah pesanan atau project yang masuk, Tanggal gajian / akhir bulan, Ada atau tidaknya promo dari aplikasi",2,"Pengingat kalau penghasilan sedang turun, Saran batas pengeluaran minggu ini",jualan_online,bandung,0,0,0,0,0,1,0,0,0,0,0,0,1,0,0,0,0,1,0,0,0,1,0,0,1,1,0,0,1,0
25,"Website freelance seperti Fiverr, Projects.co.id",1,54,5,6,395000,375000,425000,400000,3,Awal bulan,Jumlah pesanan atau project yang masuk,5,"Pengingat kalau penghasilan sedang turun, Saran batas pengeluaran minggu ini, Perkiraan penghasilan minggu depan",freelancer_desain,bali,0,0,0,0,1,0,0,0,1,0,0,0,1,0,0,0,0,0,0,0,0,1,0,0,0,1,1,0,1,0
26,ShopeeFood,1,9,7,7,700000,650000,695000,650000,1,Akhir pekan / Sabtu-Minggu,"Jumlah pesanan atau project yang masuk, Jam saya bekerja",4,"Saran menabung, Perkiraan penghasilan minggu depan",kurir,sumatera,0,0,0,0,0,0,1,0,0,0,0,1,0,0,0,0,0,0,0,0,1,1,0,0,0,0,1,0,0,1
20,ShopeeFood,2,16,7,8,600000,715000,670000,540000,2,"Akhir pekan / Sabtu-Minggu, Harbolnas / flash sale online / tanggal kembar",Jumlah pesanan atau project yang masuk,3,"Ringkasan pemasukan dan pengeluaran, Saran menabung",kurir,bandung,0,0,0,0,0,0,1,0,0,0,0,1,0,1,0,0,0,0,0,0,0,1,0,0,0,0,0,1,0,1
17,"Website freelance seperti Fiverr, Instagram / TikTok / YouTube",0,22,6,4,220000,200000,10000,200000,1,Akhir bulan / tanggal gajian,"Jumlah pesanan atau project yang masuk, Tanggal gajian / akhir bulan",5,"Ringkasan pemasukan dan pengeluaran, Perkiraan penghasilan minggu depan",freelancer_desain,jabodetabek,0,0,1,0,0,0,0,0,1,0,1,0,0,0,0,0,0,0,0,0,0,1,0,0,1,0,1,1,0,0
22,WhatsApp / kenalan / pelanggan langsung,2,16,5,6,300000,175000,260000,450000,4,Akhir pekan / Sabtu-Minggu,"Jumlah pesanan atau project yang masuk, Jam saya bekerja, Akhir pekan atau hari libur",4,"Saran menabung, Saran batas pengeluaran minggu ini, Perkiraan penghasilan minggu depan",pekerja_harian,bandung,0,0,0,0,0,0,0,0,0,1,0,1,0,0,0,0,0,0,1,0,1,1,0,0,0,0,1,0,1,1
38,Shopee / Tokopedia / TikTok Shop,2,21,6,4,850000,760000,850000,705000,0,"Akhir bulan / tanggal gajian, Ramadan / menjelang Lebaran","Jumlah pesanan atau project yang masuk, Ada atau tidaknya promo dari aplikasi",4,"Saran batas pengeluaran minggu ini, Ringkasan pemasukan dan pengeluaran, Perkiraan penghasilan minggu depan",jualan_online,jawa_barat_lainnya,0,0,0,0,0,1,0,0,0,0,1,0,0,0,1,0,0,1,0,0,0,1,0,0,0,0,1,1,1,0
34,Gojek,1,54,7,10,640000,605000,570000,660000,4,"Akhir pekan / Sabtu-Minggu, Ramadan / menjelang Lebaran","Jumlah pesanan atau project yang masuk, Jam saya bekerja, Cuaca",3,Pengingat kalau penghasilan sedang turun,ojek_online,jawa_tengah,1,0,0,0,0,0,0,0,0,0,0,1,0,0,1,0,0,0,0,1,1,1,0,0,0,1,0,0,0,0
31,WhatsApp / kenalan / pelanggan langsung,0,7,5,6,300000,300000,295000,300000,1,"Awal bulan, Ramadan / menjelang Lebaran, Akhir pekan / Sabtu-Minggu",Jumlah pesanan atau project yang masuk,2,"Ringkasan pemasukan dan pengeluaran, Pengingat kalau penghasilan sedang turun, Saran menabung",pekerja_harian,jabodetabek,0,0,0,0,0,0,0,0,0,1,0,1,1,0,1,0,0,0,0,0,0,1,0,0,0,1,0,1,0,1
32,ShopeeFood,1,21,7,7,625000,575000,575000,640000,1,"Awal bulan, Akhir pekan / Sabtu-Minggu, Saat ada promo dari aplikasi","Jumlah pesanan atau project yang masuk, Jam saya bekerja, Cuaca",4,"Ringkasan pemasukan dan pengeluaran, Saran batas pengeluaran minggu ini, Perkiraan penghasilan minggu depan",kurir,bali,0,0,0,0,0,0,1,0,0,0,0,1,1,0,0,1,0,0,0,1,1,1,0,0,0,0,1,1,1,0
28,"WhatsApp / kenalan / pelanggan langsung, Instagram / TikTok / YouTube",2,21,5,7,230000,270000,250000,250000,1,Akhir pekan / Sabtu-Minggu,"Jumlah pesanan atau project yang masuk, Ada atau tidaknya promo dari aplikasi",5,"Pengingat kalau penghasilan sedang turun, Perkiraan penghasilan minggu depan",content_creator,jawa_tengah,0,0,1,0,0,0,0,0,0,1,0,1,0,0,0,0,0,1,0,0,0,1,0,0,0,1,1,0,0,0
20,WhatsApp / kenalan / pelanggan langsung,1,14,4,6,150000,150000,360000,140000,3,"Ramadan / menjelang Lebaran, Akhir pekan / Sabtu-Minggu, Harbolnas / flash sale online / tanggal kembar","Jumlah pesanan atau project yang masuk, Ada atau tidaknya promo dari aplikasi, Tanggal gajian / akhir bulan",5,"Pengingat kalau penghasilan sedang turun, Ringkasan pemasukan dan pengeluaran, Perkiraan penghasilan minggu depan",content_creator,sulawesi,0,0,0,0,0,0,0,0,0,1,0,1,0,1,1,0,0,1,0,0,0,1,0,0,1,1,1,1,0,0
23,"Instagram / TikTok / YouTube, WhatsApp / kenalan / pelanggan langsung",0,24,2,4,320000,700000,200000,575000,2,"Awal bulan, Akhir pekan / Sabtu-Minggu, Akhir bulan / tanggal gajian",Jumlah pesanan atau project yang masuk,1,Saran menabung,tutor,jabodetabek,0,0,1,0,0,0,0,0,0,1,1,1,1,0,0,0,0,0,0,0,0,1,0,0,0,0,0,0,0,1
30,"Gojek, ShopeeFood",2,22,6,8,525000,525000,625000,600000,1,Akhir pekan / Sabtu-Minggu,"Jumlah pesanan atau project yang masuk, Ada atau tidaknya promo dari aplikasi",3,"Saran menabung, Pengingat kalau penghasilan sedang turun",kurir,jabodetabek,1,0,0,0,0,0,1,0,0,0,0,1,0,0,0,0,0,1,0,0,0,1,0,0,0,1,0,0,0,1
18,"Shopee / Tokopedia / TikTok Shop, Instagram / TikTok / YouTube, WhatsApp / kenalan / pelanggan langsung",1,38,6,6,240000,260000,270000,190000,4,"Akhir bulan / tanggal gajian, Saat ada promo dari aplikasi",Jumlah pesanan atau project yang masuk,3,"Saran batas pengeluaran minggu ini, Saran menabung",jualan_online,jawa_timur,0,0,1,0,0,1,0,0,0,1,1,0,0,0,0,1,0,0,0,0,0,1,0,0,0,0,0,0,1,1
