usia,lama_kerja_bulan,hari_kerja_per_minggu,jam_kerja_per_hari,income_utama,income_w1,income_w2,income_w3,income_w4,rolling_mean_4w,rolling_std_4w,rolling_cov_4w,income_trend_w4w1,income_growth_pct,is_payday_week,monthly_income,prev_monthly_income,total_jam_seminggu,income_per_jam_est,income_ratio_w4w1,income_w3_vs_w4,is_income_growing,experience_months_log,seasonal_enc,gig_type_content_creator,gig_type_freelancer_desain,gig_type_freelancer_it,gig_type_jualan_online,gig_type_kurir,gig_type_ojek_online,gig_type_pekerja_harian,gig_type_tutor,region_bali,region_bandung,region_jabodetabek,region_jawa_tengah,region_jawa_timur,region_kalimantan,region_papua,region_sulawesi,region_sumatera,experience_tier_junior,experience_tier_mid,experience_tier_senior
35,33,6,4,2,465031.0,813210.0,1222222.0,2646635.0,1286774.5,829595.2808702867,0.6447091396901996,2181604.0,469.13087514595804,1,5147098.0,2169886.0,24,105865.4,5.691296512928143,0.46180207629609815,1,3.5263605246161616,0,1,0,0,0,0,0,0,0,0,1,0,0,0,0,0,0,0,0,1,0
29,12,5,8,1,327727.0,466048.0,736166.0,1138813.0,667188.5,309386.1564570238,0.4637162607824083,811086.0,247.48830581551107,1,2668754.0,2314154.0,40,27775.926829268294,3.4748724552067567,0.6464321653931195,1,2.5649493574615367,0,0,0,0,0,1,0,0,0,0,0,0,1,0,0,0,0,0,0,1,0
28,19,5,8,1,530000.0,675000.0,525000.0,1370000.0,775000.0,348765.6806510641,0.4500202330981472,840000.0,158.49056603773585,0,3100000.0,3100000.0,40,33414.634146341465,2.5849007832060695,0.38321139911576707,1,2.995732273553991,0,0,0,0,0,0,0,1,0,0,0,0,0,1,0,0,0,0,0,1,0
18,4,3,7,2,567260.0,619116.0,588076.0,799416.0,643467.0,91908.55718049327,0.14283336547250017,232156.0,40.925854105701085,1,2573868.0,1335118.0,21,36337.09090909091,1.4092560567357884,0.7356310911576811,1,1.6094379124341003,0,0,0,0,0,1,0,0,0,0,0,1,0,0,0,0,0,0,1,0,0
51,36,5,9,0,710455.0,920065.0,881356.0,924138.0,859003.5,87374.62586615178,0.10171626293274914,213683.0,30.076922535558197,1,3436014.0,3436014.0,45,20089.956521739132,1.3007673944621483,0.953705016236735,1,3.6109179126442243,0,0,0,0,0,0,1,0,0,0,1,0,0,0,0,0,0,0,0,0,1
32,44,3,8,2,1266918.0,806865.0,2425844.0,1232199.0,1432956.5,601183.9384325317,0.419540954964461,-34719.0,-2.740429925220101,1,5731826.0,4588715.0,24,49287.96,0.9725949330620189,1.9687096250608667,0,3.8066624897703196,3,0,1,0,0,0,0,0,0,0,0,1,0,0,0,0,0,0,0,1,0
32,62,6,8,1,1675000.0,600000.0,680000.0,510000.0,866250.0,470788.8990832303,0.5434792485809297,-1165000.0,-69.55223880597015,0,3465000.0,3465000.0,48,10408.163265306122,0.30447743016272827,1.3333307189593746,0,4.143134726391533,0,0,0,0,0,0,1,0,0,0,0,0,0,1,0,0,0,0,0,0,1
34,43,6,8,2,711905.0,1030989.0,707471.0,589224.0,759897.25,164066.95503113203,0.21590676243548984,-122681.0,-17.232776845225136,1,3039589.0,6662887.0,48,12024.979591836734,0.827671068933258,1.2006805549662694,0,3.784189633918261,0,0,0,0,0,0,0,0,1,0,1,0,0,0,0,0,0,0,0,1,0
29,43,4,11,2,612117.0,646678.0,1183615.0,729000.0,792852.5,229567.40762410068,0.28954617362510765,116883.0,19.094878920206433,1,3171410.0,2689505.0,44,16200.0,1.1909468435824466,1.623612313289008,1,3.784189633918261,0,0,0,0,0,0,1,0,0,0,0,1,0,0,0,0,0,0,0,1,0
27,54,5,5,2,489278.0,456858.0,794182.0,844460.0,646194.5,174413.73716754653,0.26990904002981536,355182.0,72.59308613916832,1,2584778.0,3123561.0,25,32479.23076923077,1.725927333893341,0.9404602462399092,1,4.007333185232471,0,0,0,0,0,0,1,0,0,0,1,0,0,0,0,0,0,0,0,1,0
27,8,5,4,1,225000.0,200000.0,170000.0,210000.0,201250.0,20116.84617428885,0.09995948409584522,-15000.0,-6.666666666666667,0,805000.0,805000.0,20,10000.0,0.9333291852036213,0.8095199546668825,0,2.1972245773362196,0,0,0,0,0,0,0,1,0,0,0,1,0,0,0,0,0,0,1,0,0
24,5,6,6,2,846158.0,827254.0,879304.0,1284462.0,959294.5,188657.72209149034,0.1966629873219229,438304.0,51.799309348845014,1,3837178.0,4410756.0,36,34715.18918918919,1.5179912995075393,0.6845693492144188,1,1.791759469228055,1,0,1,0,0,0,0,0,0,0,0,1,0,0,0,0,0,0,1,0,0
37,17,6,4,2,646446.0,535432.0,467415.0,485952.0,533811.25,69620.72888649974,0.13042199632641638,-160494.0,-24.827131732580913,1,2135245.0,3668193.0,24,19438.08,0.7517275198121424,0.9618522778951873,0,2.8903717578961645,0,0,0,0,0,0,1,0,0,1,0,0,0,0,0,0,0,0,0,1,0
18,13,6,4,2,727306.0,570506.0,627539.0,640238.0,641397.25,56123.25188090494,0.0875015474121614,-87068.0,-11.971302312919184,1,2565589.0,2560762.0,24,25609.52,0.8802857665332521,0.9801636576341023,0,2.639057329615259,2,0,0,0,0,1,0,0,0,0,1,0,0,0,0,0,0,0,1,0,0
30,42,4,9,2,1047572.0,896432.0,1932616.0,1996656.0,1468319.0,499698.52625257964,0.3403201390519224,949084.0,90.59845051223209,1,5873276.0,6795362.0,36,53963.67567567567,1.905982685693503,0.9679258881219959,1,3.7612001156935624,0,0,0,1,0,0,0,0,0,0,0,0,0,1,0,0,0,0,0,1,0
30,18,5,7,1,1243270.0,1132579.0,1135216.0,840991.0,1088014.0,149448.0311797382,0.13735855529408464,-402279.0,-32.3565275442985,1,4352056.0,2526498.0,35,23360.86111111111,0.6764341804803619,1.3498535063353754,0,2.9444389791664403,0,0,0,0,0,1,0,0,0,0,0,1,0,0,0,0,0,0,0,1,0
18,7,3,5,1,838924.0,918721.0,1660847.0,471810.0,972575.5,431638.38288693695,0.44380964036924325,-367114.0,-43.76010222618497,1,3890302.0,3890302.0,15,29488.125,0.5623983073576303,3.520153196936909,0,2.0794415416798357,0,0,0,0,1,0,0,0,0,0,0,1,0,0,0,0,0,0,1,0,0
31,32,5,5,1,200000.0,200000.0,270000.0,240000.0,227500.0,29474.56530637899,0.12955852881924831,40000.0,20.0,0,910000.0,910000.0,25,9230.76923076923,1.1999940000299998,1.124995312519531,1,3.4965075614664802,0,0,0,0,0,0,0,1,0,0,0,1,0,0,0,0,0,0,0,1,0
31,42,3,10,0,446440.0,617797.0,769038.0,1089672.0,730736.75,236580.60393592605,0.32375626918438966,643232.0,144.08027954484365,1,2922947.0,2599600.0,30,35150.709677419356,2.440797328202383,0.7057511748937525,1,3.7612001156935624,0,0,0,0,0,0,1,0,0,0,0,0,0,1,0,0,0,0,0,1,0
33,47,4,9,2,852217.0,550316.0,373599.0,405050.0,545295.5,189324.12746728823,0.34719547010251917,-447167.0,-52.471025572125406,1,2181182.0,2356118.0,36,10947.297297297297,0.4752891865696336,0.9223505188235556,0,3.8712010109078907,0,0,0,0,1,0,0,0,0,0,0,0,0,1,0,0,0,0,0,1,0
34,27,3,8,1,546584.0,450195.0,538413.0,1402665.0,734464.25,387632.6643107976,0.5277760821044695,856081.0,156.6238675116725,1,2937857.0,1774653.0,24,56106.6,2.5662339800762917,0.38384975468144233,1,3.332204510175204,0,0,0,0,0,1,0,0,0,0,0,0,0,1,0,0,0,0,0,1,0
29,43,4,11,2,527127.0,644271.0,850410.0,786124.0,701983.0,125514.51897091427,0.17879994098277918,258997.0,49.13370022783884,1,2807932.0,1944537.0,44,17469.422222222223,1.491334173104066,1.0817745269518206,1,3.784189633918261,0,0,0,0,0,0,1,0,0,0,0,1,0,0,0,0,0,0,0,1,0
39,160,5,6,2,1248297.0,1585362.0,1446756.0,1841370.0,1530446.25,215813.33087459518,0.14101333573432923,593073.0,47.51056839838596,1,6121785.0,3853011.0,30,59399.032258064515,1.4751045022903184,0.7856950066010597,1,5.081404364984463,2,0,0,0,0,0,1,0,0,0,0,0,1,0,0,0,0,0,0,0,1
23,15,3,6,1,478228.0,521326.0,537758.0,558117.0,523857.25,29391.312503654884,0.056105575523971246,79889.0,16.70521174000686,1,2095429.0,1590422.0,18,29374.57894736842,1.1670496770375698,0.9635202591566658,1,2.772588722239781,0,0,0,0,1,0,0,0,0,0,0,0,1,0,0,0,0,0,1,0,0
34,38,4,8,0,1222711.0,836130.0,909456.0,896328.0,966156.25,150680.18141476833,0.15595839846274176,-326383.0,-26.69338870755232,1,3864625.0,5161343.0,32,27161.454545454544,0.7330655133833642,1.0146452920746736,0,3.6635616461296463,0,0,1,0,0,0,0,0,0,0,0,0,0,1,0,0,0,0,0,1,0
19,5,3,8,1,250971.0,258811.0,350368.0,774230.0,408595.0,214685.76384217935,0.5254243538031041,523259.0,208.49381004179767,1,1634380.0,4655298.0,24,30969.2,3.0849258084567204,0.4525367752001664,1,1.791759469228055,3,0,0,0,1,0,0,0,0,0,1,0,0,0,0,0,0,0,1,0,0
48,156,3,4,2,1086561.0,1335141.0,1972516.0,1755334.0,1537388.0,346765.6514989626,0.2255550657992404,668773.0,61.549512636658235,1,6149552.0,6149552.0,12,135025.6923076923,1.6154936395714188,1.123726240290315,1,5.056245805348308,0,0,1,0,0,0,0,0,0,0,0,1,0,0,0,0,0,0,0,0,1
25,15,5,4,1,329256.0,601454.0,488362.0,469982.0,472263.5,96702.76274621114,0.20476442229012223,140726.0,42.74060305658819,1,1889054.0,2151918.0,20,22380.095238095237,1.4274016953322177,1.0391056697795453,1,2.772588722239781,0,0,0,0,0,1,0,0,0,0,0,0,0,1,0,0,0,0,1,0,0
26,43,6,11,0,866817.0,796166.0,751882.0,1419348.0,958553.25,269179.29235490516,0.28081829815391596,552531.0,63.74252004748408,1,3834213.0,3188819.0,66,21184.298507462685,1.6374233114679206,0.5297372246008557,1,3.784189633918261,0,0,0,0,0,1,0,0,0,0,0,1,0,0,0,0,0,0,0,1,0
30,12,5,10,1,809193.0,921612.0,1697021.0,1707942.0,1283942.0,420440.21636315907,0.32746044320005036,898749.0,111.06732262884134,1,5135768.0,4271602.0,50,33489.05882352941,2.110670617923514,0.9936051730063591,1,2.5649493574615367,0,0,1,0,0,0,0,0,0,0,1,0,0,0,0,0,0,0,0,1,0
22,8,3,11,2,785706.0,513199.0,392124.0,766162.0,614297.75,167351.1809315593,0.2724268173398963,-19544.0,-2.487444413050174,1,2457191.0,2575307.0,33,22534.176470588234,0.9751243147891008,0.5118023188277168,0,2.1972245773362196,0,0,1,0,0,0,0,0,0,0,0,0,0,0,0,0,0,1,1,0,0
50,210,6,5,2,727615.0,1102228.0,1703056.0,1644899.0,1294449.5,402499.86936178006,0.31094289067420555,917284.0,126.06721961476879,1,5177798.0,5560960.0,30,53061.25806451613,2.260669089189902,1.0353553407501976,1,5.351858133476067,0,0,0,0,1,0,0,0,0,0,0,0,0,0,1,0,0,0,0,0,1
34,17,6,7,1,280000.0,525000.0,400000.0,680000.0,471250.0,148424.01254514043,0.314958116806664,400000.0,142.85714285714286,0,1885000.0,1885000.0,42,15813.953488372093,2.4285627551330173,0.5882344290670161,1,2.8903717578961645,0,0,0,0,0,1,0,0,0,0,0,1,0,0,0,0,0,0,0,1,0
31,31,5,11,2,972326.0,1239766.0,1106153.0,995292.0,1078384.25,106028.11786591093,0.09832127821406046,22966.0,2.3619650199624407,1,4313537.0,5015134.0,55,17773.071428571428,1.0236185974471552,1.111384285833418,1,3.4657359027997265,0,0,0,0,0,1,0,0,0,0,0,1,0,0,0,0,0,0,0,1,0
35,51,5,9,2,615325.0,904945.0,1340972.0,1025924.0,971791.5,260173.68685216806,0.26772583095465236,410599.0,66.72880185267948,1,3887166.0,4850263.0,45,22302.695652173912,1.6672853089256752,1.3070858006189536,1,3.9512437185814275,0,1,0,0,0,0,0,0,0,0,0,1,0,0,0,0,0,0,0,1,0
36,19,5,5,0,715077.0,1506009.0,886776.0,1415475.0,1130834.25,336969.94299148925,0.2979834958054103,700398.0,97.94721407624634,1,4523337.0,6645600.0,25,54441.346153846156,1.9794693725719432,0.6264860725296649,1,2.995732273553991,2,0,0,1,0,0,0,0,0,0,1,0,0,0,0,0,0,0,0,1,0
23,8,3,11,2,592731.0,926746.0,1244946.0,772018.0,884110.25,239523.89520502437,0.2709208440972428,179287.0,30.24761654106163,1,3536441.0,5374994.0,33,22706.41176470588,1.3024739679990283,1.6125846643670687,1,2.1972245773362196,0,0,0,0,1,0,0,0,0,0,0,1,0,0,0,0,0,0,1,0,0
18,9,6,11,0,432257.0,395304.0,359296.0,565061.0,437979.5,77773.3021688677,0.17757292788559212,132804.0,30.723389094913443,1,1751918.0,1492942.0,66,8433.746268656716,1.3072308667508756,0.6358523489457794,1,2.302585092994046,0,0,0,0,0,0,1,0,0,0,0,0,0,0,1,0,0,0,1,0,0
25,10,6,4,2,519913.0,990350.0,675708.0,781177.0,741787.0,170974.88352532953,0.23049053640105518,261264.0,50.25148438296407,1,2967148.0,1803221.0,24,31247.08,1.5025119539000682,0.8649859571058068,1,2.3978952727983707,0,0,0,0,0,0,1,0,0,0,0,1,0,0,0,0,0,0,1,0,0
20,10,5,5,1,401594.0,366013.0,348551.0,541437.0,414398.75,75795.42461248898,0.18290456863706508,139843.0,34.821984392197095,1,1657595.0,1625633.0,25,20824.5,1.3482164867590483,0.6437505309933916,1,2.3978952727983707,2,0,0,0,0,0,1,0,0,0,0,0,0,0,0,0,0,1,1,0,0
20,3,3,11,1,1030412.0,687459.0,488694.0,441083.0,661912.0,231956.25771575986,0.3504336795763785,-589329.0,-57.193530354848356,1,2647648.0,3081346.0,33,12973.029411764706,0.42806428102129923,1.1079386239355768,0,1.3862943611198906,0,0,0,0,0,0,1,0,0,0,0,1,0,0,0,0,0,0,1,0,0
31,65,7,11,1,470000.0,320000.0,475000.0,520000.0,446250.0,75446.58706661289,0.1690679822221017,50000.0,10.638297872340425,0,1785000.0,1785000.0,77,6666.666666666667,1.106380624722075,0.9134597818081119,1,4.189654742026425,0,0,0,0,0,1,0,0,0,1,0,0,0,0,0,0,0,0,0,0,1
36,113,5,9,1,421056.0,1226585.0,1258423.0,1979634.0,1221424.5,551558.4514457647,0.45156982805385415,1558578.0,370.1593137254902,1,4885698.0,4885698.0,45,43035.52173913043,4.70158197108705,0.6356843559545068,1,4.736198448394496,0,0,0,0,1,0,0,0,0,0,0,0,0,0,1,0,0,0,0,0,1
51,36,5,9,0,903606.0,659626.0,578768.0,1247297.0,847324.25,260047.5574739888,0.30690441997144396,343691.0,38.035493345551046,1,3389297.0,4251863.0,45,27115.152173913044,1.3803534058501097,0.4640174200551913,1,3.6109179126442243,3,0,0,0,0,0,1,0,0,0,1,0,0,0,0,0,0,0,0,0,1
20,7,4,5,2,691664.0,826632.0,523789.0,382806.0,606222.75,167772.77193182302,0.2767510324081751,-308858.0,-44.654340836012864,1,2424891.0,2690205.0,20,18228.85714285714,0.5534557914597384,1.3682848014795967,0,2.0794415416798357,2,0,0,0,0,1,0,0,0,0,0,0,1,0,0,0,0,0,1,0,0
26,43,6,11,0,785086.0,1051811.0,686084.0,996761.0,879935.5,149803.38501933127,0.17024359742200568,211675.0,26.962014352567742,1,3519742.0,3834213.0,66,14877.029850746268,1.269618526354404,0.6883127567062147,1,3.784189633918261,0,0,0,0,0,1,0,0,0,0,0,1,0,0,0,0,0,0,0,1,0
32,16,5,9,1,715281.0,1264542.0,1010559.0,3769875.0,1690064.25,1216409.8518096963,0.7197417801185347,3054594.0,427.04811116190695,1,6760257.0,5615480.0,45,81953.80434782608,5.2704737432229525,0.2680616020261674,1,2.833213344056216,0,0,0,1,0,0,0,0,0,0,0,0,1,0,0,0,0,0,0,1,0
29,32,6,6,0,963940.0,582756.0,1032931.0,1505769.0,1021349.0,328045.9160140543,0.32118885514555195,541829.0,56.20982633773887,1,4085396.0,4761421.0,36,40696.45945945946,1.5620966428443235,0.6859819228700267,1,3.4965075614664802,1,0,0,0,1,0,0,0,0,0,0,0,0,1,0,0,0,0,0,1,0
51,230,4,4,2,1194650.0,1202283.0,1017168.0,1109271.0,1130843.0,75103.86750694002,0.06641405350427956,-85379.0,-7.146779391453564,1,4523372.0,4590976.0,16,65251.23529411765,0.9285314288440725,0.916968967034235,0,5.442417710521793,2,0,0,0,0,1,0,0,0,0,0,0,0,1,0,0,0,0,0,0,1
25,29,3,4,1,1228575.0,549011.0,1242563.0,1088178.0,1027081.75,282540.30361470114,0.2750903748554593,-140397.0,-11.427629570844271,1,4108327.0,3491461.0,12,83706.0,0.885722983356341,1.1418737174674387,0,3.4011973816621555,0,1,0,0,0,0,0,0,0,0,0,1,0,0,0,0,0,0,0,1,0
24,5,6,6,2,1577104.0,1570030.0,1901604.0,1597413.0,1661537.75,138966.28584008245,0.08363715229466345,20309.0,1.2877400602623543,1,6646151.0,5140762.0,36,43173.32432432433,1.012876758364218,1.1904265268740601,1,1.791759469228055,0,0,1,0,0,0,0,0,0,0,0,1,0,0,0,0,0,0,1,0,0
34,19,6,8,0,762747.0,495192.0,372497.0,715510.0,586486.5,159562.69869004472,0.2720654246773706,-47237.0,-6.193010264216051,1,2345946.0,2684940.0,48,14602.244897959185,0.9380686675022419,0.5206027580288772,0,2.995732273553991,0,0,0,0,0,0,1,0,0,0,1,0,0,0,0,0,0,0,0,1,0
29,25,3,9,2,623768.0,550646.0,760728.0,1250190.0,796333.0,272669.52234710794,0.34240640830796654,626422.0,100.42547870362057,1,3185332.0,2131480.0,27,44649.642857142855,2.0042515738999533,0.6084894228161937,1,3.258096538021482,0,0,0,0,0,1,0,0,0,0,0,1,0,0,0,0,0,0,0,1,0
24,48,5,10,1,869289.0,1097436.0,1198848.0,707124.0,968174.25,192252.76632908953,0.19857248458021842,-162165.0,-18.654900729216635,1,3872697.0,2866117.0,50,13865.176470588236,0.8134500569430224,1.6953834187732013,0,3.8918202981106265,2,0,0,0,0,1,0,0,0,0,0,0,1,0,0,0,0,0,0,1,0
29,24,7,8,1,545000.0,760000.0,880000.0,1150000.0,833750.0,218499.8569793582,0.26206879397824073,605000.0,111.0091743119266,0,3335000.0,3335000.0,56,20175.43859649123,2.110087871398401,0.7652167258984992,1,3.2188758248682006,0,0,0,0,0,1,0,0,0,0,0,1,0,0,0,0,0,0,0,1,0
33,16,4,3,1,525000.0,570000.0,590000.0,530000.0,553750.0,27243.11839712921,0.049197505006102406,5000.0,0.9523809523809524,0,2215000.0,2215000.0,12,40769.230769230766,1.0095218866249778,1.113205446782176,1,2.833213344056216,0,0,0,0,0,0,0,1,0,0,0,1,0,0,0,0,0,0,0,1,0
21,21,4,8,1,980000.0,1030000.0,1000000.0,1015000.0,1006250.0,18498.31073368593,0.018383414393725147,35000.0,3.571428571428571,0,4025000.0,4025000.0,32,30757.575757575756,1.0357132288640523,0.985220704216055,1,3.091042453358316,0,0,0,0,0,0,0,1,0,0,0,1,0,0,0,0,0,0,0,1,0
18,9,6,11,0,546492.0,798476.0,698151.0,950169.0,748322.0,147063.0079812731,0.19652369966574965,403677.0,73.86695505149207,1,2993288.0,1653206.0,66,14181.626865671642,1.738666369011131,0.7347643053348348,1,2.302585092994046,0,0,0,0,0,0,1,0,0,0,0,0,0,0,1,0,0,0,1,0,0
22,7,3,11,2,768844.0,1332554.0,642900.0,1022230.0,941632.0,263824.0646984274,0.2801774628500597,253386.0,32.95675065422895,1,3766528.0,2710248.0,33,30065.58823529412,1.3295657772372844,0.6289185125475553,1,2.0794415416798357,0,0,1,0,0,0,0,0,0,0,1,0,0,0,0,0,0,0,1,0,0
22,12,4,9,2,749566.0,430493.0,496364.0,667689.0,586028.0,128105.39165663559,0.21859943834874032,-81877.0,-10.923254256463073,1,2344112.0,4343216.0,36,18045.64864864865,0.890766269059337,0.7434048735191481,0,2.5649493574615367,1,1,0,0,0,0,0,0,0,0,0,0,1,0,0,0,0,0,1,0,0
28,14,4,5,1,850000.0,850000.0,850000.0,370000.0,730000.0,207846.0969082653,0.28472068069625384,-480000.0,-56.470588235294116,0,2920000.0,2920000.0,20,17619.04761904762,0.43529360553693464,2.297291088402464,0,2.70805020110221,0,0,0,0,0,0,0,1,0,0,0,1,0,0,0,0,0,0,0,1,0
23,9,6,9,0,752652.0,1196038.0,1604340.0,1086349.0,1159844.75,304176.56859904167,0.26225627921240463,333697.0,44.33616066920702,1,4639379.0,4603010.0,54,19751.8,1.443359688993467,1.4768168638100059,1,2.302585092994046,0,0,0,1,0,0,0,0,0,0,0,1,0,0,0,0,0,0,1,0,0
28,59,5,9,2,1068942.0,1503422.0,1529552.0,1365811.0,1366931.75,182944.03600606252,0.13383553056402597,296869.0,27.77222711802885,1,5467727.0,3060623.0,45,29691.543478260868,1.2777210758665336,1.1198847279127728,1,4.0943445622221,1,0,0,0,1,0,0,0,0,0,1,0,0,0,0,0,0,0,0,1,0
43,216,3,5,1,1025581.0,1560116.0,1969892.0,1420490.0,1494019.75,337514.6660593988,0.2259104446640674,394909.0,38.50588105668884,1,5976079.0,6326538.0,15,88780.625,1.3850574600568262,1.3867683779763476,1,5.37989735354046,0,0,0,0,1,0,0,0,0,0,0,0,0,1,0,0,0,0,0,0,1
33,58,6,6,1,604813.0,926949.0,856850.0,1163590.0,888050.5,199143.203479933,0.22424761145895758,558777.0,92.38839112254531,1,3552202.0,3552202.0,36,31448.37837837838,1.9238807302741008,0.7363841762268701,1,4.07753744390572,0,0,0,0,0,1,0,0,0,0,1,0,0,0,0,0,0,0,0,1,0
21,9,4,11,0,248066.0,352577.0,513161.0,462937.0,394185.25,102425.72175087417,0.259841589077405,214871.0,86.61848056565591,1,1576741.0,1525830.0,44,10287.488888888889,1.8661772827502248,1.1084875296475987,1,2.302585092994046,0,0,0,0,0,1,0,0,0,0,0,0,0,1,0,0,0,0,1,0,0
25,10,6,4,2,600726.0,859993.0,947637.0,1170479.0,894708.75,204010.8275489012,0.2280192605123189,569753.0,94.84407200620582,1,3578835.0,2852765.0,24,46819.16,1.948437476590864,0.8096140045109699,1,2.3978952727983707,1,0,0,0,0,0,1,0,0,0,0,1,0,0,0,0,0,0,1,0,0
25,54,6,5,1,455273.0,481432.0,616173.0,500620.0,513374.5,61494.545451202415,0.11978496292901657,45347.0,9.960397387940862,1,2053498.0,2036793.0,30,16149.032258064517,1.0996015586218408,1.2308173248824958,1,4.007333185232471,0,0,0,0,0,1,0,0,0,0,0,0,0,0,0,0,0,1,0,1,0
51,230,4,4,2,1467556.0,1433274.0,880200.0,1953281.0,1433577.75,379958.226648914,0.2650419390569601,485725.0,33.09754448893262,1,5734311.0,5072882.0,16,114898.88235294117,1.3309745379566178,0.45062617686539885,1,5.442417710521793,1,0,0,0,0,1,0,0,0,0,0,0,0,1,0,0,0,0,0,0,1
32,26,3,4,2,443251.0,458661.0,444499.0,763874.0,527571.25,136563.64403891505,0.2588534610991692,320623.0,72.33441097707619,1,2110285.0,2286325.0,12,58759.53846153846,1.72334022181513,0.5819001800032728,1,3.295836866004329,0,0,0,0,1,0,0,0,0,0,1,0,0,0,0,0,0,0,0,1,0
31,39,5,7,2,1017524.0,1412750.0,1005518.0,1594001.0,1257448.25,254174.58748306744,0.20213522702271638,576477.0,56.65487988489707,1,5029793.0,4064054.0,35,44277.805555555555,1.5665472592810987,0.6308135121536861,1,3.6888794541139363,0,0,0,0,0,1,0,0,0,0,0,0,1,0,0,0,0,0,0,1,0
24,59,3,4,1,1323625.0,1075163.0,988439.0,1177893.0,1141280.0,124821.91290394487,0.10937010453521036,-145732.0,-11.010067050713005,1,4565120.0,2780502.0,12,90607.15384615384,0.8898986571735521,0.8391578529137597,0,4.0943445622221,2,0,0,0,0,1,0,0,0,0,1,0,0,0,0,0,0,0,0,1,0
20,78,4,5,1,350000.0,310000.0,340000.0,210000.0,302500.0,55396.299515400846,0.18312826286082926,-140000.0,-40.0,0,1210000.0,1210000.0,20,10000.0,0.5999982857191837,1.619039909333765,0,4.3694478524670215,0,0,0,0,0,0,0,1,0,0,0,1,0,0,0,0,0,0,0,0,1
27,4,6,6,1,480000.0,490000.0,350000.0,450000.0,442500.0,55396.299515400846,0.1251893774359341,-30000.0,-6.25,0,1770000.0,1770000.0,36,12162.162162162162,0.937498046879069,0.7777760493865569,0,1.6094379124341003,0,0,0,0,0,0,0,1,0,0,0,1,0,0,0,0,0,0,1,0,0
21,3,3,10,2,516533.0,359748.0,500432.0,475272.0,462996.25,61397.30072395284,0.13260863500288142,-41261.0,-7.988066590130736,1,1851985.0,2270756.0,30,15331.354838709678,0.9201175527651616,1.0529358915823117,0,1.3862943611198906,0,0,0,0,1,0,0,0,0,0,0,1,0,0,0,0,0,0,1,0,0
23,3,6,5,0,692564.0,489126.0,622711.0,732716.0,634279.25,92588.06109152248,0.14597365606950327,40152.0,5.79758693781369,1,2537117.0,2307732.0,30,23636.0,1.0579743417585352,0.8498656370740681,1,1.3862943611198906,0,0,0,0,0,1,0,0,0,0,0,0,0,1,0,0,0,0,1,0,0
26,16,3,4,1,400000.0,425000.0,350000.0,410000.0,396250.0,28145.825622994256,0.07103047475834513,10000.0,2.5,0,1585000.0,1585000.0,12,31538.46153846154,1.0249974375064062,0.8536564544964524,1,2.833213344056216,0,0,0,0,0,0,0,1,0,0,0,1,0,0,0,0,0,0,0,1,0
23,7,4,11,2,605051.0,483022.0,878191.0,1008140.0,743601.0,209280.23578565655,0.2814415738892989,403089.0,66.6206650348483,1,2974404.0,2924895.0,44,22403.11111111111,1.6662038965245962,0.8710993799478446,1,2.0794415416798357,2,0,0,0,1,0,0,0,0,0,0,0,0,1,0,0,0,0,1,0,0
21,4,5,6,2,964411.0,853806.0,435152.0,233934.0,621825.75,298532.4892556713,0.4800902652482167,-730477.0,-75.7433293481721,1,2487303.0,1832086.0,30,7546.258064516129,0.24256645500055993,1.8601406373565306,0,1.6094379124341003,0,0,0,0,1,0,0,0,0,0,0,0,0,0,0,0,0,1,1,0,0
21,2,6,4,1,1085401.0,862719.0,771262.0,2263303.0,1245671.25,598535.1898403197,0.4804920960007062,1177902.0,108.52228807601982,1,4982685.0,5506856.0,24,90532.12,2.0852209596075926,0.3407681866863665,1,1.0986122886681096,0,0,0,1,0,0,0,0,0,0,1,0,0,0,0,0,0,0,1,0,0
26,36,6,8,1,525000.0,540000.0,400000.0,525000.0,497500.0,56623.758264530625,0.11381659952669472,0.0,0.0,0,1990000.0,1990000.0,48,10714.285714285714,0.9999980952417233,0.7619033106603607,0,3.6109179126442243,0,0,0,0,0,0,0,1,0,0,0,0,1,0,0,0,0,0,0,0,1
31,27,5,11,1,827215.0,692285.0,1472466.0,1189353.0,1045329.75,306350.5803302607,0.2930659730389006,362138.0,43.77797791384344,1,4181319.0,4181319.0,55,21238.446428571428,1.4377780410436936,1.23803846457825,1,3.332204510175204,0,0,0,0,1,0,0,0,0,0,0,1,0,0,0,0,0,0,0,1,0
22,6,3,8,1,388214.0,709924.0,885073.0,887841.0,717763.0,203459.55095915258,0.2834634147471416,499627.0,128.6988619678837,1,2871052.0,3013410.0,24,35513.64,2.2869827286426334,0.9968812018354617,1,1.9459101490553132,3,0,1,0,0,0,0,0,0,1,0,0,0,0,0,0,0,0,1,0,0
36,16,6,7,2,868612.0,1920841.0,1992708.0,1399488.0,1545412.25,452872.1396356675,0.2930429337774872,530876.0,61.117737263588346,1,6181649.0,7699912.0,42,32546.232558139534,1.611175517750713,1.4238825742824703,1,2.833213344056216,2,0,0,0,0,0,0,0,1,0,0,1,0,0,0,0,0,0,0,1,0
32,61,3,10,0,1371265.0,1032704.0,1517250.0,1668843.0,1397515.5,235441.8622659318,0.16847173592416814,297578.0,21.70098412779441,1,5590062.0,6533234.0,30,53833.645161290326,1.2170089537697282,0.9091622704099365,1,4.127134385045092,3,0,0,0,0,0,1,0,0,0,0,1,0,0,0,0,0,0,0,0,1
37,23,4,10,0,670677.0,643922.0,658307.0,999608.0,743128.5,148380.90365424386,0.1996705867884812,328931.0,49.04462207590241,1,2972514.0,3164881.0,40,24380.682926829268,1.4904439984612585,0.6585644987189991,1,3.1780538303479458,0,0,0,0,0,0,1,0,0,1,0,0,0,0,0,0,0,0,0,1,0
33,36,6,11,2,783532.0,727892.0,2067019.0,1746108.0,1331137.75,586834.519863298,0.44085183510369086,962576.0,122.85088547755547,1,5324551.0,12829006.0,66,26061.31343283582,2.228506010595597,1.1837857774056488,1,3.6109179126442243,3,1,0,0,0,0,0,0,0,0,0,1,0,0,0,0,0,0,0,0,1
38,203,5,11,1,1452726.0,1773234.0,629276.0,359632.0,1053717.0,578536.3093782447,0.5490433478611854,-1093094.0,-75.24433375598703,1,4214868.0,5474889.0,55,6422.0,0.2475564920318821,1.7497726849315831,0,5.318119993844216,0,0,0,0,1,0,0,0,0,0,0,0,0,0,0,0,1,0,0,0,1
26,37,6,9,2,1221891.0,997349.0,1404088.0,1789910.0,1353309.5,290334.7862231634,0.21453687144231487,568019.0,46.48687976259748,1,5413238.0,5751734.0,54,32543.81818181818,1.4648675987730504,0.7844457070770557,1,3.6375861597263857,0,0,0,1,0,0,0,0,0,0,0,0,0,0,0,0,0,1,0,1,0
20,7,4,5,2,622017.0,674955.0,447579.0,439835.0,546096.5,104122.09123308079,0.19066610248020413,-182182.0,-29.288910110173838,1,2184386.0,1379847.0,20,20944.52380952381,0.7071097620969168,1.0176042888713066,0,2.0794415416798357,0,0,0,0,0,1,0,0,0,0,0,0,1,0,0,0,0,0,1,0,0
27,21,3,5,1,1336341.0,1375048.0,611433.0,678240.0,1000265.5,356475.735398989,0.3563811162126345,-658101.0,-49.246487236416456,1,4001062.0,3919765.0,15,42390.0,0.5075347478414957,0.9014981400416666,0,3.091042453358316,0,0,0,0,0,1,0,0,0,0,1,0,0,0,0,0,0,0,0,1,0
26,37,6,9,2,1302938.0,1203348.0,1208588.0,2216667.0,1482885.25,425498.7440964867,0.28693976428485396,913729.0,70.12835606912992,1,5931541.0,4569330.0,54,40303.03636363636,1.7012822549635862,0.5452273412166369,1,3.6375861597263857,0,0,0,1,0,0,0,0,0,0,0,0,0,0,0,0,0,1,0,1,0
33,150,4,10,2,1403660.0,1418088.0,1351978.0,1653792.0,1456879.5,116314.17907009445,0.07983788574833708,250132.0,17.81998489662739,1,5827518.0,4743315.0,40,40336.39024390244,1.1781990095899224,0.817501343880401,1,5.017279836814924,0,0,0,0,0,0,1,0,0,0,0,1,0,0,0,0,0,0,0,0,1
37,84,4,10,1,1163955.0,1199601.0,1116033.0,1731040.0,1302657.25,249098.0208696719,0.19122299505082546,567085.0,48.720526137178844,1,5210629.0,4038778.0,40,42220.48780487805,1.4872039836557396,0.6447178316400363,1,4.442651256490317,0,0,0,0,0,1,0,0,0,0,0,0,0,1,0,0,0,0,0,0,1
28,38,5,10,0,2328168.0,1457391.0,2999062.0,896951.0,1920393.0,804924.1643710915,0.41914554175686514,-1431217.0,-61.47395720583738,1,7681572.0,5487746.0,50,17587.274509803923,0.38526026246376444,3.3436148199680695,0,3.6635616461296463,2,0,0,0,1,0,0,0,0,0,0,1,0,0,0,0,0,0,0,1,0
34,43,4,4,1,847312.0,383849.0,508233.0,627096.0,591622.5,170850.1723916309,0.2887824117433514,-220216.0,-25.9899541137149,1,2366490.0,2527855.0,16,36888.0,0.7400995853952436,0.8104535661947035,0,3.784189633918261,0,0,0,0,0,0,1,0,0,0,0,0,0,1,0,0,0,0,0,1,0
38,149,4,4,2,1887231.0,1571900.0,1493660.0,1348773.0,1575391.0,197035.55958633457,0.12507089324893603,-538458.0,-28.531642390359206,1,6301564.0,8153863.0,16,79339.58823529411,0.7146831974023331,1.107420516706283,0,5.0106352940962555,0,0,1,0,0,0,0,0,0,0,0,1,0,0,0,0,0,0,0,0,1
18,5,3,4,0,433383.0,421755.0,240514.0,355415.0,362766.75,76593.16469625407,0.21113612175386545,-77968.0,-17.990553390419098,1,1451067.0,2134941.0,12,27339.615384615383,0.8200925737913721,0.6767112341594076,0,1.791759469228055,0,0,0,0,0,1,0,0,0,0,0,0,0,0,1,0,0,0,1,0,0
18,10,6,10,0,407979.0,431987.0,536405.0,718012.0,523595.75,122189.55674151331,0.2333662118944115,310033.0,75.99239176526243,1,2094383.0,1439788.0,60,11770.688524590163,1.759919603902152,0.7470686463894107,1,2.3978952727983707,0,0,0,0,0,1,0,0,0,0,0,0,0,0,1,0,0,0,1,0,0
38,194,6,4,2,918762.0,723860.0,1458826.0,1114727.0,1054043.75,271502.1120510621,0.25758144484141393,195965.0,21.329245223463747,1,4216175.0,5105869.0,24,44589.08,1.213291131662899,1.3086833738813415,1,5.272999558563747,2,0,0,0,0,0,1,0,0,0,0,0,0,0,0,0,0,1,0,0,1
27,55,5,5,1,642211.0,862825.0,489071.0,519898.0,628501.25,146910.71913304183,0.2337476960197642,-122313.0,-19.04560962051413,1,2514005.0,1972799.0,25,19996.076923076922,0.8095426432393041,0.9407038674819532,0,4.02535169073515,0,0,0,0,0,0,1,0,0,0,0,0,0,0,0,0,0,1,0,1,0
35,23,6,9,2,465246.0,779676.0,952266.0,940104.0,784323.0,196407.92865106033,0.2504171478473286,474858.0,102.06600379154254,1,3137292.0,2631234.0,54,17092.8,2.0206556947169996,1.0129357890873891,1,3.1780538303479458,0,0,0,0,0,1,0,0,0,0,0,0,0,0,0,0,0,1,0,1,0
33,43,5,4,2,757378.0,903454.0,540571.0,646540.0,711985.75,134523.8917708951,0.18894183173033324,-110838.0,-14.634436173218656,1,2847943.0,3362198.0,20,30787.619047619046,0.8536545111496358,0.836097014729151,0,3.784189633918261,0,0,0,0,0,1,0,0,0,0,1,0,0,0,0,0,0,0,0,1,0
23,16,5,4,2,617413.0,507878.0,464702.0,1055065.0,661264.5,234075.85450073658,0.35398218791532976,437652.0,70.88480482270376,1,2645058.0,2448691.0,20,50241.19047619047,1.7088452804763092,0.44044827527377434,1,2.833213344056216,0,0,0,0,1,0,0,0,0,0,0,1,0,0,0,0,0,0,1,0,0
29,28,4,11,1,757551.0,1033397.0,999185.0,1699316.0,1122362.25,349660.66707264556,0.31153993915301903,941765.0,124.3170426809548,1,4489449.0,2472036.0,44,37762.57777777778,2.2431674657317253,0.5879921168328217,1,3.367295829986474,0,0,0,0,0,1,0,0,0,0,0,1,0,0,0,0,0,0,0,1,0
39,210,5,9,2,944608.0,1035536.0,1309388.0,1242084.0,1132904.0,148326.3173681596,0.1309257601422182,297476.0,31.49200514922592,1,4531616.0,5422390.0,45,27001.82608695652,1.3149186594665094,1.054185502602479,1,5.351858133476067,1,0,0,0,0,1,0,0,0,0,0,0,0,0,0,0,0,1,0,0,1
36,219,5,9,0,1385189.0,1247621.0,765172.0,3510645.0,1727156.75,1055123.3902592566,0.6109019289993549,2125456.0,153.44158811541243,1,6908627.0,7908594.0,45,76318.36956521739,2.53441405150196,0.2179576066627054,1,5.393627546352361,0,0,0,0,1,0,0,0,0,0,0,1,0,0,0,0,0,0,0,0,1
20,12,6,10,0,1195381.0,1458214.0,980718.0,796836.0,1107787.25,246631.73271435997,0.2226345651787922,-398545.0,-33.34041615183778,1,4431149.0,3693883.0,60,13062.88524590164,0.6665952808390958,1.230763631708869,0,2.5649493574615367,2,0,0,1,0,0,0,0,0,0,0,0,1,0,0,0,0,0,1,0,0
33,31,4,9,1,440884.0,846602.0,734755.0,1367987.0,847557.0,335020.7146797046,0.3952780930128647,927103.0,210.28275011114036,1,3390228.0,2457290.0,36,36972.62162162162,3.1028204633861436,0.5371063196460788,1,3.4657359027997265,0,1,0,0,0,0,0,0,0,0,0,0,1,0,0,0,0,0,0,1,0
17,63,5,7,1,430000.0,530000.0,300000.0,325000.0,396250.0,91335.57631065784,0.23049987712468856,-105000.0,-24.418604651162788,0,1585000.0,1585000.0,35,9027.777777777777,0.7558121957855912,0.9230740828489759,0,4.1588830833596715,0,0,0,0,0,0,0,1,0,0,0,1,0,0,0,0,0,0,0,0,1
24,42,3,2,1,325000.0,820000.0,825000.0,400000.0,592500.0,231530.23560649698,0.39076833013754764,75000.0,23.076923076923077,0,2370000.0,2370000.0,6,57142.857142857145,1.2307654437986344,2.0624948437628907,1,3.7612001156935624,0,0,0,0,0,0,0,1,0,0,0,1,0,0,0,0,0,0,0,0,1
33,16,3,8,2,756922.0,467603.0,522368.0,858654.0,651386.75,161647.53828217584,0.24815908257602085,101732.0,13.440222374300125,1,2605547.0,2023708.0,24,34346.16,1.1344007250407242,0.6083560917947255,1,2.833213344056216,0,0,0,0,0,0,0,1,0,1,0,0,0,0,0,0,0,0,0,1,0
20,3,4,5,2,709810.0,402159.0,400996.0,367720.0,470171.25,139044.84033105112,0.29573233227478524,-342090.0,-48.194587283921045,1,1880685.0,1333579.0,20,17510.47619047619,0.5180533973128058,1.0904898006912849,0,1.3862943611198906,0,0,0,0,0,1,0,0,0,0,0,0,0,1,0,0,0,0,1,0,0
23,42,6,3,1,175000.0,395000.0,100000.0,440000.0,277500.0,143374.50958939668,0.5166648994212493,265000.0,151.42857142857142,0,1110000.0,1110000.0,18,23157.894736842107,2.514271347020874,0.22727221074497558,1,3.7612001156935624,0,1,0,0,0,0,0,0,0,0,0,0,0,1,0,0,0,0,0,0,1
50,208,3,9,2,1361960.0,1695697.0,820212.0,1081250.0,1239779.75,325560.0293389646,0.26259505314469334,-280710.0,-20.610737466592262,1,4959119.0,6405769.0,27,38616.07142857143,0.7938920424299961,0.7585768706803508,0,5.342334251964811,0,1,0,0,0,0,0,0,0,0,1,0,0,0,0,0,0,0,0,0,1
24,15,5,8,2,481959.0,496672.0,318392.0,359556.0,414144.75,76743.14343110725,0.1853051220161725,-122403.0,-25.396973601488927,1,1656579.0,2629015.0,40,8769.658536585366,0.746028716076023,0.8855118938026516,0,2.772588722239781,0,0,0,0,1,0,0,0,0,0,0,1,0,0,0,0,0,0,1,0,0
25,13,4,9,2,546744.0,526866.0,443475.0,486514.0,500899.75,39624.78111217146,0.07910720880210353,-60230.0,-11.01612454823464,1,2003599.0,2263669.0,36,13149.027027027027,0.8898371269970462,0.9115340739751087,0,2.639057329615259,0,0,0,0,0,0,1,0,0,0,0,0,0,1,0,0,0,0,0,1,0
36,105,4,11,2,1257743.0,847744.0,1078847.0,939614.0,1030987.0,154625.26096501827,0.14997789590462177,-318129.0,-25.293641069757495,1,4123948.0,2489974.0,44,20880.31111111111,0.7470629953313234,1.1481798396151615,0,4.663439094112067,0,0,0,0,0,0,1,0,0,0,0,0,0,0,0,0,0,1,0,0,1
24,5,6,6,2,1219460.0,1347887.0,1132714.0,933644.0,1158426.25,150672.3881014285,0.13006644842641343,-285816.0,-23.43791514276811,1,4633705.0,4987447.0,36,25233.62162162162,0.7656202207368665,1.2132170150324801,0,1.791759469228055,0,0,1,0,0,0,0,0,0,0,0,1,0,0,0,0,0,0,1,0,0
28,38,3,7,1,993530.0,825722.0,813091.0,921634.0,888494.25,73750.85980642869,0.08300656960518168,-71896.0,-7.2364196350387004,1,3553977.0,4022632.0,21,41892.454545454544,0.9276348699738609,0.882226694949736,0,3.6635616461296463,0,0,0,0,0,1,0,0,0,1,0,0,0,0,0,0,0,0,0,1,0
34,43,4,4,1,678734.0,1113095.0,1009044.0,713516.0,878597.25,186549.38162772747,0.21232638917060973,34782.0,5.124540688988617,1,3514389.0,3765955.0,16,41971.529411764706,1.0512438580594783,1.4141835443304085,1,3.784189633918261,0,0,0,0,0,0,1,0,0,0,0,0,0,1,0,0,0,0,0,1,0
24,38,6,6,0,863091.0,410392.0,614913.0,971995.0,715097.75,218392.2945748945,0.3054020161228231,108904.0,12.617904716883851,1,2860391.0,2860391.0,36,26270.135135135137,1.1261777423495989,0.6326291466220025,1,3.6635616461296463,0,1,0,0,0,0,0,0,0,0,0,0,0,1,0,0,0,0,0,1,0
37,23,4,10,0,742595.0,782535.0,561909.0,568878.0,663979.25,99622.39418518057,0.15003841488296596,-173717.0,-23.39323588227769,1,2655917.0,2655917.0,40,13875.073170731708,0.7660666095696718,0.9877478338978939,0,3.1780538303479458,0,0,0,0,0,0,1,0,0,1,0,0,0,0,0,0,0,0,0,1,0
22,16,3,7,1,1849416.0,1470314.0,2116648.0,1875959.0,1828084.25,231309.1139821073,0.12653088279826671,26543.0,1.4352098175856596,1,7312337.0,4404515.0,21,85270.86363636363,1.0143515497045825,1.1283012430968677,1,2.833213344056216,0,0,0,1,0,0,0,0,0,0,0,1,0,0,0,0,0,0,1,0,0
25,11,4,6,1,460000.0,350000.0,610000.0,600000.0,505000.0,107354.55276791945,0.2125832728077613,140000.0,30.434782608695656,0,2020000.0,2020000.0,24,24000.0,1.3043449905543683,1.0166649722250463,1,2.4849066497880004,0,0,0,0,0,0,0,1,0,0,0,0,0,0,0,0,1,0,1,0,0
28,59,5,9,2,1011308.0,848893.0,1161517.0,936733.0,989612.75,114695.3257992125,0.11589919976193971,-74575.0,-7.374113524267583,1,3958451.0,2838436.0,45,20363.760869565216,0.9262579488563831,1.239964600409508,0,4.0943445622221,0,0,0,0,1,0,0,0,0,0,1,0,0,0,0,0,0,0,0,1,0
36,16,6,7,2,976658.0,993029.0,1178423.0,1712913.0,1215255.75,298049.0750995337,0.24525625581243596,736255.0,75.38513993639533,1,4861023.0,7482779.0,42,39835.186046511626,1.7538496035975708,0.6879639024492765,1,2.833213344056216,0,0,0,0,0,0,0,0,1,0,0,1,0,0,0,0,0,0,0,1,0
36,28,4,8,2,1204826.0,1401882.0,1326912.0,1026043.0,1239915.75,142104.06169489844,0.11460783661704309,-178783.0,-14.838906198903409,1,4959663.0,2513685.0,32,31092.21212121212,0.8516102311784182,1.2932310895049335,0,3.367295829986474,0,0,0,0,0,0,1,0,0,0,0,0,1,0,0,0,0,0,0,1,0
28,6,4,8,1,410000.0,360000.0,400000.0,315000.0,371250.0,37479.160876412374,0.10095396869067307,-95000.0,-23.170731707317074,0,1485000.0,1485000.0,32,9545.454545454546,0.7682908090468072,1.269837238611941,0,1.9459101490553132,0,0,0,0,0,0,0,1,0,0,0,1,0,0,0,0,0,0,1,0,0
27,44,3,7,1,2187651.0,1510032.0,1753851.0,1705644.0,1789294.5,247451.55730011076,0.13829560047276218,-482007.0,-22.033084801917674,1,7157178.0,6597641.0,21,77529.27272727272,0.7796687955854039,1.0282626220579312,0,3.8066624897703196,0,0,1,0,0,0,0,0,0,0,0,0,1,0,0,0,0,0,0,1,0
35,39,3,10,2,881096.0,745722.0,414061.0,727092.0,691992.75,171117.56665721815,0.2472823113496755,-154004.0,-17.4786856369794,1,2767971.0,1886065.0,30,23454.58064516129,0.8252122070555228,0.5694746064121096,0,3.6888794541139363,0,0,0,0,0,0,1,0,0,0,1,0,0,0,0,0,0,0,0,1,0
37,53,4,8,1,424566.0,381870.0,1079291.0,1395431.0,820289.5,432052.7364966573,0.5267076276078839,970865.0,228.67233834079977,1,3281158.0,4490360.0,32,42285.78787878788,3.2867156420541397,0.7734457859644899,1,3.9889840465642745,3,0,0,0,1,0,0,0,0,0,0,0,1,0,0,0,0,0,0,1,0
34,37,6,5,0,806901.0,887303.0,787449.0,1244393.0,931511.5,184479.67715374505,0.19804337053675136,437492.0,54.21879511860811,1,3726046.0,2892925.0,30,40141.709677419356,1.5421860399404141,0.6327971687423758,1,3.6375861597263857,0,0,0,0,0,1,0,0,0,0,0,0,1,0,0,0,0,0,0,1,0
48,156,3,4,2,2300962.0,1653772.0,1740956.0,2329958.0,2006412.0,310750.5326431477,0.15487872512881087,28996.0,1.2601685729707834,1,8025648.0,7624740.0,12,179227.53846153847,1.0126012456523639,0.7472045645438397,1,5.056245805348308,0,0,1,0,0,0,0,0,0,0,0,1,0,0,0,0,0,0,0,0,1
36,14,4,9,1,1045199.0,802381.0,1293622.0,1205690.0,1086723.0,186771.89217732952,0.1718670647233283,160491.0,15.35506635578488,1,4346892.0,3291073.0,36,32586.216216216217,1.1535495598928436,1.0729299629838822,1,2.70805020110221,0,0,0,0,0,0,1,0,0,0,0,0,0,0,1,0,0,0,0,1,0
21,1,5,5,2,1036131.0,774148.0,779809.0,596096.0,796546.0,156814.358636255,0.19686792556394106,-440035.0,-42.46905072814152,1,3186184.0,2052622.0,25,22926.76923076923,0.5753089374712874,1.3081914520623321,0,0.6931471805599453,0,0,0,0,0,0,1,0,0,0,1,0,0,0,0,0,0,0,1,0,0
18,17,4,6,1,623485.0,551861.0,652300.0,908874.0,684130.0,134810.90351117746,0.197054512316632,285389.0,45.77319422279606,1,2736520.0,6612603.0,24,36354.96,1.4577296041931975,0.7177004538577912,1,2.8903717578961645,0,0,0,0,1,0,0,0,0,0,0,0,0,1,0,0,0,0,1,0,0
23,1,3,5,0,529274.0,510295.0,647941.0,500629.0,547034.75,59162.52697601329,0.10815131392660757,-28645.0,-5.412130578868412,1,2188139.0,2806273.0,15,31289.3125,0.9458769070898871,1.294251243433274,0,0.6931471805599453,0,0,0,0,0,0,1,0,0,0,0,1,0,0,0,0,0,0,1,0,0
18,13,6,4,2,451453.0,483548.0,572802.0,754459.0,565565.5,117772.71992804615,0.20823886875710443,303006.0,67.11795026281806,1,2262262.0,2565589.0,24,30178.36,1.6711758008567872,0.7592211648066166,1,2.639057329615259,0,0,0,0,0,1,0,0,0,0,1,0,0,0,0,0,0,0,1,0,0
36,58,3,5,0,1006333.0,932695.0,419818.0,672050.0,757724.0,231269.20722071928,0.30521562893707904,-334283.0,-33.21793084396517,1,3030896.0,3442241.0,15,42003.125,0.667820027943009,0.6246817577832635,0,4.07753744390572,0,0,0,0,0,0,1,0,0,0,0,0,0,0,1,0,0,0,0,1,0
24,3,4,9,2,1097634.0,868966.0,1073950.0,1218517.0,1064766.75,125640.02276220544,0.11799769551613576,120883.0,11.013051709404046,1,4259067.0,4259067.0,36,32932.89189189189,1.1101295057100038,0.8813575179028952,1,1.3862943611198906,0,0,1,0,0,0,0,0,0,0,0,0,0,0,0,0,0,1,1,0,0
34,27,3,8,1,705754.0,709233.0,795457.0,881911.0,773088.75,72377.73495480153,0.09362150846820826,176157.0,24.96011358065275,1,3092355.0,3081081.0,24,35276.44,1.2495993652188082,0.9019686771469262,1,3.332204510175204,0,0,0,0,0,1,0,0,0,0,0,0,0,1,0,0,0,0,0,1,0
37,33,5,10,1,690900.0,1719198.0,1591809.0,1021186.0,1255773.25,418866.1751140661,0.33355239499970724,330286.0,47.805181647126936,1,5023093.0,2920509.0,50,20023.254901960783,1.478049677160693,1.5587830632391522,1,3.5263605246161616,0,0,0,0,1,0,0,0,0,0,0,0,0,0,0,0,0,1,0,1,0
34,27,3,8,1,1140630.0,788431.0,668833.0,734738.0,833158.0,182502.55980259564,0.21904915970631697,-405892.0,-35.584896066209026,1,3332632.0,2545739.0,24,29389.52,0.6441504746057226,0.9103001201787302,0,3.332204510175204,0,0,0,0,0,1,0,0,0,0,0,0,0,1,0,0,0,0,0,1,0
25,39,5,6,1,260000.0,260000.0,205000.0,185000.0,227500.0,33260.336739125174,0.146199282369781,-75000.0,-28.846153846153843,0,910000.0,910000.0,30,5967.741935483871,0.7115357248625966,1.1081021183669277,0,3.6888794541139363,0,0,0,0,0,0,0,1,0,0,0,1,0,0,0,0,0,0,0,0,1
37,209,3,5,0,1087504.0,1327738.0,855337.0,1011025.0,1070401.0,170508.70773218593,0.15929423434038825,-76479.0,-7.032525857376156,1,4281604.0,3774555.0,15,63189.0625,0.9296738865568435,0.8460089058045985,0,5.3471075307174685,0,0,0,0,0,0,1,0,0,0,0,0,0,0,0,0,0,1,0,0,1
22,12,4,9,2,1507147.0,918879.0,878166.0,399294.0,925871.5,392902.58977035264,0.4243597408175461,-1107853.0,-73.50663206707773,1,3703486.0,2301643.0,36,10791.72972972973,0.2649335035444429,2.199291250829587,0,2.5649493574615367,0,1,0,0,0,0,0,0,0,0,0,0,1,0,0,0,0,0,1,0,0
21,11,6,7,1,795623.0,1565442.0,864062.0,880470.0,1026399.25,312839.21294922015,0.30479290875282705,84847.0,10.66422162255239,1,4105597.0,3364053.0,42,20476.04651162791,1.1066408253144702,0.9813633839161086,1,2.4849066497880004,0,0,1,0,0,0,0,0,0,1,0,0,0,0,0,0,0,0,1,0,0
50,210,6,5,2,3045001.0,1036905.0,1302358.0,1762877.0,1786785.25,771470.7751834722,0.4317646875490338,-1282124.0,-42.1058646614566,1,7147141.0,5250665.0,30,56867.0,0.5789411632570356,0.738768082646672,0,5.351858133476067,0,0,0,0,1,0,0,0,0,0,0,0,0,0,1,0,0,0,0,0,1
19,14,3,8,2,721112.0,1473475.0,834386.0,1042609.0,1017895.5,287193.1494504178,0.28214404076883903,321497.0,44.58350436547998,1,4071582.0,2993069.0,24,41704.36,1.4458330386499758,0.8002858211603572,1,2.70805020110221,0,0,0,1,0,0,0,0,0,0,0,0,0,0,1,0,0,0,1,0,0
24,57,5,6,0,1068138.0,663806.0,1166329.0,1027282.0,981388.75,190192.87706086025,0.19379973232917155,-40856.0,-3.82497392659001,1,3925555.0,3284313.0,30,33138.12903225807,0.9617493603360612,1.1353531597427389,0,4.060443010546419,0,0,0,0,0,0,1,0,0,0,0,0,0,0,0,0,0,1,0,1,0
20,3,3,11,1,524831.0,470122.0,600028.0,837736.0,608179.25,140329.5045622534,0.23073708049436642,312905.0,59.62014438933676,1,2432717.0,1341235.0,33,24639.29411764706,1.5961984025364306,0.7162486556043245,1,1.3862943611198906,0,0,0,0,0,0,1,0,0,0,0,1,0,0,0,0,0,0,1,0,0
23,8,3,11,2,506476.0,904009.0,666918.0,574886.0,663072.25,150303.44930901454,0.22667733313981175,68410.0,13.507056602879505,1,2652289.0,3582586.0,33,16908.41176470588,1.1350683249189992,1.1600853732994485,1,2.1972245773362196,0,0,0,0,1,0,0,0,0,0,0,1,0,0,0,0,0,0,1,0,0
24,58,4,4,2,533847.0,742923.0,585952.0,732555.0,648819.25,90881.93025121935,0.14007280186464774,198708.0,37.2219006569298,1,2595277.0,2197270.0,16,43091.470588235294,1.3722164361391258,0.7998733202649354,1,4.07753744390572,0,0,0,0,0,0,1,0,0,0,0,0,1,0,0,0,0,0,0,1,0
32,37,4,11,2,1866082.0,1433360.0,837582.0,1588314.0,1431334.5,376229.34696903965,0.262852147397439,-277768.0,-14.885090794509567,1,5725338.0,7832776.0,44,35295.86666666667,0.8511486359395589,0.5273399797899031,0,3.6375861597263857,0,0,1,0,0,0,0,0,0,0,1,0,0,0,0,0,0,0,0,1,0
36,16,6,7,2,829590.0,871000.0,776877.0,1015931.0,873349.5,88821.22689565823,0.10170181227064105,186341.0,22.46181848865102,1,3493398.0,6181649.0,42,23626.302325581397,1.2246167087154995,0.764693896835615,1,2.833213344056216,0,0,0,0,0,0,0,0,1,0,0,1,0,0,0,0,0,0,0,1,0
21,4,5,10,1,881748.0,750437.0,589748.0,729678.0,737902.75,103520.57746017214,0.1402902719364742,-152070.0,-17.24642414839614,1,2951611.0,2542453.0,50,14307.411764705883,0.8275348199997958,0.8082293720937563,0,1.6094379124341003,0,0,0,0,0,1,0,0,0,0,0,1,0,0,0,0,0,0,1,0,0
19,5,3,7,2,386902.0,281193.0,812770.0,838327.0,579798.0,248740.33120203888,0.42901205454665053,451425.0,116.67683289308404,1,2319192.0,1960494.0,21,38105.77272727273,2.1667627286425795,0.9695131261272437,1,1.791759469228055,3,1,0,0,0,0,0,0,0,0,0,1,0,0,0,0,0,0,1,0,0
22,8,3,6,1,315755.0,477281.0,360892.0,312664.0,366648.0,66665.51194208291,0.18182428907857923,-3091.0,-0.9789235324856297,1,1466592.0,5903844.0,18,16456.0,0.9902076286753062,1.1542449586618266,0,2.1972245773362196,3,1,0,0,0,0,0,0,0,0,0,1,0,0,0,0,0,0,1,0,0
30,33,5,7,1,1176479.0,1687115.0,969517.0,1603026.0,1359034.25,296740.2314899136,0.21834639670774567,426547.0,36.256235767914255,1,5436137.0,3332490.0,35,44528.5,1.3625611995104039,0.6048039115997422,1,3.5263605246161616,0,1,0,0,0,0,0,0,0,0,0,0,1,0,0,0,0,0,0,1,0
31,27,5,11,1,1139750.0,833943.0,626844.0,2550948.0,1287871.25,751716.4795457709,0.5836891533573492,1411198.0,123.81645097609125,1,5151485.0,3868440.0,55,45552.642857142855,2.2381625460297907,0.24572972646650326,1,3.332204510175204,0,0,0,0,1,0,0,0,0,0,0,1,0,0,0,0,0,0,0,1,0
22,45,5,5,1,260000.0,275000.0,275000.0,350000.0,290000.0,35178.11819867572,0.12130385585750249,90000.0,34.61538461538461,0,1160000.0,1160000.0,25,13461.538461538461,1.3461486686589668,0.7857120408227405,1,3.828641396489095,0,1,0,0,0,0,0,0,0,0,0,1,0,0,0,0,0,0,0,0,1
22,6,5,11,0,472048.0,390670.0,486753.0,598267.0,486934.5,73965.22889337936,0.1518997501581411,126219.0,26.738594380232517,1,1947738.0,1654945.0,55,10683.339285714286,1.2673832589413387,0.8136036023989249,1,1.9459101490553132,0,1,0,0,0,0,0,0,0,0,0,0,0,1,0,0,0,0,1,0,0
33,47,5,10,2,820359.0,890390.0,718241.0,701547.0,782634.25,77065.05560036599,0.09846880020950526,-118812.0,-14.482927596332825,1,3130537.0,3877165.0,50,13755.823529411764,0.8551696816031986,1.0237945229692051,0,3.8712010109078907,0,0,0,0,0,1,0,0,0,0,0,0,0,1,0,0,0,0,0,1,0
21,13,4,5,0,486915.0,509136.0,556081.0,679742.0,557968.5,74608.24498170427,0.13371408060079426,192827.0,39.60177854450983,1,2231874.0,1846836.0,20,32368.666666666668,1.3960149183842798,0.8180753608349037,1,2.639057329615259,0,0,0,0,1,0,0,0,0,0,0,0,0,0,0,0,0,1,1,0,0
49,57,3,4,2,2148011.0,2699329.0,1681845.0,1747565.0,2069187.5,405205.71904496854,0.19582842011416005,-400446.0,-18.642641960399644,1,8276750.0,8139997.0,12,134428.07692307694,0.8135732016394694,0.9623928366653963,0,4.060443010546419,0,1,0,0,0,0,0,0,0,0,0,1,0,0,0,0,0,0,0,0,1
18,13,6,4,2,544805.0,290142.0,413312.0,746209.0,498617.0,168948.1417906098,0.3388334970340157,201404.0,36.968089499912814,1,1994468.0,1336130.0,24,29848.36,1.369678380928257,0.5538816150949465,1,2.639057329615259,0,0,0,0,0,1,0,0,0,0,1,0,0,0,0,0,0,0,1,0,0
37,98,5,4,2,1639502.0,1130744.0,2240018.0,1972316.0,1745645.0,413870.14316691173,0.23708723318138095,332814.0,20.299700762792604,1,6982580.0,8902768.0,20,93919.80952380953,1.202996273870801,1.1357291956617521,1,4.59511985013459,3,0,0,1,0,0,0,0,0,0,0,0,1,0,0,0,0,0,0,0,1
24,5,6,6,2,1493767.0,1032869.0,795872.0,1664939.0,1246861.75,348186.5308648333,0.2792503105214618,171172.0,11.459082976126798,1,4987447.0,6646151.0,36,44998.35135135135,1.1145900836006661,0.4780184270904657,1,1.791759469228055,0,0,1,0,0,0,0,0,0,0,0,1,0,0,0,0,0,0,1,0,0
28,19,6,5,2,697533.0,618836.0,684011.0,1155751.0,789032.75,213805.39096147107,0.27097150398569775,458218.0,65.69122894544057,1,3156131.0,1894443.0,30,37282.290322580644,1.656909914068705,0.5918319847164444,1,2.995732273553991,0,0,0,0,0,0,1,0,0,0,1,0,0,0,0,0,0,0,0,1,0
33,24,6,9,2,654846.0,545908.0,552478.0,454410.0,551910.5,70954.94472374706,0.1285624113397862,-200436.0,-30.60811244170385,1,2207642.0,2514290.0,54,8262.0,0.6939178159173058,1.2158112369638938,0,3.2188758248682006,0,0,0,0,0,1,0,0,0,0,0,0,0,0,0,1,0,0,0,1,0
29,32,6,6,0,2915145.0,2019782.0,1562641.0,1018970.0,1879134.5,695188.9271933566,0.3699516597632349,-1896175.0,-65.04564953029781,1,7516538.0,5349965.0,36,27539.72972972973,0.34954338479101904,1.5335480597583249,0,3.4965075614664802,2,0,0,0,1,0,0,0,0,0,0,0,0,1,0,0,0,0,0,1,0
19,6,5,9,2,1077847.0,1111888.0,1216122.0,1240419.0,1161569.0,68320.80092109577,0.058817686182306664,162572.0,15.083031265105346,1,4646276.0,4973647.0,45,26965.630434782608,1.1508292449399173,0.9804114735331582,1,1.9459101490553132,1,0,0,1,0,0,0,0,0,0,0,1,0,0,0,0,0,0,1,0,0
30,16,6,5,1,790151.0,790996.0,577149.0,1002105.0,790100.25,150245.67701164482,0.19016027018298604,211954.0,26.824493039937934,1,3160401.0,2455705.0,30,32325.967741935485,1.2682433253348724,0.5759360786184295,1,2.833213344056216,0,0,0,0,0,0,1,0,0,0,1,0,0,0,0,0,0,0,0,1,0
21,2,6,4,1,765895.0,680660.0,1362292.0,1399525.0,1052093.0,330455.8150940909,0.3140937303965437,633630.0,82.73066151365396,1,4208372.0,3093132.0,24,55981.0,1.827304229294839,0.9733952781155906,1,1.0986122886681096,1,0,0,1,0,0,0,0,0,0,1,0,0,0,0,0,0,0,1,0,0
19,14,3,8,2,813362.0,995990.0,2023974.0,2546699.0,1595006.25,717551.5002884375,0.4498737859418654,1733337.0,213.10769374522044,1,6380025.0,4246602.0,24,101867.96,3.131073087907859,0.7947437860760985,1,2.70805020110221,0,0,0,1,0,0,0,0,0,0,0,0,0,0,1,0,0,0,1,0,0
35,29,5,7,0,763559.0,741277.0,762986.0,1281903.0,887431.25,227925.41593071076,0.2568372659073148,518344.0,67.88525837558068,1,3549725.0,3263222.0,35,35608.416666666664,1.678850385038504,0.5951974562837778,1,3.4011973816621555,0,0,0,0,0,1,0,0,0,0,0,1,0,0,0,0,0,0,0,1,0
32,26,3,4,2,2074793.0,1625780.0,2907575.0,1037997.0,1911536.25,682545.4954848706,0.3570664670810562,-1036796.0,-49.97105735367335,1,7646145.0,3100284.0,12,79845.92307692308,0.50028918533599,2.801137381767595,0,3.295836866004329,2,0,0,0,1,0,0,0,0,0,1,0,0,0,0,0,0,0,0,1,0
24,15,5,8,2,948746.0,1976674.0,2228562.0,905167.0,1514787.25,594738.032556089,0.3926214935833986,-43579.0,-4.593326348674988,1,6059149.0,2717905.0,40,22077.243902439026,0.954065730906132,2.462042405387729,0,2.772588722239781,1,0,0,0,1,0,0,0,0,0,0,1,0,0,0,0,0,0,1,0,0
27,47,3,8,2,938259.0,875384.0,1099215.0,892393.0,951312.75,88433.85658325379,0.09295981430213543,-45866.0,-4.888415672005278,1,3805251.0,3897784.0,24,35695.72,0.9511148295781553,1.2317597384115089,0,3.8712010109078907,0,0,0,0,0,0,1,0,0,0,0,1,0,0,0,0,0,0,0,1,0
20,3,4,5,2,528909.0,782482.0,657863.0,450999.0,605063.25,126293.79376353971,0.2087282507465785,-77910.0,-14.7303222293438,1,2420253.0,2048033.0,20,21476.14285714286,0.8526951655291071,1.4586762749445676,0,1.3862943611198906,1,0,0,0,0,1,0,0,0,0,0,0,0,1,0,0,0,0,1,0,0
38,194,6,4,2,639264.0,507070.0,1047307.0,1105497.0,824784.5,256747.0204758957,0.3112898223425582,466233.0,72.93277894578766,1,3299138.0,2853365.0,24,44219.88,1.7293250842764738,0.9473621842825586,1,5.272999558563747,0,0,0,0,0,0,1,0,0,0,0,0,0,0,0,0,0,1,0,0,1
37,235,4,10,2,1076632.0,893925.0,792152.0,719284.0,870498.25,134204.8991251344,0.15417021128432412,-357348.0,-33.19128541600101,1,3481993.0,4330060.0,40,17543.51219512195,0.6680865253062093,1.1013047679292631,0,5.4638318050256105,0,0,0,0,0,0,1,0,0,0,0,0,0,0,0,0,0,1,0,0,1
33,42,6,6,2,769342.0,838930.0,520982.0,473711.0,650741.25,156251.65271345933,0.24011333646585234,-295631.0,-38.426473531927286,1,2602965.0,4139651.0,36,12803.0,0.6157344643416526,1.0997863680886277,0,3.7612001156935624,0,0,0,0,0,0,0,1,0,0,1,0,0,0,0,0,0,0,0,1,0
37,42,3,11,2,496708.0,714410.0,767574.0,1070798.0,762372.5,204958.14976416528,0.2688425274575949,574090.0,115.57897195132753,1,3049490.0,1801527.0,33,31494.058823529413,2.1557853793669937,0.7168236055506215,1,3.7612001156935624,0,0,0,0,0,1,0,0,0,0,0,0,0,0,1,0,0,0,0,1,0
24,5,6,6,2,879967.0,1425624.0,1334520.0,770102.0,1102553.25,282069.031855125,0.2558325703136107,-109865.0,-12.48512728318221,1,4410213.0,4633705.0,36,20813.567567567567,0.8751477326448235,1.732911052157958,0,1.791759469228055,0,0,1,0,0,0,0,0,0,0,0,1,0,0,0,0,0,0,1,0,0
33,47,4,9,2,527180.0,864962.0,1094128.0,1236118.0,930597.0,267926.62172505364,0.2879083230711615,708938.0,134.47740809590653,1,3722388.0,2181182.0,36,33408.59459459459,2.3447696331999826,0.8851316094971439,1,3.8712010109078907,0,0,0,0,1,0,0,0,0,0,0,0,0,1,0,0,0,0,0,1,0
34,19,6,8,0,691578.0,684221.0,1019971.0,1281157.0,919231.75,249095.64708297796,0.27098242318433624,589579.0,85.25126594541757,1,3676927.0,3135908.0,48,26146.061224489797,1.8525099807831065,0.7961320929971166,1,2.995732273553991,2,0,0,0,0,0,1,0,0,0,1,0,0,0,0,0,0,0,0,1,0
33,58,6,6,1,454291.0,394318.0,754381.0,1478339.0,770332.25,430928.296914565,0.559405758897625,1024048.0,225.41674829569592,1,3081329.0,2551184.0,36,39955.10810810811,3.2541603197943174,0.5102892433405035,1,4.07753744390572,0,0,0,0,0,1,0,0,0,0,1,0,0,0,0,0,0,0,0,1,0
28,19,6,5,2,713485.0,960759.0,852285.0,739057.0,816396.5,98362.45591052512,0.12048368153283989,25572.0,3.5840977736042103,1,3265586.0,1930158.0,30,23840.548387096773,1.035839525933235,1.1532044846277287,1,2.995732273553991,0,0,0,0,0,0,1,0,0,0,1,0,0,0,0,0,0,0,0,1,0
37,17,6,4,2,1079915.0,871854.0,686352.0,1043016.0,920284.25,156216.8728953038,0.16974850204738784,-36899.0,-3.4168429922725396,1,3681137.0,4441496.0,24,41720.64,0.9658306757192227,0.6580448832569363,0,2.8903717578961645,1,0,0,0,0,0,1,0,0,1,0,0,0,0,0,0,0,0,0,1,0
29,18,7,9,1,505000.0,510000.0,25000.0,500000.0,385000.0,207876.16505987404,0.5399380910646079,-5000.0,-0.9900990099009901,0,1540000.0,1540000.0,63,7812.5,0.9900970493127736,0.0499999000002,0,2.9444389791664403,0,0,0,0,0,1,0,0,0,1,0,0,0,0,0,0,0,0,0,1,0
37,209,3,5,0,802811.0,755659.0,703013.0,1418530.0,920003.25,289981.35501646914,0.31519601155373,615719.0,76.6953865853856,1,3680013.0,3680013.0,15,88658.125,1.766951664897884,0.49559227115938953,1,5.3471075307174685,0,0,0,0,0,0,1,0,0,0,0,0,0,0,0,0,0,1,0,0,1
33,21,3,8,2,1550054.0,955598.0,906090.0,949876.0,1090404.5,266068.8583407498,0.24400931795563005,-600178.0,-38.71981234202163,1,4361618.0,5611794.0,24,37995.04,0.6128014812377626,0.953902452633341,0,3.091042453358316,0,0,0,1,0,0,0,0,0,0,0,0,0,0,0,0,0,1,0,1,0
27,38,5,7,1,772646.0,610973.0,813002.0,1551452.0,937018.25,362709.45845840237,0.38708900115702377,778806.0,100.79726032361522,1,3748073.0,2902048.0,35,43095.88888888889,2.0079700044133997,0.524026187064642,1,3.6635616461296463,0,0,1,0,0,0,0,0,0,0,0,0,0,0,0,0,0,1,0,1,0
28,35,4,5,0,988841.0,894755.0,832626.0,673393.0,847403.75,114831.13642948719,0.13550935599410222,-315448.0,-31.90078081309331,1,3389615.0,4240938.0,20,32066.333333333332,0.6809915031926232,1.2364618633370656,0,3.58351893845611,1,0,0,0,0,0,1,0,0,0,0,1,0,0,0,0,0,0,0,1,0
20,6,6,9,2,474737.0,368344.0,364766.0,407527.0,403843.5,44234.38148375085,0.10953347394164038,-67210.0,-14.157312364530256,1,1615374.0,1615374.0,54,7409.581818181819,0.8584250681428494,0.895069786615889,0,1.9459101490553132,0,0,0,0,0,1,0,0,0,0,0,0,0,1,0,0,0,0,1,0,0
48,142,4,10,1,834337.0,1669051.0,4152385.0,1459896.0,2028917.25,1263865.7127856533,0.6229262000634345,625559.0,74.9767779686146,1,8115669.0,6341943.0,40,35607.21951219512,1.7497656824931862,2.844299974587248,1,4.962844630259907,3,1,0,0,0,0,0,0,0,0,0,0,1,0,0,0,0,0,0,0,1
18,8,4,6,0,383369.0,390029.0,469372.0,616990.0,464940.0,94080.19330071553,0.2023491059076774,233621.0,60.938938724831694,1,1859760.0,1593516.0,24,24679.6,1.6093851892427682,0.76074367373268,1,2.1972245773362196,0,0,0,0,0,0,1,0,0,0,0,0,1,0,0,0,0,0,1,0,0
54,159,6,11,1,504848.0,341094.0,767441.0,924083.0,634366.5,226068.72518163585,0.356369267894247,419235.0,83.0418264507337,1,2537466.0,5076336.0,66,13792.283582089553,1.8304146388326015,0.8304883538725917,1,5.075173815233827,3,0,0,0,0,0,1,0,0,0,1,0,0,0,0,0,0,0,0,0,1
29,19,6,5,2,868100.0,467025.0,562177.0,952098.0,712350.0,202776.63299675335,0.28465871130308606,83998.0,9.676074185001728,1,2849400.0,2850585.0,30,30712.83870967742,1.0967594784477843,0.5904606558771724,1,2.995732273553991,2,0,0,0,0,0,1,0,0,0,0,1,0,0,0,0,0,0,0,1,0
25,15,4,6,2,492718.0,768615.0,601301.0,501631.0,591066.25,111017.28576526945,0.18782545233342193,8913.0,1.8089454819998456,1,2364265.0,1735590.0,24,20065.24,1.0180873885520956,1.198689477545292,1,2.772588722239781,0,0,0,0,0,0,1,0,0,0,1,0,0,0,0,0,0,0,1,0,0
33,16,3,8,2,648196.0,462439.0,415770.0,395950.0,480588.75,99733.13395099694,0.20752282268570985,-252246.0,-38.915081240859244,1,1922355.0,1922355.0,24,15838.0,0.610848245209404,1.0500541733699371,0,2.833213344056216,0,0,0,0,0,0,0,1,0,1,0,0,0,0,0,0,0,0,0,1,0
25,16,4,10,2,328842.0,362447.0,356271.0,369108.0,354167.0,15309.917716957201,0.043227962280385245,40266.0,12.244786249931579,1,1416668.0,1416668.0,40,9002.634146341463,1.1224444491748342,0.965218946164954,1,2.833213344056216,0,0,0,0,0,1,0,0,0,0,0,0,0,0,0,0,0,1,1,0,0
24,3,4,9,2,633623.0,379407.0,815860.0,839994.0,667221.0,184329.72227098918,0.27626486916777077,206371.0,32.569998248169654,1,2668884.0,2051622.0,36,22702.54054054054,1.3256978902314307,0.9712676861171793,1,1.3862943611198906,0,0,1,0,0,0,0,0,0,0,0,0,0,0,0,0,0,1,1,0,0
30,16,6,5,1,1218120.0,867512.0,998133.0,1171805.0,1063892.5,139929.30539472424,0.13152579362550657,-46315.0,-3.8021705579089087,1,4255570.0,3098679.0,30,37800.16129032258,0.9619775046978092,0.8517903134136537,0,2.833213344056216,0,0,0,0,0,0,1,0,0,0,1,0,0,0,0,0,0,0,0,1,0
18,38,6,6,1,240000.0,260000.0,270000.0,190000.0,240000.0,30822.07001484488,0.12842529172852035,-50000.0,-20.833333333333336,0,960000.0,960000.0,36,5135.135135135135,0.7916633680692997,1.4210451523939347,0,3.6635616461296463,0,0,0,0,0,0,0,1,0,0,0,0,0,1,0,0,0,0,0,0,1
19,5,5,8,1,510256.0,1318684.0,864951.0,670397.0,841072.0,303006.85250749695,0.36026267966059616,160141.0,31.384442319149603,1,3364288.0,3364288.0,40,16351.146341463415,1.313841848323492,1.2902052213759587,1,1.791759469228055,0,0,0,0,0,0,1,0,0,0,0,1,0,0,0,0,0,0,1,0,0
18,6,4,9,0,420591.0,439146.0,427879.0,515382.0,450749.5,37896.557102855666,0.08407454052163267,94791.0,22.537572130644737,1,1802998.0,2468870.0,36,13929.243243243243,1.2253728078517898,0.8302155872428854,1,1.9459101490553132,0,0,0,0,0,1,0,0,0,0,0,1,0,0,0,0,0,0,1,0,0
34,22,7,10,1,675000.0,675000.0,1645000.0,575000.0,892500.0,436369.9691775317,0.4889299374538171,-100000.0,-14.814814814814813,0,3570000.0,3570000.0,70,8098.591549295775,0.851850589850978,2.8608645898007135,0,3.1354942159291497,0,0,0,0,0,1,0,0,0,0,0,1,0,0,0,0,0,0,0,1,0
25,35,5,7,1,272981.0,338954.0,987366.0,799808.0,599777.25,302101.7613432393,0.5036899304587483,526827.0,192.99035464006653,1,2399109.0,4579451.0,35,22216.88888888889,2.929892813445575,1.2345022374091814,1,3.58351893845611,3,0,0,0,1,0,0,0,0,0,0,0,0,0,0,1,0,0,0,1,0
28,44,5,8,0,1268924.0,1030447.0,2656032.0,1806569.0,1690493.0,624323.702532188,0.3693145742290492,537645.0,42.370149827728056,1,6761972.0,4831783.0,40,44062.65853658537,1.423700376302776,1.4702070775004568,1,3.8066624897703196,3,0,0,1,0,0,0,0,0,0,1,0,0,0,0,0,0,0,0,1,0
34,14,6,6,2,688551.0,741021.0,750983.0,1093209.0,818441.0,160400.51752410276,0.19598299391660823,404658.0,58.76950291263828,1,3273764.0,5485591.0,36,29546.18918918919,1.587692723280159,0.6869521866795949,1,2.70805020110221,0,0,0,0,0,1,0,0,0,0,0,1,0,0,0,0,0,0,0,1,0
22,8,3,11,2,617165.0,503623.0,758728.0,695791.0,643826.75,95224.10534726751,0.14790330682480576,78626.0,12.739866972365574,1,2575307.0,2158891.0,33,20464.441176470587,1.1273968429887582,1.0904523190838642,1,2.1972245773362196,0,0,1,0,0,0,0,0,0,0,0,0,0,0,0,0,0,1,1,0,0
21,4,5,10,1,269403.0,552008.0,618458.0,649743.0,522403.0,150272.66438877032,0.28765658770866614,380340.0,141.1788287435552,1,2089612.0,2821311.0,50,12740.058823529413,2.4117793351249426,0.9518487281144574,1,1.6094379124341003,0,0,0,0,0,1,0,0,0,0,0,1,0,0,0,0,0,0,1,0,0
18,7,5,11,0,254135.0,304960.0,636449.0,674063.0,467401.75,189179.72525005817,0.4047475758275577,419928.0,165.2381608200366,1,1869607.0,2340497.0,55,12036.839285714286,2.652371171341329,0.9441966934890456,1,2.0794415416798357,3,0,0,0,0,0,1,0,0,1,0,0,0,0,0,0,0,0,1,0,0
50,208,3,9,2,1798030.0,547492.0,628227.0,1085475.0,1014806.0,496553.02827945777,0.48930832915794525,-712555.0,-39.62976146115471,1,4059224.0,4348467.0,27,38766.96428571428,0.6037020496309574,0.5787571535436988,0,5.342334251964811,0,1,0,0,0,0,0,0,0,0,1,0,0,0,0,0,0,0,0,0,1
19,2,5,4,1,591620.0,506110.0,883707.0,720223.0,675415.0,142371.95929852198,0.21079182324722132,128603.0,21.73743281160204,1,2701660.0,2701660.0,20,34296.333333333336,1.2173722704231256,1.2269891033900564,1,1.0986122886681096,0,0,0,0,0,1,0,0,0,0,0,1,0,0,0,0,0,0,1,0,0
34,52,6,5,0,1196851.0,1350823.0,822333.0,2901495.0,1567875.5,793590.8198566501,0.5061567834031784,1704644.0,142.42741995453068,1,6271502.0,5253302.0,30,93596.6129032258,2.4242721740031348,0.2834168994201612,1,3.970291913552122,0,0,0,1,0,0,0,0,0,0,1,0,0,0,0,0,0,0,0,1,0
49,57,3,4,2,822179.0,1722037.0,1785365.0,3389391.0,1929743.0,924832.0235750922,0.4792513943955709,2567212.0,312.2449004413881,1,7718972.0,4083494.0,12,260722.38461538462,4.122443990367073,0.5267508154854912,1,4.060443010546419,0,1,0,0,0,0,0,0,0,0,0,1,0,0,0,0,0,0,0,0,1
21,4,5,10,1,423106.0,342970.0,515288.0,987867.0,567307.75,250348.6109052485,0.4412924218032426,564761.0,133.47978993443724,1,2269231.0,2220078.0,50,19369.941176470587,2.334792381123451,0.5216162483246749,1,1.6094379124341003,0,0,0,0,0,1,0,0,0,0,0,1,0,0,0,0,0,0,1,0,0
40,228,5,5,2,2557765.0,2584813.0,2571357.0,1697403.0,2352834.5,378534.3671620187,0.16088440014034933,-860362.0,-33.63725752756802,1,9411338.0,6413552.0,25,65284.730769230766,0.6636271652684413,1.514876246314961,0,5.43372200355424,2,0,1,0,0,0,0,0,0,1,0,0,0,0,0,0,0,0,0,0,1
30,33,5,7,1,773175.0,813817.0,1198483.0,1045245.0,957680.0,173488.01963536273,0.18115447710651023,272070.0,35.18867009409254,1,3830720.0,2572694.0,35,29034.583333333332,1.3518849524558445,1.1466037660034096,1,3.5263605246161616,0,1,0,0,0,0,0,0,0,0,0,0,1,0,0,0,0,0,0,1,0
47,14,7,8,1,815000.0,1490000.0,905000.0,1790000.0,1250000.0,405416.4525521874,0.3243331620417499,975000.0,119.6319018404908,0,5000000.0,5000000.0,56,31403.508771929824,2.1963163235382535,0.5055863097283186,1,2.70805020110221,0,0,0,0,0,0,1,0,0,0,0,1,0,0,0,0,0,0,0,1,0
28,38,5,10,0,2117670.0,988929.0,1290505.0,1291091.0,1422048.75,420099.7892586802,0.29541869732572823,-826579.0,-39.032474370416544,1,5688195.0,4306363.0,50,25315.50980392157,0.6096749683968851,0.9995453461101146,0,3.6635616461296463,0,0,0,0,1,0,0,0,0,0,0,1,0,0,0,0,0,0,0,1,0
25,39,3,7,0,980048.0,752777.0,1267951.0,1974295.0,1243767.75,459585.3880669919,0.36951061648526573,994247.0,101.44880658906503,1,4975071.0,2084403.0,21,89740.68181818182,2.014486010393358,0.6422294326686576,1,3.6888794541139363,0,0,0,0,0,1,0,0,0,0,0,1,0,0,0,0,0,0,0,1,0
34,43,4,4,1,435128.0,620822.0,616556.0,476523.0,537257.25,82750.21453559803,0.15402344879589439,41395.0,9.513292640326524,1,2149029.0,3514389.0,16,28030.764705882353,1.0951304096026695,1.2938613794898053,1,3.784189633918261,0,0,0,0,0,0,1,0,0,0,0,0,0,1,0,0,0,0,0,1,0
22,6,3,8,1,958043.0,624403.0,470024.0,799541.0,713002.75,183318.15341418728,0.25710721790931,-158502.0,-16.54435134957408,1,2852011.0,2871052.0,24,31981.64,0.8345556153997102,0.5878665536019371,0,1.9459101490553132,0,0,1,0,0,0,0,0,0,1,0,0,0,0,0,0,0,0,1,0,0
27,47,3,8,2,686106.0,907871.0,987146.0,1316661.0,974446.0,226298.7971963174,0.2322332866021487,630555.0,91.90343766123603,1,3897784.0,3445313.0,24,52666.44,1.9190315796224204,0.7497337965248484,1,3.8712010109078907,2,0,0,0,0,0,1,0,0,0,0,1,0,0,0,0,0,0,0,1,0
21,2,4,8,0,701042.0,885629.0,949492.0,935557.0,867930.0,99235.3643087987,0.11433567719608574,234515.0,33.45234664970144,1,3471720.0,2693518.0,32,28350.21212121212,1.3345215628713216,1.01489378531315,1,1.0986122886681096,1,0,1,0,0,0,0,0,0,0,0,0,1,0,0,0,0,0,1,0,0
31,43,5,9,1,462565.0,391041.0,848768.0,994517.0,674222.75,253990.82539963425,0.37671648635355937,531952.0,115.000486418125,1,2696891.0,6543410.0,45,21619.934782608696,2.150000216185366,0.8534465942295665,1,3.784189633918261,3,0,0,0,1,0,0,0,0,0,0,0,0,1,0,0,0,0,0,1,0
26,14,6,5,1,788950.0,718813.0,1328249.0,1020734.0,964186.5,238041.545269413,0.24688330034636766,231784.0,29.378794600418278,1,3856746.0,3712430.0,30,32926.903225806454,1.2937863061204053,1.3012672241081182,1,2.70805020110221,0,0,0,0,0,1,0,0,0,0,0,1,0,0,0,0,0,0,0,1,0
24,3,4,9,2,1031469.0,891085.0,1524846.0,752102.0,1049875.5,291470.09079191985,0.27762348087170324,-279367.0,-27.08438159556904,1,4199502.0,2357982.0,36,20327.08108108108,0.729155477134575,2.027443049688673,0,1.3862943611198906,0,0,1,0,0,0,0,0,0,0,0,0,0,0,0,0,0,1,1,0,0
39,21,7,7,1,575000.0,410000.0,570000.0,1240000.0,698750.0,319459.9935829211,0.4571878262367386,665000.0,115.65217391304347,0,2795000.0,2795000.0,49,24800.0,2.1565179886643677,0.4596770486475414,1,3.091042453358316,0,0,0,0,0,0,0,1,0,0,0,0,0,0,1,0,0,0,0,1,0
34,45,3,9,1,1515062.0,1058310.0,1068624.0,387414.0,1007352.5,402629.9615313669,0.3996912317499256,-1127648.0,-74.42916527508446,1,4029410.0,3595987.0,27,13836.214285714286,0.25570817847178634,2.7583444110320974,0,3.828641396489095,0,0,0,0,0,0,0,0,1,0,1,0,0,0,0,0,0,0,0,1,0
32,32,3,10,2,669717.0,769549.0,904938.0,656160.0,750091.0,99548.00325722259,0.13271456830867534,-13557.0,-2.0242878708469396,1,3000364.0,2711072.0,30,21166.451612903227,0.9797556583517242,1.3791401805349601,0,3.4965075614664802,1,0,0,0,0,0,1,0,0,0,0,0,0,1,0,0,0,0,0,1,0
27,15,3,7,1,840909.0,1189461.0,1929126.0,1240401.0,1299974.25,394441.0535259831,0.30342220511366524,399492.0,47.50716189266615,1,5199897.0,5651738.0,21,56381.86363636364,1.4750698647893354,1.5552425745846912,1,2.772588722239781,0,0,0,1,0,0,0,0,0,0,1,0,0,0,0,0,0,0,0,1,0
35,54,3,7,1,1326238.0,630776.0,597750.0,695999.0,812690.75,298596.8204698227,0.36741752071107325,-630239.0,-47.520806974313814,1,3250763.0,4627474.0,21,31636.31818181818,0.5247915345574968,0.8588362068965517,0,4.007333185232471,0,1,0,0,0,0,0,0,0,0,0,1,0,0,0,0,0,0,0,1,0
33,16,4,10,2,1840970.0,1334219.0,832879.0,1002641.0,1252677.25,384540.6720077702,0.3069750584260792,-838329.0,-45.53735259129698,1,5010709.0,6033046.0,40,24454.658536585364,0.5446261782504993,0.8306843319948696,0,2.833213344056216,0,0,0,1,0,0,0,0,0,1,0,0,0,0,0,0,0,0,0,1,0
18,8,4,6,0,382474.0,237119.0,272636.0,482491.0,343680.0,96405.34841750223,0.2805090445108887,100017.0,26.15001281132835,1,1374720.0,987623.0,24,19299.64,1.2614968298581606,0.5650580735017369,1,2.1972245773362196,0,0,0,0,0,0,1,0,0,0,0,0,1,0,0,0,0,0,1,0,0
20,3,4,5,2,300173.0,333624.0,459292.0,699590.0,448169.75,156811.681172633,0.34989349721312735,399417.0,133.06226742578446,1,1792679.0,1880685.0,20,33313.80952380953,2.3306149100188556,0.6565150209193658,1,1.3862943611198906,0,0,0,0,0,1,0,0,0,0,0,0,0,1,0,0,0,0,1,0,0
24,28,4,11,1,1119352.0,2324310.0,1113861.0,870108.0,1356907.75,567526.5559753019,0.41824991859269867,-249244.0,-22.266811512375018,1,5427631.0,3443282.0,44,19335.733333333334,0.7773311904287566,1.2801396146919524,0,3.367295829986474,0,0,0,0,1,0,0,0,0,0,1,0,0,0,0,0,0,0,0,1,0
22,7,6,6,2,472520.0,411362.0,379806.0,437115.0,425200.75,34034.00910394631,0.08004221324620502,-35405.0,-7.49280453737408,1,1700803.0,2327304.0,36,11813.918918918918,0.9250699968890271,0.868890637725455,0,2.0794415416798357,0,0,0,0,0,0,1,0,0,0,0,1,0,0,0,0,0,0,1,0,0
43,216,3,5,1,1317659.0,2072600.0,949372.0,1619315.0,1489736.5,411741.698811585,0.2763855881973658,301656.0,22.893328243498505,1,5958946.0,3602058.0,15,101207.1875,1.2289323497715647,0.5862796390574786,1,5.37989735354046,1,0,0,0,1,0,0,0,0,0,0,0,0,1,0,0,0,0,0,0,1
28,38,3,7,1,484884.0,434301.0,725297.0,790255.0,608684.25,151906.62468993082,0.24956555831686267,305371.0,62.97815560010229,1,2434737.0,3324603.0,21,35920.681818181816,1.6297781948297019,0.9178000546658298,1,3.6635616461296463,0,0,0,0,0,1,0,0,0,1,0,0,0,0,0,0,0,0,0,1,0
46,23,7,8,1,575000.0,1050000.0,650000.0,950000.0,806250.0,198726.41369480806,0.24648237357495573,375000.0,65.21739130434783,0,3225000.0,3225000.0,56,16666.666666666668,1.6521710397025398,0.684209806094941,1,3.1780538303479458,0,0,0,0,0,0,1,0,0,0,0,1,0,0,0,0,0,0,0,1,0
30,22,6,8,1,525000.0,525000.0,625000.0,600000.0,568750.0,44633.927678392814,0.07847723547849286,75000.0,14.285714285714285,0,2275000.0,2275000.0,48,12244.897959183674,1.142854965990541,1.041664930558449,1,3.1354942159291497,0,0,0,0,0,1,0,0,0,0,0,1,0,0,0,0,0,0,0,1,0
17,77,5,5,1,660000.0,780000.0,1000000.0,810000.0,812500.0,121937.48398257198,0.1500769033631655,150000.0,22.727272727272727,0,3250000.0,3250000.0,25,31153.846153846152,1.2272708677714124,1.2345663770785469,1,4.356708826689592,0,0,0,0,0,0,0,1,0,0,0,1,0,0,0,0,0,0,0,0,1
32,53,3,10,2,941808.0,1313005.0,1614854.0,1532774.0,1350610.25,260548.37634341055,0.19291159410600545,590966.0,62.748033569474885,1,5402441.0,2094040.0,30,49444.32258064516,1.6274786076582406,1.0535492815318621,1,3.9889840465642745,0,0,0,0,0,0,1,0,0,0,1,0,0,0,0,0,0,0,0,0,1
19,2,5,4,1,942666.0,643219.0,580117.0,1141222.0,826806.0,227398.66421441443,0.27503267297820094,198556.0,21.06323979012715,1,3307224.0,3222796.0,20,54343.90476190476,1.2106311136382202,0.50832922224666,1,1.0986122886681096,1,0,0,0,0,1,0,0,0,0,0,1,0,0,0,0,0,0,1,0,0
26,43,6,11,0,397147.0,342273.0,904649.0,641356.0,571356.25,222941.70786258794,0.3901973731145637,244209.0,61.49083336900443,1,2285425.0,5086515.0,66,9572.477611940298,1.6149042674267526,1.4105233122894114,1,3.784189633918261,3,0,0,0,0,1,0,0,0,0,0,1,0,0,0,0,0,0,0,1,0
25,9,6,11,1,392590.0,430216.0,414973.0,394762.0,408135.25,15450.023938088252,0.03785515693165011,2172.0,0.553248936549581,1,1632541.0,1517906.0,66,5891.9701492537315,1.0055299280931045,1.0511952741265012,1,2.302585092994046,0,0,0,0,0,0,1,0,0,0,0,0,0,1,0,0,0,0,1,0,0
34,43,6,8,2,1137226.0,1713645.0,1855537.0,1253460.0,1489967.0,301676.58457112644,0.2024719907025635,116234.0,10.220835612270559,1,5959868.0,3362884.0,48,25580.816326530614,1.102207386915717,1.480330859915067,1,3.784189633918261,0,0,0,0,0,0,0,0,1,0,1,0,0,0,0,0,0,0,0,1,0
36,58,3,5,0,1157337.0,987112.0,827528.0,1052078.0,1006013.75,119619.27125755072,0.11890421105829888,-105259.0,-9.094930862834248,1,4024055.0,2915430.0,15,65754.875,0.9090499059047573,0.7865645070379695,0,4.07753744390572,2,0,0,0,0,0,1,0,0,0,0,0,0,0,1,0,0,0,0,1,0
27,22,4,8,1,513818.0,631266.0,778053.0,1459458.0,845648.75,366538.73974886676,0.43344088162947886,945640.0,184.0418202554212,1,3382595.0,2072041.0,32,44226.0,2.8404126745021108,0.5331105567199901,1,3.1354942159291497,0,0,0,0,0,1,0,0,0,1,0,0,0,0,0,0,0,0,0,1,0
21,17,4,5,0,639701.0,969994.0,1604258.0,797468.0,1002855.25,366343.4390072893,0.36530041499736804,157767.0,24.662615815826456,1,4011421.0,3654249.0,20,37974.666666666664,1.2466242093975006,2.0116869746661,1,2.8903717578961645,0,0,0,1,0,0,0,0,0,0,1,0,0,0,0,0,0,0,1,0,0
23,15,3,6,1,394961.0,383173.0,454690.0,476514.0,427334.5,39259.48351990892,0.09187061545442486,81553.0,20.648367813530957,1,1709338.0,2004826.0,18,25079.684210526317,1.2064806234523828,0.9541987135766975,1,2.772588722239781,0,0,0,0,1,0,0,0,0,0,0,0,1,0,0,0,0,0,1,0,0
27,35,5,7,2,1176064.0,1087573.0,611979.0,1564088.0,1109926.0,338780.2490944536,0.30522778013530055,388024.0,32.99344253373966,1,4439704.0,7783657.0,35,43446.88888888889,1.32993329450328,0.39126865542817574,1,3.58351893845611,1,0,0,0,1,0,0,0,0,0,0,1,0,0,0,0,0,0,0,1,0
35,51,5,9,2,438683.0,918038.0,774600.0,1446107.0,894357.0,362963.2851908027,0.4058371379558752,1007424.0,229.64737635148845,1,3577428.0,8698026.0,45,31437.108695652172,3.2964662490539887,0.5356446406492461,1,3.9512437185814275,3,1,0,0,0,0,0,0,0,0,0,1,0,0,0,0,0,0,0,1,0
18,5,3,4,0,247905.0,194601.0,452040.0,452675.0,336805.25,117079.1930070732,0.34761688841570376,204770.0,82.60018958875376,1,1347221.0,1994812.0,12,34821.153846153844,1.8259945301848282,0.9985950216048565,1,1.791759469228055,3,0,0,0,0,1,0,0,0,0,0,0,0,0,1,0,0,0,1,0,0
33,58,6,6,1,400818.0,847976.0,647483.0,816037.0,678078.5,177276.0401950867,0.2614388160000453,415219.0,103.59290251435813,1,2712314.0,1435108.0,36,22055.054054054053,2.035923945721136,0.7934471188841696,1,4.07753744390572,0,0,0,0,0,1,0,0,0,0,1,0,0,0,0,0,0,0,0,1,0
21,2,4,8,0,775025.0,805749.0,790399.0,561622.0,733198.75,99653.6799430282,0.13591632547522509,-213403.0,-27.534982742492176,1,2932795.0,2932795.0,32,17018.848484848484,0.7246492375739653,1.4073479896656653,0,1.0986122886681096,0,0,1,0,0,0,0,0,0,0,0,0,1,0,0,0,0,0,1,0,0
22,7,3,11,2,940652.0,821182.0,670751.0,1823409.0,1063998.5,448754.41933784896,0.4217622668996704,882757.0,93.8452265024685,1,4255994.0,4008956.0,33,53629.67647058824,1.938450204272989,0.3678552821362173,1,2.0794415416798357,0,0,1,0,0,0,0,0,0,0,1,0,0,0,0,0,0,0,1,0,0
40,31,7,8,1,900000.0,940000.0,930000.0,910000.0,920000.0,15811.388300841896,0.01718629163134989,10000.0,1.1111111111111112,0,3680000.0,3680000.0,56,15964.912280701754,1.0111099876555694,1.0219768989264848,1,3.4657359027997265,0,0,0,0,0,0,1,0,0,0,0,1,0,0,0,0,0,0,0,1,0
28,44,5,8,0,1073514.0,1007202.0,1103154.0,891782.0,1018913.0,81205.37846103545,0.07969804925546681,-181732.0,-16.928703305220054,1,4075652.0,5443256.0,40,21750.780487804877,0.8307121931225926,1.2370206653412321,0,3.8066624897703196,0,0,0,1,0,0,0,0,0,0,1,0,0,0,0,0,0,0,0,1,0
35,59,5,5,1,1541280.0,984129.0,1051813.0,1543013.0,1280058.75,263178.6552765773,0.20559888776712576,1733.0,0.11243901173050971,1,5120235.0,5474828.0,25,59346.653846153844,1.0011237405768318,0.6816613459113138,1,4.0943445622221,0,0,0,0,0,0,0,0,1,1,0,0,0,0,0,0,0,0,0,1,0
28,35,4,5,0,469876.0,783973.0,559291.0,837802.0,662735.5,152678.061741856,0.23037555969441204,367926.0,78.30278626701512,1,2650942.0,3416214.0,20,39895.333333333336,1.7830240680007747,0.6675686289020211,1,3.58351893845611,0,0,0,0,0,0,1,0,0,0,0,1,0,0,0,0,0,0,0,1,0
18,63,3,3,1,170000.0,345000.0,260000.0,230000.0,251250.0,63084.764404727706,0.25108363942180184,60000.0,35.294117647058826,0,1005000.0,1005000.0,9,23000.0,1.3529332180398939,1.1304298676962274,1,4.1588830833596715,0,1,0,0,0,0,0,0,0,0,0,1,0,0,0,0,0,0,0,0,1
19,1,6,4,0,2034712.0,917223.0,1357391.0,1190859.0,1375046.25,412006.5778840036,0.2996310690524072,-843853.0,-41.47284726290502,1,5500185.0,7468251.0,24,47634.36,0.5852712397276667,1.139840955276019,0,0.6931471805599453,0,0,0,1,0,0,0,0,0,0,0,1,0,0,0,0,0,0,1,0,0
18,17,4,4,0,743956.0,716263.0,1048068.0,869851.0,844534.5,130992.76999991259,0.15510647581586376,125895.0,16.922371753168196,1,3378138.0,4386184.0,16,51167.705882352944,1.1692221459035939,1.2048808303021663,1,2.8903717578961645,1,0,0,1,0,0,0,0,0,0,0,0,1,0,0,0,0,0,1,0,0
19,6,4,9,2,356368.0,405044.0,359863.0,463008.0,396070.75,43152.126745822155,0.1089505517532465,106640.0,29.924123378081084,1,1584283.0,1674979.0,36,12513.72972972973,1.2992375880056908,0.7772267925677471,1,1.9459101490553132,0,0,0,0,0,0,1,0,0,0,0,0,1,0,0,0,0,0,1,0,0
28,38,5,10,0,1387902.0,1093440.0,2305424.0,2173494.0,1740065.0,512258.27619375754,0.2943903108181347,785592.0,56.60284371663129,1,6960260.0,7681572.0,50,42617.529411764706,1.5660273088248962,1.0606990124200883,1,3.6635616461296463,0,0,0,0,1,0,0,0,0,0,0,1,0,0,0,0,0,0,0,1,0
26,43,6,11,0,1013951.0,792834.0,594728.0,775712.0,794306.25,148680.20020227137,0.18718246293828278,-238239.0,-23.496105827599166,1,3177225.0,3519742.0,66,11577.791044776119,0.7650381872120179,0.7666856169743191,0,3.784189633918261,0,0,0,0,0,1,0,0,0,0,0,1,0,0,0,0,0,0,0,1,0
19,14,3,8,2,547896.0,482546.0,1142991.0,819636.0,748267.25,260603.5100582636,0.34827598035095564,271740.0,49.597003810942226,1,2993069.0,3562570.0,24,32785.44,1.495967307723897,1.3945087886466814,1,2.70805020110221,2,0,0,1,0,0,0,0,0,0,0,0,0,0,1,0,0,0,1,0,0
27,58,3,11,2,406383.0,438207.0,982556.0,896763.0,680977.25,260697.44377954208,0.38282841868732337,490380.0,120.66941776599907,1,2723909.0,4002856.0,33,26375.382352941175,2.2066887475884878,1.0956684255835425,1,4.07753744390572,3,0,0,0,0,1,0,0,0,0,0,1,0,0,0,0,0,0,0,1,0
23,3,4,8,1,810000.0,750000.0,700000.0,1675000.0,983750.0,400989.01169483433,0.4076127183683195,865000.0,106.79012345679013,0,3935000.0,3935000.0,32,50757.57575757576,2.067898681606566,0.4179101982625682,1,1.3862943611198906,0,0,0,0,0,0,0,1,0,0,0,1,0,0,0,0,0,0,1,0,0
34,45,3,9,1,791337.0,488924.0,840037.0,1087556.0,801963.5,212790.5769301122,0.2653369847008152,296219.0,37.432724616693015,1,3207854.0,5805572.0,27,38841.28571428572,1.3743255094536089,0.7724073312939,1,3.828641396489095,1,0,0,0,0,0,0,0,1,0,1,0,0,0,0,0,0,0,0,1,0
29,19,6,5,2,865729.0,964797.0,536890.0,673927.0,760335.75,166062.198563332,0.21840640606907147,-191802.0,-22.154969973282633,1,3041343.0,3039954.0,30,21739.58064516129,0.7784494010834787,0.7966578032074643,0,2.995732273553991,0,0,0,0,0,0,1,0,0,0,0,1,0,0,0,0,0,0,0,1,0
33,24,6,9,2,487018.0,594397.0,578468.0,612066.0,567987.25,48234.522550632755,0.08492184032411423,125048.0,25.676258372380488,1,2271949.0,2271949.0,54,11128.472727272727,1.2567600032031605,0.9451056828745873,1,3.2188758248682006,0,0,0,0,0,1,0,0,0,0,0,0,0,0,0,1,0,0,0,1,0
21,2,4,8,0,1099238.0,840189.0,940388.0,929833.0,952412.0,93282.1845557875,0.09794310083848955,-169405.0,-15.411130255686212,1,3809648.0,3829833.0,32,28176.757575757576,0.8458879279210435,1.0113504130844861,0,1.0986122886681096,0,0,1,0,0,0,0,0,0,0,0,0,1,0,0,0,0,0,1,0,0
24,11,4,7,2,1141646.0,1841769.0,1014946.0,425148.0,1105877.25,503606.2140270784,0.4553906991278448,-716498.0,-62.76008500007884,1,4423509.0,3124957.0,28,14660.275862068966,0.372398823804556,2.3872712860667673,0,2.4849066497880004,2,0,0,0,0,1,0,0,0,0,0,1,0,0,0,0,0,0,1,0,0
19,17,3,10,2,615176.0,476785.0,559131.0,461346.0,528109.5,62518.95336016111,0.11838255770850763,-153830.0,-25.005851983822513,1,2112438.0,3038319.0,30,14882.129032258064,0.7499402610955871,1.2119532586101134,0,2.8903717578961645,0,0,0,0,1,0,0,0,0,0,1,0,0,0,0,0,0,0,1,0,0
21,13,3,9,2,224551.0,257236.0,534958.0,577419.0,398541.0,158781.73690478384,0.3984075337412809,352868.0,157.14381142813883,1,1594164.0,2114260.0,27,20622.10714285714,2.5714266628665077,0.9264625402653182,1,2.639057329615259,3,0,0,0,0,0,1,0,0,0,0,0,0,0,1,0,0,0,1,0,0
31,42,3,10,0,477911.0,626867.0,740209.0,932670.0,694414.25,166056.6543222147,0.23913197968246575,454759.0,95.15558336175563,1,2777657.0,2455255.0,30,30086.129032258064,1.9515517501129915,0.7936442754197354,1,3.7612001156935624,0,0,0,0,0,0,1,0,0,0,0,0,0,1,0,0,0,0,0,1,0
27,28,5,6,1,250000.0,300000.0,235000.0,275000.0,265000.0,24748.737341529162,0.09339146166614778,25000.0,10.0,0,1060000.0,1060000.0,30,8870.967741935483,1.0999956000175999,0.8545423471187378,1,3.367295829986474,0,0,0,0,0,0,0,1,0,0,0,1,0,0,0,0,0,0,0,1,0
24,15,5,8,2,939590.0,533144.0,586628.0,415143.0,618626.25,195418.95053496602,0.31589178528225403,-524447.0,-55.81657957194095,1,2474505.0,2665661.0,40,10125.439024390244,0.4418337340395981,1.413071127126973,0,2.772588722239781,0,0,0,0,1,0,0,0,0,0,0,1,0,0,0,0,0,0,1,0,0
34,27,3,8,1,556885.0,419350.0,449257.0,714247.0,534934.75,115472.08293863716,0.21586199613810314,157362.0,28.25753970748,1,2139739.0,3092355.0,24,28569.88,1.2825730939545976,0.6289930108309719,1,3.332204510175204,0,0,0,0,0,1,0,0,0,0,0,0,0,1,0,0,0,0,0,1,0
25,16,6,4,2,732259.0,508899.0,795968.0,617719.0,663711.25,109855.31593959166,0.16551673026424016,-114540.0,-15.642006448538018,1,2654845.0,2654845.0,24,24708.76,0.8435787834922023,1.2885579226834165,0,2.833213344056216,0,0,0,0,0,0,1,0,0,0,0,0,1,0,0,0,0,0,0,1,0
34,56,6,10,0,1411311.0,763228.0,2721845.0,2965239.0,1965405.75,911608.359071859,0.46382705406853475,1553928.0,110.10528508599451,1,7861623.0,12780411.0,60,48610.475409836065,2.1010513621367917,0.9179172680794809,1,4.04305126783455,0,0,0,1,0,0,0,0,0,0,0,1,0,0,0,0,0,0,0,0,1
23,15,3,6,1,403986.0,359352.0,325306.0,501778.0,397605.5,66300.77016709534,0.166750133403827,97792.0,24.206779442851982,1,1590422.0,1303312.0,18,26409.36842105263,1.2420647199043533,0.648305329637151,1,2.772588722239781,0,0,0,0,1,0,0,0,0,0,0,0,1,0,0,0,0,0,1,0,0
43,178,4,6,2,840740.0,874145.0,1427384.0,1769450.0,1227929.75,389905.6715542716,0.31753092679306094,928710.0,110.46340128934034,1,4911719.0,2982379.0,24,70778.0,2.1046315095849972,0.8066818465162359,1,5.187385805840755,1,0,0,0,0,0,1,0,0,0,0,0,0,0,0,0,0,1,0,0,1
36,14,4,9,1,558492.0,400236.0,816337.0,673142.0,612051.75,152642.58971593576,0.24939490772787717,114650.0,20.528494589000378,1,2448207.0,5899494.0,36,18193.027027027027,1.2052827877878505,1.212724487961696,1,2.70805020110221,3,0,0,0,0,0,1,0,0,0,0,0,0,0,1,0,0,0,0,1,0
22,4,4,10,2,352332.0,343542.0,569498.0,523252.0,447156.0,100605.19140680564,0.22498902263819703,170920.0,48.51106342881146,1,1788624.0,1788624.0,40,12762.243902439024,1.485106419211371,1.088379808620304,1,1.6094379124341003,0,0,0,0,0,0,1,0,0,0,0,0,1,0,0,0,0,0,1,0,0
28,45,4,7,0,1693272.0,1245102.0,727314.0,893641.0,1139832.25,370188.7070484289,0.32477472632348214,-799631.0,-47.22401362569038,1,4559329.0,3041324.0,28,30815.206896551725,0.5277595520627801,0.8138762502210057,0,3.828641396489095,0,1,0,0,0,0,0,0,0,0,0,0,0,1,0,0,0,0,0,1,0
50,182,6,11,1,1452239.0,1219764.0,1400873.0,748493.0,1205342.25,277538.06200895674,0.23025664454137962,-703746.0,-48.45937893142933,1,4821369.0,4027054.0,66,11171.537313432837,0.5154058557814135,1.8715888170112251,0,5.209486152841421,0,0,0,0,0,0,1,0,0,0,1,0,0,0,0,0,0,0,0,0,1
24,26,4,7,1,609140.0,506017.0,766261.0,1156604.0,759505.5,247284.78456275872,0.3255865619969292,547464.0,89.87490560462291,1,3038022.0,3899408.0,28,39882.89655172414,1.8987459389533785,0.662508808106484,1,3.295836866004329,0,0,0,0,0,0,1,0,0,0,1,0,0,0,0,0,0,0,0,1,0
32,44,3,8,2,1355716.0,969241.0,1260711.0,2201358.0,1446756.5,458351.8782695779,0.31681342248649164,845642.0,62.376043360113776,1,5787026.0,7673823.0,24,88054.32,1.6237592358877257,0.5726966841846333,1,3.8066624897703196,0,0,1,0,0,0,0,0,0,0,0,1,0,0,0,0,0,0,0,1,0
25,16,5,4,2,960949.0,1194104.0,1364242.0,1010285.0,1132395.0,159581.96569944863,0.14092429381924915,49336.0,5.134091403393937,1,4529580.0,2648089.0,20,48108.80952380953,1.0513398199698216,1.3503522764840847,1,2.833213344056216,0,0,0,0,0,1,0,0,0,0,1,0,0,0,0,0,0,0,0,1,0
34,39,4,10,2,636146.0,741168.0,720013.0,714172.0,702874.75,39813.460483704504,0.05664374838291531,78026.0,12.265423346212977,1,2811499.0,2420936.0,40,17418.829268292684,1.1226524686904127,1.0081772903764215,1,3.6888794541139363,0,0,0,0,0,1,0,0,0,0,0,0,0,1,0,0,0,0,0,1,0
24,59,3,4,1,875298.0,824317.0,751364.0,582711.0,758422.5,110596.47517552266,0.14582435934524973,-292587.0,-33.42712996031066,1,3033690.0,3199322.0,12,44823.92307692308,0.6657279398239916,1.2894259943162316,0,4.0943445622221,0,0,0,0,0,1,0,0,0,0,1,0,0,0,0,0,0,0,0,1,0
34,27,3,8,1,738679.0,669748.0,569206.0,568106.0,636434.75,72028.08859526609,0.11317434913047424,-170573.0,-23.091627080233767,1,2545739.0,2545739.0,24,22724.24,0.7690826880381221,1.0019344947342665,0,3.332204510175204,0,0,0,0,0,1,0,0,0,0,0,0,0,1,0,0,0,0,0,1,0
28,23,4,5,2,521724.0,403206.0,569335.0,1163666.0,664482.75,294483.70591713133,0.4431773524852697,641942.0,123.0424515644287,1,2657931.0,2754661.0,20,55412.666666666664,2.2304202405481814,0.4892593843427716,1,3.1780538303479458,0,0,0,0,0,1,0,0,0,0,0,1,0,0,0,0,0,0,0,1,0
28,38,3,7,1,531442.0,437928.0,502839.0,518787.0,497749.0,35994.01281463349,0.07231358137260645,-12655.0,-2.3812570327523983,1,1990996.0,2565590.0,21,23581.227272727272,0.9761855928105178,0.9692571917623384,0,3.6635616461296463,0,0,0,0,0,1,0,0,0,1,0,0,0,0,0,0,0,0,0,1,0
24,38,6,6,0,927056.0,478925.0,515860.0,1268400.0,797560.25,323783.36617279693,0.4059672810584491,341344.0,36.82021366562538,1,3190241.0,4835220.0,36,34281.08108108108,1.3682006608007922,0.4067010353981115,1,3.6635616461296463,0,1,0,0,0,0,0,0,0,0,0,0,0,1,0,0,0,0,0,1,0
22,8,3,11,2,1077533.0,1069663.0,927288.0,1144794.0,1054819.5,79208.46974440296,0.0750919657291157,67261.0,6.242129011362065,1,4219278.0,3743844.0,33,33670.41176470588,1.0624203041388949,0.8100035377513004,1,2.1972245773362196,0,0,1,0,0,0,0,0,0,0,0,0,0,0,0,0,0,1,1,0,0
24,26,5,11,2,641181.0,779521.0,697402.0,734252.0,713089.0,50690.052342644114,0.0710851693724684,93071.0,14.515558009360852,1,2852356.0,2883019.0,55,13111.642857142857,1.1451537940865464,0.9498115772084009,1,3.295836866004329,0,0,0,0,0,1,0,0,0,0,1,0,0,0,0,0,0,0,0,1,0
29,43,4,11,2,735978.0,757200.0,1128560.0,1156010.0,944437.0,198227.93843704273,0.20989005983145803,420032.0,57.07127115212683,1,3777748.0,3171410.0,44,25689.11111111111,1.5707105773398427,0.9762536861673462,1,3.784189633918261,1,0,0,0,0,0,1,0,0,0,0,1,0,0,0,0,0,0,0,1,0
25,32,3,4,2,529372.0,414382.0,476578.0,732623.0,538238.75,119380.06378238997,0.22179760149634334,203251.0,38.39473942709475,1,2152955.0,3299314.0,12,56355.61538461538,1.3839447799566658,0.650508309856079,1,3.4965075614664802,0,0,0,0,1,0,0,0,0,0,1,0,0,0,0,0,0,0,0,1,0
42,217,6,11,2,704627.0,927279.0,1051931.0,1533999.0,1054459.0,303530.13977527834,0.28785390401644667,829372.0,117.70369287580522,1,4217836.0,5185706.0,66,22895.507462686568,2.1770338391321378,0.6857438070404173,1,5.384495062789089,3,0,1,0,0,0,0,0,0,0,0,0,1,0,0,0,0,0,0,0,1
25,39,3,7,0,653840.0,568326.0,407729.0,454508.0,521100.75,96355.69622335516,0.18490799758656107,-199332.0,-30.486357518659002,1,2084403.0,3593283.0,21,20659.454545454544,0.6951353616552036,0.8970757454747871,0,3.6888794541139363,0,0,0,0,0,1,0,0,0,0,0,1,0,0,0,0,0,0,0,1,0
31,42,3,10,0,476534.0,517195.0,886047.0,561939.0,610428.75,161969.91372223268,0.26533795094387785,85405.0,17.92212098192364,1,2441715.0,2441715.0,30,18127.064516129034,1.1792187352450503,1.5767644232480336,1,3.7612001156935624,0,0,0,0,0,0,1,0,0,0,0,0,0,1,0,0,0,0,0,1,0
18,4,3,7,2,462010.0,638783.0,514405.0,1242406.0,714401.0,311531.2901002081,0.4360734238896755,780396.0,168.91322698642887,1,2857604.0,2998540.0,21,56473.0,2.689126449370253,0.41403903873690345,1,1.6094379124341003,0,0,0,0,0,1,0,0,0,0,0,1,0,0,0,0,0,0,1,0,0
43,178,4,6,2,1425098.0,812110.0,646761.0,573695.0,864416.0,335034.55852568406,0.38758486484017424,-851403.0,-59.74347027362329,1,3457664.0,2920092.0,24,22947.8,0.4025650147814292,1.1273583919009371,0,5.187385805840755,2,0,0,0,0,0,1,0,0,0,0,0,0,0,0,0,0,1,0,0,1
47,63,6,5,1,1008902.0,837625.0,1267174.0,1922227.0,1258982.0,412323.52792982844,0.3275054988314594,913325.0,90.52663192262479,1,5035928.0,4539485.0,30,62007.32258064516,1.9052644307728295,0.6592214867331034,1,4.1588830833596715,0,0,0,0,0,1,0,0,0,0,0,0,0,1,0,0,0,0,0,0,1
23,2,4,6,2,272547.0,557155.0,388205.0,536488.0,438598.75,115920.88185131918,0.2642982494850229,263941.0,96.84237947950261,1,1754395.0,1754395.0,24,21459.52,1.9684165724936524,0.7236029070493524,1,1.0986122886681096,0,1,0,0,0,0,0,0,0,0,0,0,0,0,0,0,0,1,1,0,0
23,42,5,5,1,325000.0,275000.0,220000.0,200000.0,255000.0,48862.05071423016,0.19161588515384376,-125000.0,-38.46153846153847,0,1020000.0,1020000.0,25,7692.307692307692,0.6153827218993172,1.0999945000274998,0,3.7612001156935624,0,0,0,0,0,0,0,1,0,0,0,0,0,1,0,0,0,0,0,0,1
19,14,3,8,2,1647924.0,954490.0,943854.0,921443.0,1116927.75,306802.80741901224,0.2746845598732883,-726481.0,-44.08461797995539,1,4467711.0,4591921.0,24,36857.72,0.5591534808926377,1.0243205230051962,0,2.70805020110221,0,0,0,1,0,0,0,0,0,0,0,0,0,0,1,0,0,0,1,0,0
29,42,6,7,1,996251.0,756306.0,1012888.0,475981.0,810356.5,218119.3510288576,0.26916468372729485,-520270.0,-52.222783214270294,1,3241426.0,3459765.0,42,11069.32558139535,0.47777168828770233,2.1279964368400486,0,3.7612001156935624,1,0,0,0,0,1,0,0,0,0,0,0,1,0,0,0,0,0,0,1,0
36,25,5,11,0,698125.0,691231.0,693850.0,1351662.0,858717.0,284612.5662079944,0.3314393056245473,653537.0,93.61317815577439,1,3434868.0,2956895.0,55,24136.821428571428,1.936129008230606,0.5133306156934088,1,3.258096538021482,2,0,0,0,0,0,1,0,0,0,0,1,0,0,0,0,0,0,0,1,0
42,77,5,10,1,910000.0,975000.0,400000.0,370000.0,663750.0,279896.74435405637,0.42169001032626197,-540000.0,-59.34065934065934,0,2655000.0,2655000.0,50,7254.901960784314,0.4065929597879563,1.0810781592482182,0,4.356708826689592,0,0,0,0,0,0,1,0,0,0,0,0,1,0,0,0,0,0,0,0,1
50,182,6,11,1,715184.0,510219.0,892476.0,689078.0,701739.25,135463.6321257019,0.19303983940716143,-26106.0,-3.6502494462963377,1,2806957.0,4821369.0,66,10284.746268656716,0.9634961583366541,1.2951722516576474,0,5.209486152841421,0,0,0,0,0,0,1,0,0,0,1,0,0,0,0,0,0,0,0,0,1
37,209,3,5,0,802743.0,660129.0,652054.0,678980.0,698476.5,60986.055367190296,0.08731296667416913,-123763.0,-15.417512205027014,1,2793906.0,3658795.0,15,42436.25,0.8458238242827103,0.9603420419717194,0,5.3471075307174685,3,0,0,0,0,0,1,0,0,0,0,0,0,0,0,0,0,1,0,0,1
33,31,4,9,1,803578.0,1187576.0,1021152.0,701170.0,928369.0,189069.51976720098,0.20365772636441004,-102408.0,-12.74400244904664,1,3713476.0,3713476.0,36,18950.54054054054,0.8725588896673507,1.4563523020775246,0,3.4657359027997265,0,1,0,0,0,0,0,0,0,0,0,0,1,0,0,0,0,0,0,1,0
36,16,6,7,2,2104560.0,2236667.0,1570699.0,1570853.0,1870694.75,303533.83995394566,0.16225727898896689,-533707.0,-25.359552590565247,1,7482779.0,5459589.0,42,36531.46511627907,0.7464041194339343,0.9999013275581308,0,2.833213344056216,0,0,0,0,0,0,0,0,1,0,0,1,0,0,0,0,0,0,0,1,0
31,54,3,10,2,1293614.0,1820004.0,1119207.0,1523979.0,1439201.0,262578.54477184534,0.1824474446389666,230365.0,17.807862314415274,1,5756804.0,6225985.0,30,49160.6129032258,1.178077712456952,0.734397433037179,1,4.007333185232471,0,0,1,0,0,0,0,0,0,0,0,1,0,0,0,0,0,0,0,1,0
40,230,3,6,2,1639374.0,1144349.0,1419607.0,2031329.0,1558664.75,324391.76731105166,0.20812157797951847,391955.0,23.908821293981728,1,6234659.0,7934984.0,18,106912.05263157895,1.239087457110179,0.6988559219821496,1,5.442417710521793,0,1,0,0,0,0,0,0,0,0,0,1,0,0,0,0,0,0,0,0,1
23,7,4,11,2,507412.0,587259.0,534134.0,483402.0,528051.75,38607.29099778305,0.07311270343821993,-24010.0,-4.73185498175053,1,2112207.0,2672378.0,44,10742.266666666666,0.952679572655805,1.1049455630188476,0,2.0794415416798357,0,0,0,0,1,0,0,0,0,0,0,0,0,1,0,0,0,0,1,0,0
28,58,6,7,2,946519.0,418916.0,356038.0,1219648.0,735280.25,361643.799063647,0.4918448429202974,273129.0,28.856156083501755,1,2941121.0,2941121.0,42,28363.906976744187,1.288560199467523,0.29191841259247536,1,4.07753744390572,0,0,0,0,1,0,0,0,0,0,0,0,0,0,1,0,0,0,0,1,0
18,4,3,7,2,591245.0,579675.0,502470.0,755750.0,607285.0,92260.00508074992,0.15192208778538893,164505.0,27.823491107747213,1,2429140.0,2573868.0,21,34352.27272727273,1.2782327491433345,0.664861839415363,1,1.6094379124341003,0,0,0,0,0,1,0,0,0,0,0,1,0,0,0,0,0,0,1,0,0
26,37,6,9,2,1545376.0,2243620.0,2227399.0,2519765.0,2134040.0,359177.10109429306,0.16830851394270635,974389.0,63.05190452032385,1,8536160.0,6050362.0,54,45813.90909090909,1.6305179901085625,0.8839705750454606,1,3.6375861597263857,0,0,0,1,0,0,0,0,0,0,0,0,0,0,0,0,0,1,0,1,0
21,64,4,6,1,490000.0,455000.0,315000.0,930000.0,547500.0,230339.4234602492,0.4207112757264826,440000.0,89.79591836734694,0,2190000.0,2190000.0,24,37200.0,1.897955310295285,0.33870931321579223,1,4.174387269895637,0,0,0,0,0,0,0,1,0,0,0,0,1,0,0,0,0,0,0,0,1
29,43,4,11,2,637996.0,909759.0,709725.0,665104.0,730646.0,106535.12481102183,0.1458094957216242,27108.0,4.248929460372793,1,2922584.0,2745046.0,44,14780.08888888889,1.0424876606002849,1.0670871516527465,1,3.784189633918261,0,0,0,0,0,0,1,0,0,0,0,1,0,0,0,0,0,0,0,1,0
24,10,4,8,2,887512.0,599450.0,483604.0,606518.0,644271.0,148672.694214506,0.23076111483289793,-280994.0,-31.660867684042582,1,2577084.0,2456448.0,32,18379.333333333332,0.6833905531524609,0.7973435292216732,0,2.3978952727983707,1,0,0,0,0,1,0,0,0,0,0,0,1,0,0,0,0,0,1,0,0
35,42,4,11,2,568358.0,619841.0,823347.0,553673.0,641304.75,107935.88987536768,0.16830670578280868,-14685.0,-2.5837588280625945,1,2565219.0,2351860.0,44,12303.844444444445,0.9741606977280205,1.4870609781206992,0,3.7612001156935624,0,0,0,0,0,1,0,0,0,0,1,0,0,0,0,0,0,0,0,1,0
34,14,6,6,2,1980954.0,785411.0,2018279.0,700947.0,1371397.75,629066.5411676952,0.45870466184423536,-1280007.0,-64.61568516987269,1,5485591.0,5232375.0,36,18944.513513513513,0.35384296967876605,2.879356243259129,0,2.70805020110221,2,0,0,0,0,1,0,0,0,0,0,1,0,0,0,0,0,0,0,1,0
19,1,6,4,0,1643203.0,1508039.0,1802104.0,900743.0,1463522.25,341183.6010913882,0.23312498398393888,-742460.0,-45.18370523909706,1,5854089.0,6217844.0,24,36029.72,0.5481626140150584,2.000683879104385,0,0.6931471805599453,2,0,0,1,0,0,0,0,0,0,0,1,0,0,0,0,0,0,1,0,0
19,1,6,4,0,821325.0,1235161.0,1660249.0,2102901.0,1454909.0,477434.8165519561,0.32815441828454983,1281576.0,156.03762213496483,1,5819636.0,5500185.0,24,84116.04,2.5603731039806363,0.7895037429228752,1,0.6931471805599453,0,0,0,1,0,0,0,0,0,0,0,1,0,0,0,0,0,0,1,0,0
31,31,5,11,2,563114.0,590249.0,749919.0,925724.0,707251.5,144927.52734125426,0.20491653583096572,362610.0,64.39371068735637,1,2829006.0,3009519.0,55,16530.785714285714,1.643934187510544,0.8100883091630884,1,3.4657359027997265,0,0,0,0,0,1,0,0,0,0,0,1,0,0,0,0,0,0,0,1,0
30,44,5,9,2,358626.0,493467.0,643660.0,530058.0,506452.75,101740.37423603031,0.20088818598779515,171432.0,47.802446002241886,1,2025811.0,2114467.0,45,11523.0,1.478020338680579,1.2143176514312557,1,3.8066624897703196,3,0,0,0,0,0,1,0,0,0,0,0,1,0,0,0,0,0,0,1,0
24,10,5,7,0,326589.0,301643.0,503894.0,473446.0,401393.0,88379.56597257082,0.22018213066139875,146857.0,44.96691560340367,1,1605572.0,1778468.0,35,13151.277777777777,1.4496647172295538,1.0643092046205807,1,2.3978952727983707,3,0,0,0,0,0,1,0,0,0,0,0,0,0,0,0,0,1,1,0,0
21,17,4,5,0,1982393.0,1345945.0,1209306.0,1675082.0,1553181.5,300116.46492028725,0.19322691193546102,-307311.0,-15.5020220511271,1,6212726.0,5869675.0,20,79765.80952380953,0.8449793532466301,0.7219379577012005,0,2.8903717578961645,0,0,0,1,0,0,0,0,0,0,1,0,0,0,0,0,0,0,1,0,0
21,11,6,7,1,519629.0,995236.0,626955.0,1222233.0,841013.25,282055.81227336463,0.33537618137807534,702604.0,135.2126228520733,1,3364053.0,2459228.0,42,28424.023255813954,2.352121701980255,0.5129582387660628,1,2.4849066497880004,0,0,1,0,0,0,0,0,0,1,0,0,0,0,0,0,0,0,1,0,0
30,29,3,5,2,1008124.0,927929.0,1146473.0,779866.0,965598.0,132702.25665564244,0.13743012791621612,-228258.0,-22.641857549269734,1,3862392.0,5143356.0,15,48741.625,0.7735806571605703,1.470087848312597,0,3.4011973816621555,0,0,1,0,0,0,0,0,0,0,1,0,0,0,0,0,0,0,0,1,0
33,18,5,4,2,480361.0,730811.0,859862.0,900474.0,742877.0,163998.88966544866,0.22076183495443882,420113.0,87.45776613838342,1,2971508.0,2325817.0,20,42879.71428571428,1.8745737589567868,0.9548982481468115,1,2.9444389791664403,0,0,0,0,0,0,1,0,0,0,1,0,0,0,0,0,0,0,0,1,0
48,142,4,10,1,812237.0,1448588.0,780400.0,1814806.0,1214007.75,437441.9525230605,0.3603287973433946,1002569.0,123.43306202500008,1,4856031.0,4324280.0,40,44263.560975609755,2.2343278694175845,0.43001817824154304,1,4.962844630259907,0,1,0,0,0,0,0,0,0,0,0,0,1,0,0,0,0,0,0,0,1
31,27,5,11,1,1231234.0,1309824.0,1477537.0,3361390.0,1844996.25,879998.5429170821,0.47696494934181144,2130156.0,173.00984215835496,1,7379985.0,4577686.0,55,60024.82142857143,2.730096204217716,0.4395611816655664,1,3.332204510175204,1,0,0,0,1,0,0,0,0,0,0,1,0,0,0,0,0,0,0,1,0
25,16,5,5,2,321333.0,303672.0,291882.0,419792.0,334169.75,50532.95558531581,0.15121941942774836,98459.0,30.64079941991641,1,1336679.0,1778844.0,25,16145.846153846154,1.3064039286225548,0.6952998263429834,1,2.833213344056216,0,0,0,0,0,0,1,0,0,0,0,0,0,1,0,0,0,0,1,0,0
19,16,4,4,1,1027107.0,1266538.0,1901815.0,1431546.0,1406751.5,319957.969202597,0.22744455520580356,404439.0,39.37652065461534,1,5627006.0,5085462.0,16,84208.58823529411,1.3937638495659659,1.3285033603507255,1,2.833213344056216,0,0,0,1,0,0,0,0,0,0,1,0,0,0,0,0,0,0,1,0,0
28,32,4,5,1,655397.0,583186.0,521668.0,1010655.0,692726.5,189560.11859367994,0.27364352106304574,355258.0,54.205008567326374,1,2770906.0,2770906.0,20,48126.42857142857,1.5420477328279916,0.5161677168096761,1,3.4965075614664802,0,0,0,0,0,0,1,0,0,0,1,0,0,0,0,0,0,0,0,1,0
20,1,4,11,1,504709.0,603489.0,580916.0,472716.0,540457.5,53564.74187606994,0.09910999824420964,-31993.0,-6.338900237562635,1,2161830.0,1567324.0,44,10504.8,0.9366091418834578,1.228887473900875,0,0.6931471805599453,0,0,0,0,0,0,1,0,0,0,0,0,0,0,1,0,0,0,1,0,0
24,3,4,9,2,504537.0,272574.0,634259.0,892832.0,576050.5,224137.74500795265,0.38909391625899575,388295.0,76.96065898041175,1,2304202.0,2668884.0,36,24130.594594594593,1.7696030824239204,0.7103892889263725,1,1.3862943611198906,0,0,1,0,0,0,0,0,0,0,0,0,0,0,0,0,0,1,1,0,0
37,17,6,4,2,591678.0,475405.0,1033277.0,541914.0,660568.5,219101.5398536715,0.3316863275400984,-49764.0,-8.41065579588898,1,2642274.0,3681137.0,24,21676.56,0.9158918940844614,1.9067141525885056,0,2.8903717578961645,3,0,0,0,0,0,1,0,0,1,0,0,0,0,0,0,0,0,0,1,0
33,43,5,4,2,780723.0,1145692.0,819302.0,810499.0,889054.0,148858.06841921603,0.1674342260641266,29776.0,3.81390070485947,1,3556216.0,3886885.0,20,38595.19047619047,1.0381376773353963,1.0108599629858113,1,3.784189633918261,0,0,0,0,0,1,0,0,0,0,1,0,0,0,0,0,0,0,0,1,0
25,29,3,4,1,2555521.0,1043852.0,853667.0,711111.0,1291037.75,739531.4213836269,0.5728193628603244,-1844410.0,-72.17354112918657,1,5164151.0,7395982.0,12,54700.846153846156,0.27826447982056113,1.2004677181653522,0,3.4011973816621555,0,1,0,0,0,0,0,0,0,0,0,1,0,0,0,0,0,0,0,1,0
28,32,4,5,1,450076.0,677922.0,702164.0,525871.0,589008.25,104878.93154102734,0.1780602080548572,75795.0,16.840489161830448,1,2356033.0,3254825.0,20,25041.47619047619,1.168402295607196,1.3352374722365898,1,3.4965075614664802,0,0,0,0,0,0,1,0,0,0,1,0,0,0,0,0,0,0,0,1,0
22,8,3,11,2,747590.0,965057.0,678106.0,595522.0,746568.75,137149.94272943572,0.1837070500599385,-152068.0,-20.341096055324442,1,2986275.0,2457191.0,33,17515.352941176472,0.7965879739055178,1.1386730655239177,0,2.1972245773362196,0,0,1,0,0,0,0,0,0,0,0,0,0,0,0,0,0,1,1,0,0
33,55,6,4,1,763501.0,1107618.0,861254.0,1010006.0,935594.75,132544.1799615792,0.14166836652469375,246505.0,32.28613976929958,1,3742379.0,5439467.0,24,40400.24,1.3228596650696396,0.8527208227269713,1,4.02535169073515,0,0,0,1,0,0,0,0,0,0,0,1,0,0,0,0,0,0,0,1,0
33,16,4,10,2,2233232.0,1557385.0,2186072.0,1382499.0,1839797.0,375358.3199417591,0.20402159582919155,-850733.0,-38.09425084362037,1,7359188.0,5118207.0,40,33719.48780487805,0.6190572143614214,1.5812455696202532,0,2.833213344056216,3,0,0,1,0,0,0,0,0,1,0,0,0,0,0,0,0,0,0,1,0
20,4,6,5,2,532449.0,334004.0,414197.0,586947.0,466899.25,98927.88615040503,0.21188272662765045,54498.0,10.235346483888598,1,1867597.0,3122758.0,30,18933.774193548386,1.102351394497136,0.705679208379618,1,1.6094379124341003,2,0,0,0,0,0,1,0,0,0,1,0,0,0,0,0,0,0,1,0,0
19,1,6,4,0,949965.0,568946.0,853836.0,1824458.0,1049301.25,468957.2229411628,0.44692334345466833,874493.0,92.05528624738805,1,4197205.0,5854089.0,24,72978.32,1.9205508407669327,0.46799407385970304,1,0.6931471805599453,0,0,0,1,0,0,0,0,0,0,0,1,0,0,0,0,0,0,1,0,0
23,3,6,5,0,240736.0,231803.0,598823.0,611814.0,420794.0,184608.67171262568,0.4387150760529515,371078.0,154.14312774159245,1,1683176.0,2018594.0,30,19735.935483870966,2.54142072053735,0.9787648226996722,1,1.3862943611198906,3,0,0,0,0,1,0,0,0,0,0,0,0,1,0,0,0,0,1,0,0
34,188,6,11,2,1221168.0,1108256.0,1143939.0,1140840.0,1153550.75,41465.816580497965,0.03594624387396737,-80328.0,-6.577964702645336,1,4614203.0,2768666.0,66,17027.462686567163,0.9342195879522,1.002715540552978,0,5.241747015059643,0,0,0,0,0,1,0,0,0,0,0,0,0,0,0,0,0,1,0,0,1
36,16,6,7,2,1338151.0,1453051.0,1279171.0,1389216.0,1364897.25,64083.61153358556,0.04695123499852136,51065.0,3.816086525362235,1,5459589.0,5662549.0,42,32307.3488372093,1.0381600894367755,0.9207855936113652,1,2.833213344056216,0,0,0,0,0,0,0,0,1,0,0,1,0,0,0,0,0,0,0,1,0
24,26,4,7,1,542323.0,576853.0,849928.0,377298.0,586600.5,169708.88274115176,0.28930913414010345,-165025.0,-30.429282918113376,1,2346402.0,3412846.0,28,13010.275862068966,0.6957058879931554,2.2526643325320235,0,3.295836866004329,0,0,0,0,0,0,1,0,0,0,1,0,0,0,0,0,0,0,0,1,0
20,10,5,5,1,211894.0,382642.0,565285.0,465812.0,406408.25,129587.08972805702,0.31885939748530456,253918.0,119.83255778832813,1,1625633.0,2332235.0,25,17915.846153846152,2.1983152032846456,1.213544920386507,1,2.3978952727983707,0,0,0,0,0,0,1,0,0,0,0,0,0,0,0,0,0,1,1,0,0
18,8,4,6,0,303020.0,268708.0,280667.0,465294.0,329422.25,79406.40057443417,0.24104747197383958,162274.0,53.55224077618639,1,1317689.0,1892121.0,24,18611.76,1.5355173403823497,0.6032022695279339,1,2.1972245773362196,1,0,0,0,0,0,1,0,0,0,0,0,1,0,0,0,0,0,1,0,0
24,57,5,6,0,546156.0,486183.0,878566.0,444742.0,588911.75,171074.3636498102,0.2904923592538444,-101414.0,-18.568687334754173,1,2355647.0,3530336.0,30,14346.516129032258,0.8143116356652025,1.9754464938177778,0,4.060443010546419,3,0,0,0,0,0,1,0,0,0,0,0,0,0,0,0,0,1,0,1,0
25,32,3,4,2,1537079.0,726486.0,627263.0,905524.0,949088.0,353819.94686775364,0.3727999372742608,-631555.0,-41.087998730058764,1,3796352.0,4608626.0,12,69655.69230769231,0.5891196294272256,0.6927064410148809,0,3.4965075614664802,1,0,0,0,1,0,0,0,0,0,1,0,0,0,0,0,0,0,0,1,0
50,87,5,10,0,1238995.0,1379195.0,1384123.0,1495206.0,1374379.75,90892.97384114737,0.0661338133373599,256211.0,20.678937364557566,1,5497519.0,3928903.0,50,29317.764705882353,1.2067883996397082,0.925706607847609,1,4.477336814478207,0,0,0,0,0,0,1,0,0,0,1,0,0,0,0,0,0,0,0,0,1
38,149,4,4,2,1351815.0,1397555.0,2157038.0,3204776.0,2027796.0,751022.5438370676,0.3703639536901481,1852961.0,137.0720845677848,1,8111184.0,8111184.0,16,188516.23529411765,2.3707190919474246,0.6730696082753964,1,5.0106352940962555,0,0,1,0,0,0,0,0,0,0,0,1,0,0,0,0,0,0,0,0,1
34,48,3,9,0,803726.0,1114520.0,1160484.0,537856.0,904146.5,252100.63993324173,0.2788272032610221,-265870.0,-33.07968138395424,1,3616586.0,1917734.0,27,19209.14285714286,0.6692023535354666,2.1576069475715665,0,3.8918202981106265,0,0,0,0,0,1,0,0,0,0,0,0,0,0,0,0,0,1,0,1,0
25,27,5,8,2,947398.0,703722.0,527773.0,1015117.0,798502.5,194531.1780158903,0.24361999870493867,67719.0,7.14789349354759,1,3194010.0,3374162.0,40,24758.951219512193,1.0714778039664385,0.5199129559322168,1,3.332204510175204,0,0,0,0,1,0,0,0,0,0,0,0,1,0,0,0,0,0,0,1,0
21,13,4,5,0,283384.0,301335.0,334228.0,392763.0,327927.5,41637.19133479107,0.12697072168327167,109379.0,38.597450808796545,1,1311710.0,2020067.0,20,18703.0,1.3859696173050797,0.8509639376317585,1,2.639057329615259,0,0,0,0,1,0,0,0,0,0,0,0,0,0,0,0,0,1,1,0,0
20,1,4,11,1,389142.0,484302.0,707567.0,744810.0,581455.25,149174.4682802238,0.2565536527191453,355668.0,91.39799867400589,1,2325821.0,1461580.0,44,16551.333333333332,1.913975068291091,0.9499953679524067,1,0.6931471805599453,1,0,0,0,0,0,1,0,0,0,0,0,0,0,1,0,0,0,1,0,0
38,12,7,10,1,660000.0,575000.0,805000.0,410000.0,612500.0,142937.92358922807,0.23336803851302543,-250000.0,-37.878787878787875,0,2450000.0,2450000.0,70,5774.647887323944,0.6212111799830606,1.9634098453418407,0,2.5649493574615367,0,0,0,0,0,0,1,0,0,0,0,0,0,0,0,0,1,0,0,1,0
32,41,3,8,1,840023.0,983482.0,1006349.0,1497325.0,1081794.75,248231.96096028306,0.2294630852666673,657302.0,78.2480955878589,1,4327179.0,2671504.0,24,59893.0,1.782478833938078,0.6720974590703694,1,3.7376696182833684,0,0,0,0,0,0,1,0,0,0,0,1,0,0,0,0,0,0,0,1,0
33,24,6,9,2,795520.0,659015.0,595860.0,588194.0,659647.25,83120.6715124914,0.12600775871117692,-207326.0,-26.061695494770714,1,2638589.0,2213096.0,54,10694.436363636363,0.7393821156198265,1.0130313926503967,0,3.2188758248682006,0,0,0,0,0,1,0,0,0,0,0,0,0,0,0,1,0,0,0,1,0
24,56,5,6,1,1637429.0,1975618.0,1661910.0,1833647.0,1777151.0,137280.43694387047,0.07724748034571653,196218.0,11.983298207128371,1,7108604.0,5730004.0,30,59149.903225806454,1.1198322981745785,0.9063408025967906,1,4.04305126783455,2,0,1,0,0,0,0,0,0,0,0,1,0,0,0,0,0,0,0,1,0
50,87,5,10,0,1358013.0,859341.0,1387399.0,1378566.0,1245829.75,223393.93460138416,0.179313372955963,20553.0,1.5134612113433377,1,4983319.0,6190967.0,50,27030.70588235294,1.015133864599334,1.0064066527053093,1,4.477336814478207,0,0,0,0,0,0,1,0,0,0,1,0,0,0,0,0,0,0,0,0,1
35,98,5,6,0,1236077.0,963602.0,729381.0,1071936.0,1000249.0,184028.7664918178,0.18398295473608853,-164141.0,-13.279188917842497,1,4000996.0,5677291.0,30,34578.58064516129,0.8672074092411644,0.680432711997067,0,4.59511985013459,0,0,0,0,0,0,1,0,0,0,0,1,0,0,0,0,0,0,0,0,1
19,2,5,4,1,816687.0,719000.0,585219.0,565408.0,671578.5,102512.6989023799,0.1526444025566332,-251279.0,-30.76809108018127,1,2686314.0,2397812.0,20,26924.190476190477,0.6923182414826715,1.0350365841364393,0,1.0986122886681096,0,0,0,0,0,1,0,0,0,0,0,1,0,0,0,0,0,0,1,0,0
30,44,5,9,2,1065227.0,432424.0,473419.0,612236.0,645826.5,251142.42679852006,0.38886980760083406,-452991.0,-42.52530211870334,1,2583306.0,2331000.0,45,13309.478260869566,0.5747464392599518,0.7732610084003417,0,3.8066624897703196,0,0,0,0,0,0,1,0,0,0,0,0,1,0,0,0,0,0,0,1,0
18,13,6,4,2,846228.0,604094.0,376668.0,341054.0,542011.0,202561.29040120178,0.3737217333249727,-505174.0,-59.69715017702085,1,2168044.0,1912840.0,24,13642.16,0.40302802196568543,1.104420108193693,0,2.639057329615259,0,0,0,0,0,1,0,0,0,0,1,0,0,0,0,0,0,0,1,0,0
31,57,6,6,1,655985.0,432310.0,648260.0,576254.0,578202.25,89786.67610056349,0.155285933426519,-79731.0,-12.154393774247886,1,2312809.0,2269956.0,36,15574.432432432432,0.878454723119091,1.1249533626606276,0,4.060443010546419,0,0,0,0,0,1,0,0,0,0,0,0,0,1,0,0,0,0,0,1,0
18,7,6,8,0,1182151.0,861811.0,774076.0,645589.0,865906.75,198116.12657526773,0.22879614528385156,-536562.0,-45.388617866922246,1,3463627.0,4194218.0,48,13175.285714285714,0.5461133593649548,1.1990210505119347,0,2.0794415416798357,2,0,0,1,0,0,0,0,0,0,0,0,0,1,0,0,0,0,1,0,0
19,5,3,8,1,461247.0,504485.0,891336.0,1731294.0,897090.5,509908.62632558984,0.5684026598493572,1270047.0,275.35073398851375,1,3588362.0,2350327.0,24,69251.76,3.753499202164562,0.5148377370696502,1,1.791759469228055,0,0,0,0,1,0,0,0,0,0,1,0,0,0,0,0,0,0,1,0,0
22,1,6,11,1,709830.0,741965.0,1034651.0,1441334.0,981945.0,293876.3130051485,0.29927980997423326,731504.0,103.05340715382556,1,3927780.0,4145035.0,66,21512.44776119403,2.0305312109502123,0.7178421394054817,1,0.6931471805599453,0,0,0,1,0,0,0,0,0,1,0,0,0,0,0,0,0,0,1,0,0
34,37,6,5,0,691089.0,1047052.0,1610717.0,1225351.0,1143552.25,331273.76518325065,0.28968835064882315,534262.0,77.30726433209037,1,4574209.0,2869680.0,30,39527.45161290323,1.7730700777033381,1.3144933047809935,1,3.6375861597263857,0,0,0,0,0,1,0,0,0,0,0,0,1,0,0,0,0,0,0,1,0
34,45,3,9,1,798477.0,558635.0,973921.0,1139890.0,867730.75,215454.9205244278,0.2482969752131382,341413.0,42.75802559121929,1,3470923.0,3207854.0,27,40710.357142857145,1.4275784680354373,0.8543983591413565,1,3.828641396489095,3,0,0,0,0,0,0,0,1,0,1,0,0,0,0,0,0,0,0,1,0
31,17,3,7,2,334362.0,323836.0,639881.0,1095374.0,598363.25,313769.53332611424,0.524379686296099,761012.0,227.60122262697314,1,2393453.0,3724567.0,21,49789.72727272727,3.2760024284983684,0.5841661531439005,1,2.8903717578961645,3,0,0,0,0,1,0,0,0,0,0,0,1,0,0,0,0,0,0,1,0
33,31,4,9,1,871508.0,1036680.0,845610.0,890285.0,911020.75,74263.11679890293,0.08151638346207035,18777.0,2.1545413237744233,1,3644083.0,4274049.0,36,24061.756756756757,1.0215442410807003,0.9498183729722808,1,3.4657359027997265,0,1,0,0,0,0,0,0,0,0,0,0,1,0,0,0,0,0,0,1,0
25,16,5,4,2,553456.0,771587.0,924938.0,704556.0,738634.25,133460.93285372877,0.18068608767292982,151100.0,27.301176606631785,1,2954537.0,2938871.0,20,33550.28571428572,1.2730094659567048,1.3127937129288334,1,2.833213344056216,0,0,0,0,0,1,0,0,0,0,1,0,0,0,0,0,0,0,0,1,0
24,2,3,11,1,682593.0,547119.0,637509.0,823132.0,672588.25,99670.20889256478,0.14818904269077668,140539.0,20.58898933918162,1,2690353.0,3619240.0,33,24209.764705882353,1.2058881267634933,0.7744908781448442,1,1.0986122886681096,0,0,1,0,0,0,0,0,0,0,1,0,0,0,0,0,0,0,1,0,0
23,16,5,4,2,567788.0,1254623.0,1053755.0,1179104.0,1013817.5,267322.01307084685,0.2636786335517456,611316.0,107.6662416253954,1,4055270.0,1943706.0,20,56147.80952380953,2.076658758799484,0.8936905534282358,1,2.833213344056216,1,0,0,0,1,0,0,0,0,0,0,1,0,0,0,0,0,0,1,0,0
19,5,5,8,1,421530.0,520373.0,388808.0,393712.0,431105.75,53027.65576741537,0.12300382392815537,-27818.0,-6.599293051502858,1,1724423.0,1677483.0,40,9602.731707317073,0.9340048537355496,0.9875416864568861,0,1.791759469228055,0,0,0,0,0,0,1,0,0,0,0,1,0,0,0,0,0,0,1,0,0
22,8,3,6,1,1132836.0,637215.0,540561.0,476138.0,696687.5,258253.7793823161,0.370688119683956,-656698.0,-57.96937950418243,1,2786750.0,2893653.0,18,25059.894736842107,0.4203058339372743,1.1353008260192927,0,2.1972245773362196,0,1,0,0,0,0,0,0,0,0,0,1,0,0,0,0,0,0,1,0,0
27,54,5,5,2,689185.0,520710.0,763147.0,756233.0,682318.75,97674.27478198904,0.14315050668326063,67048.0,9.728592467915002,1,2729275.0,2439718.0,25,29085.884615384617,1.0972843325314212,1.0091413504285711,1,4.007333185232471,2,0,0,0,0,0,1,0,0,0,1,0,0,0,0,0,0,0,0,1,0
22,24,4,3,1,400000.0,250000.0,200000.0,280000.0,282500.0,73612.15932167729,0.2605740152979727,-120000.0,-30.0,0,1130000.0,1130000.0,12,21538.46153846154,0.699998250004375,0.7142831632744169,0,3.2188758248682006,0,0,0,0,0,0,0,1,0,0,0,1,0,0,0,0,0,0,0,1,0
18,7,5,11,0,560937.0,449113.0,473614.0,360821.0,461121.25,71280.41625992022,0.15458063635089517,-200116.0,-35.67530756573377,1,1844485.0,1662614.0,55,6443.232142857143,0.6432457776082205,1.3125973471684098,0,2.0794415416798357,0,0,0,0,0,0,1,0,0,1,0,0,0,0,0,0,0,0,1,0,0
30,18,5,7,1,442013.0,622624.0,701571.0,760290.0,631624.5,119875.82500758859,0.18978970101316303,318277.0,72.00625320974723,1,2526498.0,3699749.0,35,21119.166666666668,1.7200586406765397,0.922766414438682,1,2.9444389791664403,0,0,0,0,0,1,0,0,0,0,0,1,0,0,0,0,0,0,0,1,0
22,6,5,11,0,517409.0,353198.0,654612.0,601215.0,531608.5,114025.06102278568,0.21449066563605676,83806.0,16.19724434634883,1,2126434.0,2451481.0,55,10735.982142857143,1.1619701977155448,1.0888133383010432,1,1.9459101490553132,0,1,0,0,0,0,0,0,0,0,0,0,0,1,0,0,0,0,1,0,0
23,8,3,11,2,689670.0,991755.0,1069997.0,1881361.0,1158195.75,441011.87625242874,0.3807749046328557,1191691.0,172.79147998318035,1,4632783.0,2690902.0,33,55334.14705882353,2.7279108444461198,0.5687353098446764,1,2.1972245773362196,0,0,0,0,1,0,0,0,0,0,0,1,0,0,0,0,0,0,1,0,0
24,1,3,6,1,360000.0,455000.0,475000.0,450000.0,435000.0,44300.11286667338,0.10183933992338708,90000.0,25.0,0,1740000.0,1740000.0,18,23684.21052631579,1.2499965277874228,1.0555532098817557,1,0.6931471805599453,0,0,0,0,0,0,0,1,0,1,0,0,0,0,0,0,0,0,1,0,0
22,17,6,11,1,905000.0,725000.0,810000.0,830000.0,817500.0,64080.02808988148,0.07838535546162873,-75000.0,-8.287292817679557,0,3270000.0,3270000.0,66,12388.059701492537,0.9171260584242449,0.9759024386717606,0,2.8903717578961645,0,0,0,0,0,1,0,0,0,1,0,0,0,0,0,0,0,0,0,1,0
28,51,4,10,1,761471.0,782860.0,1026141.0,857002.0,856868.5,103960.49508948099,0.12132607872676028,95531.0,12.545586108991674,1,3427474.0,2671384.0,40,20902.48780487805,1.125454383089595,1.1973598692186609,1,3.9512437185814275,2,0,0,0,0,0,1,0,0,0,1,0,0,0,0,0,0,0,0,1,0
19,6,5,9,2,2132432.0,1099992.0,1054509.0,1832200.0,1529783.25,465093.4147692133,0.30402569433886356,-300232.0,-14.079323514184743,1,6119133.0,4296905.0,45,39830.434782608696,0.8592063619349354,0.5755422030661483,0,1.9459101490553132,2,0,0,1,0,0,0,0,0,0,0,1,0,0,0,0,0,0,1,0,0
32,16,5,9,1,1416718.0,905555.0,1348785.0,2554040.0,1556274.5,608584.375820847,0.3910520771373219,1137322.0,80.27864402089901,1,6225098.0,6760257.0,45,55522.608695652176,1.8027851677008637,0.5280984134553831,1,2.833213344056216,0,0,0,1,0,0,0,0,0,0,0,0,1,0,0,0,0,0,0,1,0
21,11,6,7,1,503462.0,734754.0,868146.0,900659.0,751755.25,156251.1711530109,0.20784846019101413,397197.0,78.89314387183144,1,3007021.0,3518786.0,42,20945.558139534885,1.7889278854652675,0.9638998068083405,1,2.4849066497880004,2,0,1,0,0,0,0,0,0,1,0,0,0,0,0,0,0,0,1,0,0
28,45,4,7,0,671344.0,556987.0,1026739.0,458407.0,678369.25,214783.5415556497,0.31661744920727125,-212937.0,-31.718016396958937,1,2713477.0,2713477.0,28,15807.137931034482,0.6828188189381019,2.239792935550863,0,3.828641396489095,0,1,0,0,0,0,0,0,0,0,0,0,0,1,0,0,0,0,0,1,0
19,6,4,9,2,213931.0,271664.0,483547.0,436289.0,351357.75,111718.97829682968,0.31796360916140226,222358.0,103.93912055756296,1,1405431.0,2080222.0,36,11791.594594594595,2.039381672681039,1.1083155699190905,1,1.9459101490553132,3,0,0,0,0,0,1,0,0,0,0,0,1,0,0,0,0,0,1,0,0
25,14,4,7,1,325000.0,325000.0,270000.0,315000.0,308750.0,22741.756748325315,0.07365751173546661,-10000.0,-3.076923076923077,0,1235000.0,1235000.0,28,10862.068965517241,0.9692277869914246,0.8571401360630602,0,2.70805020110221,0,0,0,0,0,0,0,1,0,0,0,1,0,0,0,0,0,0,0,1,0
25,15,5,9,1,996423.0,840195.0,796766.0,894676.0,882015.0,74608.63855144389,0.08458885455626479,-101747.0,-10.211225553805964,1,3528060.0,2359303.0,45,19449.478260869564,0.8978868433518261,0.8905627394020412,0,2.772588722239781,1,0,0,0,0,1,0,0,0,0,0,0,1,0,0,0,0,0,1,0,0
29,25,3,9,2,850388.0,788526.0,1051570.0,652136.0,835655.0,143819.95212417503,0.17210445952477402,-198252.0,-23.313122950935337,1,3342620.0,3185332.0,27,23290.571428571428,0.7668678687047927,1.612498600754136,0,3.258096538021482,0,0,0,0,0,1,0,0,0,0,0,1,0,0,0,0,0,0,0,1,0
20,3,3,11,1,589565.0,368846.0,548299.0,632775.0,534871.25,100400.74534179266,0.18771011779338048,43210.0,7.329132495992809,1,2139485.0,2139485.0,33,18611.029411764706,1.0732895044829587,0.8664977812053555,1,1.3862943611198906,0,0,0,0,0,0,1,0,0,0,0,1,0,0,0,0,0,0,1,0,0
51,36,5,9,0,1115274.0,1123966.0,911265.0,1095990.0,1061623.75,87398.08107268432,0.08232491131880228,-19284.0,-1.7290818220455244,1,4246495.0,4053794.0,45,23825.869565217392,0.9827083006433391,0.8314529955081748,0,3.6109179126442243,0,0,0,0,0,0,1,0,0,0,1,0,0,0,0,0,0,0,0,0,1
25,32,3,4,2,1073316.0,671543.0,735043.0,819412.0,824828.5,152752.4604130814,0.1851929951657604,-253904.0,-23.65603419682554,1,3299314.0,3558087.0,12,63031.692307692305,0.7634389467417362,0.8970360489765234,0,3.4965075614664802,0,0,0,0,1,0,0,0,0,0,1,0,0,0,0,0,0,0,0,1,0
33,47,5,10,2,1070648.0,1093350.0,926180.0,786987.0,969291.25,123244.86162387258,0.12714946268613544,-283661.0,-26.49432866824577,1,3877165.0,3624420.0,50,15431.117647058823,0.7350560267650743,1.1768667374851967,0,3.8712010109078907,0,0,0,0,0,1,0,0,0,0,0,0,0,1,0,0,0,0,0,1,0
27,22,4,8,1,631728.0,440666.0,434664.0,564983.0,518010.25,83765.88849995862,0.16170700965851278,-66745.0,-10.565464883620798,1,2072041.0,2030184.0,32,17120.696969696968,0.8943439354533352,0.769338600739136,0,3.1354942159291497,0,0,0,0,0,1,0,0,0,1,0,0,0,0,0,0,0,0,0,1,0
18,17,4,4,0,620499.0,749173.0,1381255.0,952082.0,925752.25,288329.58101743134,0.311454366994443,331583.0,53.438119964738064,1,3703009.0,3909769.0,16,56004.82352941176,1.534378726833199,1.4507716239025379,1,2.8903717578961645,0,0,0,1,0,0,0,0,0,0,0,0,1,0,0,0,0,0,1,0,0
18,8,4,6,0,608734.0,560298.0,389494.0,473786.0,508078.0,83810.2992716289,0.16495557625330934,-134948.0,-22.16863194761587,1,2032312.0,1648491.0,24,18951.44,0.7783124019483026,0.8220867182932414,0,2.1972245773362196,0,0,0,0,0,0,1,0,0,0,0,0,1,0,0,0,0,0,1,0,0
21,2,6,4,1,902127.0,900547.0,1869964.0,1617621.0,1322564.75,430572.5875229257,0.32555879590993614,715494.0,79.31189289312924,1,5290259.0,4883811.0,24,64704.84,1.793116941276626,1.1559956528781137,1,1.0986122886681096,0,0,0,1,0,0,0,0,0,0,1,0,0,0,0,0,0,0,1,0,0
37,235,4,10,2,336384.0,575211.0,1356168.0,1072776.0,835134.75,401329.5646182667,0.4805566582138592,736392.0,218.91409817351598,1,3340539.0,3889809.0,40,26165.268292682926,3.189131501107362,1.2641658051953015,1,5.4638318050256105,3,0,0,0,0,0,1,0,0,0,0,0,0,0,0,0,0,1,0,0,1
18,17,4,6,1,665561.0,580046.0,832369.0,904221.0,745549.25,128941.69141200025,0.17294858979738797,238660.0,35.85847127460894,1,2982197.0,3273969.0,24,36168.84,1.3585826714866533,0.9205361072833884,1,2.8903717578961645,0,0,0,0,1,0,0,0,0,0,0,0,0,1,0,0,0,0,1,0,0
23,16,5,6,1,487338.0,400405.0,507294.0,1111074.0,626527.75,282624.76895202853,0.45109696889248485,623736.0,127.98837767627396,1,2506111.0,2383995.0,30,35841.096774193546,2.279879098533054,0.45657943883176205,1,2.833213344056216,0,0,0,0,0,1,0,0,0,0,0,1,0,0,0,0,0,0,1,0,0
34,7,6,4,1,400000.0,375000.0,380000.0,355000.0,377500.0,16007.810593582122,0.04240479627438973,-45000.0,-11.25,0,1510000.0,1510000.0,24,14200.0,0.8874977812555469,1.0704195199450142,0,2.0794415416798357,0,0,0,0,0,0,0,1,0,0,0,0,0,1,0,0,0,0,1,0,0
45,35,6,6,1,270000.0,200000.0,225000.0,250000.0,236250.0,26309.456474811486,0.11136277872936079,-20000.0,-7.4074074074074066,0,945000.0,945000.0,36,6756.756756756757,0.925922496583346,0.8999964000144,0,3.58351893845611,0,0,0,0,0,0,1,0,0,1,0,0,0,0,0,0,0,0,0,1,0
30,54,5,10,0,984567.0,1327966.0,1385059.0,1831974.0,1382391.5,301395.9222156962,0.21802501116051146,847407.0,86.06900292209671,1,5529566.0,6371398.0,50,35921.05882352941,1.860688139366707,0.7560468892861529,1,4.007333185232471,0,0,0,1,0,0,0,0,0,0,0,0,0,0,0,0,1,0,0,1,0
27,22,4,8,1,599412.0,790746.0,859209.0,608037.0,714351.0,113284.68178222509,0.15858405991203917,8625.0,1.4389101319292907,1,2857404.0,3553949.0,32,18425.363636363636,1.0143874090151532,1.4130843795946963,1,3.1354942159291497,0,0,0,0,0,1,0,0,0,1,0,0,0,0,0,0,0,0,0,1,0
24,14,6,4,1,521664.0,478717.0,1154973.0,902606.0,764490.0,279366.9972231867,0.36542923677639566,380942.0,73.02439884676727,1,3057960.0,2697882.0,24,36104.24,1.7302406716954368,1.2795967680286104,1,2.70805020110221,0,0,0,0,0,1,0,0,0,0,1,0,0,0,0,0,0,0,0,1,0
37,33,5,10,1,639350.0,402024.0,360138.0,1223549.0,656265.25,344393.28539140755,0.524777573384249,584199.0,91.37389536247753,1,2625061.0,2524294.0,50,23991.156862745098,1.913735960372315,0.29433860487924485,1,3.5263605246161616,0,0,0,0,1,0,0,0,0,0,0,0,0,0,0,0,0,1,0,1,0
29,19,6,5,2,940714.0,1123194.0,781463.0,1048614.0,973496.25,128455.7683998173,0.13195301820609714,107900.0,11.47001107669281,1,3893985.0,3350203.0,30,33826.25806451613,1.1146989258170648,0.7452334746308226,1,2.995732273553991,0,0,0,0,0,0,1,0,0,0,0,1,0,0,0,0,0,0,0,1,0
22,7,3,11,2,721038.0,610707.0,606322.0,700473.0,659635.0,51658.241854519205,0.07831337308438638,-20565.0,-2.852138167475223,1,2638540.0,2977056.0,33,20602.147058823528,0.9714772709936633,0.8655881588752758,0,2.0794415416798357,0,0,1,0,0,0,0,0,0,0,1,0,0,0,0,0,0,0,1,0,0
18,4,3,7,2,650343.0,886210.0,756020.0,694723.0,746824.0,88792.06182705749,0.11889288751708232,44380.0,6.824091287213055,1,2987296.0,2857604.0,21,31578.31818181818,1.0682392702938752,1.0882307218406158,1,1.6094379124341003,2,0,0,0,0,1,0,0,0,0,0,1,0,0,0,0,0,0,1,0,0
19,4,4,5,2,1338944.0,1266421.0,757268.0,551063.0,978424.0,333340.79523289675,0.3406915562505588,-787881.0,-58.843461713111225,1,3913696.0,3112457.0,20,26241.095238095237,0.4115650754885376,1.3741924712919007,0,1.6094379124341003,2,0,0,0,1,0,0,0,0,0,0,1,0,0,0,0,0,0,1,0,0
28,23,4,5,2,762600.0,1258776.0,1297815.0,864721.0,1045978.0,235511.17505651404,0.22515882270613152,102121.0,13.391161814843954,1,4183912.0,4183912.0,20,41177.19047619047,1.1339101312481887,1.5008465148336692,1,3.1780538303479458,0,0,0,0,0,1,0,0,0,0,0,1,0,0,0,0,0,0,0,1,0
54,159,6,11,1,1436241.0,1142229.0,1511334.0,1205561.0,1323841.25,153915.93646594073,0.11626464764256343,-230680.0,-16.061371315816775,1,5295365.0,5548365.0,66,17993.44776119403,0.8393857024094825,1.2536344045349803,0,5.075173815233827,0,0,0,0,0,0,1,0,0,0,1,0,0,0,0,0,0,0,0,0,1
25,54,6,5,1,467839.0,491919.0,568297.0,967067.0,623780.5,201636.58302686544,0.3232492567928389,499228.0,106.70935941638042,1,2495122.0,2053498.0,30,31195.709677419356,2.067089175786594,0.5876494724259308,1,4.007333185232471,0,0,0,0,0,1,0,0,0,0,0,0,0,0,0,0,0,1,0,1,0
29,25,3,9,2,1147606.0,1754769.0,586008.0,769279.0,1064415.5,447070.43738682836,0.4200149635051616,-378327.0,-32.96662791933817,1,4257662.0,3342620.0,27,27474.25,0.6703331366922649,0.7617616472545757,0,3.258096538021482,0,0,0,0,0,1,0,0,0,0,0,1,0,0,0,0,0,0,0,1,0
35,54,3,7,1,528082.0,1462185.0,1004819.0,1086783.0,1020467.25,332490.7711158123,0.3258220889654345,558701.0,105.79815255964036,1,4081869.0,2783284.0,21,49399.22727272727,2.0579776285167295,0.9245802293740062,1,4.007333185232471,0,1,0,0,0,0,0,0,0,0,0,1,0,0,0,0,0,0,0,1,0
28,34,4,5,1,310000.0,375000.0,360000.0,400000.0,361250.0,32858.598570237285,0.09095805832591636,90000.0,29.03225806451613,0,1445000.0,1445000.0,20,19047.619047619046,1.2903184183276828,0.899997750005625,1,3.5553480614894135,0,1,0,0,0,0,0,0,0,0,0,1,0,0,0,0,0,0,0,1,0
30,2,6,10,1,540000.0,710000.0,570000.0,25000.0,461250.0,259912.84596956728,0.5634966850288722,-515000.0,-95.37037037037037,0,1845000.0,1845000.0,60,409.8360655737705,0.046296210562573034,22.79908803647854,0,1.0986122886681096,0,0,0,0,0,0,0,1,0,0,0,1,0,0,0,0,0,0,1,0,0
19,17,3,10,2,626705.0,592741.0,515477.0,501648.0,559142.75,52215.52458021943,0.0933849622126361,-125057.0,-19.954683623076246,1,2236571.0,2940592.0,30,16182.193548387097,0.8004518865305262,1.0275650903320848,0,2.8903717578961645,0,0,0,0,1,0,0,0,0,0,1,0,0,0,0,0,0,0,1,0,0
22,78,4,4,1,380000.0,575000.0,290000.0,560000.0,451250.0,120642.8095660906,0.26735248657305394,180000.0,47.368421052631575,0,1805000.0,1805000.0,16,32941.17647058824,1.473680332420178,0.5178562181138963,1,4.3694478524670215,0,0,0,0,0,0,0,1,0,0,0,1,0,0,0,0,0,0,0,0,1
25,13,4,9,2,562341.0,583731.0,705693.0,638472.0,622559.25,55448.86525608527,0.08906600497235448,76131.0,13.538226805443673,1,2490237.0,2370382.0,36,17256.0,1.1353802490299498,1.1052824473391984,1,2.639057329615259,0,0,0,0,0,0,1,0,0,0,0,0,0,1,0,0,0,0,0,1,0
36,28,4,8,2,817072.0,881616.0,731222.0,1199652.0,907390.5,176970.25249106134,0.19503207548575982,382580.0,46.82329097068557,1,3629562.0,4959663.0,32,36353.09090909091,1.46823111276471,0.6095279218240608,1,3.367295829986474,1,0,0,0,0,0,1,0,0,0,0,0,1,0,0,0,0,0,0,1,0
23,14,3,7,2,412250.0,290720.0,321762.0,457263.0,370498.75,67102.76020170482,0.18111467367084186,45013.0,10.918859915100061,1,1481995.0,1831532.0,21,20784.68181818182,1.1091859085848186,0.7036679030057035,1,2.70805020110221,0,0,0,0,0,1,0,0,0,0,0,0,0,1,0,0,0,0,1,0,0
35,51,5,9,2,785709.0,878243.0,699148.0,883767.0,811716.75,75771.213202558,0.09334686416481859,98058.0,12.480193048571419,1,3246867.0,3577428.0,45,19212.32608695652,1.1248004989118123,0.7910990214626463,1,3.9512437185814275,0,1,0,0,0,0,0,0,0,0,0,1,0,0,0,0,0,0,0,1,0
33,57,6,7,2,301593.0,522541.0,564515.0,593025.0,495418.5,114679.23701677649,0.23147952088340765,291432.0,96.6308899742368,1,1981674.0,5163241.0,42,13791.279069767443,1.9663023800208228,0.9519228499256356,1,4.060443010546419,3,0,0,0,1,0,0,0,0,0,0,1,0,0,0,0,0,0,0,1,0
18,7,5,11,0,368910.0,602908.0,479995.0,888684.0,585124.25,193820.49987859256,0.33124673926707454,519774.0,140.8945271204359,1,2340497.0,1637467.0,55,15869.357142857143,2.408938741322433,0.5401182646269488,1,2.0794415416798357,1,0,0,0,0,0,1,0,0,1,0,0,0,0,0,0,0,0,1,0,0
25,4,3,9,2,371067.0,522200.0,557864.0,706150.0,539320.25,119140.98292018368,0.22090952995031002,335083.0,90.30255991505577,1,2157281.0,2157281.0,27,25219.64285714286,1.9030204706414997,0.7900066699615238,1,1.6094379124341003,0,0,0,0,0,1,0,0,0,0,0,1,0,0,0,0,0,0,1,0,0
34,48,3,9,0,388932.0,554440.0,480196.0,657815.0,520345.75,98668.36966924861,0.18962078515919195,268883.0,69.13367889502535,1,2081383.0,1993324.0,27,23493.39285714286,1.6913324402917727,0.7299852846388656,1,3.8918202981106265,0,0,0,0,0,1,0,0,0,0,0,0,0,0,0,0,0,1,0,1,0
23,1,3,5,0,467766.0,734531.0,444630.0,441190.0,522029.25,123112.87736742855,0.2358352091715714,-26576.0,-5.681473215240099,1,2088117.0,1653034.0,15,27574.375,0.9431832514905926,1.007794809957592,0,0.6931471805599453,0,0,0,0,0,0,1,0,0,0,0,1,0,0,0,0,0,0,1,0,0
46,212,5,11,1,1287446.0,872919.0,788998.0,1242742.0,1048026.25,219655.53902004726,0.20958973023819513,-44704.0,-3.472300974176781,1,4192105.0,5420192.0,55,22191.821428571428,0.9652762404976671,0.6348842842003536,0,5.3612921657094255,0,0,0,0,0,0,1,0,0,0,0,0,1,0,0,0,0,0,0,0,1
38,194,6,4,2,914352.0,1272953.0,1227061.0,895497.0,1077465.75,173430.62384621552,0.1609616118621084,-18855.0,-2.062116121581185,1,4309863.0,3654083.0,24,35819.88,0.9793777676674107,1.3702554332896333,0,5.272999558563747,0,0,0,0,0,0,1,0,0,0,0,0,0,0,0,0,0,1,0,0,1
22,7,4,6,2,665294.0,970193.0,759696.0,671775.0,766739.5,123239.99278338993,0.16073254708201407,6481.0,0.974155786764949,1,3066958.0,2344898.0,24,26871.0,1.0097400401325727,1.1308769589863288,1,2.0794415416798357,2,0,0,0,0,1,0,0,0,0,1,0,0,0,0,0,0,0,1,0,0
23,16,5,6,1,717561.0,655358.0,676608.0,637527.0,671763.5,29841.91075065402,0.044423239355299925,-80034.0,-11.153616208238743,1,2687054.0,2687054.0,30,20565.387096774193,0.8884625997474783,1.0612992684242888,0,2.833213344056216,0,0,0,0,0,1,0,0,0,0,0,1,0,0,0,0,0,0,1,0,0
28,33,4,11,2,282691.0,493771.0,739110.0,568951.0,521130.75,163862.59490862305,0.3144366263334548,286260.0,101.26250924153935,1,2084523.0,2880460.0,44,12643.355555555556,2.0126179729175218,1.2990726809994517,1,3.5263605246161616,2,0,0,0,0,0,1,0,0,0,0,0,0,1,0,0,0,0,0,1,0
27,22,4,8,1,396608.0,637253.0,910694.0,929138.0,718423.25,218816.36809820123,0.3045786284035229,532530.0,134.2711190898822,1,2873693.0,1889009.0,32,28155.696969696968,2.3427052840454956,0.9801482878234581,1,3.1354942159291497,0,0,0,0,0,1,0,0,0,1,0,0,0,0,0,0,0,0,0,1,0
22,2,4,5,2,571873.0,559334.0,516531.0,848184.0,623980.5,131060.06827119387,0.21003872440115334,276311.0,48.31684657257818,1,2495922.0,2244235.0,20,40389.71428571428,1.483165872202618,0.6089838891279614,1,1.0986122886681096,0,0,0,0,0,1,0,0,0,0,1,0,0,0,0,0,0,0,1,0,0
24,38,6,6,0,1025270.0,564932.0,727681.0,1289184.0,901766.75,277987.71354088205,0.3082700859627859,263914.0,25.74092678026276,1,3607067.0,3785485.0,36,34842.81081081081,1.257408041386131,0.5644504085914744,1,3.6635616461296463,2,1,0,0,0,0,0,0,0,0,0,0,0,1,0,0,0,0,0,1,0
21,2,6,4,1,952212.0,1510879.0,1549737.0,1280027.0,1323213.75,237717.49132465516,0.17965161813399774,327815.0,34.42668229343885,1,5292855.0,3545036.0,24,51201.08,1.344265411205266,1.2107055470661579,1,1.0986122886681096,0,0,0,1,0,0,0,0,0,0,1,0,0,0,0,0,0,0,1,0,0
33,47,5,10,2,757534.0,619482.0,813477.0,988665.0,794789.5,132342.00390748962,0.16651201847469,231131.0,30.51097376487392,1,3179158.0,2125839.0,50,19385.58823529412,1.3051080148111969,0.8228026451804755,1,3.8712010109078907,1,0,0,0,0,1,0,0,0,0,0,0,0,1,0,0,0,0,0,1,0
17,17,4,3,1,200000.0,190000.0,250000.0,150000.0,197500.0,35619.51712193752,0.18035198542753175,-50000.0,-25.0,0,790000.0,790000.0,12,11538.461538461539,0.7499962500187499,1.6666555556296292,0,2.8903717578961645,0,0,0,0,0,0,0,1,0,0,0,1,0,0,0,0,0,0,0,1,0
20,4,6,5,2,388933.0,306456.0,400915.0,413577.0,377470.25,41915.90401849279,0.11104425850379676,24644.0,6.336309852853833,1,1509881.0,1898096.0,30,13341.193548387097,1.0633603644834342,0.9693818336565291,1,1.6094379124341003,0,0,0,0,0,0,1,0,0,0,1,0,0,0,0,0,0,0,1,0,0
31,17,3,7,2,723387.0,638782.0,572120.0,655208.0,647374.25,53796.68833847954,0.08309982724595477,-68179.0,-9.424968930876556,1,2589497.0,2245632.0,21,29782.18181818182,0.9057490585964931,0.8731870288717035,0,2.8903717578961645,0,0,0,0,0,1,0,0,0,0,0,0,1,0,0,0,0,0,0,1,0
26,1,4,6,1,750000.0,1270000.0,1475000.0,1025000.0,1130000.0,271131.88672673673,0.23993972276702366,275000.0,36.666666666666664,0,4520000.0,4520000.0,24,41000.0,1.366664844446874,1.4390229863190378,1,0.6931471805599453,0,0,0,0,0,0,0,1,0,0,0,1,0,0,0,0,0,0,1,0,0
31,37,5,5,2,1640033.0,912400.0,701004.0,1176168.0,1107401.25,350574.4069818667,0.3165739671883761,-463865.0,-28.28388209261643,1,4429605.0,2337584.0,25,45237.230769230766,0.7171607417894995,0.5960061861858288,0,3.6375861597263857,0,0,0,0,1,0,0,0,0,0,1,0,0,0,0,0,0,0,0,1,0
31,58,3,4,0,966001.0,1125453.0,1472617.0,869138.0,1108302.25,229384.26794505218,0.20696905374418592,-96863.0,-10.027215292737793,1,4433209.0,5285912.0,12,66856.76923076923,0.8997269156792636,1.69434003076608,0,4.07753744390572,1,0,0,1,0,0,0,0,0,0,0,1,0,0,0,0,0,0,0,1,0
40,228,5,5,2,1490874.0,2133099.0,1246241.0,2403281.0,1818373.75,467910.366406524,0.25732353780762834,912407.0,61.1994709143764,1,7273495.0,7273495.0,25,92433.88461538461,1.611993627903077,0.5185579553294204,1,5.43372200355424,0,0,1,0,0,0,0,0,0,1,0,0,0,0,0,0,0,0,0,0,1
34,37,6,5,0,769320.0,831226.0,1170670.0,850249.0,905366.25,156068.3742953309,0.17238148019691577,80929.0,10.519549732231061,1,3621465.0,3419516.0,30,27427.387096774193,1.1051940607366757,1.37685386650985,1,3.6375861597263857,0,0,0,0,0,1,0,0,0,0,0,0,1,0,0,0,0,0,0,1,0
26,25,4,11,2,460383.0,565563.0,855542.0,775975.0,664365.75,158410.80215278093,0.23843914613717057,315592.0,68.54988129448742,1,2657463.0,2155891.0,44,17243.88888888889,1.6854951518732189,1.1025366763920534,1,3.258096538021482,0,0,0,0,0,0,1,0,0,0,0,0,0,0,0,0,0,1,0,1,0
21,43,5,6,1,470000.0,350000.0,495000.0,280000.0,398750.0,87776.34932030381,0.22012877572489983,-190000.0,-40.42553191489361,0,1595000.0,1595000.0,30,9032.258064516129,0.5957434133118865,1.7678508291041817,0,3.784189633918261,0,1,0,0,0,0,0,0,0,0,0,1,0,0,0,0,0,0,0,0,1
20,1,4,11,1,710174.0,833734.0,549801.0,678530.0,693059.75,101015.2528739472,0.14575258897078816,-31644.0,-4.455809421353077,1,2772239.0,2536605.0,44,15078.444444444445,0.9554405604252473,0.8102813283401937,0,0.6931471805599453,0,0,0,0,0,0,1,0,0,0,0,0,0,0,1,0,0,0,1,0,0
21,3,3,10,2,544715.0,478837.0,695455.0,311867.0,507718.5,137664.1615844516,0.2711426934107219,-232848.0,-42.746757478681516,1,2030874.0,2301484.0,30,10060.225806451614,0.5725313741472621,2.229965883001783,0,1.3862943611198906,0,0,0,0,1,0,0,0,0,0,0,1,0,0,0,0,0,0,1,0,0
26,14,6,5,1,956651.0,835835.0,766535.0,1054675.0,903424.0,110698.74634791489,0.12253243919567655,98024.0,10.246578950944492,1,3613696.0,5038487.0,30,34021.77419354839,1.102464637088513,0.7267966655162343,1,2.70805020110221,0,0,0,0,0,1,0,0,0,0,0,1,0,0,0,0,0,0,0,1,0
27,44,3,7,1,1049410.0,2022660.0,1841831.0,2397326.0,1827806.75,492041.1936908205,0.2691976018202255,1347916.0,128.4451263090689,1,7311227.0,3039616.0,21,108969.36363636363,2.2844490862016884,0.7682852610428198,1,3.8066624897703196,0,0,1,0,0,0,0,0,0,0,0,0,1,0,0,0,0,0,0,1,0
34,39,4,10,2,871622.0,983190.0,703913.0,800432.0,839789.25,101966.22910889419,0.12141883110422548,-71190.0,-8.16753133812593,1,3359157.0,3359157.0,40,19522.731707317074,0.9183236330385958,0.879415266487014,0,3.6888794541139363,0,0,0,0,0,1,0,0,0,0,0,0,0,1,0,0,0,0,0,1,0
27,21,3,5,1,1113853.0,1303951.0,1180630.0,998678.0,1149278.0,110501.10345376647,0.09614828044543311,-115175.0,-10.340233406023955,1,4597112.0,3250596.0,15,62417.375,0.8965968609889626,1.182191675202943,0,3.091042453358316,1,0,0,0,0,1,0,0,0,0,1,0,0,0,0,0,0,0,0,1,0
30,19,4,11,0,687859.0,762849.0,1253800.0,1258401.0,990727.25,266699.35410155664,0.26919553701743504,570542.0,82.94461510280449,1,3962909.0,2776113.0,44,27964.466666666667,1.8294434914081354,0.9963429810187842,1,2.995732273553991,0,1,0,0,0,0,0,0,0,0,0,0,0,1,0,0,0,0,0,1,0
43,22,6,8,1,700000.0,605000.0,500000.0,680000.0,621250.0,78451.81642256603,0.12628058981499563,-20000.0,-2.857142857142857,0,2485000.0,2485000.0,48,13877.551020408164,0.9714271836754519,0.7352930363337701,0,3.1354942159291497,0,0,0,0,0,0,1,0,0,0,0,1,0,0,0,0,0,0,0,1,0
36,58,3,5,0,1391895.0,1338682.0,1021570.0,1076429.0,1207144.0,160436.35665428208,0.13290573175551723,-315466.0,-22.66449696277377,1,4828576.0,4024055.0,15,67276.8125,0.7733544747596085,0.9490352368477282,0,4.07753744390572,0,0,0,0,0,0,1,0,0,0,0,0,0,0,1,0,0,0,0,1,0
18,17,4,6,1,296626.0,763777.0,1184193.0,826339.0,767733.75,315765.3599663641,0.4112954002170207,529713.0,178.57942324678214,1,3070935.0,1919755.0,24,33053.56,2.7857848408944568,1.433057821235811,1,2.8903717578961645,0,0,0,0,1,0,0,0,0,0,0,0,0,1,0,0,0,0,1,0,0
28,38,5,10,0,932899.0,975730.0,927874.0,1153761.0,997566.0,92076.71349749621,0.09230137504435416,220862.0,23.674802952945605,1,3990264.0,3423398.0,50,22622.764705882353,1.2367467038267768,0.8042161208290791,1,3.6635616461296463,1,0,0,0,1,0,0,0,0,0,0,1,0,0,0,0,0,0,0,1,0
38,203,5,11,1,942208.0,654020.0,889956.0,1064723.0,887726.75,149097.02685395005,0.1679537389787455,122515.0,13.002967497622606,1,3550907.0,4236773.0,55,19012.910714285714,1.1300284756354482,0.835856052836228,1,5.318119993844216,0,0,0,0,1,0,0,0,0,0,0,0,0,0,0,0,1,0,0,0,1
22,12,4,9,2,452818.0,525445.0,831960.0,565844.0,594016.75,143221.73889004247,0.24110723963599084,113026.0,24.960580188950086,1,2376067.0,2344112.0,36,15293.081081081082,1.2496030422751696,1.4702966360045595,1,2.5649493574615367,3,1,0,0,0,0,0,0,0,0,0,0,1,0,0,0,0,0,1,0,0
34,28,5,11,1,1360000.0,400000.0,1360000.0,655000.0,943750.0,425901.6171605832,0.4512864817595584,-705000.0,-51.83823529411765,0,3775000.0,3775000.0,55,11696.42857142857,0.48161729292846106,2.0763327078889957,0,3.367295829986474,0,0,0,0,0,0,1,0,0,0,0,1,0,0,0,0,0,0,0,1,0
24,41,3,2,1,375000.0,810000.0,500000.0,625000.0,577500.0,160721.0316044543,0.2783048166310897,250000.0,66.66666666666666,0,2310000.0,2310000.0,6,89285.71428571429,1.6666622222340741,0.799998720002048,1,3.7376696182833684,0,1,0,0,0,0,0,0,0,1,0,0,0,0,0,0,0,0,0,0,1
19,2,5,4,1,506299.0,418951.0,409633.0,472534.0,451854.25,39551.04510234211,0.0875305368984404,-33765.0,-6.668984137831598,1,1807417.0,1789482.0,20,22501.619047619046,0.9333083152281256,0.8668839345233686,0,1.0986122886681096,0,0,0,0,0,1,0,0,0,0,0,1,0,0,0,0,0,0,1,0,0
27,47,3,8,2,865456.0,883658.0,1068747.0,2394792.0,1303163.25,635251.2490288292,0.4874686644430996,1529336.0,176.70869460723594,1,5212653.0,3175140.0,24,95791.68,2.767083748817099,0.44627949054469424,1,3.8712010109078907,0,0,0,0,0,0,1,0,0,0,0,1,0,0,0,0,0,0,0,1,0
24,28,4,11,1,252325.0,372657.0,1044033.0,950295.0,654827.5,346558.2268403825,0.5292359084497559,697970.0,276.6154760725255,1,2619310.0,3916357.0,44,21117.666666666668,3.766139834975389,1.0986397922331568,1,3.367295829986474,3,0,0,0,1,0,0,0,0,0,1,0,0,0,0,0,0,0,0,1,0
36,219,5,9,0,1458384.0,1784108.0,1513692.0,1716051.0,1618058.75,135612.75638629097,0.0838120101549409,257667.0,17.66798044959352,1,6472235.0,6472235.0,45,37305.45652173913,1.1766789976583687,0.8820781654635175,1,5.393627546352361,0,0,0,0,1,0,0,0,0,0,0,1,0,0,0,0,0,0,0,0,1
43,185,6,7,2,961785.0,1044817.0,1764855.0,1745937.0,1379348.5,377250.9081828034,0.27349934275696347,784152.0,81.53090347634866,1,5517394.0,6120103.0,42,40603.186046511626,1.8153071473279918,1.0108348635518558,1,5.225746673713202,0,0,1,0,0,0,0,0,0,0,0,1,0,0,0,0,0,0,0,0,1
50,177,5,5,0,1039647.0,965283.0,1770173.0,1558863.0,1333491.5,340369.33436599426,0.25524672213208277,519216.0,49.941566704852704,1,5333966.0,5307796.0,25,59956.269230769234,1.4994142248145526,1.1355531977132065,1,5.181783550292085,0,0,0,0,0,0,1,0,0,0,0,0,0,1,0,0,0,0,0,0,1
36,28,4,8,2,351310.0,665807.0,586767.0,680687.0,571142.75,131844.43304207994,0.2308432227181032,329377.0,93.7567959921437,1,2284571.0,1480748.0,32,20626.878787878788,1.9375624446715303,0.8620204851561949,1,3.367295829986474,0,0,0,0,0,0,1,0,0,0,0,0,1,0,0,0,0,0,0,1,0
20,4,6,5,2,404937.0,403621.0,381426.0,507538.0,424380.5,48911.31108700727,0.11525343668478469,102601.0,25.337521639168564,1,1697522.0,1509881.0,30,16372.193548387097,1.2533721211642277,0.7515205728032722,1,1.6094379124341003,0,0,0,0,0,0,1,0,0,0,1,0,0,0,0,0,0,0,1,0,0
28,28,5,11,1,30000.0,700000.0,460000.0,30000.0,305000.0,287793.32862316316,0.943584684010371,0.0,0.0,0,1220000.0,1220000.0,55,535.7142857142857,0.9999666677777408,15.332822239258691,0,3.367295829986474,0,0,0,0,0,0,1,0,0,0,0,1,0,0,0,0,0,0,0,1,0
33,55,6,4,1,1708973.0,1141128.0,1406307.0,1985221.0,1560407.25,317049.0816863968,0.2031835481964063,276248.0,16.164561991324614,1,6241629.0,7802230.0,24,79408.84,1.1616449401804825,0.708387777286369,1,4.02535169073515,1,0,0,1,0,0,0,0,0,0,0,1,0,0,0,0,0,0,0,1,0
50,210,6,5,2,1141998.0,1188624.0,1253193.0,1449190.0,1258251.25,117096.07617545304,0.09306255501471034,307192.0,26.899521715449588,1,5033005.0,7147141.0,30,46748.06451612903,1.2689941059493046,0.86475350730166,1,5.351858133476067,0,0,0,0,1,0,0,0,0,0,0,0,0,0,1,0,0,0,0,0,1
26,51,6,9,0,1088247.0,764453.0,1136541.0,667811.0,914263.0,201779.31382081762,0.22070160754708176,-420436.0,-38.63424388029556,1,3657052.0,4865080.0,54,12142.018181818183,0.6136569973020856,1.701887657005265,0,3.9512437185814275,2,0,1,0,0,0,0,0,0,0,1,0,0,0,0,0,0,0,0,1,0
42,58,5,10,0,578315.0,582806.0,782003.0,1311991.0,813778.75,299172.49754311895,0.36763370577459653,733676.0,126.86442509704918,1,3255115.0,4792838.0,50,25725.313725490196,2.268640328125108,0.596042506356746,1,4.07753744390572,3,0,0,0,0,0,1,0,0,0,0,0,0,1,0,0,0,0,0,0,1
