user_id,gig_type,week_number,week_of_month,weekly_income_idr,is_ramadan,is_lebaran,is_post_lebaran,is_yearend,is_jan_feb,is_payday_week,seasonal_label,data_source
SYN_0001,kurir,1,1,686000,0,0,0,0,1,0,low_season,synthetic
SYN_0001,kurir,2,2,760000,0,0,0,0,1,0,low_season,synthetic
SYN_0001,kurir,3,3,807000,0,0,0,0,1,0,low_season,synthetic
SYN_0001,kurir,4,4,844000,0,0,0,0,1,1,low_season,synthetic
SYN_0001,kurir,5,1,636000,0,0,0,0,1,0,low_season,synthetic
SYN_0001,kurir,6,2,704000,0,0,0,0,1,0,low_season,synthetic
SYN_0001,kurir,7,3,801000,0,0,0,0,0,0,normal,synthetic
SYN_0001,kurir,8,4,806000,0,0,0,0,0,1,normal,synthetic
SYN_0001,kurir,9,1,851000,0,0,0,0,0,0,normal,synthetic
SYN_0001,kurir,10,2,1355000,1,0,0,0,0,0,high_season,synthetic
SYN_0001,kurir,11,3,1095000,1,0,0,0,0,0,high_season,synthetic
SYN_0001,kurir,12,4,1460000,1,0,0,0,0,1,high_season,synthetic
SYN_0001,kurir,13,1,1064000,1,0,0,0,0,0,high_season,synthetic
SYN_0001,kurir,14,2,1432000,0,1,0,0,0,0,high_season,synthetic
SYN_0001,kurir,15,3,496000,0,0,1,0,0,0,low_season,synthetic
SYN_0001,kurir,16,4,692000,0,0,1,0,0,1,low_season,synthetic
SYN_0001,kurir,17,1,826000,0,0,0,0,0,0,normal,synthetic
SYN_0001,kurir,18,2,1069000,0,0,0,0,0,0,normal,synthetic
SYN_0001,kurir,19,3,902000,0,0,0,0,0,0,normal,synthetic
SYN_0001,kurir,20,4,1058000,0,0,0,0,0,1,normal,synthetic
SYN_0001,kurir,21,1,749000,0,0,0,0,0,0,normal,synthetic
SYN_0001,kurir,22,2,826000,0,0,0,0,0,0,normal,synthetic
SYN_0001,kurir,23,3,945000,0,0,0,0,0,0,normal,synthetic
SYN_0001,kurir,24,4,1073000,0,0,0,0,0,1,normal,synthetic
SYN_0001,kurir,25,1,741000,0,0,0,0,0,0,normal,synthetic
SYN_0001,kurir,26,2,794000,0,0,0,0,0,0,normal,synthetic
SYN_0001,kurir,27,3,860000,0,0,0,0,0,0,normal,synthetic
SYN_0001,kurir,28,4,997000,0,0,0,0,0,1,normal,synthetic
SYN_0001,kurir,29,1,785000,0,0,0,0,0,0,normal,synthetic
SYN_0001,kurir,30,2,855000,0,0,0,0,0,0,normal,synthetic
SYN_0001,kurir,31,3,902000,0,0,0,0,0,0,normal,synthetic
SYN_0001,kurir,32,4,930000,0,0,0,0,0,1,normal,synthetic
SYN_0001,kurir,33,1,860000,0,0,0,0,0,0,normal,synthetic
SYN_0001,kurir,34,2,1085000,0,0,0,0,0,0,normal,synthetic
SYN_0001,kurir,35,3,964000,0,0,0,0,0,0,normal,synthetic
SYN_0001,kurir,36,4,1067000,0,0,0,0,0,1,normal,synthetic
SYN_0001,kurir,37,1,846000,0,0,0,0,0,0,normal,synthetic
SYN_0001,kurir,38,2,795000,0,0,0,0,0,0,normal,synthetic
SYN_0001,kurir,39,3,751000,0,0,0,0,0,0,normal,synthetic
SYN_0001,kurir,40,4,1118000,0,0,0,0,0,1,normal,synthetic
SYN_0001,kurir,41,1,748000,0,0,0,0,0,0,normal,synthetic
SYN_0001,kurir,42,2,769000,0,0,0,0,0,0,normal,synthetic
SYN_0001,kurir,43,3,805000,0,0,0,0,0,0,normal,synthetic
SYN_0001,kurir,44,4,942000,0,0,0,0,0,1,normal,synthetic
SYN_0001,kurir,45,1,794000,0,0,0,0,0,0,normal,synthetic
SYN_0001,kurir,46,2,917000,0,0,0,0,0,0,normal,synthetic
SYN_0001,kurir,47,3,940000,0,0,0,0,0,0,normal,synthetic
SYN_0001,kurir,48,4,1129000,0,0,0,0,0,1,normal,synthetic
SYN_0001,kurir,49,1,1088000,0,0,0,1,0,0,high_season,synthetic
SYN_0001,kurir,50,2,1113000,0,0,0,1,0,0,high_season,synthetic
SYN_0001,kurir,51,3,1072000,0,0,0,1,0,0,high_season,synthetic
SYN_0001,kurir,52,4,1180000,0,0,0,1,0,1,high_season,synthetic
SYN_0002,ojek_online,1,1,881000,0,0,0,0,1,0,low_season,synthetic
SYN_0002,ojek_online,2,2,968000,0,0,0,0,1,0,low_season,synthetic
SYN_0002,ojek_online,3,3,1219000,0,0,0,0,1,0,low_season,synthetic
SYN_0002,ojek_online,4,4,1544000,0,0,0,0,1,1,low_season,synthetic
SYN_0002,ojek_online,5,1,997000,0,0,0,0,1,0,low_season,synthetic
SYN_0002,ojek_online,6,2,1243000,0,0,0,0,1,0,low_season,synthetic
SYN_0002,ojek_online,7,3,1368000,0,0,0,0,0,0,normal,synthetic
SYN_0002,ojek_online,8,4,1463000,0,0,0,0,0,1,normal,synthetic
SYN_0002,ojek_online,9,1,1231000,0,0,0,0,0,0,normal,synthetic
SYN_0002,ojek_online,10,2,2234000,1,0,0,0,0,0,high_season,synthetic
SYN_0002,ojek_online,11,3,1898000,1,0,0,0,0,0,high_season,synthetic
SYN_0002,ojek_online,12,4,2688000,1,0,0,0,0,1,high_season,synthetic
SYN_0002,ojek_online,13,1,1212000,1,0,0,0,0,0,high_season,synthetic
SYN_0002,ojek_online,14,2,2512000,0,1,0,0,0,0,high_season,synthetic
SYN_0002,ojek_online,15,3,929000,0,0,1,0,0,0,low_season,synthetic
SYN_0002,ojek_online,16,4,1067000,0,0,1,0,0,1,low_season,synthetic
SYN_0002,ojek_online,17,1,1195000,0,0,0,0,0,0,normal,synthetic
SYN_0002,ojek_online,18,2,1022000,0,0,0,0,0,0,normal,synthetic
SYN_0002,ojek_online,19,3,1282000,0,0,0,0,0,0,normal,synthetic
SYN_0002,ojek_online,20,4,1640000,0,0,0,0,0,1,normal,synthetic
SYN_0002,ojek_online,21,1,1379000,0,0,0,0,0,0,normal,synthetic
SYN_0002,ojek_online,22,2,1238000,0,0,0,0,0,0,normal,synthetic
SYN_0002,ojek_online,23,3,1195000,0,0,0,0,0,0,normal,synthetic
SYN_0002,ojek_online,24,4,1489000,0,0,0,0,0,1,normal,synthetic
SYN_0002,ojek_online,25,1,1304000,0,0,0,0,0,0,normal,synthetic
SYN_0002,ojek_online,26,2,1363000,0,0,0,0,0,0,normal,synthetic
SYN_0002,ojek_online,27,3,1236000,0,0,0,0,0,0,normal,synthetic
SYN_0002,ojek_online,28,4,1668000,0,0,0,0,0,1,normal,synthetic
SYN_0002,ojek_online,29,1,1196000,0,0,0,0,0,0,normal,synthetic
SYN_0002,ojek_online,30,2,1457000,0,0,0,0,0,0,normal,synthetic
SYN_0002,ojek_online,31,3,1211000,0,0,0,0,0,0,normal,synthetic
SYN_0002,ojek_online,32,4,1519000,0,0,0,0,0,1,normal,synthetic
SYN_0002,ojek_online,33,1,1131000,0,0,0,0,0,0,normal,synthetic
SYN_0002,ojek_online,34,2,1099000,0,0,0,0,0,0,normal,synthetic
SYN_0002,ojek_online,35,3,1358000,0,0,0,0,0,0,normal,synthetic
SYN_0002,ojek_online,36,4,1623000,0,0,0,0,0,1,normal,synthetic
SYN_0002,ojek_online,37,1,1184000,0,0,0,0,0,0,normal,synthetic
SYN_0002,ojek_online,38,2,1280000,0,0,0,0,0,0,normal,synthetic
SYN_0002,ojek_online,39,3,1106000,0,0,0,0,0,0,normal,synthetic
SYN_0002,ojek_online,40,4,1503000,0,0,0,0,0,1,normal,synthetic
SYN_0002,ojek_online,41,1,1138000,0,0,0,0,0,0,normal,synthetic
SYN_0002,ojek_online,42,2,1196000,0,0,0,0,0,0,normal,synthetic
SYN_0002,ojek_online,43,3,1291000,0,0,0,0,0,0,normal,synthetic
SYN_0002,ojek_online,44,4,1649000,0,0,0,0,0,1,normal,synthetic
SYN_0002,ojek_online,45,1,1433000,0,0,0,0,0,0,normal,synthetic
SYN_0002,ojek_online,46,2,1340000,0,0,0,0,0,0,normal,synthetic
SYN_0002,ojek_online,47,3,1352000,0,0,0,0,0,0,normal,synthetic
SYN_0002,ojek_online,48,4,1564000,0,0,0,0,0,1,normal,synthetic
SYN_0002,ojek_online,49,1,1207000,0,0,0,1,0,0,high_season,synthetic
SYN_0002,ojek_online,50,2,1704000,0,0,0,1,0,0,high_season,synthetic
SYN_0002,ojek_online,51,3,1720000,0,0,0,1,0,0,high_season,synthetic
SYN_0002,ojek_online,52,4,2616000,0,0,0,1,0,1,high_season,synthetic
SYN_0003,ojek_online,1,1,889000,0,0,0,0,1,0,low_season,synthetic
SYN_0003,ojek_online,2,2,952000,0,0,0,0,1,0,low_season,synthetic
SYN_0003,ojek_online,3,3,970000,0,0,0,0,1,0,low_season,synthetic
SYN_0003,ojek_online,4,4,1268000,0,0,0,0,1,1,low_season,synthetic
SYN_0003,ojek_online,5,1,915000,0,0,0,0,1,0,low_season,synthetic
SYN_0003,ojek_online,6,2,1105000,0,0,0,0,1,0,low_season,synthetic
SYN_0003,ojek_online,7,3,1043000,0,0,0,0,0,0,normal,synthetic
SYN_0003,ojek_online,8,4,1312000,0,0,0,0,0,1,normal,synthetic
SYN_0003,ojek_online,9,1,1171000,0,0,0,0,0,0,normal,synthetic
SYN_0003,ojek_online,10,2,1580000,1,0,0,0,0,0,high_season,synthetic
SYN_0003,ojek_online,11,3,2005000,1,0,0,0,0,0,high_season,synthetic
SYN_0003,ojek_online,12,4,2411000,1,0,0,0,0,1,high_season,synthetic
SYN_0003,ojek_online,13,1,1806000,1,0,0,0,0,0,high_season,synthetic
SYN_0003,ojek_online,14,2,1889000,0,1,0,0,0,0,high_season,synthetic
SYN_0003,ojek_online,15,3,845000,0,0,1,0,0,0,low_season,synthetic
SYN_0003,ojek_online,16,4,950000,0,0,1,0,0,1,low_season,synthetic
SYN_0003,ojek_online,17,1,1189000,0,0,0,0,0,0,normal,synthetic
SYN_0003,ojek_online,18,2,1426000,0,0,0,0,0,0,normal,synthetic
SYN_0003,ojek_online,19,3,1314000,0,0,0,0,0,0,normal,synthetic
SYN_0003,ojek_online,20,4,1438000,0,0,0,0,0,1,normal,synthetic
SYN_0003,ojek_online,21,1,1033000,0,0,0,0,0,0,normal,synthetic
SYN_0003,ojek_online,22,2,1284000,0,0,0,0,0,0,normal,synthetic
SYN_0003,ojek_online,23,3,1033000,0,0,0,0,0,0,normal,synthetic
SYN_0003,ojek_online,24,4,1523000,0,0,0,0,0,1,normal,synthetic
SYN_0003,ojek_online,25,1,967000,0,0,0,0,0,0,normal,synthetic
SYN_0003,ojek_online,26,2,1280000,0,0,0,0,0,0,normal,synthetic
SYN_0003,ojek_online,27,3,1176000,0,0,0,0,0,0,normal,synthetic
SYN_0003,ojek_online,28,4,1374000,0,0,0,0,0,1,normal,synthetic
SYN_0003,ojek_online,29,1,971000,0,0,0,0,0,0,normal,synthetic
SYN_0003,ojek_online,30,2,1149000,0,0,0,0,0,0,normal,synthetic
SYN_0003,ojek_online,31,3,1272000,0,0,0,0,0,0,normal,synthetic
SYN_0003,ojek_online,32,4,1605000,0,0,0,0,0,1,normal,synthetic
SYN_0003,ojek_online,33,1,1141000,0,0,0,0,0,0,normal,synthetic
SYN_0003,ojek_online,34,2,1380000,0,0,0,0,0,0,normal,synthetic
SYN_0003,ojek_online,35,3,1538000,0,0,0,0,0,0,normal,synthetic
SYN_0003,ojek_online,36,4,1384000,0,0,0,0,0,1,normal,synthetic
SYN_0003,ojek_online,37,1,1053000,0,0,0,0,0,0,normal,synthetic
SYN_0003,ojek_online,38,2,1004000,0,0,0,0,0,0,normal,synthetic
SYN_0003,ojek_online,39,3,1357000,0,0,0,0,0,0,normal,synthetic
SYN_0003,ojek_online,40,4,1646000,0,0,0,0,0,1,normal,synthetic
SYN_0003,ojek_online,41,1,973000,0,0,0,0,0,0,normal,synthetic
SYN_0003,ojek_online,42,2,1280000,0,0,0,0,0,0,normal,synthetic
SYN_0003,ojek_online,43,3,1360000,0,0,0,0,0,0,normal,synthetic
SYN_0003,ojek_online,44,4,1473000,0,0,0,0,0,1,normal,synthetic
SYN_0003,ojek_online,45,1,1180000,0,0,0,0,0,0,normal,synthetic
SYN_0003,ojek_online,46,2,1221000,0,0,0,0,0,0,normal,synthetic
SYN_0003,ojek_online,47,3,1034000,0,0,0,0,0,0,normal,synthetic
SYN_0003,ojek_online,48,4,1606000,0,0,0,0,0,1,normal,synthetic
SYN_0003,ojek_online,49,1,1609000,0,0,0,1,0,0,high_season,synthetic
SYN_0003,ojek_online,50,2,1684000,0,0,0,1,0,0,high_season,synthetic
SYN_0003,ojek_online,51,3,1390000,0,0,0,1,0,0,high_season,synthetic
SYN_0003,ojek_online,52,4,1711000,0,0,0,1,0,1,high_season,synthetic
SYN_0004,freelancer_desain,1,1,10009000,0,0,0,0,1,0,low_season,synthetic
SYN_0004,freelancer_desain,2,2,10272000,0,0,0,0,1,0,low_season,synthetic
SYN_0004,freelancer_desain,3,3,10903000,0,0,0,0,1,0,low_season,synthetic
SYN_0004,freelancer_desain,4,4,15072000,0,0,0,0,1,1,low_season,synthetic
SYN_0004,freelancer_desain,5,1,8332000,0,0,0,0,1,0,low_season,synthetic
SYN_0004,freelancer_desain,6,2,8474000,0,0,0,0,1,0,low_season,synthetic
SYN_0004,freelancer_desain,7,3,9723000,0,0,0,0,0,0,normal,synthetic
SYN_0004,freelancer_desain,8,4,11828000,0,0,0,0,0,1,normal,synthetic
SYN_0004,freelancer_desain,9,1,10077000,0,0,0,0,0,0,normal,synthetic
SYN_0004,freelancer_desain,10,2,17335000,1,0,0,0,0,0,high_season,synthetic
SYN_0004,freelancer_desain,11,3,17165000,1,0,0,0,0,0,high_season,synthetic
SYN_0004,freelancer_desain,12,4,22335000,1,0,0,0,0,1,high_season,synthetic
SYN_0004,freelancer_desain,13,1,14824000,1,0,0,0,0,0,high_season,synthetic
SYN_0004,freelancer_desain,14,2,24452000,0,1,0,0,0,0,high_season,synthetic
SYN_0004,freelancer_desain,15,3,7599000,0,0,1,0,0,0,low_season,synthetic
SYN_0004,freelancer_desain,16,4,13667000,0,0,1,0,0,1,low_season,synthetic
SYN_0004,freelancer_desain,17,1,11224000,0,0,0,0,0,0,normal,synthetic
SYN_0004,freelancer_desain,18,2,9781000,0,0,0,0,0,0,normal,synthetic
SYN_0004,freelancer_desain,19,3,9394000,0,0,0,0,0,0,normal,synthetic
SYN_0004,freelancer_desain,20,4,14653000,0,0,0,0,0,1,normal,synthetic
SYN_0004,freelancer_desain,21,1,9838000,0,0,0,0,0,0,normal,synthetic
SYN_0004,freelancer_desain,22,2,12631000,0,0,0,0,0,0,normal,synthetic
SYN_0004,freelancer_desain,23,3,12194000,0,0,0,0,0,0,normal,synthetic
SYN_0004,freelancer_desain,24,4,13445000,0,0,0,0,0,1,normal,synthetic
SYN_0004,freelancer_desain,25,1,8820000,0,0,0,0,0,0,normal,synthetic
SYN_0004,freelancer_desain,26,2,8589000,0,0,0,0,0,0,normal,synthetic
SYN_0004,freelancer_desain,27,3,10526000,0,0,0,0,0,0,normal,synthetic
SYN_0004,freelancer_desain,28,4,15467000,0,0,0,0,0,1,normal,synthetic
SYN_0004,freelancer_desain,29,1,10552000,0,0,0,0,0,0,normal,synthetic
SYN_0004,freelancer_desain,30,2,9077000,0,0,0,0,0,0,normal,synthetic
SYN_0004,freelancer_desain,31,3,11650000,0,0,0,0,0,0,normal,synthetic
SYN_0004,freelancer_desain,32,4,14442000,0,0,0,0,0,1,normal,synthetic
SYN_0004,freelancer_desain,33,1,8760000,0,0,0,0,0,0,normal,synthetic
SYN_0004,freelancer_desain,34,2,11615000,0,0,0,0,0,0,normal,synthetic
SYN_0004,freelancer_desain,35,3,11442000,0,0,0,0,0,0,normal,synthetic
SYN_0004,freelancer_desain,36,4,11116000,0,0,0,0,0,1,normal,synthetic
SYN_0004,freelancer_desain,37,1,10787000,0,0,0,0,0,0,normal,synthetic
SYN_0004,freelancer_desain,38,2,12353000,0,0,0,0,0,0,normal,synthetic
SYN_0004,freelancer_desain,39,3,13301000,0,0,0,0,0,0,normal,synthetic
SYN_0004,freelancer_desain,40,4,15897000,0,0,0,0,0,1,normal,synthetic
SYN_0004,freelancer_desain,41,1,7954000,0,0,0,0,0,0,normal,synthetic
SYN_0004,freelancer_desain,42,2,9635000,0,0,0,0,0,0,normal,synthetic
SYN_0004,freelancer_desain,43,3,12270000,0,0,0,0,0,0,normal,synthetic
SYN_0004,freelancer_desain,44,4,14722000,0,0,0,0,0,1,normal,synthetic
SYN_0004,freelancer_desain,45,1,11043000,0,0,0,0,0,0,normal,synthetic
SYN_0004,freelancer_desain,46,2,18324000,0,0,0,0,0,0,normal,synthetic
SYN_0004,freelancer_desain,47,3,12372000,0,0,0,0,0,0,normal,synthetic
SYN_0004,freelancer_desain,48,4,16075000,0,0,0,0,0,1,normal,synthetic
SYN_0004,freelancer_desain,49,1,15288000,0,0,0,1,0,0,high_season,synthetic
SYN_0004,freelancer_desain,50,2,16273000,0,0,0,1,0,0,high_season,synthetic
SYN_0004,freelancer_desain,51,3,13994000,0,0,0,1,0,0,high_season,synthetic
SYN_0004,freelancer_desain,52,4,19832000,0,0,0,1,0,1,high_season,synthetic
SYN_0005,kurir,1,1,798000,0,0,0,0,1,0,low_season,synthetic
SYN_0005,kurir,2,2,955000,0,0,0,0,1,0,low_season,synthetic
SYN_0005,kurir,3,3,913000,0,0,0,0,1,0,low_season,synthetic
SYN_0005,kurir,4,4,969000,0,0,0,0,1,1,low_season,synthetic
SYN_0005,kurir,5,1,890000,0,0,0,0,1,0,low_season,synthetic
SYN_0005,kurir,6,2,923000,0,0,0,0,1,0,low_season,synthetic
SYN_0005,kurir,7,3,1135000,0,0,0,0,0,0,normal,synthetic
SYN_0005,kurir,8,4,1247000,0,0,0,0,0,1,normal,synthetic
SYN_0005,kurir,9,1,985000,0,0,0,0,0,0,normal,synthetic
SYN_0005,kurir,10,2,1859000,1,0,0,0,0,0,high_season,synthetic
SYN_0005,kurir,11,3,1653000,1,0,0,0,0,0,high_season,synthetic
SYN_0005,kurir,12,4,2057000,1,0,0,0,0,1,high_season,synthetic
SYN_0005,kurir,13,1,1307000,1,0,0,0,0,0,high_season,synthetic
SYN_0005,kurir,14,2,2388000,0,1,0,0,0,0,high_season,synthetic
SYN_0005,kurir,15,3,917000,0,0,1,0,0,0,low_season,synthetic
SYN_0005,kurir,16,4,1061000,0,0,1,0,0,1,low_season,synthetic
SYN_0005,kurir,17,1,1089000,0,0,0,0,0,0,normal,synthetic
SYN_0005,kurir,18,2,1129000,0,0,0,0,0,0,normal,synthetic
SYN_0005,kurir,19,3,1171000,0,0,0,0,0,0,normal,synthetic
SYN_0005,kurir,20,4,1478000,0,0,0,0,0,1,normal,synthetic
SYN_0005,kurir,21,1,959000,0,0,0,0,0,0,normal,synthetic
SYN_0005,kurir,22,2,1083000,0,0,0,0,0,0,normal,synthetic
SYN_0005,kurir,23,3,962000,0,0,0,0,0,0,normal,synthetic
SYN_0005,kurir,24,4,1261000,0,0,0,0,0,1,normal,synthetic
SYN_0005,kurir,25,1,1163000,0,0,0,0,0,0,normal,synthetic
SYN_0005,kurir,26,2,1094000,0,0,0,0,0,0,normal,synthetic
SYN_0005,kurir,27,3,1096000,0,0,0,0,0,0,normal,synthetic
SYN_0005,kurir,28,4,1391000,0,0,0,0,0,1,normal,synthetic
SYN_0005,kurir,29,1,871000,0,0,0,0,0,0,normal,synthetic
SYN_0005,kurir,30,2,1221000,0,0,0,0,0,0,normal,synthetic
SYN_0005,kurir,31,3,1253000,0,0,0,0,0,0,normal,synthetic
SYN_0005,kurir,32,4,1398000,0,0,0,0,0,1,normal,synthetic
SYN_0005,kurir,33,1,1162000,0,0,0,0,0,0,normal,synthetic
SYN_0005,kurir,34,2,996000,0,0,0,0,0,0,normal,synthetic
SYN_0005,kurir,35,3,1310000,0,0,0,0,0,0,normal,synthetic
SYN_0005,kurir,36,4,1266000,0,0,0,0,0,1,normal,synthetic
SYN_0005,kurir,37,1,900000,0,0,0,0,0,0,normal,synthetic
SYN_0005,kurir,38,2,1104000,0,0,0,0,0,0,normal,synthetic
SYN_0005,kurir,39,3,1313000,0,0,0,0,0,0,normal,synthetic
SYN_0005,kurir,40,4,1351000,0,0,0,0,0,1,normal,synthetic
SYN_0005,kurir,41,1,931000,0,0,0,0,0,0,normal,synthetic
SYN_0005,kurir,42,2,999000,0,0,0,0,0,0,normal,synthetic
SYN_0005,kurir,43,3,1117000,0,0,0,0,0,0,normal,synthetic
SYN_0005,kurir,44,4,1115000,0,0,0,0,0,1,normal,synthetic
SYN_0005,kurir,45,1,899000,0,0,0,0,0,0,normal,synthetic
SYN_0005,kurir,46,2,1281000,0,0,0,0,0,0,normal,synthetic
SYN_0005,kurir,47,3,1259000,0,0,0,0,0,0,normal,synthetic
SYN_0005,kurir,48,4,1338000,0,0,0,0,0,1,normal,synthetic
SYN_0005,kurir,49,1,1265000,0,0,0,1,0,0,high_season,synthetic
SYN_0005,kurir,50,2,1473000,0,0,0,1,0,0,high_season,synthetic
SYN_0005,kurir,51,3,1769000,0,0,0,1,0,0,high_season,synthetic
SYN_0005,kurir,52,4,1822000,0,0,0,1,0,1,high_season,synthetic
SYN_0006,ojek_online,1,1,1000000,0,0,0,0,1,0,low_season,synthetic
SYN_0006,ojek_online,2,2,1014000,0,0,0,0,1,0,low_season,synthetic
SYN_0006,ojek_online,3,3,1095000,0,0,0,0,1,0,low_season,synthetic
SYN_0006,ojek_online,4,4,1248000,0,0,0,0,1,1,low_season,synthetic
SYN_0006,ojek_online,5,1,991000,0,0,0,0,1,0,low_season,synthetic
SYN_0006,ojek_online,6,2,1167000,0,0,0,0,1,0,low_season,synthetic
SYN_0006,ojek_online,7,3,1506000,0,0,0,0,0,0,normal,synthetic
SYN_0006,ojek_online,8,4,1322000,0,0,0,0,0,1,normal,synthetic
SYN_0006,ojek_online,9,1,1426000,0,0,0,0,0,0,normal,synthetic
SYN_0006,ojek_online,10,2,1449000,1,0,0,0,0,0,high_season,synthetic
SYN_0006,ojek_online,11,3,1822000,1,0,0,0,0,0,high_season,synthetic
SYN_0006,ojek_online,12,4,2371000,1,0,0,0,0,1,high_season,synthetic
SYN_0006,ojek_online,13,1,1721000,1,0,0,0,0,0,high_season,synthetic
SYN_0006,ojek_online,14,2,2082000,0,1,0,0,0,0,high_season,synthetic
SYN_0006,ojek_online,15,3,874000,0,0,1,0,0,0,low_season,synthetic
SYN_0006,ojek_online,16,4,1015000,0,0,1,0,0,1,low_season,synthetic
SYN_0006,ojek_online,17,1,1075000,0,0,0,0,0,0,normal,synthetic
SYN_0006,ojek_online,18,2,1400000,0,0,0,0,0,0,normal,synthetic
SYN_0006,ojek_online,19,3,1330000,0,0,0,0,0,0,normal,synthetic
SYN_0006,ojek_online,20,4,1415000,0,0,0,0,0,1,normal,synthetic
SYN_0006,ojek_online,21,1,1267000,0,0,0,0,0,0,normal,synthetic
SYN_0006,ojek_online,22,2,1323000,0,0,0,0,0,0,normal,synthetic
SYN_0006,ojek_online,23,3,1395000,0,0,0,0,0,0,normal,synthetic
SYN_0006,ojek_online,24,4,1643000,0,0,0,0,0,1,normal,synthetic
SYN_0006,ojek_online,25,1,1044000,0,0,0,0,0,0,normal,synthetic
SYN_0006,ojek_online,26,2,1198000,0,0,0,0,0,0,normal,synthetic
SYN_0006,ojek_online,27,3,1386000,0,0,0,0,0,0,normal,synthetic
SYN_0006,ojek_online,28,4,1639000,0,0,0,0,0,1,normal,synthetic
SYN_0006,ojek_online,29,1,1148000,0,0,0,0,0,0,normal,synthetic
SYN_0006,ojek_online,30,2,1295000,0,0,0,0,0,0,normal,synthetic
SYN_0006,ojek_online,31,3,1462000,0,0,0,0,0,0,normal,synthetic
SYN_0006,ojek_online,32,4,1433000,0,0,0,0,0,1,normal,synthetic
SYN_0006,ojek_online,33,1,1221000,0,0,0,0,0,0,normal,synthetic
SYN_0006,ojek_online,34,2,1250000,0,0,0,0,0,0,normal,synthetic
SYN_0006,ojek_online,35,3,1247000,0,0,0,0,0,0,normal,synthetic
SYN_0006,ojek_online,36,4,1723000,0,0,0,0,0,1,normal,synthetic
SYN_0006,ojek_online,37,1,1257000,0,0,0,0,0,0,normal,synthetic
SYN_0006,ojek_online,38,2,1395000,0,0,0,0,0,0,normal,synthetic
SYN_0006,ojek_online,39,3,1466000,0,0,0,0,0,0,normal,synthetic
SYN_0006,ojek_online,40,4,1538000,0,0,0,0,0,1,normal,synthetic
SYN_0006,ojek_online,41,1,1239000,0,0,0,0,0,0,normal,synthetic
SYN_0006,ojek_online,42,2,1234000,0,0,0,0,0,0,normal,synthetic
SYN_0006,ojek_online,43,3,1325000,0,0,0,0,0,0,normal,synthetic
SYN_0006,ojek_online,44,4,1512000,0,0,0,0,0,1,normal,synthetic
SYN_0006,ojek_online,45,1,1163000,0,0,0,0,0,0,normal,synthetic
SYN_0006,ojek_online,46,2,1364000,0,0,0,0,0,0,normal,synthetic
SYN_0006,ojek_online,47,3,1161000,0,0,0,0,0,0,normal,synthetic
SYN_0006,ojek_online,48,4,1894000,0,0,0,0,0,1,normal,synthetic
SYN_0006,ojek_online,49,1,1327000,0,0,0,1,0,0,high_season,synthetic
SYN_0006,ojek_online,50,2,1436000,0,0,0,1,0,0,high_season,synthetic
SYN_0006,ojek_online,51,3,1878000,0,0,0,1,0,0,high_season,synthetic
SYN_0006,ojek_online,52,4,2171000,0,0,0,1,0,1,high_season,synthetic
SYN_0007,freelancer_desain,1,1,15895000,0,0,0,0,1,0,low_season,synthetic
SYN_0007,freelancer_desain,2,2,11772000,0,0,0,0,1,0,low_season,synthetic
SYN_0007,freelancer_desain,3,3,22697000,0,0,0,0,1,0,low_season,synthetic
SYN_0007,freelancer_desain,4,4,20174000,0,0,0,0,1,1,low_season,synthetic
SYN_0007,freelancer_desain,5,1,17965000,0,0,0,0,1,0,low_season,synthetic
SYN_0007,freelancer_desain,6,2,19424000,0,0,0,0,1,0,low_season,synthetic
SYN_0007,freelancer_desain,7,3,25328000,0,0,0,0,0,0,normal,synthetic
SYN_0007,freelancer_desain,8,4,23238000,0,0,0,0,0,1,normal,synthetic
SYN_0007,freelancer_desain,9,1,19338000,0,0,0,0,0,0,normal,synthetic
SYN_0007,freelancer_desain,10,2,32870000,1,0,0,0,0,0,high_season,synthetic
SYN_0007,freelancer_desain,11,3,34383000,1,0,0,0,0,0,high_season,synthetic
SYN_0007,freelancer_desain,12,4,42893000,1,0,0,0,0,1,high_season,synthetic
SYN_0007,freelancer_desain,13,1,25080000,1,0,0,0,0,0,high_season,synthetic
SYN_0007,freelancer_desain,14,2,32544000,0,1,0,0,0,0,high_season,synthetic
SYN_0007,freelancer_desain,15,3,17735000,0,0,1,0,0,0,low_season,synthetic
SYN_0007,freelancer_desain,16,4,11782000,0,0,1,0,0,1,low_season,synthetic
SYN_0007,freelancer_desain,17,1,23431000,0,0,0,0,0,0,normal,synthetic
SYN_0007,freelancer_desain,18,2,19801000,0,0,0,0,0,0,normal,synthetic
SYN_0007,freelancer_desain,19,3,20793000,0,0,0,0,0,0,normal,synthetic
SYN_0007,freelancer_desain,20,4,22243000,0,0,0,0,0,1,normal,synthetic
SYN_0007,freelancer_desain,21,1,18583000,0,0,0,0,0,0,normal,synthetic
SYN_0007,freelancer_desain,22,2,25040000,0,0,0,0,0,0,normal,synthetic
SYN_0007,freelancer_desain,23,3,23374000,0,0,0,0,0,0,normal,synthetic
SYN_0007,freelancer_desain,24,4,26938000,0,0,0,0,0,1,normal,synthetic
SYN_0007,freelancer_desain,25,1,18993000,0,0,0,0,0,0,normal,synthetic
SYN_0007,freelancer_desain,26,2,15995000,0,0,0,0,0,0,normal,synthetic
SYN_0007,freelancer_desain,27,3,17997000,0,0,0,0,0,0,normal,synthetic
SYN_0007,freelancer_desain,28,4,23598000,0,0,0,0,0,1,normal,synthetic
SYN_0007,freelancer_desain,29,1,20098000,0,0,0,0,0,0,normal,synthetic
SYN_0007,freelancer_desain,30,2,21040000,0,0,0,0,0,0,normal,synthetic
SYN_0007,freelancer_desain,31,3,24082000,0,0,0,0,0,0,normal,synthetic
SYN_0007,freelancer_desain,32,4,26861000,0,0,0,0,0,1,normal,synthetic
SYN_0007,freelancer_desain,33,1,18890000,0,0,0,0,0,0,normal,synthetic
SYN_0007,freelancer_desain,34,2,28384000,0,0,0,0,0,0,normal,synthetic
SYN_0007,freelancer_desain,35,3,22160000,0,0,0,0,0,0,normal,synthetic
SYN_0007,freelancer_desain,36,4,23244000,0,0,0,0,0,1,normal,synthetic
SYN_0007,freelancer_desain,37,1,24300000,0,0,0,0,0,0,normal,synthetic
SYN_0007,freelancer_desain,38,2,24804000,0,0,0,0,0,0,normal,synthetic
SYN_0007,freelancer_desain,39,3,26854000,0,0,0,0,0,0,normal,synthetic
SYN_0007,freelancer_desain,40,4,24526000,0,0,0,0,0,1,normal,synthetic
SYN_0007,freelancer_desain,41,1,21652000,0,0,0,0,0,0,normal,synthetic
SYN_0007,freelancer_desain,42,2,15971000,0,0,0,0,0,0,normal,synthetic
SYN_0007,freelancer_desain,43,3,23418000,0,0,0,0,0,0,normal,synthetic
SYN_0007,freelancer_desain,44,4,24339000,0,0,0,0,0,1,normal,synthetic
SYN_0007,freelancer_desain,45,1,14667000,0,0,0,0,0,0,normal,synthetic
SYN_0007,freelancer_desain,46,2,24246000,0,0,0,0,0,0,normal,synthetic
SYN_0007,freelancer_desain,47,3,14781000,0,0,0,0,0,0,normal,synthetic
SYN_0007,freelancer_desain,48,4,17328000,0,0,0,0,0,1,normal,synthetic
SYN_0007,freelancer_desain,49,1,25757000,0,0,0,1,0,0,high_season,synthetic
SYN_0007,freelancer_desain,50,2,29523000,0,0,0,1,0,0,high_season,synthetic
SYN_0007,freelancer_desain,51,3,31251000,0,0,0,1,0,0,high_season,synthetic
SYN_0007,freelancer_desain,52,4,36314000,0,0,0,1,0,1,high_season,synthetic
SYN_0008,kurir,1,1,1174000,0,0,0,0,1,0,low_season,synthetic
SYN_0008,kurir,2,2,1133000,0,0,0,0,1,0,low_season,synthetic
SYN_0008,kurir,3,3,1003000,0,0,0,0,1,0,low_season,synthetic
SYN_0008,kurir,4,4,1586000,0,0,0,0,1,1,low_season,synthetic
SYN_0008,kurir,5,1,1052000,0,0,0,0,1,0,low_season,synthetic
SYN_0008,kurir,6,2,1310000,0,0,0,0,1,0,low_season,synthetic
SYN_0008,kurir,7,3,1195000,0,0,0,0,0,0,normal,synthetic
SYN_0008,kurir,8,4,1580000,0,0,0,0,0,1,normal,synthetic
SYN_0008,kurir,9,1,1251000,0,0,0,0,0,0,normal,synthetic
SYN_0008,kurir,10,2,2023000,1,0,0,0,0,0,high_season,synthetic
SYN_0008,kurir,11,3,1935000,1,0,0,0,0,0,high_season,synthetic
SYN_0008,kurir,12,4,2551000,1,0,0,0,0,1,high_season,synthetic
SYN_0008,kurir,13,1,1643000,1,0,0,0,0,0,high_season,synthetic
SYN_0008,kurir,14,2,2402000,0,1,0,0,0,0,high_season,synthetic
SYN_0008,kurir,15,3,983000,0,0,1,0,0,0,low_season,synthetic
SYN_0008,kurir,16,4,1220000,0,0,1,0,0,1,low_season,synthetic
SYN_0008,kurir,17,1,1329000,0,0,0,0,0,0,normal,synthetic
SYN_0008,kurir,18,2,1252000,0,0,0,0,0,0,normal,synthetic
SYN_0008,kurir,19,3,1202000,0,0,0,0,0,0,normal,synthetic
SYN_0008,kurir,20,4,1855000,0,0,0,0,0,1,normal,synthetic
SYN_0008,kurir,21,1,1287000,0,0,0,0,0,0,normal,synthetic
SYN_0008,kurir,22,2,1298000,0,0,0,0,0,0,normal,synthetic
SYN_0008,kurir,23,3,1579000,0,0,0,0,0,0,normal,synthetic
SYN_0008,kurir,24,4,1685000,0,0,0,0,0,1,normal,synthetic
SYN_0008,kurir,25,1,1381000,0,0,0,0,0,0,normal,synthetic
SYN_0008,kurir,26,2,1398000,0,0,0,0,0,0,normal,synthetic
SYN_0008,kurir,27,3,1642000,0,0,0,0,0,0,normal,synthetic
SYN_0008,kurir,28,4,1925000,0,0,0,0,0,1,normal,synthetic
SYN_0008,kurir,29,1,1223000,0,0,0,0,0,0,normal,synthetic
SYN_0008,kurir,30,2,1509000,0,0,0,0,0,0,normal,synthetic
SYN_0008,kurir,31,3,1469000,0,0,0,0,0,0,normal,synthetic
SYN_0008,kurir,32,4,1869000,0,0,0,0,0,1,normal,synthetic
SYN_0008,kurir,33,1,1145000,0,0,0,0,0,0,normal,synthetic
SYN_0008,kurir,34,2,1474000,0,0,0,0,0,0,normal,synthetic
SYN_0008,kurir,35,3,1519000,0,0,0,0,0,0,normal,synthetic
SYN_0008,kurir,36,4,1410000,0,0,0,0,0,1,normal,synthetic
SYN_0008,kurir,37,1,1121000,0,0,0,0,0,0,normal,synthetic
SYN_0008,kurir,38,2,1140000,0,0,0,0,0,0,normal,synthetic
SYN_0008,kurir,39,3,1357000,0,0,0,0,0,0,normal,synthetic
SYN_0008,kurir,40,4,1773000,0,0,0,0,0,1,normal,synthetic
SYN_0008,kurir,41,1,1416000,0,0,0,0,0,0,normal,synthetic
SYN_0008,kurir,42,2,1399000,0,0,0,0,0,0,normal,synthetic
SYN_0008,kurir,43,3,1589000,0,0,0,0,0,0,normal,synthetic
SYN_0008,kurir,44,4,1465000,0,0,0,0,0,1,normal,synthetic
SYN_0008,kurir,45,1,1063000,0,0,0,0,0,0,normal,synthetic
SYN_0008,kurir,46,2,1383000,0,0,0,0,0,0,normal,synthetic
SYN_0008,kurir,47,3,1437000,0,0,0,0,0,0,normal,synthetic
SYN_0008,kurir,48,4,1663000,0,0,0,0,0,1,normal,synthetic
SYN_0008,kurir,49,1,1330000,0,0,0,1,0,0,high_season,synthetic
SYN_0008,kurir,50,2,1793000,0,0,0,1,0,0,high_season,synthetic
SYN_0008,kurir,51,3,1599000,0,0,0,1,0,0,high_season,synthetic
SYN_0008,kurir,52,4,2296000,0,0,0,1,0,1,high_season,synthetic
SYN_0009,ojek_online,1,1,726000,0,0,0,0,1,0,low_season,synthetic
SYN_0009,ojek_online,2,2,829000,0,0,0,0,1,0,low_season,synthetic
SYN_0009,ojek_online,3,3,740000,0,0,0,0,1,0,low_season,synthetic
SYN_0009,ojek_online,4,4,1129000,0,0,0,0,1,1,low_season,synthetic
SYN_0009,ojek_online,5,1,664000,0,0,0,0,1,0,low_season,synthetic
SYN_0009,ojek_online,6,2,727000,0,0,0,0,1,0,low_season,synthetic
SYN_0009,ojek_online,7,3,852000,0,0,0,0,0,0,normal,synthetic
SYN_0009,ojek_online,8,4,981000,0,0,0,0,0,1,normal,synthetic
SYN_0009,ojek_online,9,1,759000,0,0,0,0,0,0,normal,synthetic
SYN_0009,ojek_online,10,2,1095000,1,0,0,0,0,0,high_season,synthetic
SYN_0009,ojek_online,11,3,1277000,1,0,0,0,0,0,high_season,synthetic
SYN_0009,ojek_online,12,4,1576000,1,0,0,0,0,1,high_season,synthetic
SYN_0009,ojek_online,13,1,874000,1,0,0,0,0,0,high_season,synthetic
SYN_0009,ojek_online,14,2,1557000,0,1,0,0,0,0,high_season,synthetic
SYN_0009,ojek_online,15,3,633000,0,0,1,0,0,0,low_season,synthetic
SYN_0009,ojek_online,16,4,799000,0,0,1,0,0,1,low_season,synthetic
SYN_0009,ojek_online,17,1,919000,0,0,0,0,0,0,normal,synthetic
SYN_0009,ojek_online,18,2,986000,0,0,0,0,0,0,normal,synthetic
SYN_0009,ojek_online,19,3,837000,0,0,0,0,0,0,normal,synthetic
SYN_0009,ojek_online,20,4,991000,0,0,0,0,0,1,normal,synthetic
SYN_0009,ojek_online,21,1,862000,0,0,0,0,0,0,normal,synthetic
SYN_0009,ojek_online,22,2,845000,0,0,0,0,0,0,normal,synthetic
SYN_0009,ojek_online,23,3,776000,0,0,0,0,0,0,normal,synthetic
SYN_0009,ojek_online,24,4,1367000,0,0,0,0,0,1,normal,synthetic
SYN_0009,ojek_online,25,1,782000,0,0,0,0,0,0,normal,synthetic
SYN_0009,ojek_online,26,2,837000,0,0,0,0,0,0,normal,synthetic
SYN_0009,ojek_online,27,3,679000,0,0,0,0,0,0,normal,synthetic
SYN_0009,ojek_online,28,4,1183000,0,0,0,0,0,1,normal,synthetic
SYN_0009,ojek_online,29,1,720000,0,0,0,0,0,0,normal,synthetic
SYN_0009,ojek_online,30,2,903000,0,0,0,0,0,0,normal,synthetic
SYN_0009,ojek_online,31,3,997000,0,0,0,0,0,0,normal,synthetic
SYN_0009,ojek_online,32,4,962000,0,0,0,0,0,1,normal,synthetic
SYN_0009,ojek_online,33,1,817000,0,0,0,0,0,0,normal,synthetic
SYN_0009,ojek_online,34,2,1053000,0,0,0,0,0,0,normal,synthetic
SYN_0009,ojek_online,35,3,652000,0,0,0,0,0,0,normal,synthetic
SYN_0009,ojek_online,36,4,982000,0,0,0,0,0,1,normal,synthetic
SYN_0009,ojek_online,37,1,728000,0,0,0,0,0,0,normal,synthetic
SYN_0009,ojek_online,38,2,881000,0,0,0,0,0,0,normal,synthetic
SYN_0009,ojek_online,39,3,895000,0,0,0,0,0,0,normal,synthetic
SYN_0009,ojek_online,40,4,951000,0,0,0,0,0,1,normal,synthetic
SYN_0009,ojek_online,41,1,750000,0,0,0,0,0,0,normal,synthetic
SYN_0009,ojek_online,42,2,822000,0,0,0,0,0,0,normal,synthetic
SYN_0009,ojek_online,43,3,864000,0,0,0,0,0,0,normal,synthetic
SYN_0009,ojek_online,44,4,1106000,0,0,0,0,0,1,normal,synthetic
SYN_0009,ojek_online,45,1,892000,0,0,0,0,0,0,normal,synthetic
SYN_0009,ojek_online,46,2,1006000,0,0,0,0,0,0,normal,synthetic
SYN_0009,ojek_online,47,3,966000,0,0,0,0,0,0,normal,synthetic
SYN_0009,ojek_online,48,4,974000,0,0,0,0,0,1,normal,synthetic
SYN_0009,ojek_online,49,1,1052000,0,0,0,1,0,0,high_season,synthetic
SYN_0009,ojek_online,50,2,1481000,0,0,0,1,0,0,high_season,synthetic
SYN_0009,ojek_online,51,3,1303000,0,0,0,1,0,0,high_season,synthetic
SYN_0009,ojek_online,52,4,1334000,0,0,0,1,0,1,high_season,synthetic
SYN_0010,ojek_online,1,1,970000,0,0,0,0,1,0,low_season,synthetic
SYN_0010,ojek_online,2,2,1009000,0,0,0,0,1,0,low_season,synthetic
SYN_0010,ojek_online,3,3,1318000,0,0,0,0,1,0,low_season,synthetic
SYN_0010,ojek_online,4,4,1740000,0,0,0,0,1,1,low_season,synthetic
SYN_0010,ojek_online,5,1,907000,0,0,0,0,1,0,low_season,synthetic
SYN_0010,ojek_online,6,2,1270000,0,0,0,0,1,0,low_season,synthetic
SYN_0010,ojek_online,7,3,1303000,0,0,0,0,0,0,normal,synthetic
SYN_0010,ojek_online,8,4,1594000,0,0,0,0,0,1,normal,synthetic
SYN_0010,ojek_online,9,1,1181000,0,0,0,0,0,0,normal,synthetic
SYN_0010,ojek_online,10,2,1840000,1,0,0,0,0,0,high_season,synthetic
SYN_0010,ojek_online,11,3,2049000,1,0,0,0,0,0,high_season,synthetic
SYN_0010,ojek_online,12,4,2218000,1,0,0,0,0,1,high_season,synthetic
SYN_0010,ojek_online,13,1,1889000,1,0,0,0,0,0,high_season,synthetic
SYN_0010,ojek_online,14,2,2445000,0,1,0,0,0,0,high_season,synthetic
SYN_0010,ojek_online,15,3,957000,0,0,1,0,0,0,low_season,synthetic
SYN_0010,ojek_online,16,4,1060000,0,0,1,0,0,1,low_season,synthetic
SYN_0010,ojek_online,17,1,1183000,0,0,0,0,0,0,normal,synthetic
SYN_0010,ojek_online,18,2,1524000,0,0,0,0,0,0,normal,synthetic
SYN_0010,ojek_online,19,3,1484000,0,0,0,0,0,0,normal,synthetic
SYN_0010,ojek_online,20,4,1502000,0,0,0,0,0,1,normal,synthetic
SYN_0010,ojek_online,21,1,1279000,0,0,0,0,0,0,normal,synthetic
SYN_0010,ojek_online,22,2,1523000,0,0,0,0,0,0,normal,synthetic
SYN_0010,ojek_online,23,3,1142000,0,0,0,0,0,0,normal,synthetic
SYN_0010,ojek_online,24,4,1789000,0,0,0,0,0,1,normal,synthetic
SYN_0010,ojek_online,25,1,1171000,0,0,0,0,0,0,normal,synthetic
SYN_0010,ojek_online,26,2,1495000,0,0,0,0,0,0,normal,synthetic
SYN_0010,ojek_online,27,3,1285000,0,0,0,0,0,0,normal,synthetic
SYN_0010,ojek_online,28,4,1345000,0,0,0,0,0,1,normal,synthetic
SYN_0010,ojek_online,29,1,1034000,0,0,0,0,0,0,normal,synthetic
SYN_0010,ojek_online,30,2,1413000,0,0,0,0,0,0,normal,synthetic
SYN_0010,ojek_online,31,3,1446000,0,0,0,0,0,0,normal,synthetic
SYN_0010,ojek_online,32,4,1515000,0,0,0,0,0,1,normal,synthetic
SYN_0010,ojek_online,33,1,1355000,0,0,0,0,0,0,normal,synthetic
SYN_0010,ojek_online,34,2,1144000,0,0,0,0,0,0,normal,synthetic
SYN_0010,ojek_online,35,3,1395000,0,0,0,0,0,0,normal,synthetic
SYN_0010,ojek_online,36,4,1458000,0,0,0,0,0,1,normal,synthetic
SYN_0010,ojek_online,37,1,1172000,0,0,0,0,0,0,normal,synthetic
SYN_0010,ojek_online,38,2,1413000,0,0,0,0,0,0,normal,synthetic
SYN_0010,ojek_online,39,3,1270000,0,0,0,0,0,0,normal,synthetic
SYN_0010,ojek_online,40,4,1614000,0,0,0,0,0,1,normal,synthetic
SYN_0010,ojek_online,41,1,1407000,0,0,0,0,0,0,normal,synthetic
SYN_0010,ojek_online,42,2,1314000,0,0,0,0,0,0,normal,synthetic
SYN_0010,ojek_online,43,3,1537000,0,0,0,0,0,0,normal,synthetic
SYN_0010,ojek_online,44,4,1473000,0,0,0,0,0,1,normal,synthetic
SYN_0010,ojek_online,45,1,1340000,0,0,0,0,0,0,normal,synthetic
SYN_0010,ojek_online,46,2,1632000,0,0,0,0,0,0,normal,synthetic
SYN_0010,ojek_online,47,3,1016000,0,0,0,0,0,0,normal,synthetic
SYN_0010,ojek_online,48,4,1536000,0,0,0,0,0,1,normal,synthetic
SYN_0010,ojek_online,49,1,1750000,0,0,0,1,0,0,high_season,synthetic
SYN_0010,ojek_online,50,2,1785000,0,0,0,1,0,0,high_season,synthetic
SYN_0010,ojek_online,51,3,1903000,0,0,0,1,0,0,high_season,synthetic
SYN_0010,ojek_online,52,4,2044000,0,0,0,1,0,1,high_season,synthetic
SYN_0011,jualan_online,1,1,39922000,0,0,0,0,1,0,low_season,synthetic
SYN_0011,jualan_online,2,2,36751000,0,0,0,0,1,0,low_season,synthetic
SYN_0011,jualan_online,3,3,37796000,0,0,0,0,1,0,low_season,synthetic
SYN_0011,jualan_online,4,4,41553000,0,0,0,0,1,1,low_season,synthetic
SYN_0011,jualan_online,5,1,35928000,0,0,0,0,1,0,low_season,synthetic
SYN_0011,jualan_online,6,2,35863000,0,0,0,0,1,0,low_season,synthetic
SYN_0011,jualan_online,7,3,42188000,0,0,0,0,0,0,normal,synthetic
SYN_0011,jualan_online,8,4,56074000,0,0,0,0,0,1,normal,synthetic
SYN_0011,jualan_online,9,1,44384000,0,0,0,0,0,0,normal,synthetic
SYN_0011,jualan_online,10,2,46754000,1,0,0,0,0,0,high_season,synthetic
SYN_0011,jualan_online,11,3,66362000,1,0,0,0,0,0,high_season,synthetic
SYN_0011,jualan_online,12,4,73855000,1,0,0,0,0,1,high_season,synthetic
SYN_0011,jualan_online,13,1,63757000,1,0,0,0,0,0,high_season,synthetic
SYN_0011,jualan_online,14,2,74464000,0,1,0,0,0,0,high_season,synthetic
SYN_0011,jualan_online,15,3,35502000,0,0,1,0,0,0,low_season,synthetic
SYN_0011,jualan_online,16,4,33858000,0,0,1,0,0,1,low_season,synthetic
SYN_0011,jualan_online,17,1,28914000,0,0,0,0,0,0,normal,synthetic
SYN_0011,jualan_online,18,2,49403000,0,0,0,0,0,0,normal,synthetic
SYN_0011,jualan_online,19,3,39427000,0,0,0,0,0,0,normal,synthetic
SYN_0011,jualan_online,20,4,42659000,0,0,0,0,0,1,normal,synthetic
SYN_0011,jualan_online,21,1,39557000,0,0,0,0,0,0,normal,synthetic
SYN_0011,jualan_online,22,2,42609000,0,0,0,0,0,0,normal,synthetic
SYN_0011,jualan_online,23,3,48201000,0,0,0,0,0,0,normal,synthetic
SYN_0011,jualan_online,24,4,58279000,0,0,0,0,0,1,normal,synthetic
SYN_0011,jualan_online,25,1,39934000,0,0,0,0,0,0,normal,synthetic
SYN_0011,jualan_online,26,2,39210000,0,0,0,0,0,0,normal,synthetic
SYN_0011,jualan_online,27,3,45378000,0,0,0,0,0,0,normal,synthetic
SYN_0011,jualan_online,28,4,53685000,0,0,0,0,0,1,normal,synthetic
SYN_0011,jualan_online,29,1,42176000,0,0,0,0,0,0,normal,synthetic
SYN_0011,jualan_online,30,2,39263000,0,0,0,0,0,0,normal,synthetic
SYN_0011,jualan_online,31,3,41760000,0,0,0,0,0,0,normal,synthetic
SYN_0011,jualan_online,32,4,55859000,0,0,0,0,0,1,normal,synthetic
SYN_0011,jualan_online,33,1,45390000,0,0,0,0,0,0,normal,synthetic
SYN_0011,jualan_online,34,2,48953000,0,0,0,0,0,0,normal,synthetic
SYN_0011,jualan_online,35,3,44300000,0,0,0,0,0,0,normal,synthetic
SYN_0011,jualan_online,36,4,49562000,0,0,0,0,0,1,normal,synthetic
SYN_0011,jualan_online,37,1,41394000,0,0,0,0,0,0,normal,synthetic
SYN_0011,jualan_online,38,2,38123000,0,0,0,0,0,0,normal,synthetic
SYN_0011,jualan_online,39,3,39567000,0,0,0,0,0,0,normal,synthetic
SYN_0011,jualan_online,40,4,62178000,0,0,0,0,0,1,normal,synthetic
SYN_0011,jualan_online,41,1,41386000,0,0,0,0,0,0,normal,synthetic
SYN_0011,jualan_online,42,2,42038000,0,0,0,0,0,0,normal,synthetic
SYN_0011,jualan_online,43,3,48232000,0,0,0,0,0,0,normal,synthetic
SYN_0011,jualan_online,44,4,60771000,0,0,0,0,0,1,normal,synthetic
SYN_0011,jualan_online,45,1,37374000,0,0,0,0,0,0,normal,synthetic
SYN_0011,jualan_online,46,2,41618000,0,0,0,0,0,0,normal,synthetic
SYN_0011,jualan_online,47,3,40959000,0,0,0,0,0,0,normal,synthetic
SYN_0011,jualan_online,48,4,58730000,0,0,0,0,0,1,normal,synthetic
SYN_0011,jualan_online,49,1,57321000,0,0,0,1,0,0,high_season,synthetic
SYN_0011,jualan_online,50,2,66512000,0,0,0,1,0,0,high_season,synthetic
SYN_0011,jualan_online,51,3,63930000,0,0,0,1,0,0,high_season,synthetic
SYN_0011,jualan_online,52,4,55030000,0,0,0,1,0,1,high_season,synthetic
SYN_0012,kurir,1,1,742000,0,0,0,0,1,0,low_season,synthetic
SYN_0012,kurir,2,2,1107000,0,0,0,0,1,0,low_season,synthetic
SYN_0012,kurir,3,3,1034000,0,0,0,0,1,0,low_season,synthetic
SYN_0012,kurir,4,4,1168000,0,0,0,0,1,1,low_season,synthetic
SYN_0012,kurir,5,1,902000,0,0,0,0,1,0,low_season,synthetic
SYN_0012,kurir,6,2,881000,0,0,0,0,1,0,low_season,synthetic
SYN_0012,kurir,7,3,1398000,0,0,0,0,0,0,normal,synthetic
SYN_0012,kurir,8,4,1396000,0,0,0,0,0,1,normal,synthetic
SYN_0012,kurir,9,1,1046000,0,0,0,0,0,0,normal,synthetic
SYN_0012,kurir,10,2,1775000,1,0,0,0,0,0,high_season,synthetic
SYN_0012,kurir,11,3,1739000,1,0,0,0,0,0,high_season,synthetic
SYN_0012,kurir,12,4,2042000,1,0,0,0,0,1,high_season,synthetic
SYN_0012,kurir,13,1,1397000,1,0,0,0,0,0,high_season,synthetic
SYN_0012,kurir,14,2,2097000,0,1,0,0,0,0,high_season,synthetic
SYN_0012,kurir,15,3,939000,0,0,1,0,0,0,low_season,synthetic
SYN_0012,kurir,16,4,1081000,0,0,1,0,0,1,low_season,synthetic
SYN_0012,kurir,17,1,1181000,0,0,0,0,0,0,normal,synthetic
SYN_0012,kurir,18,2,1099000,0,0,0,0,0,0,normal,synthetic
SYN_0012,kurir,19,3,1050000,0,0,0,0,0,0,normal,synthetic
SYN_0012,kurir,20,4,1365000,0,0,0,0,0,1,normal,synthetic
SYN_0012,kurir,21,1,1041000,0,0,0,0,0,0,normal,synthetic
SYN_0012,kurir,22,2,1261000,0,0,0,0,0,0,normal,synthetic
SYN_0012,kurir,23,3,979000,0,0,0,0,0,0,normal,synthetic
SYN_0012,kurir,24,4,1567000,0,0,0,0,0,1,normal,synthetic
SYN_0012,kurir,25,1,1021000,0,0,0,0,0,0,normal,synthetic
SYN_0012,kurir,26,2,1107000,0,0,0,0,0,0,normal,synthetic
SYN_0012,kurir,27,3,1048000,0,0,0,0,0,0,normal,synthetic
SYN_0012,kurir,28,4,1180000,0,0,0,0,0,1,normal,synthetic
SYN_0012,kurir,29,1,1111000,0,0,0,0,0,0,normal,synthetic
SYN_0012,kurir,30,2,1158000,0,0,0,0,0,0,normal,synthetic
SYN_0012,kurir,31,3,1020000,0,0,0,0,0,0,normal,synthetic
SYN_0012,kurir,32,4,1223000,0,0,0,0,0,1,normal,synthetic
SYN_0012,kurir,33,1,1005000,0,0,0,0,0,0,normal,synthetic
SYN_0012,kurir,34,2,1320000,0,0,0,0,0,0,normal,synthetic
SYN_0012,kurir,35,3,1124000,0,0,0,0,0,0,normal,synthetic
SYN_0012,kurir,36,4,1198000,0,0,0,0,0,1,normal,synthetic
SYN_0012,kurir,37,1,1013000,0,0,0,0,0,0,normal,synthetic
SYN_0012,kurir,38,2,1123000,0,0,0,0,0,0,normal,synthetic
SYN_0012,kurir,39,3,878000,0,0,0,0,0,0,normal,synthetic
SYN_0012,kurir,40,4,1374000,0,0,0,0,0,1,normal,synthetic
SYN_0012,kurir,41,1,1015000,0,0,0,0,0,0,normal,synthetic
SYN_0012,kurir,42,2,1221000,0,0,0,0,0,0,normal,synthetic
SYN_0012,kurir,43,3,1338000,0,0,0,0,0,0,normal,synthetic
SYN_0012,kurir,44,4,1518000,0,0,0,0,0,1,normal,synthetic
SYN_0012,kurir,45,1,1011000,0,0,0,0,0,0,normal,synthetic
SYN_0012,kurir,46,2,1039000,0,0,0,0,0,0,normal,synthetic
SYN_0012,kurir,47,3,1411000,0,0,0,0,0,0,normal,synthetic
SYN_0012,kurir,48,4,1388000,0,0,0,0,0,1,normal,synthetic
SYN_0012,kurir,49,1,1348000,0,0,0,1,0,0,high_season,synthetic
SYN_0012,kurir,50,2,1493000,0,0,0,1,0,0,high_season,synthetic
SYN_0012,kurir,51,3,1522000,0,0,0,1,0,0,high_season,synthetic
SYN_0012,kurir,52,4,1772000,0,0,0,1,0,1,high_season,synthetic
SYN_0013,ojek_online,1,1,1066000,0,0,0,0,1,0,low_season,synthetic
SYN_0013,ojek_online,2,2,1563000,0,0,0,0,1,0,low_season,synthetic
SYN_0013,ojek_online,3,3,950000,0,0,0,0,1,0,low_season,synthetic
SYN_0013,ojek_online,4,4,1245000,0,0,0,0,1,1,low_season,synthetic
SYN_0013,ojek_online,5,1,1048000,0,0,0,0,1,0,low_season,synthetic
SYN_0013,ojek_online,6,2,1174000,0,0,0,0,1,0,low_season,synthetic
SYN_0013,ojek_online,7,3,1628000,0,0,0,0,0,0,normal,synthetic
SYN_0013,ojek_online,8,4,1972000,0,0,0,0,0,1,normal,synthetic
SYN_0013,ojek_online,9,1,1391000,0,0,0,0,0,0,normal,synthetic
SYN_0013,ojek_online,10,2,2269000,1,0,0,0,0,0,high_season,synthetic
SYN_0013,ojek_online,11,3,2444000,1,0,0,0,0,0,high_season,synthetic
SYN_0013,ojek_online,12,4,3027000,1,0,0,0,0,1,high_season,synthetic
SYN_0013,ojek_online,13,1,1768000,1,0,0,0,0,0,high_season,synthetic
SYN_0013,ojek_online,14,2,2672000,0,1,0,0,0,0,high_season,synthetic
SYN_0013,ojek_online,15,3,1105000,0,0,1,0,0,0,low_season,synthetic
SYN_0013,ojek_online,16,4,1409000,0,0,1,0,0,1,low_season,synthetic
SYN_0013,ojek_online,17,1,1308000,0,0,0,0,0,0,normal,synthetic
SYN_0013,ojek_online,18,2,1575000,0,0,0,0,0,0,normal,synthetic
SYN_0013,ojek_online,19,3,1597000,0,0,0,0,0,0,normal,synthetic
SYN_0013,ojek_online,20,4,1759000,0,0,0,0,0,1,normal,synthetic
SYN_0013,ojek_online,21,1,1315000,0,0,0,0,0,0,normal,synthetic
SYN_0013,ojek_online,22,2,1609000,0,0,0,0,0,0,normal,synthetic
SYN_0013,ojek_online,23,3,1568000,0,0,0,0,0,0,normal,synthetic
SYN_0013,ojek_online,24,4,2017000,0,0,0,0,0,1,normal,synthetic
SYN_0013,ojek_online,25,1,1263000,0,0,0,0,0,0,normal,synthetic
SYN_0013,ojek_online,26,2,1529000,0,0,0,0,0,0,normal,synthetic
SYN_0013,ojek_online,27,3,1550000,0,0,0,0,0,0,normal,synthetic
SYN_0013,ojek_online,28,4,2084000,0,0,0,0,0,1,normal,synthetic
SYN_0013,ojek_online,29,1,1281000,0,0,0,0,0,0,normal,synthetic
SYN_0013,ojek_online,30,2,1633000,0,0,0,0,0,0,normal,synthetic
SYN_0013,ojek_online,31,3,1636000,0,0,0,0,0,0,normal,synthetic
SYN_0013,ojek_online,32,4,2262000,0,0,0,0,0,1,normal,synthetic
SYN_0013,ojek_online,33,1,1271000,0,0,0,0,0,0,normal,synthetic
SYN_0013,ojek_online,34,2,1474000,0,0,0,0,0,0,normal,synthetic
SYN_0013,ojek_online,35,3,1424000,0,0,0,0,0,0,normal,synthetic
SYN_0013,ojek_online,36,4,1552000,0,0,0,0,0,1,normal,synthetic
SYN_0013,ojek_online,37,1,1715000,0,0,0,0,0,0,normal,synthetic
SYN_0013,ojek_online,38,2,1370000,0,0,0,0,0,0,normal,synthetic
SYN_0013,ojek_online,39,3,1446000,0,0,0,0,0,0,normal,synthetic
SYN_0013,ojek_online,40,4,2191000,0,0,0,0,0,1,normal,synthetic
SYN_0013,ojek_online,41,1,1151000,0,0,0,0,0,0,normal,synthetic
SYN_0013,ojek_online,42,2,1726000,0,0,0,0,0,0,normal,synthetic
SYN_0013,ojek_online,43,3,1339000,0,0,0,0,0,0,normal,synthetic
SYN_0013,ojek_online,44,4,2176000,0,0,0,0,0,1,normal,synthetic
SYN_0013,ojek_online,45,1,1084000,0,0,0,0,0,0,normal,synthetic
SYN_0013,ojek_online,46,2,1279000,0,0,0,0,0,0,normal,synthetic
SYN_0013,ojek_online,47,3,1494000,0,0,0,0,0,0,normal,synthetic
SYN_0013,ojek_online,48,4,2117000,0,0,0,0,0,1,normal,synthetic
SYN_0013,ojek_online,49,1,1855000,0,0,0,1,0,0,high_season,synthetic
SYN_0013,ojek_online,50,2,1991000,0,0,0,1,0,0,high_season,synthetic
SYN_0013,ojek_online,51,3,2381000,0,0,0,1,0,0,high_season,synthetic
SYN_0013,ojek_online,52,4,3082000,0,0,0,1,0,1,high_season,synthetic
SYN_0014,ojek_online,1,1,962000,0,0,0,0,1,0,low_season,synthetic
SYN_0014,ojek_online,2,2,1027000,0,0,0,0,1,0,low_season,synthetic
SYN_0014,ojek_online,3,3,1051000,0,0,0,0,1,0,low_season,synthetic
SYN_0014,ojek_online,4,4,1308000,0,0,0,0,1,1,low_season,synthetic
SYN_0014,ojek_online,5,1,887000,0,0,0,0,1,0,low_season,synthetic
SYN_0014,ojek_online,6,2,957000,0,0,0,0,1,0,low_season,synthetic
SYN_0014,ojek_online,7,3,1261000,0,0,0,0,0,0,normal,synthetic
SYN_0014,ojek_online,8,4,1318000,0,0,0,0,0,1,normal,synthetic
SYN_0014,ojek_online,9,1,1161000,0,0,0,0,0,0,normal,synthetic
SYN_0014,ojek_online,10,2,1448000,1,0,0,0,0,0,high_season,synthetic
SYN_0014,ojek_online,11,3,1995000,1,0,0,0,0,0,high_season,synthetic
SYN_0014,ojek_online,12,4,2261000,1,0,0,0,0,1,high_season,synthetic
SYN_0014,ojek_online,13,1,1656000,1,0,0,0,0,0,high_season,synthetic
SYN_0014,ojek_online,14,2,2397000,0,1,0,0,0,0,high_season,synthetic
SYN_0014,ojek_online,15,3,1025000,0,0,1,0,0,0,low_season,synthetic
SYN_0014,ojek_online,16,4,1154000,0,0,1,0,0,1,low_season,synthetic
SYN_0014,ojek_online,17,1,882000,0,0,0,0,0,0,normal,synthetic
SYN_0014,ojek_online,18,2,1057000,0,0,0,0,0,0,normal,synthetic
SYN_0014,ojek_online,19,3,1148000,0,0,0,0,0,0,normal,synthetic
SYN_0014,ojek_online,20,4,1485000,0,0,0,0,0,1,normal,synthetic
SYN_0014,ojek_online,21,1,1175000,0,0,0,0,0,0,normal,synthetic
SYN_0014,ojek_online,22,2,1134000,0,0,0,0,0,0,normal,synthetic
SYN_0014,ojek_online,23,3,1260000,0,0,0,0,0,0,normal,synthetic
SYN_0014,ojek_online,24,4,1355000,0,0,0,0,0,1,normal,synthetic
SYN_0014,ojek_online,25,1,1034000,0,0,0,0,0,0,normal,synthetic
SYN_0014,ojek_online,26,2,1039000,0,0,0,0,0,0,normal,synthetic
SYN_0014,ojek_online,27,3,1106000,0,0,0,0,0,0,normal,synthetic
SYN_0014,ojek_online,28,4,1257000,0,0,0,0,0,1,normal,synthetic
SYN_0014,ojek_online,29,1,989000,0,0,0,0,0,0,normal,synthetic
SYN_0014,ojek_online,30,2,1379000,0,0,0,0,0,0,normal,synthetic
SYN_0014,ojek_online,31,3,1103000,0,0,0,0,0,0,normal,synthetic
SYN_0014,ojek_online,32,4,1917000,0,0,0,0,0,1,normal,synthetic
SYN_0014,ojek_online,33,1,1172000,0,0,0,0,0,0,normal,synthetic
SYN_0014,ojek_online,34,2,1259000,0,0,0,0,0,0,normal,synthetic
SYN_0014,ojek_online,35,3,1115000,0,0,0,0,0,0,normal,synthetic
SYN_0014,ojek_online,36,4,1597000,0,0,0,0,0,1,normal,synthetic
SYN_0014,ojek_online,37,1,1039000,0,0,0,0,0,0,normal,synthetic
SYN_0014,ojek_online,38,2,1251000,0,0,0,0,0,0,normal,synthetic
SYN_0014,ojek_online,39,3,1588000,0,0,0,0,0,0,normal,synthetic
SYN_0014,ojek_online,40,4,1465000,0,0,0,0,0,1,normal,synthetic
SYN_0014,ojek_online,41,1,1253000,0,0,0,0,0,0,normal,synthetic
SYN_0014,ojek_online,42,2,1137000,0,0,0,0,0,0,normal,synthetic
SYN_0014,ojek_online,43,3,1229000,0,0,0,0,0,0,normal,synthetic
SYN_0014,ojek_online,44,4,1774000,0,0,0,0,0,1,normal,synthetic
SYN_0014,ojek_online,45,1,1033000,0,0,0,0,0,0,normal,synthetic
SYN_0014,ojek_online,46,2,1484000,0,0,0,0,0,0,normal,synthetic
SYN_0014,ojek_online,47,3,1332000,0,0,0,0,0,0,normal,synthetic
SYN_0014,ojek_online,48,4,1387000,0,0,0,0,0,1,normal,synthetic
SYN_0014,ojek_online,49,1,1546000,0,0,0,1,0,0,high_season,synthetic
SYN_0014,ojek_online,50,2,1779000,0,0,0,1,0,0,high_season,synthetic
SYN_0014,ojek_online,51,3,1716000,0,0,0,1,0,0,high_season,synthetic
SYN_0014,ojek_online,52,4,1586000,0,0,0,1,0,1,high_season,synthetic
SYN_0015,kurir,1,1,623000,0,0,0,0,1,0,low_season,synthetic
SYN_0015,kurir,2,2,772000,0,0,0,0,1,0,low_season,synthetic
SYN_0015,kurir,3,3,713000,0,0,0,0,1,0,low_season,synthetic
SYN_0015,kurir,4,4,908000,0,0,0,0,1,1,low_season,synthetic
SYN_0015,kurir,5,1,670000,0,0,0,0,1,0,low_season,synthetic
SYN_0015,kurir,6,2,786000,0,0,0,0,1,0,low_season,synthetic
SYN_0015,kurir,7,3,908000,0,0,0,0,0,0,normal,synthetic
SYN_0015,kurir,8,4,957000,0,0,0,0,0,1,normal,synthetic
SYN_0015,kurir,9,1,789000,0,0,0,0,0,0,normal,synthetic
SYN_0015,kurir,10,2,1043000,1,0,0,0,0,0,high_season,synthetic
SYN_0015,kurir,11,3,1198000,1,0,0,0,0,0,high_season,synthetic
SYN_0015,kurir,12,4,1549000,1,0,0,0,0,1,high_season,synthetic
SYN_0015,kurir,13,1,1097000,1,0,0,0,0,0,high_season,synthetic
SYN_0015,kurir,14,2,1511000,0,1,0,0,0,0,high_season,synthetic
SYN_0015,kurir,15,3,571000,0,0,1,0,0,0,low_season,synthetic
SYN_0015,kurir,16,4,767000,0,0,1,0,0,1,low_season,synthetic
SYN_0015,kurir,17,1,742000,0,0,0,0,0,0,normal,synthetic
SYN_0015,kurir,18,2,797000,0,0,0,0,0,0,normal,synthetic
SYN_0015,kurir,19,3,895000,0,0,0,0,0,0,normal,synthetic
SYN_0015,kurir,20,4,874000,0,0,0,0,0,1,normal,synthetic
SYN_0015,kurir,21,1,781000,0,0,0,0,0,0,normal,synthetic
SYN_0015,kurir,22,2,754000,0,0,0,0,0,0,normal,synthetic
SYN_0015,kurir,23,3,924000,0,0,0,0,0,0,normal,synthetic
SYN_0015,kurir,24,4,974000,0,0,0,0,0,1,normal,synthetic
SYN_0015,kurir,25,1,756000,0,0,0,0,0,0,normal,synthetic
SYN_0015,kurir,26,2,861000,0,0,0,0,0,0,normal,synthetic
SYN_0015,kurir,27,3,690000,0,0,0,0,0,0,normal,synthetic
SYN_0015,kurir,28,4,940000,0,0,0,0,0,1,normal,synthetic
SYN_0015,kurir,29,1,816000,0,0,0,0,0,0,normal,synthetic
SYN_0015,kurir,30,2,894000,0,0,0,0,0,0,normal,synthetic
SYN_0015,kurir,31,3,851000,0,0,0,0,0,0,normal,synthetic
SYN_0015,kurir,32,4,878000,0,0,0,0,0,1,normal,synthetic
SYN_0015,kurir,33,1,786000,0,0,0,0,0,0,normal,synthetic
SYN_0015,kurir,34,2,883000,0,0,0,0,0,0,normal,synthetic
SYN_0015,kurir,35,3,834000,0,0,0,0,0,0,normal,synthetic
SYN_0015,kurir,36,4,1104000,0,0,0,0,0,1,normal,synthetic
SYN_0015,kurir,37,1,703000,0,0,0,0,0,0,normal,synthetic
SYN_0015,kurir,38,2,793000,0,0,0,0,0,0,normal,synthetic
SYN_0015,kurir,39,3,649000,0,0,0,0,0,0,normal,synthetic
SYN_0015,kurir,40,4,1077000,0,0,0,0,0,1,normal,synthetic
SYN_0015,kurir,41,1,768000,0,0,0,0,0,0,normal,synthetic
SYN_0015,kurir,42,2,708000,0,0,0,0,0,0,normal,synthetic
SYN_0015,kurir,43,3,702000,0,0,0,0,0,0,normal,synthetic
SYN_0015,kurir,44,4,920000,0,0,0,0,0,1,normal,synthetic
SYN_0015,kurir,45,1,800000,0,0,0,0,0,0,normal,synthetic
SYN_0015,kurir,46,2,809000,0,0,0,0,0,0,normal,synthetic
SYN_0015,kurir,47,3,772000,0,0,0,0,0,0,normal,synthetic
SYN_0015,kurir,48,4,909000,0,0,0,0,0,1,normal,synthetic
SYN_0015,kurir,49,1,882000,0,0,0,1,0,0,high_season,synthetic
SYN_0015,kurir,50,2,896000,0,0,0,1,0,0,high_season,synthetic
SYN_0015,kurir,51,3,965000,0,0,0,1,0,0,high_season,synthetic
SYN_0015,kurir,52,4,1174000,0,0,0,1,0,1,high_season,synthetic
SYN_0016,jualan_online,1,1,41180000,0,0,0,0,1,0,low_season,synthetic
SYN_0016,jualan_online,2,2,39871000,0,0,0,0,1,0,low_season,synthetic
SYN_0016,jualan_online,3,3,40679000,0,0,0,0,1,0,low_season,synthetic
SYN_0016,jualan_online,4,4,53082000,0,0,0,0,1,1,low_season,synthetic
SYN_0016,jualan_online,5,1,31867000,0,0,0,0,1,0,low_season,synthetic
SYN_0016,jualan_online,6,2,42799000,0,0,0,0,1,0,low_season,synthetic
SYN_0016,jualan_online,7,3,49105000,0,0,0,0,0,0,normal,synthetic
SYN_0016,jualan_online,8,4,61186000,0,0,0,0,0,1,normal,synthetic
SYN_0016,jualan_online,9,1,44832000,0,0,0,0,0,0,normal,synthetic
SYN_0016,jualan_online,10,2,90375000,1,0,0,0,0,0,high_season,synthetic
SYN_0016,jualan_online,11,3,64465000,1,0,0,0,0,0,high_season,synthetic
SYN_0016,jualan_online,12,4,78431000,1,0,0,0,0,1,high_season,synthetic
SYN_0016,jualan_online,13,1,58129000,1,0,0,0,0,0,high_season,synthetic
SYN_0016,jualan_online,14,2,78634000,0,1,0,0,0,0,high_season,synthetic
SYN_0016,jualan_online,15,3,31122000,0,0,1,0,0,0,low_season,synthetic
SYN_0016,jualan_online,16,4,46210000,0,0,1,0,0,1,low_season,synthetic
SYN_0016,jualan_online,17,1,50715000,0,0,0,0,0,0,normal,synthetic
SYN_0016,jualan_online,18,2,44846000,0,0,0,0,0,0,normal,synthetic
SYN_0016,jualan_online,19,3,43334000,0,0,0,0,0,0,normal,synthetic
SYN_0016,jualan_online,20,4,61040000,0,0,0,0,0,1,normal,synthetic
SYN_0016,jualan_online,21,1,40457000,0,0,0,0,0,0,normal,synthetic
SYN_0016,jualan_online,22,2,51800000,0,0,0,0,0,0,normal,synthetic
SYN_0016,jualan_online,23,3,49315000,0,0,0,0,0,0,normal,synthetic
SYN_0016,jualan_online,24,4,47264000,0,0,0,0,0,1,normal,synthetic
SYN_0016,jualan_online,25,1,51375000,0,0,0,0,0,0,normal,synthetic
SYN_0016,jualan_online,26,2,58518000,0,0,0,0,0,0,normal,synthetic
SYN_0016,jualan_online,27,3,44603000,0,0,0,0,0,0,normal,synthetic
SYN_0016,jualan_online,28,4,55084000,0,0,0,0,0,1,normal,synthetic
SYN_0016,jualan_online,29,1,44815000,0,0,0,0,0,0,normal,synthetic
SYN_0016,jualan_online,30,2,50075000,0,0,0,0,0,0,normal,synthetic
SYN_0016,jualan_online,31,3,51948000,0,0,0,0,0,0,normal,synthetic
SYN_0016,jualan_online,32,4,71708000,0,0,0,0,0,1,normal,synthetic
SYN_0016,jualan_online,33,1,42409000,0,0,0,0,0,0,normal,synthetic
SYN_0016,jualan_online,34,2,43531000,0,0,0,0,0,0,normal,synthetic
SYN_0016,jualan_online,35,3,40174000,0,0,0,0,0,0,normal,synthetic
SYN_0016,jualan_online,36,4,52704000,0,0,0,0,0,1,normal,synthetic
SYN_0016,jualan_online,37,1,43156000,0,0,0,0,0,0,normal,synthetic
SYN_0016,jualan_online,38,2,58510000,0,0,0,0,0,0,normal,synthetic
SYN_0016,jualan_online,39,3,45153000,0,0,0,0,0,0,normal,synthetic
SYN_0016,jualan_online,40,4,59323000,0,0,0,0,0,1,normal,synthetic
SYN_0016,jualan_online,41,1,43243000,0,0,0,0,0,0,normal,synthetic
SYN_0016,jualan_online,42,2,55009000,0,0,0,0,0,0,normal,synthetic
SYN_0016,jualan_online,43,3,62741000,0,0,0,0,0,0,normal,synthetic
SYN_0016,jualan_online,44,4,54091000,0,0,0,0,0,1,normal,synthetic
SYN_0016,jualan_online,45,1,40784000,0,0,0,0,0,0,normal,synthetic
SYN_0016,jualan_online,46,2,54175000,0,0,0,0,0,0,normal,synthetic
SYN_0016,jualan_online,47,3,52082000,0,0,0,0,0,0,normal,synthetic
SYN_0016,jualan_online,48,4,70574000,0,0,0,0,0,1,normal,synthetic
SYN_0016,jualan_online,49,1,60274000,0,0,0,1,0,0,high_season,synthetic
SYN_0016,jualan_online,50,2,59887000,0,0,0,1,0,0,high_season,synthetic
SYN_0016,jualan_online,51,3,67022000,0,0,0,1,0,0,high_season,synthetic
SYN_0016,jualan_online,52,4,85095000,0,0,0,1,0,1,high_season,synthetic
SYN_0017,content_creator,1,1,42220000,0,0,0,0,1,0,low_season,synthetic
SYN_0017,content_creator,2,2,45320000,0,0,0,0,1,0,low_season,synthetic
SYN_0017,content_creator,3,3,47976000,0,0,0,0,1,0,low_season,synthetic
SYN_0017,content_creator,4,4,58928000,0,0,0,0,1,1,low_season,synthetic
SYN_0017,content_creator,5,1,47718000,0,0,0,0,1,0,low_season,synthetic
SYN_0017,content_creator,6,2,36705000,0,0,0,0,1,0,low_season,synthetic
SYN_0017,content_creator,7,3,53126000,0,0,0,0,0,0,normal,synthetic
SYN_0017,content_creator,8,4,54764000,0,0,0,0,0,1,normal,synthetic
SYN_0017,content_creator,9,1,37404000,0,0,0,0,0,0,normal,synthetic
SYN_0017,content_creator,10,2,62099000,1,0,0,0,0,0,high_season,synthetic
SYN_0017,content_creator,11,3,77216000,1,0,0,0,0,0,high_season,synthetic
SYN_0017,content_creator,12,4,91484000,1,0,0,0,0,1,high_season,synthetic
SYN_0017,content_creator,13,1,68408000,1,0,0,0,0,0,high_season,synthetic
SYN_0017,content_creator,14,2,82092000,0,1,0,0,0,0,high_season,synthetic
SYN_0017,content_creator,15,3,34248000,0,0,1,0,0,0,low_season,synthetic
SYN_0017,content_creator,16,4,47118000,0,0,1,0,0,1,low_season,synthetic
SYN_0017,content_creator,17,1,32209000,0,0,0,0,0,0,normal,synthetic
SYN_0017,content_creator,18,2,49113000,0,0,0,0,0,0,normal,synthetic
SYN_0017,content_creator,19,3,49688000,0,0,0,0,0,0,normal,synthetic
SYN_0017,content_creator,20,4,66631000,0,0,0,0,0,1,normal,synthetic
SYN_0017,content_creator,21,1,33311000,0,0,0,0,0,0,normal,synthetic
SYN_0017,content_creator,22,2,62055000,0,0,0,0,0,0,normal,synthetic
SYN_0017,content_creator,23,3,50776000,0,0,0,0,0,0,normal,synthetic
SYN_0017,content_creator,24,4,61491000,0,0,0,0,0,1,normal,synthetic
SYN_0017,content_creator,25,1,40827000,0,0,0,0,0,0,normal,synthetic
SYN_0017,content_creator,26,2,53631000,0,0,0,0,0,0,normal,synthetic
SYN_0017,content_creator,27,3,49318000,0,0,0,0,0,0,normal,synthetic
SYN_0017,content_creator,28,4,71444000,0,0,0,0,0,1,normal,synthetic
SYN_0017,content_creator,29,1,32588000,0,0,0,0,0,0,normal,synthetic
SYN_0017,content_creator,30,2,50441000,0,0,0,0,0,0,normal,synthetic
SYN_0017,content_creator,31,3,52491000,0,0,0,0,0,0,normal,synthetic
SYN_0017,content_creator,32,4,56707000,0,0,0,0,0,1,normal,synthetic
SYN_0017,content_creator,33,1,40801000,0,0,0,0,0,0,normal,synthetic
SYN_0017,content_creator,34,2,45702000,0,0,0,0,0,0,normal,synthetic
SYN_0017,content_creator,35,3,50433000,0,0,0,0,0,0,normal,synthetic
SYN_0017,content_creator,36,4,39559000,0,0,0,0,0,1,normal,synthetic
SYN_0017,content_creator,37,1,51650000,0,0,0,0,0,0,normal,synthetic
SYN_0017,content_creator,38,2,44670000,0,0,0,0,0,0,normal,synthetic
SYN_0017,content_creator,39,3,50021000,0,0,0,0,0,0,normal,synthetic
SYN_0017,content_creator,40,4,62552000,0,0,0,0,0,1,normal,synthetic
SYN_0017,content_creator,41,1,39841000,0,0,0,0,0,0,normal,synthetic
SYN_0017,content_creator,42,2,47743000,0,0,0,0,0,0,normal,synthetic
SYN_0017,content_creator,43,3,30983000,0,0,0,0,0,0,normal,synthetic
SYN_0017,content_creator,44,4,66408000,0,0,0,0,0,1,normal,synthetic
SYN_0017,content_creator,45,1,52562000,0,0,0,0,0,0,normal,synthetic
SYN_0017,content_creator,46,2,33925000,0,0,0,0,0,0,normal,synthetic
SYN_0017,content_creator,47,3,45318000,0,0,0,0,0,0,normal,synthetic
SYN_0017,content_creator,48,4,45686000,0,0,0,0,0,1,normal,synthetic
SYN_0017,content_creator,49,1,55378000,0,0,0,1,0,0,high_season,synthetic
SYN_0017,content_creator,50,2,70986000,0,0,0,1,0,0,high_season,synthetic
SYN_0017,content_creator,51,3,74861000,0,0,0,1,0,0,high_season,synthetic
SYN_0017,content_creator,52,4,91681000,0,0,0,1,0,1,high_season,synthetic
SYN_0018,ojek_online,1,1,1111000,0,0,0,0,1,0,low_season,synthetic
SYN_0018,ojek_online,2,2,1138000,0,0,0,0,1,0,low_season,synthetic
SYN_0018,ojek_online,3,3,1389000,0,0,0,0,1,0,low_season,synthetic
SYN_0018,ojek_online,4,4,1216000,0,0,0,0,1,1,low_season,synthetic
SYN_0018,ojek_online,5,1,859000,0,0,0,0,1,0,low_season,synthetic
SYN_0018,ojek_online,6,2,1062000,0,0,0,0,1,0,low_season,synthetic
SYN_0018,ojek_online,7,3,1347000,0,0,0,0,0,0,normal,synthetic
SYN_0018,ojek_online,8,4,1669000,0,0,0,0,0,1,normal,synthetic
SYN_0018,ojek_online,9,1,1186000,0,0,0,0,0,0,normal,synthetic
SYN_0018,ojek_online,10,2,2041000,1,0,0,0,0,0,high_season,synthetic
SYN_0018,ojek_online,11,3,1688000,1,0,0,0,0,0,high_season,synthetic
SYN_0018,ojek_online,12,4,2737000,1,0,0,0,0,1,high_season,synthetic
SYN_0018,ojek_online,13,1,1751000,1,0,0,0,0,0,high_season,synthetic
SYN_0018,ojek_online,14,2,2666000,0,1,0,0,0,0,high_season,synthetic
SYN_0018,ojek_online,15,3,984000,0,0,1,0,0,0,low_season,synthetic
SYN_0018,ojek_online,16,4,1196000,0,0,1,0,0,1,low_season,synthetic
SYN_0018,ojek_online,17,1,1296000,0,0,0,0,0,0,normal,synthetic
SYN_0018,ojek_online,18,2,1422000,0,0,0,0,0,0,normal,synthetic
SYN_0018,ojek_online,19,3,1452000,0,0,0,0,0,0,normal,synthetic
SYN_0018,ojek_online,20,4,1867000,0,0,0,0,0,1,normal,synthetic
SYN_0018,ojek_online,21,1,1246000,0,0,0,0,0,0,normal,synthetic
SYN_0018,ojek_online,22,2,1462000,0,0,0,0,0,0,normal,synthetic
SYN_0018,ojek_online,23,3,1340000,0,0,0,0,0,0,normal,synthetic
SYN_0018,ojek_online,24,4,1887000,0,0,0,0,0,1,normal,synthetic
SYN_0018,ojek_online,25,1,1126000,0,0,0,0,0,0,normal,synthetic
SYN_0018,ojek_online,26,2,1627000,0,0,0,0,0,0,normal,synthetic
SYN_0018,ojek_online,27,3,1348000,0,0,0,0,0,0,normal,synthetic
SYN_0018,ojek_online,28,4,1365000,0,0,0,0,0,1,normal,synthetic
SYN_0018,ojek_online,29,1,1236000,0,0,0,0,0,0,normal,synthetic
SYN_0018,ojek_online,30,2,1251000,0,0,0,0,0,0,normal,synthetic
SYN_0018,ojek_online,31,3,1482000,0,0,0,0,0,0,normal,synthetic
SYN_0018,ojek_online,32,4,1506000,0,0,0,0,0,1,normal,synthetic
SYN_0018,ojek_online,33,1,1158000,0,0,0,0,0,0,normal,synthetic
SYN_0018,ojek_online,34,2,1068000,0,0,0,0,0,0,normal,synthetic
SYN_0018,ojek_online,35,3,1286000,0,0,0,0,0,0,normal,synthetic
SYN_0018,ojek_online,36,4,1184000,0,0,0,0,0,1,normal,synthetic
SYN_0018,ojek_online,37,1,1003000,0,0,0,0,0,0,normal,synthetic
SYN_0018,ojek_online,38,2,1469000,0,0,0,0,0,0,normal,synthetic
SYN_0018,ojek_online,39,3,1473000,0,0,0,0,0,0,normal,synthetic
SYN_0018,ojek_online,40,4,1702000,0,0,0,0,0,1,normal,synthetic
SYN_0018,ojek_online,41,1,1087000,0,0,0,0,0,0,normal,synthetic
SYN_0018,ojek_online,42,2,1347000,0,0,0,0,0,0,normal,synthetic
SYN_0018,ojek_online,43,3,1354000,0,0,0,0,0,0,normal,synthetic
SYN_0018,ojek_online,44,4,1414000,0,0,0,0,0,1,normal,synthetic
SYN_0018,ojek_online,45,1,1424000,0,0,0,0,0,0,normal,synthetic
SYN_0018,ojek_online,46,2,1487000,0,0,0,0,0,0,normal,synthetic
SYN_0018,ojek_online,47,3,1321000,0,0,0,0,0,0,normal,synthetic
SYN_0018,ojek_online,48,4,1630000,0,0,0,0,0,1,normal,synthetic
SYN_0018,ojek_online,49,1,1621000,0,0,0,1,0,0,high_season,synthetic
SYN_0018,ojek_online,50,2,1358000,0,0,0,1,0,0,high_season,synthetic
SYN_0018,ojek_online,51,3,1712000,0,0,0,1,0,0,high_season,synthetic
SYN_0018,ojek_online,52,4,1951000,0,0,0,1,0,1,high_season,synthetic
SYN_0019,ojek_online,1,1,754000,0,0,0,0,1,0,low_season,synthetic
SYN_0019,ojek_online,2,2,932000,0,0,0,0,1,0,low_season,synthetic
SYN_0019,ojek_online,3,3,804000,0,0,0,0,1,0,low_season,synthetic
SYN_0019,ojek_online,4,4,1216000,0,0,0,0,1,1,low_season,synthetic
SYN_0019,ojek_online,5,1,879000,0,0,0,0,1,0,low_season,synthetic
SYN_0019,ojek_online,6,2,862000,0,0,0,0,1,0,low_season,synthetic
SYN_0019,ojek_online,7,3,1020000,0,0,0,0,0,0,normal,synthetic
SYN_0019,ojek_online,8,4,1328000,0,0,0,0,0,1,normal,synthetic
SYN_0019,ojek_online,9,1,880000,0,0,0,0,0,0,normal,synthetic
SYN_0019,ojek_online,10,2,1873000,1,0,0,0,0,0,high_season,synthetic
SYN_0019,ojek_online,11,3,1619000,1,0,0,0,0,0,high_season,synthetic
SYN_0019,ojek_online,12,4,1950000,1,0,0,0,0,1,high_season,synthetic
SYN_0019,ojek_online,13,1,1508000,1,0,0,0,0,0,high_season,synthetic
SYN_0019,ojek_online,14,2,1757000,0,1,0,0,0,0,high_season,synthetic
SYN_0019,ojek_online,15,3,843000,0,0,1,0,0,0,low_season,synthetic
SYN_0019,ojek_online,16,4,913000,0,0,1,0,0,1,low_season,synthetic
SYN_0019,ojek_online,17,1,1069000,0,0,0,0,0,0,normal,synthetic
SYN_0019,ojek_online,18,2,1050000,0,0,0,0,0,0,normal,synthetic
SYN_0019,ojek_online,19,3,1232000,0,0,0,0,0,0,normal,synthetic
SYN_0019,ojek_online,20,4,1346000,0,0,0,0,0,1,normal,synthetic
SYN_0019,ojek_online,21,1,1202000,0,0,0,0,0,0,normal,synthetic
SYN_0019,ojek_online,22,2,1029000,0,0,0,0,0,0,normal,synthetic
SYN_0019,ojek_online,23,3,1098000,0,0,0,0,0,0,normal,synthetic
SYN_0019,ojek_online,24,4,1139000,0,0,0,0,0,1,normal,synthetic
SYN_0019,ojek_online,25,1,909000,0,0,0,0,0,0,normal,synthetic
SYN_0019,ojek_online,26,2,1148000,0,0,0,0,0,0,normal,synthetic
SYN_0019,ojek_online,27,3,1209000,0,0,0,0,0,0,normal,synthetic
SYN_0019,ojek_online,28,4,1716000,0,0,0,0,0,1,normal,synthetic
SYN_0019,ojek_online,29,1,956000,0,0,0,0,0,0,normal,synthetic
SYN_0019,ojek_online,30,2,961000,0,0,0,0,0,0,normal,synthetic
SYN_0019,ojek_online,31,3,1164000,0,0,0,0,0,0,normal,synthetic
SYN_0019,ojek_online,32,4,1126000,0,0,0,0,0,1,normal,synthetic
SYN_0019,ojek_online,33,1,1027000,0,0,0,0,0,0,normal,synthetic
SYN_0019,ojek_online,34,2,1013000,0,0,0,0,0,0,normal,synthetic
SYN_0019,ojek_online,35,3,1099000,0,0,0,0,0,0,normal,synthetic
SYN_0019,ojek_online,36,4,1446000,0,0,0,0,0,1,normal,synthetic
SYN_0019,ojek_online,37,1,954000,0,0,0,0,0,0,normal,synthetic
SYN_0019,ojek_online,38,2,1186000,0,0,0,0,0,0,normal,synthetic
SYN_0019,ojek_online,39,3,1179000,0,0,0,0,0,0,normal,synthetic
SYN_0019,ojek_online,40,4,1019000,0,0,0,0,0,1,normal,synthetic
SYN_0019,ojek_online,41,1,869000,0,0,0,0,0,0,normal,synthetic
SYN_0019,ojek_online,42,2,886000,0,0,0,0,0,0,normal,synthetic
SYN_0019,ojek_online,43,3,1314000,0,0,0,0,0,0,normal,synthetic
SYN_0019,ojek_online,44,4,1273000,0,0,0,0,0,1,normal,synthetic
SYN_0019,ojek_online,45,1,1159000,0,0,0,0,0,0,normal,synthetic
SYN_0019,ojek_online,46,2,877000,0,0,0,0,0,0,normal,synthetic
SYN_0019,ojek_online,47,3,1005000,0,0,0,0,0,0,normal,synthetic
SYN_0019,ojek_online,48,4,1404000,0,0,0,0,0,1,normal,synthetic
SYN_0019,ojek_online,49,1,1281000,0,0,0,1,0,0,high_season,synthetic
SYN_0019,ojek_online,50,2,1479000,0,0,0,1,0,0,high_season,synthetic
SYN_0019,ojek_online,51,3,1200000,0,0,0,1,0,0,high_season,synthetic
SYN_0019,ojek_online,52,4,1933000,0,0,0,1,0,1,high_season,synthetic
SYN_0020,ojek_online,1,1,1012000,0,0,0,0,1,0,low_season,synthetic
SYN_0020,ojek_online,2,2,1097000,0,0,0,0,1,0,low_season,synthetic
SYN_0020,ojek_online,3,3,1000000,0,0,0,0,1,0,low_season,synthetic
SYN_0020,ojek_online,4,4,1182000,0,0,0,0,1,1,low_season,synthetic
SYN_0020,ojek_online,5,1,956000,0,0,0,0,1,0,low_season,synthetic
SYN_0020,ojek_online,6,2,1206000,0,0,0,0,1,0,low_season,synthetic
SYN_0020,ojek_online,7,3,1330000,0,0,0,0,0,0,normal,synthetic
SYN_0020,ojek_online,8,4,1442000,0,0,0,0,0,1,normal,synthetic
SYN_0020,ojek_online,9,1,1226000,0,0,0,0,0,0,normal,synthetic
SYN_0020,ojek_online,10,2,1238000,1,0,0,0,0,0,high_season,synthetic
SYN_0020,ojek_online,11,3,2052000,1,0,0,0,0,0,high_season,synthetic
SYN_0020,ojek_online,12,4,1756000,1,0,0,0,0,1,high_season,synthetic
SYN_0020,ojek_online,13,1,1570000,1,0,0,0,0,0,high_season,synthetic
SYN_0020,ojek_online,14,2,1919000,0,1,0,0,0,0,high_season,synthetic
SYN_0020,ojek_online,15,3,750000,0,0,1,0,0,0,low_season,synthetic
SYN_0020,ojek_online,16,4,1190000,0,0,1,0,0,1,low_season,synthetic
SYN_0020,ojek_online,17,1,1069000,0,0,0,0,0,0,normal,synthetic
SYN_0020,ojek_online,18,2,1302000,0,0,0,0,0,0,normal,synthetic
SYN_0020,ojek_online,19,3,1247000,0,0,0,0,0,0,normal,synthetic
SYN_0020,ojek_online,20,4,1585000,0,0,0,0,0,1,normal,synthetic
SYN_0020,ojek_online,21,1,1138000,0,0,0,0,0,0,normal,synthetic
SYN_0020,ojek_online,22,2,1073000,0,0,0,0,0,0,normal,synthetic
SYN_0020,ojek_online,23,3,1393000,0,0,0,0,0,0,normal,synthetic
SYN_0020,ojek_online,24,4,1421000,0,0,0,0,0,1,normal,synthetic
SYN_0020,ojek_online,25,1,932000,0,0,0,0,0,0,normal,synthetic
SYN_0020,ojek_online,26,2,1194000,0,0,0,0,0,0,normal,synthetic
SYN_0020,ojek_online,27,3,1464000,0,0,0,0,0,0,normal,synthetic
SYN_0020,ojek_online,28,4,1648000,0,0,0,0,0,1,normal,synthetic
SYN_0020,ojek_online,29,1,1084000,0,0,0,0,0,0,normal,synthetic
SYN_0020,ojek_online,30,2,1205000,0,0,0,0,0,0,normal,synthetic
SYN_0020,ojek_online,31,3,1208000,0,0,0,0,0,0,normal,synthetic
SYN_0020,ojek_online,32,4,1854000,0,0,0,0,0,1,normal,synthetic
SYN_0020,ojek_online,33,1,1177000,0,0,0,0,0,0,normal,synthetic
SYN_0020,ojek_online,34,2,1314000,0,0,0,0,0,0,normal,synthetic
SYN_0020,ojek_online,35,3,1398000,0,0,0,0,0,0,normal,synthetic
SYN_0020,ojek_online,36,4,1545000,0,0,0,0,0,1,normal,synthetic
SYN_0020,ojek_online,37,1,1096000,0,0,0,0,0,0,normal,synthetic
SYN_0020,ojek_online,38,2,1226000,0,0,0,0,0,0,normal,synthetic
SYN_0020,ojek_online,39,3,1244000,0,0,0,0,0,0,normal,synthetic
SYN_0020,ojek_online,40,4,1498000,0,0,0,0,0,1,normal,synthetic
SYN_0020,ojek_online,41,1,1220000,0,0,0,0,0,0,normal,synthetic
SYN_0020,ojek_online,42,2,1261000,0,0,0,0,0,0,normal,synthetic
SYN_0020,ojek_online,43,3,1356000,0,0,0,0,0,0,normal,synthetic
SYN_0020,ojek_online,44,4,1491000,0,0,0,0,0,1,normal,synthetic
SYN_0020,ojek_online,45,1,1138000,0,0,0,0,0,0,normal,synthetic
SYN_0020,ojek_online,46,2,973000,0,0,0,0,0,0,normal,synthetic
SYN_0020,ojek_online,47,3,1382000,0,0,0,0,0,0,normal,synthetic
SYN_0020,ojek_online,48,4,1563000,0,0,0,0,0,1,normal,synthetic
SYN_0020,ojek_online,49,1,1631000,0,0,0,1,0,0,high_season,synthetic
SYN_0020,ojek_online,50,2,1101000,0,0,0,1,0,0,high_season,synthetic
SYN_0020,ojek_online,51,3,2011000,0,0,0,1,0,0,high_season,synthetic
SYN_0020,ojek_online,52,4,1925000,0,0,0,1,0,1,high_season,synthetic
SYN_0021,ojek_online,1,1,763000,0,0,0,0,1,0,low_season,synthetic
SYN_0021,ojek_online,2,2,815000,0,0,0,0,1,0,low_season,synthetic
SYN_0021,ojek_online,3,3,733000,0,0,0,0,1,0,low_season,synthetic
SYN_0021,ojek_online,4,4,1063000,0,0,0,0,1,1,low_season,synthetic
SYN_0021,ojek_online,5,1,699000,0,0,0,0,1,0,low_season,synthetic
SYN_0021,ojek_online,6,2,839000,0,0,0,0,1,0,low_season,synthetic
SYN_0021,ojek_online,7,3,835000,0,0,0,0,0,0,normal,synthetic
SYN_0021,ojek_online,8,4,1113000,0,0,0,0,0,1,normal,synthetic
SYN_0021,ojek_online,9,1,1025000,0,0,0,0,0,0,normal,synthetic
SYN_0021,ojek_online,10,2,1495000,1,0,0,0,0,0,high_season,synthetic
SYN_0021,ojek_online,11,3,1396000,1,0,0,0,0,0,high_season,synthetic
SYN_0021,ojek_online,12,4,1538000,1,0,0,0,0,1,high_season,synthetic
SYN_0021,ojek_online,13,1,1223000,1,0,0,0,0,0,high_season,synthetic
SYN_0021,ojek_online,14,2,1664000,0,1,0,0,0,0,high_season,synthetic
SYN_0021,ojek_online,15,3,684000,0,0,1,0,0,0,low_season,synthetic
SYN_0021,ojek_online,16,4,687000,0,0,1,0,0,1,low_season,synthetic
SYN_0021,ojek_online,17,1,900000,0,0,0,0,0,0,normal,synthetic
SYN_0021,ojek_online,18,2,817000,0,0,0,0,0,0,normal,synthetic
SYN_0021,ojek_online,19,3,1100000,0,0,0,0,0,0,normal,synthetic
SYN_0021,ojek_online,20,4,1020000,0,0,0,0,0,1,normal,synthetic
SYN_0021,ojek_online,21,1,865000,0,0,0,0,0,0,normal,synthetic
SYN_0021,ojek_online,22,2,1035000,0,0,0,0,0,0,normal,synthetic
SYN_0021,ojek_online,23,3,904000,0,0,0,0,0,0,normal,synthetic
SYN_0021,ojek_online,24,4,1159000,0,0,0,0,0,1,normal,synthetic
SYN_0021,ojek_online,25,1,972000,0,0,0,0,0,0,normal,synthetic
SYN_0021,ojek_online,26,2,989000,0,0,0,0,0,0,normal,synthetic
SYN_0021,ojek_online,27,3,968000,0,0,0,0,0,0,normal,synthetic
SYN_0021,ojek_online,28,4,906000,0,0,0,0,0,1,normal,synthetic
SYN_0021,ojek_online,29,1,750000,0,0,0,0,0,0,normal,synthetic
SYN_0021,ojek_online,30,2,1040000,0,0,0,0,0,0,normal,synthetic
SYN_0021,ojek_online,31,3,990000,0,0,0,0,0,0,normal,synthetic
SYN_0021,ojek_online,32,4,1207000,0,0,0,0,0,1,normal,synthetic
SYN_0021,ojek_online,33,1,897000,0,0,0,0,0,0,normal,synthetic
SYN_0021,ojek_online,34,2,1065000,0,0,0,0,0,0,normal,synthetic
SYN_0021,ojek_online,35,3,903000,0,0,0,0,0,0,normal,synthetic
SYN_0021,ojek_online,36,4,1132000,0,0,0,0,0,1,normal,synthetic
SYN_0021,ojek_online,37,1,741000,0,0,0,0,0,0,normal,synthetic
SYN_0021,ojek_online,38,2,797000,0,0,0,0,0,0,normal,synthetic
SYN_0021,ojek_online,39,3,759000,0,0,0,0,0,0,normal,synthetic
SYN_0021,ojek_online,40,4,1006000,0,0,0,0,0,1,normal,synthetic
SYN_0021,ojek_online,41,1,983000,0,0,0,0,0,0,normal,synthetic
SYN_0021,ojek_online,42,2,769000,0,0,0,0,0,0,normal,synthetic
SYN_0021,ojek_online,43,3,899000,0,0,0,0,0,0,normal,synthetic
SYN_0021,ojek_online,44,4,955000,0,0,0,0,0,1,normal,synthetic
SYN_0021,ojek_online,45,1,781000,0,0,0,0,0,0,normal,synthetic
SYN_0021,ojek_online,46,2,948000,0,0,0,0,0,0,normal,synthetic
SYN_0021,ojek_online,47,3,858000,0,0,0,0,0,0,normal,synthetic
SYN_0021,ojek_online,48,4,1253000,0,0,0,0,0,1,normal,synthetic
SYN_0021,ojek_online,49,1,1276000,0,0,0,1,0,0,high_season,synthetic
SYN_0021,ojek_online,50,2,905000,0,0,0,1,0,0,high_season,synthetic
SYN_0021,ojek_online,51,3,1117000,0,0,0,1,0,0,high_season,synthetic
SYN_0021,ojek_online,52,4,1461000,0,0,0,1,0,1,high_season,synthetic
SYN_0022,kurir,1,1,886000,0,0,0,0,1,0,low_season,synthetic
SYN_0022,kurir,2,2,959000,0,0,0,0,1,0,low_season,synthetic
SYN_0022,kurir,3,3,1223000,0,0,0,0,1,0,low_season,synthetic
SYN_0022,kurir,4,4,1635000,0,0,0,0,1,1,low_season,synthetic
SYN_0022,kurir,5,1,1133000,0,0,0,0,1,0,low_season,synthetic
SYN_0022,kurir,6,2,1177000,0,0,0,0,1,0,low_season,synthetic
SYN_0022,kurir,7,3,1389000,0,0,0,0,0,0,normal,synthetic
SYN_0022,kurir,8,4,1703000,0,0,0,0,0,1,normal,synthetic
SYN_0022,kurir,9,1,1267000,0,0,0,0,0,0,normal,synthetic
SYN_0022,kurir,10,2,1961000,1,0,0,0,0,0,high_season,synthetic
SYN_0022,kurir,11,3,1931000,1,0,0,0,0,0,high_season,synthetic
SYN_0022,kurir,12,4,2284000,1,0,0,0,0,1,high_season,synthetic
SYN_0022,kurir,13,1,1608000,1,0,0,0,0,0,high_season,synthetic
SYN_0022,kurir,14,2,2252000,0,1,0,0,0,0,high_season,synthetic
SYN_0022,kurir,15,3,786000,0,0,1,0,0,0,low_season,synthetic
SYN_0022,kurir,16,4,1099000,0,0,1,0,0,1,low_season,synthetic
SYN_0022,kurir,17,1,1084000,0,0,0,0,0,0,normal,synthetic
SYN_0022,kurir,18,2,1191000,0,0,0,0,0,0,normal,synthetic
SYN_0022,kurir,19,3,1341000,0,0,0,0,0,0,normal,synthetic
SYN_0022,kurir,20,4,1778000,0,0,0,0,0,1,normal,synthetic
SYN_0022,kurir,21,1,1284000,0,0,0,0,0,0,normal,synthetic
SYN_0022,kurir,22,2,1137000,0,0,0,0,0,0,normal,synthetic
SYN_0022,kurir,23,3,1205000,0,0,0,0,0,0,normal,synthetic
SYN_0022,kurir,24,4,1715000,0,0,0,0,0,1,normal,synthetic
SYN_0022,kurir,25,1,1085000,0,0,0,0,0,0,normal,synthetic
SYN_0022,kurir,26,2,1294000,0,0,0,0,0,0,normal,synthetic
SYN_0022,kurir,27,3,1384000,0,0,0,0,0,0,normal,synthetic
SYN_0022,kurir,28,4,1449000,0,0,0,0,0,1,normal,synthetic
SYN_0022,kurir,29,1,1199000,0,0,0,0,0,0,normal,synthetic
SYN_0022,kurir,30,2,1165000,0,0,0,0,0,0,normal,synthetic
SYN_0022,kurir,31,3,1250000,0,0,0,0,0,0,normal,synthetic
SYN_0022,kurir,32,4,1628000,0,0,0,0,0,1,normal,synthetic
SYN_0022,kurir,33,1,1021000,0,0,0,0,0,0,normal,synthetic
SYN_0022,kurir,34,2,1371000,0,0,0,0,0,0,normal,synthetic
SYN_0022,kurir,35,3,1317000,0,0,0,0,0,0,normal,synthetic
SYN_0022,kurir,36,4,1661000,0,0,0,0,0,1,normal,synthetic
SYN_0022,kurir,37,1,1211000,0,0,0,0,0,0,normal,synthetic
SYN_0022,kurir,38,2,1478000,0,0,0,0,0,0,normal,synthetic
SYN_0022,kurir,39,3,1334000,0,0,0,0,0,0,normal,synthetic
SYN_0022,kurir,40,4,1524000,0,0,0,0,0,1,normal,synthetic
SYN_0022,kurir,41,1,1200000,0,0,0,0,0,0,normal,synthetic
SYN_0022,kurir,42,2,1383000,0,0,0,0,0,0,normal,synthetic
SYN_0022,kurir,43,3,1325000,0,0,0,0,0,0,normal,synthetic
SYN_0022,kurir,44,4,1589000,0,0,0,0,0,1,normal,synthetic
SYN_0022,kurir,45,1,1114000,0,0,0,0,0,0,normal,synthetic
SYN_0022,kurir,46,2,1243000,0,0,0,0,0,0,normal,synthetic
SYN_0022,kurir,47,3,1157000,0,0,0,0,0,0,normal,synthetic
SYN_0022,kurir,48,4,1827000,0,0,0,0,0,1,normal,synthetic
SYN_0022,kurir,49,1,1375000,0,0,0,1,0,0,high_season,synthetic
SYN_0022,kurir,50,2,1611000,0,0,0,1,0,0,high_season,synthetic
SYN_0022,kurir,51,3,1607000,0,0,0,1,0,0,high_season,synthetic
SYN_0022,kurir,52,4,2221000,0,0,0,1,0,1,high_season,synthetic
SYN_0023,content_creator,1,1,54299000,0,0,0,0,1,0,low_season,synthetic
SYN_0023,content_creator,2,2,73959000,0,0,0,0,1,0,low_season,synthetic
SYN_0023,content_creator,3,3,60922000,0,0,0,0,1,0,low_season,synthetic
SYN_0023,content_creator,4,4,119124000,0,0,0,0,1,1,low_season,synthetic
SYN_0023,content_creator,5,1,49594000,0,0,0,0,1,0,low_season,synthetic
SYN_0023,content_creator,6,2,77595000,0,0,0,0,1,0,low_season,synthetic
SYN_0023,content_creator,7,3,72380000,0,0,0,0,0,0,normal,synthetic
SYN_0023,content_creator,8,4,93718000,0,0,0,0,0,1,normal,synthetic
SYN_0023,content_creator,9,1,81202000,0,0,0,0,0,0,normal,synthetic
SYN_0023,content_creator,10,2,147612000,1,0,0,0,0,0,high_season,synthetic
SYN_0023,content_creator,11,3,156295000,1,0,0,0,0,0,high_season,synthetic
SYN_0023,content_creator,12,4,104988000,1,0,0,0,0,1,high_season,synthetic
SYN_0023,content_creator,13,1,114103000,1,0,0,0,0,0,high_season,synthetic
SYN_0023,content_creator,14,2,184325000,0,1,0,0,0,0,high_season,synthetic
SYN_0023,content_creator,15,3,40677000,0,0,1,0,0,0,low_season,synthetic
SYN_0023,content_creator,16,4,74033000,0,0,1,0,0,1,low_season,synthetic
SYN_0023,content_creator,17,1,75045000,0,0,0,0,0,0,normal,synthetic
SYN_0023,content_creator,18,2,89639000,0,0,0,0,0,0,normal,synthetic
SYN_0023,content_creator,19,3,71819000,0,0,0,0,0,0,normal,synthetic
SYN_0023,content_creator,20,4,74231000,0,0,0,0,0,1,normal,synthetic
SYN_0023,content_creator,21,1,49221000,0,0,0,0,0,0,normal,synthetic
SYN_0023,content_creator,22,2,98075000,0,0,0,0,0,0,normal,synthetic
SYN_0023,content_creator,23,3,99992000,0,0,0,0,0,0,normal,synthetic
SYN_0023,content_creator,24,4,105551000,0,0,0,0,0,1,normal,synthetic
SYN_0023,content_creator,25,1,67855000,0,0,0,0,0,0,normal,synthetic
SYN_0023,content_creator,26,2,59045000,0,0,0,0,0,0,normal,synthetic
SYN_0023,content_creator,27,3,91873000,0,0,0,0,0,0,normal,synthetic
SYN_0023,content_creator,28,4,80264000,0,0,0,0,0,1,normal,synthetic
SYN_0023,content_creator,29,1,65461000,0,0,0,0,0,0,normal,synthetic
SYN_0023,content_creator,30,2,74608000,0,0,0,0,0,0,normal,synthetic
SYN_0023,content_creator,31,3,80449000,0,0,0,0,0,0,normal,synthetic
SYN_0023,content_creator,32,4,86422000,0,0,0,0,0,1,normal,synthetic
SYN_0023,content_creator,33,1,75525000,0,0,0,0,0,0,normal,synthetic
SYN_0023,content_creator,34,2,74078000,0,0,0,0,0,0,normal,synthetic
SYN_0023,content_creator,35,3,93946000,0,0,0,0,0,0,normal,synthetic
SYN_0023,content_creator,36,4,118675000,0,0,0,0,0,1,normal,synthetic
SYN_0023,content_creator,37,1,76540000,0,0,0,0,0,0,normal,synthetic
SYN_0023,content_creator,38,2,90361000,0,0,0,0,0,0,normal,synthetic
SYN_0023,content_creator,39,3,115214000,0,0,0,0,0,0,normal,synthetic
SYN_0023,content_creator,40,4,78970000,0,0,0,0,0,1,normal,synthetic
SYN_0023,content_creator,41,1,58405000,0,0,0,0,0,0,normal,synthetic
SYN_0023,content_creator,42,2,93850000,0,0,0,0,0,0,normal,synthetic
SYN_0023,content_creator,43,3,112641000,0,0,0,0,0,0,normal,synthetic
SYN_0023,content_creator,44,4,95404000,0,0,0,0,0,1,normal,synthetic
SYN_0023,content_creator,45,1,98408000,0,0,0,0,0,0,normal,synthetic
SYN_0023,content_creator,46,2,84863000,0,0,0,0,0,0,normal,synthetic
SYN_0023,content_creator,47,3,73191000,0,0,0,0,0,0,normal,synthetic
SYN_0023,content_creator,48,4,82248000,0,0,0,0,0,1,normal,synthetic
SYN_0023,content_creator,49,1,108652000,0,0,0,1,0,0,high_season,synthetic
SYN_0023,content_creator,50,2,90580000,0,0,0,1,0,0,high_season,synthetic
SYN_0023,content_creator,51,3,110026000,0,0,0,1,0,0,high_season,synthetic
SYN_0023,content_creator,52,4,167216000,0,0,0,1,0,1,high_season,synthetic
SYN_0024,kurir,1,1,866000,0,0,0,0,1,0,low_season,synthetic
SYN_0024,kurir,2,2,925000,0,0,0,0,1,0,low_season,synthetic
SYN_0024,kurir,3,3,794000,0,0,0,0,1,0,low_season,synthetic
SYN_0024,kurir,4,4,1024000,0,0,0,0,1,1,low_season,synthetic
SYN_0024,kurir,5,1,875000,0,0,0,0,1,0,low_season,synthetic
SYN_0024,kurir,6,2,889000,0,0,0,0,1,0,low_season,synthetic
SYN_0024,kurir,7,3,1244000,0,0,0,0,0,0,normal,synthetic
SYN_0024,kurir,8,4,1283000,0,0,0,0,0,1,normal,synthetic
SYN_0024,kurir,9,1,946000,0,0,0,0,0,0,normal,synthetic
SYN_0024,kurir,10,2,1457000,1,0,0,0,0,0,high_season,synthetic
SYN_0024,kurir,11,3,1516000,1,0,0,0,0,0,high_season,synthetic
SYN_0024,kurir,12,4,1774000,1,0,0,0,0,1,high_season,synthetic
SYN_0024,kurir,13,1,1432000,1,0,0,0,0,0,high_season,synthetic
SYN_0024,kurir,14,2,1960000,0,1,0,0,0,0,high_season,synthetic
SYN_0024,kurir,15,3,673000,0,0,1,0,0,0,low_season,synthetic
SYN_0024,kurir,16,4,766000,0,0,1,0,0,1,low_season,synthetic
SYN_0024,kurir,17,1,780000,0,0,0,0,0,0,normal,synthetic
SYN_0024,kurir,18,2,1079000,0,0,0,0,0,0,normal,synthetic
SYN_0024,kurir,19,3,933000,0,0,0,0,0,0,normal,synthetic
SYN_0024,kurir,20,4,1005000,0,0,0,0,0,1,normal,synthetic
SYN_0024,kurir,21,1,962000,0,0,0,0,0,0,normal,synthetic
SYN_0024,kurir,22,2,1260000,0,0,0,0,0,0,normal,synthetic
SYN_0024,kurir,23,3,1033000,0,0,0,0,0,0,normal,synthetic
SYN_0024,kurir,24,4,1331000,0,0,0,0,0,1,normal,synthetic
SYN_0024,kurir,25,1,937000,0,0,0,0,0,0,normal,synthetic
SYN_0024,kurir,26,2,1024000,0,0,0,0,0,0,normal,synthetic
SYN_0024,kurir,27,3,1117000,0,0,0,0,0,0,normal,synthetic
SYN_0024,kurir,28,4,1208000,0,0,0,0,0,1,normal,synthetic
SYN_0024,kurir,29,1,952000,0,0,0,0,0,0,normal,synthetic
SYN_0024,kurir,30,2,1062000,0,0,0,0,0,0,normal,synthetic
SYN_0024,kurir,31,3,972000,0,0,0,0,0,0,normal,synthetic
SYN_0024,kurir,32,4,1348000,0,0,0,0,0,1,normal,synthetic
SYN_0024,kurir,33,1,915000,0,0,0,0,0,0,normal,synthetic
SYN_0024,kurir,34,2,964000,0,0,0,0,0,0,normal,synthetic
SYN_0024,kurir,35,3,1082000,0,0,0,0,0,0,normal,synthetic
SYN_0024,kurir,36,4,1142000,0,0,0,0,0,1,normal,synthetic
SYN_0024,kurir,37,1,932000,0,0,0,0,0,0,normal,synthetic
SYN_0024,kurir,38,2,1032000,0,0,0,0,0,0,normal,synthetic
SYN_0024,kurir,39,3,1132000,0,0,0,0,0,0,normal,synthetic
SYN_0024,kurir,40,4,1292000,0,0,0,0,0,1,normal,synthetic
SYN_0024,kurir,41,1,928000,0,0,0,0,0,0,normal,synthetic
SYN_0024,kurir,42,2,1107000,0,0,0,0,0,0,normal,synthetic
SYN_0024,kurir,43,3,1160000,0,0,0,0,0,0,normal,synthetic
SYN_0024,kurir,44,4,1301000,0,0,0,0,0,1,normal,synthetic
SYN_0024,kurir,45,1,931000,0,0,0,0,0,0,normal,synthetic
SYN_0024,kurir,46,2,914000,0,0,0,0,0,0,normal,synthetic
SYN_0024,kurir,47,3,936000,0,0,0,0,0,0,normal,synthetic
SYN_0024,kurir,48,4,1206000,0,0,0,0,0,1,normal,synthetic
SYN_0024,kurir,49,1,1144000,0,0,0,1,0,0,high_season,synthetic
SYN_0024,kurir,50,2,1321000,0,0,0,1,0,0,high_season,synthetic
SYN_0024,kurir,51,3,1350000,0,0,0,1,0,0,high_season,synthetic
SYN_0024,kurir,52,4,1687000,0,0,0,1,0,1,high_season,synthetic
SYN_0025,jualan_online,1,1,71000,0,0,0,0,1,0,low_season,synthetic
SYN_0025,jualan_online,2,2,56000,0,0,0,0,1,0,low_season,synthetic
SYN_0025,jualan_online,3,3,88000,0,0,0,0,1,0,low_season,synthetic
SYN_0025,jualan_online,4,4,105000,0,0,0,0,1,1,low_season,synthetic
SYN_0025,jualan_online,5,1,69000,0,0,0,0,1,0,low_season,synthetic
SYN_0025,jualan_online,6,2,91000,0,0,0,0,1,0,low_season,synthetic
SYN_0025,jualan_online,7,3,85000,0,0,0,0,0,0,normal,synthetic
SYN_0025,jualan_online,8,4,106000,0,0,0,0,0,1,normal,synthetic
SYN_0025,jualan_online,9,1,95000,0,0,0,0,0,0,normal,synthetic
SYN_0025,jualan_online,10,2,133000,1,0,0,0,0,0,high_season,synthetic
SYN_0025,jualan_online,11,3,144000,1,0,0,0,0,0,high_season,synthetic
SYN_0025,jualan_online,12,4,162000,1,0,0,0,0,1,high_season,synthetic
SYN_0025,jualan_online,13,1,124000,1,0,0,0,0,0,high_season,synthetic
SYN_0025,jualan_online,14,2,167000,0,1,0,0,0,0,high_season,synthetic
SYN_0025,jualan_online,15,3,64000,0,0,1,0,0,0,low_season,synthetic
SYN_0025,jualan_online,16,4,87000,0,0,1,0,0,1,low_season,synthetic
SYN_0025,jualan_online,17,1,83000,0,0,0,0,0,0,normal,synthetic
SYN_0025,jualan_online,18,2,100000,0,0,0,0,0,0,normal,synthetic
SYN_0025,jualan_online,19,3,91000,0,0,0,0,0,0,normal,synthetic
SYN_0025,jualan_online,20,4,98000,0,0,0,0,0,1,normal,synthetic
SYN_0025,jualan_online,21,1,100000,0,0,0,0,0,0,normal,synthetic
SYN_0025,jualan_online,22,2,106000,0,0,0,0,0,0,normal,synthetic
SYN_0025,jualan_online,23,3,127000,0,0,0,0,0,0,normal,synthetic
SYN_0025,jualan_online,24,4,105000,0,0,0,0,0,1,normal,synthetic
SYN_0025,jualan_online,25,1,88000,0,0,0,0,0,0,normal,synthetic
SYN_0025,jualan_online,26,2,98000,0,0,0,0,0,0,normal,synthetic
SYN_0025,jualan_online,27,3,112000,0,0,0,0,0,0,normal,synthetic
SYN_0025,jualan_online,28,4,113000,0,0,0,0,0,1,normal,synthetic
SYN_0025,jualan_online,29,1,77000,0,0,0,0,0,0,normal,synthetic
SYN_0025,jualan_online,30,2,114000,0,0,0,0,0,0,normal,synthetic
SYN_0025,jualan_online,31,3,96000,0,0,0,0,0,0,normal,synthetic
SYN_0025,jualan_online,32,4,133000,0,0,0,0,0,1,normal,synthetic
SYN_0025,jualan_online,33,1,98000,0,0,0,0,0,0,normal,synthetic
SYN_0025,jualan_online,34,2,100000,0,0,0,0,0,0,normal,synthetic
SYN_0025,jualan_online,35,3,98000,0,0,0,0,0,0,normal,synthetic
SYN_0025,jualan_online,36,4,114000,0,0,0,0,0,1,normal,synthetic
SYN_0025,jualan_online,37,1,90000,0,0,0,0,0,0,normal,synthetic
SYN_0025,jualan_online,38,2,110000,0,0,0,0,0,0,normal,synthetic
SYN_0025,jualan_online,39,3,90000,0,0,0,0,0,0,normal,synthetic
SYN_0025,jualan_online,40,4,122000,0,0,0,0,0,1,normal,synthetic
SYN_0025,jualan_online,41,1,78000,0,0,0,0,0,0,normal,synthetic
SYN_0025,jualan_online,42,2,88000,0,0,0,0,0,0,normal,synthetic
SYN_0025,jualan_online,43,3,100000,0,0,0,0,0,0,normal,synthetic
SYN_0025,jualan_online,44,4,92000,0,0,0,0,0,1,normal,synthetic
SYN_0025,jualan_online,45,1,112000,0,0,0,0,0,0,normal,synthetic
SYN_0025,jualan_online,46,2,86000,0,0,0,0,0,0,normal,synthetic
SYN_0025,jualan_online,47,3,100000,0,0,0,0,0,0,normal,synthetic
SYN_0025,jualan_online,48,4,137000,0,0,0,0,0,1,normal,synthetic
SYN_0025,jualan_online,49,1,105000,0,0,0,1,0,0,high_season,synthetic
SYN_0025,jualan_online,50,2,94000,0,0,0,1,0,0,high_season,synthetic
SYN_0025,jualan_online,51,3,123000,0,0,0,1,0,0,high_season,synthetic
SYN_0025,jualan_online,52,4,140000,0,0,0,1,0,1,high_season,synthetic
SYN_0026,freelancer_desain,1,1,68000,0,0,0,0,1,0,low_season,synthetic
SYN_0026,freelancer_desain,2,2,99000,0,0,0,0,1,0,low_season,synthetic
SYN_0026,freelancer_desain,3,3,77000,0,0,0,0,1,0,low_season,synthetic
SYN_0026,freelancer_desain,4,4,132000,0,0,0,0,1,1,low_season,synthetic
SYN_0026,freelancer_desain,5,1,85000,0,0,0,0,1,0,low_season,synthetic
SYN_0026,freelancer_desain,6,2,78000,0,0,0,0,1,0,low_season,synthetic
SYN_0026,freelancer_desain,7,3,135000,0,0,0,0,0,0,normal,synthetic
SYN_0026,freelancer_desain,8,4,108000,0,0,0,0,0,1,normal,synthetic
SYN_0026,freelancer_desain,9,1,101000,0,0,0,0,0,0,normal,synthetic
SYN_0026,freelancer_desain,10,2,152000,1,0,0,0,0,0,high_season,synthetic
SYN_0026,freelancer_desain,11,3,175000,1,0,0,0,0,0,high_season,synthetic
SYN_0026,freelancer_desain,12,4,217000,1,0,0,0,0,1,high_season,synthetic
SYN_0026,freelancer_desain,13,1,131000,1,0,0,0,0,0,high_season,synthetic
SYN_0026,freelancer_desain,14,2,154000,0,1,0,0,0,0,high_season,synthetic
SYN_0026,freelancer_desain,15,3,75000,0,0,1,0,0,0,low_season,synthetic
SYN_0026,freelancer_desain,16,4,75000,0,0,1,0,0,1,low_season,synthetic
SYN_0026,freelancer_desain,17,1,119000,0,0,0,0,0,0,normal,synthetic
SYN_0026,freelancer_desain,18,2,102000,0,0,0,0,0,0,normal,synthetic
SYN_0026,freelancer_desain,19,3,94000,0,0,0,0,0,0,normal,synthetic
SYN_0026,freelancer_desain,20,4,124000,0,0,0,0,0,1,normal,synthetic
SYN_0026,freelancer_desain,21,1,71000,0,0,0,0,0,0,normal,synthetic
SYN_0026,freelancer_desain,22,2,84000,0,0,0,0,0,0,normal,synthetic
SYN_0026,freelancer_desain,23,3,119000,0,0,0,0,0,0,normal,synthetic
SYN_0026,freelancer_desain,24,4,107000,0,0,0,0,0,1,normal,synthetic
SYN_0026,freelancer_desain,25,1,75000,0,0,0,0,0,0,normal,synthetic
SYN_0026,freelancer_desain,26,2,109000,0,0,0,0,0,0,normal,synthetic
SYN_0026,freelancer_desain,27,3,119000,0,0,0,0,0,0,normal,synthetic
SYN_0026,freelancer_desain,28,4,134000,0,0,0,0,0,1,normal,synthetic
SYN_0026,freelancer_desain,29,1,104000,0,0,0,0,0,0,normal,synthetic
SYN_0026,freelancer_desain,30,2,88000,0,0,0,0,0,0,normal,synthetic
SYN_0026,freelancer_desain,31,3,77000,0,0,0,0,0,0,normal,synthetic
SYN_0026,freelancer_desain,32,4,149000,0,0,0,0,0,1,normal,synthetic
SYN_0026,freelancer_desain,33,1,85000,0,0,0,0,0,0,normal,synthetic
SYN_0026,freelancer_desain,34,2,96000,0,0,0,0,0,0,normal,synthetic
SYN_0026,freelancer_desain,35,3,121000,0,0,0,0,0,0,normal,synthetic
SYN_0026,freelancer_desain,36,4,131000,0,0,0,0,0,1,normal,synthetic
SYN_0026,freelancer_desain,37,1,97000,0,0,0,0,0,0,normal,synthetic
SYN_0026,freelancer_desain,38,2,135000,0,0,0,0,0,0,normal,synthetic
SYN_0026,freelancer_desain,39,3,90000,0,0,0,0,0,0,normal,synthetic
SYN_0026,freelancer_desain,40,4,138000,0,0,0,0,0,1,normal,synthetic
SYN_0026,freelancer_desain,41,1,91000,0,0,0,0,0,0,normal,synthetic
SYN_0026,freelancer_desain,42,2,104000,0,0,0,0,0,0,normal,synthetic
SYN_0026,freelancer_desain,43,3,124000,0,0,0,0,0,0,normal,synthetic
SYN_0026,freelancer_desain,44,4,130000,0,0,0,0,0,1,normal,synthetic
SYN_0026,freelancer_desain,45,1,98000,0,0,0,0,0,0,normal,synthetic
SYN_0026,freelancer_desain,46,2,117000,0,0,0,0,0,0,normal,synthetic
SYN_0026,freelancer_desain,47,3,94000,0,0,0,0,0,0,normal,synthetic
SYN_0026,freelancer_desain,48,4,104000,0,0,0,0,0,1,normal,synthetic
SYN_0026,freelancer_desain,49,1,97000,0,0,0,1,0,0,high_season,synthetic
SYN_0026,freelancer_desain,50,2,89000,0,0,0,1,0,0,high_season,synthetic
SYN_0026,freelancer_desain,51,3,173000,0,0,0,1,0,0,high_season,synthetic
SYN_0026,freelancer_desain,52,4,128000,0,0,0,1,0,1,high_season,synthetic
SYN_0027,jualan_online,1,1,16539000,0,0,0,0,1,0,low_season,synthetic
SYN_0027,jualan_online,2,2,19621000,0,0,0,0,1,0,low_season,synthetic
SYN_0027,jualan_online,3,3,18759000,0,0,0,0,1,0,low_season,synthetic
SYN_0027,jualan_online,4,4,19271000,0,0,0,0,1,1,low_season,synthetic
SYN_0027,jualan_online,5,1,19111000,0,0,0,0,1,0,low_season,synthetic
SYN_0027,jualan_online,6,2,19836000,0,0,0,0,1,0,low_season,synthetic
SYN_0027,jualan_online,7,3,23233000,0,0,0,0,0,0,normal,synthetic
SYN_0027,jualan_online,8,4,29733000,0,0,0,0,0,1,normal,synthetic
SYN_0027,jualan_online,9,1,18285000,0,0,0,0,0,0,normal,synthetic
SYN_0027,jualan_online,10,2,37401000,1,0,0,0,0,0,high_season,synthetic
SYN_0027,jualan_online,11,3,32097000,1,0,0,0,0,0,high_season,synthetic
SYN_0027,jualan_online,12,4,43353000,1,0,0,0,0,1,high_season,synthetic
SYN_0027,jualan_online,13,1,31971000,1,0,0,0,0,0,high_season,synthetic
SYN_0027,jualan_online,14,2,34489000,0,1,0,0,0,0,high_season,synthetic
SYN_0027,jualan_online,15,3,16711000,0,0,1,0,0,0,low_season,synthetic
SYN_0027,jualan_online,16,4,19653000,0,0,1,0,0,1,low_season,synthetic
SYN_0027,jualan_online,17,1,20337000,0,0,0,0,0,0,normal,synthetic
SYN_0027,jualan_online,18,2,22260000,0,0,0,0,0,0,normal,synthetic
SYN_0027,jualan_online,19,3,22283000,0,0,0,0,0,0,normal,synthetic
SYN_0027,jualan_online,20,4,29652000,0,0,0,0,0,1,normal,synthetic
SYN_0027,jualan_online,21,1,21668000,0,0,0,0,0,0,normal,synthetic
SYN_0027,jualan_online,22,2,22597000,0,0,0,0,0,0,normal,synthetic
SYN_0027,jualan_online,23,3,18484000,0,0,0,0,0,0,normal,synthetic
SYN_0027,jualan_online,24,4,28621000,0,0,0,0,0,1,normal,synthetic
SYN_0027,jualan_online,25,1,22023000,0,0,0,0,0,0,normal,synthetic
SYN_0027,jualan_online,26,2,28730000,0,0,0,0,0,0,normal,synthetic
SYN_0027,jualan_online,27,3,25420000,0,0,0,0,0,0,normal,synthetic
SYN_0027,jualan_online,28,4,20860000,0,0,0,0,0,1,normal,synthetic
SYN_0027,jualan_online,29,1,20454000,0,0,0,0,0,0,normal,synthetic
SYN_0027,jualan_online,30,2,27408000,0,0,0,0,0,0,normal,synthetic
SYN_0027,jualan_online,31,3,24199000,0,0,0,0,0,0,normal,synthetic
SYN_0027,jualan_online,32,4,28083000,0,0,0,0,0,1,normal,synthetic
SYN_0027,jualan_online,33,1,22452000,0,0,0,0,0,0,normal,synthetic
SYN_0027,jualan_online,34,2,20833000,0,0,0,0,0,0,normal,synthetic
SYN_0027,jualan_online,35,3,23806000,0,0,0,0,0,0,normal,synthetic
SYN_0027,jualan_online,36,4,26205000,0,0,0,0,0,1,normal,synthetic
SYN_0027,jualan_online,37,1,20215000,0,0,0,0,0,0,normal,synthetic
SYN_0027,jualan_online,38,2,24753000,0,0,0,0,0,0,normal,synthetic
SYN_0027,jualan_online,39,3,20011000,0,0,0,0,0,0,normal,synthetic
SYN_0027,jualan_online,40,4,31193000,0,0,0,0,0,1,normal,synthetic
SYN_0027,jualan_online,41,1,19235000,0,0,0,0,0,0,normal,synthetic
SYN_0027,jualan_online,42,2,23219000,0,0,0,0,0,0,normal,synthetic
SYN_0027,jualan_online,43,3,18731000,0,0,0,0,0,0,normal,synthetic
SYN_0027,jualan_online,44,4,29351000,0,0,0,0,0,1,normal,synthetic
SYN_0027,jualan_online,45,1,23780000,0,0,0,0,0,0,normal,synthetic
SYN_0027,jualan_online,46,2,21124000,0,0,0,0,0,0,normal,synthetic
SYN_0027,jualan_online,47,3,19515000,0,0,0,0,0,0,normal,synthetic
SYN_0027,jualan_online,48,4,27919000,0,0,0,0,0,1,normal,synthetic
SYN_0027,jualan_online,49,1,30941000,0,0,0,1,0,0,high_season,synthetic
SYN_0027,jualan_online,50,2,24177000,0,0,0,1,0,0,high_season,synthetic
SYN_0027,jualan_online,51,3,25383000,0,0,0,1,0,0,high_season,synthetic
SYN_0027,jualan_online,52,4,33208000,0,0,0,1,0,1,high_season,synthetic
SYN_0028,content_creator,1,1,19020000,0,0,0,0,1,0,low_season,synthetic
SYN_0028,content_creator,2,2,14962000,0,0,0,0,1,0,low_season,synthetic
SYN_0028,content_creator,3,3,16774000,0,0,0,0,1,0,low_season,synthetic
SYN_0028,content_creator,4,4,22594000,0,0,0,0,1,1,low_season,synthetic
SYN_0028,content_creator,5,1,10805000,0,0,0,0,1,0,low_season,synthetic
SYN_0028,content_creator,6,2,11012000,0,0,0,0,1,0,low_season,synthetic
SYN_0028,content_creator,7,3,13758000,0,0,0,0,0,0,normal,synthetic
SYN_0028,content_creator,8,4,27933000,0,0,0,0,0,1,normal,synthetic
SYN_0028,content_creator,9,1,15374000,0,0,0,0,0,0,normal,synthetic
SYN_0028,content_creator,10,2,40166000,1,0,0,0,0,0,high_season,synthetic
SYN_0028,content_creator,11,3,24709000,1,0,0,0,0,0,high_season,synthetic
SYN_0028,content_creator,12,4,34098000,1,0,0,0,0,1,high_season,synthetic
SYN_0028,content_creator,13,1,31622000,1,0,0,0,0,0,high_season,synthetic
SYN_0028,content_creator,14,2,45177000,0,1,0,0,0,0,high_season,synthetic
SYN_0028,content_creator,15,3,18203000,0,0,1,0,0,0,low_season,synthetic
SYN_0028,content_creator,16,4,19397000,0,0,1,0,0,1,low_season,synthetic
SYN_0028,content_creator,17,1,20217000,0,0,0,0,0,0,normal,synthetic
SYN_0028,content_creator,18,2,20990000,0,0,0,0,0,0,normal,synthetic
SYN_0028,content_creator,19,3,21624000,0,0,0,0,0,0,normal,synthetic
SYN_0028,content_creator,20,4,20502000,0,0,0,0,0,1,normal,synthetic
SYN_0028,content_creator,21,1,14556000,0,0,0,0,0,0,normal,synthetic
SYN_0028,content_creator,22,2,18955000,0,0,0,0,0,0,normal,synthetic
SYN_0028,content_creator,23,3,18386000,0,0,0,0,0,0,normal,synthetic
SYN_0028,content_creator,24,4,20903000,0,0,0,0,0,1,normal,synthetic
SYN_0028,content_creator,25,1,19210000,0,0,0,0,0,0,normal,synthetic
SYN_0028,content_creator,26,2,22228000,0,0,0,0,0,0,normal,synthetic
SYN_0028,content_creator,27,3,19269000,0,0,0,0,0,0,normal,synthetic
SYN_0028,content_creator,28,4,28813000,0,0,0,0,0,1,normal,synthetic
SYN_0028,content_creator,29,1,13562000,0,0,0,0,0,0,normal,synthetic
SYN_0028,content_creator,30,2,18306000,0,0,0,0,0,0,normal,synthetic
SYN_0028,content_creator,31,3,16520000,0,0,0,0,0,0,normal,synthetic
SYN_0028,content_creator,32,4,15113000,0,0,0,0,0,1,normal,synthetic
SYN_0028,content_creator,33,1,16816000,0,0,0,0,0,0,normal,synthetic
SYN_0028,content_creator,34,2,18551000,0,0,0,0,0,0,normal,synthetic
SYN_0028,content_creator,35,3,24134000,0,0,0,0,0,0,normal,synthetic
SYN_0028,content_creator,36,4,25344000,0,0,0,0,0,1,normal,synthetic
SYN_0028,content_creator,37,1,13923000,0,0,0,0,0,0,normal,synthetic
SYN_0028,content_creator,38,2,25297000,0,0,0,0,0,0,normal,synthetic
SYN_0028,content_creator,39,3,23135000,0,0,0,0,0,0,normal,synthetic
SYN_0028,content_creator,40,4,25145000,0,0,0,0,0,1,normal,synthetic
SYN_0028,content_creator,41,1,16374000,0,0,0,0,0,0,normal,synthetic
SYN_0028,content_creator,42,2,15691000,0,0,0,0,0,0,normal,synthetic
SYN_0028,content_creator,43,3,17696000,0,0,0,0,0,0,normal,synthetic
SYN_0028,content_creator,44,4,27221000,0,0,0,0,0,1,normal,synthetic
SYN_0028,content_creator,45,1,22861000,0,0,0,0,0,0,normal,synthetic
SYN_0028,content_creator,46,2,24235000,0,0,0,0,0,0,normal,synthetic
SYN_0028,content_creator,47,3,17298000,0,0,0,0,0,0,normal,synthetic
SYN_0028,content_creator,48,4,18173000,0,0,0,0,0,1,normal,synthetic
SYN_0028,content_creator,49,1,22754000,0,0,0,1,0,0,high_season,synthetic
SYN_0028,content_creator,50,2,16808000,0,0,0,1,0,0,high_season,synthetic
SYN_0028,content_creator,51,3,26091000,0,0,0,1,0,0,high_season,synthetic
SYN_0028,content_creator,52,4,28802000,0,0,0,1,0,1,high_season,synthetic
SYN_0029,ojek_online,1,1,974000,0,0,0,0,1,0,low_season,synthetic
SYN_0029,ojek_online,2,2,1061000,0,0,0,0,1,0,low_season,synthetic
SYN_0029,ojek_online,3,3,1156000,0,0,0,0,1,0,low_season,synthetic
SYN_0029,ojek_online,4,4,1299000,0,0,0,0,1,1,low_season,synthetic
SYN_0029,ojek_online,5,1,1151000,0,0,0,0,1,0,low_season,synthetic
SYN_0029,ojek_online,6,2,969000,0,0,0,0,1,0,low_season,synthetic
SYN_0029,ojek_online,7,3,1294000,0,0,0,0,0,0,normal,synthetic
SYN_0029,ojek_online,8,4,1598000,0,0,0,0,0,1,normal,synthetic
SYN_0029,ojek_online,9,1,1122000,0,0,0,0,0,0,normal,synthetic
SYN_0029,ojek_online,10,2,1281000,1,0,0,0,0,0,high_season,synthetic
SYN_0029,ojek_online,11,3,1854000,1,0,0,0,0,0,high_season,synthetic
SYN_0029,ojek_online,12,4,2494000,1,0,0,0,0,1,high_season,synthetic
SYN_0029,ojek_online,13,1,1847000,1,0,0,0,0,0,high_season,synthetic
SYN_0029,ojek_online,14,2,2369000,0,1,0,0,0,0,high_season,synthetic
SYN_0029,ojek_online,15,3,799000,0,0,1,0,0,0,low_season,synthetic
SYN_0029,ojek_online,16,4,1142000,0,0,1,0,0,1,low_season,synthetic
SYN_0029,ojek_online,17,1,1096000,0,0,0,0,0,0,normal,synthetic
SYN_0029,ojek_online,18,2,1353000,0,0,0,0,0,0,normal,synthetic
SYN_0029,ojek_online,19,3,1320000,0,0,0,0,0,0,normal,synthetic
SYN_0029,ojek_online,20,4,1391000,0,0,0,0,0,1,normal,synthetic
SYN_0029,ojek_online,21,1,1055000,0,0,0,0,0,0,normal,synthetic
SYN_0029,ojek_online,22,2,1354000,0,0,0,0,0,0,normal,synthetic
SYN_0029,ojek_online,23,3,1270000,0,0,0,0,0,0,normal,synthetic
SYN_0029,ojek_online,24,4,1415000,0,0,0,0,0,1,normal,synthetic
SYN_0029,ojek_online,25,1,1051000,0,0,0,0,0,0,normal,synthetic
SYN_0029,ojek_online,26,2,1258000,0,0,0,0,0,0,normal,synthetic
SYN_0029,ojek_online,27,3,1530000,0,0,0,0,0,0,normal,synthetic
SYN_0029,ojek_online,28,4,1470000,0,0,0,0,0,1,normal,synthetic
SYN_0029,ojek_online,29,1,1170000,0,0,0,0,0,0,normal,synthetic
SYN_0029,ojek_online,30,2,1317000,0,0,0,0,0,0,normal,synthetic
SYN_0029,ojek_online,31,3,1137000,0,0,0,0,0,0,normal,synthetic
SYN_0029,ojek_online,32,4,1254000,0,0,0,0,0,1,normal,synthetic
SYN_0029,ojek_online,33,1,1037000,0,0,0,0,0,0,normal,synthetic
SYN_0029,ojek_online,34,2,1338000,0,0,0,0,0,0,normal,synthetic
SYN_0029,ojek_online,35,3,1315000,0,0,0,0,0,0,normal,synthetic
SYN_0029,ojek_online,36,4,1685000,0,0,0,0,0,1,normal,synthetic
SYN_0029,ojek_online,37,1,1184000,0,0,0,0,0,0,normal,synthetic
SYN_0029,ojek_online,38,2,1286000,0,0,0,0,0,0,normal,synthetic
SYN_0029,ojek_online,39,3,1214000,0,0,0,0,0,0,normal,synthetic
SYN_0029,ojek_online,40,4,1717000,0,0,0,0,0,1,normal,synthetic
SYN_0029,ojek_online,41,1,1051000,0,0,0,0,0,0,normal,synthetic
SYN_0029,ojek_online,42,2,1140000,0,0,0,0,0,0,normal,synthetic
SYN_0029,ojek_online,43,3,1384000,0,0,0,0,0,0,normal,synthetic
SYN_0029,ojek_online,44,4,1329000,0,0,0,0,0,1,normal,synthetic
SYN_0029,ojek_online,45,1,1489000,0,0,0,0,0,0,normal,synthetic
SYN_0029,ojek_online,46,2,1313000,0,0,0,0,0,0,normal,synthetic
SYN_0029,ojek_online,47,3,1353000,0,0,0,0,0,0,normal,synthetic
SYN_0029,ojek_online,48,4,1421000,0,0,0,0,0,1,normal,synthetic
SYN_0029,ojek_online,49,1,1469000,0,0,0,1,0,0,high_season,synthetic
SYN_0029,ojek_online,50,2,1611000,0,0,0,1,0,0,high_season,synthetic
SYN_0029,ojek_online,51,3,1590000,0,0,0,1,0,0,high_season,synthetic
SYN_0029,ojek_online,52,4,2175000,0,0,0,1,0,1,high_season,synthetic
SYN_0030,freelancer_it,1,1,15415000,0,0,0,0,1,0,low_season,synthetic
SYN_0030,freelancer_it,2,2,20140000,0,0,0,0,1,0,low_season,synthetic
SYN_0030,freelancer_it,3,3,21166000,0,0,0,0,1,0,low_season,synthetic
SYN_0030,freelancer_it,4,4,26286000,0,0,0,0,1,1,low_season,synthetic
SYN_0030,freelancer_it,5,1,18415000,0,0,0,0,1,0,low_season,synthetic
SYN_0030,freelancer_it,6,2,18941000,0,0,0,0,1,0,low_season,synthetic
SYN_0030,freelancer_it,7,3,20769000,0,0,0,0,0,0,normal,synthetic
SYN_0030,freelancer_it,8,4,28529000,0,0,0,0,0,1,normal,synthetic
SYN_0030,freelancer_it,9,1,17969000,0,0,0,0,0,0,normal,synthetic
SYN_0030,freelancer_it,10,2,20131000,1,0,0,0,0,0,high_season,synthetic
SYN_0030,freelancer_it,11,3,36144000,1,0,0,0,0,0,high_season,synthetic
SYN_0030,freelancer_it,12,4,46047000,1,0,0,0,0,1,high_season,synthetic
SYN_0030,freelancer_it,13,1,20515000,1,0,0,0,0,0,high_season,synthetic
SYN_0030,freelancer_it,14,2,35298000,0,1,0,0,0,0,high_season,synthetic
SYN_0030,freelancer_it,15,3,17869000,0,0,1,0,0,0,low_season,synthetic
SYN_0030,freelancer_it,16,4,25416000,0,0,1,0,0,1,low_season,synthetic
SYN_0030,freelancer_it,17,1,21204000,0,0,0,0,0,0,normal,synthetic
SYN_0030,freelancer_it,18,2,21097000,0,0,0,0,0,0,normal,synthetic
SYN_0030,freelancer_it,19,3,22890000,0,0,0,0,0,0,normal,synthetic
SYN_0030,freelancer_it,20,4,33615000,0,0,0,0,0,1,normal,synthetic
SYN_0030,freelancer_it,21,1,19230000,0,0,0,0,0,0,normal,synthetic
SYN_0030,freelancer_it,22,2,20863000,0,0,0,0,0,0,normal,synthetic
SYN_0030,freelancer_it,23,3,21903000,0,0,0,0,0,0,normal,synthetic
SYN_0030,freelancer_it,24,4,24427000,0,0,0,0,0,1,normal,synthetic
SYN_0030,freelancer_it,25,1,21505000,0,0,0,0,0,0,normal,synthetic
SYN_0030,freelancer_it,26,2,28834000,0,0,0,0,0,0,normal,synthetic
SYN_0030,freelancer_it,27,3,24554000,0,0,0,0,0,0,normal,synthetic
SYN_0030,freelancer_it,28,4,27193000,0,0,0,0,0,1,normal,synthetic
SYN_0030,freelancer_it,29,1,20278000,0,0,0,0,0,0,normal,synthetic
SYN_0030,freelancer_it,30,2,18350000,0,0,0,0,0,0,normal,synthetic
SYN_0030,freelancer_it,31,3,26395000,0,0,0,0,0,0,normal,synthetic
SYN_0030,freelancer_it,32,4,27882000,0,0,0,0,0,1,normal,synthetic
SYN_0030,freelancer_it,33,1,20608000,0,0,0,0,0,0,normal,synthetic
SYN_0030,freelancer_it,34,2,33992000,0,0,0,0,0,0,normal,synthetic
SYN_0030,freelancer_it,35,3,24474000,0,0,0,0,0,0,normal,synthetic
SYN_0030,freelancer_it,36,4,25222000,0,0,0,0,0,1,normal,synthetic
SYN_0030,freelancer_it,37,1,19880000,0,0,0,0,0,0,normal,synthetic
SYN_0030,freelancer_it,38,2,27268000,0,0,0,0,0,0,normal,synthetic
SYN_0030,freelancer_it,39,3,23864000,0,0,0,0,0,0,normal,synthetic
SYN_0030,freelancer_it,40,4,22513000,0,0,0,0,0,1,normal,synthetic
SYN_0030,freelancer_it,41,1,23863000,0,0,0,0,0,0,normal,synthetic
SYN_0030,freelancer_it,42,2,21294000,0,0,0,0,0,0,normal,synthetic
SYN_0030,freelancer_it,43,3,29652000,0,0,0,0,0,0,normal,synthetic
SYN_0030,freelancer_it,44,4,32452000,0,0,0,0,0,1,normal,synthetic
SYN_0030,freelancer_it,45,1,19818000,0,0,0,0,0,0,normal,synthetic
SYN_0030,freelancer_it,46,2,27704000,0,0,0,0,0,0,normal,synthetic
SYN_0030,freelancer_it,47,3,23714000,0,0,0,0,0,0,normal,synthetic
SYN_0030,freelancer_it,48,4,31555000,0,0,0,0,0,1,normal,synthetic
SYN_0030,freelancer_it,49,1,29350000,0,0,0,1,0,0,high_season,synthetic
SYN_0030,freelancer_it,50,2,26920000,0,0,0,1,0,0,high_season,synthetic
SYN_0030,freelancer_it,51,3,27787000,0,0,0,1,0,0,high_season,synthetic
SYN_0030,freelancer_it,52,4,41930000,0,0,0,1,0,1,high_season,synthetic
SYN_0031,content_creator,1,1,27035000,0,0,0,0,1,0,low_season,synthetic
SYN_0031,content_creator,2,2,24916000,0,0,0,0,1,0,low_season,synthetic
SYN_0031,content_creator,3,3,25069000,0,0,0,0,1,0,low_season,synthetic
SYN_0031,content_creator,4,4,34940000,0,0,0,0,1,1,low_season,synthetic
SYN_0031,content_creator,5,1,28277000,0,0,0,0,1,0,low_season,synthetic
SYN_0031,content_creator,6,2,26642000,0,0,0,0,1,0,low_season,synthetic
SYN_0031,content_creator,7,3,25704000,0,0,0,0,0,0,normal,synthetic
SYN_0031,content_creator,8,4,33846000,0,0,0,0,0,1,normal,synthetic
SYN_0031,content_creator,9,1,30333000,0,0,0,0,0,0,normal,synthetic
SYN_0031,content_creator,10,2,48766000,1,0,0,0,0,0,high_season,synthetic
SYN_0031,content_creator,11,3,49188000,1,0,0,0,0,0,high_season,synthetic
SYN_0031,content_creator,12,4,61877000,1,0,0,0,0,1,high_season,synthetic
SYN_0031,content_creator,13,1,42471000,1,0,0,0,0,0,high_season,synthetic
SYN_0031,content_creator,14,2,59609000,0,1,0,0,0,0,high_season,synthetic
SYN_0031,content_creator,15,3,22573000,0,0,1,0,0,0,low_season,synthetic
SYN_0031,content_creator,16,4,32956000,0,0,1,0,0,1,low_season,synthetic
SYN_0031,content_creator,17,1,36804000,0,0,0,0,0,0,normal,synthetic
SYN_0031,content_creator,18,2,25553000,0,0,0,0,0,0,normal,synthetic
SYN_0031,content_creator,19,3,31017000,0,0,0,0,0,0,normal,synthetic
SYN_0031,content_creator,20,4,39243000,0,0,0,0,0,1,normal,synthetic
SYN_0031,content_creator,21,1,27854000,0,0,0,0,0,0,normal,synthetic
SYN_0031,content_creator,22,2,43003000,0,0,0,0,0,0,normal,synthetic
SYN_0031,content_creator,23,3,33822000,0,0,0,0,0,0,normal,synthetic
SYN_0031,content_creator,24,4,33358000,0,0,0,0,0,1,normal,synthetic
SYN_0031,content_creator,25,1,32401000,0,0,0,0,0,0,normal,synthetic
SYN_0031,content_creator,26,2,34097000,0,0,0,0,0,0,normal,synthetic
SYN_0031,content_creator,27,3,34291000,0,0,0,0,0,0,normal,synthetic
SYN_0031,content_creator,28,4,51709000,0,0,0,0,0,1,normal,synthetic
SYN_0031,content_creator,29,1,31107000,0,0,0,0,0,0,normal,synthetic
SYN_0031,content_creator,30,2,30734000,0,0,0,0,0,0,normal,synthetic
SYN_0031,content_creator,31,3,21069000,0,0,0,0,0,0,normal,synthetic
SYN_0031,content_creator,32,4,37852000,0,0,0,0,0,1,normal,synthetic
SYN_0031,content_creator,33,1,36138000,0,0,0,0,0,0,normal,synthetic
SYN_0031,content_creator,34,2,31977000,0,0,0,0,0,0,normal,synthetic
SYN_0031,content_creator,35,3,19402000,0,0,0,0,0,0,normal,synthetic
SYN_0031,content_creator,36,4,35513000,0,0,0,0,0,1,normal,synthetic
SYN_0031,content_creator,37,1,34488000,0,0,0,0,0,0,normal,synthetic
SYN_0031,content_creator,38,2,35705000,0,0,0,0,0,0,normal,synthetic
SYN_0031,content_creator,39,3,27596000,0,0,0,0,0,0,normal,synthetic
SYN_0031,content_creator,40,4,35044000,0,0,0,0,0,1,normal,synthetic
SYN_0031,content_creator,41,1,27097000,0,0,0,0,0,0,normal,synthetic
SYN_0031,content_creator,42,2,28633000,0,0,0,0,0,0,normal,synthetic
SYN_0031,content_creator,43,3,20633000,0,0,0,0,0,0,normal,synthetic
SYN_0031,content_creator,44,4,44375000,0,0,0,0,0,1,normal,synthetic
SYN_0031,content_creator,45,1,35881000,0,0,0,0,0,0,normal,synthetic
SYN_0031,content_creator,46,2,23625000,0,0,0,0,0,0,normal,synthetic
SYN_0031,content_creator,47,3,39790000,0,0,0,0,0,0,normal,synthetic
SYN_0031,content_creator,48,4,38290000,0,0,0,0,0,1,normal,synthetic
SYN_0031,content_creator,49,1,46426000,0,0,0,1,0,0,high_season,synthetic
SYN_0031,content_creator,50,2,42553000,0,0,0,1,0,0,high_season,synthetic
SYN_0031,content_creator,51,3,43295000,0,0,0,1,0,0,high_season,synthetic
SYN_0031,content_creator,52,4,54117000,0,0,0,1,0,1,high_season,synthetic
SYN_0032,kurir,1,1,687000,0,0,0,0,1,0,low_season,synthetic
SYN_0032,kurir,2,2,810000,0,0,0,0,1,0,low_season,synthetic
SYN_0032,kurir,3,3,816000,0,0,0,0,1,0,low_season,synthetic
SYN_0032,kurir,4,4,933000,0,0,0,0,1,1,low_season,synthetic
SYN_0032,kurir,5,1,753000,0,0,0,0,1,0,low_season,synthetic
SYN_0032,kurir,6,2,763000,0,0,0,0,1,0,low_season,synthetic
SYN_0032,kurir,7,3,1008000,0,0,0,0,0,0,normal,synthetic
SYN_0032,kurir,8,4,991000,0,0,0,0,0,1,normal,synthetic
SYN_0032,kurir,9,1,852000,0,0,0,0,0,0,normal,synthetic
SYN_0032,kurir,10,2,1590000,1,0,0,0,0,0,high_season,synthetic
SYN_0032,kurir,11,3,1238000,1,0,0,0,0,0,high_season,synthetic
SYN_0032,kurir,12,4,1532000,1,0,0,0,0,1,high_season,synthetic
SYN_0032,kurir,13,1,1277000,1,0,0,0,0,0,high_season,synthetic
SYN_0032,kurir,14,2,1665000,0,1,0,0,0,0,high_season,synthetic
SYN_0032,kurir,15,3,676000,0,0,1,0,0,0,low_season,synthetic
SYN_0032,kurir,16,4,821000,0,0,1,0,0,1,low_season,synthetic
SYN_0032,kurir,17,1,890000,0,0,0,0,0,0,normal,synthetic
SYN_0032,kurir,18,2,1028000,0,0,0,0,0,0,normal,synthetic
SYN_0032,kurir,19,3,970000,0,0,0,0,0,0,normal,synthetic
SYN_0032,kurir,20,4,1100000,0,0,0,0,0,1,normal,synthetic
SYN_0032,kurir,21,1,893000,0,0,0,0,0,0,normal,synthetic
SYN_0032,kurir,22,2,1093000,0,0,0,0,0,0,normal,synthetic
SYN_0032,kurir,23,3,926000,0,0,0,0,0,0,normal,synthetic
SYN_0032,kurir,24,4,1027000,0,0,0,0,0,1,normal,synthetic
SYN_0032,kurir,25,1,925000,0,0,0,0,0,0,normal,synthetic
SYN_0032,kurir,26,2,927000,0,0,0,0,0,0,normal,synthetic
SYN_0032,kurir,27,3,757000,0,0,0,0,0,0,normal,synthetic
SYN_0032,kurir,28,4,1208000,0,0,0,0,0,1,normal,synthetic
SYN_0032,kurir,29,1,803000,0,0,0,0,0,0,normal,synthetic
SYN_0032,kurir,30,2,929000,0,0,0,0,0,0,normal,synthetic
SYN_0032,kurir,31,3,964000,0,0,0,0,0,0,normal,synthetic
SYN_0032,kurir,32,4,1143000,0,0,0,0,0,1,normal,synthetic
SYN_0032,kurir,33,1,895000,0,0,0,0,0,0,normal,synthetic
SYN_0032,kurir,34,2,901000,0,0,0,0,0,0,normal,synthetic
SYN_0032,kurir,35,3,979000,0,0,0,0,0,0,normal,synthetic
SYN_0032,kurir,36,4,1098000,0,0,0,0,0,1,normal,synthetic
SYN_0032,kurir,37,1,898000,0,0,0,0,0,0,normal,synthetic
SYN_0032,kurir,38,2,987000,0,0,0,0,0,0,normal,synthetic
SYN_0032,kurir,39,3,859000,0,0,0,0,0,0,normal,synthetic
SYN_0032,kurir,40,4,1231000,0,0,0,0,0,1,normal,synthetic
SYN_0032,kurir,41,1,803000,0,0,0,0,0,0,normal,synthetic
SYN_0032,kurir,42,2,1003000,0,0,0,0,0,0,normal,synthetic
SYN_0032,kurir,43,3,967000,0,0,0,0,0,0,normal,synthetic
SYN_0032,kurir,44,4,1306000,0,0,0,0,0,1,normal,synthetic
SYN_0032,kurir,45,1,826000,0,0,0,0,0,0,normal,synthetic
SYN_0032,kurir,46,2,908000,0,0,0,0,0,0,normal,synthetic
SYN_0032,kurir,47,3,935000,0,0,0,0,0,0,normal,synthetic
SYN_0032,kurir,48,4,1094000,0,0,0,0,0,1,normal,synthetic
SYN_0032,kurir,49,1,1173000,0,0,0,1,0,0,high_season,synthetic
SYN_0032,kurir,50,2,1044000,0,0,0,1,0,0,high_season,synthetic
SYN_0032,kurir,51,3,1105000,0,0,0,1,0,0,high_season,synthetic
SYN_0032,kurir,52,4,1324000,0,0,0,1,0,1,high_season,synthetic
SYN_0033,freelancer_desain,1,1,39875000,0,0,0,0,1,0,low_season,synthetic
SYN_0033,freelancer_desain,2,2,44326000,0,0,0,0,1,0,low_season,synthetic
SYN_0033,freelancer_desain,3,3,40062000,0,0,0,0,1,0,low_season,synthetic
SYN_0033,freelancer_desain,4,4,51941000,0,0,0,0,1,1,low_season,synthetic
SYN_0033,freelancer_desain,5,1,31238000,0,0,0,0,1,0,low_season,synthetic
SYN_0033,freelancer_desain,6,2,39248000,0,0,0,0,1,0,low_season,synthetic
SYN_0033,freelancer_desain,7,3,42163000,0,0,0,0,0,0,normal,synthetic
SYN_0033,freelancer_desain,8,4,48262000,0,0,0,0,0,1,normal,synthetic
SYN_0033,freelancer_desain,9,1,41248000,0,0,0,0,0,0,normal,synthetic
SYN_0033,freelancer_desain,10,2,69749000,1,0,0,0,0,0,high_season,synthetic
SYN_0033,freelancer_desain,11,3,78375000,1,0,0,0,0,0,high_season,synthetic
SYN_0033,freelancer_desain,12,4,82653000,1,0,0,0,0,1,high_season,synthetic
SYN_0033,freelancer_desain,13,1,65575000,1,0,0,0,0,0,high_season,synthetic
SYN_0033,freelancer_desain,14,2,88080000,0,1,0,0,0,0,high_season,synthetic
SYN_0033,freelancer_desain,15,3,45614000,0,0,1,0,0,0,low_season,synthetic
SYN_0033,freelancer_desain,16,4,27192000,0,0,1,0,0,1,low_season,synthetic
SYN_0033,freelancer_desain,17,1,36498000,0,0,0,0,0,0,normal,synthetic
SYN_0033,freelancer_desain,18,2,56316000,0,0,0,0,0,0,normal,synthetic
SYN_0033,freelancer_desain,19,3,43002000,0,0,0,0,0,0,normal,synthetic
SYN_0033,freelancer_desain,20,4,62432000,0,0,0,0,0,1,normal,synthetic
SYN_0033,freelancer_desain,21,1,42521000,0,0,0,0,0,0,normal,synthetic
SYN_0033,freelancer_desain,22,2,60918000,0,0,0,0,0,0,normal,synthetic
SYN_0033,freelancer_desain,23,3,37453000,0,0,0,0,0,0,normal,synthetic
SYN_0033,freelancer_desain,24,4,65372000,0,0,0,0,0,1,normal,synthetic
SYN_0033,freelancer_desain,25,1,52492000,0,0,0,0,0,0,normal,synthetic
SYN_0033,freelancer_desain,26,2,38173000,0,0,0,0,0,0,normal,synthetic
SYN_0033,freelancer_desain,27,3,51276000,0,0,0,0,0,0,normal,synthetic
SYN_0033,freelancer_desain,28,4,46235000,0,0,0,0,0,1,normal,synthetic
SYN_0033,freelancer_desain,29,1,41210000,0,0,0,0,0,0,normal,synthetic
SYN_0033,freelancer_desain,30,2,43698000,0,0,0,0,0,0,normal,synthetic
SYN_0033,freelancer_desain,31,3,28050000,0,0,0,0,0,0,normal,synthetic
SYN_0033,freelancer_desain,32,4,58394000,0,0,0,0,0,1,normal,synthetic
SYN_0033,freelancer_desain,33,1,41952000,0,0,0,0,0,0,normal,synthetic
SYN_0033,freelancer_desain,34,2,56353000,0,0,0,0,0,0,normal,synthetic
SYN_0033,freelancer_desain,35,3,50024000,0,0,0,0,0,0,normal,synthetic
SYN_0033,freelancer_desain,36,4,74726000,0,0,0,0,0,1,normal,synthetic
SYN_0033,freelancer_desain,37,1,41714000,0,0,0,0,0,0,normal,synthetic
SYN_0033,freelancer_desain,38,2,44799000,0,0,0,0,0,0,normal,synthetic
SYN_0033,freelancer_desain,39,3,44224000,0,0,0,0,0,0,normal,synthetic
SYN_0033,freelancer_desain,40,4,50836000,0,0,0,0,0,1,normal,synthetic
SYN_0033,freelancer_desain,41,1,26525000,0,0,0,0,0,0,normal,synthetic
SYN_0033,freelancer_desain,42,2,43963000,0,0,0,0,0,0,normal,synthetic
SYN_0033,freelancer_desain,43,3,30492000,0,0,0,0,0,0,normal,synthetic
SYN_0033,freelancer_desain,44,4,58637000,0,0,0,0,0,1,normal,synthetic
SYN_0033,freelancer_desain,45,1,32875000,0,0,0,0,0,0,normal,synthetic
SYN_0033,freelancer_desain,46,2,39048000,0,0,0,0,0,0,normal,synthetic
SYN_0033,freelancer_desain,47,3,40688000,0,0,0,0,0,0,normal,synthetic
SYN_0033,freelancer_desain,48,4,52889000,0,0,0,0,0,1,normal,synthetic
SYN_0033,freelancer_desain,49,1,53374000,0,0,0,1,0,0,high_season,synthetic
SYN_0033,freelancer_desain,50,2,69518000,0,0,0,1,0,0,high_season,synthetic
SYN_0033,freelancer_desain,51,3,53765000,0,0,0,1,0,0,high_season,synthetic
SYN_0033,freelancer_desain,52,4,76548000,0,0,0,1,0,1,high_season,synthetic
SYN_0034,ojek_online,1,1,1218000,0,0,0,0,1,0,low_season,synthetic
SYN_0034,ojek_online,2,2,1482000,0,0,0,0,1,0,low_season,synthetic
SYN_0034,ojek_online,3,3,1411000,0,0,0,0,1,0,low_season,synthetic
SYN_0034,ojek_online,4,4,1515000,0,0,0,0,1,1,low_season,synthetic
SYN_0034,ojek_online,5,1,1196000,0,0,0,0,1,0,low_season,synthetic
SYN_0034,ojek_online,6,2,1255000,0,0,0,0,1,0,low_season,synthetic
SYN_0034,ojek_online,7,3,1817000,0,0,0,0,0,0,normal,synthetic
SYN_0034,ojek_online,8,4,1951000,0,0,0,0,0,1,normal,synthetic
SYN_0034,ojek_online,9,1,1770000,0,0,0,0,0,0,normal,synthetic
SYN_0034,ojek_online,10,2,2335000,1,0,0,0,0,0,high_season,synthetic
SYN_0034,ojek_online,11,3,2165000,1,0,0,0,0,0,high_season,synthetic
SYN_0034,ojek_online,12,4,2343000,1,0,0,0,0,1,high_season,synthetic
SYN_0034,ojek_online,13,1,1689000,1,0,0,0,0,0,high_season,synthetic
SYN_0034,ojek_online,14,2,2334000,0,1,0,0,0,0,high_season,synthetic
SYN_0034,ojek_online,15,3,1169000,0,0,1,0,0,0,low_season,synthetic
SYN_0034,ojek_online,16,4,1440000,0,0,1,0,0,1,low_season,synthetic
SYN_0034,ojek_online,17,1,1201000,0,0,0,0,0,0,normal,synthetic
SYN_0034,ojek_online,18,2,1784000,0,0,0,0,0,0,normal,synthetic
SYN_0034,ojek_online,19,3,1534000,0,0,0,0,0,0,normal,synthetic
SYN_0034,ojek_online,20,4,1978000,0,0,0,0,0,1,normal,synthetic
SYN_0034,ojek_online,21,1,1723000,0,0,0,0,0,0,normal,synthetic
SYN_0034,ojek_online,22,2,1785000,0,0,0,0,0,0,normal,synthetic
SYN_0034,ojek_online,23,3,1573000,0,0,0,0,0,0,normal,synthetic
SYN_0034,ojek_online,24,4,1752000,0,0,0,0,0,1,normal,synthetic
SYN_0034,ojek_online,25,1,1108000,0,0,0,0,0,0,normal,synthetic
SYN_0034,ojek_online,26,2,1491000,0,0,0,0,0,0,normal,synthetic
SYN_0034,ojek_online,27,3,1583000,0,0,0,0,0,0,normal,synthetic
SYN_0034,ojek_online,28,4,1731000,0,0,0,0,0,1,normal,synthetic
SYN_0034,ojek_online,29,1,1438000,0,0,0,0,0,0,normal,synthetic
SYN_0034,ojek_online,30,2,1636000,0,0,0,0,0,0,normal,synthetic
SYN_0034,ojek_online,31,3,1581000,0,0,0,0,0,0,normal,synthetic
SYN_0034,ojek_online,32,4,1804000,0,0,0,0,0,1,normal,synthetic
SYN_0034,ojek_online,33,1,1487000,0,0,0,0,0,0,normal,synthetic
SYN_0034,ojek_online,34,2,1702000,0,0,0,0,0,0,normal,synthetic
SYN_0034,ojek_online,35,3,1424000,0,0,0,0,0,0,normal,synthetic
SYN_0034,ojek_online,36,4,2253000,0,0,0,0,0,1,normal,synthetic
SYN_0034,ojek_online,37,1,1443000,0,0,0,0,0,0,normal,synthetic
SYN_0034,ojek_online,38,2,1625000,0,0,0,0,0,0,normal,synthetic
SYN_0034,ojek_online,39,3,1750000,0,0,0,0,0,0,normal,synthetic
SYN_0034,ojek_online,40,4,1997000,0,0,0,0,0,1,normal,synthetic
SYN_0034,ojek_online,41,1,1615000,0,0,0,0,0,0,normal,synthetic
SYN_0034,ojek_online,42,2,1674000,0,0,0,0,0,0,normal,synthetic
SYN_0034,ojek_online,43,3,1510000,0,0,0,0,0,0,normal,synthetic
SYN_0034,ojek_online,44,4,2025000,0,0,0,0,0,1,normal,synthetic
SYN_0034,ojek_online,45,1,1273000,0,0,0,0,0,0,normal,synthetic
SYN_0034,ojek_online,46,2,1641000,0,0,0,0,0,0,normal,synthetic
SYN_0034,ojek_online,47,3,1616000,0,0,0,0,0,0,normal,synthetic
SYN_0034,ojek_online,48,4,1901000,0,0,0,0,0,1,normal,synthetic
SYN_0034,ojek_online,49,1,1870000,0,0,0,1,0,0,high_season,synthetic
SYN_0034,ojek_online,50,2,1664000,0,0,0,1,0,0,high_season,synthetic
SYN_0034,ojek_online,51,3,1979000,0,0,0,1,0,0,high_season,synthetic
SYN_0034,ojek_online,52,4,2556000,0,0,0,1,0,1,high_season,synthetic
SYN_0035,ojek_online,1,1,611000,0,0,0,0,1,0,low_season,synthetic
SYN_0035,ojek_online,2,2,688000,0,0,0,0,1,0,low_season,synthetic
SYN_0035,ojek_online,3,3,718000,0,0,0,0,1,0,low_season,synthetic
SYN_0035,ojek_online,4,4,793000,0,0,0,0,1,1,low_season,synthetic
SYN_0035,ojek_online,5,1,618000,0,0,0,0,1,0,low_season,synthetic
SYN_0035,ojek_online,6,2,757000,0,0,0,0,1,0,low_season,synthetic
SYN_0035,ojek_online,7,3,677000,0,0,0,0,0,0,normal,synthetic
SYN_0035,ojek_online,8,4,792000,0,0,0,0,0,1,normal,synthetic
SYN_0035,ojek_online,9,1,583000,0,0,0,0,0,0,normal,synthetic
SYN_0035,ojek_online,10,2,1039000,1,0,0,0,0,0,high_season,synthetic
SYN_0035,ojek_online,11,3,1242000,1,0,0,0,0,0,high_season,synthetic
SYN_0035,ojek_online,12,4,1360000,1,0,0,0,0,1,high_season,synthetic
SYN_0035,ojek_online,13,1,1016000,1,0,0,0,0,0,high_season,synthetic
SYN_0035,ojek_online,14,2,1029000,0,1,0,0,0,0,high_season,synthetic
SYN_0035,ojek_online,15,3,477000,0,0,1,0,0,0,low_season,synthetic
SYN_0035,ojek_online,16,4,493000,0,0,1,0,0,1,low_season,synthetic
SYN_0035,ojek_online,17,1,752000,0,0,0,0,0,0,normal,synthetic
SYN_0035,ojek_online,18,2,869000,0,0,0,0,0,0,normal,synthetic
SYN_0035,ojek_online,19,3,803000,0,0,0,0,0,0,normal,synthetic
SYN_0035,ojek_online,20,4,788000,0,0,0,0,0,1,normal,synthetic
SYN_0035,ojek_online,21,1,775000,0,0,0,0,0,0,normal,synthetic
SYN_0035,ojek_online,22,2,717000,0,0,0,0,0,0,normal,synthetic
SYN_0035,ojek_online,23,3,638000,0,0,0,0,0,0,normal,synthetic
SYN_0035,ojek_online,24,4,790000,0,0,0,0,0,1,normal,synthetic
SYN_0035,ojek_online,25,1,632000,0,0,0,0,0,0,normal,synthetic
SYN_0035,ojek_online,26,2,742000,0,0,0,0,0,0,normal,synthetic
SYN_0035,ojek_online,27,3,725000,0,0,0,0,0,0,normal,synthetic
SYN_0035,ojek_online,28,4,746000,0,0,0,0,0,1,normal,synthetic
SYN_0035,ojek_online,29,1,755000,0,0,0,0,0,0,normal,synthetic
SYN_0035,ojek_online,30,2,726000,0,0,0,0,0,0,normal,synthetic
SYN_0035,ojek_online,31,3,679000,0,0,0,0,0,0,normal,synthetic
SYN_0035,ojek_online,32,4,996000,0,0,0,0,0,1,normal,synthetic
SYN_0035,ojek_online,33,1,576000,0,0,0,0,0,0,normal,synthetic
SYN_0035,ojek_online,34,2,604000,0,0,0,0,0,0,normal,synthetic
SYN_0035,ojek_online,35,3,843000,0,0,0,0,0,0,normal,synthetic
SYN_0035,ojek_online,36,4,1073000,0,0,0,0,0,1,normal,synthetic
SYN_0035,ojek_online,37,1,630000,0,0,0,0,0,0,normal,synthetic
SYN_0035,ojek_online,38,2,734000,0,0,0,0,0,0,normal,synthetic
SYN_0035,ojek_online,39,3,643000,0,0,0,0,0,0,normal,synthetic
SYN_0035,ojek_online,40,4,886000,0,0,0,0,0,1,normal,synthetic
SYN_0035,ojek_online,41,1,629000,0,0,0,0,0,0,normal,synthetic
SYN_0035,ojek_online,42,2,730000,0,0,0,0,0,0,normal,synthetic
SYN_0035,ojek_online,43,3,772000,0,0,0,0,0,0,normal,synthetic
SYN_0035,ojek_online,44,4,777000,0,0,0,0,0,1,normal,synthetic
SYN_0035,ojek_online,45,1,637000,0,0,0,0,0,0,normal,synthetic
SYN_0035,ojek_online,46,2,589000,0,0,0,0,0,0,normal,synthetic
SYN_0035,ojek_online,47,3,709000,0,0,0,0,0,0,normal,synthetic
SYN_0035,ojek_online,48,4,877000,0,0,0,0,0,1,normal,synthetic
SYN_0035,ojek_online,49,1,886000,0,0,0,1,0,0,high_season,synthetic
SYN_0035,ojek_online,50,2,985000,0,0,0,1,0,0,high_season,synthetic
SYN_0035,ojek_online,51,3,1057000,0,0,0,1,0,0,high_season,synthetic
SYN_0035,ojek_online,52,4,953000,0,0,0,1,0,1,high_season,synthetic
SYN_0036,kurir,1,1,546000,0,0,0,0,1,0,low_season,synthetic
SYN_0036,kurir,2,2,686000,0,0,0,0,1,0,low_season,synthetic
SYN_0036,kurir,3,3,781000,0,0,0,0,1,0,low_season,synthetic
SYN_0036,kurir,4,4,973000,0,0,0,0,1,1,low_season,synthetic
SYN_0036,kurir,5,1,644000,0,0,0,0,1,0,low_season,synthetic
SYN_0036,kurir,6,2,708000,0,0,0,0,1,0,low_season,synthetic
SYN_0036,kurir,7,3,671000,0,0,0,0,0,0,normal,synthetic
SYN_0036,kurir,8,4,911000,0,0,0,0,0,1,normal,synthetic
SYN_0036,kurir,9,1,668000,0,0,0,0,0,0,normal,synthetic
SYN_0036,kurir,10,2,1093000,1,0,0,0,0,0,high_season,synthetic
SYN_0036,kurir,11,3,1139000,1,0,0,0,0,0,high_season,synthetic
SYN_0036,kurir,12,4,1330000,1,0,0,0,0,1,high_season,synthetic
SYN_0036,kurir,13,1,859000,1,0,0,0,0,0,high_season,synthetic
SYN_0036,kurir,14,2,1487000,0,1,0,0,0,0,high_season,synthetic
SYN_0036,kurir,15,3,505000,0,0,1,0,0,0,low_season,synthetic
SYN_0036,kurir,16,4,684000,0,0,1,0,0,1,low_season,synthetic
SYN_0036,kurir,17,1,848000,0,0,0,0,0,0,normal,synthetic
SYN_0036,kurir,18,2,733000,0,0,0,0,0,0,normal,synthetic
SYN_0036,kurir,19,3,620000,0,0,0,0,0,0,normal,synthetic
SYN_0036,kurir,20,4,933000,0,0,0,0,0,1,normal,synthetic
SYN_0036,kurir,21,1,787000,0,0,0,0,0,0,normal,synthetic
SYN_0036,kurir,22,2,935000,0,0,0,0,0,0,normal,synthetic
SYN_0036,kurir,23,3,711000,0,0,0,0,0,0,normal,synthetic
SYN_0036,kurir,24,4,999000,0,0,0,0,0,1,normal,synthetic
SYN_0036,kurir,25,1,688000,0,0,0,0,0,0,normal,synthetic
SYN_0036,kurir,26,2,790000,0,0,0,0,0,0,normal,synthetic
SYN_0036,kurir,27,3,983000,0,0,0,0,0,0,normal,synthetic
SYN_0036,kurir,28,4,830000,0,0,0,0,0,1,normal,synthetic
SYN_0036,kurir,29,1,734000,0,0,0,0,0,0,normal,synthetic
SYN_0036,kurir,30,2,830000,0,0,0,0,0,0,normal,synthetic
SYN_0036,kurir,31,3,873000,0,0,0,0,0,0,normal,synthetic
SYN_0036,kurir,32,4,965000,0,0,0,0,0,1,normal,synthetic
SYN_0036,kurir,33,1,737000,0,0,0,0,0,0,normal,synthetic
SYN_0036,kurir,34,2,770000,0,0,0,0,0,0,normal,synthetic
SYN_0036,kurir,35,3,816000,0,0,0,0,0,0,normal,synthetic
SYN_0036,kurir,36,4,928000,0,0,0,0,0,1,normal,synthetic
SYN_0036,kurir,37,1,757000,0,0,0,0,0,0,normal,synthetic
SYN_0036,kurir,38,2,771000,0,0,0,0,0,0,normal,synthetic
SYN_0036,kurir,39,3,824000,0,0,0,0,0,0,normal,synthetic
SYN_0036,kurir,40,4,954000,0,0,0,0,0,1,normal,synthetic
SYN_0036,kurir,41,1,789000,0,0,0,0,0,0,normal,synthetic
SYN_0036,kurir,42,2,794000,0,0,0,0,0,0,normal,synthetic
SYN_0036,kurir,43,3,673000,0,0,0,0,0,0,normal,synthetic
SYN_0036,kurir,44,4,1063000,0,0,0,0,0,1,normal,synthetic
SYN_0036,kurir,45,1,660000,0,0,0,0,0,0,normal,synthetic
SYN_0036,kurir,46,2,751000,0,0,0,0,0,0,normal,synthetic
SYN_0036,kurir,47,3,755000,0,0,0,0,0,0,normal,synthetic
SYN_0036,kurir,48,4,1072000,0,0,0,0,0,1,normal,synthetic
SYN_0036,kurir,49,1,757000,0,0,0,1,0,0,high_season,synthetic
SYN_0036,kurir,50,2,1323000,0,0,0,1,0,0,high_season,synthetic
SYN_0036,kurir,51,3,1133000,0,0,0,1,0,0,high_season,synthetic
SYN_0036,kurir,52,4,1268000,0,0,0,1,0,1,high_season,synthetic
SYN_0037,jualan_online,1,1,43588000,0,0,0,0,1,0,low_season,synthetic
SYN_0037,jualan_online,2,2,52983000,0,0,0,0,1,0,low_season,synthetic
SYN_0037,jualan_online,3,3,59507000,0,0,0,0,1,0,low_season,synthetic
SYN_0037,jualan_online,4,4,69038000,0,0,0,0,1,1,low_season,synthetic
SYN_0037,jualan_online,5,1,44310000,0,0,0,0,1,0,low_season,synthetic
SYN_0037,jualan_online,6,2,49652000,0,0,0,0,1,0,low_season,synthetic
SYN_0037,jualan_online,7,3,66529000,0,0,0,0,0,0,normal,synthetic
SYN_0037,jualan_online,8,4,91204000,0,0,0,0,0,1,normal,synthetic
SYN_0037,jualan_online,9,1,54673000,0,0,0,0,0,0,normal,synthetic
SYN_0037,jualan_online,10,2,106318000,1,0,0,0,0,0,high_season,synthetic
SYN_0037,jualan_online,11,3,83604000,1,0,0,0,0,0,high_season,synthetic
SYN_0037,jualan_online,12,4,115120000,1,0,0,0,0,1,high_season,synthetic
SYN_0037,jualan_online,13,1,87727000,1,0,0,0,0,0,high_season,synthetic
SYN_0037,jualan_online,14,2,98799000,0,1,0,0,0,0,high_season,synthetic
SYN_0037,jualan_online,15,3,37838000,0,0,1,0,0,0,low_season,synthetic
SYN_0037,jualan_online,16,4,56733000,0,0,1,0,0,1,low_season,synthetic
SYN_0037,jualan_online,17,1,50031000,0,0,0,0,0,0,normal,synthetic
SYN_0037,jualan_online,18,2,53005000,0,0,0,0,0,0,normal,synthetic
SYN_0037,jualan_online,19,3,54504000,0,0,0,0,0,0,normal,synthetic
SYN_0037,jualan_online,20,4,66674000,0,0,0,0,0,1,normal,synthetic
SYN_0037,jualan_online,21,1,58933000,0,0,0,0,0,0,normal,synthetic
SYN_0037,jualan_online,22,2,63048000,0,0,0,0,0,0,normal,synthetic
SYN_0037,jualan_online,23,3,64477000,0,0,0,0,0,0,normal,synthetic
SYN_0037,jualan_online,24,4,74856000,0,0,0,0,0,1,normal,synthetic
SYN_0037,jualan_online,25,1,49632000,0,0,0,0,0,0,normal,synthetic
SYN_0037,jualan_online,26,2,64345000,0,0,0,0,0,0,normal,synthetic
SYN_0037,jualan_online,27,3,67803000,0,0,0,0,0,0,normal,synthetic
SYN_0037,jualan_online,28,4,76251000,0,0,0,0,0,1,normal,synthetic
SYN_0037,jualan_online,29,1,56324000,0,0,0,0,0,0,normal,synthetic
SYN_0037,jualan_online,30,2,53912000,0,0,0,0,0,0,normal,synthetic
SYN_0037,jualan_online,31,3,60887000,0,0,0,0,0,0,normal,synthetic
SYN_0037,jualan_online,32,4,64240000,0,0,0,0,0,1,normal,synthetic
SYN_0037,jualan_online,33,1,53286000,0,0,0,0,0,0,normal,synthetic
SYN_0037,jualan_online,34,2,47690000,0,0,0,0,0,0,normal,synthetic
SYN_0037,jualan_online,35,3,47745000,0,0,0,0,0,0,normal,synthetic
SYN_0037,jualan_online,36,4,69620000,0,0,0,0,0,1,normal,synthetic
SYN_0037,jualan_online,37,1,49923000,0,0,0,0,0,0,normal,synthetic
SYN_0037,jualan_online,38,2,60139000,0,0,0,0,0,0,normal,synthetic
SYN_0037,jualan_online,39,3,58418000,0,0,0,0,0,0,normal,synthetic
SYN_0037,jualan_online,40,4,71511000,0,0,0,0,0,1,normal,synthetic
SYN_0037,jualan_online,41,1,57343000,0,0,0,0,0,0,normal,synthetic
SYN_0037,jualan_online,42,2,56077000,0,0,0,0,0,0,normal,synthetic
SYN_0037,jualan_online,43,3,57814000,0,0,0,0,0,0,normal,synthetic
SYN_0037,jualan_online,44,4,83694000,0,0,0,0,0,1,normal,synthetic
SYN_0037,jualan_online,45,1,53460000,0,0,0,0,0,0,normal,synthetic
SYN_0037,jualan_online,46,2,58101000,0,0,0,0,0,0,normal,synthetic
SYN_0037,jualan_online,47,3,59966000,0,0,0,0,0,0,normal,synthetic
SYN_0037,jualan_online,48,4,69874000,0,0,0,0,0,1,normal,synthetic
SYN_0037,jualan_online,49,1,63557000,0,0,0,1,0,0,high_season,synthetic
SYN_0037,jualan_online,50,2,67946000,0,0,0,1,0,0,high_season,synthetic
SYN_0037,jualan_online,51,3,70120000,0,0,0,1,0,0,high_season,synthetic
SYN_0037,jualan_online,52,4,102332000,0,0,0,1,0,1,high_season,synthetic
SYN_0038,jualan_online,1,1,16238000,0,0,0,0,1,0,low_season,synthetic
SYN_0038,jualan_online,2,2,16027000,0,0,0,0,1,0,low_season,synthetic
SYN_0038,jualan_online,3,3,15888000,0,0,0,0,1,0,low_season,synthetic
SYN_0038,jualan_online,4,4,14956000,0,0,0,0,1,1,low_season,synthetic
SYN_0038,jualan_online,5,1,15894000,0,0,0,0,1,0,low_season,synthetic
SYN_0038,jualan_online,6,2,13969000,0,0,0,0,1,0,low_season,synthetic
SYN_0038,jualan_online,7,3,19443000,0,0,0,0,0,0,normal,synthetic
SYN_0038,jualan_online,8,4,23937000,0,0,0,0,0,1,normal,synthetic
SYN_0038,jualan_online,9,1,20211000,0,0,0,0,0,0,normal,synthetic
SYN_0038,jualan_online,10,2,23595000,1,0,0,0,0,0,high_season,synthetic
SYN_0038,jualan_online,11,3,17849000,1,0,0,0,0,0,high_season,synthetic
SYN_0038,jualan_online,12,4,34331000,1,0,0,0,0,1,high_season,synthetic
SYN_0038,jualan_online,13,1,30636000,1,0,0,0,0,0,high_season,synthetic
SYN_0038,jualan_online,14,2,38806000,0,1,0,0,0,0,high_season,synthetic
SYN_0038,jualan_online,15,3,13853000,0,0,1,0,0,0,low_season,synthetic
SYN_0038,jualan_online,16,4,15259000,0,0,1,0,0,1,low_season,synthetic
SYN_0038,jualan_online,17,1,19057000,0,0,0,0,0,0,normal,synthetic
SYN_0038,jualan_online,18,2,17049000,0,0,0,0,0,0,normal,synthetic
SYN_0038,jualan_online,19,3,20408000,0,0,0,0,0,0,normal,synthetic
SYN_0038,jualan_online,20,4,24571000,0,0,0,0,0,1,normal,synthetic
SYN_0038,jualan_online,21,1,19585000,0,0,0,0,0,0,normal,synthetic
SYN_0038,jualan_online,22,2,25698000,0,0,0,0,0,0,normal,synthetic
SYN_0038,jualan_online,23,3,20214000,0,0,0,0,0,0,normal,synthetic
SYN_0038,jualan_online,24,4,21751000,0,0,0,0,0,1,normal,synthetic
SYN_0038,jualan_online,25,1,17321000,0,0,0,0,0,0,normal,synthetic
SYN_0038,jualan_online,26,2,15206000,0,0,0,0,0,0,normal,synthetic
SYN_0038,jualan_online,27,3,17695000,0,0,0,0,0,0,normal,synthetic
SYN_0038,jualan_online,28,4,22028000,0,0,0,0,0,1,normal,synthetic
SYN_0038,jualan_online,29,1,16282000,0,0,0,0,0,0,normal,synthetic
SYN_0038,jualan_online,30,2,19658000,0,0,0,0,0,0,normal,synthetic
SYN_0038,jualan_online,31,3,17399000,0,0,0,0,0,0,normal,synthetic
SYN_0038,jualan_online,32,4,26282000,0,0,0,0,0,1,normal,synthetic
SYN_0038,jualan_online,33,1,17375000,0,0,0,0,0,0,normal,synthetic
SYN_0038,jualan_online,34,2,19283000,0,0,0,0,0,0,normal,synthetic
SYN_0038,jualan_online,35,3,18545000,0,0,0,0,0,0,normal,synthetic
SYN_0038,jualan_online,36,4,23597000,0,0,0,0,0,1,normal,synthetic
SYN_0038,jualan_online,37,1,19094000,0,0,0,0,0,0,normal,synthetic
SYN_0038,jualan_online,38,2,17296000,0,0,0,0,0,0,normal,synthetic
SYN_0038,jualan_online,39,3,17780000,0,0,0,0,0,0,normal,synthetic
SYN_0038,jualan_online,40,4,22321000,0,0,0,0,0,1,normal,synthetic
SYN_0038,jualan_online,41,1,14568000,0,0,0,0,0,0,normal,synthetic
SYN_0038,jualan_online,42,2,17407000,0,0,0,0,0,0,normal,synthetic
SYN_0038,jualan_online,43,3,18201000,0,0,0,0,0,0,normal,synthetic
SYN_0038,jualan_online,44,4,25596000,0,0,0,0,0,1,normal,synthetic
SYN_0038,jualan_online,45,1,17922000,0,0,0,0,0,0,normal,synthetic
SYN_0038,jualan_online,46,2,19753000,0,0,0,0,0,0,normal,synthetic
SYN_0038,jualan_online,47,3,21276000,0,0,0,0,0,0,normal,synthetic
SYN_0038,jualan_online,48,4,22784000,0,0,0,0,0,1,normal,synthetic
SYN_0038,jualan_online,49,1,23645000,0,0,0,1,0,0,high_season,synthetic
SYN_0038,jualan_online,50,2,24785000,0,0,0,1,0,0,high_season,synthetic
SYN_0038,jualan_online,51,3,25895000,0,0,0,1,0,0,high_season,synthetic
SYN_0038,jualan_online,52,4,28009000,0,0,0,1,0,1,high_season,synthetic
SYN_0039,kurir,1,1,951000,0,0,0,0,1,0,low_season,synthetic
SYN_0039,kurir,2,2,1252000,0,0,0,0,1,0,low_season,synthetic
SYN_0039,kurir,3,3,1111000,0,0,0,0,1,0,low_season,synthetic
SYN_0039,kurir,4,4,1461000,0,0,0,0,1,1,low_season,synthetic
SYN_0039,kurir,5,1,1084000,0,0,0,0,1,0,low_season,synthetic
SYN_0039,kurir,6,2,1086000,0,0,0,0,1,0,low_season,synthetic
SYN_0039,kurir,7,3,1539000,0,0,0,0,0,0,normal,synthetic
SYN_0039,kurir,8,4,1720000,0,0,0,0,0,1,normal,synthetic
SYN_0039,kurir,9,1,1236000,0,0,0,0,0,0,normal,synthetic
SYN_0039,kurir,10,2,1963000,1,0,0,0,0,0,high_season,synthetic
SYN_0039,kurir,11,3,2067000,1,0,0,0,0,0,high_season,synthetic
SYN_0039,kurir,12,4,2538000,1,0,0,0,0,1,high_season,synthetic
SYN_0039,kurir,13,1,1817000,1,0,0,0,0,0,high_season,synthetic
SYN_0039,kurir,14,2,1850000,0,1,0,0,0,0,high_season,synthetic
SYN_0039,kurir,15,3,987000,0,0,1,0,0,0,low_season,synthetic
SYN_0039,kurir,16,4,1033000,0,0,1,0,0,1,low_season,synthetic
SYN_0039,kurir,17,1,1244000,0,0,0,0,0,0,normal,synthetic
SYN_0039,kurir,18,2,1234000,0,0,0,0,0,0,normal,synthetic
SYN_0039,kurir,19,3,1233000,0,0,0,0,0,0,normal,synthetic
SYN_0039,kurir,20,4,1873000,0,0,0,0,0,1,normal,synthetic
SYN_0039,kurir,21,1,1232000,0,0,0,0,0,0,normal,synthetic
SYN_0039,kurir,22,2,1359000,0,0,0,0,0,0,normal,synthetic
SYN_0039,kurir,23,3,1468000,0,0,0,0,0,0,normal,synthetic
SYN_0039,kurir,24,4,1635000,0,0,0,0,0,1,normal,synthetic
SYN_0039,kurir,25,1,1502000,0,0,0,0,0,0,normal,synthetic
SYN_0039,kurir,26,2,1374000,0,0,0,0,0,0,normal,synthetic
SYN_0039,kurir,27,3,1453000,0,0,0,0,0,0,normal,synthetic
SYN_0039,kurir,28,4,1834000,0,0,0,0,0,1,normal,synthetic
SYN_0039,kurir,29,1,1446000,0,0,0,0,0,0,normal,synthetic
SYN_0039,kurir,30,2,1316000,0,0,0,0,0,0,normal,synthetic
SYN_0039,kurir,31,3,1356000,0,0,0,0,0,0,normal,synthetic
SYN_0039,kurir,32,4,1879000,0,0,0,0,0,1,normal,synthetic
SYN_0039,kurir,33,1,1358000,0,0,0,0,0,0,normal,synthetic
SYN_0039,kurir,34,2,1541000,0,0,0,0,0,0,normal,synthetic
SYN_0039,kurir,35,3,1239000,0,0,0,0,0,0,normal,synthetic
SYN_0039,kurir,36,4,1920000,0,0,0,0,0,1,normal,synthetic
SYN_0039,kurir,37,1,1182000,0,0,0,0,0,0,normal,synthetic
SYN_0039,kurir,38,2,1432000,0,0,0,0,0,0,normal,synthetic
SYN_0039,kurir,39,3,1390000,0,0,0,0,0,0,normal,synthetic
SYN_0039,kurir,40,4,1559000,0,0,0,0,0,1,normal,synthetic
SYN_0039,kurir,41,1,1110000,0,0,0,0,0,0,normal,synthetic
SYN_0039,kurir,42,2,1192000,0,0,0,0,0,0,normal,synthetic
SYN_0039,kurir,43,3,1423000,0,0,0,0,0,0,normal,synthetic
SYN_0039,kurir,44,4,1463000,0,0,0,0,0,1,normal,synthetic
SYN_0039,kurir,45,1,1141000,0,0,0,0,0,0,normal,synthetic
SYN_0039,kurir,46,2,1381000,0,0,0,0,0,0,normal,synthetic
SYN_0039,kurir,47,3,1081000,0,0,0,0,0,0,normal,synthetic
SYN_0039,kurir,48,4,1806000,0,0,0,0,0,1,normal,synthetic
SYN_0039,kurir,49,1,1298000,0,0,0,1,0,0,high_season,synthetic
SYN_0039,kurir,50,2,1818000,0,0,0,1,0,0,high_season,synthetic
SYN_0039,kurir,51,3,1833000,0,0,0,1,0,0,high_season,synthetic
SYN_0039,kurir,52,4,2301000,0,0,0,1,0,1,high_season,synthetic
SYN_0040,freelancer_it,1,1,20481000,0,0,0,0,1,0,low_season,synthetic
SYN_0040,freelancer_it,2,2,31517000,0,0,0,0,1,0,low_season,synthetic
SYN_0040,freelancer_it,3,3,29994000,0,0,0,0,1,0,low_season,synthetic
SYN_0040,freelancer_it,4,4,36006000,0,0,0,0,1,1,low_season,synthetic
SYN_0040,freelancer_it,5,1,26043000,0,0,0,0,1,0,low_season,synthetic
SYN_0040,freelancer_it,6,2,27338000,0,0,0,0,1,0,low_season,synthetic
SYN_0040,freelancer_it,7,3,35096000,0,0,0,0,0,0,normal,synthetic
SYN_0040,freelancer_it,8,4,41679000,0,0,0,0,0,1,normal,synthetic
SYN_0040,freelancer_it,9,1,27436000,0,0,0,0,0,0,normal,synthetic
SYN_0040,freelancer_it,10,2,42774000,1,0,0,0,0,0,high_season,synthetic
SYN_0040,freelancer_it,11,3,47172000,1,0,0,0,0,0,high_season,synthetic
SYN_0040,freelancer_it,12,4,67913000,1,0,0,0,0,1,high_season,synthetic
SYN_0040,freelancer_it,13,1,34596000,1,0,0,0,0,0,high_season,synthetic
SYN_0040,freelancer_it,14,2,44599000,0,1,0,0,0,0,high_season,synthetic
SYN_0040,freelancer_it,15,3,22970000,0,0,1,0,0,0,low_season,synthetic
SYN_0040,freelancer_it,16,4,27135000,0,0,1,0,0,1,low_season,synthetic
SYN_0040,freelancer_it,17,1,29568000,0,0,0,0,0,0,normal,synthetic
SYN_0040,freelancer_it,18,2,33170000,0,0,0,0,0,0,normal,synthetic
SYN_0040,freelancer_it,19,3,31072000,0,0,0,0,0,0,normal,synthetic
SYN_0040,freelancer_it,20,4,46518000,0,0,0,0,0,1,normal,synthetic
SYN_0040,freelancer_it,21,1,22397000,0,0,0,0,0,0,normal,synthetic
SYN_0040,freelancer_it,22,2,28354000,0,0,0,0,0,0,normal,synthetic
SYN_0040,freelancer_it,23,3,31611000,0,0,0,0,0,0,normal,synthetic
SYN_0040,freelancer_it,24,4,29635000,0,0,0,0,0,1,normal,synthetic
SYN_0040,freelancer_it,25,1,28157000,0,0,0,0,0,0,normal,synthetic
SYN_0040,freelancer_it,26,2,39536000,0,0,0,0,0,0,normal,synthetic
SYN_0040,freelancer_it,27,3,32169000,0,0,0,0,0,0,normal,synthetic
SYN_0040,freelancer_it,28,4,39733000,0,0,0,0,0,1,normal,synthetic
SYN_0040,freelancer_it,29,1,23774000,0,0,0,0,0,0,normal,synthetic
SYN_0040,freelancer_it,30,2,29307000,0,0,0,0,0,0,normal,synthetic
SYN_0040,freelancer_it,31,3,30390000,0,0,0,0,0,0,normal,synthetic
SYN_0040,freelancer_it,32,4,36778000,0,0,0,0,0,1,normal,synthetic
SYN_0040,freelancer_it,33,1,34047000,0,0,0,0,0,0,normal,synthetic
SYN_0040,freelancer_it,34,2,34579000,0,0,0,0,0,0,normal,synthetic
SYN_0040,freelancer_it,35,3,27084000,0,0,0,0,0,0,normal,synthetic
SYN_0040,freelancer_it,36,4,39818000,0,0,0,0,0,1,normal,synthetic
SYN_0040,freelancer_it,37,1,30881000,0,0,0,0,0,0,normal,synthetic
SYN_0040,freelancer_it,38,2,37195000,0,0,0,0,0,0,normal,synthetic
SYN_0040,freelancer_it,39,3,39172000,0,0,0,0,0,0,normal,synthetic
SYN_0040,freelancer_it,40,4,33020000,0,0,0,0,0,1,normal,synthetic
SYN_0040,freelancer_it,41,1,25590000,0,0,0,0,0,0,normal,synthetic
SYN_0040,freelancer_it,42,2,26428000,0,0,0,0,0,0,normal,synthetic
SYN_0040,freelancer_it,43,3,31024000,0,0,0,0,0,0,normal,synthetic
SYN_0040,freelancer_it,44,4,41003000,0,0,0,0,0,1,normal,synthetic
SYN_0040,freelancer_it,45,1,32858000,0,0,0,0,0,0,normal,synthetic
SYN_0040,freelancer_it,46,2,31734000,0,0,0,0,0,0,normal,synthetic
SYN_0040,freelancer_it,47,3,30638000,0,0,0,0,0,0,normal,synthetic
SYN_0040,freelancer_it,48,4,39307000,0,0,0,0,0,1,normal,synthetic
SYN_0040,freelancer_it,49,1,33140000,0,0,0,1,0,0,high_season,synthetic
SYN_0040,freelancer_it,50,2,53895000,0,0,0,1,0,0,high_season,synthetic
SYN_0040,freelancer_it,51,3,32312000,0,0,0,1,0,0,high_season,synthetic
SYN_0040,freelancer_it,52,4,51331000,0,0,0,1,0,1,high_season,synthetic
SYN_0041,freelancer_it,1,1,17201000,0,0,0,0,1,0,low_season,synthetic
SYN_0041,freelancer_it,2,2,20713000,0,0,0,0,1,0,low_season,synthetic
SYN_0041,freelancer_it,3,3,16928000,0,0,0,0,1,0,low_season,synthetic
SYN_0041,freelancer_it,4,4,29046000,0,0,0,0,1,1,low_season,synthetic
SYN_0041,freelancer_it,5,1,12254000,0,0,0,0,1,0,low_season,synthetic
SYN_0041,freelancer_it,6,2,17068000,0,0,0,0,1,0,low_season,synthetic
SYN_0041,freelancer_it,7,3,21547000,0,0,0,0,0,0,normal,synthetic
SYN_0041,freelancer_it,8,4,25425000,0,0,0,0,0,1,normal,synthetic
SYN_0041,freelancer_it,9,1,16236000,0,0,0,0,0,0,normal,synthetic
SYN_0041,freelancer_it,10,2,33592000,1,0,0,0,0,0,high_season,synthetic
SYN_0041,freelancer_it,11,3,33252000,1,0,0,0,0,0,high_season,synthetic
SYN_0041,freelancer_it,12,4,38187000,1,0,0,0,0,1,high_season,synthetic
SYN_0041,freelancer_it,13,1,29771000,1,0,0,0,0,0,high_season,synthetic
SYN_0041,freelancer_it,14,2,35887000,0,1,0,0,0,0,high_season,synthetic
SYN_0041,freelancer_it,15,3,11805000,0,0,1,0,0,0,low_season,synthetic
SYN_0041,freelancer_it,16,4,16475000,0,0,1,0,0,1,low_season,synthetic
SYN_0041,freelancer_it,17,1,20051000,0,0,0,0,0,0,normal,synthetic
SYN_0041,freelancer_it,18,2,22297000,0,0,0,0,0,0,normal,synthetic
SYN_0041,freelancer_it,19,3,21926000,0,0,0,0,0,0,normal,synthetic
SYN_0041,freelancer_it,20,4,28170000,0,0,0,0,0,1,normal,synthetic
SYN_0041,freelancer_it,21,1,18024000,0,0,0,0,0,0,normal,synthetic
SYN_0041,freelancer_it,22,2,21881000,0,0,0,0,0,0,normal,synthetic
SYN_0041,freelancer_it,23,3,23546000,0,0,0,0,0,0,normal,synthetic
SYN_0041,freelancer_it,24,4,25849000,0,0,0,0,0,1,normal,synthetic
SYN_0041,freelancer_it,25,1,16205000,0,0,0,0,0,0,normal,synthetic
SYN_0041,freelancer_it,26,2,18866000,0,0,0,0,0,0,normal,synthetic
SYN_0041,freelancer_it,27,3,24336000,0,0,0,0,0,0,normal,synthetic
SYN_0041,freelancer_it,28,4,31260000,0,0,0,0,0,1,normal,synthetic
SYN_0041,freelancer_it,29,1,22848000,0,0,0,0,0,0,normal,synthetic
SYN_0041,freelancer_it,30,2,22509000,0,0,0,0,0,0,normal,synthetic
SYN_0041,freelancer_it,31,3,18128000,0,0,0,0,0,0,normal,synthetic
SYN_0041,freelancer_it,32,4,26137000,0,0,0,0,0,1,normal,synthetic
SYN_0041,freelancer_it,33,1,23911000,0,0,0,0,0,0,normal,synthetic
SYN_0041,freelancer_it,34,2,23688000,0,0,0,0,0,0,normal,synthetic
SYN_0041,freelancer_it,35,3,21167000,0,0,0,0,0,0,normal,synthetic
SYN_0041,freelancer_it,36,4,28462000,0,0,0,0,0,1,normal,synthetic
SYN_0041,freelancer_it,37,1,16133000,0,0,0,0,0,0,normal,synthetic
SYN_0041,freelancer_it,38,2,19677000,0,0,0,0,0,0,normal,synthetic
SYN_0041,freelancer_it,39,3,18491000,0,0,0,0,0,0,normal,synthetic
SYN_0041,freelancer_it,40,4,27880000,0,0,0,0,0,1,normal,synthetic
SYN_0041,freelancer_it,41,1,21581000,0,0,0,0,0,0,normal,synthetic
SYN_0041,freelancer_it,42,2,21331000,0,0,0,0,0,0,normal,synthetic
SYN_0041,freelancer_it,43,3,19136000,0,0,0,0,0,0,normal,synthetic
SYN_0041,freelancer_it,44,4,26088000,0,0,0,0,0,1,normal,synthetic
SYN_0041,freelancer_it,45,1,18283000,0,0,0,0,0,0,normal,synthetic
SYN_0041,freelancer_it,46,2,19370000,0,0,0,0,0,0,normal,synthetic
SYN_0041,freelancer_it,47,3,22835000,0,0,0,0,0,0,normal,synthetic
SYN_0041,freelancer_it,48,4,23384000,0,0,0,0,0,1,normal,synthetic
SYN_0041,freelancer_it,49,1,19913000,0,0,0,1,0,0,high_season,synthetic
SYN_0041,freelancer_it,50,2,23007000,0,0,0,1,0,0,high_season,synthetic
SYN_0041,freelancer_it,51,3,21979000,0,0,0,1,0,0,high_season,synthetic
SYN_0041,freelancer_it,52,4,35186000,0,0,0,1,0,1,high_season,synthetic
SYN_0042,jualan_online,1,1,21638000,0,0,0,0,1,0,low_season,synthetic
SYN_0042,jualan_online,2,2,34728000,0,0,0,0,1,0,low_season,synthetic
SYN_0042,jualan_online,3,3,28437000,0,0,0,0,1,0,low_season,synthetic
SYN_0042,jualan_online,4,4,40706000,0,0,0,0,1,1,low_season,synthetic
SYN_0042,jualan_online,5,1,21292000,0,0,0,0,1,0,low_season,synthetic
SYN_0042,jualan_online,6,2,34300000,0,0,0,0,1,0,low_season,synthetic
SYN_0042,jualan_online,7,3,31152000,0,0,0,0,0,0,normal,synthetic
SYN_0042,jualan_online,8,4,47575000,0,0,0,0,0,1,normal,synthetic
SYN_0042,jualan_online,9,1,32861000,0,0,0,0,0,0,normal,synthetic
SYN_0042,jualan_online,10,2,46801000,1,0,0,0,0,0,high_season,synthetic
SYN_0042,jualan_online,11,3,50270000,1,0,0,0,0,0,high_season,synthetic
SYN_0042,jualan_online,12,4,68645000,1,0,0,0,0,1,high_season,synthetic
SYN_0042,jualan_online,13,1,48171000,1,0,0,0,0,0,high_season,synthetic
SYN_0042,jualan_online,14,2,68260000,0,1,0,0,0,0,high_season,synthetic
SYN_0042,jualan_online,15,3,31566000,0,0,1,0,0,0,low_season,synthetic
SYN_0042,jualan_online,16,4,24870000,0,0,1,0,0,1,low_season,synthetic
SYN_0042,jualan_online,17,1,39171000,0,0,0,0,0,0,normal,synthetic
SYN_0042,jualan_online,18,2,36906000,0,0,0,0,0,0,normal,synthetic
SYN_0042,jualan_online,19,3,32518000,0,0,0,0,0,0,normal,synthetic
SYN_0042,jualan_online,20,4,36757000,0,0,0,0,0,1,normal,synthetic
SYN_0042,jualan_online,21,1,32060000,0,0,0,0,0,0,normal,synthetic
SYN_0042,jualan_online,22,2,40481000,0,0,0,0,0,0,normal,synthetic
SYN_0042,jualan_online,23,3,35891000,0,0,0,0,0,0,normal,synthetic
SYN_0042,jualan_online,24,4,51671000,0,0,0,0,0,1,normal,synthetic
SYN_0042,jualan_online,25,1,27092000,0,0,0,0,0,0,normal,synthetic
SYN_0042,jualan_online,26,2,36396000,0,0,0,0,0,0,normal,synthetic
SYN_0042,jualan_online,27,3,30971000,0,0,0,0,0,0,normal,synthetic
SYN_0042,jualan_online,28,4,45648000,0,0,0,0,0,1,normal,synthetic
SYN_0042,jualan_online,29,1,36296000,0,0,0,0,0,0,normal,synthetic
SYN_0042,jualan_online,30,2,34609000,0,0,0,0,0,0,normal,synthetic
SYN_0042,jualan_online,31,3,25059000,0,0,0,0,0,0,normal,synthetic
SYN_0042,jualan_online,32,4,44783000,0,0,0,0,0,1,normal,synthetic
SYN_0042,jualan_online,33,1,34524000,0,0,0,0,0,0,normal,synthetic
SYN_0042,jualan_online,34,2,38218000,0,0,0,0,0,0,normal,synthetic
SYN_0042,jualan_online,35,3,41855000,0,0,0,0,0,0,normal,synthetic
SYN_0042,jualan_online,36,4,38118000,0,0,0,0,0,1,normal,synthetic
SYN_0042,jualan_online,37,1,35482000,0,0,0,0,0,0,normal,synthetic
SYN_0042,jualan_online,38,2,41665000,0,0,0,0,0,0,normal,synthetic
SYN_0042,jualan_online,39,3,28670000,0,0,0,0,0,0,normal,synthetic
SYN_0042,jualan_online,40,4,45417000,0,0,0,0,0,1,normal,synthetic
SYN_0042,jualan_online,41,1,30820000,0,0,0,0,0,0,normal,synthetic
SYN_0042,jualan_online,42,2,36093000,0,0,0,0,0,0,normal,synthetic
SYN_0042,jualan_online,43,3,37970000,0,0,0,0,0,0,normal,synthetic
SYN_0042,jualan_online,44,4,41182000,0,0,0,0,0,1,normal,synthetic
SYN_0042,jualan_online,45,1,30144000,0,0,0,0,0,0,normal,synthetic
SYN_0042,jualan_online,46,2,36599000,0,0,0,0,0,0,normal,synthetic
SYN_0042,jualan_online,47,3,31694000,0,0,0,0,0,0,normal,synthetic
SYN_0042,jualan_online,48,4,38040000,0,0,0,0,0,1,normal,synthetic
SYN_0042,jualan_online,49,1,46122000,0,0,0,1,0,0,high_season,synthetic
SYN_0042,jualan_online,50,2,40852000,0,0,0,1,0,0,high_season,synthetic
SYN_0042,jualan_online,51,3,51173000,0,0,0,1,0,0,high_season,synthetic
SYN_0042,jualan_online,52,4,60017000,0,0,0,1,0,1,high_season,synthetic
SYN_0043,kurir,1,1,604000,0,0,0,0,1,0,low_season,synthetic
SYN_0043,kurir,2,2,807000,0,0,0,0,1,0,low_season,synthetic
SYN_0043,kurir,3,3,788000,0,0,0,0,1,0,low_season,synthetic
SYN_0043,kurir,4,4,863000,0,0,0,0,1,1,low_season,synthetic
SYN_0043,kurir,5,1,607000,0,0,0,0,1,0,low_season,synthetic
SYN_0043,kurir,6,2,846000,0,0,0,0,1,0,low_season,synthetic
SYN_0043,kurir,7,3,749000,0,0,0,0,0,0,normal,synthetic
SYN_0043,kurir,8,4,1003000,0,0,0,0,0,1,normal,synthetic
SYN_0043,kurir,9,1,810000,0,0,0,0,0,0,normal,synthetic
SYN_0043,kurir,10,2,1482000,1,0,0,0,0,0,high_season,synthetic
SYN_0043,kurir,11,3,1322000,1,0,0,0,0,0,high_season,synthetic
SYN_0043,kurir,12,4,1600000,1,0,0,0,0,1,high_season,synthetic
SYN_0043,kurir,13,1,1093000,1,0,0,0,0,0,high_season,synthetic
SYN_0043,kurir,14,2,1621000,0,1,0,0,0,0,high_season,synthetic
SYN_0043,kurir,15,3,623000,0,0,1,0,0,0,low_season,synthetic
SYN_0043,kurir,16,4,637000,0,0,1,0,0,1,low_season,synthetic
SYN_0043,kurir,17,1,849000,0,0,0,0,0,0,normal,synthetic
SYN_0043,kurir,18,2,957000,0,0,0,0,0,0,normal,synthetic
SYN_0043,kurir,19,3,944000,0,0,0,0,0,0,normal,synthetic
SYN_0043,kurir,20,4,1062000,0,0,0,0,0,1,normal,synthetic
SYN_0043,kurir,21,1,727000,0,0,0,0,0,0,normal,synthetic
SYN_0043,kurir,22,2,703000,0,0,0,0,0,0,normal,synthetic
SYN_0043,kurir,23,3,894000,0,0,0,0,0,0,normal,synthetic
SYN_0043,kurir,24,4,1159000,0,0,0,0,0,1,normal,synthetic
SYN_0043,kurir,25,1,863000,0,0,0,0,0,0,normal,synthetic
SYN_0043,kurir,26,2,945000,0,0,0,0,0,0,normal,synthetic
SYN_0043,kurir,27,3,876000,0,0,0,0,0,0,normal,synthetic
SYN_0043,kurir,28,4,1160000,0,0,0,0,0,1,normal,synthetic
SYN_0043,kurir,29,1,858000,0,0,0,0,0,0,normal,synthetic
SYN_0043,kurir,30,2,849000,0,0,0,0,0,0,normal,synthetic
SYN_0043,kurir,31,3,935000,0,0,0,0,0,0,normal,synthetic
SYN_0043,kurir,32,4,1009000,0,0,0,0,0,1,normal,synthetic
SYN_0043,kurir,33,1,832000,0,0,0,0,0,0,normal,synthetic
SYN_0043,kurir,34,2,781000,0,0,0,0,0,0,normal,synthetic
SYN_0043,kurir,35,3,787000,0,0,0,0,0,0,normal,synthetic
SYN_0043,kurir,36,4,1157000,0,0,0,0,0,1,normal,synthetic
SYN_0043,kurir,37,1,859000,0,0,0,0,0,0,normal,synthetic
SYN_0043,kurir,38,2,931000,0,0,0,0,0,0,normal,synthetic
SYN_0043,kurir,39,3,889000,0,0,0,0,0,0,normal,synthetic
SYN_0043,kurir,40,4,836000,0,0,0,0,0,1,normal,synthetic
SYN_0043,kurir,41,1,789000,0,0,0,0,0,0,normal,synthetic
SYN_0043,kurir,42,2,917000,0,0,0,0,0,0,normal,synthetic
SYN_0043,kurir,43,3,841000,0,0,0,0,0,0,normal,synthetic
SYN_0043,kurir,44,4,992000,0,0,0,0,0,1,normal,synthetic
SYN_0043,kurir,45,1,895000,0,0,0,0,0,0,normal,synthetic
SYN_0043,kurir,46,2,877000,0,0,0,0,0,0,normal,synthetic
SYN_0043,kurir,47,3,917000,0,0,0,0,0,0,normal,synthetic
SYN_0043,kurir,48,4,1131000,0,0,0,0,0,1,normal,synthetic
SYN_0043,kurir,49,1,941000,0,0,0,1,0,0,high_season,synthetic
SYN_0043,kurir,50,2,1166000,0,0,0,1,0,0,high_season,synthetic
SYN_0043,kurir,51,3,1280000,0,0,0,1,0,0,high_season,synthetic
SYN_0043,kurir,52,4,1596000,0,0,0,1,0,1,high_season,synthetic
SYN_0044,content_creator,1,1,33284000,0,0,0,0,1,0,low_season,synthetic
SYN_0044,content_creator,2,2,30757000,0,0,0,0,1,0,low_season,synthetic
SYN_0044,content_creator,3,3,20805000,0,0,0,0,1,0,low_season,synthetic
SYN_0044,content_creator,4,4,48819000,0,0,0,0,1,1,low_season,synthetic
SYN_0044,content_creator,5,1,27941000,0,0,0,0,1,0,low_season,synthetic
SYN_0044,content_creator,6,2,28697000,0,0,0,0,1,0,low_season,synthetic
SYN_0044,content_creator,7,3,44958000,0,0,0,0,0,0,normal,synthetic
SYN_0044,content_creator,8,4,44578000,0,0,0,0,0,1,normal,synthetic
SYN_0044,content_creator,9,1,42835000,0,0,0,0,0,0,normal,synthetic
SYN_0044,content_creator,10,2,64391000,1,0,0,0,0,0,high_season,synthetic
SYN_0044,content_creator,11,3,65085000,1,0,0,0,0,0,high_season,synthetic
SYN_0044,content_creator,12,4,52446000,1,0,0,0,0,1,high_season,synthetic
SYN_0044,content_creator,13,1,63538000,1,0,0,0,0,0,high_season,synthetic
SYN_0044,content_creator,14,2,73234000,0,1,0,0,0,0,high_season,synthetic
SYN_0044,content_creator,15,3,26118000,0,0,1,0,0,0,low_season,synthetic
SYN_0044,content_creator,16,4,34440000,0,0,1,0,0,1,low_season,synthetic
SYN_0044,content_creator,17,1,24471000,0,0,0,0,0,0,normal,synthetic
SYN_0044,content_creator,18,2,42909000,0,0,0,0,0,0,normal,synthetic
SYN_0044,content_creator,19,3,32563000,0,0,0,0,0,0,normal,synthetic
SYN_0044,content_creator,20,4,36285000,0,0,0,0,0,1,normal,synthetic
SYN_0044,content_creator,21,1,26115000,0,0,0,0,0,0,normal,synthetic
SYN_0044,content_creator,22,2,47974000,0,0,0,0,0,0,normal,synthetic
SYN_0044,content_creator,23,3,35442000,0,0,0,0,0,0,normal,synthetic
SYN_0044,content_creator,24,4,61203000,0,0,0,0,0,1,normal,synthetic
SYN_0044,content_creator,25,1,32503000,0,0,0,0,0,0,normal,synthetic
SYN_0044,content_creator,26,2,27685000,0,0,0,0,0,0,normal,synthetic
SYN_0044,content_creator,27,3,31936000,0,0,0,0,0,0,normal,synthetic
SYN_0044,content_creator,28,4,58631000,0,0,0,0,0,1,normal,synthetic
SYN_0044,content_creator,29,1,34962000,0,0,0,0,0,0,normal,synthetic
SYN_0044,content_creator,30,2,36024000,0,0,0,0,0,0,normal,synthetic
SYN_0044,content_creator,31,3,41120000,0,0,0,0,0,0,normal,synthetic
SYN_0044,content_creator,32,4,52294000,0,0,0,0,0,1,normal,synthetic
SYN_0044,content_creator,33,1,43207000,0,0,0,0,0,0,normal,synthetic
SYN_0044,content_creator,34,2,50390000,0,0,0,0,0,0,normal,synthetic
SYN_0044,content_creator,35,3,37380000,0,0,0,0,0,0,normal,synthetic
SYN_0044,content_creator,36,4,36514000,0,0,0,0,0,1,normal,synthetic
SYN_0044,content_creator,37,1,33295000,0,0,0,0,0,0,normal,synthetic
SYN_0044,content_creator,38,2,41841000,0,0,0,0,0,0,normal,synthetic
SYN_0044,content_creator,39,3,33035000,0,0,0,0,0,0,normal,synthetic
SYN_0044,content_creator,40,4,39699000,0,0,0,0,0,1,normal,synthetic
SYN_0044,content_creator,41,1,38198000,0,0,0,0,0,0,normal,synthetic
SYN_0044,content_creator,42,2,39619000,0,0,0,0,0,0,normal,synthetic
SYN_0044,content_creator,43,3,40205000,0,0,0,0,0,0,normal,synthetic
SYN_0044,content_creator,44,4,41414000,0,0,0,0,0,1,normal,synthetic
SYN_0044,content_creator,45,1,34480000,0,0,0,0,0,0,normal,synthetic
SYN_0044,content_creator,46,2,33319000,0,0,0,0,0,0,normal,synthetic
SYN_0044,content_creator,47,3,46373000,0,0,0,0,0,0,normal,synthetic
SYN_0044,content_creator,48,4,56900000,0,0,0,0,0,1,normal,synthetic
SYN_0044,content_creator,49,1,31223000,0,0,0,1,0,0,high_season,synthetic
SYN_0044,content_creator,50,2,43266000,0,0,0,1,0,0,high_season,synthetic
SYN_0044,content_creator,51,3,37963000,0,0,0,1,0,0,high_season,synthetic
SYN_0044,content_creator,52,4,55056000,0,0,0,1,0,1,high_season,synthetic
SYN_0045,ojek_online,1,1,587000,0,0,0,0,1,0,low_season,synthetic
SYN_0045,ojek_online,2,2,732000,0,0,0,0,1,0,low_season,synthetic
SYN_0045,ojek_online,3,3,566000,0,0,0,0,1,0,low_season,synthetic
SYN_0045,ojek_online,4,4,801000,0,0,0,0,1,1,low_season,synthetic
SYN_0045,ojek_online,5,1,622000,0,0,0,0,1,0,low_season,synthetic
SYN_0045,ojek_online,6,2,655000,0,0,0,0,1,0,low_season,synthetic
SYN_0045,ojek_online,7,3,794000,0,0,0,0,0,0,normal,synthetic
SYN_0045,ojek_online,8,4,954000,0,0,0,0,0,1,normal,synthetic
SYN_0045,ojek_online,9,1,637000,0,0,0,0,0,0,normal,synthetic
SYN_0045,ojek_online,10,2,1318000,1,0,0,0,0,0,high_season,synthetic
SYN_0045,ojek_online,11,3,1286000,1,0,0,0,0,0,high_season,synthetic
SYN_0045,ojek_online,12,4,1534000,1,0,0,0,0,1,high_season,synthetic
SYN_0045,ojek_online,13,1,1131000,1,0,0,0,0,0,high_season,synthetic
SYN_0045,ojek_online,14,2,1122000,0,1,0,0,0,0,high_season,synthetic
SYN_0045,ojek_online,15,3,601000,0,0,1,0,0,0,low_season,synthetic
SYN_0045,ojek_online,16,4,702000,0,0,1,0,0,1,low_season,synthetic
SYN_0045,ojek_online,17,1,580000,0,0,0,0,0,0,normal,synthetic
SYN_0045,ojek_online,18,2,759000,0,0,0,0,0,0,normal,synthetic
SYN_0045,ojek_online,19,3,802000,0,0,0,0,0,0,normal,synthetic
SYN_0045,ojek_online,20,4,1108000,0,0,0,0,0,1,normal,synthetic
SYN_0045,ojek_online,21,1,757000,0,0,0,0,0,0,normal,synthetic
SYN_0045,ojek_online,22,2,703000,0,0,0,0,0,0,normal,synthetic
SYN_0045,ojek_online,23,3,926000,0,0,0,0,0,0,normal,synthetic
SYN_0045,ojek_online,24,4,938000,0,0,0,0,0,1,normal,synthetic
SYN_0045,ojek_online,25,1,680000,0,0,0,0,0,0,normal,synthetic
SYN_0045,ojek_online,26,2,750000,0,0,0,0,0,0,normal,synthetic
SYN_0045,ojek_online,27,3,637000,0,0,0,0,0,0,normal,synthetic
SYN_0045,ojek_online,28,4,922000,0,0,0,0,0,1,normal,synthetic
SYN_0045,ojek_online,29,1,739000,0,0,0,0,0,0,normal,synthetic
SYN_0045,ojek_online,30,2,745000,0,0,0,0,0,0,normal,synthetic
SYN_0045,ojek_online,31,3,815000,0,0,0,0,0,0,normal,synthetic
SYN_0045,ojek_online,32,4,843000,0,0,0,0,0,1,normal,synthetic
SYN_0045,ojek_online,33,1,689000,0,0,0,0,0,0,normal,synthetic
SYN_0045,ojek_online,34,2,806000,0,0,0,0,0,0,normal,synthetic
SYN_0045,ojek_online,35,3,795000,0,0,0,0,0,0,normal,synthetic
SYN_0045,ojek_online,36,4,766000,0,0,0,0,0,1,normal,synthetic
SYN_0045,ojek_online,37,1,666000,0,0,0,0,0,0,normal,synthetic
SYN_0045,ojek_online,38,2,924000,0,0,0,0,0,0,normal,synthetic
SYN_0045,ojek_online,39,3,735000,0,0,0,0,0,0,normal,synthetic
SYN_0045,ojek_online,40,4,935000,0,0,0,0,0,1,normal,synthetic
SYN_0045,ojek_online,41,1,694000,0,0,0,0,0,0,normal,synthetic
SYN_0045,ojek_online,42,2,915000,0,0,0,0,0,0,normal,synthetic
SYN_0045,ojek_online,43,3,891000,0,0,0,0,0,0,normal,synthetic
SYN_0045,ojek_online,44,4,1018000,0,0,0,0,0,1,normal,synthetic
SYN_0045,ojek_online,45,1,624000,0,0,0,0,0,0,normal,synthetic
SYN_0045,ojek_online,46,2,809000,0,0,0,0,0,0,normal,synthetic
SYN_0045,ojek_online,47,3,828000,0,0,0,0,0,0,normal,synthetic
SYN_0045,ojek_online,48,4,861000,0,0,0,0,0,1,normal,synthetic
SYN_0045,ojek_online,49,1,822000,0,0,0,1,0,0,high_season,synthetic
SYN_0045,ojek_online,50,2,1205000,0,0,0,1,0,0,high_season,synthetic
SYN_0045,ojek_online,51,3,977000,0,0,0,1,0,0,high_season,synthetic
SYN_0045,ojek_online,52,4,1433000,0,0,0,1,0,1,high_season,synthetic
SYN_0046,ojek_online,1,1,1046000,0,0,0,0,1,0,low_season,synthetic
SYN_0046,ojek_online,2,2,1159000,0,0,0,0,1,0,low_season,synthetic
SYN_0046,ojek_online,3,3,1110000,0,0,0,0,1,0,low_season,synthetic
SYN_0046,ojek_online,4,4,1431000,0,0,0,0,1,1,low_season,synthetic
SYN_0046,ojek_online,5,1,1044000,0,0,0,0,1,0,low_season,synthetic
SYN_0046,ojek_online,6,2,948000,0,0,0,0,1,0,low_season,synthetic
SYN_0046,ojek_online,7,3,1421000,0,0,0,0,0,0,normal,synthetic
SYN_0046,ojek_online,8,4,1709000,0,0,0,0,0,1,normal,synthetic
SYN_0046,ojek_online,9,1,1066000,0,0,0,0,0,0,normal,synthetic
SYN_0046,ojek_online,10,2,1886000,1,0,0,0,0,0,high_season,synthetic
SYN_0046,ojek_online,11,3,2022000,1,0,0,0,0,0,high_season,synthetic
SYN_0046,ojek_online,12,4,2201000,1,0,0,0,0,1,high_season,synthetic
SYN_0046,ojek_online,13,1,1893000,1,0,0,0,0,0,high_season,synthetic
SYN_0046,ojek_online,14,2,2866000,0,1,0,0,0,0,high_season,synthetic
SYN_0046,ojek_online,15,3,827000,0,0,1,0,0,0,low_season,synthetic
SYN_0046,ojek_online,16,4,920000,0,0,1,0,0,1,low_season,synthetic
SYN_0046,ojek_online,17,1,1205000,0,0,0,0,0,0,normal,synthetic
SYN_0046,ojek_online,18,2,1400000,0,0,0,0,0,0,normal,synthetic
SYN_0046,ojek_online,19,3,1262000,0,0,0,0,0,0,normal,synthetic
SYN_0046,ojek_online,20,4,1807000,0,0,0,0,0,1,normal,synthetic
SYN_0046,ojek_online,21,1,991000,0,0,0,0,0,0,normal,synthetic
SYN_0046,ojek_online,22,2,1396000,0,0,0,0,0,0,normal,synthetic
SYN_0046,ojek_online,23,3,1207000,0,0,0,0,0,0,normal,synthetic
SYN_0046,ojek_online,24,4,1853000,0,0,0,0,0,1,normal,synthetic
SYN_0046,ojek_online,25,1,1426000,0,0,0,0,0,0,normal,synthetic
SYN_0046,ojek_online,26,2,1184000,0,0,0,0,0,0,normal,synthetic
SYN_0046,ojek_online,27,3,1215000,0,0,0,0,0,0,normal,synthetic
SYN_0046,ojek_online,28,4,1704000,0,0,0,0,0,1,normal,synthetic
SYN_0046,ojek_online,29,1,1115000,0,0,0,0,0,0,normal,synthetic
SYN_0046,ojek_online,30,2,1288000,0,0,0,0,0,0,normal,synthetic
SYN_0046,ojek_online,31,3,1299000,0,0,0,0,0,0,normal,synthetic
SYN_0046,ojek_online,32,4,1220000,0,0,0,0,0,1,normal,synthetic
SYN_0046,ojek_online,33,1,1164000,0,0,0,0,0,0,normal,synthetic
SYN_0046,ojek_online,34,2,1195000,0,0,0,0,0,0,normal,synthetic
SYN_0046,ojek_online,35,3,1224000,0,0,0,0,0,0,normal,synthetic
SYN_0046,ojek_online,36,4,1805000,0,0,0,0,0,1,normal,synthetic
SYN_0046,ojek_online,37,1,1002000,0,0,0,0,0,0,normal,synthetic
SYN_0046,ojek_online,38,2,1413000,0,0,0,0,0,0,normal,synthetic
SYN_0046,ojek_online,39,3,1255000,0,0,0,0,0,0,normal,synthetic
SYN_0046,ojek_online,40,4,1505000,0,0,0,0,0,1,normal,synthetic
SYN_0046,ojek_online,41,1,1269000,0,0,0,0,0,0,normal,synthetic
SYN_0046,ojek_online,42,2,1344000,0,0,0,0,0,0,normal,synthetic
SYN_0046,ojek_online,43,3,1378000,0,0,0,0,0,0,normal,synthetic
SYN_0046,ojek_online,44,4,1723000,0,0,0,0,0,1,normal,synthetic
SYN_0046,ojek_online,45,1,1122000,0,0,0,0,0,0,normal,synthetic
SYN_0046,ojek_online,46,2,1206000,0,0,0,0,0,0,normal,synthetic
SYN_0046,ojek_online,47,3,1138000,0,0,0,0,0,0,normal,synthetic
SYN_0046,ojek_online,48,4,1410000,0,0,0,0,0,1,normal,synthetic
SYN_0046,ojek_online,49,1,2016000,0,0,0,1,0,0,high_season,synthetic
SYN_0046,ojek_online,50,2,1918000,0,0,0,1,0,0,high_season,synthetic
SYN_0046,ojek_online,51,3,1429000,0,0,0,1,0,0,high_season,synthetic
SYN_0046,ojek_online,52,4,1721000,0,0,0,1,0,1,high_season,synthetic
SYN_0047,content_creator,1,1,20494000,0,0,0,0,1,0,low_season,synthetic
SYN_0047,content_creator,2,2,15306000,0,0,0,0,1,0,low_season,synthetic
SYN_0047,content_creator,3,3,14550000,0,0,0,0,1,0,low_season,synthetic
SYN_0047,content_creator,4,4,26085000,0,0,0,0,1,1,low_season,synthetic
SYN_0047,content_creator,5,1,17382000,0,0,0,0,1,0,low_season,synthetic
SYN_0047,content_creator,6,2,22977000,0,0,0,0,1,0,low_season,synthetic
SYN_0047,content_creator,7,3,13945000,0,0,0,0,0,0,normal,synthetic
SYN_0047,content_creator,8,4,20358000,0,0,0,0,0,1,normal,synthetic
SYN_0047,content_creator,9,1,20468000,0,0,0,0,0,0,normal,synthetic
SYN_0047,content_creator,10,2,35365000,1,0,0,0,0,0,high_season,synthetic
SYN_0047,content_creator,11,3,37907000,1,0,0,0,0,0,high_season,synthetic
SYN_0047,content_creator,12,4,40713000,1,0,0,0,0,1,high_season,synthetic
SYN_0047,content_creator,13,1,30480000,1,0,0,0,0,0,high_season,synthetic
SYN_0047,content_creator,14,2,36915000,0,1,0,0,0,0,high_season,synthetic
SYN_0047,content_creator,15,3,20426000,0,0,1,0,0,0,low_season,synthetic
SYN_0047,content_creator,16,4,15272000,0,0,1,0,0,1,low_season,synthetic
SYN_0047,content_creator,17,1,21735000,0,0,0,0,0,0,normal,synthetic
SYN_0047,content_creator,18,2,18651000,0,0,0,0,0,0,normal,synthetic
SYN_0047,content_creator,19,3,24868000,0,0,0,0,0,0,normal,synthetic
SYN_0047,content_creator,20,4,22140000,0,0,0,0,0,1,normal,synthetic
SYN_0047,content_creator,21,1,23149000,0,0,0,0,0,0,normal,synthetic
SYN_0047,content_creator,22,2,23142000,0,0,0,0,0,0,normal,synthetic
SYN_0047,content_creator,23,3,29808000,0,0,0,0,0,0,normal,synthetic
SYN_0047,content_creator,24,4,25844000,0,0,0,0,0,1,normal,synthetic
SYN_0047,content_creator,25,1,21977000,0,0,0,0,0,0,normal,synthetic
SYN_0047,content_creator,26,2,19501000,0,0,0,0,0,0,normal,synthetic
SYN_0047,content_creator,27,3,21509000,0,0,0,0,0,0,normal,synthetic
SYN_0047,content_creator,28,4,27739000,0,0,0,0,0,1,normal,synthetic
SYN_0047,content_creator,29,1,14803000,0,0,0,0,0,0,normal,synthetic
SYN_0047,content_creator,30,2,16896000,0,0,0,0,0,0,normal,synthetic
SYN_0047,content_creator,31,3,25134000,0,0,0,0,0,0,normal,synthetic
SYN_0047,content_creator,32,4,26505000,0,0,0,0,0,1,normal,synthetic
SYN_0047,content_creator,33,1,18237000,0,0,0,0,0,0,normal,synthetic
SYN_0047,content_creator,34,2,19675000,0,0,0,0,0,0,normal,synthetic
SYN_0047,content_creator,35,3,19832000,0,0,0,0,0,0,normal,synthetic
SYN_0047,content_creator,36,4,27773000,0,0,0,0,0,1,normal,synthetic
SYN_0047,content_creator,37,1,22051000,0,0,0,0,0,0,normal,synthetic
SYN_0047,content_creator,38,2,14142000,0,0,0,0,0,0,normal,synthetic
SYN_0047,content_creator,39,3,28453000,0,0,0,0,0,0,normal,synthetic
SYN_0047,content_creator,40,4,33795000,0,0,0,0,0,1,normal,synthetic
SYN_0047,content_creator,41,1,11851000,0,0,0,0,0,0,normal,synthetic
SYN_0047,content_creator,42,2,27118000,0,0,0,0,0,0,normal,synthetic
SYN_0047,content_creator,43,3,26993000,0,0,0,0,0,0,normal,synthetic
SYN_0047,content_creator,44,4,27223000,0,0,0,0,0,1,normal,synthetic
SYN_0047,content_creator,45,1,15649000,0,0,0,0,0,0,normal,synthetic
SYN_0047,content_creator,46,2,26830000,0,0,0,0,0,0,normal,synthetic
SYN_0047,content_creator,47,3,21699000,0,0,0,0,0,0,normal,synthetic
SYN_0047,content_creator,48,4,29910000,0,0,0,0,0,1,normal,synthetic
SYN_0047,content_creator,49,1,37142000,0,0,0,1,0,0,high_season,synthetic
SYN_0047,content_creator,50,2,30826000,0,0,0,1,0,0,high_season,synthetic
SYN_0047,content_creator,51,3,24623000,0,0,0,1,0,0,high_season,synthetic
SYN_0047,content_creator,52,4,33249000,0,0,0,1,0,1,high_season,synthetic
SYN_0048,ojek_online,1,1,652000,0,0,0,0,1,0,low_season,synthetic
SYN_0048,ojek_online,2,2,874000,0,0,0,0,1,0,low_season,synthetic
SYN_0048,ojek_online,3,3,893000,0,0,0,0,1,0,low_season,synthetic
SYN_0048,ojek_online,4,4,952000,0,0,0,0,1,1,low_season,synthetic
SYN_0048,ojek_online,5,1,736000,0,0,0,0,1,0,low_season,synthetic
SYN_0048,ojek_online,6,2,683000,0,0,0,0,1,0,low_season,synthetic
SYN_0048,ojek_online,7,3,926000,0,0,0,0,0,0,normal,synthetic
SYN_0048,ojek_online,8,4,1144000,0,0,0,0,0,1,normal,synthetic
SYN_0048,ojek_online,9,1,1116000,0,0,0,0,0,0,normal,synthetic
SYN_0048,ojek_online,10,2,1217000,1,0,0,0,0,0,high_season,synthetic
SYN_0048,ojek_online,11,3,1618000,1,0,0,0,0,0,high_season,synthetic
SYN_0048,ojek_online,12,4,1854000,1,0,0,0,0,1,high_season,synthetic
SYN_0048,ojek_online,13,1,1290000,1,0,0,0,0,0,high_season,synthetic
SYN_0048,ojek_online,14,2,2008000,0,1,0,0,0,0,high_season,synthetic
SYN_0048,ojek_online,15,3,699000,0,0,1,0,0,0,low_season,synthetic
SYN_0048,ojek_online,16,4,840000,0,0,1,0,0,1,low_season,synthetic
SYN_0048,ojek_online,17,1,858000,0,0,0,0,0,0,normal,synthetic
SYN_0048,ojek_online,18,2,1090000,0,0,0,0,0,0,normal,synthetic
SYN_0048,ojek_online,19,3,1076000,0,0,0,0,0,0,normal,synthetic
SYN_0048,ojek_online,20,4,1070000,0,0,0,0,0,1,normal,synthetic
SYN_0048,ojek_online,21,1,735000,0,0,0,0,0,0,normal,synthetic
SYN_0048,ojek_online,22,2,937000,0,0,0,0,0,0,normal,synthetic
SYN_0048,ojek_online,23,3,873000,0,0,0,0,0,0,normal,synthetic
SYN_0048,ojek_online,24,4,1142000,0,0,0,0,0,1,normal,synthetic
SYN_0048,ojek_online,25,1,982000,0,0,0,0,0,0,normal,synthetic
SYN_0048,ojek_online,26,2,909000,0,0,0,0,0,0,normal,synthetic
SYN_0048,ojek_online,27,3,954000,0,0,0,0,0,0,normal,synthetic
SYN_0048,ojek_online,28,4,1158000,0,0,0,0,0,1,normal,synthetic
SYN_0048,ojek_online,29,1,945000,0,0,0,0,0,0,normal,synthetic
SYN_0048,ojek_online,30,2,717000,0,0,0,0,0,0,normal,synthetic
SYN_0048,ojek_online,31,3,893000,0,0,0,0,0,0,normal,synthetic
SYN_0048,ojek_online,32,4,1177000,0,0,0,0,0,1,normal,synthetic
SYN_0048,ojek_online,33,1,979000,0,0,0,0,0,0,normal,synthetic
SYN_0048,ojek_online,34,2,906000,0,0,0,0,0,0,normal,synthetic
SYN_0048,ojek_online,35,3,757000,0,0,0,0,0,0,normal,synthetic
SYN_0048,ojek_online,36,4,1230000,0,0,0,0,0,1,normal,synthetic
SYN_0048,ojek_online,37,1,801000,0,0,0,0,0,0,normal,synthetic
SYN_0048,ojek_online,38,2,831000,0,0,0,0,0,0,normal,synthetic
SYN_0048,ojek_online,39,3,892000,0,0,0,0,0,0,normal,synthetic
SYN_0048,ojek_online,40,4,1127000,0,0,0,0,0,1,normal,synthetic
SYN_0048,ojek_online,41,1,804000,0,0,0,0,0,0,normal,synthetic
SYN_0048,ojek_online,42,2,722000,0,0,0,0,0,0,normal,synthetic
SYN_0048,ojek_online,43,3,1055000,0,0,0,0,0,0,normal,synthetic
SYN_0048,ojek_online,44,4,1315000,0,0,0,0,0,1,normal,synthetic
SYN_0048,ojek_online,45,1,926000,0,0,0,0,0,0,normal,synthetic
SYN_0048,ojek_online,46,2,836000,0,0,0,0,0,0,normal,synthetic
SYN_0048,ojek_online,47,3,937000,0,0,0,0,0,0,normal,synthetic
SYN_0048,ojek_online,48,4,1149000,0,0,0,0,0,1,normal,synthetic
SYN_0048,ojek_online,49,1,1197000,0,0,0,1,0,0,high_season,synthetic
SYN_0048,ojek_online,50,2,1339000,0,0,0,1,0,0,high_season,synthetic
SYN_0048,ojek_online,51,3,1144000,0,0,0,1,0,0,high_season,synthetic
SYN_0048,ojek_online,52,4,1509000,0,0,0,1,0,1,high_season,synthetic
SYN_0049,freelancer_desain,1,1,54520000,0,0,0,0,1,0,low_season,synthetic
SYN_0049,freelancer_desain,2,2,63636000,0,0,0,0,1,0,low_season,synthetic
SYN_0049,freelancer_desain,3,3,62481000,0,0,0,0,1,0,low_season,synthetic
SYN_0049,freelancer_desain,4,4,55690000,0,0,0,0,1,1,low_season,synthetic
SYN_0049,freelancer_desain,5,1,51596000,0,0,0,0,1,0,low_season,synthetic
SYN_0049,freelancer_desain,6,2,66573000,0,0,0,0,1,0,low_season,synthetic
SYN_0049,freelancer_desain,7,3,83154000,0,0,0,0,0,0,normal,synthetic
SYN_0049,freelancer_desain,8,4,70953000,0,0,0,0,0,1,normal,synthetic
SYN_0049,freelancer_desain,9,1,65240000,0,0,0,0,0,0,normal,synthetic
SYN_0049,freelancer_desain,10,2,99248000,1,0,0,0,0,0,high_season,synthetic
SYN_0049,freelancer_desain,11,3,95081000,1,0,0,0,0,0,high_season,synthetic
SYN_0049,freelancer_desain,12,4,122915000,1,0,0,0,0,1,high_season,synthetic
SYN_0049,freelancer_desain,13,1,90260000,1,0,0,0,0,0,high_season,synthetic
SYN_0049,freelancer_desain,14,2,127091000,0,1,0,0,0,0,high_season,synthetic
SYN_0049,freelancer_desain,15,3,57575000,0,0,1,0,0,0,low_season,synthetic
SYN_0049,freelancer_desain,16,4,63184000,0,0,1,0,0,1,low_season,synthetic
SYN_0049,freelancer_desain,17,1,63139000,0,0,0,0,0,0,normal,synthetic
SYN_0049,freelancer_desain,18,2,86773000,0,0,0,0,0,0,normal,synthetic
SYN_0049,freelancer_desain,19,3,78703000,0,0,0,0,0,0,normal,synthetic
SYN_0049,freelancer_desain,20,4,79015000,0,0,0,0,0,1,normal,synthetic
SYN_0049,freelancer_desain,21,1,48437000,0,0,0,0,0,0,normal,synthetic
SYN_0049,freelancer_desain,22,2,56270000,0,0,0,0,0,0,normal,synthetic
SYN_0049,freelancer_desain,23,3,76813000,0,0,0,0,0,0,normal,synthetic
SYN_0049,freelancer_desain,24,4,72112000,0,0,0,0,0,1,normal,synthetic
SYN_0049,freelancer_desain,25,1,50449000,0,0,0,0,0,0,normal,synthetic
SYN_0049,freelancer_desain,26,2,58727000,0,0,0,0,0,0,normal,synthetic
SYN_0049,freelancer_desain,27,3,59483000,0,0,0,0,0,0,normal,synthetic
SYN_0049,freelancer_desain,28,4,91116000,0,0,0,0,0,1,normal,synthetic
SYN_0049,freelancer_desain,29,1,58642000,0,0,0,0,0,0,normal,synthetic
SYN_0049,freelancer_desain,30,2,52158000,0,0,0,0,0,0,normal,synthetic
SYN_0049,freelancer_desain,31,3,67166000,0,0,0,0,0,0,normal,synthetic
SYN_0049,freelancer_desain,32,4,83053000,0,0,0,0,0,1,normal,synthetic
SYN_0049,freelancer_desain,33,1,55537000,0,0,0,0,0,0,normal,synthetic
SYN_0049,freelancer_desain,34,2,79194000,0,0,0,0,0,0,normal,synthetic
SYN_0049,freelancer_desain,35,3,62332000,0,0,0,0,0,0,normal,synthetic
SYN_0049,freelancer_desain,36,4,94423000,0,0,0,0,0,1,normal,synthetic
SYN_0049,freelancer_desain,37,1,65894000,0,0,0,0,0,0,normal,synthetic
SYN_0049,freelancer_desain,38,2,76742000,0,0,0,0,0,0,normal,synthetic
SYN_0049,freelancer_desain,39,3,55086000,0,0,0,0,0,0,normal,synthetic
SYN_0049,freelancer_desain,40,4,81462000,0,0,0,0,0,1,normal,synthetic
SYN_0049,freelancer_desain,41,1,59642000,0,0,0,0,0,0,normal,synthetic
SYN_0049,freelancer_desain,42,2,51628000,0,0,0,0,0,0,normal,synthetic
SYN_0049,freelancer_desain,43,3,78651000,0,0,0,0,0,0,normal,synthetic
SYN_0049,freelancer_desain,44,4,69712000,0,0,0,0,0,1,normal,synthetic
SYN_0049,freelancer_desain,45,1,54284000,0,0,0,0,0,0,normal,synthetic
SYN_0049,freelancer_desain,46,2,55998000,0,0,0,0,0,0,normal,synthetic
SYN_0049,freelancer_desain,47,3,74332000,0,0,0,0,0,0,normal,synthetic
SYN_0049,freelancer_desain,48,4,60620000,0,0,0,0,0,1,normal,synthetic
SYN_0049,freelancer_desain,49,1,85926000,0,0,0,1,0,0,high_season,synthetic
SYN_0049,freelancer_desain,50,2,101404000,0,0,0,1,0,0,high_season,synthetic
SYN_0049,freelancer_desain,51,3,94351000,0,0,0,1,0,0,high_season,synthetic
SYN_0049,freelancer_desain,52,4,116148000,0,0,0,1,0,1,high_season,synthetic
SYN_0050,ojek_online,1,1,984000,0,0,0,0,1,0,low_season,synthetic
SYN_0050,ojek_online,2,2,999000,0,0,0,0,1,0,low_season,synthetic
SYN_0050,ojek_online,3,3,943000,0,0,0,0,1,0,low_season,synthetic
SYN_0050,ojek_online,4,4,995000,0,0,0,0,1,1,low_season,synthetic
SYN_0050,ojek_online,5,1,994000,0,0,0,0,1,0,low_season,synthetic
SYN_0050,ojek_online,6,2,877000,0,0,0,0,1,0,low_season,synthetic
SYN_0050,ojek_online,7,3,1264000,0,0,0,0,0,0,normal,synthetic
SYN_0050,ojek_online,8,4,1456000,0,0,0,0,0,1,normal,synthetic
SYN_0050,ojek_online,9,1,1211000,0,0,0,0,0,0,normal,synthetic
SYN_0050,ojek_online,10,2,1752000,1,0,0,0,0,0,high_season,synthetic
SYN_0050,ojek_online,11,3,1746000,1,0,0,0,0,0,high_season,synthetic
SYN_0050,ojek_online,12,4,2354000,1,0,0,0,0,1,high_season,synthetic
SYN_0050,ojek_online,13,1,1693000,1,0,0,0,0,0,high_season,synthetic
SYN_0050,ojek_online,14,2,2266000,0,1,0,0,0,0,high_season,synthetic
SYN_0050,ojek_online,15,3,921000,0,0,1,0,0,0,low_season,synthetic
SYN_0050,ojek_online,16,4,870000,0,0,1,0,0,1,low_season,synthetic
SYN_0050,ojek_online,17,1,1221000,0,0,0,0,0,0,normal,synthetic
SYN_0050,ojek_online,18,2,1336000,0,0,0,0,0,0,normal,synthetic
SYN_0050,ojek_online,19,3,1108000,0,0,0,0,0,0,normal,synthetic
SYN_0050,ojek_online,20,4,1459000,0,0,0,0,0,1,normal,synthetic
SYN_0050,ojek_online,21,1,1120000,0,0,0,0,0,0,normal,synthetic
SYN_0050,ojek_online,22,2,1231000,0,0,0,0,0,0,normal,synthetic
SYN_0050,ojek_online,23,3,1297000,0,0,0,0,0,0,normal,synthetic
SYN_0050,ojek_online,24,4,1741000,0,0,0,0,0,1,normal,synthetic
SYN_0050,ojek_online,25,1,1262000,0,0,0,0,0,0,normal,synthetic
SYN_0050,ojek_online,26,2,1067000,0,0,0,0,0,0,normal,synthetic
SYN_0050,ojek_online,27,3,1337000,0,0,0,0,0,0,normal,synthetic
SYN_0050,ojek_online,28,4,1724000,0,0,0,0,0,1,normal,synthetic
SYN_0050,ojek_online,29,1,1174000,0,0,0,0,0,0,normal,synthetic
SYN_0050,ojek_online,30,2,1403000,0,0,0,0,0,0,normal,synthetic
SYN_0050,ojek_online,31,3,1532000,0,0,0,0,0,0,normal,synthetic
SYN_0050,ojek_online,32,4,1672000,0,0,0,0,0,1,normal,synthetic
SYN_0050,ojek_online,33,1,1157000,0,0,0,0,0,0,normal,synthetic
SYN_0050,ojek_online,34,2,1397000,0,0,0,0,0,0,normal,synthetic
SYN_0050,ojek_online,35,3,1271000,0,0,0,0,0,0,normal,synthetic
SYN_0050,ojek_online,36,4,1504000,0,0,0,0,0,1,normal,synthetic
SYN_0050,ojek_online,37,1,1081000,0,0,0,0,0,0,normal,synthetic
SYN_0050,ojek_online,38,2,1469000,0,0,0,0,0,0,normal,synthetic
SYN_0050,ojek_online,39,3,1136000,0,0,0,0,0,0,normal,synthetic
SYN_0050,ojek_online,40,4,1758000,0,0,0,0,0,1,normal,synthetic
SYN_0050,ojek_online,41,1,1188000,0,0,0,0,0,0,normal,synthetic
SYN_0050,ojek_online,42,2,1054000,0,0,0,0,0,0,normal,synthetic
SYN_0050,ojek_online,43,3,1302000,0,0,0,0,0,0,normal,synthetic
SYN_0050,ojek_online,44,4,1147000,0,0,0,0,0,1,normal,synthetic
SYN_0050,ojek_online,45,1,1204000,0,0,0,0,0,0,normal,synthetic
SYN_0050,ojek_online,46,2,1374000,0,0,0,0,0,0,normal,synthetic
SYN_0050,ojek_online,47,3,1167000,0,0,0,0,0,0,normal,synthetic
SYN_0050,ojek_online,48,4,1521000,0,0,0,0,0,1,normal,synthetic
SYN_0050,ojek_online,49,1,1783000,0,0,0,1,0,0,high_season,synthetic
SYN_0050,ojek_online,50,2,1533000,0,0,0,1,0,0,high_season,synthetic
SYN_0050,ojek_online,51,3,1433000,0,0,0,1,0,0,high_season,synthetic
SYN_0050,ojek_online,52,4,2274000,0,0,0,1,0,1,high_season,synthetic
SYN_0051,jualan_online,1,1,21490000,0,0,0,0,1,0,low_season,synthetic
SYN_0051,jualan_online,2,2,31965000,0,0,0,0,1,0,low_season,synthetic
SYN_0051,jualan_online,3,3,31845000,0,0,0,0,1,0,low_season,synthetic
SYN_0051,jualan_online,4,4,28512000,0,0,0,0,1,1,low_season,synthetic
SYN_0051,jualan_online,5,1,28021000,0,0,0,0,1,0,low_season,synthetic
SYN_0051,jualan_online,6,2,29566000,0,0,0,0,1,0,low_season,synthetic
SYN_0051,jualan_online,7,3,29107000,0,0,0,0,0,0,normal,synthetic
SYN_0051,jualan_online,8,4,34049000,0,0,0,0,0,1,normal,synthetic
SYN_0051,jualan_online,9,1,31196000,0,0,0,0,0,0,normal,synthetic
SYN_0051,jualan_online,10,2,45808000,1,0,0,0,0,0,high_season,synthetic
SYN_0051,jualan_online,11,3,58609000,1,0,0,0,0,0,high_season,synthetic
SYN_0051,jualan_online,12,4,64323000,1,0,0,0,0,1,high_season,synthetic
SYN_0051,jualan_online,13,1,45754000,1,0,0,0,0,0,high_season,synthetic
SYN_0051,jualan_online,14,2,61700000,0,1,0,0,0,0,high_season,synthetic
SYN_0051,jualan_online,15,3,26931000,0,0,1,0,0,0,low_season,synthetic
SYN_0051,jualan_online,16,4,30698000,0,0,1,0,0,1,low_season,synthetic
SYN_0051,jualan_online,17,1,31648000,0,0,0,0,0,0,normal,synthetic
SYN_0051,jualan_online,18,2,29273000,0,0,0,0,0,0,normal,synthetic
SYN_0051,jualan_online,19,3,45365000,0,0,0,0,0,0,normal,synthetic
SYN_0051,jualan_online,20,4,34540000,0,0,0,0,0,1,normal,synthetic
SYN_0051,jualan_online,21,1,28738000,0,0,0,0,0,0,normal,synthetic
SYN_0051,jualan_online,22,2,26588000,0,0,0,0,0,0,normal,synthetic
SYN_0051,jualan_online,23,3,35320000,0,0,0,0,0,0,normal,synthetic
SYN_0051,jualan_online,24,4,40532000,0,0,0,0,0,1,normal,synthetic
SYN_0051,jualan_online,25,1,32599000,0,0,0,0,0,0,normal,synthetic
SYN_0051,jualan_online,26,2,26252000,0,0,0,0,0,0,normal,synthetic
SYN_0051,jualan_online,27,3,37605000,0,0,0,0,0,0,normal,synthetic
SYN_0051,jualan_online,28,4,35953000,0,0,0,0,0,1,normal,synthetic
SYN_0051,jualan_online,29,1,29324000,0,0,0,0,0,0,normal,synthetic
SYN_0051,jualan_online,30,2,36884000,0,0,0,0,0,0,normal,synthetic
SYN_0051,jualan_online,31,3,34215000,0,0,0,0,0,0,normal,synthetic
SYN_0051,jualan_online,32,4,41396000,0,0,0,0,0,1,normal,synthetic
SYN_0051,jualan_online,33,1,32721000,0,0,0,0,0,0,normal,synthetic
SYN_0051,jualan_online,34,2,34882000,0,0,0,0,0,0,normal,synthetic
SYN_0051,jualan_online,35,3,31817000,0,0,0,0,0,0,normal,synthetic
SYN_0051,jualan_online,36,4,39015000,0,0,0,0,0,1,normal,synthetic
SYN_0051,jualan_online,37,1,30617000,0,0,0,0,0,0,normal,synthetic
SYN_0051,jualan_online,38,2,29610000,0,0,0,0,0,0,normal,synthetic
SYN_0051,jualan_online,39,3,37140000,0,0,0,0,0,0,normal,synthetic
SYN_0051,jualan_online,40,4,41189000,0,0,0,0,0,1,normal,synthetic
SYN_0051,jualan_online,41,1,30125000,0,0,0,0,0,0,normal,synthetic
SYN_0051,jualan_online,42,2,37922000,0,0,0,0,0,0,normal,synthetic
SYN_0051,jualan_online,43,3,32697000,0,0,0,0,0,0,normal,synthetic
SYN_0051,jualan_online,44,4,38939000,0,0,0,0,0,1,normal,synthetic
SYN_0051,jualan_online,45,1,28121000,0,0,0,0,0,0,normal,synthetic
SYN_0051,jualan_online,46,2,34541000,0,0,0,0,0,0,normal,synthetic
SYN_0051,jualan_online,47,3,34403000,0,0,0,0,0,0,normal,synthetic
SYN_0051,jualan_online,48,4,36627000,0,0,0,0,0,1,normal,synthetic
SYN_0051,jualan_online,49,1,37987000,0,0,0,1,0,0,high_season,synthetic
SYN_0051,jualan_online,50,2,39714000,0,0,0,1,0,0,high_season,synthetic
SYN_0051,jualan_online,51,3,39480000,0,0,0,1,0,0,high_season,synthetic
SYN_0051,jualan_online,52,4,41010000,0,0,0,1,0,1,high_season,synthetic
SYN_0052,ojek_online,1,1,790000,0,0,0,0,1,0,low_season,synthetic
SYN_0052,ojek_online,2,2,880000,0,0,0,0,1,0,low_season,synthetic
SYN_0052,ojek_online,3,3,898000,0,0,0,0,1,0,low_season,synthetic
SYN_0052,ojek_online,4,4,1143000,0,0,0,0,1,1,low_season,synthetic
SYN_0052,ojek_online,5,1,893000,0,0,0,0,1,0,low_season,synthetic
SYN_0052,ojek_online,6,2,838000,0,0,0,0,1,0,low_season,synthetic
SYN_0052,ojek_online,7,3,920000,0,0,0,0,0,0,normal,synthetic
SYN_0052,ojek_online,8,4,1128000,0,0,0,0,0,1,normal,synthetic
SYN_0052,ojek_online,9,1,905000,0,0,0,0,0,0,normal,synthetic
SYN_0052,ojek_online,10,2,1482000,1,0,0,0,0,0,high_season,synthetic
SYN_0052,ojek_online,11,3,1409000,1,0,0,0,0,0,high_season,synthetic
SYN_0052,ojek_online,12,4,1582000,1,0,0,0,0,1,high_season,synthetic
SYN_0052,ojek_online,13,1,1317000,1,0,0,0,0,0,high_season,synthetic
SYN_0052,ojek_online,14,2,1899000,0,1,0,0,0,0,high_season,synthetic
SYN_0052,ojek_online,15,3,794000,0,0,1,0,0,0,low_season,synthetic
SYN_0052,ojek_online,16,4,838000,0,0,1,0,0,1,low_season,synthetic
SYN_0052,ojek_online,17,1,913000,0,0,0,0,0,0,normal,synthetic
SYN_0052,ojek_online,18,2,953000,0,0,0,0,0,0,normal,synthetic
SYN_0052,ojek_online,19,3,1060000,0,0,0,0,0,0,normal,synthetic
SYN_0052,ojek_online,20,4,1155000,0,0,0,0,0,1,normal,synthetic
SYN_0052,ojek_online,21,1,1019000,0,0,0,0,0,0,normal,synthetic
SYN_0052,ojek_online,22,2,851000,0,0,0,0,0,0,normal,synthetic
SYN_0052,ojek_online,23,3,1021000,0,0,0,0,0,0,normal,synthetic
SYN_0052,ojek_online,24,4,1320000,0,0,0,0,0,1,normal,synthetic
SYN_0052,ojek_online,25,1,977000,0,0,0,0,0,0,normal,synthetic
SYN_0052,ojek_online,26,2,1385000,0,0,0,0,0,0,normal,synthetic
SYN_0052,ojek_online,27,3,1105000,0,0,0,0,0,0,normal,synthetic
SYN_0052,ojek_online,28,4,1133000,0,0,0,0,0,1,normal,synthetic
SYN_0052,ojek_online,29,1,947000,0,0,0,0,0,0,normal,synthetic
SYN_0052,ojek_online,30,2,852000,0,0,0,0,0,0,normal,synthetic
SYN_0052,ojek_online,31,3,1054000,0,0,0,0,0,0,normal,synthetic
SYN_0052,ojek_online,32,4,1157000,0,0,0,0,0,1,normal,synthetic
SYN_0052,ojek_online,33,1,1056000,0,0,0,0,0,0,normal,synthetic
SYN_0052,ojek_online,34,2,998000,0,0,0,0,0,0,normal,synthetic
SYN_0052,ojek_online,35,3,1050000,0,0,0,0,0,0,normal,synthetic
SYN_0052,ojek_online,36,4,1186000,0,0,0,0,0,1,normal,synthetic
SYN_0052,ojek_online,37,1,1144000,0,0,0,0,0,0,normal,synthetic
SYN_0052,ojek_online,38,2,1025000,0,0,0,0,0,0,normal,synthetic
SYN_0052,ojek_online,39,3,1282000,0,0,0,0,0,0,normal,synthetic
SYN_0052,ojek_online,40,4,1393000,0,0,0,0,0,1,normal,synthetic
SYN_0052,ojek_online,41,1,1009000,0,0,0,0,0,0,normal,synthetic
SYN_0052,ojek_online,42,2,1108000,0,0,0,0,0,0,normal,synthetic
SYN_0052,ojek_online,43,3,1111000,0,0,0,0,0,0,normal,synthetic
SYN_0052,ojek_online,44,4,1001000,0,0,0,0,0,1,normal,synthetic
SYN_0052,ojek_online,45,1,927000,0,0,0,0,0,0,normal,synthetic
SYN_0052,ojek_online,46,2,1164000,0,0,0,0,0,0,normal,synthetic
SYN_0052,ojek_online,47,3,1058000,0,0,0,0,0,0,normal,synthetic
SYN_0052,ojek_online,48,4,1076000,0,0,0,0,0,1,normal,synthetic
SYN_0052,ojek_online,49,1,1237000,0,0,0,1,0,0,high_season,synthetic
SYN_0052,ojek_online,50,2,1647000,0,0,0,1,0,0,high_season,synthetic
SYN_0052,ojek_online,51,3,1576000,0,0,0,1,0,0,high_season,synthetic
SYN_0052,ojek_online,52,4,1648000,0,0,0,1,0,1,high_season,synthetic
SYN_0053,kurir,1,1,869000,0,0,0,0,1,0,low_season,synthetic
SYN_0053,kurir,2,2,843000,0,0,0,0,1,0,low_season,synthetic
SYN_0053,kurir,3,3,731000,0,0,0,0,1,0,low_season,synthetic
SYN_0053,kurir,4,4,1015000,0,0,0,0,1,1,low_season,synthetic
SYN_0053,kurir,5,1,820000,0,0,0,0,1,0,low_season,synthetic
SYN_0053,kurir,6,2,904000,0,0,0,0,1,0,low_season,synthetic
SYN_0053,kurir,7,3,925000,0,0,0,0,0,0,normal,synthetic
SYN_0053,kurir,8,4,1209000,0,0,0,0,0,1,normal,synthetic
SYN_0053,kurir,9,1,1157000,0,0,0,0,0,0,normal,synthetic
SYN_0053,kurir,10,2,1344000,1,0,0,0,0,0,high_season,synthetic
SYN_0053,kurir,11,3,1595000,1,0,0,0,0,0,high_season,synthetic
SYN_0053,kurir,12,4,1476000,1,0,0,0,0,1,high_season,synthetic
SYN_0053,kurir,13,1,1460000,1,0,0,0,0,0,high_season,synthetic
SYN_0053,kurir,14,2,1677000,0,1,0,0,0,0,high_season,synthetic
SYN_0053,kurir,15,3,754000,0,0,1,0,0,0,low_season,synthetic
SYN_0053,kurir,16,4,774000,0,0,1,0,0,1,low_season,synthetic
SYN_0053,kurir,17,1,960000,0,0,0,0,0,0,normal,synthetic
SYN_0053,kurir,18,2,957000,0,0,0,0,0,0,normal,synthetic
SYN_0053,kurir,19,3,974000,0,0,0,0,0,0,normal,synthetic
SYN_0053,kurir,20,4,1296000,0,0,0,0,0,1,normal,synthetic
SYN_0053,kurir,21,1,900000,0,0,0,0,0,0,normal,synthetic
SYN_0053,kurir,22,2,1075000,0,0,0,0,0,0,normal,synthetic
SYN_0053,kurir,23,3,1022000,0,0,0,0,0,0,normal,synthetic
SYN_0053,kurir,24,4,1255000,0,0,0,0,0,1,normal,synthetic
SYN_0053,kurir,25,1,973000,0,0,0,0,0,0,normal,synthetic
SYN_0053,kurir,26,2,1008000,0,0,0,0,0,0,normal,synthetic
SYN_0053,kurir,27,3,949000,0,0,0,0,0,0,normal,synthetic
SYN_0053,kurir,28,4,1189000,0,0,0,0,0,1,normal,synthetic
SYN_0053,kurir,29,1,1034000,0,0,0,0,0,0,normal,synthetic
SYN_0053,kurir,30,2,1050000,0,0,0,0,0,0,normal,synthetic
SYN_0053,kurir,31,3,963000,0,0,0,0,0,0,normal,synthetic
SYN_0053,kurir,32,4,1292000,0,0,0,0,0,1,normal,synthetic
SYN_0053,kurir,33,1,974000,0,0,0,0,0,0,normal,synthetic
SYN_0053,kurir,34,2,1087000,0,0,0,0,0,0,normal,synthetic
SYN_0053,kurir,35,3,950000,0,0,0,0,0,0,normal,synthetic
SYN_0053,kurir,36,4,1173000,0,0,0,0,0,1,normal,synthetic
SYN_0053,kurir,37,1,880000,0,0,0,0,0,0,normal,synthetic
SYN_0053,kurir,38,2,1007000,0,0,0,0,0,0,normal,synthetic
SYN_0053,kurir,39,3,1089000,0,0,0,0,0,0,normal,synthetic
SYN_0053,kurir,40,4,1280000,0,0,0,0,0,1,normal,synthetic
SYN_0053,kurir,41,1,967000,0,0,0,0,0,0,normal,synthetic
SYN_0053,kurir,42,2,1164000,0,0,0,0,0,0,normal,synthetic
SYN_0053,kurir,43,3,1103000,0,0,0,0,0,0,normal,synthetic
SYN_0053,kurir,44,4,1232000,0,0,0,0,0,1,normal,synthetic
SYN_0053,kurir,45,1,838000,0,0,0,0,0,0,normal,synthetic
SYN_0053,kurir,46,2,974000,0,0,0,0,0,0,normal,synthetic
SYN_0053,kurir,47,3,1016000,0,0,0,0,0,0,normal,synthetic
SYN_0053,kurir,48,4,1339000,0,0,0,0,0,1,normal,synthetic
SYN_0053,kurir,49,1,1214000,0,0,0,1,0,0,high_season,synthetic
SYN_0053,kurir,50,2,1274000,0,0,0,1,0,0,high_season,synthetic
SYN_0053,kurir,51,3,1265000,0,0,0,1,0,0,high_season,synthetic
SYN_0053,kurir,52,4,1612000,0,0,0,1,0,1,high_season,synthetic
SYN_0054,kurir,1,1,921000,0,0,0,0,1,0,low_season,synthetic
SYN_0054,kurir,2,2,1125000,0,0,0,0,1,0,low_season,synthetic
SYN_0054,kurir,3,3,820000,0,0,0,0,1,0,low_season,synthetic
SYN_0054,kurir,4,4,1241000,0,0,0,0,1,1,low_season,synthetic
SYN_0054,kurir,5,1,928000,0,0,0,0,1,0,low_season,synthetic
SYN_0054,kurir,6,2,1214000,0,0,0,0,1,0,low_season,synthetic
SYN_0054,kurir,7,3,1229000,0,0,0,0,0,0,normal,synthetic
SYN_0054,kurir,8,4,1578000,0,0,0,0,0,1,normal,synthetic
SYN_0054,kurir,9,1,1159000,0,0,0,0,0,0,normal,synthetic
SYN_0054,kurir,10,2,1499000,1,0,0,0,0,0,high_season,synthetic
SYN_0054,kurir,11,3,1970000,1,0,0,0,0,0,high_season,synthetic
SYN_0054,kurir,12,4,2256000,1,0,0,0,0,1,high_season,synthetic
SYN_0054,kurir,13,1,1735000,1,0,0,0,0,0,high_season,synthetic
SYN_0054,kurir,14,2,2996000,0,1,0,0,0,0,high_season,synthetic
SYN_0054,kurir,15,3,727000,0,0,1,0,0,0,low_season,synthetic
SYN_0054,kurir,16,4,1231000,0,0,1,0,0,1,low_season,synthetic
SYN_0054,kurir,17,1,1116000,0,0,0,0,0,0,normal,synthetic
SYN_0054,kurir,18,2,1305000,0,0,0,0,0,0,normal,synthetic
SYN_0054,kurir,19,3,1267000,0,0,0,0,0,0,normal,synthetic
SYN_0054,kurir,20,4,1470000,0,0,0,0,0,1,normal,synthetic
SYN_0054,kurir,21,1,1088000,0,0,0,0,0,0,normal,synthetic
SYN_0054,kurir,22,2,1309000,0,0,0,0,0,0,normal,synthetic
SYN_0054,kurir,23,3,1103000,0,0,0,0,0,0,normal,synthetic
SYN_0054,kurir,24,4,1628000,0,0,0,0,0,1,normal,synthetic
SYN_0054,kurir,25,1,1103000,0,0,0,0,0,0,normal,synthetic
SYN_0054,kurir,26,2,1146000,0,0,0,0,0,0,normal,synthetic
SYN_0054,kurir,27,3,1222000,0,0,0,0,0,0,normal,synthetic
SYN_0054,kurir,28,4,1696000,0,0,0,0,0,1,normal,synthetic
SYN_0054,kurir,29,1,1091000,0,0,0,0,0,0,normal,synthetic
SYN_0054,kurir,30,2,1313000,0,0,0,0,0,0,normal,synthetic
SYN_0054,kurir,31,3,1191000,0,0,0,0,0,0,normal,synthetic
SYN_0054,kurir,32,4,1629000,0,0,0,0,0,1,normal,synthetic
SYN_0054,kurir,33,1,1214000,0,0,0,0,0,0,normal,synthetic
SYN_0054,kurir,34,2,1479000,0,0,0,0,0,0,normal,synthetic
SYN_0054,kurir,35,3,1253000,0,0,0,0,0,0,normal,synthetic
SYN_0054,kurir,36,4,1617000,0,0,0,0,0,1,normal,synthetic
SYN_0054,kurir,37,1,1155000,0,0,0,0,0,0,normal,synthetic
SYN_0054,kurir,38,2,1418000,0,0,0,0,0,0,normal,synthetic
SYN_0054,kurir,39,3,1192000,0,0,0,0,0,0,normal,synthetic
SYN_0054,kurir,40,4,1627000,0,0,0,0,0,1,normal,synthetic
SYN_0054,kurir,41,1,1126000,0,0,0,0,0,0,normal,synthetic
SYN_0054,kurir,42,2,1265000,0,0,0,0,0,0,normal,synthetic
SYN_0054,kurir,43,3,1283000,0,0,0,0,0,0,normal,synthetic
SYN_0054,kurir,44,4,1561000,0,0,0,0,0,1,normal,synthetic
SYN_0054,kurir,45,1,1133000,0,0,0,0,0,0,normal,synthetic
SYN_0054,kurir,46,2,1296000,0,0,0,0,0,0,normal,synthetic
SYN_0054,kurir,47,3,1449000,0,0,0,0,0,0,normal,synthetic
SYN_0054,kurir,48,4,1659000,0,0,0,0,0,1,normal,synthetic
SYN_0054,kurir,49,1,1603000,0,0,0,1,0,0,high_season,synthetic
SYN_0054,kurir,50,2,1588000,0,0,0,1,0,0,high_season,synthetic
SYN_0054,kurir,51,3,1525000,0,0,0,1,0,0,high_season,synthetic
SYN_0054,kurir,52,4,2152000,0,0,0,1,0,1,high_season,synthetic
SYN_0055,ojek_online,1,1,1105000,0,0,0,0,1,0,low_season,synthetic
SYN_0055,ojek_online,2,2,966000,0,0,0,0,1,0,low_season,synthetic
SYN_0055,ojek_online,3,3,942000,0,0,0,0,1,0,low_season,synthetic
SYN_0055,ojek_online,4,4,1304000,0,0,0,0,1,1,low_season,synthetic
SYN_0055,ojek_online,5,1,901000,0,0,0,0,1,0,low_season,synthetic
SYN_0055,ojek_online,6,2,999000,0,0,0,0,1,0,low_season,synthetic
SYN_0055,ojek_online,7,3,1113000,0,0,0,0,0,0,normal,synthetic
SYN_0055,ojek_online,8,4,1471000,0,0,0,0,0,1,normal,synthetic
SYN_0055,ojek_online,9,1,1014000,0,0,0,0,0,0,normal,synthetic
SYN_0055,ojek_online,10,2,1646000,1,0,0,0,0,0,high_season,synthetic
SYN_0055,ojek_online,11,3,1939000,1,0,0,0,0,0,high_season,synthetic
SYN_0055,ojek_online,12,4,2238000,1,0,0,0,0,1,high_season,synthetic
SYN_0055,ojek_online,13,1,1780000,1,0,0,0,0,0,high_season,synthetic
SYN_0055,ojek_online,14,2,1846000,0,1,0,0,0,0,high_season,synthetic
SYN_0055,ojek_online,15,3,907000,0,0,1,0,0,0,low_season,synthetic
SYN_0055,ojek_online,16,4,1340000,0,0,1,0,0,1,low_season,synthetic
SYN_0055,ojek_online,17,1,1116000,0,0,0,0,0,0,normal,synthetic
SYN_0055,ojek_online,18,2,1413000,0,0,0,0,0,0,normal,synthetic
SYN_0055,ojek_online,19,3,1412000,0,0,0,0,0,0,normal,synthetic
SYN_0055,ojek_online,20,4,1703000,0,0,0,0,0,1,normal,synthetic
SYN_0055,ojek_online,21,1,1186000,0,0,0,0,0,0,normal,synthetic
SYN_0055,ojek_online,22,2,1376000,0,0,0,0,0,0,normal,synthetic
SYN_0055,ojek_online,23,3,1395000,0,0,0,0,0,0,normal,synthetic
SYN_0055,ojek_online,24,4,1663000,0,0,0,0,0,1,normal,synthetic
SYN_0055,ojek_online,25,1,1019000,0,0,0,0,0,0,normal,synthetic
SYN_0055,ojek_online,26,2,1047000,0,0,0,0,0,0,normal,synthetic
SYN_0055,ojek_online,27,3,1069000,0,0,0,0,0,0,normal,synthetic
SYN_0055,ojek_online,28,4,1506000,0,0,0,0,0,1,normal,synthetic
SYN_0055,ojek_online,29,1,1242000,0,0,0,0,0,0,normal,synthetic
SYN_0055,ojek_online,30,2,1134000,0,0,0,0,0,0,normal,synthetic
SYN_0055,ojek_online,31,3,1428000,0,0,0,0,0,0,normal,synthetic
SYN_0055,ojek_online,32,4,1465000,0,0,0,0,0,1,normal,synthetic
SYN_0055,ojek_online,33,1,1100000,0,0,0,0,0,0,normal,synthetic
SYN_0055,ojek_online,34,2,1173000,0,0,0,0,0,0,normal,synthetic
SYN_0055,ojek_online,35,3,1021000,0,0,0,0,0,0,normal,synthetic
SYN_0055,ojek_online,36,4,1593000,0,0,0,0,0,1,normal,synthetic
SYN_0055,ojek_online,37,1,1388000,0,0,0,0,0,0,normal,synthetic
SYN_0055,ojek_online,38,2,1285000,0,0,0,0,0,0,normal,synthetic
SYN_0055,ojek_online,39,3,1026000,0,0,0,0,0,0,normal,synthetic
SYN_0055,ojek_online,40,4,1688000,0,0,0,0,0,1,normal,synthetic
SYN_0055,ojek_online,41,1,953000,0,0,0,0,0,0,normal,synthetic
SYN_0055,ojek_online,42,2,1119000,0,0,0,0,0,0,normal,synthetic
SYN_0055,ojek_online,43,3,1259000,0,0,0,0,0,0,normal,synthetic
SYN_0055,ojek_online,44,4,1574000,0,0,0,0,0,1,normal,synthetic
SYN_0055,ojek_online,45,1,1033000,0,0,0,0,0,0,normal,synthetic
SYN_0055,ojek_online,46,2,1254000,0,0,0,0,0,0,normal,synthetic
SYN_0055,ojek_online,47,3,1398000,0,0,0,0,0,0,normal,synthetic
SYN_0055,ojek_online,48,4,1701000,0,0,0,0,0,1,normal,synthetic
SYN_0055,ojek_online,49,1,1726000,0,0,0,1,0,0,high_season,synthetic
SYN_0055,ojek_online,50,2,2042000,0,0,0,1,0,0,high_season,synthetic
SYN_0055,ojek_online,51,3,1835000,0,0,0,1,0,0,high_season,synthetic
SYN_0055,ojek_online,52,4,1970000,0,0,0,1,0,1,high_season,synthetic
SYN_0056,kurir,1,1,958000,0,0,0,0,1,0,low_season,synthetic
SYN_0056,kurir,2,2,1085000,0,0,0,0,1,0,low_season,synthetic
SYN_0056,kurir,3,3,969000,0,0,0,0,1,0,low_season,synthetic
SYN_0056,kurir,4,4,1566000,0,0,0,0,1,1,low_season,synthetic
SYN_0056,kurir,5,1,1098000,0,0,0,0,1,0,low_season,synthetic
SYN_0056,kurir,6,2,1133000,0,0,0,0,1,0,low_season,synthetic
SYN_0056,kurir,7,3,1274000,0,0,0,0,0,0,normal,synthetic
SYN_0056,kurir,8,4,1491000,0,0,0,0,0,1,normal,synthetic
SYN_0056,kurir,9,1,1044000,0,0,0,0,0,0,normal,synthetic
SYN_0056,kurir,10,2,1849000,1,0,0,0,0,0,high_season,synthetic
SYN_0056,kurir,11,3,1878000,1,0,0,0,0,0,high_season,synthetic
SYN_0056,kurir,12,4,1963000,1,0,0,0,0,1,high_season,synthetic
SYN_0056,kurir,13,1,1701000,1,0,0,0,0,0,high_season,synthetic
SYN_0056,kurir,14,2,2186000,0,1,0,0,0,0,high_season,synthetic
SYN_0056,kurir,15,3,738000,0,0,1,0,0,0,low_season,synthetic
SYN_0056,kurir,16,4,983000,0,0,1,0,0,1,low_season,synthetic
SYN_0056,kurir,17,1,1098000,0,0,0,0,0,0,normal,synthetic
SYN_0056,kurir,18,2,1477000,0,0,0,0,0,0,normal,synthetic
SYN_0056,kurir,19,3,1328000,0,0,0,0,0,0,normal,synthetic
SYN_0056,kurir,20,4,1341000,0,0,0,0,0,1,normal,synthetic
SYN_0056,kurir,21,1,1188000,0,0,0,0,0,0,normal,synthetic
SYN_0056,kurir,22,2,1094000,0,0,0,0,0,0,normal,synthetic
SYN_0056,kurir,23,3,1387000,0,0,0,0,0,0,normal,synthetic
SYN_0056,kurir,24,4,1457000,0,0,0,0,0,1,normal,synthetic
SYN_0056,kurir,25,1,1130000,0,0,0,0,0,0,normal,synthetic
SYN_0056,kurir,26,2,1414000,0,0,0,0,0,0,normal,synthetic
SYN_0056,kurir,27,3,1123000,0,0,0,0,0,0,normal,synthetic
SYN_0056,kurir,28,4,1333000,0,0,0,0,0,1,normal,synthetic
SYN_0056,kurir,29,1,1081000,0,0,0,0,0,0,normal,synthetic
SYN_0056,kurir,30,2,1382000,0,0,0,0,0,0,normal,synthetic
SYN_0056,kurir,31,3,1097000,0,0,0,0,0,0,normal,synthetic
SYN_0056,kurir,32,4,1141000,0,0,0,0,0,1,normal,synthetic
SYN_0056,kurir,33,1,1094000,0,0,0,0,0,0,normal,synthetic
SYN_0056,kurir,34,2,1328000,0,0,0,0,0,0,normal,synthetic
SYN_0056,kurir,35,3,1400000,0,0,0,0,0,0,normal,synthetic
SYN_0056,kurir,36,4,1458000,0,0,0,0,0,1,normal,synthetic
SYN_0056,kurir,37,1,1098000,0,0,0,0,0,0,normal,synthetic
SYN_0056,kurir,38,2,1395000,0,0,0,0,0,0,normal,synthetic
SYN_0056,kurir,39,3,1058000,0,0,0,0,0,0,normal,synthetic
SYN_0056,kurir,40,4,1468000,0,0,0,0,0,1,normal,synthetic
SYN_0056,kurir,41,1,1159000,0,0,0,0,0,0,normal,synthetic
SYN_0056,kurir,42,2,1316000,0,0,0,0,0,0,normal,synthetic
SYN_0056,kurir,43,3,1209000,0,0,0,0,0,0,normal,synthetic
SYN_0056,kurir,44,4,1524000,0,0,0,0,0,1,normal,synthetic
SYN_0056,kurir,45,1,890000,0,0,0,0,0,0,normal,synthetic
SYN_0056,kurir,46,2,1193000,0,0,0,0,0,0,normal,synthetic
SYN_0056,kurir,47,3,1317000,0,0,0,0,0,0,normal,synthetic
SYN_0056,kurir,48,4,1388000,0,0,0,0,0,1,normal,synthetic
SYN_0056,kurir,49,1,1489000,0,0,0,1,0,0,high_season,synthetic
SYN_0056,kurir,50,2,1711000,0,0,0,1,0,0,high_season,synthetic
SYN_0056,kurir,51,3,1597000,0,0,0,1,0,0,high_season,synthetic
SYN_0056,kurir,52,4,2005000,0,0,0,1,0,1,high_season,synthetic
SYN_0057,kurir,1,1,808000,0,0,0,0,1,0,low_season,synthetic
SYN_0057,kurir,2,2,991000,0,0,0,0,1,0,low_season,synthetic
SYN_0057,kurir,3,3,1017000,0,0,0,0,1,0,low_season,synthetic
SYN_0057,kurir,4,4,1148000,0,0,0,0,1,1,low_season,synthetic
SYN_0057,kurir,5,1,829000,0,0,0,0,1,0,low_season,synthetic
SYN_0057,kurir,6,2,788000,0,0,0,0,1,0,low_season,synthetic
SYN_0057,kurir,7,3,1263000,0,0,0,0,0,0,normal,synthetic
SYN_0057,kurir,8,4,1426000,0,0,0,0,0,1,normal,synthetic
SYN_0057,kurir,9,1,1072000,0,0,0,0,0,0,normal,synthetic
SYN_0057,kurir,10,2,1436000,1,0,0,0,0,0,high_season,synthetic
SYN_0057,kurir,11,3,1866000,1,0,0,0,0,0,high_season,synthetic
SYN_0057,kurir,12,4,1915000,1,0,0,0,0,1,high_season,synthetic
SYN_0057,kurir,13,1,1460000,1,0,0,0,0,0,high_season,synthetic
SYN_0057,kurir,14,2,1820000,0,1,0,0,0,0,high_season,synthetic
SYN_0057,kurir,15,3,677000,0,0,1,0,0,0,low_season,synthetic
SYN_0057,kurir,16,4,1062000,0,0,1,0,0,1,low_season,synthetic
SYN_0057,kurir,17,1,1150000,0,0,0,0,0,0,normal,synthetic
SYN_0057,kurir,18,2,1131000,0,0,0,0,0,0,normal,synthetic
SYN_0057,kurir,19,3,1079000,0,0,0,0,0,0,normal,synthetic
SYN_0057,kurir,20,4,1332000,0,0,0,0,0,1,normal,synthetic
SYN_0057,kurir,21,1,1001000,0,0,0,0,0,0,normal,synthetic
SYN_0057,kurir,22,2,1027000,0,0,0,0,0,0,normal,synthetic
SYN_0057,kurir,23,3,1118000,0,0,0,0,0,0,normal,synthetic
SYN_0057,kurir,24,4,1396000,0,0,0,0,0,1,normal,synthetic
SYN_0057,kurir,25,1,1126000,0,0,0,0,0,0,normal,synthetic
SYN_0057,kurir,26,2,1149000,0,0,0,0,0,0,normal,synthetic
SYN_0057,kurir,27,3,989000,0,0,0,0,0,0,normal,synthetic
SYN_0057,kurir,28,4,1420000,0,0,0,0,0,1,normal,synthetic
SYN_0057,kurir,29,1,1010000,0,0,0,0,0,0,normal,synthetic
SYN_0057,kurir,30,2,1286000,0,0,0,0,0,0,normal,synthetic
SYN_0057,kurir,31,3,1292000,0,0,0,0,0,0,normal,synthetic
SYN_0057,kurir,32,4,1555000,0,0,0,0,0,1,normal,synthetic
SYN_0057,kurir,33,1,982000,0,0,0,0,0,0,normal,synthetic
SYN_0057,kurir,34,2,1349000,0,0,0,0,0,0,normal,synthetic
SYN_0057,kurir,35,3,1183000,0,0,0,0,0,0,normal,synthetic
SYN_0057,kurir,36,4,1574000,0,0,0,0,0,1,normal,synthetic
SYN_0057,kurir,37,1,987000,0,0,0,0,0,0,normal,synthetic
SYN_0057,kurir,38,2,1118000,0,0,0,0,0,0,normal,synthetic
SYN_0057,kurir,39,3,1175000,0,0,0,0,0,0,normal,synthetic
SYN_0057,kurir,40,4,1396000,0,0,0,0,0,1,normal,synthetic
SYN_0057,kurir,41,1,1147000,0,0,0,0,0,0,normal,synthetic
SYN_0057,kurir,42,2,1124000,0,0,0,0,0,0,normal,synthetic
SYN_0057,kurir,43,3,1265000,0,0,0,0,0,0,normal,synthetic
SYN_0057,kurir,44,4,1466000,0,0,0,0,0,1,normal,synthetic
SYN_0057,kurir,45,1,1014000,0,0,0,0,0,0,normal,synthetic
SYN_0057,kurir,46,2,1214000,0,0,0,0,0,0,normal,synthetic
SYN_0057,kurir,47,3,1100000,0,0,0,0,0,0,normal,synthetic
SYN_0057,kurir,48,4,1662000,0,0,0,0,0,1,normal,synthetic
SYN_0057,kurir,49,1,1028000,0,0,0,1,0,0,high_season,synthetic
SYN_0057,kurir,50,2,1580000,0,0,0,1,0,0,high_season,synthetic
SYN_0057,kurir,51,3,1260000,0,0,0,1,0,0,high_season,synthetic
SYN_0057,kurir,52,4,1755000,0,0,0,1,0,1,high_season,synthetic
SYN_0058,ojek_online,1,1,826000,0,0,0,0,1,0,low_season,synthetic
SYN_0058,ojek_online,2,2,971000,0,0,0,0,1,0,low_season,synthetic
SYN_0058,ojek_online,3,3,838000,0,0,0,0,1,0,low_season,synthetic
SYN_0058,ojek_online,4,4,1272000,0,0,0,0,1,1,low_season,synthetic
SYN_0058,ojek_online,5,1,932000,0,0,0,0,1,0,low_season,synthetic
SYN_0058,ojek_online,6,2,988000,0,0,0,0,1,0,low_season,synthetic
SYN_0058,ojek_online,7,3,1075000,0,0,0,0,0,0,normal,synthetic
SYN_0058,ojek_online,8,4,1394000,0,0,0,0,0,1,normal,synthetic
SYN_0058,ojek_online,9,1,904000,0,0,0,0,0,0,normal,synthetic
SYN_0058,ojek_online,10,2,1734000,1,0,0,0,0,0,high_season,synthetic
SYN_0058,ojek_online,11,3,1874000,1,0,0,0,0,0,high_season,synthetic
SYN_0058,ojek_online,12,4,2126000,1,0,0,0,0,1,high_season,synthetic
SYN_0058,ojek_online,13,1,1308000,1,0,0,0,0,0,high_season,synthetic
SYN_0058,ojek_online,14,2,1987000,0,1,0,0,0,0,high_season,synthetic
SYN_0058,ojek_online,15,3,653000,0,0,1,0,0,0,low_season,synthetic
SYN_0058,ojek_online,16,4,975000,0,0,1,0,0,1,low_season,synthetic
SYN_0058,ojek_online,17,1,1032000,0,0,0,0,0,0,normal,synthetic
SYN_0058,ojek_online,18,2,863000,0,0,0,0,0,0,normal,synthetic
SYN_0058,ojek_online,19,3,949000,0,0,0,0,0,0,normal,synthetic
SYN_0058,ojek_online,20,4,1268000,0,0,0,0,0,1,normal,synthetic
SYN_0058,ojek_online,21,1,949000,0,0,0,0,0,0,normal,synthetic
SYN_0058,ojek_online,22,2,943000,0,0,0,0,0,0,normal,synthetic
SYN_0058,ojek_online,23,3,1139000,0,0,0,0,0,0,normal,synthetic
SYN_0058,ojek_online,24,4,1346000,0,0,0,0,0,1,normal,synthetic
SYN_0058,ojek_online,25,1,961000,0,0,0,0,0,0,normal,synthetic
SYN_0058,ojek_online,26,2,999000,0,0,0,0,0,0,normal,synthetic
SYN_0058,ojek_online,27,3,1219000,0,0,0,0,0,0,normal,synthetic
SYN_0058,ojek_online,28,4,1552000,0,0,0,0,0,1,normal,synthetic
SYN_0058,ojek_online,29,1,929000,0,0,0,0,0,0,normal,synthetic
SYN_0058,ojek_online,30,2,1016000,0,0,0,0,0,0,normal,synthetic
SYN_0058,ojek_online,31,3,1151000,0,0,0,0,0,0,normal,synthetic
SYN_0058,ojek_online,32,4,1257000,0,0,0,0,0,1,normal,synthetic
SYN_0058,ojek_online,33,1,967000,0,0,0,0,0,0,normal,synthetic
SYN_0058,ojek_online,34,2,1182000,0,0,0,0,0,0,normal,synthetic
SYN_0058,ojek_online,35,3,858000,0,0,0,0,0,0,normal,synthetic
SYN_0058,ojek_online,36,4,1503000,0,0,0,0,0,1,normal,synthetic
SYN_0058,ojek_online,37,1,990000,0,0,0,0,0,0,normal,synthetic
SYN_0058,ojek_online,38,2,1041000,0,0,0,0,0,0,normal,synthetic
SYN_0058,ojek_online,39,3,1080000,0,0,0,0,0,0,normal,synthetic
SYN_0058,ojek_online,40,4,1304000,0,0,0,0,0,1,normal,synthetic
SYN_0058,ojek_online,41,1,792000,0,0,0,0,0,0,normal,synthetic
SYN_0058,ojek_online,42,2,1274000,0,0,0,0,0,0,normal,synthetic
SYN_0058,ojek_online,43,3,1096000,0,0,0,0,0,0,normal,synthetic
SYN_0058,ojek_online,44,4,1374000,0,0,0,0,0,1,normal,synthetic
SYN_0058,ojek_online,45,1,1087000,0,0,0,0,0,0,normal,synthetic
SYN_0058,ojek_online,46,2,966000,0,0,0,0,0,0,normal,synthetic
SYN_0058,ojek_online,47,3,1149000,0,0,0,0,0,0,normal,synthetic
SYN_0058,ojek_online,48,4,1270000,0,0,0,0,0,1,normal,synthetic
SYN_0058,ojek_online,49,1,1398000,0,0,0,1,0,0,high_season,synthetic
SYN_0058,ojek_online,50,2,1081000,0,0,0,1,0,0,high_season,synthetic
SYN_0058,ojek_online,51,3,1403000,0,0,0,1,0,0,high_season,synthetic
SYN_0058,ojek_online,52,4,1587000,0,0,0,1,0,1,high_season,synthetic
SYN_0059,content_creator,1,1,21012000,0,0,0,0,1,0,low_season,synthetic
SYN_0059,content_creator,2,2,23274000,0,0,0,0,1,0,low_season,synthetic
SYN_0059,content_creator,3,3,18822000,0,0,0,0,1,0,low_season,synthetic
SYN_0059,content_creator,4,4,16105000,0,0,0,0,1,1,low_season,synthetic
SYN_0059,content_creator,5,1,16732000,0,0,0,0,1,0,low_season,synthetic
SYN_0059,content_creator,6,2,23431000,0,0,0,0,1,0,low_season,synthetic
SYN_0059,content_creator,7,3,21142000,0,0,0,0,0,0,normal,synthetic
SYN_0059,content_creator,8,4,29426000,0,0,0,0,0,1,normal,synthetic
SYN_0059,content_creator,9,1,19496000,0,0,0,0,0,0,normal,synthetic
SYN_0059,content_creator,10,2,23236000,1,0,0,0,0,0,high_season,synthetic
SYN_0059,content_creator,11,3,31295000,1,0,0,0,0,0,high_season,synthetic
SYN_0059,content_creator,12,4,47932000,1,0,0,0,0,1,high_season,synthetic
SYN_0059,content_creator,13,1,18384000,1,0,0,0,0,0,high_season,synthetic
SYN_0059,content_creator,14,2,44949000,0,1,0,0,0,0,high_season,synthetic
SYN_0059,content_creator,15,3,13527000,0,0,1,0,0,0,low_season,synthetic
SYN_0059,content_creator,16,4,22899000,0,0,1,0,0,1,low_season,synthetic
SYN_0059,content_creator,17,1,24956000,0,0,0,0,0,0,normal,synthetic
SYN_0059,content_creator,18,2,23810000,0,0,0,0,0,0,normal,synthetic
SYN_0059,content_creator,19,3,23820000,0,0,0,0,0,0,normal,synthetic
SYN_0059,content_creator,20,4,25205000,0,0,0,0,0,1,normal,synthetic
SYN_0059,content_creator,21,1,16757000,0,0,0,0,0,0,normal,synthetic
SYN_0059,content_creator,22,2,32080000,0,0,0,0,0,0,normal,synthetic
SYN_0059,content_creator,23,3,20744000,0,0,0,0,0,0,normal,synthetic
SYN_0059,content_creator,24,4,37805000,0,0,0,0,0,1,normal,synthetic
SYN_0059,content_creator,25,1,18692000,0,0,0,0,0,0,normal,synthetic
SYN_0059,content_creator,26,2,26893000,0,0,0,0,0,0,normal,synthetic
SYN_0059,content_creator,27,3,19538000,0,0,0,0,0,0,normal,synthetic
SYN_0059,content_creator,28,4,32262000,0,0,0,0,0,1,normal,synthetic
SYN_0059,content_creator,29,1,20817000,0,0,0,0,0,0,normal,synthetic
SYN_0059,content_creator,30,2,23188000,0,0,0,0,0,0,normal,synthetic
SYN_0059,content_creator,31,3,27268000,0,0,0,0,0,0,normal,synthetic
SYN_0059,content_creator,32,4,26994000,0,0,0,0,0,1,normal,synthetic
SYN_0059,content_creator,33,1,16429000,0,0,0,0,0,0,normal,synthetic
SYN_0059,content_creator,34,2,27937000,0,0,0,0,0,0,normal,synthetic
SYN_0059,content_creator,35,3,19502000,0,0,0,0,0,0,normal,synthetic
SYN_0059,content_creator,36,4,32225000,0,0,0,0,0,1,normal,synthetic
SYN_0059,content_creator,37,1,25986000,0,0,0,0,0,0,normal,synthetic
SYN_0059,content_creator,38,2,22910000,0,0,0,0,0,0,normal,synthetic
SYN_0059,content_creator,39,3,29799000,0,0,0,0,0,0,normal,synthetic
SYN_0059,content_creator,40,4,32041000,0,0,0,0,0,1,normal,synthetic
SYN_0059,content_creator,41,1,19343000,0,0,0,0,0,0,normal,synthetic
SYN_0059,content_creator,42,2,30768000,0,0,0,0,0,0,normal,synthetic
SYN_0059,content_creator,43,3,19521000,0,0,0,0,0,0,normal,synthetic
SYN_0059,content_creator,44,4,27485000,0,0,0,0,0,1,normal,synthetic
SYN_0059,content_creator,45,1,21292000,0,0,0,0,0,0,normal,synthetic
SYN_0059,content_creator,46,2,27247000,0,0,0,0,0,0,normal,synthetic
SYN_0059,content_creator,47,3,29503000,0,0,0,0,0,0,normal,synthetic
SYN_0059,content_creator,48,4,35072000,0,0,0,0,0,1,normal,synthetic
SYN_0059,content_creator,49,1,29905000,0,0,0,1,0,0,high_season,synthetic
SYN_0059,content_creator,50,2,30330000,0,0,0,1,0,0,high_season,synthetic
SYN_0059,content_creator,51,3,21443000,0,0,0,1,0,0,high_season,synthetic
SYN_0059,content_creator,52,4,29263000,0,0,0,1,0,1,high_season,synthetic
SYN_0060,kurir,1,1,1177000,0,0,0,0,1,0,low_season,synthetic
SYN_0060,kurir,2,2,1027000,0,0,0,0,1,0,low_season,synthetic
SYN_0060,kurir,3,3,1190000,0,0,0,0,1,0,low_season,synthetic
SYN_0060,kurir,4,4,1534000,0,0,0,0,1,1,low_season,synthetic
SYN_0060,kurir,5,1,1126000,0,0,0,0,1,0,low_season,synthetic
SYN_0060,kurir,6,2,1277000,0,0,0,0,1,0,low_season,synthetic
SYN_0060,kurir,7,3,1476000,0,0,0,0,0,0,normal,synthetic
SYN_0060,kurir,8,4,1933000,0,0,0,0,0,1,normal,synthetic
SYN_0060,kurir,9,1,1194000,0,0,0,0,0,0,normal,synthetic
SYN_0060,kurir,10,2,1974000,1,0,0,0,0,0,high_season,synthetic
SYN_0060,kurir,11,3,1956000,1,0,0,0,0,0,high_season,synthetic
SYN_0060,kurir,12,4,2703000,1,0,0,0,0,1,high_season,synthetic
SYN_0060,kurir,13,1,2039000,1,0,0,0,0,0,high_season,synthetic
SYN_0060,kurir,14,2,2634000,0,1,0,0,0,0,high_season,synthetic
SYN_0060,kurir,15,3,1119000,0,0,1,0,0,0,low_season,synthetic
SYN_0060,kurir,16,4,1090000,0,0,1,0,0,1,low_season,synthetic
SYN_0060,kurir,17,1,1494000,0,0,0,0,0,0,normal,synthetic
SYN_0060,kurir,18,2,1642000,0,0,0,0,0,0,normal,synthetic
SYN_0060,kurir,19,3,1541000,0,0,0,0,0,0,normal,synthetic
SYN_0060,kurir,20,4,2010000,0,0,0,0,0,1,normal,synthetic
SYN_0060,kurir,21,1,1113000,0,0,0,0,0,0,normal,synthetic
SYN_0060,kurir,22,2,1381000,0,0,0,0,0,0,normal,synthetic
SYN_0060,kurir,23,3,1354000,0,0,0,0,0,0,normal,synthetic
SYN_0060,kurir,24,4,1848000,0,0,0,0,0,1,normal,synthetic
SYN_0060,kurir,25,1,1183000,0,0,0,0,0,0,normal,synthetic
SYN_0060,kurir,26,2,1544000,0,0,0,0,0,0,normal,synthetic
SYN_0060,kurir,27,3,1622000,0,0,0,0,0,0,normal,synthetic
SYN_0060,kurir,28,4,1844000,0,0,0,0,0,1,normal,synthetic
SYN_0060,kurir,29,1,1336000,0,0,0,0,0,0,normal,synthetic
SYN_0060,kurir,30,2,1322000,0,0,0,0,0,0,normal,synthetic
SYN_0060,kurir,31,3,1340000,0,0,0,0,0,0,normal,synthetic
SYN_0060,kurir,32,4,1928000,0,0,0,0,0,1,normal,synthetic
SYN_0060,kurir,33,1,1392000,0,0,0,0,0,0,normal,synthetic
SYN_0060,kurir,34,2,1443000,0,0,0,0,0,0,normal,synthetic
SYN_0060,kurir,35,3,1394000,0,0,0,0,0,0,normal,synthetic
SYN_0060,kurir,36,4,1428000,0,0,0,0,0,1,normal,synthetic
SYN_0060,kurir,37,1,1180000,0,0,0,0,0,0,normal,synthetic
SYN_0060,kurir,38,2,1691000,0,0,0,0,0,0,normal,synthetic
SYN_0060,kurir,39,3,1285000,0,0,0,0,0,0,normal,synthetic
SYN_0060,kurir,40,4,1766000,0,0,0,0,0,1,normal,synthetic
SYN_0060,kurir,41,1,1418000,0,0,0,0,0,0,normal,synthetic
SYN_0060,kurir,42,2,1288000,0,0,0,0,0,0,normal,synthetic
SYN_0060,kurir,43,3,1471000,0,0,0,0,0,0,normal,synthetic
SYN_0060,kurir,44,4,1881000,0,0,0,0,0,1,normal,synthetic
SYN_0060,kurir,45,1,1304000,0,0,0,0,0,0,normal,synthetic
SYN_0060,kurir,46,2,1813000,0,0,0,0,0,0,normal,synthetic
SYN_0060,kurir,47,3,1235000,0,0,0,0,0,0,normal,synthetic
SYN_0060,kurir,48,4,1899000,0,0,0,0,0,1,normal,synthetic
SYN_0060,kurir,49,1,1668000,0,0,0,1,0,0,high_season,synthetic
SYN_0060,kurir,50,2,2010000,0,0,0,1,0,0,high_season,synthetic
SYN_0060,kurir,51,3,1955000,0,0,0,1,0,0,high_season,synthetic
SYN_0060,kurir,52,4,2113000,0,0,0,1,0,1,high_season,synthetic
SYN_0061,ojek_online,1,1,1152000,0,0,0,0,1,0,low_season,synthetic
SYN_0061,ojek_online,2,2,1261000,0,0,0,0,1,0,low_season,synthetic
SYN_0061,ojek_online,3,3,1267000,0,0,0,0,1,0,low_season,synthetic
SYN_0061,ojek_online,4,4,1693000,0,0,0,0,1,1,low_season,synthetic
SYN_0061,ojek_online,5,1,1267000,0,0,0,0,1,0,low_season,synthetic
SYN_0061,ojek_online,6,2,1229000,0,0,0,0,1,0,low_season,synthetic
SYN_0061,ojek_online,7,3,1507000,0,0,0,0,0,0,normal,synthetic
SYN_0061,ojek_online,8,4,1887000,0,0,0,0,0,1,normal,synthetic
SYN_0061,ojek_online,9,1,1151000,0,0,0,0,0,0,normal,synthetic
SYN_0061,ojek_online,10,2,2413000,1,0,0,0,0,0,high_season,synthetic
SYN_0061,ojek_online,11,3,2538000,1,0,0,0,0,0,high_season,synthetic
SYN_0061,ojek_online,12,4,2883000,1,0,0,0,0,1,high_season,synthetic
SYN_0061,ojek_online,13,1,1646000,1,0,0,0,0,0,high_season,synthetic
SYN_0061,ojek_online,14,2,1999000,0,1,0,0,0,0,high_season,synthetic
SYN_0061,ojek_online,15,3,1107000,0,0,1,0,0,0,low_season,synthetic
SYN_0061,ojek_online,16,4,1126000,0,0,1,0,0,1,low_season,synthetic
SYN_0061,ojek_online,17,1,1361000,0,0,0,0,0,0,normal,synthetic
SYN_0061,ojek_online,18,2,1717000,0,0,0,0,0,0,normal,synthetic
SYN_0061,ojek_online,19,3,1358000,0,0,0,0,0,0,normal,synthetic
SYN_0061,ojek_online,20,4,1684000,0,0,0,0,0,1,normal,synthetic
SYN_0061,ojek_online,21,1,1360000,0,0,0,0,0,0,normal,synthetic
SYN_0061,ojek_online,22,2,1252000,0,0,0,0,0,0,normal,synthetic
SYN_0061,ojek_online,23,3,1341000,0,0,0,0,0,0,normal,synthetic
SYN_0061,ojek_online,24,4,1763000,0,0,0,0,0,1,normal,synthetic
SYN_0061,ojek_online,25,1,1274000,0,0,0,0,0,0,normal,synthetic
SYN_0061,ojek_online,26,2,1565000,0,0,0,0,0,0,normal,synthetic
SYN_0061,ojek_online,27,3,1919000,0,0,0,0,0,0,normal,synthetic
SYN_0061,ojek_online,28,4,1778000,0,0,0,0,0,1,normal,synthetic
SYN_0061,ojek_online,29,1,1195000,0,0,0,0,0,0,normal,synthetic
SYN_0061,ojek_online,30,2,1698000,0,0,0,0,0,0,normal,synthetic
SYN_0061,ojek_online,31,3,1205000,0,0,0,0,0,0,normal,synthetic
SYN_0061,ojek_online,32,4,1485000,0,0,0,0,0,1,normal,synthetic
SYN_0061,ojek_online,33,1,1231000,0,0,0,0,0,0,normal,synthetic
SYN_0061,ojek_online,34,2,1419000,0,0,0,0,0,0,normal,synthetic
SYN_0061,ojek_online,35,3,1364000,0,0,0,0,0,0,normal,synthetic
SYN_0061,ojek_online,36,4,1752000,0,0,0,0,0,1,normal,synthetic
SYN_0061,ojek_online,37,1,1359000,0,0,0,0,0,0,normal,synthetic
SYN_0061,ojek_online,38,2,1641000,0,0,0,0,0,0,normal,synthetic
SYN_0061,ojek_online,39,3,1480000,0,0,0,0,0,0,normal,synthetic
SYN_0061,ojek_online,40,4,1648000,0,0,0,0,0,1,normal,synthetic
SYN_0061,ojek_online,41,1,1469000,0,0,0,0,0,0,normal,synthetic
SYN_0061,ojek_online,42,2,1331000,0,0,0,0,0,0,normal,synthetic
SYN_0061,ojek_online,43,3,1197000,0,0,0,0,0,0,normal,synthetic
SYN_0061,ojek_online,44,4,1996000,0,0,0,0,0,1,normal,synthetic
SYN_0061,ojek_online,45,1,1488000,0,0,0,0,0,0,normal,synthetic
SYN_0061,ojek_online,46,2,1335000,0,0,0,0,0,0,normal,synthetic
SYN_0061,ojek_online,47,3,1400000,0,0,0,0,0,0,normal,synthetic
SYN_0061,ojek_online,48,4,1578000,0,0,0,0,0,1,normal,synthetic
SYN_0061,ojek_online,49,1,1777000,0,0,0,1,0,0,high_season,synthetic
SYN_0061,ojek_online,50,2,2275000,0,0,0,1,0,0,high_season,synthetic
SYN_0061,ojek_online,51,3,2055000,0,0,0,1,0,0,high_season,synthetic
SYN_0061,ojek_online,52,4,2551000,0,0,0,1,0,1,high_season,synthetic
SYN_0062,content_creator,1,1,59449000,0,0,0,0,1,0,low_season,synthetic
SYN_0062,content_creator,2,2,50152000,0,0,0,0,1,0,low_season,synthetic
SYN_0062,content_creator,3,3,39485000,0,0,0,0,1,0,low_season,synthetic
SYN_0062,content_creator,4,4,65055000,0,0,0,0,1,1,low_season,synthetic
SYN_0062,content_creator,5,1,62089000,0,0,0,0,1,0,low_season,synthetic
SYN_0062,content_creator,6,2,40994000,0,0,0,0,1,0,low_season,synthetic
SYN_0062,content_creator,7,3,55167000,0,0,0,0,0,0,normal,synthetic
SYN_0062,content_creator,8,4,76114000,0,0,0,0,0,1,normal,synthetic
SYN_0062,content_creator,9,1,52590000,0,0,0,0,0,0,normal,synthetic
SYN_0062,content_creator,10,2,70430000,1,0,0,0,0,0,high_season,synthetic
SYN_0062,content_creator,11,3,102835000,1,0,0,0,0,0,high_season,synthetic
SYN_0062,content_creator,12,4,145546000,1,0,0,0,0,1,high_season,synthetic
SYN_0062,content_creator,13,1,79721000,1,0,0,0,0,0,high_season,synthetic
SYN_0062,content_creator,14,2,86456000,0,1,0,0,0,0,high_season,synthetic
SYN_0062,content_creator,15,3,29788000,0,0,1,0,0,0,low_season,synthetic
SYN_0062,content_creator,16,4,51866000,0,0,1,0,0,1,low_season,synthetic
SYN_0062,content_creator,17,1,63657000,0,0,0,0,0,0,normal,synthetic
SYN_0062,content_creator,18,2,64052000,0,0,0,0,0,0,normal,synthetic
SYN_0062,content_creator,19,3,58980000,0,0,0,0,0,0,normal,synthetic
SYN_0062,content_creator,20,4,63296000,0,0,0,0,0,1,normal,synthetic
SYN_0062,content_creator,21,1,42665000,0,0,0,0,0,0,normal,synthetic
SYN_0062,content_creator,22,2,67872000,0,0,0,0,0,0,normal,synthetic
SYN_0062,content_creator,23,3,68711000,0,0,0,0,0,0,normal,synthetic
SYN_0062,content_creator,24,4,51106000,0,0,0,0,0,1,normal,synthetic
SYN_0062,content_creator,25,1,68302000,0,0,0,0,0,0,normal,synthetic
SYN_0062,content_creator,26,2,65103000,0,0,0,0,0,0,normal,synthetic
SYN_0062,content_creator,27,3,73871000,0,0,0,0,0,0,normal,synthetic
SYN_0062,content_creator,28,4,53701000,0,0,0,0,0,1,normal,synthetic
SYN_0062,content_creator,29,1,40049000,0,0,0,0,0,0,normal,synthetic
SYN_0062,content_creator,30,2,57423000,0,0,0,0,0,0,normal,synthetic
SYN_0062,content_creator,31,3,64346000,0,0,0,0,0,0,normal,synthetic
SYN_0062,content_creator,32,4,93702000,0,0,0,0,0,1,normal,synthetic
SYN_0062,content_creator,33,1,59854000,0,0,0,0,0,0,normal,synthetic
SYN_0062,content_creator,34,2,56428000,0,0,0,0,0,0,normal,synthetic
SYN_0062,content_creator,35,3,48105000,0,0,0,0,0,0,normal,synthetic
SYN_0062,content_creator,36,4,86483000,0,0,0,0,0,1,normal,synthetic
SYN_0062,content_creator,37,1,43884000,0,0,0,0,0,0,normal,synthetic
SYN_0062,content_creator,38,2,76302000,0,0,0,0,0,0,normal,synthetic
SYN_0062,content_creator,39,3,55985000,0,0,0,0,0,0,normal,synthetic
SYN_0062,content_creator,40,4,91079000,0,0,0,0,0,1,normal,synthetic
SYN_0062,content_creator,41,1,59595000,0,0,0,0,0,0,normal,synthetic
SYN_0062,content_creator,42,2,57551000,0,0,0,0,0,0,normal,synthetic
SYN_0062,content_creator,43,3,53489000,0,0,0,0,0,0,normal,synthetic
SYN_0062,content_creator,44,4,66462000,0,0,0,0,0,1,normal,synthetic
SYN_0062,content_creator,45,1,57199000,0,0,0,0,0,0,normal,synthetic
SYN_0062,content_creator,46,2,59825000,0,0,0,0,0,0,normal,synthetic
SYN_0062,content_creator,47,3,52699000,0,0,0,0,0,0,normal,synthetic
SYN_0062,content_creator,48,4,68696000,0,0,0,0,0,1,normal,synthetic
SYN_0062,content_creator,49,1,70013000,0,0,0,1,0,0,high_season,synthetic
SYN_0062,content_creator,50,2,47315000,0,0,0,1,0,0,high_season,synthetic
SYN_0062,content_creator,51,3,83033000,0,0,0,1,0,0,high_season,synthetic
SYN_0062,content_creator,52,4,75816000,0,0,0,1,0,1,high_season,synthetic
SYN_0063,jualan_online,1,1,70000,0,0,0,0,1,0,low_season,synthetic
SYN_0063,jualan_online,2,2,76000,0,0,0,0,1,0,low_season,synthetic
SYN_0063,jualan_online,3,3,83000,0,0,0,0,1,0,low_season,synthetic
SYN_0063,jualan_online,4,4,99000,0,0,0,0,1,1,low_season,synthetic
SYN_0063,jualan_online,5,1,85000,0,0,0,0,1,0,low_season,synthetic
SYN_0063,jualan_online,6,2,101000,0,0,0,0,1,0,low_season,synthetic
SYN_0063,jualan_online,7,3,87000,0,0,0,0,0,0,normal,synthetic
SYN_0063,jualan_online,8,4,149000,0,0,0,0,0,1,normal,synthetic
SYN_0063,jualan_online,9,1,82000,0,0,0,0,0,0,normal,synthetic
SYN_0063,jualan_online,10,2,148000,1,0,0,0,0,0,high_season,synthetic
SYN_0063,jualan_online,11,3,154000,1,0,0,0,0,0,high_season,synthetic
SYN_0063,jualan_online,12,4,225000,1,0,0,0,0,1,high_season,synthetic
SYN_0063,jualan_online,13,1,122000,1,0,0,0,0,0,high_season,synthetic
SYN_0063,jualan_online,14,2,137000,0,1,0,0,0,0,high_season,synthetic
SYN_0063,jualan_online,15,3,83000,0,0,1,0,0,0,low_season,synthetic
SYN_0063,jualan_online,16,4,76000,0,0,1,0,0,1,low_season,synthetic
SYN_0063,jualan_online,17,1,86000,0,0,0,0,0,0,normal,synthetic
SYN_0063,jualan_online,18,2,87000,0,0,0,0,0,0,normal,synthetic
SYN_0063,jualan_online,19,3,96000,0,0,0,0,0,0,normal,synthetic
SYN_0063,jualan_online,20,4,108000,0,0,0,0,0,1,normal,synthetic
SYN_0063,jualan_online,21,1,97000,0,0,0,0,0,0,normal,synthetic
SYN_0063,jualan_online,22,2,101000,0,0,0,0,0,0,normal,synthetic
SYN_0063,jualan_online,23,3,92000,0,0,0,0,0,0,normal,synthetic
SYN_0063,jualan_online,24,4,134000,0,0,0,0,0,1,normal,synthetic
SYN_0063,jualan_online,25,1,93000,0,0,0,0,0,0,normal,synthetic
SYN_0063,jualan_online,26,2,78000,0,0,0,0,0,0,normal,synthetic
SYN_0063,jualan_online,27,3,111000,0,0,0,0,0,0,normal,synthetic
SYN_0063,jualan_online,28,4,123000,0,0,0,0,0,1,normal,synthetic
SYN_0063,jualan_online,29,1,105000,0,0,0,0,0,0,normal,synthetic
SYN_0063,jualan_online,30,2,101000,0,0,0,0,0,0,normal,synthetic
SYN_0063,jualan_online,31,3,90000,0,0,0,0,0,0,normal,synthetic
SYN_0063,jualan_online,32,4,117000,0,0,0,0,0,1,normal,synthetic
SYN_0063,jualan_online,33,1,99000,0,0,0,0,0,0,normal,synthetic
SYN_0063,jualan_online,34,2,91000,0,0,0,0,0,0,normal,synthetic
SYN_0063,jualan_online,35,3,95000,0,0,0,0,0,0,normal,synthetic
SYN_0063,jualan_online,36,4,117000,0,0,0,0,0,1,normal,synthetic
SYN_0063,jualan_online,37,1,78000,0,0,0,0,0,0,normal,synthetic
SYN_0063,jualan_online,38,2,91000,0,0,0,0,0,0,normal,synthetic
SYN_0063,jualan_online,39,3,102000,0,0,0,0,0,0,normal,synthetic
SYN_0063,jualan_online,40,4,137000,0,0,0,0,0,1,normal,synthetic
SYN_0063,jualan_online,41,1,93000,0,0,0,0,0,0,normal,synthetic
SYN_0063,jualan_online,42,2,99000,0,0,0,0,0,0,normal,synthetic
SYN_0063,jualan_online,43,3,90000,0,0,0,0,0,0,normal,synthetic
SYN_0063,jualan_online,44,4,136000,0,0,0,0,0,1,normal,synthetic
SYN_0063,jualan_online,45,1,95000,0,0,0,0,0,0,normal,synthetic
SYN_0063,jualan_online,46,2,92000,0,0,0,0,0,0,normal,synthetic
SYN_0063,jualan_online,47,3,111000,0,0,0,0,0,0,normal,synthetic
SYN_0063,jualan_online,48,4,128000,0,0,0,0,0,1,normal,synthetic
SYN_0063,jualan_online,49,1,106000,0,0,0,1,0,0,high_season,synthetic
SYN_0063,jualan_online,50,2,128000,0,0,0,1,0,0,high_season,synthetic
SYN_0063,jualan_online,51,3,122000,0,0,0,1,0,0,high_season,synthetic
SYN_0063,jualan_online,52,4,205000,0,0,0,1,0,1,high_season,synthetic
SYN_0064,jualan_online,1,1,33378000,0,0,0,0,1,0,low_season,synthetic
SYN_0064,jualan_online,2,2,47463000,0,0,0,0,1,0,low_season,synthetic
SYN_0064,jualan_online,3,3,35018000,0,0,0,0,1,0,low_season,synthetic
SYN_0064,jualan_online,4,4,43513000,0,0,0,0,1,1,low_season,synthetic
SYN_0064,jualan_online,5,1,42489000,0,0,0,0,1,0,low_season,synthetic
SYN_0064,jualan_online,6,2,34299000,0,0,0,0,1,0,low_season,synthetic
SYN_0064,jualan_online,7,3,41869000,0,0,0,0,0,0,normal,synthetic
SYN_0064,jualan_online,8,4,52844000,0,0,0,0,0,1,normal,synthetic
SYN_0064,jualan_online,9,1,44416000,0,0,0,0,0,0,normal,synthetic
SYN_0064,jualan_online,10,2,66621000,1,0,0,0,0,0,high_season,synthetic
SYN_0064,jualan_online,11,3,54918000,1,0,0,0,0,0,high_season,synthetic
SYN_0064,jualan_online,12,4,73019000,1,0,0,0,0,1,high_season,synthetic
SYN_0064,jualan_online,13,1,54237000,1,0,0,0,0,0,high_season,synthetic
SYN_0064,jualan_online,14,2,77722000,0,1,0,0,0,0,high_season,synthetic
SYN_0064,jualan_online,15,3,32983000,0,0,1,0,0,0,low_season,synthetic
SYN_0064,jualan_online,16,4,39545000,0,0,1,0,0,1,low_season,synthetic
SYN_0064,jualan_online,17,1,31747000,0,0,0,0,0,0,normal,synthetic
SYN_0064,jualan_online,18,2,50551000,0,0,0,0,0,0,normal,synthetic
SYN_0064,jualan_online,19,3,46187000,0,0,0,0,0,0,normal,synthetic
SYN_0064,jualan_online,20,4,62731000,0,0,0,0,0,1,normal,synthetic
SYN_0064,jualan_online,21,1,42496000,0,0,0,0,0,0,normal,synthetic
SYN_0064,jualan_online,22,2,50752000,0,0,0,0,0,0,normal,synthetic
SYN_0064,jualan_online,23,3,47338000,0,0,0,0,0,0,normal,synthetic
SYN_0064,jualan_online,24,4,62484000,0,0,0,0,0,1,normal,synthetic
SYN_0064,jualan_online,25,1,42874000,0,0,0,0,0,0,normal,synthetic
SYN_0064,jualan_online,26,2,44301000,0,0,0,0,0,0,normal,synthetic
SYN_0064,jualan_online,27,3,57052000,0,0,0,0,0,0,normal,synthetic
SYN_0064,jualan_online,28,4,59532000,0,0,0,0,0,1,normal,synthetic
SYN_0064,jualan_online,29,1,43123000,0,0,0,0,0,0,normal,synthetic
SYN_0064,jualan_online,30,2,37962000,0,0,0,0,0,0,normal,synthetic
SYN_0064,jualan_online,31,3,37898000,0,0,0,0,0,0,normal,synthetic
SYN_0064,jualan_online,32,4,55683000,0,0,0,0,0,1,normal,synthetic
SYN_0064,jualan_online,33,1,41050000,0,0,0,0,0,0,normal,synthetic
SYN_0064,jualan_online,34,2,41524000,0,0,0,0,0,0,normal,synthetic
SYN_0064,jualan_online,35,3,45586000,0,0,0,0,0,0,normal,synthetic
SYN_0064,jualan_online,36,4,64048000,0,0,0,0,0,1,normal,synthetic
SYN_0064,jualan_online,37,1,43712000,0,0,0,0,0,0,normal,synthetic
SYN_0064,jualan_online,38,2,38690000,0,0,0,0,0,0,normal,synthetic
SYN_0064,jualan_online,39,3,44228000,0,0,0,0,0,0,normal,synthetic
SYN_0064,jualan_online,40,4,48597000,0,0,0,0,0,1,normal,synthetic
SYN_0064,jualan_online,41,1,38468000,0,0,0,0,0,0,normal,synthetic
SYN_0064,jualan_online,42,2,42603000,0,0,0,0,0,0,normal,synthetic
SYN_0064,jualan_online,43,3,42259000,0,0,0,0,0,0,normal,synthetic
SYN_0064,jualan_online,44,4,45691000,0,0,0,0,0,1,normal,synthetic
SYN_0064,jualan_online,45,1,39727000,0,0,0,0,0,0,normal,synthetic
SYN_0064,jualan_online,46,2,41812000,0,0,0,0,0,0,normal,synthetic
SYN_0064,jualan_online,47,3,29069000,0,0,0,0,0,0,normal,synthetic
SYN_0064,jualan_online,48,4,67046000,0,0,0,0,0,1,normal,synthetic
SYN_0064,jualan_online,49,1,59301000,0,0,0,1,0,0,high_season,synthetic
SYN_0064,jualan_online,50,2,55645000,0,0,0,1,0,0,high_season,synthetic
SYN_0064,jualan_online,51,3,58408000,0,0,0,1,0,0,high_season,synthetic
SYN_0064,jualan_online,52,4,60099000,0,0,0,1,0,1,high_season,synthetic
SYN_0065,ojek_online,1,1,794000,0,0,0,0,1,0,low_season,synthetic
SYN_0065,ojek_online,2,2,1071000,0,0,0,0,1,0,low_season,synthetic
SYN_0065,ojek_online,3,3,980000,0,0,0,0,1,0,low_season,synthetic
SYN_0065,ojek_online,4,4,1224000,0,0,0,0,1,1,low_season,synthetic
SYN_0065,ojek_online,5,1,872000,0,0,0,0,1,0,low_season,synthetic
SYN_0065,ojek_online,6,2,1188000,0,0,0,0,1,0,low_season,synthetic
SYN_0065,ojek_online,7,3,1207000,0,0,0,0,0,0,normal,synthetic
SYN_0065,ojek_online,8,4,1283000,0,0,0,0,0,1,normal,synthetic
SYN_0065,ojek_online,9,1,1112000,0,0,0,0,0,0,normal,synthetic
SYN_0065,ojek_online,10,2,1339000,1,0,0,0,0,0,high_season,synthetic
SYN_0065,ojek_online,11,3,1662000,1,0,0,0,0,0,high_season,synthetic
SYN_0065,ojek_online,12,4,2038000,1,0,0,0,0,1,high_season,synthetic
SYN_0065,ojek_online,13,1,1498000,1,0,0,0,0,0,high_season,synthetic
SYN_0065,ojek_online,14,2,1905000,0,1,0,0,0,0,high_season,synthetic
SYN_0065,ojek_online,15,3,702000,0,0,1,0,0,0,low_season,synthetic
SYN_0065,ojek_online,16,4,866000,0,0,1,0,0,1,low_season,synthetic
SYN_0065,ojek_online,17,1,1030000,0,0,0,0,0,0,normal,synthetic
SYN_0065,ojek_online,18,2,990000,0,0,0,0,0,0,normal,synthetic
SYN_0065,ojek_online,19,3,1355000,0,0,0,0,0,0,normal,synthetic
SYN_0065,ojek_online,20,4,956000,0,0,0,0,0,1,normal,synthetic
SYN_0065,ojek_online,21,1,981000,0,0,0,0,0,0,normal,synthetic
SYN_0065,ojek_online,22,2,1145000,0,0,0,0,0,0,normal,synthetic
SYN_0065,ojek_online,23,3,1195000,0,0,0,0,0,0,normal,synthetic
SYN_0065,ojek_online,24,4,1218000,0,0,0,0,0,1,normal,synthetic
SYN_0065,ojek_online,25,1,1147000,0,0,0,0,0,0,normal,synthetic
SYN_0065,ojek_online,26,2,955000,0,0,0,0,0,0,normal,synthetic
SYN_0065,ojek_online,27,3,1059000,0,0,0,0,0,0,normal,synthetic
SYN_0065,ojek_online,28,4,1452000,0,0,0,0,0,1,normal,synthetic
SYN_0065,ojek_online,29,1,1137000,0,0,0,0,0,0,normal,synthetic
SYN_0065,ojek_online,30,2,953000,0,0,0,0,0,0,normal,synthetic
SYN_0065,ojek_online,31,3,1466000,0,0,0,0,0,0,normal,synthetic
SYN_0065,ojek_online,32,4,1221000,0,0,0,0,0,1,normal,synthetic
SYN_0065,ojek_online,33,1,868000,0,0,0,0,0,0,normal,synthetic
SYN_0065,ojek_online,34,2,1195000,0,0,0,0,0,0,normal,synthetic
SYN_0065,ojek_online,35,3,1087000,0,0,0,0,0,0,normal,synthetic
SYN_0065,ojek_online,36,4,1282000,0,0,0,0,0,1,normal,synthetic
SYN_0065,ojek_online,37,1,1086000,0,0,0,0,0,0,normal,synthetic
SYN_0065,ojek_online,38,2,938000,0,0,0,0,0,0,normal,synthetic
SYN_0065,ojek_online,39,3,915000,0,0,0,0,0,0,normal,synthetic
SYN_0065,ojek_online,40,4,1266000,0,0,0,0,0,1,normal,synthetic
SYN_0065,ojek_online,41,1,1141000,0,0,0,0,0,0,normal,synthetic
SYN_0065,ojek_online,42,2,1061000,0,0,0,0,0,0,normal,synthetic
SYN_0065,ojek_online,43,3,1334000,0,0,0,0,0,0,normal,synthetic
SYN_0065,ojek_online,44,4,1540000,0,0,0,0,0,1,normal,synthetic
SYN_0065,ojek_online,45,1,1050000,0,0,0,0,0,0,normal,synthetic
SYN_0065,ojek_online,46,2,1174000,0,0,0,0,0,0,normal,synthetic
SYN_0065,ojek_online,47,3,1167000,0,0,0,0,0,0,normal,synthetic
SYN_0065,ojek_online,48,4,1382000,0,0,0,0,0,1,normal,synthetic
SYN_0065,ojek_online,49,1,1269000,0,0,0,1,0,0,high_season,synthetic
SYN_0065,ojek_online,50,2,1429000,0,0,0,1,0,0,high_season,synthetic
SYN_0065,ojek_online,51,3,1294000,0,0,0,1,0,0,high_season,synthetic
SYN_0065,ojek_online,52,4,1328000,0,0,0,1,0,1,high_season,synthetic
SYN_0066,freelancer_it,1,1,37171000,0,0,0,0,1,0,low_season,synthetic
SYN_0066,freelancer_it,2,2,58651000,0,0,0,0,1,0,low_season,synthetic
SYN_0066,freelancer_it,3,3,43868000,0,0,0,0,1,0,low_season,synthetic
SYN_0066,freelancer_it,4,4,47891000,0,0,0,0,1,1,low_season,synthetic
SYN_0066,freelancer_it,5,1,41791000,0,0,0,0,1,0,low_season,synthetic
SYN_0066,freelancer_it,6,2,61584000,0,0,0,0,1,0,low_season,synthetic
SYN_0066,freelancer_it,7,3,41778000,0,0,0,0,0,0,normal,synthetic
SYN_0066,freelancer_it,8,4,57499000,0,0,0,0,0,1,normal,synthetic
SYN_0066,freelancer_it,9,1,61168000,0,0,0,0,0,0,normal,synthetic
SYN_0066,freelancer_it,10,2,102658000,1,0,0,0,0,0,high_season,synthetic
SYN_0066,freelancer_it,11,3,80290000,1,0,0,0,0,0,high_season,synthetic
SYN_0066,freelancer_it,12,4,80804000,1,0,0,0,0,1,high_season,synthetic
SYN_0066,freelancer_it,13,1,94836000,1,0,0,0,0,0,high_season,synthetic
SYN_0066,freelancer_it,14,2,120273000,0,1,0,0,0,0,high_season,synthetic
SYN_0066,freelancer_it,15,3,43068000,0,0,1,0,0,0,low_season,synthetic
SYN_0066,freelancer_it,16,4,41828000,0,0,1,0,0,1,low_season,synthetic
SYN_0066,freelancer_it,17,1,50220000,0,0,0,0,0,0,normal,synthetic
SYN_0066,freelancer_it,18,2,54924000,0,0,0,0,0,0,normal,synthetic
SYN_0066,freelancer_it,19,3,58788000,0,0,0,0,0,0,normal,synthetic
SYN_0066,freelancer_it,20,4,81119000,0,0,0,0,0,1,normal,synthetic
SYN_0066,freelancer_it,21,1,56793000,0,0,0,0,0,0,normal,synthetic
SYN_0066,freelancer_it,22,2,47711000,0,0,0,0,0,0,normal,synthetic
SYN_0066,freelancer_it,23,3,67013000,0,0,0,0,0,0,normal,synthetic
SYN_0066,freelancer_it,24,4,70379000,0,0,0,0,0,1,normal,synthetic
SYN_0066,freelancer_it,25,1,55431000,0,0,0,0,0,0,normal,synthetic
SYN_0066,freelancer_it,26,2,67721000,0,0,0,0,0,0,normal,synthetic
SYN_0066,freelancer_it,27,3,47442000,0,0,0,0,0,0,normal,synthetic
SYN_0066,freelancer_it,28,4,67085000,0,0,0,0,0,1,normal,synthetic
SYN_0066,freelancer_it,29,1,46805000,0,0,0,0,0,0,normal,synthetic
SYN_0066,freelancer_it,30,2,43853000,0,0,0,0,0,0,normal,synthetic
SYN_0066,freelancer_it,31,3,58913000,0,0,0,0,0,0,normal,synthetic
SYN_0066,freelancer_it,32,4,91130000,0,0,0,0,0,1,normal,synthetic
SYN_0066,freelancer_it,33,1,37540000,0,0,0,0,0,0,normal,synthetic
SYN_0066,freelancer_it,34,2,55932000,0,0,0,0,0,0,normal,synthetic
SYN_0066,freelancer_it,35,3,61224000,0,0,0,0,0,0,normal,synthetic
SYN_0066,freelancer_it,36,4,68585000,0,0,0,0,0,1,normal,synthetic
SYN_0066,freelancer_it,37,1,49766000,0,0,0,0,0,0,normal,synthetic
SYN_0066,freelancer_it,38,2,45966000,0,0,0,0,0,0,normal,synthetic
SYN_0066,freelancer_it,39,3,58017000,0,0,0,0,0,0,normal,synthetic
SYN_0066,freelancer_it,40,4,60280000,0,0,0,0,0,1,normal,synthetic
SYN_0066,freelancer_it,41,1,35064000,0,0,0,0,0,0,normal,synthetic
SYN_0066,freelancer_it,42,2,65582000,0,0,0,0,0,0,normal,synthetic
SYN_0066,freelancer_it,43,3,63724000,0,0,0,0,0,0,normal,synthetic
SYN_0066,freelancer_it,44,4,67910000,0,0,0,0,0,1,normal,synthetic
SYN_0066,freelancer_it,45,1,52189000,0,0,0,0,0,0,normal,synthetic
SYN_0066,freelancer_it,46,2,64636000,0,0,0,0,0,0,normal,synthetic
SYN_0066,freelancer_it,47,3,57950000,0,0,0,0,0,0,normal,synthetic
SYN_0066,freelancer_it,48,4,75956000,0,0,0,0,0,1,normal,synthetic
SYN_0066,freelancer_it,49,1,62999000,0,0,0,1,0,0,high_season,synthetic
SYN_0066,freelancer_it,50,2,86457000,0,0,0,1,0,0,high_season,synthetic
SYN_0066,freelancer_it,51,3,76322000,0,0,0,1,0,0,high_season,synthetic
SYN_0066,freelancer_it,52,4,90031000,0,0,0,1,0,1,high_season,synthetic
SYN_0067,freelancer_it,1,1,14227000,0,0,0,0,1,0,low_season,synthetic
SYN_0067,freelancer_it,2,2,16208000,0,0,0,0,1,0,low_season,synthetic
SYN_0067,freelancer_it,3,3,15910000,0,0,0,0,1,0,low_season,synthetic
SYN_0067,freelancer_it,4,4,22889000,0,0,0,0,1,1,low_season,synthetic
SYN_0067,freelancer_it,5,1,11888000,0,0,0,0,1,0,low_season,synthetic
SYN_0067,freelancer_it,6,2,13902000,0,0,0,0,1,0,low_season,synthetic
SYN_0067,freelancer_it,7,3,26364000,0,0,0,0,0,0,normal,synthetic
SYN_0067,freelancer_it,8,4,22546000,0,0,0,0,0,1,normal,synthetic
SYN_0067,freelancer_it,9,1,19347000,0,0,0,0,0,0,normal,synthetic
SYN_0067,freelancer_it,10,2,23999000,1,0,0,0,0,0,high_season,synthetic
SYN_0067,freelancer_it,11,3,30720000,1,0,0,0,0,0,high_season,synthetic
SYN_0067,freelancer_it,12,4,32722000,1,0,0,0,0,1,high_season,synthetic
SYN_0067,freelancer_it,13,1,21317000,1,0,0,0,0,0,high_season,synthetic
SYN_0067,freelancer_it,14,2,43443000,0,1,0,0,0,0,high_season,synthetic
SYN_0067,freelancer_it,15,3,17061000,0,0,1,0,0,0,low_season,synthetic
SYN_0067,freelancer_it,16,4,17301000,0,0,1,0,0,1,low_season,synthetic
SYN_0067,freelancer_it,17,1,21453000,0,0,0,0,0,0,normal,synthetic
SYN_0067,freelancer_it,18,2,26483000,0,0,0,0,0,0,normal,synthetic
SYN_0067,freelancer_it,19,3,23118000,0,0,0,0,0,0,normal,synthetic
SYN_0067,freelancer_it,20,4,26778000,0,0,0,0,0,1,normal,synthetic
SYN_0067,freelancer_it,21,1,19344000,0,0,0,0,0,0,normal,synthetic
SYN_0067,freelancer_it,22,2,22812000,0,0,0,0,0,0,normal,synthetic
SYN_0067,freelancer_it,23,3,19845000,0,0,0,0,0,0,normal,synthetic
SYN_0067,freelancer_it,24,4,24121000,0,0,0,0,0,1,normal,synthetic
SYN_0067,freelancer_it,25,1,20008000,0,0,0,0,0,0,normal,synthetic
SYN_0067,freelancer_it,26,2,19524000,0,0,0,0,0,0,normal,synthetic
SYN_0067,freelancer_it,27,3,19840000,0,0,0,0,0,0,normal,synthetic
SYN_0067,freelancer_it,28,4,25094000,0,0,0,0,0,1,normal,synthetic
SYN_0067,freelancer_it,29,1,21851000,0,0,0,0,0,0,normal,synthetic
SYN_0067,freelancer_it,30,2,17595000,0,0,0,0,0,0,normal,synthetic
SYN_0067,freelancer_it,31,3,23133000,0,0,0,0,0,0,normal,synthetic
SYN_0067,freelancer_it,32,4,27874000,0,0,0,0,0,1,normal,synthetic
SYN_0067,freelancer_it,33,1,20890000,0,0,0,0,0,0,normal,synthetic
SYN_0067,freelancer_it,34,2,18549000,0,0,0,0,0,0,normal,synthetic
SYN_0067,freelancer_it,35,3,15955000,0,0,0,0,0,0,normal,synthetic
SYN_0067,freelancer_it,36,4,27059000,0,0,0,0,0,1,normal,synthetic
SYN_0067,freelancer_it,37,1,19314000,0,0,0,0,0,0,normal,synthetic
SYN_0067,freelancer_it,38,2,23851000,0,0,0,0,0,0,normal,synthetic
SYN_0067,freelancer_it,39,3,18860000,0,0,0,0,0,0,normal,synthetic
SYN_0067,freelancer_it,40,4,27763000,0,0,0,0,0,1,normal,synthetic
SYN_0067,freelancer_it,41,1,21598000,0,0,0,0,0,0,normal,synthetic
SYN_0067,freelancer_it,42,2,20632000,0,0,0,0,0,0,normal,synthetic
SYN_0067,freelancer_it,43,3,22131000,0,0,0,0,0,0,normal,synthetic
SYN_0067,freelancer_it,44,4,26435000,0,0,0,0,0,1,normal,synthetic
SYN_0067,freelancer_it,45,1,16655000,0,0,0,0,0,0,normal,synthetic
SYN_0067,freelancer_it,46,2,22466000,0,0,0,0,0,0,normal,synthetic
SYN_0067,freelancer_it,47,3,25661000,0,0,0,0,0,0,normal,synthetic
SYN_0067,freelancer_it,48,4,25171000,0,0,0,0,0,1,normal,synthetic
SYN_0067,freelancer_it,49,1,19462000,0,0,0,1,0,0,high_season,synthetic
SYN_0067,freelancer_it,50,2,24569000,0,0,0,1,0,0,high_season,synthetic
SYN_0067,freelancer_it,51,3,20412000,0,0,0,1,0,0,high_season,synthetic
SYN_0067,freelancer_it,52,4,38513000,0,0,0,1,0,1,high_season,synthetic
SYN_0068,ojek_online,1,1,792000,0,0,0,0,1,0,low_season,synthetic
SYN_0068,ojek_online,2,2,988000,0,0,0,0,1,0,low_season,synthetic
SYN_0068,ojek_online,3,3,1135000,0,0,0,0,1,0,low_season,synthetic
SYN_0068,ojek_online,4,4,1186000,0,0,0,0,1,1,low_season,synthetic
SYN_0068,ojek_online,5,1,932000,0,0,0,0,1,0,low_season,synthetic
SYN_0068,ojek_online,6,2,1152000,0,0,0,0,1,0,low_season,synthetic
SYN_0068,ojek_online,7,3,1310000,0,0,0,0,0,0,normal,synthetic
SYN_0068,ojek_online,8,4,1546000,0,0,0,0,0,1,normal,synthetic
SYN_0068,ojek_online,9,1,1083000,0,0,0,0,0,0,normal,synthetic
SYN_0068,ojek_online,10,2,1889000,1,0,0,0,0,0,high_season,synthetic
SYN_0068,ojek_online,11,3,1789000,1,0,0,0,0,0,high_season,synthetic
SYN_0068,ojek_online,12,4,2289000,1,0,0,0,0,1,high_season,synthetic
SYN_0068,ojek_online,13,1,1542000,1,0,0,0,0,0,high_season,synthetic
SYN_0068,ojek_online,14,2,2145000,0,1,0,0,0,0,high_season,synthetic
SYN_0068,ojek_online,15,3,779000,0,0,1,0,0,0,low_season,synthetic
SYN_0068,ojek_online,16,4,1047000,0,0,1,0,0,1,low_season,synthetic
SYN_0068,ojek_online,17,1,1024000,0,0,0,0,0,0,normal,synthetic
SYN_0068,ojek_online,18,2,1095000,0,0,0,0,0,0,normal,synthetic
SYN_0068,ojek_online,19,3,1287000,0,0,0,0,0,0,normal,synthetic
SYN_0068,ojek_online,20,4,1537000,0,0,0,0,0,1,normal,synthetic
SYN_0068,ojek_online,21,1,1225000,0,0,0,0,0,0,normal,synthetic
SYN_0068,ojek_online,22,2,1191000,0,0,0,0,0,0,normal,synthetic
SYN_0068,ojek_online,23,3,1308000,0,0,0,0,0,0,normal,synthetic
SYN_0068,ojek_online,24,4,1594000,0,0,0,0,0,1,normal,synthetic
SYN_0068,ojek_online,25,1,1182000,0,0,0,0,0,0,normal,synthetic
SYN_0068,ojek_online,26,2,1135000,0,0,0,0,0,0,normal,synthetic
SYN_0068,ojek_online,27,3,1272000,0,0,0,0,0,0,normal,synthetic
SYN_0068,ojek_online,28,4,1563000,0,0,0,0,0,1,normal,synthetic
SYN_0068,ojek_online,29,1,1127000,0,0,0,0,0,0,normal,synthetic
SYN_0068,ojek_online,30,2,959000,0,0,0,0,0,0,normal,synthetic
SYN_0068,ojek_online,31,3,1274000,0,0,0,0,0,0,normal,synthetic
SYN_0068,ojek_online,32,4,1873000,0,0,0,0,0,1,normal,synthetic
SYN_0068,ojek_online,33,1,1081000,0,0,0,0,0,0,normal,synthetic
SYN_0068,ojek_online,34,2,1149000,0,0,0,0,0,0,normal,synthetic
SYN_0068,ojek_online,35,3,1303000,0,0,0,0,0,0,normal,synthetic
SYN_0068,ojek_online,36,4,1554000,0,0,0,0,0,1,normal,synthetic
SYN_0068,ojek_online,37,1,1276000,0,0,0,0,0,0,normal,synthetic
SYN_0068,ojek_online,38,2,1075000,0,0,0,0,0,0,normal,synthetic
SYN_0068,ojek_online,39,3,1354000,0,0,0,0,0,0,normal,synthetic
SYN_0068,ojek_online,40,4,1601000,0,0,0,0,0,1,normal,synthetic
SYN_0068,ojek_online,41,1,1108000,0,0,0,0,0,0,normal,synthetic
SYN_0068,ojek_online,42,2,1299000,0,0,0,0,0,0,normal,synthetic
SYN_0068,ojek_online,43,3,1395000,0,0,0,0,0,0,normal,synthetic
SYN_0068,ojek_online,44,4,1648000,0,0,0,0,0,1,normal,synthetic
SYN_0068,ojek_online,45,1,982000,0,0,0,0,0,0,normal,synthetic
SYN_0068,ojek_online,46,2,1366000,0,0,0,0,0,0,normal,synthetic
SYN_0068,ojek_online,47,3,1242000,0,0,0,0,0,0,normal,synthetic
SYN_0068,ojek_online,48,4,1514000,0,0,0,0,0,1,normal,synthetic
SYN_0068,ojek_online,49,1,1476000,0,0,0,1,0,0,high_season,synthetic
SYN_0068,ojek_online,50,2,1599000,0,0,0,1,0,0,high_season,synthetic
SYN_0068,ojek_online,51,3,1844000,0,0,0,1,0,0,high_season,synthetic
SYN_0068,ojek_online,52,4,1934000,0,0,0,1,0,1,high_season,synthetic
SYN_0069,kurir,1,1,863000,0,0,0,0,1,0,low_season,synthetic
SYN_0069,kurir,2,2,871000,0,0,0,0,1,0,low_season,synthetic
SYN_0069,kurir,3,3,1006000,0,0,0,0,1,0,low_season,synthetic
SYN_0069,kurir,4,4,1195000,0,0,0,0,1,1,low_season,synthetic
SYN_0069,kurir,5,1,1030000,0,0,0,0,1,0,low_season,synthetic
SYN_0069,kurir,6,2,913000,0,0,0,0,1,0,low_season,synthetic
SYN_0069,kurir,7,3,1397000,0,0,0,0,0,0,normal,synthetic
SYN_0069,kurir,8,4,1441000,0,0,0,0,0,1,normal,synthetic
SYN_0069,kurir,9,1,1081000,0,0,0,0,0,0,normal,synthetic
SYN_0069,kurir,10,2,1597000,1,0,0,0,0,0,high_season,synthetic
SYN_0069,kurir,11,3,1732000,1,0,0,0,0,0,high_season,synthetic
SYN_0069,kurir,12,4,2106000,1,0,0,0,0,1,high_season,synthetic
SYN_0069,kurir,13,1,1642000,1,0,0,0,0,0,high_season,synthetic
SYN_0069,kurir,14,2,1859000,0,1,0,0,0,0,high_season,synthetic
SYN_0069,kurir,15,3,914000,0,0,1,0,0,0,low_season,synthetic
SYN_0069,kurir,16,4,1007000,0,0,1,0,0,1,low_season,synthetic
SYN_0069,kurir,17,1,1102000,0,0,0,0,0,0,normal,synthetic
SYN_0069,kurir,18,2,1140000,0,0,0,0,0,0,normal,synthetic
SYN_0069,kurir,19,3,1067000,0,0,0,0,0,0,normal,synthetic
SYN_0069,kurir,20,4,1404000,0,0,0,0,0,1,normal,synthetic
SYN_0069,kurir,21,1,1063000,0,0,0,0,0,0,normal,synthetic
SYN_0069,kurir,22,2,1021000,0,0,0,0,0,0,normal,synthetic
SYN_0069,kurir,23,3,1243000,0,0,0,0,0,0,normal,synthetic
SYN_0069,kurir,24,4,1517000,0,0,0,0,0,1,normal,synthetic
SYN_0069,kurir,25,1,979000,0,0,0,0,0,0,normal,synthetic
SYN_0069,kurir,26,2,1058000,0,0,0,0,0,0,normal,synthetic
SYN_0069,kurir,27,3,1131000,0,0,0,0,0,0,normal,synthetic
SYN_0069,kurir,28,4,1398000,0,0,0,0,0,1,normal,synthetic
SYN_0069,kurir,29,1,1022000,0,0,0,0,0,0,normal,synthetic
SYN_0069,kurir,30,2,1156000,0,0,0,0,0,0,normal,synthetic
SYN_0069,kurir,31,3,1185000,0,0,0,0,0,0,normal,synthetic
SYN_0069,kurir,32,4,1227000,0,0,0,0,0,1,normal,synthetic
SYN_0069,kurir,33,1,931000,0,0,0,0,0,0,normal,synthetic
SYN_0069,kurir,34,2,884000,0,0,0,0,0,0,normal,synthetic
SYN_0069,kurir,35,3,1259000,0,0,0,0,0,0,normal,synthetic
SYN_0069,kurir,36,4,1397000,0,0,0,0,0,1,normal,synthetic
SYN_0069,kurir,37,1,1142000,0,0,0,0,0,0,normal,synthetic
SYN_0069,kurir,38,2,1046000,0,0,0,0,0,0,normal,synthetic
SYN_0069,kurir,39,3,1165000,0,0,0,0,0,0,normal,synthetic
SYN_0069,kurir,40,4,1421000,0,0,0,0,0,1,normal,synthetic
SYN_0069,kurir,41,1,994000,0,0,0,0,0,0,normal,synthetic
SYN_0069,kurir,42,2,1003000,0,0,0,0,0,0,normal,synthetic
SYN_0069,kurir,43,3,1341000,0,0,0,0,0,0,normal,synthetic
SYN_0069,kurir,44,4,1566000,0,0,0,0,0,1,normal,synthetic
SYN_0069,kurir,45,1,1011000,0,0,0,0,0,0,normal,synthetic
SYN_0069,kurir,46,2,1214000,0,0,0,0,0,0,normal,synthetic
SYN_0069,kurir,47,3,1113000,0,0,0,0,0,0,normal,synthetic
SYN_0069,kurir,48,4,1273000,0,0,0,0,0,1,normal,synthetic
SYN_0069,kurir,49,1,1578000,0,0,0,1,0,0,high_season,synthetic
SYN_0069,kurir,50,2,1291000,0,0,0,1,0,0,high_season,synthetic
SYN_0069,kurir,51,3,1473000,0,0,0,1,0,0,high_season,synthetic
SYN_0069,kurir,52,4,1827000,0,0,0,1,0,1,high_season,synthetic
SYN_0070,kurir,1,1,1166000,0,0,0,0,1,0,low_season,synthetic
SYN_0070,kurir,2,2,1198000,0,0,0,0,1,0,low_season,synthetic
SYN_0070,kurir,3,3,1162000,0,0,0,0,1,0,low_season,synthetic
SYN_0070,kurir,4,4,1433000,0,0,0,0,1,1,low_season,synthetic
SYN_0070,kurir,5,1,1054000,0,0,0,0,1,0,low_season,synthetic
SYN_0070,kurir,6,2,1067000,0,0,0,0,1,0,low_season,synthetic
SYN_0070,kurir,7,3,1335000,0,0,0,0,0,0,normal,synthetic
SYN_0070,kurir,8,4,1788000,0,0,0,0,0,1,normal,synthetic
SYN_0070,kurir,9,1,1318000,0,0,0,0,0,0,normal,synthetic
SYN_0070,kurir,10,2,2096000,1,0,0,0,0,0,high_season,synthetic
SYN_0070,kurir,11,3,1885000,1,0,0,0,0,0,high_season,synthetic
SYN_0070,kurir,12,4,2439000,1,0,0,0,0,1,high_season,synthetic
SYN_0070,kurir,13,1,1503000,1,0,0,0,0,0,high_season,synthetic
SYN_0070,kurir,14,2,2532000,0,1,0,0,0,0,high_season,synthetic
SYN_0070,kurir,15,3,1123000,0,0,1,0,0,0,low_season,synthetic
SYN_0070,kurir,16,4,1041000,0,0,1,0,0,1,low_season,synthetic
SYN_0070,kurir,17,1,1216000,0,0,0,0,0,0,normal,synthetic
SYN_0070,kurir,18,2,1466000,0,0,0,0,0,0,normal,synthetic
SYN_0070,kurir,19,3,1582000,0,0,0,0,0,0,normal,synthetic
SYN_0070,kurir,20,4,1642000,0,0,0,0,0,1,normal,synthetic
SYN_0070,kurir,21,1,1204000,0,0,0,0,0,0,normal,synthetic
SYN_0070,kurir,22,2,1178000,0,0,0,0,0,0,normal,synthetic
SYN_0070,kurir,23,3,1438000,0,0,0,0,0,0,normal,synthetic
SYN_0070,kurir,24,4,2017000,0,0,0,0,0,1,normal,synthetic
SYN_0070,kurir,25,1,1313000,0,0,0,0,0,0,normal,synthetic
SYN_0070,kurir,26,2,1422000,0,0,0,0,0,0,normal,synthetic
SYN_0070,kurir,27,3,1465000,0,0,0,0,0,0,normal,synthetic
SYN_0070,kurir,28,4,1708000,0,0,0,0,0,1,normal,synthetic
SYN_0070,kurir,29,1,1190000,0,0,0,0,0,0,normal,synthetic
SYN_0070,kurir,30,2,1528000,0,0,0,0,0,0,normal,synthetic
SYN_0070,kurir,31,3,1453000,0,0,0,0,0,0,normal,synthetic
SYN_0070,kurir,32,4,1712000,0,0,0,0,0,1,normal,synthetic
SYN_0070,kurir,33,1,1172000,0,0,0,0,0,0,normal,synthetic
SYN_0070,kurir,34,2,1588000,0,0,0,0,0,0,normal,synthetic
SYN_0070,kurir,35,3,1508000,0,0,0,0,0,0,normal,synthetic
SYN_0070,kurir,36,4,1626000,0,0,0,0,0,1,normal,synthetic
SYN_0070,kurir,37,1,1395000,0,0,0,0,0,0,normal,synthetic
SYN_0070,kurir,38,2,1362000,0,0,0,0,0,0,normal,synthetic
SYN_0070,kurir,39,3,1327000,0,0,0,0,0,0,normal,synthetic
SYN_0070,kurir,40,4,1595000,0,0,0,0,0,1,normal,synthetic
SYN_0070,kurir,41,1,1082000,0,0,0,0,0,0,normal,synthetic
SYN_0070,kurir,42,2,1484000,0,0,0,0,0,0,normal,synthetic
SYN_0070,kurir,43,3,1195000,0,0,0,0,0,0,normal,synthetic
SYN_0070,kurir,44,4,1525000,0,0,0,0,0,1,normal,synthetic
SYN_0070,kurir,45,1,1048000,0,0,0,0,0,0,normal,synthetic
SYN_0070,kurir,46,2,1414000,0,0,0,0,0,0,normal,synthetic
SYN_0070,kurir,47,3,1406000,0,0,0,0,0,0,normal,synthetic
SYN_0070,kurir,48,4,1660000,0,0,0,0,0,1,normal,synthetic
SYN_0070,kurir,49,1,1514000,0,0,0,1,0,0,high_season,synthetic
SYN_0070,kurir,50,2,1661000,0,0,0,1,0,0,high_season,synthetic
SYN_0070,kurir,51,3,1928000,0,0,0,1,0,0,high_season,synthetic
SYN_0070,kurir,52,4,2115000,0,0,0,1,0,1,high_season,synthetic
SYN_0071,ojek_online,1,1,744000,0,0,0,0,1,0,low_season,synthetic
SYN_0071,ojek_online,2,2,842000,0,0,0,0,1,0,low_season,synthetic
SYN_0071,ojek_online,3,3,757000,0,0,0,0,1,0,low_season,synthetic
SYN_0071,ojek_online,4,4,872000,0,0,0,0,1,1,low_season,synthetic
SYN_0071,ojek_online,5,1,725000,0,0,0,0,1,0,low_season,synthetic
SYN_0071,ojek_online,6,2,780000,0,0,0,0,1,0,low_season,synthetic
SYN_0071,ojek_online,7,3,963000,0,0,0,0,0,0,normal,synthetic
SYN_0071,ojek_online,8,4,1325000,0,0,0,0,0,1,normal,synthetic
SYN_0071,ojek_online,9,1,852000,0,0,0,0,0,0,normal,synthetic
SYN_0071,ojek_online,10,2,1265000,1,0,0,0,0,0,high_season,synthetic
SYN_0071,ojek_online,11,3,1226000,1,0,0,0,0,0,high_season,synthetic
SYN_0071,ojek_online,12,4,1479000,1,0,0,0,0,1,high_season,synthetic
SYN_0071,ojek_online,13,1,1025000,1,0,0,0,0,0,high_season,synthetic
SYN_0071,ojek_online,14,2,1816000,0,1,0,0,0,0,high_season,synthetic
SYN_0071,ojek_online,15,3,493000,0,0,1,0,0,0,low_season,synthetic
SYN_0071,ojek_online,16,4,832000,0,0,1,0,0,1,low_season,synthetic
SYN_0071,ojek_online,17,1,763000,0,0,0,0,0,0,normal,synthetic
SYN_0071,ojek_online,18,2,885000,0,0,0,0,0,0,normal,synthetic
SYN_0071,ojek_online,19,3,845000,0,0,0,0,0,0,normal,synthetic
SYN_0071,ojek_online,20,4,1310000,0,0,0,0,0,1,normal,synthetic
SYN_0071,ojek_online,21,1,847000,0,0,0,0,0,0,normal,synthetic
SYN_0071,ojek_online,22,2,1023000,0,0,0,0,0,0,normal,synthetic
SYN_0071,ojek_online,23,3,1076000,0,0,0,0,0,0,normal,synthetic
SYN_0071,ojek_online,24,4,1148000,0,0,0,0,0,1,normal,synthetic
SYN_0071,ojek_online,25,1,732000,0,0,0,0,0,0,normal,synthetic
SYN_0071,ojek_online,26,2,916000,0,0,0,0,0,0,normal,synthetic
SYN_0071,ojek_online,27,3,861000,0,0,0,0,0,0,normal,synthetic
SYN_0071,ojek_online,28,4,1064000,0,0,0,0,0,1,normal,synthetic
SYN_0071,ojek_online,29,1,836000,0,0,0,0,0,0,normal,synthetic
SYN_0071,ojek_online,30,2,925000,0,0,0,0,0,0,normal,synthetic
SYN_0071,ojek_online,31,3,983000,0,0,0,0,0,0,normal,synthetic
SYN_0071,ojek_online,32,4,1198000,0,0,0,0,0,1,normal,synthetic
SYN_0071,ojek_online,33,1,833000,0,0,0,0,0,0,normal,synthetic
SYN_0071,ojek_online,34,2,982000,0,0,0,0,0,0,normal,synthetic
SYN_0071,ojek_online,35,3,882000,0,0,0,0,0,0,normal,synthetic
SYN_0071,ojek_online,36,4,1293000,0,0,0,0,0,1,normal,synthetic
SYN_0071,ojek_online,37,1,792000,0,0,0,0,0,0,normal,synthetic
SYN_0071,ojek_online,38,2,1065000,0,0,0,0,0,0,normal,synthetic
SYN_0071,ojek_online,39,3,784000,0,0,0,0,0,0,normal,synthetic
SYN_0071,ojek_online,40,4,1079000,0,0,0,0,0,1,normal,synthetic
SYN_0071,ojek_online,41,1,814000,0,0,0,0,0,0,normal,synthetic
SYN_0071,ojek_online,42,2,969000,0,0,0,0,0,0,normal,synthetic
SYN_0071,ojek_online,43,3,1030000,0,0,0,0,0,0,normal,synthetic
SYN_0071,ojek_online,44,4,970000,0,0,0,0,0,1,normal,synthetic
SYN_0071,ojek_online,45,1,741000,0,0,0,0,0,0,normal,synthetic
SYN_0071,ojek_online,46,2,792000,0,0,0,0,0,0,normal,synthetic
SYN_0071,ojek_online,47,3,1078000,0,0,0,0,0,0,normal,synthetic
SYN_0071,ojek_online,48,4,1165000,0,0,0,0,0,1,normal,synthetic
SYN_0071,ojek_online,49,1,966000,0,0,0,1,0,0,high_season,synthetic
SYN_0071,ojek_online,50,2,1161000,0,0,0,1,0,0,high_season,synthetic
SYN_0071,ojek_online,51,3,1383000,0,0,0,1,0,0,high_season,synthetic
SYN_0071,ojek_online,52,4,1420000,0,0,0,1,0,1,high_season,synthetic
SYN_0072,ojek_online,1,1,886000,0,0,0,0,1,0,low_season,synthetic
SYN_0072,ojek_online,2,2,751000,0,0,0,0,1,0,low_season,synthetic
SYN_0072,ojek_online,3,3,1047000,0,0,0,0,1,0,low_season,synthetic
SYN_0072,ojek_online,4,4,1163000,0,0,0,0,1,1,low_season,synthetic
SYN_0072,ojek_online,5,1,896000,0,0,0,0,1,0,low_season,synthetic
SYN_0072,ojek_online,6,2,841000,0,0,0,0,1,0,low_season,synthetic
SYN_0072,ojek_online,7,3,1026000,0,0,0,0,0,0,normal,synthetic
SYN_0072,ojek_online,8,4,1051000,0,0,0,0,0,1,normal,synthetic
SYN_0072,ojek_online,9,1,884000,0,0,0,0,0,0,normal,synthetic
SYN_0072,ojek_online,10,2,1597000,1,0,0,0,0,0,high_season,synthetic
SYN_0072,ojek_online,11,3,1733000,1,0,0,0,0,0,high_season,synthetic
SYN_0072,ojek_online,12,4,1591000,1,0,0,0,0,1,high_season,synthetic
SYN_0072,ojek_online,13,1,1306000,1,0,0,0,0,0,high_season,synthetic
SYN_0072,ojek_online,14,2,1796000,0,1,0,0,0,0,high_season,synthetic
SYN_0072,ojek_online,15,3,616000,0,0,1,0,0,0,low_season,synthetic
SYN_0072,ojek_online,16,4,935000,0,0,1,0,0,1,low_season,synthetic
SYN_0072,ojek_online,17,1,863000,0,0,0,0,0,0,normal,synthetic
SYN_0072,ojek_online,18,2,1021000,0,0,0,0,0,0,normal,synthetic
SYN_0072,ojek_online,19,3,991000,0,0,0,0,0,0,normal,synthetic
SYN_0072,ojek_online,20,4,1142000,0,0,0,0,0,1,normal,synthetic
SYN_0072,ojek_online,21,1,939000,0,0,0,0,0,0,normal,synthetic
SYN_0072,ojek_online,22,2,1019000,0,0,0,0,0,0,normal,synthetic
SYN_0072,ojek_online,23,3,1000000,0,0,0,0,0,0,normal,synthetic
SYN_0072,ojek_online,24,4,1150000,0,0,0,0,0,1,normal,synthetic
SYN_0072,ojek_online,25,1,973000,0,0,0,0,0,0,normal,synthetic
SYN_0072,ojek_online,26,2,1237000,0,0,0,0,0,0,normal,synthetic
SYN_0072,ojek_online,27,3,1060000,0,0,0,0,0,0,normal,synthetic
SYN_0072,ojek_online,28,4,1392000,0,0,0,0,0,1,normal,synthetic
SYN_0072,ojek_online,29,1,793000,0,0,0,0,0,0,normal,synthetic
SYN_0072,ojek_online,30,2,1062000,0,0,0,0,0,0,normal,synthetic
SYN_0072,ojek_online,31,3,915000,0,0,0,0,0,0,normal,synthetic
SYN_0072,ojek_online,32,4,1045000,0,0,0,0,0,1,normal,synthetic
SYN_0072,ojek_online,33,1,862000,0,0,0,0,0,0,normal,synthetic
SYN_0072,ojek_online,34,2,1183000,0,0,0,0,0,0,normal,synthetic
SYN_0072,ojek_online,35,3,1155000,0,0,0,0,0,0,normal,synthetic
SYN_0072,ojek_online,36,4,1287000,0,0,0,0,0,1,normal,synthetic
SYN_0072,ojek_online,37,1,778000,0,0,0,0,0,0,normal,synthetic
SYN_0072,ojek_online,38,2,1021000,0,0,0,0,0,0,normal,synthetic
SYN_0072,ojek_online,39,3,1079000,0,0,0,0,0,0,normal,synthetic
SYN_0072,ojek_online,40,4,1277000,0,0,0,0,0,1,normal,synthetic
SYN_0072,ojek_online,41,1,745000,0,0,0,0,0,0,normal,synthetic
SYN_0072,ojek_online,42,2,940000,0,0,0,0,0,0,normal,synthetic
SYN_0072,ojek_online,43,3,1036000,0,0,0,0,0,0,normal,synthetic
SYN_0072,ojek_online,44,4,1328000,0,0,0,0,0,1,normal,synthetic
SYN_0072,ojek_online,45,1,708000,0,0,0,0,0,0,normal,synthetic
SYN_0072,ojek_online,46,2,1025000,0,0,0,0,0,0,normal,synthetic
SYN_0072,ojek_online,47,3,1060000,0,0,0,0,0,0,normal,synthetic
SYN_0072,ojek_online,48,4,1372000,0,0,0,0,0,1,normal,synthetic
SYN_0072,ojek_online,49,1,1316000,0,0,0,1,0,0,high_season,synthetic
SYN_0072,ojek_online,50,2,1445000,0,0,0,1,0,0,high_season,synthetic
SYN_0072,ojek_online,51,3,1235000,0,0,0,1,0,0,high_season,synthetic
SYN_0072,ojek_online,52,4,1280000,0,0,0,1,0,1,high_season,synthetic
SYN_0073,content_creator,1,1,46913000,0,0,0,0,1,0,low_season,synthetic
SYN_0073,content_creator,2,2,59578000,0,0,0,0,1,0,low_season,synthetic
SYN_0073,content_creator,3,3,63871000,0,0,0,0,1,0,low_season,synthetic
SYN_0073,content_creator,4,4,79314000,0,0,0,0,1,1,low_season,synthetic
SYN_0073,content_creator,5,1,57954000,0,0,0,0,1,0,low_season,synthetic
SYN_0073,content_creator,6,2,54446000,0,0,0,0,1,0,low_season,synthetic
SYN_0073,content_creator,7,3,81547000,0,0,0,0,0,0,normal,synthetic
SYN_0073,content_creator,8,4,79930000,0,0,0,0,0,1,normal,synthetic
SYN_0073,content_creator,9,1,55040000,0,0,0,0,0,0,normal,synthetic
SYN_0073,content_creator,10,2,88937000,1,0,0,0,0,0,high_season,synthetic
SYN_0073,content_creator,11,3,133293000,1,0,0,0,0,0,high_season,synthetic
SYN_0073,content_creator,12,4,102720000,1,0,0,0,0,1,high_season,synthetic
SYN_0073,content_creator,13,1,109587000,1,0,0,0,0,0,high_season,synthetic
SYN_0073,content_creator,14,2,94865000,0,1,0,0,0,0,high_season,synthetic
SYN_0073,content_creator,15,3,51882000,0,0,1,0,0,0,low_season,synthetic
SYN_0073,content_creator,16,4,60293000,0,0,1,0,0,1,low_season,synthetic
SYN_0073,content_creator,17,1,79215000,0,0,0,0,0,0,normal,synthetic
SYN_0073,content_creator,18,2,60108000,0,0,0,0,0,0,normal,synthetic
SYN_0073,content_creator,19,3,56720000,0,0,0,0,0,0,normal,synthetic
SYN_0073,content_creator,20,4,80046000,0,0,0,0,0,1,normal,synthetic
SYN_0073,content_creator,21,1,79696000,0,0,0,0,0,0,normal,synthetic
SYN_0073,content_creator,22,2,57291000,0,0,0,0,0,0,normal,synthetic
SYN_0073,content_creator,23,3,36389000,0,0,0,0,0,0,normal,synthetic
SYN_0073,content_creator,24,4,82640000,0,0,0,0,0,1,normal,synthetic
SYN_0073,content_creator,25,1,71801000,0,0,0,0,0,0,normal,synthetic
SYN_0073,content_creator,26,2,55701000,0,0,0,0,0,0,normal,synthetic
SYN_0073,content_creator,27,3,78533000,0,0,0,0,0,0,normal,synthetic
SYN_0073,content_creator,28,4,66515000,0,0,0,0,0,1,normal,synthetic
SYN_0073,content_creator,29,1,59703000,0,0,0,0,0,0,normal,synthetic
SYN_0073,content_creator,30,2,77365000,0,0,0,0,0,0,normal,synthetic
SYN_0073,content_creator,31,3,53571000,0,0,0,0,0,0,normal,synthetic
SYN_0073,content_creator,32,4,84432000,0,0,0,0,0,1,normal,synthetic
SYN_0073,content_creator,33,1,74731000,0,0,0,0,0,0,normal,synthetic
SYN_0073,content_creator,34,2,73946000,0,0,0,0,0,0,normal,synthetic
SYN_0073,content_creator,35,3,59296000,0,0,0,0,0,0,normal,synthetic
SYN_0073,content_creator,36,4,104112000,0,0,0,0,0,1,normal,synthetic
SYN_0073,content_creator,37,1,68588000,0,0,0,0,0,0,normal,synthetic
SYN_0073,content_creator,38,2,45317000,0,0,0,0,0,0,normal,synthetic
SYN_0073,content_creator,39,3,78733000,0,0,0,0,0,0,normal,synthetic
SYN_0073,content_creator,40,4,73352000,0,0,0,0,0,1,normal,synthetic
SYN_0073,content_creator,41,1,63490000,0,0,0,0,0,0,normal,synthetic
SYN_0073,content_creator,42,2,80496000,0,0,0,0,0,0,normal,synthetic
SYN_0073,content_creator,43,3,61394000,0,0,0,0,0,0,normal,synthetic
SYN_0073,content_creator,44,4,57543000,0,0,0,0,0,1,normal,synthetic
SYN_0073,content_creator,45,1,77938000,0,0,0,0,0,0,normal,synthetic
SYN_0073,content_creator,46,2,82417000,0,0,0,0,0,0,normal,synthetic
SYN_0073,content_creator,47,3,67064000,0,0,0,0,0,0,normal,synthetic
SYN_0073,content_creator,48,4,94321000,0,0,0,0,0,1,normal,synthetic
SYN_0073,content_creator,49,1,74416000,0,0,0,1,0,0,high_season,synthetic
SYN_0073,content_creator,50,2,90120000,0,0,0,1,0,0,high_season,synthetic
SYN_0073,content_creator,51,3,86274000,0,0,0,1,0,0,high_season,synthetic
SYN_0073,content_creator,52,4,99996000,0,0,0,1,0,1,high_season,synthetic
SYN_0074,kurir,1,1,933000,0,0,0,0,1,0,low_season,synthetic
SYN_0074,kurir,2,2,919000,0,0,0,0,1,0,low_season,synthetic
SYN_0074,kurir,3,3,1182000,0,0,0,0,1,0,low_season,synthetic
SYN_0074,kurir,4,4,1249000,0,0,0,0,1,1,low_season,synthetic
SYN_0074,kurir,5,1,847000,0,0,0,0,1,0,low_season,synthetic
SYN_0074,kurir,6,2,938000,0,0,0,0,1,0,low_season,synthetic
SYN_0074,kurir,7,3,1157000,0,0,0,0,0,0,normal,synthetic
SYN_0074,kurir,8,4,1370000,0,0,0,0,0,1,normal,synthetic
SYN_0074,kurir,9,1,1153000,0,0,0,0,0,0,normal,synthetic
SYN_0074,kurir,10,2,1719000,1,0,0,0,0,0,high_season,synthetic
SYN_0074,kurir,11,3,1582000,1,0,0,0,0,0,high_season,synthetic
SYN_0074,kurir,12,4,2367000,1,0,0,0,0,1,high_season,synthetic
SYN_0074,kurir,13,1,1529000,1,0,0,0,0,0,high_season,synthetic
SYN_0074,kurir,14,2,2179000,0,1,0,0,0,0,high_season,synthetic
SYN_0074,kurir,15,3,773000,0,0,1,0,0,0,low_season,synthetic
SYN_0074,kurir,16,4,1011000,0,0,1,0,0,1,low_season,synthetic
SYN_0074,kurir,17,1,1078000,0,0,0,0,0,0,normal,synthetic
SYN_0074,kurir,18,2,972000,0,0,0,0,0,0,normal,synthetic
SYN_0074,kurir,19,3,1373000,0,0,0,0,0,0,normal,synthetic
SYN_0074,kurir,20,4,1559000,0,0,0,0,0,1,normal,synthetic
SYN_0074,kurir,21,1,1013000,0,0,0,0,0,0,normal,synthetic
SYN_0074,kurir,22,2,1053000,0,0,0,0,0,0,normal,synthetic
SYN_0074,kurir,23,3,1202000,0,0,0,0,0,0,normal,synthetic
SYN_0074,kurir,24,4,1410000,0,0,0,0,0,1,normal,synthetic
SYN_0074,kurir,25,1,1083000,0,0,0,0,0,0,normal,synthetic
SYN_0074,kurir,26,2,1186000,0,0,0,0,0,0,normal,synthetic
SYN_0074,kurir,27,3,1218000,0,0,0,0,0,0,normal,synthetic
SYN_0074,kurir,28,4,1578000,0,0,0,0,0,1,normal,synthetic
SYN_0074,kurir,29,1,1102000,0,0,0,0,0,0,normal,synthetic
SYN_0074,kurir,30,2,1059000,0,0,0,0,0,0,normal,synthetic
SYN_0074,kurir,31,3,1306000,0,0,0,0,0,0,normal,synthetic
SYN_0074,kurir,32,4,1602000,0,0,0,0,0,1,normal,synthetic
SYN_0074,kurir,33,1,1341000,0,0,0,0,0,0,normal,synthetic
SYN_0074,kurir,34,2,1051000,0,0,0,0,0,0,normal,synthetic
SYN_0074,kurir,35,3,1191000,0,0,0,0,0,0,normal,synthetic
SYN_0074,kurir,36,4,1143000,0,0,0,0,0,1,normal,synthetic
SYN_0074,kurir,37,1,1101000,0,0,0,0,0,0,normal,synthetic
SYN_0074,kurir,38,2,1110000,0,0,0,0,0,0,normal,synthetic
SYN_0074,kurir,39,3,1364000,0,0,0,0,0,0,normal,synthetic
SYN_0074,kurir,40,4,1304000,0,0,0,0,0,1,normal,synthetic
SYN_0074,kurir,41,1,894000,0,0,0,0,0,0,normal,synthetic
SYN_0074,kurir,42,2,1118000,0,0,0,0,0,0,normal,synthetic
SYN_0074,kurir,43,3,964000,0,0,0,0,0,0,normal,synthetic
SYN_0074,kurir,44,4,1492000,0,0,0,0,0,1,normal,synthetic
SYN_0074,kurir,45,1,859000,0,0,0,0,0,0,normal,synthetic
SYN_0074,kurir,46,2,1169000,0,0,0,0,0,0,normal,synthetic
SYN_0074,kurir,47,3,953000,0,0,0,0,0,0,normal,synthetic
SYN_0074,kurir,48,4,1360000,0,0,0,0,0,1,normal,synthetic
SYN_0074,kurir,49,1,1562000,0,0,0,1,0,0,high_season,synthetic
SYN_0074,kurir,50,2,1564000,0,0,0,1,0,0,high_season,synthetic
SYN_0074,kurir,51,3,1401000,0,0,0,1,0,0,high_season,synthetic
SYN_0074,kurir,52,4,1814000,0,0,0,1,0,1,high_season,synthetic
SYN_0075,jualan_online,1,1,68506000,0,0,0,0,1,0,low_season,synthetic
SYN_0075,jualan_online,2,2,71949000,0,0,0,0,1,0,low_season,synthetic
SYN_0075,jualan_online,3,3,58879000,0,0,0,0,1,0,low_season,synthetic
SYN_0075,jualan_online,4,4,79413000,0,0,0,0,1,1,low_season,synthetic
SYN_0075,jualan_online,5,1,64544000,0,0,0,0,1,0,low_season,synthetic
SYN_0075,jualan_online,6,2,66574000,0,0,0,0,1,0,low_season,synthetic
SYN_0075,jualan_online,7,3,79403000,0,0,0,0,0,0,normal,synthetic
SYN_0075,jualan_online,8,4,122244000,0,0,0,0,0,1,normal,synthetic
SYN_0075,jualan_online,9,1,77373000,0,0,0,0,0,0,normal,synthetic
SYN_0075,jualan_online,10,2,125989000,1,0,0,0,0,0,high_season,synthetic
SYN_0075,jualan_online,11,3,114176000,1,0,0,0,0,0,high_season,synthetic
SYN_0075,jualan_online,12,4,170137000,1,0,0,0,0,1,high_season,synthetic
SYN_0075,jualan_online,13,1,108952000,1,0,0,0,0,0,high_season,synthetic
SYN_0075,jualan_online,14,2,140558000,0,1,0,0,0,0,high_season,synthetic
SYN_0075,jualan_online,15,3,48596000,0,0,1,0,0,0,low_season,synthetic
SYN_0075,jualan_online,16,4,71438000,0,0,1,0,0,1,low_season,synthetic
SYN_0075,jualan_online,17,1,71998000,0,0,0,0,0,0,normal,synthetic
SYN_0075,jualan_online,18,2,102992000,0,0,0,0,0,0,normal,synthetic
SYN_0075,jualan_online,19,3,104630000,0,0,0,0,0,0,normal,synthetic
SYN_0075,jualan_online,20,4,87569000,0,0,0,0,0,1,normal,synthetic
SYN_0075,jualan_online,21,1,66723000,0,0,0,0,0,0,normal,synthetic
SYN_0075,jualan_online,22,2,82833000,0,0,0,0,0,0,normal,synthetic
SYN_0075,jualan_online,23,3,77284000,0,0,0,0,0,0,normal,synthetic
SYN_0075,jualan_online,24,4,105491000,0,0,0,0,0,1,normal,synthetic
SYN_0075,jualan_online,25,1,74084000,0,0,0,0,0,0,normal,synthetic
SYN_0075,jualan_online,26,2,88558000,0,0,0,0,0,0,normal,synthetic
SYN_0075,jualan_online,27,3,96120000,0,0,0,0,0,0,normal,synthetic
SYN_0075,jualan_online,28,4,89679000,0,0,0,0,0,1,normal,synthetic
SYN_0075,jualan_online,29,1,86315000,0,0,0,0,0,0,normal,synthetic
SYN_0075,jualan_online,30,2,78182000,0,0,0,0,0,0,normal,synthetic
SYN_0075,jualan_online,31,3,107762000,0,0,0,0,0,0,normal,synthetic
SYN_0075,jualan_online,32,4,122806000,0,0,0,0,0,1,normal,synthetic
SYN_0075,jualan_online,33,1,76060000,0,0,0,0,0,0,normal,synthetic
SYN_0075,jualan_online,34,2,75767000,0,0,0,0,0,0,normal,synthetic
SYN_0075,jualan_online,35,3,73801000,0,0,0,0,0,0,normal,synthetic
SYN_0075,jualan_online,36,4,113586000,0,0,0,0,0,1,normal,synthetic
SYN_0075,jualan_online,37,1,76825000,0,0,0,0,0,0,normal,synthetic
SYN_0075,jualan_online,38,2,95203000,0,0,0,0,0,0,normal,synthetic
SYN_0075,jualan_online,39,3,108335000,0,0,0,0,0,0,normal,synthetic
SYN_0075,jualan_online,40,4,93304000,0,0,0,0,0,1,normal,synthetic
SYN_0075,jualan_online,41,1,65724000,0,0,0,0,0,0,normal,synthetic
SYN_0075,jualan_online,42,2,87653000,0,0,0,0,0,0,normal,synthetic
SYN_0075,jualan_online,43,3,97443000,0,0,0,0,0,0,normal,synthetic
SYN_0075,jualan_online,44,4,91206000,0,0,0,0,0,1,normal,synthetic
SYN_0075,jualan_online,45,1,77427000,0,0,0,0,0,0,normal,synthetic
SYN_0075,jualan_online,46,2,99759000,0,0,0,0,0,0,normal,synthetic
SYN_0075,jualan_online,47,3,68886000,0,0,0,0,0,0,normal,synthetic
SYN_0075,jualan_online,48,4,105711000,0,0,0,0,0,1,normal,synthetic
SYN_0075,jualan_online,49,1,93741000,0,0,0,1,0,0,high_season,synthetic
SYN_0075,jualan_online,50,2,113035000,0,0,0,1,0,0,high_season,synthetic
SYN_0075,jualan_online,51,3,120862000,0,0,0,1,0,0,high_season,synthetic
SYN_0075,jualan_online,52,4,137192000,0,0,0,1,0,1,high_season,synthetic
SYN_0076,freelancer_desain,1,1,12337000,0,0,0,0,1,0,low_season,synthetic
SYN_0076,freelancer_desain,2,2,11429000,0,0,0,0,1,0,low_season,synthetic
SYN_0076,freelancer_desain,3,3,13305000,0,0,0,0,1,0,low_season,synthetic
SYN_0076,freelancer_desain,4,4,14893000,0,0,0,0,1,1,low_season,synthetic
SYN_0076,freelancer_desain,5,1,9065000,0,0,0,0,1,0,low_season,synthetic
SYN_0076,freelancer_desain,6,2,12485000,0,0,0,0,1,0,low_season,synthetic
SYN_0076,freelancer_desain,7,3,11758000,0,0,0,0,0,0,normal,synthetic
SYN_0076,freelancer_desain,8,4,15073000,0,0,0,0,0,1,normal,synthetic
SYN_0076,freelancer_desain,9,1,12959000,0,0,0,0,0,0,normal,synthetic
SYN_0076,freelancer_desain,10,2,21229000,1,0,0,0,0,0,high_season,synthetic
SYN_0076,freelancer_desain,11,3,16409000,1,0,0,0,0,0,high_season,synthetic
SYN_0076,freelancer_desain,12,4,28419000,1,0,0,0,0,1,high_season,synthetic
SYN_0076,freelancer_desain,13,1,19908000,1,0,0,0,0,0,high_season,synthetic
SYN_0076,freelancer_desain,14,2,21700000,0,1,0,0,0,0,high_season,synthetic
SYN_0076,freelancer_desain,15,3,7376000,0,0,1,0,0,0,low_season,synthetic
SYN_0076,freelancer_desain,16,4,11468000,0,0,1,0,0,1,low_season,synthetic
SYN_0076,freelancer_desain,17,1,11681000,0,0,0,0,0,0,normal,synthetic
SYN_0076,freelancer_desain,18,2,14229000,0,0,0,0,0,0,normal,synthetic
SYN_0076,freelancer_desain,19,3,13164000,0,0,0,0,0,0,normal,synthetic
SYN_0076,freelancer_desain,20,4,11384000,0,0,0,0,0,1,normal,synthetic
SYN_0076,freelancer_desain,21,1,11797000,0,0,0,0,0,0,normal,synthetic
SYN_0076,freelancer_desain,22,2,13293000,0,0,0,0,0,0,normal,synthetic
SYN_0076,freelancer_desain,23,3,15393000,0,0,0,0,0,0,normal,synthetic
SYN_0076,freelancer_desain,24,4,14898000,0,0,0,0,0,1,normal,synthetic
SYN_0076,freelancer_desain,25,1,15957000,0,0,0,0,0,0,normal,synthetic
SYN_0076,freelancer_desain,26,2,9701000,0,0,0,0,0,0,normal,synthetic
SYN_0076,freelancer_desain,27,3,16908000,0,0,0,0,0,0,normal,synthetic
SYN_0076,freelancer_desain,28,4,16169000,0,0,0,0,0,1,normal,synthetic
SYN_0076,freelancer_desain,29,1,14308000,0,0,0,0,0,0,normal,synthetic
SYN_0076,freelancer_desain,30,2,14154000,0,0,0,0,0,0,normal,synthetic
SYN_0076,freelancer_desain,31,3,16524000,0,0,0,0,0,0,normal,synthetic
SYN_0076,freelancer_desain,32,4,15732000,0,0,0,0,0,1,normal,synthetic
SYN_0076,freelancer_desain,33,1,10367000,0,0,0,0,0,0,normal,synthetic
SYN_0076,freelancer_desain,34,2,17152000,0,0,0,0,0,0,normal,synthetic
SYN_0076,freelancer_desain,35,3,13722000,0,0,0,0,0,0,normal,synthetic
SYN_0076,freelancer_desain,36,4,17366000,0,0,0,0,0,1,normal,synthetic
SYN_0076,freelancer_desain,37,1,15063000,0,0,0,0,0,0,normal,synthetic
SYN_0076,freelancer_desain,38,2,11668000,0,0,0,0,0,0,normal,synthetic
SYN_0076,freelancer_desain,39,3,15308000,0,0,0,0,0,0,normal,synthetic
SYN_0076,freelancer_desain,40,4,15188000,0,0,0,0,0,1,normal,synthetic
SYN_0076,freelancer_desain,41,1,12312000,0,0,0,0,0,0,normal,synthetic
SYN_0076,freelancer_desain,42,2,14138000,0,0,0,0,0,0,normal,synthetic
SYN_0076,freelancer_desain,43,3,10621000,0,0,0,0,0,0,normal,synthetic
SYN_0076,freelancer_desain,44,4,14681000,0,0,0,0,0,1,normal,synthetic
SYN_0076,freelancer_desain,45,1,15298000,0,0,0,0,0,0,normal,synthetic
SYN_0076,freelancer_desain,46,2,15958000,0,0,0,0,0,0,normal,synthetic
SYN_0076,freelancer_desain,47,3,13836000,0,0,0,0,0,0,normal,synthetic
SYN_0076,freelancer_desain,48,4,17424000,0,0,0,0,0,1,normal,synthetic
SYN_0076,freelancer_desain,49,1,15582000,0,0,0,1,0,0,high_season,synthetic
SYN_0076,freelancer_desain,50,2,22112000,0,0,0,1,0,0,high_season,synthetic
SYN_0076,freelancer_desain,51,3,17586000,0,0,0,1,0,0,high_season,synthetic
SYN_0076,freelancer_desain,52,4,22611000,0,0,0,1,0,1,high_season,synthetic
SYN_0077,jualan_online,1,1,12152000,0,0,0,0,1,0,low_season,synthetic
SYN_0077,jualan_online,2,2,14447000,0,0,0,0,1,0,low_season,synthetic
SYN_0077,jualan_online,3,3,18189000,0,0,0,0,1,0,low_season,synthetic
SYN_0077,jualan_online,4,4,16226000,0,0,0,0,1,1,low_season,synthetic
SYN_0077,jualan_online,5,1,17543000,0,0,0,0,1,0,low_season,synthetic
SYN_0077,jualan_online,6,2,13976000,0,0,0,0,1,0,low_season,synthetic
SYN_0077,jualan_online,7,3,19932000,0,0,0,0,0,0,normal,synthetic
SYN_0077,jualan_online,8,4,21561000,0,0,0,0,0,1,normal,synthetic
SYN_0077,jualan_online,9,1,15825000,0,0,0,0,0,0,normal,synthetic
SYN_0077,jualan_online,10,2,22470000,1,0,0,0,0,0,high_season,synthetic
SYN_0077,jualan_online,11,3,26202000,1,0,0,0,0,0,high_season,synthetic
SYN_0077,jualan_online,12,4,27396000,1,0,0,0,0,1,high_season,synthetic
SYN_0077,jualan_online,13,1,19048000,1,0,0,0,0,0,high_season,synthetic
SYN_0077,jualan_online,14,2,32461000,0,1,0,0,0,0,high_season,synthetic
SYN_0077,jualan_online,15,3,11825000,0,0,1,0,0,0,low_season,synthetic
SYN_0077,jualan_online,16,4,18465000,0,0,1,0,0,1,low_season,synthetic
SYN_0077,jualan_online,17,1,18433000,0,0,0,0,0,0,normal,synthetic
SYN_0077,jualan_online,18,2,22011000,0,0,0,0,0,0,normal,synthetic
SYN_0077,jualan_online,19,3,16792000,0,0,0,0,0,0,normal,synthetic
SYN_0077,jualan_online,20,4,22302000,0,0,0,0,0,1,normal,synthetic
SYN_0077,jualan_online,21,1,11282000,0,0,0,0,0,0,normal,synthetic
SYN_0077,jualan_online,22,2,17668000,0,0,0,0,0,0,normal,synthetic
SYN_0077,jualan_online,23,3,18503000,0,0,0,0,0,0,normal,synthetic
SYN_0077,jualan_online,24,4,22350000,0,0,0,0,0,1,normal,synthetic
SYN_0077,jualan_online,25,1,16374000,0,0,0,0,0,0,normal,synthetic
SYN_0077,jualan_online,26,2,18433000,0,0,0,0,0,0,normal,synthetic
SYN_0077,jualan_online,27,3,12333000,0,0,0,0,0,0,normal,synthetic
SYN_0077,jualan_online,28,4,22619000,0,0,0,0,0,1,normal,synthetic
SYN_0077,jualan_online,29,1,17413000,0,0,0,0,0,0,normal,synthetic
SYN_0077,jualan_online,30,2,21223000,0,0,0,0,0,0,normal,synthetic
SYN_0077,jualan_online,31,3,19096000,0,0,0,0,0,0,normal,synthetic
SYN_0077,jualan_online,32,4,21600000,0,0,0,0,0,1,normal,synthetic
SYN_0077,jualan_online,33,1,18640000,0,0,0,0,0,0,normal,synthetic
SYN_0077,jualan_online,34,2,13114000,0,0,0,0,0,0,normal,synthetic
SYN_0077,jualan_online,35,3,17157000,0,0,0,0,0,0,normal,synthetic
SYN_0077,jualan_online,36,4,19927000,0,0,0,0,0,1,normal,synthetic
SYN_0077,jualan_online,37,1,16390000,0,0,0,0,0,0,normal,synthetic
SYN_0077,jualan_online,38,2,13462000,0,0,0,0,0,0,normal,synthetic
SYN_0077,jualan_online,39,3,21182000,0,0,0,0,0,0,normal,synthetic
SYN_0077,jualan_online,40,4,21286000,0,0,0,0,0,1,normal,synthetic
SYN_0077,jualan_online,41,1,17088000,0,0,0,0,0,0,normal,synthetic
SYN_0077,jualan_online,42,2,18776000,0,0,0,0,0,0,normal,synthetic
SYN_0077,jualan_online,43,3,21057000,0,0,0,0,0,0,normal,synthetic
SYN_0077,jualan_online,44,4,17041000,0,0,0,0,0,1,normal,synthetic
SYN_0077,jualan_online,45,1,16680000,0,0,0,0,0,0,normal,synthetic
SYN_0077,jualan_online,46,2,20802000,0,0,0,0,0,0,normal,synthetic
SYN_0077,jualan_online,47,3,18072000,0,0,0,0,0,0,normal,synthetic
SYN_0077,jualan_online,48,4,19439000,0,0,0,0,0,1,normal,synthetic
SYN_0077,jualan_online,49,1,19845000,0,0,0,1,0,0,high_season,synthetic
SYN_0077,jualan_online,50,2,22652000,0,0,0,1,0,0,high_season,synthetic
SYN_0077,jualan_online,51,3,21716000,0,0,0,1,0,0,high_season,synthetic
SYN_0077,jualan_online,52,4,28004000,0,0,0,1,0,1,high_season,synthetic
SYN_0078,ojek_online,1,1,1007000,0,0,0,0,1,0,low_season,synthetic
SYN_0078,ojek_online,2,2,1055000,0,0,0,0,1,0,low_season,synthetic
SYN_0078,ojek_online,3,3,1159000,0,0,0,0,1,0,low_season,synthetic
SYN_0078,ojek_online,4,4,1497000,0,0,0,0,1,1,low_season,synthetic
SYN_0078,ojek_online,5,1,1063000,0,0,0,0,1,0,low_season,synthetic
SYN_0078,ojek_online,6,2,1223000,0,0,0,0,1,0,low_season,synthetic
SYN_0078,ojek_online,7,3,1674000,0,0,0,0,0,0,normal,synthetic
SYN_0078,ojek_online,8,4,1605000,0,0,0,0,0,1,normal,synthetic
SYN_0078,ojek_online,9,1,1291000,0,0,0,0,0,0,normal,synthetic
SYN_0078,ojek_online,10,2,1902000,1,0,0,0,0,0,high_season,synthetic
SYN_0078,ojek_online,11,3,1826000,1,0,0,0,0,0,high_season,synthetic
SYN_0078,ojek_online,12,4,2262000,1,0,0,0,0,1,high_season,synthetic
SYN_0078,ojek_online,13,1,1718000,1,0,0,0,0,0,high_season,synthetic
SYN_0078,ojek_online,14,2,2533000,0,1,0,0,0,0,high_season,synthetic
SYN_0078,ojek_online,15,3,1230000,0,0,1,0,0,0,low_season,synthetic
SYN_0078,ojek_online,16,4,1075000,0,0,1,0,0,1,low_season,synthetic
SYN_0078,ojek_online,17,1,1194000,0,0,0,0,0,0,normal,synthetic
SYN_0078,ojek_online,18,2,1382000,0,0,0,0,0,0,normal,synthetic
SYN_0078,ojek_online,19,3,1453000,0,0,0,0,0,0,normal,synthetic
SYN_0078,ojek_online,20,4,1719000,0,0,0,0,0,1,normal,synthetic
SYN_0078,ojek_online,21,1,1432000,0,0,0,0,0,0,normal,synthetic
SYN_0078,ojek_online,22,2,1013000,0,0,0,0,0,0,normal,synthetic
SYN_0078,ojek_online,23,3,1019000,0,0,0,0,0,0,normal,synthetic
SYN_0078,ojek_online,24,4,1577000,0,0,0,0,0,1,normal,synthetic
SYN_0078,ojek_online,25,1,1406000,0,0,0,0,0,0,normal,synthetic
SYN_0078,ojek_online,26,2,1147000,0,0,0,0,0,0,normal,synthetic
SYN_0078,ojek_online,27,3,923000,0,0,0,0,0,0,normal,synthetic
SYN_0078,ojek_online,28,4,1776000,0,0,0,0,0,1,normal,synthetic
SYN_0078,ojek_online,29,1,1286000,0,0,0,0,0,0,normal,synthetic
SYN_0078,ojek_online,30,2,1221000,0,0,0,0,0,0,normal,synthetic
SYN_0078,ojek_online,31,3,1238000,0,0,0,0,0,0,normal,synthetic
SYN_0078,ojek_online,32,4,1488000,0,0,0,0,0,1,normal,synthetic
SYN_0078,ojek_online,33,1,1268000,0,0,0,0,0,0,normal,synthetic
SYN_0078,ojek_online,34,2,1294000,0,0,0,0,0,0,normal,synthetic
SYN_0078,ojek_online,35,3,1468000,0,0,0,0,0,0,normal,synthetic
SYN_0078,ojek_online,36,4,1136000,0,0,0,0,0,1,normal,synthetic
SYN_0078,ojek_online,37,1,1132000,0,0,0,0,0,0,normal,synthetic
SYN_0078,ojek_online,38,2,1216000,0,0,0,0,0,0,normal,synthetic
SYN_0078,ojek_online,39,3,1351000,0,0,0,0,0,0,normal,synthetic
SYN_0078,ojek_online,40,4,1569000,0,0,0,0,0,1,normal,synthetic
SYN_0078,ojek_online,41,1,1364000,0,0,0,0,0,0,normal,synthetic
SYN_0078,ojek_online,42,2,1102000,0,0,0,0,0,0,normal,synthetic
SYN_0078,ojek_online,43,3,1398000,0,0,0,0,0,0,normal,synthetic
SYN_0078,ojek_online,44,4,1774000,0,0,0,0,0,1,normal,synthetic
SYN_0078,ojek_online,45,1,1513000,0,0,0,0,0,0,normal,synthetic
SYN_0078,ojek_online,46,2,1316000,0,0,0,0,0,0,normal,synthetic
SYN_0078,ojek_online,47,3,1442000,0,0,0,0,0,0,normal,synthetic
SYN_0078,ojek_online,48,4,1332000,0,0,0,0,0,1,normal,synthetic
SYN_0078,ojek_online,49,1,1192000,0,0,0,1,0,0,high_season,synthetic
SYN_0078,ojek_online,50,2,1980000,0,0,0,1,0,0,high_season,synthetic
SYN_0078,ojek_online,51,3,1808000,0,0,0,1,0,0,high_season,synthetic
SYN_0078,ojek_online,52,4,2457000,0,0,0,1,0,1,high_season,synthetic
SYN_0079,freelancer_it,1,1,22934000,0,0,0,0,1,0,low_season,synthetic
SYN_0079,freelancer_it,2,2,33059000,0,0,0,0,1,0,low_season,synthetic
SYN_0079,freelancer_it,3,3,41134000,0,0,0,0,1,0,low_season,synthetic
SYN_0079,freelancer_it,4,4,45851000,0,0,0,0,1,1,low_season,synthetic
SYN_0079,freelancer_it,5,1,26651000,0,0,0,0,1,0,low_season,synthetic
SYN_0079,freelancer_it,6,2,30581000,0,0,0,0,1,0,low_season,synthetic
SYN_0079,freelancer_it,7,3,32060000,0,0,0,0,0,0,normal,synthetic
SYN_0079,freelancer_it,8,4,40262000,0,0,0,0,0,1,normal,synthetic
SYN_0079,freelancer_it,9,1,25114000,0,0,0,0,0,0,normal,synthetic
SYN_0079,freelancer_it,10,2,54576000,1,0,0,0,0,0,high_season,synthetic
SYN_0079,freelancer_it,11,3,66909000,1,0,0,0,0,0,high_season,synthetic
SYN_0079,freelancer_it,12,4,69576000,1,0,0,0,0,1,high_season,synthetic
SYN_0079,freelancer_it,13,1,59217000,1,0,0,0,0,0,high_season,synthetic
SYN_0079,freelancer_it,14,2,76675000,0,1,0,0,0,0,high_season,synthetic
SYN_0079,freelancer_it,15,3,24623000,0,0,1,0,0,0,low_season,synthetic
SYN_0079,freelancer_it,16,4,28594000,0,0,1,0,0,1,low_season,synthetic
SYN_0079,freelancer_it,17,1,30821000,0,0,0,0,0,0,normal,synthetic
SYN_0079,freelancer_it,18,2,28934000,0,0,0,0,0,0,normal,synthetic
SYN_0079,freelancer_it,19,3,38263000,0,0,0,0,0,0,normal,synthetic
SYN_0079,freelancer_it,20,4,27123000,0,0,0,0,0,1,normal,synthetic
SYN_0079,freelancer_it,21,1,37120000,0,0,0,0,0,0,normal,synthetic
SYN_0079,freelancer_it,22,2,38474000,0,0,0,0,0,0,normal,synthetic
SYN_0079,freelancer_it,23,3,40605000,0,0,0,0,0,0,normal,synthetic
SYN_0079,freelancer_it,24,4,52473000,0,0,0,0,0,1,normal,synthetic
SYN_0079,freelancer_it,25,1,35236000,0,0,0,0,0,0,normal,synthetic
SYN_0079,freelancer_it,26,2,46792000,0,0,0,0,0,0,normal,synthetic
SYN_0079,freelancer_it,27,3,41408000,0,0,0,0,0,0,normal,synthetic
SYN_0079,freelancer_it,28,4,40864000,0,0,0,0,0,1,normal,synthetic
SYN_0079,freelancer_it,29,1,33141000,0,0,0,0,0,0,normal,synthetic
SYN_0079,freelancer_it,30,2,26032000,0,0,0,0,0,0,normal,synthetic
SYN_0079,freelancer_it,31,3,33280000,0,0,0,0,0,0,normal,synthetic
SYN_0079,freelancer_it,32,4,43271000,0,0,0,0,0,1,normal,synthetic
SYN_0079,freelancer_it,33,1,36904000,0,0,0,0,0,0,normal,synthetic
SYN_0079,freelancer_it,34,2,34090000,0,0,0,0,0,0,normal,synthetic
SYN_0079,freelancer_it,35,3,31445000,0,0,0,0,0,0,normal,synthetic
SYN_0079,freelancer_it,36,4,33630000,0,0,0,0,0,1,normal,synthetic
SYN_0079,freelancer_it,37,1,31419000,0,0,0,0,0,0,normal,synthetic
SYN_0079,freelancer_it,38,2,48494000,0,0,0,0,0,0,normal,synthetic
SYN_0079,freelancer_it,39,3,39537000,0,0,0,0,0,0,normal,synthetic
SYN_0079,freelancer_it,40,4,51722000,0,0,0,0,0,1,normal,synthetic
SYN_0079,freelancer_it,41,1,29962000,0,0,0,0,0,0,normal,synthetic
SYN_0079,freelancer_it,42,2,29700000,0,0,0,0,0,0,normal,synthetic
SYN_0079,freelancer_it,43,3,31579000,0,0,0,0,0,0,normal,synthetic
SYN_0079,freelancer_it,44,4,45088000,0,0,0,0,0,1,normal,synthetic
SYN_0079,freelancer_it,45,1,24711000,0,0,0,0,0,0,normal,synthetic
SYN_0079,freelancer_it,46,2,32723000,0,0,0,0,0,0,normal,synthetic
SYN_0079,freelancer_it,47,3,34964000,0,0,0,0,0,0,normal,synthetic
SYN_0079,freelancer_it,48,4,37256000,0,0,0,0,0,1,normal,synthetic
SYN_0079,freelancer_it,49,1,31316000,0,0,0,1,0,0,high_season,synthetic
SYN_0079,freelancer_it,50,2,51526000,0,0,0,1,0,0,high_season,synthetic
SYN_0079,freelancer_it,51,3,49836000,0,0,0,1,0,0,high_season,synthetic
SYN_0079,freelancer_it,52,4,65903000,0,0,0,1,0,1,high_season,synthetic
SYN_0080,freelancer_desain,1,1,7885000,0,0,0,0,1,0,low_season,synthetic
SYN_0080,freelancer_desain,2,2,10335000,0,0,0,0,1,0,low_season,synthetic
SYN_0080,freelancer_desain,3,3,9276000,0,0,0,0,1,0,low_season,synthetic
SYN_0080,freelancer_desain,4,4,12368000,0,0,0,0,1,1,low_season,synthetic
SYN_0080,freelancer_desain,5,1,11183000,0,0,0,0,1,0,low_season,synthetic
SYN_0080,freelancer_desain,6,2,10979000,0,0,0,0,1,0,low_season,synthetic
SYN_0080,freelancer_desain,7,3,12734000,0,0,0,0,0,0,normal,synthetic
SYN_0080,freelancer_desain,8,4,13158000,0,0,0,0,0,1,normal,synthetic
SYN_0080,freelancer_desain,9,1,8081000,0,0,0,0,0,0,normal,synthetic
SYN_0080,freelancer_desain,10,2,16505000,1,0,0,0,0,0,high_season,synthetic
SYN_0080,freelancer_desain,11,3,20371000,1,0,0,0,0,0,high_season,synthetic
SYN_0080,freelancer_desain,12,4,15483000,1,0,0,0,0,1,high_season,synthetic
SYN_0080,freelancer_desain,13,1,12773000,1,0,0,0,0,0,high_season,synthetic
SYN_0080,freelancer_desain,14,2,21023000,0,1,0,0,0,0,high_season,synthetic
SYN_0080,freelancer_desain,15,3,6944000,0,0,1,0,0,0,low_season,synthetic
SYN_0080,freelancer_desain,16,4,8637000,0,0,1,0,0,1,low_season,synthetic
SYN_0080,freelancer_desain,17,1,9880000,0,0,0,0,0,0,normal,synthetic
SYN_0080,freelancer_desain,18,2,9202000,0,0,0,0,0,0,normal,synthetic
SYN_0080,freelancer_desain,19,3,9940000,0,0,0,0,0,0,normal,synthetic
SYN_0080,freelancer_desain,20,4,15721000,0,0,0,0,0,1,normal,synthetic
SYN_0080,freelancer_desain,21,1,8381000,0,0,0,0,0,0,normal,synthetic
SYN_0080,freelancer_desain,22,2,8765000,0,0,0,0,0,0,normal,synthetic
SYN_0080,freelancer_desain,23,3,10588000,0,0,0,0,0,0,normal,synthetic
SYN_0080,freelancer_desain,24,4,15785000,0,0,0,0,0,1,normal,synthetic
SYN_0080,freelancer_desain,25,1,10264000,0,0,0,0,0,0,normal,synthetic
SYN_0080,freelancer_desain,26,2,10900000,0,0,0,0,0,0,normal,synthetic
SYN_0080,freelancer_desain,27,3,11859000,0,0,0,0,0,0,normal,synthetic
SYN_0080,freelancer_desain,28,4,10184000,0,0,0,0,0,1,normal,synthetic
SYN_0080,freelancer_desain,29,1,11437000,0,0,0,0,0,0,normal,synthetic
SYN_0080,freelancer_desain,30,2,12498000,0,0,0,0,0,0,normal,synthetic
SYN_0080,freelancer_desain,31,3,11004000,0,0,0,0,0,0,normal,synthetic
SYN_0080,freelancer_desain,32,4,16405000,0,0,0,0,0,1,normal,synthetic
SYN_0080,freelancer_desain,33,1,8686000,0,0,0,0,0,0,normal,synthetic
SYN_0080,freelancer_desain,34,2,13900000,0,0,0,0,0,0,normal,synthetic
SYN_0080,freelancer_desain,35,3,12066000,0,0,0,0,0,0,normal,synthetic
SYN_0080,freelancer_desain,36,4,13370000,0,0,0,0,0,1,normal,synthetic
SYN_0080,freelancer_desain,37,1,10564000,0,0,0,0,0,0,normal,synthetic
SYN_0080,freelancer_desain,38,2,11573000,0,0,0,0,0,0,normal,synthetic
SYN_0080,freelancer_desain,39,3,14074000,0,0,0,0,0,0,normal,synthetic
SYN_0080,freelancer_desain,40,4,11696000,0,0,0,0,0,1,normal,synthetic
SYN_0080,freelancer_desain,41,1,9305000,0,0,0,0,0,0,normal,synthetic
SYN_0080,freelancer_desain,42,2,13728000,0,0,0,0,0,0,normal,synthetic
SYN_0080,freelancer_desain,43,3,10653000,0,0,0,0,0,0,normal,synthetic
SYN_0080,freelancer_desain,44,4,16166000,0,0,0,0,0,1,normal,synthetic
SYN_0080,freelancer_desain,45,1,13479000,0,0,0,0,0,0,normal,synthetic
SYN_0080,freelancer_desain,46,2,11018000,0,0,0,0,0,0,normal,synthetic
SYN_0080,freelancer_desain,47,3,13059000,0,0,0,0,0,0,normal,synthetic
SYN_0080,freelancer_desain,48,4,11522000,0,0,0,0,0,1,normal,synthetic
SYN_0080,freelancer_desain,49,1,15441000,0,0,0,1,0,0,high_season,synthetic
SYN_0080,freelancer_desain,50,2,15796000,0,0,0,1,0,0,high_season,synthetic
SYN_0080,freelancer_desain,51,3,16467000,0,0,0,1,0,0,high_season,synthetic
SYN_0080,freelancer_desain,52,4,16472000,0,0,0,1,0,1,high_season,synthetic
SYN_0081,freelancer_it,1,1,16543000,0,0,0,0,1,0,low_season,synthetic
SYN_0081,freelancer_it,2,2,27366000,0,0,0,0,1,0,low_season,synthetic
SYN_0081,freelancer_it,3,3,18255000,0,0,0,0,1,0,low_season,synthetic
SYN_0081,freelancer_it,4,4,30006000,0,0,0,0,1,1,low_season,synthetic
SYN_0081,freelancer_it,5,1,24921000,0,0,0,0,1,0,low_season,synthetic
SYN_0081,freelancer_it,6,2,25532000,0,0,0,0,1,0,low_season,synthetic
SYN_0081,freelancer_it,7,3,37898000,0,0,0,0,0,0,normal,synthetic
SYN_0081,freelancer_it,8,4,24990000,0,0,0,0,0,1,normal,synthetic
SYN_0081,freelancer_it,9,1,25560000,0,0,0,0,0,0,normal,synthetic
SYN_0081,freelancer_it,10,2,41765000,1,0,0,0,0,0,high_season,synthetic
SYN_0081,freelancer_it,11,3,33823000,1,0,0,0,0,0,high_season,synthetic
SYN_0081,freelancer_it,12,4,41920000,1,0,0,0,0,1,high_season,synthetic
SYN_0081,freelancer_it,13,1,33060000,1,0,0,0,0,0,high_season,synthetic
SYN_0081,freelancer_it,14,2,42542000,0,1,0,0,0,0,high_season,synthetic
SYN_0081,freelancer_it,15,3,19809000,0,0,1,0,0,0,low_season,synthetic
SYN_0081,freelancer_it,16,4,22098000,0,0,1,0,0,1,low_season,synthetic
SYN_0081,freelancer_it,17,1,27011000,0,0,0,0,0,0,normal,synthetic
SYN_0081,freelancer_it,18,2,31346000,0,0,0,0,0,0,normal,synthetic
SYN_0081,freelancer_it,19,3,31073000,0,0,0,0,0,0,normal,synthetic
SYN_0081,freelancer_it,20,4,32500000,0,0,0,0,0,1,normal,synthetic
SYN_0081,freelancer_it,21,1,26890000,0,0,0,0,0,0,normal,synthetic
SYN_0081,freelancer_it,22,2,32897000,0,0,0,0,0,0,normal,synthetic
SYN_0081,freelancer_it,23,3,30525000,0,0,0,0,0,0,normal,synthetic
SYN_0081,freelancer_it,24,4,43453000,0,0,0,0,0,1,normal,synthetic
SYN_0081,freelancer_it,25,1,29416000,0,0,0,0,0,0,normal,synthetic
SYN_0081,freelancer_it,26,2,35646000,0,0,0,0,0,0,normal,synthetic
SYN_0081,freelancer_it,27,3,18707000,0,0,0,0,0,0,normal,synthetic
SYN_0081,freelancer_it,28,4,34946000,0,0,0,0,0,1,normal,synthetic
SYN_0081,freelancer_it,29,1,24687000,0,0,0,0,0,0,normal,synthetic
SYN_0081,freelancer_it,30,2,28230000,0,0,0,0,0,0,normal,synthetic
SYN_0081,freelancer_it,31,3,25495000,0,0,0,0,0,0,normal,synthetic
SYN_0081,freelancer_it,32,4,36392000,0,0,0,0,0,1,normal,synthetic
SYN_0081,freelancer_it,33,1,19313000,0,0,0,0,0,0,normal,synthetic
SYN_0081,freelancer_it,34,2,30356000,0,0,0,0,0,0,normal,synthetic
SYN_0081,freelancer_it,35,3,25629000,0,0,0,0,0,0,normal,synthetic
SYN_0081,freelancer_it,36,4,32064000,0,0,0,0,0,1,normal,synthetic
SYN_0081,freelancer_it,37,1,27447000,0,0,0,0,0,0,normal,synthetic
SYN_0081,freelancer_it,38,2,29050000,0,0,0,0,0,0,normal,synthetic
SYN_0081,freelancer_it,39,3,32973000,0,0,0,0,0,0,normal,synthetic
SYN_0081,freelancer_it,40,4,29800000,0,0,0,0,0,1,normal,synthetic
SYN_0081,freelancer_it,41,1,25568000,0,0,0,0,0,0,normal,synthetic
SYN_0081,freelancer_it,42,2,32308000,0,0,0,0,0,0,normal,synthetic
SYN_0081,freelancer_it,43,3,30186000,0,0,0,0,0,0,normal,synthetic
SYN_0081,freelancer_it,44,4,36534000,0,0,0,0,0,1,normal,synthetic
SYN_0081,freelancer_it,45,1,29871000,0,0,0,0,0,0,normal,synthetic
SYN_0081,freelancer_it,46,2,27099000,0,0,0,0,0,0,normal,synthetic
SYN_0081,freelancer_it,47,3,26252000,0,0,0,0,0,0,normal,synthetic
SYN_0081,freelancer_it,48,4,37260000,0,0,0,0,0,1,normal,synthetic
SYN_0081,freelancer_it,49,1,32914000,0,0,0,1,0,0,high_season,synthetic
SYN_0081,freelancer_it,50,2,43222000,0,0,0,1,0,0,high_season,synthetic
SYN_0081,freelancer_it,51,3,39287000,0,0,0,1,0,0,high_season,synthetic
SYN_0081,freelancer_it,52,4,40912000,0,0,0,1,0,1,high_season,synthetic
SYN_0082,freelancer_desain,1,1,37829000,0,0,0,0,1,0,low_season,synthetic
SYN_0082,freelancer_desain,2,2,29006000,0,0,0,0,1,0,low_season,synthetic
SYN_0082,freelancer_desain,3,3,31715000,0,0,0,0,1,0,low_season,synthetic
SYN_0082,freelancer_desain,4,4,37606000,0,0,0,0,1,1,low_season,synthetic
SYN_0082,freelancer_desain,5,1,39112000,0,0,0,0,1,0,low_season,synthetic
SYN_0082,freelancer_desain,6,2,42644000,0,0,0,0,1,0,low_season,synthetic
SYN_0082,freelancer_desain,7,3,46993000,0,0,0,0,0,0,normal,synthetic
SYN_0082,freelancer_desain,8,4,61284000,0,0,0,0,0,1,normal,synthetic
SYN_0082,freelancer_desain,9,1,33715000,0,0,0,0,0,0,normal,synthetic
SYN_0082,freelancer_desain,10,2,66736000,1,0,0,0,0,0,high_season,synthetic
SYN_0082,freelancer_desain,11,3,61945000,1,0,0,0,0,0,high_season,synthetic
SYN_0082,freelancer_desain,12,4,86131000,1,0,0,0,0,1,high_season,synthetic
SYN_0082,freelancer_desain,13,1,55841000,1,0,0,0,0,0,high_season,synthetic
SYN_0082,freelancer_desain,14,2,71590000,0,1,0,0,0,0,high_season,synthetic
SYN_0082,freelancer_desain,15,3,33157000,0,0,1,0,0,0,low_season,synthetic
SYN_0082,freelancer_desain,16,4,41752000,0,0,1,0,0,1,low_season,synthetic
SYN_0082,freelancer_desain,17,1,35039000,0,0,0,0,0,0,normal,synthetic
SYN_0082,freelancer_desain,18,2,43168000,0,0,0,0,0,0,normal,synthetic
SYN_0082,freelancer_desain,19,3,36211000,0,0,0,0,0,0,normal,synthetic
SYN_0082,freelancer_desain,20,4,31404000,0,0,0,0,0,1,normal,synthetic
SYN_0082,freelancer_desain,21,1,40493000,0,0,0,0,0,0,normal,synthetic
SYN_0082,freelancer_desain,22,2,47841000,0,0,0,0,0,0,normal,synthetic
SYN_0082,freelancer_desain,23,3,45422000,0,0,0,0,0,0,normal,synthetic
SYN_0082,freelancer_desain,24,4,35995000,0,0,0,0,0,1,normal,synthetic
SYN_0082,freelancer_desain,25,1,37032000,0,0,0,0,0,0,normal,synthetic
SYN_0082,freelancer_desain,26,2,28121000,0,0,0,0,0,0,normal,synthetic
SYN_0082,freelancer_desain,27,3,53147000,0,0,0,0,0,0,normal,synthetic
SYN_0082,freelancer_desain,28,4,43222000,0,0,0,0,0,1,normal,synthetic
SYN_0082,freelancer_desain,29,1,47115000,0,0,0,0,0,0,normal,synthetic
SYN_0082,freelancer_desain,30,2,50191000,0,0,0,0,0,0,normal,synthetic
SYN_0082,freelancer_desain,31,3,37312000,0,0,0,0,0,0,normal,synthetic
SYN_0082,freelancer_desain,32,4,42831000,0,0,0,0,0,1,normal,synthetic
SYN_0082,freelancer_desain,33,1,41434000,0,0,0,0,0,0,normal,synthetic
SYN_0082,freelancer_desain,34,2,37704000,0,0,0,0,0,0,normal,synthetic
SYN_0082,freelancer_desain,35,3,44308000,0,0,0,0,0,0,normal,synthetic
SYN_0082,freelancer_desain,36,4,48271000,0,0,0,0,0,1,normal,synthetic
SYN_0082,freelancer_desain,37,1,28053000,0,0,0,0,0,0,normal,synthetic
SYN_0082,freelancer_desain,38,2,28036000,0,0,0,0,0,0,normal,synthetic
SYN_0082,freelancer_desain,39,3,45175000,0,0,0,0,0,0,normal,synthetic
SYN_0082,freelancer_desain,40,4,47612000,0,0,0,0,0,1,normal,synthetic
SYN_0082,freelancer_desain,41,1,35762000,0,0,0,0,0,0,normal,synthetic
SYN_0082,freelancer_desain,42,2,48447000,0,0,0,0,0,0,normal,synthetic
SYN_0082,freelancer_desain,43,3,51778000,0,0,0,0,0,0,normal,synthetic
SYN_0082,freelancer_desain,44,4,50031000,0,0,0,0,0,1,normal,synthetic
SYN_0082,freelancer_desain,45,1,37096000,0,0,0,0,0,0,normal,synthetic
SYN_0082,freelancer_desain,46,2,47082000,0,0,0,0,0,0,normal,synthetic
SYN_0082,freelancer_desain,47,3,34129000,0,0,0,0,0,0,normal,synthetic
SYN_0082,freelancer_desain,48,4,54180000,0,0,0,0,0,1,normal,synthetic
SYN_0082,freelancer_desain,49,1,55508000,0,0,0,1,0,0,high_season,synthetic
SYN_0082,freelancer_desain,50,2,62840000,0,0,0,1,0,0,high_season,synthetic
SYN_0082,freelancer_desain,51,3,39110000,0,0,0,1,0,0,high_season,synthetic
SYN_0082,freelancer_desain,52,4,59722000,0,0,0,1,0,1,high_season,synthetic
SYN_0083,freelancer_it,1,1,27165000,0,0,0,0,1,0,low_season,synthetic
SYN_0083,freelancer_it,2,2,25961000,0,0,0,0,1,0,low_season,synthetic
SYN_0083,freelancer_it,3,3,33076000,0,0,0,0,1,0,low_season,synthetic
SYN_0083,freelancer_it,4,4,35303000,0,0,0,0,1,1,low_season,synthetic
SYN_0083,freelancer_it,5,1,26502000,0,0,0,0,1,0,low_season,synthetic
SYN_0083,freelancer_it,6,2,32143000,0,0,0,0,1,0,low_season,synthetic
SYN_0083,freelancer_it,7,3,33913000,0,0,0,0,0,0,normal,synthetic
SYN_0083,freelancer_it,8,4,45202000,0,0,0,0,0,1,normal,synthetic
SYN_0083,freelancer_it,9,1,30674000,0,0,0,0,0,0,normal,synthetic
SYN_0083,freelancer_it,10,2,49834000,1,0,0,0,0,0,high_season,synthetic
SYN_0083,freelancer_it,11,3,61389000,1,0,0,0,0,0,high_season,synthetic
SYN_0083,freelancer_it,12,4,74588000,1,0,0,0,0,1,high_season,synthetic
SYN_0083,freelancer_it,13,1,36904000,1,0,0,0,0,0,high_season,synthetic
SYN_0083,freelancer_it,14,2,71851000,0,1,0,0,0,0,high_season,synthetic
SYN_0083,freelancer_it,15,3,31114000,0,0,1,0,0,0,low_season,synthetic
SYN_0083,freelancer_it,16,4,38031000,0,0,1,0,0,1,low_season,synthetic
SYN_0083,freelancer_it,17,1,35890000,0,0,0,0,0,0,normal,synthetic
SYN_0083,freelancer_it,18,2,31668000,0,0,0,0,0,0,normal,synthetic
SYN_0083,freelancer_it,19,3,40448000,0,0,0,0,0,0,normal,synthetic
SYN_0083,freelancer_it,20,4,39176000,0,0,0,0,0,1,normal,synthetic
SYN_0083,freelancer_it,21,1,31847000,0,0,0,0,0,0,normal,synthetic
SYN_0083,freelancer_it,22,2,39164000,0,0,0,0,0,0,normal,synthetic
SYN_0083,freelancer_it,23,3,32982000,0,0,0,0,0,0,normal,synthetic
SYN_0083,freelancer_it,24,4,37445000,0,0,0,0,0,1,normal,synthetic
SYN_0083,freelancer_it,25,1,35635000,0,0,0,0,0,0,normal,synthetic
SYN_0083,freelancer_it,26,2,46887000,0,0,0,0,0,0,normal,synthetic
SYN_0083,freelancer_it,27,3,43640000,0,0,0,0,0,0,normal,synthetic
SYN_0083,freelancer_it,28,4,49020000,0,0,0,0,0,1,normal,synthetic
SYN_0083,freelancer_it,29,1,38039000,0,0,0,0,0,0,normal,synthetic
SYN_0083,freelancer_it,30,2,40489000,0,0,0,0,0,0,normal,synthetic
SYN_0083,freelancer_it,31,3,39511000,0,0,0,0,0,0,normal,synthetic
SYN_0083,freelancer_it,32,4,50216000,0,0,0,0,0,1,normal,synthetic
SYN_0083,freelancer_it,33,1,27044000,0,0,0,0,0,0,normal,synthetic
SYN_0083,freelancer_it,34,2,38208000,0,0,0,0,0,0,normal,synthetic
SYN_0083,freelancer_it,35,3,36749000,0,0,0,0,0,0,normal,synthetic
SYN_0083,freelancer_it,36,4,45097000,0,0,0,0,0,1,normal,synthetic
SYN_0083,freelancer_it,37,1,31292000,0,0,0,0,0,0,normal,synthetic
SYN_0083,freelancer_it,38,2,39879000,0,0,0,0,0,0,normal,synthetic
SYN_0083,freelancer_it,39,3,32914000,0,0,0,0,0,0,normal,synthetic
SYN_0083,freelancer_it,40,4,41270000,0,0,0,0,0,1,normal,synthetic
SYN_0083,freelancer_it,41,1,30391000,0,0,0,0,0,0,normal,synthetic
SYN_0083,freelancer_it,42,2,41666000,0,0,0,0,0,0,normal,synthetic
SYN_0083,freelancer_it,43,3,37109000,0,0,0,0,0,0,normal,synthetic
SYN_0083,freelancer_it,44,4,41726000,0,0,0,0,0,1,normal,synthetic
SYN_0083,freelancer_it,45,1,31704000,0,0,0,0,0,0,normal,synthetic
SYN_0083,freelancer_it,46,2,37190000,0,0,0,0,0,0,normal,synthetic
SYN_0083,freelancer_it,47,3,45612000,0,0,0,0,0,0,normal,synthetic
SYN_0083,freelancer_it,48,4,36883000,0,0,0,0,0,1,normal,synthetic
SYN_0083,freelancer_it,49,1,47602000,0,0,0,1,0,0,high_season,synthetic
SYN_0083,freelancer_it,50,2,51513000,0,0,0,1,0,0,high_season,synthetic
SYN_0083,freelancer_it,51,3,42348000,0,0,0,1,0,0,high_season,synthetic
SYN_0083,freelancer_it,52,4,69893000,0,0,0,1,0,1,high_season,synthetic
SYN_0084,kurir,1,1,744000,0,0,0,0,1,0,low_season,synthetic
SYN_0084,kurir,2,2,915000,0,0,0,0,1,0,low_season,synthetic
SYN_0084,kurir,3,3,936000,0,0,0,0,1,0,low_season,synthetic
SYN_0084,kurir,4,4,1080000,0,0,0,0,1,1,low_season,synthetic
SYN_0084,kurir,5,1,792000,0,0,0,0,1,0,low_season,synthetic
SYN_0084,kurir,6,2,1059000,0,0,0,0,1,0,low_season,synthetic
SYN_0084,kurir,7,3,1180000,0,0,0,0,0,0,normal,synthetic
SYN_0084,kurir,8,4,1491000,0,0,0,0,0,1,normal,synthetic
SYN_0084,kurir,9,1,1148000,0,0,0,0,0,0,normal,synthetic
SYN_0084,kurir,10,2,1784000,1,0,0,0,0,0,high_season,synthetic
SYN_0084,kurir,11,3,1844000,1,0,0,0,0,0,high_season,synthetic
SYN_0084,kurir,12,4,2079000,1,0,0,0,0,1,high_season,synthetic
SYN_0084,kurir,13,1,1405000,1,0,0,0,0,0,high_season,synthetic
SYN_0084,kurir,14,2,2300000,0,1,0,0,0,0,high_season,synthetic
SYN_0084,kurir,15,3,798000,0,0,1,0,0,0,low_season,synthetic
SYN_0084,kurir,16,4,927000,0,0,1,0,0,1,low_season,synthetic
SYN_0084,kurir,17,1,1065000,0,0,0,0,0,0,normal,synthetic
SYN_0084,kurir,18,2,1106000,0,0,0,0,0,0,normal,synthetic
SYN_0084,kurir,19,3,1158000,0,0,0,0,0,0,normal,synthetic
SYN_0084,kurir,20,4,1486000,0,0,0,0,0,1,normal,synthetic
SYN_0084,kurir,21,1,1115000,0,0,0,0,0,0,normal,synthetic
SYN_0084,kurir,22,2,1107000,0,0,0,0,0,0,normal,synthetic
SYN_0084,kurir,23,3,1151000,0,0,0,0,0,0,normal,synthetic
SYN_0084,kurir,24,4,1579000,0,0,0,0,0,1,normal,synthetic
SYN_0084,kurir,25,1,1129000,0,0,0,0,0,0,normal,synthetic
SYN_0084,kurir,26,2,1422000,0,0,0,0,0,0,normal,synthetic
SYN_0084,kurir,27,3,1327000,0,0,0,0,0,0,normal,synthetic
SYN_0084,kurir,28,4,1588000,0,0,0,0,0,1,normal,synthetic
SYN_0084,kurir,29,1,950000,0,0,0,0,0,0,normal,synthetic
SYN_0084,kurir,30,2,1283000,0,0,0,0,0,0,normal,synthetic
SYN_0084,kurir,31,3,1197000,0,0,0,0,0,0,normal,synthetic
SYN_0084,kurir,32,4,1373000,0,0,0,0,0,1,normal,synthetic
SYN_0084,kurir,33,1,1098000,0,0,0,0,0,0,normal,synthetic
SYN_0084,kurir,34,2,1302000,0,0,0,0,0,0,normal,synthetic
SYN_0084,kurir,35,3,1255000,0,0,0,0,0,0,normal,synthetic
SYN_0084,kurir,36,4,1331000,0,0,0,0,0,1,normal,synthetic
SYN_0084,kurir,37,1,1153000,0,0,0,0,0,0,normal,synthetic
SYN_0084,kurir,38,2,1135000,0,0,0,0,0,0,normal,synthetic
SYN_0084,kurir,39,3,1225000,0,0,0,0,0,0,normal,synthetic
SYN_0084,kurir,40,4,1404000,0,0,0,0,0,1,normal,synthetic
SYN_0084,kurir,41,1,1061000,0,0,0,0,0,0,normal,synthetic
SYN_0084,kurir,42,2,1283000,0,0,0,0,0,0,normal,synthetic
SYN_0084,kurir,43,3,1092000,0,0,0,0,0,0,normal,synthetic
SYN_0084,kurir,44,4,1690000,0,0,0,0,0,1,normal,synthetic
SYN_0084,kurir,45,1,909000,0,0,0,0,0,0,normal,synthetic
SYN_0084,kurir,46,2,1139000,0,0,0,0,0,0,normal,synthetic
SYN_0084,kurir,47,3,1241000,0,0,0,0,0,0,normal,synthetic
SYN_0084,kurir,48,4,1517000,0,0,0,0,0,1,normal,synthetic
SYN_0084,kurir,49,1,1394000,0,0,0,1,0,0,high_season,synthetic
SYN_0084,kurir,50,2,1555000,0,0,0,1,0,0,high_season,synthetic
SYN_0084,kurir,51,3,1619000,0,0,0,1,0,0,high_season,synthetic
SYN_0084,kurir,52,4,1837000,0,0,0,1,0,1,high_season,synthetic
SYN_0085,freelancer_it,1,1,10964000,0,0,0,0,1,0,low_season,synthetic
SYN_0085,freelancer_it,2,2,13059000,0,0,0,0,1,0,low_season,synthetic
SYN_0085,freelancer_it,3,3,8688000,0,0,0,0,1,0,low_season,synthetic
SYN_0085,freelancer_it,4,4,13534000,0,0,0,0,1,1,low_season,synthetic
SYN_0085,freelancer_it,5,1,9353000,0,0,0,0,1,0,low_season,synthetic
SYN_0085,freelancer_it,6,2,11918000,0,0,0,0,1,0,low_season,synthetic
SYN_0085,freelancer_it,7,3,10596000,0,0,0,0,0,0,normal,synthetic
SYN_0085,freelancer_it,8,4,18821000,0,0,0,0,0,1,normal,synthetic
SYN_0085,freelancer_it,9,1,8907000,0,0,0,0,0,0,normal,synthetic
SYN_0085,freelancer_it,10,2,17885000,1,0,0,0,0,0,high_season,synthetic
SYN_0085,freelancer_it,11,3,19645000,1,0,0,0,0,0,high_season,synthetic
SYN_0085,freelancer_it,12,4,20087000,1,0,0,0,0,1,high_season,synthetic
SYN_0085,freelancer_it,13,1,14699000,1,0,0,0,0,0,high_season,synthetic
SYN_0085,freelancer_it,14,2,23045000,0,1,0,0,0,0,high_season,synthetic
SYN_0085,freelancer_it,15,3,9037000,0,0,1,0,0,0,low_season,synthetic
SYN_0085,freelancer_it,16,4,10737000,0,0,1,0,0,1,low_season,synthetic
SYN_0085,freelancer_it,17,1,12876000,0,0,0,0,0,0,normal,synthetic
SYN_0085,freelancer_it,18,2,12066000,0,0,0,0,0,0,normal,synthetic
SYN_0085,freelancer_it,19,3,13343000,0,0,0,0,0,0,normal,synthetic
SYN_0085,freelancer_it,20,4,14239000,0,0,0,0,0,1,normal,synthetic
SYN_0085,freelancer_it,21,1,10128000,0,0,0,0,0,0,normal,synthetic
SYN_0085,freelancer_it,22,2,12262000,0,0,0,0,0,0,normal,synthetic
SYN_0085,freelancer_it,23,3,11880000,0,0,0,0,0,0,normal,synthetic
SYN_0085,freelancer_it,24,4,14363000,0,0,0,0,0,1,normal,synthetic
SYN_0085,freelancer_it,25,1,13370000,0,0,0,0,0,0,normal,synthetic
SYN_0085,freelancer_it,26,2,12317000,0,0,0,0,0,0,normal,synthetic
SYN_0085,freelancer_it,27,3,11586000,0,0,0,0,0,0,normal,synthetic
SYN_0085,freelancer_it,28,4,15386000,0,0,0,0,0,1,normal,synthetic
SYN_0085,freelancer_it,29,1,11662000,0,0,0,0,0,0,normal,synthetic
SYN_0085,freelancer_it,30,2,10649000,0,0,0,0,0,0,normal,synthetic
SYN_0085,freelancer_it,31,3,12238000,0,0,0,0,0,0,normal,synthetic
SYN_0085,freelancer_it,32,4,14599000,0,0,0,0,0,1,normal,synthetic
SYN_0085,freelancer_it,33,1,11217000,0,0,0,0,0,0,normal,synthetic
SYN_0085,freelancer_it,34,2,14069000,0,0,0,0,0,0,normal,synthetic
SYN_0085,freelancer_it,35,3,13016000,0,0,0,0,0,0,normal,synthetic
SYN_0085,freelancer_it,36,4,17960000,0,0,0,0,0,1,normal,synthetic
SYN_0085,freelancer_it,37,1,11476000,0,0,0,0,0,0,normal,synthetic
SYN_0085,freelancer_it,38,2,15947000,0,0,0,0,0,0,normal,synthetic
SYN_0085,freelancer_it,39,3,11948000,0,0,0,0,0,0,normal,synthetic
SYN_0085,freelancer_it,40,4,13675000,0,0,0,0,0,1,normal,synthetic
SYN_0085,freelancer_it,41,1,12375000,0,0,0,0,0,0,normal,synthetic
SYN_0085,freelancer_it,42,2,15210000,0,0,0,0,0,0,normal,synthetic
SYN_0085,freelancer_it,43,3,10306000,0,0,0,0,0,0,normal,synthetic
SYN_0085,freelancer_it,44,4,14903000,0,0,0,0,0,1,normal,synthetic
SYN_0085,freelancer_it,45,1,10511000,0,0,0,0,0,0,normal,synthetic
SYN_0085,freelancer_it,46,2,13027000,0,0,0,0,0,0,normal,synthetic
SYN_0085,freelancer_it,47,3,12789000,0,0,0,0,0,0,normal,synthetic
SYN_0085,freelancer_it,48,4,18212000,0,0,0,0,0,1,normal,synthetic
SYN_0085,freelancer_it,49,1,14716000,0,0,0,1,0,0,high_season,synthetic
SYN_0085,freelancer_it,50,2,19798000,0,0,0,1,0,0,high_season,synthetic
SYN_0085,freelancer_it,51,3,15870000,0,0,0,1,0,0,high_season,synthetic
SYN_0085,freelancer_it,52,4,22508000,0,0,0,1,0,1,high_season,synthetic
SYN_0086,kurir,1,1,998000,0,0,0,0,1,0,low_season,synthetic
SYN_0086,kurir,2,2,1081000,0,0,0,0,1,0,low_season,synthetic
SYN_0086,kurir,3,3,876000,0,0,0,0,1,0,low_season,synthetic
SYN_0086,kurir,4,4,1137000,0,0,0,0,1,1,low_season,synthetic
SYN_0086,kurir,5,1,846000,0,0,0,0,1,0,low_season,synthetic
SYN_0086,kurir,6,2,1011000,0,0,0,0,1,0,low_season,synthetic
SYN_0086,kurir,7,3,1209000,0,0,0,0,0,0,normal,synthetic
SYN_0086,kurir,8,4,1267000,0,0,0,0,0,1,normal,synthetic
SYN_0086,kurir,9,1,1032000,0,0,0,0,0,0,normal,synthetic
SYN_0086,kurir,10,2,1359000,1,0,0,0,0,0,high_season,synthetic
SYN_0086,kurir,11,3,1863000,1,0,0,0,0,0,high_season,synthetic
SYN_0086,kurir,12,4,1894000,1,0,0,0,0,1,high_season,synthetic
SYN_0086,kurir,13,1,1495000,1,0,0,0,0,0,high_season,synthetic
SYN_0086,kurir,14,2,1941000,0,1,0,0,0,0,high_season,synthetic
SYN_0086,kurir,15,3,879000,0,0,1,0,0,0,low_season,synthetic
SYN_0086,kurir,16,4,719000,0,0,1,0,0,1,low_season,synthetic
SYN_0086,kurir,17,1,1025000,0,0,0,0,0,0,normal,synthetic
SYN_0086,kurir,18,2,1130000,0,0,0,0,0,0,normal,synthetic
SYN_0086,kurir,19,3,1095000,0,0,0,0,0,0,normal,synthetic
SYN_0086,kurir,20,4,1576000,0,0,0,0,0,1,normal,synthetic
SYN_0086,kurir,21,1,946000,0,0,0,0,0,0,normal,synthetic
SYN_0086,kurir,22,2,1218000,0,0,0,0,0,0,normal,synthetic
SYN_0086,kurir,23,3,1176000,0,0,0,0,0,0,normal,synthetic
SYN_0086,kurir,24,4,1520000,0,0,0,0,0,1,normal,synthetic
SYN_0086,kurir,25,1,966000,0,0,0,0,0,0,normal,synthetic
SYN_0086,kurir,26,2,1067000,0,0,0,0,0,0,normal,synthetic
SYN_0086,kurir,27,3,1250000,0,0,0,0,0,0,normal,synthetic
SYN_0086,kurir,28,4,1419000,0,0,0,0,0,1,normal,synthetic
SYN_0086,kurir,29,1,887000,0,0,0,0,0,0,normal,synthetic
SYN_0086,kurir,30,2,1086000,0,0,0,0,0,0,normal,synthetic
SYN_0086,kurir,31,3,1179000,0,0,0,0,0,0,normal,synthetic
SYN_0086,kurir,32,4,1469000,0,0,0,0,0,1,normal,synthetic
SYN_0086,kurir,33,1,965000,0,0,0,0,0,0,normal,synthetic
SYN_0086,kurir,34,2,848000,0,0,0,0,0,0,normal,synthetic
SYN_0086,kurir,35,3,1193000,0,0,0,0,0,0,normal,synthetic
SYN_0086,kurir,36,4,1221000,0,0,0,0,0,1,normal,synthetic
SYN_0086,kurir,37,1,844000,0,0,0,0,0,0,normal,synthetic
SYN_0086,kurir,38,2,856000,0,0,0,0,0,0,normal,synthetic
SYN_0086,kurir,39,3,1222000,0,0,0,0,0,0,normal,synthetic
SYN_0086,kurir,40,4,1384000,0,0,0,0,0,1,normal,synthetic
SYN_0086,kurir,41,1,1006000,0,0,0,0,0,0,normal,synthetic
SYN_0086,kurir,42,2,1280000,0,0,0,0,0,0,normal,synthetic
SYN_0086,kurir,43,3,1204000,0,0,0,0,0,0,normal,synthetic
SYN_0086,kurir,44,4,1563000,0,0,0,0,0,1,normal,synthetic
SYN_0086,kurir,45,1,900000,0,0,0,0,0,0,normal,synthetic
SYN_0086,kurir,46,2,1137000,0,0,0,0,0,0,normal,synthetic
SYN_0086,kurir,47,3,978000,0,0,0,0,0,0,normal,synthetic
SYN_0086,kurir,48,4,1341000,0,0,0,0,0,1,normal,synthetic
SYN_0086,kurir,49,1,1305000,0,0,0,1,0,0,high_season,synthetic
SYN_0086,kurir,50,2,1564000,0,0,0,1,0,0,high_season,synthetic
SYN_0086,kurir,51,3,1488000,0,0,0,1,0,0,high_season,synthetic
SYN_0086,kurir,52,4,1876000,0,0,0,1,0,1,high_season,synthetic
SYN_0087,freelancer_it,1,1,8041000,0,0,0,0,1,0,low_season,synthetic
SYN_0087,freelancer_it,2,2,7798000,0,0,0,0,1,0,low_season,synthetic
SYN_0087,freelancer_it,3,3,8476000,0,0,0,0,1,0,low_season,synthetic
SYN_0087,freelancer_it,4,4,9194000,0,0,0,0,1,1,low_season,synthetic
SYN_0087,freelancer_it,5,1,10234000,0,0,0,0,1,0,low_season,synthetic
SYN_0087,freelancer_it,6,2,7931000,0,0,0,0,1,0,low_season,synthetic
SYN_0087,freelancer_it,7,3,11325000,0,0,0,0,0,0,normal,synthetic
SYN_0087,freelancer_it,8,4,11835000,0,0,0,0,0,1,normal,synthetic
SYN_0087,freelancer_it,9,1,7790000,0,0,0,0,0,0,normal,synthetic
SYN_0087,freelancer_it,10,2,15394000,1,0,0,0,0,0,high_season,synthetic
SYN_0087,freelancer_it,11,3,15820000,1,0,0,0,0,0,high_season,synthetic
SYN_0087,freelancer_it,12,4,19381000,1,0,0,0,0,1,high_season,synthetic
SYN_0087,freelancer_it,13,1,8532000,1,0,0,0,0,0,high_season,synthetic
SYN_0087,freelancer_it,14,2,14953000,0,1,0,0,0,0,high_season,synthetic
SYN_0087,freelancer_it,15,3,8201000,0,0,1,0,0,0,low_season,synthetic
SYN_0087,freelancer_it,16,4,7556000,0,0,1,0,0,1,low_season,synthetic
SYN_0087,freelancer_it,17,1,9562000,0,0,0,0,0,0,normal,synthetic
SYN_0087,freelancer_it,18,2,8511000,0,0,0,0,0,0,normal,synthetic
SYN_0087,freelancer_it,19,3,11389000,0,0,0,0,0,0,normal,synthetic
SYN_0087,freelancer_it,20,4,14013000,0,0,0,0,0,1,normal,synthetic
SYN_0087,freelancer_it,21,1,10250000,0,0,0,0,0,0,normal,synthetic
SYN_0087,freelancer_it,22,2,11824000,0,0,0,0,0,0,normal,synthetic
SYN_0087,freelancer_it,23,3,12592000,0,0,0,0,0,0,normal,synthetic
SYN_0087,freelancer_it,24,4,10359000,0,0,0,0,0,1,normal,synthetic
SYN_0087,freelancer_it,25,1,8271000,0,0,0,0,0,0,normal,synthetic
SYN_0087,freelancer_it,26,2,11629000,0,0,0,0,0,0,normal,synthetic
SYN_0087,freelancer_it,27,3,11965000,0,0,0,0,0,0,normal,synthetic
SYN_0087,freelancer_it,28,4,11226000,0,0,0,0,0,1,normal,synthetic
SYN_0087,freelancer_it,29,1,8329000,0,0,0,0,0,0,normal,synthetic
SYN_0087,freelancer_it,30,2,9387000,0,0,0,0,0,0,normal,synthetic
SYN_0087,freelancer_it,31,3,8009000,0,0,0,0,0,0,normal,synthetic
SYN_0087,freelancer_it,32,4,10190000,0,0,0,0,0,1,normal,synthetic
SYN_0087,freelancer_it,33,1,7674000,0,0,0,0,0,0,normal,synthetic
SYN_0087,freelancer_it,34,2,9905000,0,0,0,0,0,0,normal,synthetic
SYN_0087,freelancer_it,35,3,10722000,0,0,0,0,0,0,normal,synthetic
SYN_0087,freelancer_it,36,4,13149000,0,0,0,0,0,1,normal,synthetic
SYN_0087,freelancer_it,37,1,8636000,0,0,0,0,0,0,normal,synthetic
SYN_0087,freelancer_it,38,2,9631000,0,0,0,0,0,0,normal,synthetic
SYN_0087,freelancer_it,39,3,10509000,0,0,0,0,0,0,normal,synthetic
SYN_0087,freelancer_it,40,4,9800000,0,0,0,0,0,1,normal,synthetic
SYN_0087,freelancer_it,41,1,10546000,0,0,0,0,0,0,normal,synthetic
SYN_0087,freelancer_it,42,2,12190000,0,0,0,0,0,0,normal,synthetic
SYN_0087,freelancer_it,43,3,9426000,0,0,0,0,0,0,normal,synthetic
SYN_0087,freelancer_it,44,4,11705000,0,0,0,0,0,1,normal,synthetic
SYN_0087,freelancer_it,45,1,10916000,0,0,0,0,0,0,normal,synthetic
SYN_0087,freelancer_it,46,2,10153000,0,0,0,0,0,0,normal,synthetic
SYN_0087,freelancer_it,47,3,11181000,0,0,0,0,0,0,normal,synthetic
SYN_0087,freelancer_it,48,4,12236000,0,0,0,0,0,1,normal,synthetic
SYN_0087,freelancer_it,49,1,14720000,0,0,0,1,0,0,high_season,synthetic
SYN_0087,freelancer_it,50,2,14351000,0,0,0,1,0,0,high_season,synthetic
SYN_0087,freelancer_it,51,3,14459000,0,0,0,1,0,0,high_season,synthetic
SYN_0087,freelancer_it,52,4,17393000,0,0,0,1,0,1,high_season,synthetic
SYN_0088,content_creator,1,1,19748000,0,0,0,0,1,0,low_season,synthetic
SYN_0088,content_creator,2,2,21478000,0,0,0,0,1,0,low_season,synthetic
SYN_0088,content_creator,3,3,30922000,0,0,0,0,1,0,low_season,synthetic
SYN_0088,content_creator,4,4,31482000,0,0,0,0,1,1,low_season,synthetic
SYN_0088,content_creator,5,1,21995000,0,0,0,0,1,0,low_season,synthetic
SYN_0088,content_creator,6,2,22061000,0,0,0,0,1,0,low_season,synthetic
SYN_0088,content_creator,7,3,30054000,0,0,0,0,0,0,normal,synthetic
SYN_0088,content_creator,8,4,33377000,0,0,0,0,0,1,normal,synthetic
SYN_0088,content_creator,9,1,23006000,0,0,0,0,0,0,normal,synthetic
SYN_0088,content_creator,10,2,34875000,1,0,0,0,0,0,high_season,synthetic
SYN_0088,content_creator,11,3,36353000,1,0,0,0,0,0,high_season,synthetic
SYN_0088,content_creator,12,4,19006000,1,0,0,0,0,1,high_season,synthetic
SYN_0088,content_creator,13,1,34460000,1,0,0,0,0,0,high_season,synthetic
SYN_0088,content_creator,14,2,40608000,0,1,0,0,0,0,high_season,synthetic
SYN_0088,content_creator,15,3,22915000,0,0,1,0,0,0,low_season,synthetic
SYN_0088,content_creator,16,4,21446000,0,0,1,0,0,1,low_season,synthetic
SYN_0088,content_creator,17,1,17997000,0,0,0,0,0,0,normal,synthetic
SYN_0088,content_creator,18,2,25213000,0,0,0,0,0,0,normal,synthetic
SYN_0088,content_creator,19,3,20651000,0,0,0,0,0,0,normal,synthetic
SYN_0088,content_creator,20,4,33132000,0,0,0,0,0,1,normal,synthetic
SYN_0088,content_creator,21,1,24097000,0,0,0,0,0,0,normal,synthetic
SYN_0088,content_creator,22,2,29828000,0,0,0,0,0,0,normal,synthetic
SYN_0088,content_creator,23,3,21820000,0,0,0,0,0,0,normal,synthetic
SYN_0088,content_creator,24,4,30717000,0,0,0,0,0,1,normal,synthetic
SYN_0088,content_creator,25,1,17272000,0,0,0,0,0,0,normal,synthetic
SYN_0088,content_creator,26,2,28654000,0,0,0,0,0,0,normal,synthetic
SYN_0088,content_creator,27,3,27818000,0,0,0,0,0,0,normal,synthetic
SYN_0088,content_creator,28,4,33255000,0,0,0,0,0,1,normal,synthetic
SYN_0088,content_creator,29,1,22904000,0,0,0,0,0,0,normal,synthetic
SYN_0088,content_creator,30,2,27341000,0,0,0,0,0,0,normal,synthetic
SYN_0088,content_creator,31,3,32789000,0,0,0,0,0,0,normal,synthetic
SYN_0088,content_creator,32,4,28963000,0,0,0,0,0,1,normal,synthetic
SYN_0088,content_creator,33,1,23469000,0,0,0,0,0,0,normal,synthetic
SYN_0088,content_creator,34,2,20468000,0,0,0,0,0,0,normal,synthetic
SYN_0088,content_creator,35,3,21466000,0,0,0,0,0,0,normal,synthetic
SYN_0088,content_creator,36,4,31068000,0,0,0,0,0,1,normal,synthetic
SYN_0088,content_creator,37,1,27448000,0,0,0,0,0,0,normal,synthetic
SYN_0088,content_creator,38,2,24268000,0,0,0,0,0,0,normal,synthetic
SYN_0088,content_creator,39,3,24361000,0,0,0,0,0,0,normal,synthetic
SYN_0088,content_creator,40,4,28294000,0,0,0,0,0,1,normal,synthetic
SYN_0088,content_creator,41,1,20694000,0,0,0,0,0,0,normal,synthetic
SYN_0088,content_creator,42,2,26793000,0,0,0,0,0,0,normal,synthetic
SYN_0088,content_creator,43,3,18585000,0,0,0,0,0,0,normal,synthetic
SYN_0088,content_creator,44,4,37569000,0,0,0,0,0,1,normal,synthetic
SYN_0088,content_creator,45,1,20155000,0,0,0,0,0,0,normal,synthetic
SYN_0088,content_creator,46,2,28748000,0,0,0,0,0,0,normal,synthetic
SYN_0088,content_creator,47,3,19626000,0,0,0,0,0,0,normal,synthetic
SYN_0088,content_creator,48,4,34206000,0,0,0,0,0,1,normal,synthetic
SYN_0088,content_creator,49,1,33367000,0,0,0,1,0,0,high_season,synthetic
SYN_0088,content_creator,50,2,35362000,0,0,0,1,0,0,high_season,synthetic
SYN_0088,content_creator,51,3,27154000,0,0,0,1,0,0,high_season,synthetic
SYN_0088,content_creator,52,4,41472000,0,0,0,1,0,1,high_season,synthetic
SYN_0089,kurir,1,1,846000,0,0,0,0,1,0,low_season,synthetic
SYN_0089,kurir,2,2,979000,0,0,0,0,1,0,low_season,synthetic
SYN_0089,kurir,3,3,1038000,0,0,0,0,1,0,low_season,synthetic
SYN_0089,kurir,4,4,1363000,0,0,0,0,1,1,low_season,synthetic
SYN_0089,kurir,5,1,915000,0,0,0,0,1,0,low_season,synthetic
SYN_0089,kurir,6,2,1017000,0,0,0,0,1,0,low_season,synthetic
SYN_0089,kurir,7,3,1271000,0,0,0,0,0,0,normal,synthetic
SYN_0089,kurir,8,4,1439000,0,0,0,0,0,1,normal,synthetic
SYN_0089,kurir,9,1,1135000,0,0,0,0,0,0,normal,synthetic
SYN_0089,kurir,10,2,1895000,1,0,0,0,0,0,high_season,synthetic
SYN_0089,kurir,11,3,1681000,1,0,0,0,0,0,high_season,synthetic
SYN_0089,kurir,12,4,1479000,1,0,0,0,0,1,high_season,synthetic
SYN_0089,kurir,13,1,1446000,1,0,0,0,0,0,high_season,synthetic
SYN_0089,kurir,14,2,2311000,0,1,0,0,0,0,high_season,synthetic
SYN_0089,kurir,15,3,833000,0,0,1,0,0,0,low_season,synthetic
SYN_0089,kurir,16,4,973000,0,0,1,0,0,1,low_season,synthetic
SYN_0089,kurir,17,1,1185000,0,0,0,0,0,0,normal,synthetic
SYN_0089,kurir,18,2,1183000,0,0,0,0,0,0,normal,synthetic
SYN_0089,kurir,19,3,974000,0,0,0,0,0,0,normal,synthetic
SYN_0089,kurir,20,4,1243000,0,0,0,0,0,1,normal,synthetic
SYN_0089,kurir,21,1,1114000,0,0,0,0,0,0,normal,synthetic
SYN_0089,kurir,22,2,1187000,0,0,0,0,0,0,normal,synthetic
SYN_0089,kurir,23,3,1347000,0,0,0,0,0,0,normal,synthetic
SYN_0089,kurir,24,4,1340000,0,0,0,0,0,1,normal,synthetic
SYN_0089,kurir,25,1,1045000,0,0,0,0,0,0,normal,synthetic
SYN_0089,kurir,26,2,1101000,0,0,0,0,0,0,normal,synthetic
SYN_0089,kurir,27,3,1139000,0,0,0,0,0,0,normal,synthetic
SYN_0089,kurir,28,4,1194000,0,0,0,0,0,1,normal,synthetic
SYN_0089,kurir,29,1,1038000,0,0,0,0,0,0,normal,synthetic
SYN_0089,kurir,30,2,1188000,0,0,0,0,0,0,normal,synthetic
SYN_0089,kurir,31,3,1179000,0,0,0,0,0,0,normal,synthetic
SYN_0089,kurir,32,4,1704000,0,0,0,0,0,1,normal,synthetic
SYN_0089,kurir,33,1,1248000,0,0,0,0,0,0,normal,synthetic
SYN_0089,kurir,34,2,1115000,0,0,0,0,0,0,normal,synthetic
SYN_0089,kurir,35,3,979000,0,0,0,0,0,0,normal,synthetic
SYN_0089,kurir,36,4,1420000,0,0,0,0,0,1,normal,synthetic
SYN_0089,kurir,37,1,1110000,0,0,0,0,0,0,normal,synthetic
SYN_0089,kurir,38,2,1103000,0,0,0,0,0,0,normal,synthetic
SYN_0089,kurir,39,3,1109000,0,0,0,0,0,0,normal,synthetic
SYN_0089,kurir,40,4,1632000,0,0,0,0,0,1,normal,synthetic
SYN_0089,kurir,41,1,1050000,0,0,0,0,0,0,normal,synthetic
SYN_0089,kurir,42,2,1263000,0,0,0,0,0,0,normal,synthetic
SYN_0089,kurir,43,3,1096000,0,0,0,0,0,0,normal,synthetic
SYN_0089,kurir,44,4,1425000,0,0,0,0,0,1,normal,synthetic
SYN_0089,kurir,45,1,1043000,0,0,0,0,0,0,normal,synthetic
SYN_0089,kurir,46,2,1123000,0,0,0,0,0,0,normal,synthetic
SYN_0089,kurir,47,3,1315000,0,0,0,0,0,0,normal,synthetic
SYN_0089,kurir,48,4,1257000,0,0,0,0,0,1,normal,synthetic
SYN_0089,kurir,49,1,1434000,0,0,0,1,0,0,high_season,synthetic
SYN_0089,kurir,50,2,1503000,0,0,0,1,0,0,high_season,synthetic
SYN_0089,kurir,51,3,1609000,0,0,0,1,0,0,high_season,synthetic
SYN_0089,kurir,52,4,1806000,0,0,0,1,0,1,high_season,synthetic
SYN_0090,freelancer_desain,1,1,46474000,0,0,0,0,1,0,low_season,synthetic
SYN_0090,freelancer_desain,2,2,44827000,0,0,0,0,1,0,low_season,synthetic
SYN_0090,freelancer_desain,3,3,45737000,0,0,0,0,1,0,low_season,synthetic
SYN_0090,freelancer_desain,4,4,54655000,0,0,0,0,1,1,low_season,synthetic
SYN_0090,freelancer_desain,5,1,36519000,0,0,0,0,1,0,low_season,synthetic
SYN_0090,freelancer_desain,6,2,46820000,0,0,0,0,1,0,low_season,synthetic
SYN_0090,freelancer_desain,7,3,54654000,0,0,0,0,0,0,normal,synthetic
SYN_0090,freelancer_desain,8,4,68806000,0,0,0,0,0,1,normal,synthetic
SYN_0090,freelancer_desain,9,1,50358000,0,0,0,0,0,0,normal,synthetic
SYN_0090,freelancer_desain,10,2,90271000,1,0,0,0,0,0,high_season,synthetic
SYN_0090,freelancer_desain,11,3,91879000,1,0,0,0,0,0,high_season,synthetic
SYN_0090,freelancer_desain,12,4,79913000,1,0,0,0,0,1,high_season,synthetic
SYN_0090,freelancer_desain,13,1,82060000,1,0,0,0,0,0,high_season,synthetic
SYN_0090,freelancer_desain,14,2,78274000,0,1,0,0,0,0,high_season,synthetic
SYN_0090,freelancer_desain,15,3,42280000,0,0,1,0,0,0,low_season,synthetic
SYN_0090,freelancer_desain,16,4,50972000,0,0,1,0,0,1,low_season,synthetic
SYN_0090,freelancer_desain,17,1,34492000,0,0,0,0,0,0,normal,synthetic
SYN_0090,freelancer_desain,18,2,56028000,0,0,0,0,0,0,normal,synthetic
SYN_0090,freelancer_desain,19,3,51069000,0,0,0,0,0,0,normal,synthetic
SYN_0090,freelancer_desain,20,4,58206000,0,0,0,0,0,1,normal,synthetic
SYN_0090,freelancer_desain,21,1,60425000,0,0,0,0,0,0,normal,synthetic
SYN_0090,freelancer_desain,22,2,49433000,0,0,0,0,0,0,normal,synthetic
SYN_0090,freelancer_desain,23,3,48084000,0,0,0,0,0,0,normal,synthetic
SYN_0090,freelancer_desain,24,4,67051000,0,0,0,0,0,1,normal,synthetic
SYN_0090,freelancer_desain,25,1,55137000,0,0,0,0,0,0,normal,synthetic
SYN_0090,freelancer_desain,26,2,53956000,0,0,0,0,0,0,normal,synthetic
SYN_0090,freelancer_desain,27,3,65510000,0,0,0,0,0,0,normal,synthetic
SYN_0090,freelancer_desain,28,4,71877000,0,0,0,0,0,1,normal,synthetic
SYN_0090,freelancer_desain,29,1,32370000,0,0,0,0,0,0,normal,synthetic
SYN_0090,freelancer_desain,30,2,50530000,0,0,0,0,0,0,normal,synthetic
SYN_0090,freelancer_desain,31,3,50244000,0,0,0,0,0,0,normal,synthetic
SYN_0090,freelancer_desain,32,4,71330000,0,0,0,0,0,1,normal,synthetic
SYN_0090,freelancer_desain,33,1,28820000,0,0,0,0,0,0,normal,synthetic
SYN_0090,freelancer_desain,34,2,77723000,0,0,0,0,0,0,normal,synthetic
SYN_0090,freelancer_desain,35,3,59898000,0,0,0,0,0,0,normal,synthetic
SYN_0090,freelancer_desain,36,4,67827000,0,0,0,0,0,1,normal,synthetic
SYN_0090,freelancer_desain,37,1,59080000,0,0,0,0,0,0,normal,synthetic
SYN_0090,freelancer_desain,38,2,75909000,0,0,0,0,0,0,normal,synthetic
SYN_0090,freelancer_desain,39,3,62899000,0,0,0,0,0,0,normal,synthetic
SYN_0090,freelancer_desain,40,4,76306000,0,0,0,0,0,1,normal,synthetic
SYN_0090,freelancer_desain,41,1,50725000,0,0,0,0,0,0,normal,synthetic
SYN_0090,freelancer_desain,42,2,53957000,0,0,0,0,0,0,normal,synthetic
SYN_0090,freelancer_desain,43,3,51004000,0,0,0,0,0,0,normal,synthetic
SYN_0090,freelancer_desain,44,4,57492000,0,0,0,0,0,1,normal,synthetic
SYN_0090,freelancer_desain,45,1,44225000,0,0,0,0,0,0,normal,synthetic
SYN_0090,freelancer_desain,46,2,43277000,0,0,0,0,0,0,normal,synthetic
SYN_0090,freelancer_desain,47,3,54537000,0,0,0,0,0,0,normal,synthetic
SYN_0090,freelancer_desain,48,4,48391000,0,0,0,0,0,1,normal,synthetic
SYN_0090,freelancer_desain,49,1,66565000,0,0,0,1,0,0,high_season,synthetic
SYN_0090,freelancer_desain,50,2,71352000,0,0,0,1,0,0,high_season,synthetic
SYN_0090,freelancer_desain,51,3,73457000,0,0,0,1,0,0,high_season,synthetic
SYN_0090,freelancer_desain,52,4,78928000,0,0,0,1,0,1,high_season,synthetic
SYN_0091,ojek_online,1,1,974000,0,0,0,0,1,0,low_season,synthetic
SYN_0091,ojek_online,2,2,1224000,0,0,0,0,1,0,low_season,synthetic
SYN_0091,ojek_online,3,3,1069000,0,0,0,0,1,0,low_season,synthetic
SYN_0091,ojek_online,4,4,1080000,0,0,0,0,1,1,low_season,synthetic
SYN_0091,ojek_online,5,1,806000,0,0,0,0,1,0,low_season,synthetic
SYN_0091,ojek_online,6,2,1041000,0,0,0,0,1,0,low_season,synthetic
SYN_0091,ojek_online,7,3,905000,0,0,0,0,0,0,normal,synthetic
SYN_0091,ojek_online,8,4,1292000,0,0,0,0,0,1,normal,synthetic
SYN_0091,ojek_online,9,1,977000,0,0,0,0,0,0,normal,synthetic
SYN_0091,ojek_online,10,2,1724000,1,0,0,0,0,0,high_season,synthetic
SYN_0091,ojek_online,11,3,1729000,1,0,0,0,0,0,high_season,synthetic
SYN_0091,ojek_online,12,4,1779000,1,0,0,0,0,1,high_season,synthetic
SYN_0091,ojek_online,13,1,1388000,1,0,0,0,0,0,high_season,synthetic
SYN_0091,ojek_online,14,2,2050000,0,1,0,0,0,0,high_season,synthetic
SYN_0091,ojek_online,15,3,711000,0,0,1,0,0,0,low_season,synthetic
SYN_0091,ojek_online,16,4,1064000,0,0,1,0,0,1,low_season,synthetic
SYN_0091,ojek_online,17,1,1073000,0,0,0,0,0,0,normal,synthetic
SYN_0091,ojek_online,18,2,1137000,0,0,0,0,0,0,normal,synthetic
SYN_0091,ojek_online,19,3,1165000,0,0,0,0,0,0,normal,synthetic
SYN_0091,ojek_online,20,4,1269000,0,0,0,0,0,1,normal,synthetic
SYN_0091,ojek_online,21,1,934000,0,0,0,0,0,0,normal,synthetic
SYN_0091,ojek_online,22,2,1063000,0,0,0,0,0,0,normal,synthetic
SYN_0091,ojek_online,23,3,1178000,0,0,0,0,0,0,normal,synthetic
SYN_0091,ojek_online,24,4,1369000,0,0,0,0,0,1,normal,synthetic
SYN_0091,ojek_online,25,1,957000,0,0,0,0,0,0,normal,synthetic
SYN_0091,ojek_online,26,2,1209000,0,0,0,0,0,0,normal,synthetic
SYN_0091,ojek_online,27,3,1094000,0,0,0,0,0,0,normal,synthetic
SYN_0091,ojek_online,28,4,1235000,0,0,0,0,0,1,normal,synthetic
SYN_0091,ojek_online,29,1,1033000,0,0,0,0,0,0,normal,synthetic
SYN_0091,ojek_online,30,2,989000,0,0,0,0,0,0,normal,synthetic
SYN_0091,ojek_online,31,3,905000,0,0,0,0,0,0,normal,synthetic
SYN_0091,ojek_online,32,4,1338000,0,0,0,0,0,1,normal,synthetic
SYN_0091,ojek_online,33,1,930000,0,0,0,0,0,0,normal,synthetic
SYN_0091,ojek_online,34,2,1084000,0,0,0,0,0,0,normal,synthetic
SYN_0091,ojek_online,35,3,995000,0,0,0,0,0,0,normal,synthetic
SYN_0091,ojek_online,36,4,1520000,0,0,0,0,0,1,normal,synthetic
SYN_0091,ojek_online,37,1,930000,0,0,0,0,0,0,normal,synthetic
SYN_0091,ojek_online,38,2,1062000,0,0,0,0,0,0,normal,synthetic
SYN_0091,ojek_online,39,3,1163000,0,0,0,0,0,0,normal,synthetic
SYN_0091,ojek_online,40,4,1132000,0,0,0,0,0,1,normal,synthetic
SYN_0091,ojek_online,41,1,841000,0,0,0,0,0,0,normal,synthetic
SYN_0091,ojek_online,42,2,1163000,0,0,0,0,0,0,normal,synthetic
SYN_0091,ojek_online,43,3,1060000,0,0,0,0,0,0,normal,synthetic
SYN_0091,ojek_online,44,4,1204000,0,0,0,0,0,1,normal,synthetic
SYN_0091,ojek_online,45,1,1072000,0,0,0,0,0,0,normal,synthetic
SYN_0091,ojek_online,46,2,1014000,0,0,0,0,0,0,normal,synthetic
SYN_0091,ojek_online,47,3,1081000,0,0,0,0,0,0,normal,synthetic
SYN_0091,ojek_online,48,4,1204000,0,0,0,0,0,1,normal,synthetic
SYN_0091,ojek_online,49,1,1350000,0,0,0,1,0,0,high_season,synthetic
SYN_0091,ojek_online,50,2,1667000,0,0,0,1,0,0,high_season,synthetic
SYN_0091,ojek_online,51,3,1148000,0,0,0,1,0,0,high_season,synthetic
SYN_0091,ojek_online,52,4,1762000,0,0,0,1,0,1,high_season,synthetic
SYN_0092,ojek_online,1,1,1086000,0,0,0,0,1,0,low_season,synthetic
SYN_0092,ojek_online,2,2,1033000,0,0,0,0,1,0,low_season,synthetic
SYN_0092,ojek_online,3,3,1241000,0,0,0,0,1,0,low_season,synthetic
SYN_0092,ojek_online,4,4,1481000,0,0,0,0,1,1,low_season,synthetic
SYN_0092,ojek_online,5,1,1151000,0,0,0,0,1,0,low_season,synthetic
SYN_0092,ojek_online,6,2,1115000,0,0,0,0,1,0,low_season,synthetic
SYN_0092,ojek_online,7,3,1352000,0,0,0,0,0,0,normal,synthetic
SYN_0092,ojek_online,8,4,1763000,0,0,0,0,0,1,normal,synthetic
SYN_0092,ojek_online,9,1,1199000,0,0,0,0,0,0,normal,synthetic
SYN_0092,ojek_online,10,2,1736000,1,0,0,0,0,0,high_season,synthetic
SYN_0092,ojek_online,11,3,1747000,1,0,0,0,0,0,high_season,synthetic
SYN_0092,ojek_online,12,4,2266000,1,0,0,0,0,1,high_season,synthetic
SYN_0092,ojek_online,13,1,1416000,1,0,0,0,0,0,high_season,synthetic
SYN_0092,ojek_online,14,2,2184000,0,1,0,0,0,0,high_season,synthetic
SYN_0092,ojek_online,15,3,997000,0,0,1,0,0,0,low_season,synthetic
SYN_0092,ojek_online,16,4,804000,0,0,1,0,0,1,low_season,synthetic
SYN_0092,ojek_online,17,1,1338000,0,0,0,0,0,0,normal,synthetic
SYN_0092,ojek_online,18,2,1428000,0,0,0,0,0,0,normal,synthetic
SYN_0092,ojek_online,19,3,1203000,0,0,0,0,0,0,normal,synthetic
SYN_0092,ojek_online,20,4,1615000,0,0,0,0,0,1,normal,synthetic
SYN_0092,ojek_online,21,1,1142000,0,0,0,0,0,0,normal,synthetic
SYN_0092,ojek_online,22,2,1443000,0,0,0,0,0,0,normal,synthetic
SYN_0092,ojek_online,23,3,1408000,0,0,0,0,0,0,normal,synthetic
SYN_0092,ojek_online,24,4,1284000,0,0,0,0,0,1,normal,synthetic
SYN_0092,ojek_online,25,1,1217000,0,0,0,0,0,0,normal,synthetic
SYN_0092,ojek_online,26,2,1239000,0,0,0,0,0,0,normal,synthetic
SYN_0092,ojek_online,27,3,1280000,0,0,0,0,0,0,normal,synthetic
SYN_0092,ojek_online,28,4,1398000,0,0,0,0,0,1,normal,synthetic
SYN_0092,ojek_online,29,1,1365000,0,0,0,0,0,0,normal,synthetic
SYN_0092,ojek_online,30,2,1416000,0,0,0,0,0,0,normal,synthetic
SYN_0092,ojek_online,31,3,1163000,0,0,0,0,0,0,normal,synthetic
SYN_0092,ojek_online,32,4,1295000,0,0,0,0,0,1,normal,synthetic
SYN_0092,ojek_online,33,1,1092000,0,0,0,0,0,0,normal,synthetic
SYN_0092,ojek_online,34,2,1330000,0,0,0,0,0,0,normal,synthetic
SYN_0092,ojek_online,35,3,1303000,0,0,0,0,0,0,normal,synthetic
SYN_0092,ojek_online,36,4,1736000,0,0,0,0,0,1,normal,synthetic
SYN_0092,ojek_online,37,1,1243000,0,0,0,0,0,0,normal,synthetic
SYN_0092,ojek_online,38,2,1406000,0,0,0,0,0,0,normal,synthetic
SYN_0092,ojek_online,39,3,1315000,0,0,0,0,0,0,normal,synthetic
SYN_0092,ojek_online,40,4,1285000,0,0,0,0,0,1,normal,synthetic
SYN_0092,ojek_online,41,1,1117000,0,0,0,0,0,0,normal,synthetic
SYN_0092,ojek_online,42,2,1419000,0,0,0,0,0,0,normal,synthetic
SYN_0092,ojek_online,43,3,1261000,0,0,0,0,0,0,normal,synthetic
SYN_0092,ojek_online,44,4,1608000,0,0,0,0,0,1,normal,synthetic
SYN_0092,ojek_online,45,1,1101000,0,0,0,0,0,0,normal,synthetic
SYN_0092,ojek_online,46,2,1122000,0,0,0,0,0,0,normal,synthetic
SYN_0092,ojek_online,47,3,1251000,0,0,0,0,0,0,normal,synthetic
SYN_0092,ojek_online,48,4,1575000,0,0,0,0,0,1,normal,synthetic
SYN_0092,ojek_online,49,1,1375000,0,0,0,1,0,0,high_season,synthetic
SYN_0092,ojek_online,50,2,1606000,0,0,0,1,0,0,high_season,synthetic
SYN_0092,ojek_online,51,3,1476000,0,0,0,1,0,0,high_season,synthetic
SYN_0092,ojek_online,52,4,2227000,0,0,0,1,0,1,high_season,synthetic
SYN_0093,freelancer_desain,1,1,8456000,0,0,0,0,1,0,low_season,synthetic
SYN_0093,freelancer_desain,2,2,15646000,0,0,0,0,1,0,low_season,synthetic
SYN_0093,freelancer_desain,3,3,20762000,0,0,0,0,1,0,low_season,synthetic
SYN_0093,freelancer_desain,4,4,13770000,0,0,0,0,1,1,low_season,synthetic
SYN_0093,freelancer_desain,5,1,13098000,0,0,0,0,1,0,low_season,synthetic
SYN_0093,freelancer_desain,6,2,18374000,0,0,0,0,1,0,low_season,synthetic
SYN_0093,freelancer_desain,7,3,12943000,0,0,0,0,0,0,normal,synthetic
SYN_0093,freelancer_desain,8,4,22256000,0,0,0,0,0,1,normal,synthetic
SYN_0093,freelancer_desain,9,1,21496000,0,0,0,0,0,0,normal,synthetic
SYN_0093,freelancer_desain,10,2,38859000,1,0,0,0,0,0,high_season,synthetic
SYN_0093,freelancer_desain,11,3,30646000,1,0,0,0,0,0,high_season,synthetic
SYN_0093,freelancer_desain,12,4,29934000,1,0,0,0,0,1,high_season,synthetic
SYN_0093,freelancer_desain,13,1,22308000,1,0,0,0,0,0,high_season,synthetic
SYN_0093,freelancer_desain,14,2,36165000,0,1,0,0,0,0,high_season,synthetic
SYN_0093,freelancer_desain,15,3,14774000,0,0,1,0,0,0,low_season,synthetic
SYN_0093,freelancer_desain,16,4,22009000,0,0,1,0,0,1,low_season,synthetic
SYN_0093,freelancer_desain,17,1,21001000,0,0,0,0,0,0,normal,synthetic
SYN_0093,freelancer_desain,18,2,20469000,0,0,0,0,0,0,normal,synthetic
SYN_0093,freelancer_desain,19,3,19114000,0,0,0,0,0,0,normal,synthetic
SYN_0093,freelancer_desain,20,4,35927000,0,0,0,0,0,1,normal,synthetic
SYN_0093,freelancer_desain,21,1,20000000,0,0,0,0,0,0,normal,synthetic
SYN_0093,freelancer_desain,22,2,18036000,0,0,0,0,0,0,normal,synthetic
SYN_0093,freelancer_desain,23,3,19471000,0,0,0,0,0,0,normal,synthetic
SYN_0093,freelancer_desain,24,4,20834000,0,0,0,0,0,1,normal,synthetic
SYN_0093,freelancer_desain,25,1,11184000,0,0,0,0,0,0,normal,synthetic
SYN_0093,freelancer_desain,26,2,21208000,0,0,0,0,0,0,normal,synthetic
SYN_0093,freelancer_desain,27,3,25957000,0,0,0,0,0,0,normal,synthetic
SYN_0093,freelancer_desain,28,4,17914000,0,0,0,0,0,1,normal,synthetic
SYN_0093,freelancer_desain,29,1,18338000,0,0,0,0,0,0,normal,synthetic
SYN_0093,freelancer_desain,30,2,17913000,0,0,0,0,0,0,normal,synthetic
SYN_0093,freelancer_desain,31,3,21882000,0,0,0,0,0,0,normal,synthetic
SYN_0093,freelancer_desain,32,4,23568000,0,0,0,0,0,1,normal,synthetic
SYN_0093,freelancer_desain,33,1,14222000,0,0,0,0,0,0,normal,synthetic
SYN_0093,freelancer_desain,34,2,17027000,0,0,0,0,0,0,normal,synthetic
SYN_0093,freelancer_desain,35,3,17514000,0,0,0,0,0,0,normal,synthetic
SYN_0093,freelancer_desain,36,4,29450000,0,0,0,0,0,1,normal,synthetic
SYN_0093,freelancer_desain,37,1,21939000,0,0,0,0,0,0,normal,synthetic
SYN_0093,freelancer_desain,38,2,19191000,0,0,0,0,0,0,normal,synthetic
SYN_0093,freelancer_desain,39,3,24165000,0,0,0,0,0,0,normal,synthetic
SYN_0093,freelancer_desain,40,4,23565000,0,0,0,0,0,1,normal,synthetic
SYN_0093,freelancer_desain,41,1,17227000,0,0,0,0,0,0,normal,synthetic
SYN_0093,freelancer_desain,42,2,20382000,0,0,0,0,0,0,normal,synthetic
SYN_0093,freelancer_desain,43,3,21118000,0,0,0,0,0,0,normal,synthetic
SYN_0093,freelancer_desain,44,4,22083000,0,0,0,0,0,1,normal,synthetic
SYN_0093,freelancer_desain,45,1,18241000,0,0,0,0,0,0,normal,synthetic
SYN_0093,freelancer_desain,46,2,22741000,0,0,0,0,0,0,normal,synthetic
SYN_0093,freelancer_desain,47,3,20616000,0,0,0,0,0,0,normal,synthetic
SYN_0093,freelancer_desain,48,4,24402000,0,0,0,0,0,1,normal,synthetic
SYN_0093,freelancer_desain,49,1,25499000,0,0,0,1,0,0,high_season,synthetic
SYN_0093,freelancer_desain,50,2,29057000,0,0,0,1,0,0,high_season,synthetic
SYN_0093,freelancer_desain,51,3,25993000,0,0,0,1,0,0,high_season,synthetic
SYN_0093,freelancer_desain,52,4,29117000,0,0,0,1,0,1,high_season,synthetic
SYN_0094,kurir,1,1,852000,0,0,0,0,1,0,low_season,synthetic
SYN_0094,kurir,2,2,827000,0,0,0,0,1,0,low_season,synthetic
SYN_0094,kurir,3,3,1155000,0,0,0,0,1,0,low_season,synthetic
SYN_0094,kurir,4,4,1029000,0,0,0,0,1,1,low_season,synthetic
SYN_0094,kurir,5,1,788000,0,0,0,0,1,0,low_season,synthetic
SYN_0094,kurir,6,2,925000,0,0,0,0,1,0,low_season,synthetic
SYN_0094,kurir,7,3,1261000,0,0,0,0,0,0,normal,synthetic
SYN_0094,kurir,8,4,1360000,0,0,0,0,0,1,normal,synthetic
SYN_0094,kurir,9,1,908000,0,0,0,0,0,0,normal,synthetic
SYN_0094,kurir,10,2,1823000,1,0,0,0,0,0,high_season,synthetic
SYN_0094,kurir,11,3,1747000,1,0,0,0,0,0,high_season,synthetic
SYN_0094,kurir,12,4,2064000,1,0,0,0,0,1,high_season,synthetic
SYN_0094,kurir,13,1,1571000,1,0,0,0,0,0,high_season,synthetic
SYN_0094,kurir,14,2,2399000,0,1,0,0,0,0,high_season,synthetic
SYN_0094,kurir,15,3,945000,0,0,1,0,0,0,low_season,synthetic
SYN_0094,kurir,16,4,894000,0,0,1,0,0,1,low_season,synthetic
SYN_0094,kurir,17,1,1165000,0,0,0,0,0,0,normal,synthetic
SYN_0094,kurir,18,2,1170000,0,0,0,0,0,0,normal,synthetic
SYN_0094,kurir,19,3,1182000,0,0,0,0,0,0,normal,synthetic
SYN_0094,kurir,20,4,1156000,0,0,0,0,0,1,normal,synthetic
SYN_0094,kurir,21,1,1004000,0,0,0,0,0,0,normal,synthetic
SYN_0094,kurir,22,2,1051000,0,0,0,0,0,0,normal,synthetic
SYN_0094,kurir,23,3,1215000,0,0,0,0,0,0,normal,synthetic
SYN_0094,kurir,24,4,1487000,0,0,0,0,0,1,normal,synthetic
SYN_0094,kurir,25,1,833000,0,0,0,0,0,0,normal,synthetic
SYN_0094,kurir,26,2,1130000,0,0,0,0,0,0,normal,synthetic
SYN_0094,kurir,27,3,1244000,0,0,0,0,0,0,normal,synthetic
SYN_0094,kurir,28,4,1336000,0,0,0,0,0,1,normal,synthetic
SYN_0094,kurir,29,1,1084000,0,0,0,0,0,0,normal,synthetic
SYN_0094,kurir,30,2,1167000,0,0,0,0,0,0,normal,synthetic
SYN_0094,kurir,31,3,1166000,0,0,0,0,0,0,normal,synthetic
SYN_0094,kurir,32,4,1326000,0,0,0,0,0,1,normal,synthetic
SYN_0094,kurir,33,1,910000,0,0,0,0,0,0,normal,synthetic
SYN_0094,kurir,34,2,1021000,0,0,0,0,0,0,normal,synthetic
SYN_0094,kurir,35,3,1203000,0,0,0,0,0,0,normal,synthetic
SYN_0094,kurir,36,4,1361000,0,0,0,0,0,1,normal,synthetic
SYN_0094,kurir,37,1,1007000,0,0,0,0,0,0,normal,synthetic
SYN_0094,kurir,38,2,1090000,0,0,0,0,0,0,normal,synthetic
SYN_0094,kurir,39,3,1102000,0,0,0,0,0,0,normal,synthetic
SYN_0094,kurir,40,4,1484000,0,0,0,0,0,1,normal,synthetic
SYN_0094,kurir,41,1,989000,0,0,0,0,0,0,normal,synthetic
SYN_0094,kurir,42,2,999000,0,0,0,0,0,0,normal,synthetic
SYN_0094,kurir,43,3,1206000,0,0,0,0,0,0,normal,synthetic
SYN_0094,kurir,44,4,1334000,0,0,0,0,0,1,normal,synthetic
SYN_0094,kurir,45,1,1022000,0,0,0,0,0,0,normal,synthetic
SYN_0094,kurir,46,2,1292000,0,0,0,0,0,0,normal,synthetic
SYN_0094,kurir,47,3,1130000,0,0,0,0,0,0,normal,synthetic
SYN_0094,kurir,48,4,1393000,0,0,0,0,0,1,normal,synthetic
SYN_0094,kurir,49,1,1187000,0,0,0,1,0,0,high_season,synthetic
SYN_0094,kurir,50,2,1444000,0,0,0,1,0,0,high_season,synthetic
SYN_0094,kurir,51,3,1551000,0,0,0,1,0,0,high_season,synthetic
SYN_0094,kurir,52,4,1525000,0,0,0,1,0,1,high_season,synthetic
SYN_0095,freelancer_desain,1,1,54331000,0,0,0,0,1,0,low_season,synthetic
SYN_0095,freelancer_desain,2,2,76157000,0,0,0,0,1,0,low_season,synthetic
SYN_0095,freelancer_desain,3,3,79131000,0,0,0,0,1,0,low_season,synthetic
SYN_0095,freelancer_desain,4,4,51644000,0,0,0,0,1,1,low_season,synthetic
SYN_0095,freelancer_desain,5,1,55499000,0,0,0,0,1,0,low_season,synthetic
SYN_0095,freelancer_desain,6,2,60378000,0,0,0,0,1,0,low_season,synthetic
SYN_0095,freelancer_desain,7,3,65310000,0,0,0,0,0,0,normal,synthetic
SYN_0095,freelancer_desain,8,4,90695000,0,0,0,0,0,1,normal,synthetic
SYN_0095,freelancer_desain,9,1,63473000,0,0,0,0,0,0,normal,synthetic
SYN_0095,freelancer_desain,10,2,89639000,1,0,0,0,0,0,high_season,synthetic
SYN_0095,freelancer_desain,11,3,101161000,1,0,0,0,0,0,high_season,synthetic
SYN_0095,freelancer_desain,12,4,145409000,1,0,0,0,0,1,high_season,synthetic
SYN_0095,freelancer_desain,13,1,94104000,1,0,0,0,0,0,high_season,synthetic
SYN_0095,freelancer_desain,14,2,134912000,0,1,0,0,0,0,high_season,synthetic
SYN_0095,freelancer_desain,15,3,46871000,0,0,1,0,0,0,low_season,synthetic
SYN_0095,freelancer_desain,16,4,63111000,0,0,1,0,0,1,low_season,synthetic
SYN_0095,freelancer_desain,17,1,50858000,0,0,0,0,0,0,normal,synthetic
SYN_0095,freelancer_desain,18,2,64462000,0,0,0,0,0,0,normal,synthetic
SYN_0095,freelancer_desain,19,3,68913000,0,0,0,0,0,0,normal,synthetic
SYN_0095,freelancer_desain,20,4,66907000,0,0,0,0,0,1,normal,synthetic
SYN_0095,freelancer_desain,21,1,54682000,0,0,0,0,0,0,normal,synthetic
SYN_0095,freelancer_desain,22,2,73574000,0,0,0,0,0,0,normal,synthetic
SYN_0095,freelancer_desain,23,3,71520000,0,0,0,0,0,0,normal,synthetic
SYN_0095,freelancer_desain,24,4,94925000,0,0,0,0,0,1,normal,synthetic
SYN_0095,freelancer_desain,25,1,56999000,0,0,0,0,0,0,normal,synthetic
SYN_0095,freelancer_desain,26,2,70710000,0,0,0,0,0,0,normal,synthetic
SYN_0095,freelancer_desain,27,3,62532000,0,0,0,0,0,0,normal,synthetic
SYN_0095,freelancer_desain,28,4,93576000,0,0,0,0,0,1,normal,synthetic
SYN_0095,freelancer_desain,29,1,75072000,0,0,0,0,0,0,normal,synthetic
SYN_0095,freelancer_desain,30,2,75483000,0,0,0,0,0,0,normal,synthetic
SYN_0095,freelancer_desain,31,3,81961000,0,0,0,0,0,0,normal,synthetic
SYN_0095,freelancer_desain,32,4,84514000,0,0,0,0,0,1,normal,synthetic
SYN_0095,freelancer_desain,33,1,71186000,0,0,0,0,0,0,normal,synthetic
SYN_0095,freelancer_desain,34,2,70910000,0,0,0,0,0,0,normal,synthetic
SYN_0095,freelancer_desain,35,3,58575000,0,0,0,0,0,0,normal,synthetic
SYN_0095,freelancer_desain,36,4,87396000,0,0,0,0,0,1,normal,synthetic
SYN_0095,freelancer_desain,37,1,53016000,0,0,0,0,0,0,normal,synthetic
SYN_0095,freelancer_desain,38,2,96287000,0,0,0,0,0,0,normal,synthetic
SYN_0095,freelancer_desain,39,3,66319000,0,0,0,0,0,0,normal,synthetic
SYN_0095,freelancer_desain,40,4,92754000,0,0,0,0,0,1,normal,synthetic
SYN_0095,freelancer_desain,41,1,62933000,0,0,0,0,0,0,normal,synthetic
SYN_0095,freelancer_desain,42,2,56235000,0,0,0,0,0,0,normal,synthetic
SYN_0095,freelancer_desain,43,3,48781000,0,0,0,0,0,0,normal,synthetic
SYN_0095,freelancer_desain,44,4,94153000,0,0,0,0,0,1,normal,synthetic
SYN_0095,freelancer_desain,45,1,78690000,0,0,0,0,0,0,normal,synthetic
SYN_0095,freelancer_desain,46,2,61827000,0,0,0,0,0,0,normal,synthetic
SYN_0095,freelancer_desain,47,3,51492000,0,0,0,0,0,0,normal,synthetic
SYN_0095,freelancer_desain,48,4,79703000,0,0,0,0,0,1,normal,synthetic
SYN_0095,freelancer_desain,49,1,69684000,0,0,0,1,0,0,high_season,synthetic
SYN_0095,freelancer_desain,50,2,81606000,0,0,0,1,0,0,high_season,synthetic
SYN_0095,freelancer_desain,51,3,99979000,0,0,0,1,0,0,high_season,synthetic
SYN_0095,freelancer_desain,52,4,108418000,0,0,0,1,0,1,high_season,synthetic
SYN_0096,ojek_online,1,1,740000,0,0,0,0,1,0,low_season,synthetic
SYN_0096,ojek_online,2,2,817000,0,0,0,0,1,0,low_season,synthetic
SYN_0096,ojek_online,3,3,848000,0,0,0,0,1,0,low_season,synthetic
SYN_0096,ojek_online,4,4,1062000,0,0,0,0,1,1,low_season,synthetic
SYN_0096,ojek_online,5,1,760000,0,0,0,0,1,0,low_season,synthetic
SYN_0096,ojek_online,6,2,849000,0,0,0,0,1,0,low_season,synthetic
SYN_0096,ojek_online,7,3,782000,0,0,0,0,0,0,normal,synthetic
SYN_0096,ojek_online,8,4,1148000,0,0,0,0,0,1,normal,synthetic
SYN_0096,ojek_online,9,1,902000,0,0,0,0,0,0,normal,synthetic
SYN_0096,ojek_online,10,2,1492000,1,0,0,0,0,0,high_season,synthetic
SYN_0096,ojek_online,11,3,1272000,1,0,0,0,0,0,high_season,synthetic
SYN_0096,ojek_online,12,4,1533000,1,0,0,0,0,1,high_season,synthetic
SYN_0096,ojek_online,13,1,1161000,1,0,0,0,0,0,high_season,synthetic
SYN_0096,ojek_online,14,2,1764000,0,1,0,0,0,0,high_season,synthetic
SYN_0096,ojek_online,15,3,743000,0,0,1,0,0,0,low_season,synthetic
SYN_0096,ojek_online,16,4,762000,0,0,1,0,0,1,low_season,synthetic
SYN_0096,ojek_online,17,1,943000,0,0,0,0,0,0,normal,synthetic
SYN_0096,ojek_online,18,2,964000,0,0,0,0,0,0,normal,synthetic
SYN_0096,ojek_online,19,3,938000,0,0,0,0,0,0,normal,synthetic
SYN_0096,ojek_online,20,4,1114000,0,0,0,0,0,1,normal,synthetic
SYN_0096,ojek_online,21,1,927000,0,0,0,0,0,0,normal,synthetic
SYN_0096,ojek_online,22,2,986000,0,0,0,0,0,0,normal,synthetic
SYN_0096,ojek_online,23,3,1193000,0,0,0,0,0,0,normal,synthetic
SYN_0096,ojek_online,24,4,1032000,0,0,0,0,0,1,normal,synthetic
SYN_0096,ojek_online,25,1,906000,0,0,0,0,0,0,normal,synthetic
SYN_0096,ojek_online,26,2,895000,0,0,0,0,0,0,normal,synthetic
SYN_0096,ojek_online,27,3,858000,0,0,0,0,0,0,normal,synthetic
SYN_0096,ojek_online,28,4,1140000,0,0,0,0,0,1,normal,synthetic
SYN_0096,ojek_online,29,1,869000,0,0,0,0,0,0,normal,synthetic
SYN_0096,ojek_online,30,2,1262000,0,0,0,0,0,0,normal,synthetic
SYN_0096,ojek_online,31,3,931000,0,0,0,0,0,0,normal,synthetic
SYN_0096,ojek_online,32,4,997000,0,0,0,0,0,1,normal,synthetic
SYN_0096,ojek_online,33,1,882000,0,0,0,0,0,0,normal,synthetic
SYN_0096,ojek_online,34,2,730000,0,0,0,0,0,0,normal,synthetic
SYN_0096,ojek_online,35,3,941000,0,0,0,0,0,0,normal,synthetic
SYN_0096,ojek_online,36,4,1143000,0,0,0,0,0,1,normal,synthetic
SYN_0096,ojek_online,37,1,932000,0,0,0,0,0,0,normal,synthetic
SYN_0096,ojek_online,38,2,1055000,0,0,0,0,0,0,normal,synthetic
SYN_0096,ojek_online,39,3,897000,0,0,0,0,0,0,normal,synthetic
SYN_0096,ojek_online,40,4,1122000,0,0,0,0,0,1,normal,synthetic
SYN_0096,ojek_online,41,1,782000,0,0,0,0,0,0,normal,synthetic
SYN_0096,ojek_online,42,2,831000,0,0,0,0,0,0,normal,synthetic
SYN_0096,ojek_online,43,3,984000,0,0,0,0,0,0,normal,synthetic
SYN_0096,ojek_online,44,4,978000,0,0,0,0,0,1,normal,synthetic
SYN_0096,ojek_online,45,1,816000,0,0,0,0,0,0,normal,synthetic
SYN_0096,ojek_online,46,2,845000,0,0,0,0,0,0,normal,synthetic
SYN_0096,ojek_online,47,3,1010000,0,0,0,0,0,0,normal,synthetic
SYN_0096,ojek_online,48,4,1371000,0,0,0,0,0,1,normal,synthetic
SYN_0096,ojek_online,49,1,950000,0,0,0,1,0,0,high_season,synthetic
SYN_0096,ojek_online,50,2,980000,0,0,0,1,0,0,high_season,synthetic
SYN_0096,ojek_online,51,3,1219000,0,0,0,1,0,0,high_season,synthetic
SYN_0096,ojek_online,52,4,1486000,0,0,0,1,0,1,high_season,synthetic
SYN_0097,ojek_online,1,1,937000,0,0,0,0,1,0,low_season,synthetic
SYN_0097,ojek_online,2,2,925000,0,0,0,0,1,0,low_season,synthetic
SYN_0097,ojek_online,3,3,856000,0,0,0,0,1,0,low_season,synthetic
SYN_0097,ojek_online,4,4,1353000,0,0,0,0,1,1,low_season,synthetic
SYN_0097,ojek_online,5,1,932000,0,0,0,0,1,0,low_season,synthetic
SYN_0097,ojek_online,6,2,1044000,0,0,0,0,1,0,low_season,synthetic
SYN_0097,ojek_online,7,3,1111000,0,0,0,0,0,0,normal,synthetic
SYN_0097,ojek_online,8,4,1304000,0,0,0,0,0,1,normal,synthetic
SYN_0097,ojek_online,9,1,779000,0,0,0,0,0,0,normal,synthetic
SYN_0097,ojek_online,10,2,1687000,1,0,0,0,0,0,high_season,synthetic
SYN_0097,ojek_online,11,3,2010000,1,0,0,0,0,0,high_season,synthetic
SYN_0097,ojek_online,12,4,1870000,1,0,0,0,0,1,high_season,synthetic
SYN_0097,ojek_online,13,1,1292000,1,0,0,0,0,0,high_season,synthetic
SYN_0097,ojek_online,14,2,2191000,0,1,0,0,0,0,high_season,synthetic
SYN_0097,ojek_online,15,3,894000,0,0,1,0,0,0,low_season,synthetic
SYN_0097,ojek_online,16,4,937000,0,0,1,0,0,1,low_season,synthetic
SYN_0097,ojek_online,17,1,1033000,0,0,0,0,0,0,normal,synthetic
SYN_0097,ojek_online,18,2,1229000,0,0,0,0,0,0,normal,synthetic
SYN_0097,ojek_online,19,3,1173000,0,0,0,0,0,0,normal,synthetic
SYN_0097,ojek_online,20,4,1593000,0,0,0,0,0,1,normal,synthetic
SYN_0097,ojek_online,21,1,1368000,0,0,0,0,0,0,normal,synthetic
SYN_0097,ojek_online,22,2,965000,0,0,0,0,0,0,normal,synthetic
SYN_0097,ojek_online,23,3,1358000,0,0,0,0,0,0,normal,synthetic
SYN_0097,ojek_online,24,4,1450000,0,0,0,0,0,1,normal,synthetic
SYN_0097,ojek_online,25,1,1242000,0,0,0,0,0,0,normal,synthetic
SYN_0097,ojek_online,26,2,1291000,0,0,0,0,0,0,normal,synthetic
SYN_0097,ojek_online,27,3,1202000,0,0,0,0,0,0,normal,synthetic
SYN_0097,ojek_online,28,4,1555000,0,0,0,0,0,1,normal,synthetic
SYN_0097,ojek_online,29,1,1027000,0,0,0,0,0,0,normal,synthetic
SYN_0097,ojek_online,30,2,1090000,0,0,0,0,0,0,normal,synthetic
SYN_0097,ojek_online,31,3,1302000,0,0,0,0,0,0,normal,synthetic
SYN_0097,ojek_online,32,4,1297000,0,0,0,0,0,1,normal,synthetic
SYN_0097,ojek_online,33,1,1152000,0,0,0,0,0,0,normal,synthetic
SYN_0097,ojek_online,34,2,1198000,0,0,0,0,0,0,normal,synthetic
SYN_0097,ojek_online,35,3,882000,0,0,0,0,0,0,normal,synthetic
SYN_0097,ojek_online,36,4,1341000,0,0,0,0,0,1,normal,synthetic
SYN_0097,ojek_online,37,1,1115000,0,0,0,0,0,0,normal,synthetic
SYN_0097,ojek_online,38,2,1140000,0,0,0,0,0,0,normal,synthetic
SYN_0097,ojek_online,39,3,853000,0,0,0,0,0,0,normal,synthetic
SYN_0097,ojek_online,40,4,1645000,0,0,0,0,0,1,normal,synthetic
SYN_0097,ojek_online,41,1,1095000,0,0,0,0,0,0,normal,synthetic
SYN_0097,ojek_online,42,2,1253000,0,0,0,0,0,0,normal,synthetic
SYN_0097,ojek_online,43,3,1131000,0,0,0,0,0,0,normal,synthetic
SYN_0097,ojek_online,44,4,1518000,0,0,0,0,0,1,normal,synthetic
SYN_0097,ojek_online,45,1,1295000,0,0,0,0,0,0,normal,synthetic
SYN_0097,ojek_online,46,2,1096000,0,0,0,0,0,0,normal,synthetic
SYN_0097,ojek_online,47,3,1417000,0,0,0,0,0,0,normal,synthetic
SYN_0097,ojek_online,48,4,1497000,0,0,0,0,0,1,normal,synthetic
SYN_0097,ojek_online,49,1,1261000,0,0,0,1,0,0,high_season,synthetic
SYN_0097,ojek_online,50,2,1937000,0,0,0,1,0,0,high_season,synthetic
SYN_0097,ojek_online,51,3,1620000,0,0,0,1,0,0,high_season,synthetic
SYN_0097,ojek_online,52,4,2004000,0,0,0,1,0,1,high_season,synthetic
SYN_0098,freelancer_it,1,1,20574000,0,0,0,0,1,0,low_season,synthetic
SYN_0098,freelancer_it,2,2,20456000,0,0,0,0,1,0,low_season,synthetic
SYN_0098,freelancer_it,3,3,25629000,0,0,0,0,1,0,low_season,synthetic
SYN_0098,freelancer_it,4,4,30379000,0,0,0,0,1,1,low_season,synthetic
SYN_0098,freelancer_it,5,1,23712000,0,0,0,0,1,0,low_season,synthetic
SYN_0098,freelancer_it,6,2,23148000,0,0,0,0,1,0,low_season,synthetic
SYN_0098,freelancer_it,7,3,24993000,0,0,0,0,0,0,normal,synthetic
SYN_0098,freelancer_it,8,4,25595000,0,0,0,0,0,1,normal,synthetic
SYN_0098,freelancer_it,9,1,27372000,0,0,0,0,0,0,normal,synthetic
SYN_0098,freelancer_it,10,2,41909000,1,0,0,0,0,0,high_season,synthetic
SYN_0098,freelancer_it,11,3,34212000,1,0,0,0,0,0,high_season,synthetic
SYN_0098,freelancer_it,12,4,43894000,1,0,0,0,0,1,high_season,synthetic
SYN_0098,freelancer_it,13,1,33279000,1,0,0,0,0,0,high_season,synthetic
SYN_0098,freelancer_it,14,2,37833000,0,1,0,0,0,0,high_season,synthetic
SYN_0098,freelancer_it,15,3,16912000,0,0,1,0,0,0,low_season,synthetic
SYN_0098,freelancer_it,16,4,19280000,0,0,1,0,0,1,low_season,synthetic
SYN_0098,freelancer_it,17,1,23137000,0,0,0,0,0,0,normal,synthetic
SYN_0098,freelancer_it,18,2,24462000,0,0,0,0,0,0,normal,synthetic
SYN_0098,freelancer_it,19,3,21069000,0,0,0,0,0,0,normal,synthetic
SYN_0098,freelancer_it,20,4,42011000,0,0,0,0,0,1,normal,synthetic
SYN_0098,freelancer_it,21,1,28861000,0,0,0,0,0,0,normal,synthetic
SYN_0098,freelancer_it,22,2,24308000,0,0,0,0,0,0,normal,synthetic
SYN_0098,freelancer_it,23,3,28324000,0,0,0,0,0,0,normal,synthetic
SYN_0098,freelancer_it,24,4,34654000,0,0,0,0,0,1,normal,synthetic
SYN_0098,freelancer_it,25,1,28650000,0,0,0,0,0,0,normal,synthetic
SYN_0098,freelancer_it,26,2,24157000,0,0,0,0,0,0,normal,synthetic
SYN_0098,freelancer_it,27,3,31455000,0,0,0,0,0,0,normal,synthetic
SYN_0098,freelancer_it,28,4,30229000,0,0,0,0,0,1,normal,synthetic
SYN_0098,freelancer_it,29,1,19963000,0,0,0,0,0,0,normal,synthetic
SYN_0098,freelancer_it,30,2,30050000,0,0,0,0,0,0,normal,synthetic
SYN_0098,freelancer_it,31,3,32214000,0,0,0,0,0,0,normal,synthetic
SYN_0098,freelancer_it,32,4,44603000,0,0,0,0,0,1,normal,synthetic
SYN_0098,freelancer_it,33,1,20431000,0,0,0,0,0,0,normal,synthetic
SYN_0098,freelancer_it,34,2,29953000,0,0,0,0,0,0,normal,synthetic
SYN_0098,freelancer_it,35,3,25718000,0,0,0,0,0,0,normal,synthetic
SYN_0098,freelancer_it,36,4,36331000,0,0,0,0,0,1,normal,synthetic
SYN_0098,freelancer_it,37,1,19500000,0,0,0,0,0,0,normal,synthetic
SYN_0098,freelancer_it,38,2,22460000,0,0,0,0,0,0,normal,synthetic
SYN_0098,freelancer_it,39,3,24320000,0,0,0,0,0,0,normal,synthetic
SYN_0098,freelancer_it,40,4,33102000,0,0,0,0,0,1,normal,synthetic
SYN_0098,freelancer_it,41,1,22351000,0,0,0,0,0,0,normal,synthetic
SYN_0098,freelancer_it,42,2,29801000,0,0,0,0,0,0,normal,synthetic
SYN_0098,freelancer_it,43,3,31206000,0,0,0,0,0,0,normal,synthetic
SYN_0098,freelancer_it,44,4,35489000,0,0,0,0,0,1,normal,synthetic
SYN_0098,freelancer_it,45,1,30120000,0,0,0,0,0,0,normal,synthetic
SYN_0098,freelancer_it,46,2,28872000,0,0,0,0,0,0,normal,synthetic
SYN_0098,freelancer_it,47,3,22635000,0,0,0,0,0,0,normal,synthetic
SYN_0098,freelancer_it,48,4,38990000,0,0,0,0,0,1,normal,synthetic
SYN_0098,freelancer_it,49,1,29217000,0,0,0,1,0,0,high_season,synthetic
SYN_0098,freelancer_it,50,2,39990000,0,0,0,1,0,0,high_season,synthetic
SYN_0098,freelancer_it,51,3,43283000,0,0,0,1,0,0,high_season,synthetic
SYN_0098,freelancer_it,52,4,45284000,0,0,0,1,0,1,high_season,synthetic
SYN_0099,kurir,1,1,650000,0,0,0,0,1,0,low_season,synthetic
SYN_0099,kurir,2,2,1018000,0,0,0,0,1,0,low_season,synthetic
SYN_0099,kurir,3,3,908000,0,0,0,0,1,0,low_season,synthetic
SYN_0099,kurir,4,4,1108000,0,0,0,0,1,1,low_season,synthetic
SYN_0099,kurir,5,1,711000,0,0,0,0,1,0,low_season,synthetic
SYN_0099,kurir,6,2,886000,0,0,0,0,1,0,low_season,synthetic
SYN_0099,kurir,7,3,1041000,0,0,0,0,0,0,normal,synthetic
SYN_0099,kurir,8,4,1133000,0,0,0,0,0,1,normal,synthetic
SYN_0099,kurir,9,1,902000,0,0,0,0,0,0,normal,synthetic
SYN_0099,kurir,10,2,1281000,1,0,0,0,0,0,high_season,synthetic
SYN_0099,kurir,11,3,1430000,1,0,0,0,0,0,high_season,synthetic
SYN_0099,kurir,12,4,1922000,1,0,0,0,0,1,high_season,synthetic
SYN_0099,kurir,13,1,1241000,1,0,0,0,0,0,high_season,synthetic
SYN_0099,kurir,14,2,2079000,0,1,0,0,0,0,high_season,synthetic
SYN_0099,kurir,15,3,622000,0,0,1,0,0,0,low_season,synthetic
SYN_0099,kurir,16,4,835000,0,0,1,0,0,1,low_season,synthetic
SYN_0099,kurir,17,1,863000,0,0,0,0,0,0,normal,synthetic
SYN_0099,kurir,18,2,1001000,0,0,0,0,0,0,normal,synthetic
SYN_0099,kurir,19,3,1140000,0,0,0,0,0,0,normal,synthetic
SYN_0099,kurir,20,4,1115000,0,0,0,0,0,1,normal,synthetic
SYN_0099,kurir,21,1,879000,0,0,0,0,0,0,normal,synthetic
SYN_0099,kurir,22,2,1076000,0,0,0,0,0,0,normal,synthetic
SYN_0099,kurir,23,3,1026000,0,0,0,0,0,0,normal,synthetic
SYN_0099,kurir,24,4,1240000,0,0,0,0,0,1,normal,synthetic
SYN_0099,kurir,25,1,838000,0,0,0,0,0,0,normal,synthetic
SYN_0099,kurir,26,2,1011000,0,0,0,0,0,0,normal,synthetic
SYN_0099,kurir,27,3,1119000,0,0,0,0,0,0,normal,synthetic
SYN_0099,kurir,28,4,1048000,0,0,0,0,0,1,normal,synthetic
SYN_0099,kurir,29,1,860000,0,0,0,0,0,0,normal,synthetic
SYN_0099,kurir,30,2,855000,0,0,0,0,0,0,normal,synthetic
SYN_0099,kurir,31,3,1066000,0,0,0,0,0,0,normal,synthetic
SYN_0099,kurir,32,4,1353000,0,0,0,0,0,1,normal,synthetic
SYN_0099,kurir,33,1,901000,0,0,0,0,0,0,normal,synthetic
SYN_0099,kurir,34,2,927000,0,0,0,0,0,0,normal,synthetic
SYN_0099,kurir,35,3,930000,0,0,0,0,0,0,normal,synthetic
SYN_0099,kurir,36,4,1189000,0,0,0,0,0,1,normal,synthetic
SYN_0099,kurir,37,1,891000,0,0,0,0,0,0,normal,synthetic
SYN_0099,kurir,38,2,1099000,0,0,0,0,0,0,normal,synthetic
SYN_0099,kurir,39,3,958000,0,0,0,0,0,0,normal,synthetic
SYN_0099,kurir,40,4,1268000,0,0,0,0,0,1,normal,synthetic
SYN_0099,kurir,41,1,891000,0,0,0,0,0,0,normal,synthetic
SYN_0099,kurir,42,2,951000,0,0,0,0,0,0,normal,synthetic
SYN_0099,kurir,43,3,988000,0,0,0,0,0,0,normal,synthetic
SYN_0099,kurir,44,4,1257000,0,0,0,0,0,1,normal,synthetic
SYN_0099,kurir,45,1,989000,0,0,0,0,0,0,normal,synthetic
SYN_0099,kurir,46,2,995000,0,0,0,0,0,0,normal,synthetic
SYN_0099,kurir,47,3,910000,0,0,0,0,0,0,normal,synthetic
SYN_0099,kurir,48,4,1328000,0,0,0,0,0,1,normal,synthetic
SYN_0099,kurir,49,1,1096000,0,0,0,1,0,0,high_season,synthetic
SYN_0099,kurir,50,2,1353000,0,0,0,1,0,0,high_season,synthetic
SYN_0099,kurir,51,3,1320000,0,0,0,1,0,0,high_season,synthetic
SYN_0099,kurir,52,4,1565000,0,0,0,1,0,1,high_season,synthetic
SYN_0100,kurir,1,1,629000,0,0,0,0,1,0,low_season,synthetic
SYN_0100,kurir,2,2,850000,0,0,0,0,1,0,low_season,synthetic
SYN_0100,kurir,3,3,893000,0,0,0,0,1,0,low_season,synthetic
SYN_0100,kurir,4,4,1051000,0,0,0,0,1,1,low_season,synthetic
SYN_0100,kurir,5,1,774000,0,0,0,0,1,0,low_season,synthetic
SYN_0100,kurir,6,2,934000,0,0,0,0,1,0,low_season,synthetic
SYN_0100,kurir,7,3,950000,0,0,0,0,0,0,normal,synthetic
SYN_0100,kurir,8,4,1291000,0,0,0,0,0,1,normal,synthetic
SYN_0100,kurir,9,1,768000,0,0,0,0,0,0,normal,synthetic
SYN_0100,kurir,10,2,1331000,1,0,0,0,0,0,high_season,synthetic
SYN_0100,kurir,11,3,1216000,1,0,0,0,0,0,high_season,synthetic
SYN_0100,kurir,12,4,1693000,1,0,0,0,0,1,high_season,synthetic
SYN_0100,kurir,13,1,1296000,1,0,0,0,0,0,high_season,synthetic
SYN_0100,kurir,14,2,1762000,0,1,0,0,0,0,high_season,synthetic
SYN_0100,kurir,15,3,702000,0,0,1,0,0,0,low_season,synthetic
SYN_0100,kurir,16,4,769000,0,0,1,0,0,1,low_season,synthetic
SYN_0100,kurir,17,1,882000,0,0,0,0,0,0,normal,synthetic
SYN_0100,kurir,18,2,866000,0,0,0,0,0,0,normal,synthetic
SYN_0100,kurir,19,3,1117000,0,0,0,0,0,0,normal,synthetic
SYN_0100,kurir,20,4,1165000,0,0,0,0,0,1,normal,synthetic
SYN_0100,kurir,21,1,859000,0,0,0,0,0,0,normal,synthetic
SYN_0100,kurir,22,2,1137000,0,0,0,0,0,0,normal,synthetic
SYN_0100,kurir,23,3,888000,0,0,0,0,0,0,normal,synthetic
SYN_0100,kurir,24,4,1078000,0,0,0,0,0,1,normal,synthetic
SYN_0100,kurir,25,1,811000,0,0,0,0,0,0,normal,synthetic
SYN_0100,kurir,26,2,991000,0,0,0,0,0,0,normal,synthetic
SYN_0100,kurir,27,3,1035000,0,0,0,0,0,0,normal,synthetic
SYN_0100,kurir,28,4,1274000,0,0,0,0,0,1,normal,synthetic
SYN_0100,kurir,29,1,1100000,0,0,0,0,0,0,normal,synthetic
SYN_0100,kurir,30,2,800000,0,0,0,0,0,0,normal,synthetic
SYN_0100,kurir,31,3,1050000,0,0,0,0,0,0,normal,synthetic
SYN_0100,kurir,32,4,1138000,0,0,0,0,0,1,normal,synthetic
SYN_0100,kurir,33,1,851000,0,0,0,0,0,0,normal,synthetic
SYN_0100,kurir,34,2,943000,0,0,0,0,0,0,normal,synthetic
SYN_0100,kurir,35,3,917000,0,0,0,0,0,0,normal,synthetic
SYN_0100,kurir,36,4,1374000,0,0,0,0,0,1,normal,synthetic
SYN_0100,kurir,37,1,964000,0,0,0,0,0,0,normal,synthetic
SYN_0100,kurir,38,2,999000,0,0,0,0,0,0,normal,synthetic
SYN_0100,kurir,39,3,1116000,0,0,0,0,0,0,normal,synthetic
SYN_0100,kurir,40,4,1037000,0,0,0,0,0,1,normal,synthetic
SYN_0100,kurir,41,1,792000,0,0,0,0,0,0,normal,synthetic
SYN_0100,kurir,42,2,806000,0,0,0,0,0,0,normal,synthetic
SYN_0100,kurir,43,3,936000,0,0,0,0,0,0,normal,synthetic
SYN_0100,kurir,44,4,1214000,0,0,0,0,0,1,normal,synthetic
SYN_0100,kurir,45,1,906000,0,0,0,0,0,0,normal,synthetic
SYN_0100,kurir,46,2,1010000,0,0,0,0,0,0,normal,synthetic
SYN_0100,kurir,47,3,873000,0,0,0,0,0,0,normal,synthetic
SYN_0100,kurir,48,4,1281000,0,0,0,0,0,1,normal,synthetic
SYN_0100,kurir,49,1,1191000,0,0,0,1,0,0,high_season,synthetic
SYN_0100,kurir,50,2,1380000,0,0,0,1,0,0,high_season,synthetic
SYN_0100,kurir,51,3,1080000,0,0,0,1,0,0,high_season,synthetic
SYN_0100,kurir,52,4,1598000,0,0,0,1,0,1,high_season,synthetic
SYN_0101,kurir,1,1,786000,0,0,0,0,1,0,low_season,synthetic
SYN_0101,kurir,2,2,983000,0,0,0,0,1,0,low_season,synthetic
SYN_0101,kurir,3,3,1033000,0,0,0,0,1,0,low_season,synthetic
SYN_0101,kurir,4,4,1200000,0,0,0,0,1,1,low_season,synthetic
SYN_0101,kurir,5,1,828000,0,0,0,0,1,0,low_season,synthetic
SYN_0101,kurir,6,2,1061000,0,0,0,0,1,0,low_season,synthetic
SYN_0101,kurir,7,3,1114000,0,0,0,0,0,0,normal,synthetic
SYN_0101,kurir,8,4,1224000,0,0,0,0,0,1,normal,synthetic
SYN_0101,kurir,9,1,1014000,0,0,0,0,0,0,normal,synthetic
SYN_0101,kurir,10,2,1762000,1,0,0,0,0,0,high_season,synthetic
SYN_0101,kurir,11,3,1576000,1,0,0,0,0,0,high_season,synthetic
SYN_0101,kurir,12,4,2166000,1,0,0,0,0,1,high_season,synthetic
SYN_0101,kurir,13,1,1406000,1,0,0,0,0,0,high_season,synthetic
SYN_0101,kurir,14,2,1909000,0,1,0,0,0,0,high_season,synthetic
SYN_0101,kurir,15,3,734000,0,0,1,0,0,0,low_season,synthetic
SYN_0101,kurir,16,4,1029000,0,0,1,0,0,1,low_season,synthetic
SYN_0101,kurir,17,1,1035000,0,0,0,0,0,0,normal,synthetic
SYN_0101,kurir,18,2,1056000,0,0,0,0,0,0,normal,synthetic
SYN_0101,kurir,19,3,1115000,0,0,0,0,0,0,normal,synthetic
SYN_0101,kurir,20,4,1012000,0,0,0,0,0,1,normal,synthetic
SYN_0101,kurir,21,1,1111000,0,0,0,0,0,0,normal,synthetic
SYN_0101,kurir,22,2,1138000,0,0,0,0,0,0,normal,synthetic
SYN_0101,kurir,23,3,911000,0,0,0,0,0,0,normal,synthetic
SYN_0101,kurir,24,4,1209000,0,0,0,0,0,1,normal,synthetic
SYN_0101,kurir,25,1,1001000,0,0,0,0,0,0,normal,synthetic
SYN_0101,kurir,26,2,1022000,0,0,0,0,0,0,normal,synthetic
SYN_0101,kurir,27,3,1236000,0,0,0,0,0,0,normal,synthetic
SYN_0101,kurir,28,4,1438000,0,0,0,0,0,1,normal,synthetic
SYN_0101,kurir,29,1,1073000,0,0,0,0,0,0,normal,synthetic
SYN_0101,kurir,30,2,891000,0,0,0,0,0,0,normal,synthetic
SYN_0101,kurir,31,3,1102000,0,0,0,0,0,0,normal,synthetic
SYN_0101,kurir,32,4,1302000,0,0,0,0,0,1,normal,synthetic
SYN_0101,kurir,33,1,953000,0,0,0,0,0,0,normal,synthetic
SYN_0101,kurir,34,2,1113000,0,0,0,0,0,0,normal,synthetic
SYN_0101,kurir,35,3,1041000,0,0,0,0,0,0,normal,synthetic
SYN_0101,kurir,36,4,1413000,0,0,0,0,0,1,normal,synthetic
SYN_0101,kurir,37,1,1110000,0,0,0,0,0,0,normal,synthetic
SYN_0101,kurir,38,2,1225000,0,0,0,0,0,0,normal,synthetic
SYN_0101,kurir,39,3,1142000,0,0,0,0,0,0,normal,synthetic
SYN_0101,kurir,40,4,1631000,0,0,0,0,0,1,normal,synthetic
SYN_0101,kurir,41,1,1144000,0,0,0,0,0,0,normal,synthetic
SYN_0101,kurir,42,2,1145000,0,0,0,0,0,0,normal,synthetic
SYN_0101,kurir,43,3,1107000,0,0,0,0,0,0,normal,synthetic
SYN_0101,kurir,44,4,1550000,0,0,0,0,0,1,normal,synthetic
SYN_0101,kurir,45,1,1132000,0,0,0,0,0,0,normal,synthetic
SYN_0101,kurir,46,2,1012000,0,0,0,0,0,0,normal,synthetic
SYN_0101,kurir,47,3,1266000,0,0,0,0,0,0,normal,synthetic
SYN_0101,kurir,48,4,1368000,0,0,0,0,0,1,normal,synthetic
SYN_0101,kurir,49,1,1250000,0,0,0,1,0,0,high_season,synthetic
SYN_0101,kurir,50,2,1241000,0,0,0,1,0,0,high_season,synthetic
SYN_0101,kurir,51,3,1467000,0,0,0,1,0,0,high_season,synthetic
SYN_0101,kurir,52,4,1801000,0,0,0,1,0,1,high_season,synthetic
SYN_0102,kurir,1,1,1108000,0,0,0,0,1,0,low_season,synthetic
SYN_0102,kurir,2,2,1226000,0,0,0,0,1,0,low_season,synthetic
SYN_0102,kurir,3,3,1166000,0,0,0,0,1,0,low_season,synthetic
SYN_0102,kurir,4,4,1456000,0,0,0,0,1,1,low_season,synthetic
SYN_0102,kurir,5,1,1224000,0,0,0,0,1,0,low_season,synthetic
SYN_0102,kurir,6,2,1240000,0,0,0,0,1,0,low_season,synthetic
SYN_0102,kurir,7,3,1365000,0,0,0,0,0,0,normal,synthetic
SYN_0102,kurir,8,4,1620000,0,0,0,0,0,1,normal,synthetic
SYN_0102,kurir,9,1,1252000,0,0,0,0,0,0,normal,synthetic
SYN_0102,kurir,10,2,2342000,1,0,0,0,0,0,high_season,synthetic
SYN_0102,kurir,11,3,2014000,1,0,0,0,0,0,high_season,synthetic
SYN_0102,kurir,12,4,2452000,1,0,0,0,0,1,high_season,synthetic
SYN_0102,kurir,13,1,1764000,1,0,0,0,0,0,high_season,synthetic
SYN_0102,kurir,14,2,2710000,0,1,0,0,0,0,high_season,synthetic
SYN_0102,kurir,15,3,1159000,0,0,1,0,0,0,low_season,synthetic
SYN_0102,kurir,16,4,1233000,0,0,1,0,0,1,low_season,synthetic
SYN_0102,kurir,17,1,1280000,0,0,0,0,0,0,normal,synthetic
SYN_0102,kurir,18,2,1416000,0,0,0,0,0,0,normal,synthetic
SYN_0102,kurir,19,3,1116000,0,0,0,0,0,0,normal,synthetic
SYN_0102,kurir,20,4,1805000,0,0,0,0,0,1,normal,synthetic
SYN_0102,kurir,21,1,1286000,0,0,0,0,0,0,normal,synthetic
SYN_0102,kurir,22,2,1465000,0,0,0,0,0,0,normal,synthetic
SYN_0102,kurir,23,3,1323000,0,0,0,0,0,0,normal,synthetic
SYN_0102,kurir,24,4,1637000,0,0,0,0,0,1,normal,synthetic
SYN_0102,kurir,25,1,1225000,0,0,0,0,0,0,normal,synthetic
SYN_0102,kurir,26,2,1539000,0,0,0,0,0,0,normal,synthetic
SYN_0102,kurir,27,3,1365000,0,0,0,0,0,0,normal,synthetic
SYN_0102,kurir,28,4,2005000,0,0,0,0,0,1,normal,synthetic
SYN_0102,kurir,29,1,1319000,0,0,0,0,0,0,normal,synthetic
SYN_0102,kurir,30,2,1253000,0,0,0,0,0,0,normal,synthetic
SYN_0102,kurir,31,3,1396000,0,0,0,0,0,0,normal,synthetic
SYN_0102,kurir,32,4,1597000,0,0,0,0,0,1,normal,synthetic
SYN_0102,kurir,33,1,1025000,0,0,0,0,0,0,normal,synthetic
SYN_0102,kurir,34,2,1611000,0,0,0,0,0,0,normal,synthetic
SYN_0102,kurir,35,3,1499000,0,0,0,0,0,0,normal,synthetic
SYN_0102,kurir,36,4,1774000,0,0,0,0,0,1,normal,synthetic
SYN_0102,kurir,37,1,1289000,0,0,0,0,0,0,normal,synthetic
SYN_0102,kurir,38,2,1240000,0,0,0,0,0,0,normal,synthetic
SYN_0102,kurir,39,3,1352000,0,0,0,0,0,0,normal,synthetic
SYN_0102,kurir,40,4,1820000,0,0,0,0,0,1,normal,synthetic
SYN_0102,kurir,41,1,1153000,0,0,0,0,0,0,normal,synthetic
SYN_0102,kurir,42,2,1097000,0,0,0,0,0,0,normal,synthetic
SYN_0102,kurir,43,3,1384000,0,0,0,0,0,0,normal,synthetic
SYN_0102,kurir,44,4,1673000,0,0,0,0,0,1,normal,synthetic
SYN_0102,kurir,45,1,1286000,0,0,0,0,0,0,normal,synthetic
SYN_0102,kurir,46,2,1502000,0,0,0,0,0,0,normal,synthetic
SYN_0102,kurir,47,3,1491000,0,0,0,0,0,0,normal,synthetic
SYN_0102,kurir,48,4,1733000,0,0,0,0,0,1,normal,synthetic
SYN_0102,kurir,49,1,1826000,0,0,0,1,0,0,high_season,synthetic
SYN_0102,kurir,50,2,1590000,0,0,0,1,0,0,high_season,synthetic
SYN_0102,kurir,51,3,1917000,0,0,0,1,0,0,high_season,synthetic
SYN_0102,kurir,52,4,2324000,0,0,0,1,0,1,high_season,synthetic
SYN_0103,kurir,1,1,746000,0,0,0,0,1,0,low_season,synthetic
SYN_0103,kurir,2,2,974000,0,0,0,0,1,0,low_season,synthetic
SYN_0103,kurir,3,3,964000,0,0,0,0,1,0,low_season,synthetic
SYN_0103,kurir,4,4,1174000,0,0,0,0,1,1,low_season,synthetic
SYN_0103,kurir,5,1,1002000,0,0,0,0,1,0,low_season,synthetic
SYN_0103,kurir,6,2,1036000,0,0,0,0,1,0,low_season,synthetic
SYN_0103,kurir,7,3,1068000,0,0,0,0,0,0,normal,synthetic
SYN_0103,kurir,8,4,1411000,0,0,0,0,0,1,normal,synthetic
SYN_0103,kurir,9,1,1148000,0,0,0,0,0,0,normal,synthetic
SYN_0103,kurir,10,2,1731000,1,0,0,0,0,0,high_season,synthetic
SYN_0103,kurir,11,3,1665000,1,0,0,0,0,0,high_season,synthetic
SYN_0103,kurir,12,4,2180000,1,0,0,0,0,1,high_season,synthetic
SYN_0103,kurir,13,1,1815000,1,0,0,0,0,0,high_season,synthetic
SYN_0103,kurir,14,2,2217000,0,1,0,0,0,0,high_season,synthetic
SYN_0103,kurir,15,3,950000,0,0,1,0,0,0,low_season,synthetic
SYN_0103,kurir,16,4,971000,0,0,1,0,0,1,low_season,synthetic
SYN_0103,kurir,17,1,1095000,0,0,0,0,0,0,normal,synthetic
SYN_0103,kurir,18,2,1214000,0,0,0,0,0,0,normal,synthetic
SYN_0103,kurir,19,3,1230000,0,0,0,0,0,0,normal,synthetic
SYN_0103,kurir,20,4,1517000,0,0,0,0,0,1,normal,synthetic
SYN_0103,kurir,21,1,1007000,0,0,0,0,0,0,normal,synthetic
SYN_0103,kurir,22,2,1287000,0,0,0,0,0,0,normal,synthetic
SYN_0103,kurir,23,3,1043000,0,0,0,0,0,0,normal,synthetic
SYN_0103,kurir,24,4,1289000,0,0,0,0,0,1,normal,synthetic
SYN_0103,kurir,25,1,1301000,0,0,0,0,0,0,normal,synthetic
SYN_0103,kurir,26,2,1163000,0,0,0,0,0,0,normal,synthetic
SYN_0103,kurir,27,3,1295000,0,0,0,0,0,0,normal,synthetic
SYN_0103,kurir,28,4,1679000,0,0,0,0,0,1,normal,synthetic
SYN_0103,kurir,29,1,872000,0,0,0,0,0,0,normal,synthetic
SYN_0103,kurir,30,2,1338000,0,0,0,0,0,0,normal,synthetic
SYN_0103,kurir,31,3,1287000,0,0,0,0,0,0,normal,synthetic
SYN_0103,kurir,32,4,1672000,0,0,0,0,0,1,normal,synthetic
SYN_0103,kurir,33,1,982000,0,0,0,0,0,0,normal,synthetic
SYN_0103,kurir,34,2,1373000,0,0,0,0,0,0,normal,synthetic
SYN_0103,kurir,35,3,1138000,0,0,0,0,0,0,normal,synthetic
SYN_0103,kurir,36,4,1596000,0,0,0,0,0,1,normal,synthetic
SYN_0103,kurir,37,1,1092000,0,0,0,0,0,0,normal,synthetic
SYN_0103,kurir,38,2,1300000,0,0,0,0,0,0,normal,synthetic
SYN_0103,kurir,39,3,1223000,0,0,0,0,0,0,normal,synthetic
SYN_0103,kurir,40,4,1224000,0,0,0,0,0,1,normal,synthetic
SYN_0103,kurir,41,1,795000,0,0,0,0,0,0,normal,synthetic
SYN_0103,kurir,42,2,1240000,0,0,0,0,0,0,normal,synthetic
SYN_0103,kurir,43,3,1189000,0,0,0,0,0,0,normal,synthetic
SYN_0103,kurir,44,4,1512000,0,0,0,0,0,1,normal,synthetic
SYN_0103,kurir,45,1,1071000,0,0,0,0,0,0,normal,synthetic
SYN_0103,kurir,46,2,1433000,0,0,0,0,0,0,normal,synthetic
SYN_0103,kurir,47,3,1242000,0,0,0,0,0,0,normal,synthetic
SYN_0103,kurir,48,4,1403000,0,0,0,0,0,1,normal,synthetic
SYN_0103,kurir,49,1,1466000,0,0,0,1,0,0,high_season,synthetic
SYN_0103,kurir,50,2,1523000,0,0,0,1,0,0,high_season,synthetic
SYN_0103,kurir,51,3,1595000,0,0,0,1,0,0,high_season,synthetic
SYN_0103,kurir,52,4,1695000,0,0,0,1,0,1,high_season,synthetic
SYN_0104,ojek_online,1,1,753000,0,0,0,0,1,0,low_season,synthetic
SYN_0104,ojek_online,2,2,734000,0,0,0,0,1,0,low_season,synthetic
SYN_0104,ojek_online,3,3,869000,0,0,0,0,1,0,low_season,synthetic
SYN_0104,ojek_online,4,4,1152000,0,0,0,0,1,1,low_season,synthetic
SYN_0104,ojek_online,5,1,718000,0,0,0,0,1,0,low_season,synthetic
SYN_0104,ojek_online,6,2,941000,0,0,0,0,1,0,low_season,synthetic
SYN_0104,ojek_online,7,3,1341000,0,0,0,0,0,0,normal,synthetic
SYN_0104,ojek_online,8,4,1479000,0,0,0,0,0,1,normal,synthetic
SYN_0104,ojek_online,9,1,1178000,0,0,0,0,0,0,normal,synthetic
SYN_0104,ojek_online,10,2,1673000,1,0,0,0,0,0,high_season,synthetic
SYN_0104,ojek_online,11,3,1813000,1,0,0,0,0,0,high_season,synthetic
SYN_0104,ojek_online,12,4,1768000,1,0,0,0,0,1,high_season,synthetic
SYN_0104,ojek_online,13,1,1339000,1,0,0,0,0,0,high_season,synthetic
SYN_0104,ojek_online,14,2,1341000,0,1,0,0,0,0,high_season,synthetic
SYN_0104,ojek_online,15,3,877000,0,0,1,0,0,0,low_season,synthetic
SYN_0104,ojek_online,16,4,1089000,0,0,1,0,0,1,low_season,synthetic
SYN_0104,ojek_online,17,1,933000,0,0,0,0,0,0,normal,synthetic
SYN_0104,ojek_online,18,2,1074000,0,0,0,0,0,0,normal,synthetic
SYN_0104,ojek_online,19,3,1012000,0,0,0,0,0,0,normal,synthetic
SYN_0104,ojek_online,20,4,1384000,0,0,0,0,0,1,normal,synthetic
SYN_0104,ojek_online,21,1,1120000,0,0,0,0,0,0,normal,synthetic
SYN_0104,ojek_online,22,2,890000,0,0,0,0,0,0,normal,synthetic
SYN_0104,ojek_online,23,3,1156000,0,0,0,0,0,0,normal,synthetic
SYN_0104,ojek_online,24,4,1286000,0,0,0,0,0,1,normal,synthetic
SYN_0104,ojek_online,25,1,1008000,0,0,0,0,0,0,normal,synthetic
SYN_0104,ojek_online,26,2,1162000,0,0,0,0,0,0,normal,synthetic
SYN_0104,ojek_online,27,3,1082000,0,0,0,0,0,0,normal,synthetic
SYN_0104,ojek_online,28,4,1311000,0,0,0,0,0,1,normal,synthetic
SYN_0104,ojek_online,29,1,971000,0,0,0,0,0,0,normal,synthetic
SYN_0104,ojek_online,30,2,1226000,0,0,0,0,0,0,normal,synthetic
SYN_0104,ojek_online,31,3,1157000,0,0,0,0,0,0,normal,synthetic
SYN_0104,ojek_online,32,4,1360000,0,0,0,0,0,1,normal,synthetic
SYN_0104,ojek_online,33,1,853000,0,0,0,0,0,0,normal,synthetic
SYN_0104,ojek_online,34,2,1059000,0,0,0,0,0,0,normal,synthetic
SYN_0104,ojek_online,35,3,1217000,0,0,0,0,0,0,normal,synthetic
SYN_0104,ojek_online,36,4,1332000,0,0,0,0,0,1,normal,synthetic
SYN_0104,ojek_online,37,1,1069000,0,0,0,0,0,0,normal,synthetic
SYN_0104,ojek_online,38,2,1324000,0,0,0,0,0,0,normal,synthetic
SYN_0104,ojek_online,39,3,1234000,0,0,0,0,0,0,normal,synthetic
SYN_0104,ojek_online,40,4,1341000,0,0,0,0,0,1,normal,synthetic
SYN_0104,ojek_online,41,1,938000,0,0,0,0,0,0,normal,synthetic
SYN_0104,ojek_online,42,2,789000,0,0,0,0,0,0,normal,synthetic
SYN_0104,ojek_online,43,3,1085000,0,0,0,0,0,0,normal,synthetic
SYN_0104,ojek_online,44,4,1278000,0,0,0,0,0,1,normal,synthetic
SYN_0104,ojek_online,45,1,1039000,0,0,0,0,0,0,normal,synthetic
SYN_0104,ojek_online,46,2,1087000,0,0,0,0,0,0,normal,synthetic
SYN_0104,ojek_online,47,3,1066000,0,0,0,0,0,0,normal,synthetic
SYN_0104,ojek_online,48,4,1062000,0,0,0,0,0,1,normal,synthetic
SYN_0104,ojek_online,49,1,1157000,0,0,0,1,0,0,high_season,synthetic
SYN_0104,ojek_online,50,2,1514000,0,0,0,1,0,0,high_season,synthetic
SYN_0104,ojek_online,51,3,1714000,0,0,0,1,0,0,high_season,synthetic
SYN_0104,ojek_online,52,4,1706000,0,0,0,1,0,1,high_season,synthetic
SYN_0105,content_creator,1,1,69158000,0,0,0,0,1,0,low_season,synthetic
SYN_0105,content_creator,2,2,68080000,0,0,0,0,1,0,low_season,synthetic
SYN_0105,content_creator,3,3,58612000,0,0,0,0,1,0,low_season,synthetic
SYN_0105,content_creator,4,4,79667000,0,0,0,0,1,1,low_season,synthetic
SYN_0105,content_creator,5,1,56476000,0,0,0,0,1,0,low_season,synthetic
SYN_0105,content_creator,6,2,75019000,0,0,0,0,1,0,low_season,synthetic
SYN_0105,content_creator,7,3,86533000,0,0,0,0,0,0,normal,synthetic
SYN_0105,content_creator,8,4,85573000,0,0,0,0,0,1,normal,synthetic
SYN_0105,content_creator,9,1,49955000,0,0,0,0,0,0,normal,synthetic
SYN_0105,content_creator,10,2,135444000,1,0,0,0,0,0,high_season,synthetic
SYN_0105,content_creator,11,3,120668000,1,0,0,0,0,0,high_season,synthetic
SYN_0105,content_creator,12,4,123536000,1,0,0,0,0,1,high_season,synthetic
SYN_0105,content_creator,13,1,107911000,1,0,0,0,0,0,high_season,synthetic
SYN_0105,content_creator,14,2,133603000,0,1,0,0,0,0,high_season,synthetic
SYN_0105,content_creator,15,3,65247000,0,0,1,0,0,0,low_season,synthetic
SYN_0105,content_creator,16,4,41297000,0,0,1,0,0,1,low_season,synthetic
SYN_0105,content_creator,17,1,62950000,0,0,0,0,0,0,normal,synthetic
SYN_0105,content_creator,18,2,97012000,0,0,0,0,0,0,normal,synthetic
SYN_0105,content_creator,19,3,82966000,0,0,0,0,0,0,normal,synthetic
SYN_0105,content_creator,20,4,119238000,0,0,0,0,0,1,normal,synthetic
SYN_0105,content_creator,21,1,52887000,0,0,0,0,0,0,normal,synthetic
SYN_0105,content_creator,22,2,89868000,0,0,0,0,0,0,normal,synthetic
SYN_0105,content_creator,23,3,89055000,0,0,0,0,0,0,normal,synthetic
SYN_0105,content_creator,24,4,63032000,0,0,0,0,0,1,normal,synthetic
SYN_0105,content_creator,25,1,64191000,0,0,0,0,0,0,normal,synthetic
SYN_0105,content_creator,26,2,73885000,0,0,0,0,0,0,normal,synthetic
SYN_0105,content_creator,27,3,53370000,0,0,0,0,0,0,normal,synthetic
SYN_0105,content_creator,28,4,85928000,0,0,0,0,0,1,normal,synthetic
SYN_0105,content_creator,29,1,78453000,0,0,0,0,0,0,normal,synthetic
SYN_0105,content_creator,30,2,70029000,0,0,0,0,0,0,normal,synthetic
SYN_0105,content_creator,31,3,78613000,0,0,0,0,0,0,normal,synthetic
SYN_0105,content_creator,32,4,94453000,0,0,0,0,0,1,normal,synthetic
SYN_0105,content_creator,33,1,67649000,0,0,0,0,0,0,normal,synthetic
SYN_0105,content_creator,34,2,65768000,0,0,0,0,0,0,normal,synthetic
SYN_0105,content_creator,35,3,84263000,0,0,0,0,0,0,normal,synthetic
SYN_0105,content_creator,36,4,64573000,0,0,0,0,0,1,normal,synthetic
SYN_0105,content_creator,37,1,67902000,0,0,0,0,0,0,normal,synthetic
SYN_0105,content_creator,38,2,94116000,0,0,0,0,0,0,normal,synthetic
SYN_0105,content_creator,39,3,69264000,0,0,0,0,0,0,normal,synthetic
SYN_0105,content_creator,40,4,78561000,0,0,0,0,0,1,normal,synthetic
SYN_0105,content_creator,41,1,76651000,0,0,0,0,0,0,normal,synthetic
SYN_0105,content_creator,42,2,77546000,0,0,0,0,0,0,normal,synthetic
SYN_0105,content_creator,43,3,85438000,0,0,0,0,0,0,normal,synthetic
SYN_0105,content_creator,44,4,91022000,0,0,0,0,0,1,normal,synthetic
SYN_0105,content_creator,45,1,38651000,0,0,0,0,0,0,normal,synthetic
SYN_0105,content_creator,46,2,91329000,0,0,0,0,0,0,normal,synthetic
SYN_0105,content_creator,47,3,103398000,0,0,0,0,0,0,normal,synthetic
SYN_0105,content_creator,48,4,111289000,0,0,0,0,0,1,normal,synthetic
SYN_0105,content_creator,49,1,31994000,0,0,0,1,0,0,high_season,synthetic
SYN_0105,content_creator,50,2,105880000,0,0,0,1,0,0,high_season,synthetic
SYN_0105,content_creator,51,3,89701000,0,0,0,1,0,0,high_season,synthetic
SYN_0105,content_creator,52,4,94580000,0,0,0,1,0,1,high_season,synthetic
SYN_0106,freelancer_desain,1,1,25202000,0,0,0,0,1,0,low_season,synthetic
SYN_0106,freelancer_desain,2,2,31223000,0,0,0,0,1,0,low_season,synthetic
SYN_0106,freelancer_desain,3,3,27708000,0,0,0,0,1,0,low_season,synthetic
SYN_0106,freelancer_desain,4,4,39938000,0,0,0,0,1,1,low_season,synthetic
SYN_0106,freelancer_desain,5,1,27043000,0,0,0,0,1,0,low_season,synthetic
SYN_0106,freelancer_desain,6,2,25133000,0,0,0,0,1,0,low_season,synthetic
SYN_0106,freelancer_desain,7,3,46661000,0,0,0,0,0,0,normal,synthetic
SYN_0106,freelancer_desain,8,4,42916000,0,0,0,0,0,1,normal,synthetic
SYN_0106,freelancer_desain,9,1,27876000,0,0,0,0,0,0,normal,synthetic
SYN_0106,freelancer_desain,10,2,54827000,1,0,0,0,0,0,high_season,synthetic
SYN_0106,freelancer_desain,11,3,56960000,1,0,0,0,0,0,high_season,synthetic
SYN_0106,freelancer_desain,12,4,48719000,1,0,0,0,0,1,high_season,synthetic
SYN_0106,freelancer_desain,13,1,53400000,1,0,0,0,0,0,high_season,synthetic
SYN_0106,freelancer_desain,14,2,56608000,0,1,0,0,0,0,high_season,synthetic
SYN_0106,freelancer_desain,15,3,34647000,0,0,1,0,0,0,low_season,synthetic
SYN_0106,freelancer_desain,16,4,35377000,0,0,1,0,0,1,low_season,synthetic
SYN_0106,freelancer_desain,17,1,32734000,0,0,0,0,0,0,normal,synthetic
SYN_0106,freelancer_desain,18,2,34225000,0,0,0,0,0,0,normal,synthetic
SYN_0106,freelancer_desain,19,3,38205000,0,0,0,0,0,0,normal,synthetic
SYN_0106,freelancer_desain,20,4,51201000,0,0,0,0,0,1,normal,synthetic
SYN_0106,freelancer_desain,21,1,34829000,0,0,0,0,0,0,normal,synthetic
SYN_0106,freelancer_desain,22,2,37507000,0,0,0,0,0,0,normal,synthetic
SYN_0106,freelancer_desain,23,3,39220000,0,0,0,0,0,0,normal,synthetic
SYN_0106,freelancer_desain,24,4,42124000,0,0,0,0,0,1,normal,synthetic
SYN_0106,freelancer_desain,25,1,33051000,0,0,0,0,0,0,normal,synthetic
SYN_0106,freelancer_desain,26,2,25890000,0,0,0,0,0,0,normal,synthetic
SYN_0106,freelancer_desain,27,3,44911000,0,0,0,0,0,0,normal,synthetic
SYN_0106,freelancer_desain,28,4,48858000,0,0,0,0,0,1,normal,synthetic
SYN_0106,freelancer_desain,29,1,30644000,0,0,0,0,0,0,normal,synthetic
SYN_0106,freelancer_desain,30,2,50662000,0,0,0,0,0,0,normal,synthetic
SYN_0106,freelancer_desain,31,3,39399000,0,0,0,0,0,0,normal,synthetic
SYN_0106,freelancer_desain,32,4,38899000,0,0,0,0,0,1,normal,synthetic
SYN_0106,freelancer_desain,33,1,39766000,0,0,0,0,0,0,normal,synthetic
SYN_0106,freelancer_desain,34,2,41332000,0,0,0,0,0,0,normal,synthetic
SYN_0106,freelancer_desain,35,3,41311000,0,0,0,0,0,0,normal,synthetic
SYN_0106,freelancer_desain,36,4,43453000,0,0,0,0,0,1,normal,synthetic
SYN_0106,freelancer_desain,37,1,37493000,0,0,0,0,0,0,normal,synthetic
SYN_0106,freelancer_desain,38,2,37230000,0,0,0,0,0,0,normal,synthetic
SYN_0106,freelancer_desain,39,3,42314000,0,0,0,0,0,0,normal,synthetic
SYN_0106,freelancer_desain,40,4,32417000,0,0,0,0,0,1,normal,synthetic
SYN_0106,freelancer_desain,41,1,32544000,0,0,0,0,0,0,normal,synthetic
SYN_0106,freelancer_desain,42,2,49565000,0,0,0,0,0,0,normal,synthetic
SYN_0106,freelancer_desain,43,3,34089000,0,0,0,0,0,0,normal,synthetic
SYN_0106,freelancer_desain,44,4,42124000,0,0,0,0,0,1,normal,synthetic
SYN_0106,freelancer_desain,45,1,32465000,0,0,0,0,0,0,normal,synthetic
SYN_0106,freelancer_desain,46,2,31305000,0,0,0,0,0,0,normal,synthetic
SYN_0106,freelancer_desain,47,3,25128000,0,0,0,0,0,0,normal,synthetic
SYN_0106,freelancer_desain,48,4,44909000,0,0,0,0,0,1,normal,synthetic
SYN_0106,freelancer_desain,49,1,46452000,0,0,0,1,0,0,high_season,synthetic
SYN_0106,freelancer_desain,50,2,50090000,0,0,0,1,0,0,high_season,synthetic
SYN_0106,freelancer_desain,51,3,49344000,0,0,0,1,0,0,high_season,synthetic
SYN_0106,freelancer_desain,52,4,61035000,0,0,0,1,0,1,high_season,synthetic
SYN_0107,kurir,1,1,828000,0,0,0,0,1,0,low_season,synthetic
SYN_0107,kurir,2,2,882000,0,0,0,0,1,0,low_season,synthetic
SYN_0107,kurir,3,3,840000,0,0,0,0,1,0,low_season,synthetic
SYN_0107,kurir,4,4,1157000,0,0,0,0,1,1,low_season,synthetic
SYN_0107,kurir,5,1,913000,0,0,0,0,1,0,low_season,synthetic
SYN_0107,kurir,6,2,771000,0,0,0,0,1,0,low_season,synthetic
SYN_0107,kurir,7,3,1065000,0,0,0,0,0,0,normal,synthetic
SYN_0107,kurir,8,4,1555000,0,0,0,0,0,1,normal,synthetic
SYN_0107,kurir,9,1,939000,0,0,0,0,0,0,normal,synthetic
SYN_0107,kurir,10,2,1492000,1,0,0,0,0,0,high_season,synthetic
SYN_0107,kurir,11,3,1470000,1,0,0,0,0,0,high_season,synthetic
SYN_0107,kurir,12,4,1849000,1,0,0,0,0,1,high_season,synthetic
SYN_0107,kurir,13,1,1418000,1,0,0,0,0,0,high_season,synthetic
SYN_0107,kurir,14,2,1587000,0,1,0,0,0,0,high_season,synthetic
SYN_0107,kurir,15,3,711000,0,0,1,0,0,0,low_season,synthetic
SYN_0107,kurir,16,4,685000,0,0,1,0,0,1,low_season,synthetic
SYN_0107,kurir,17,1,900000,0,0,0,0,0,0,normal,synthetic
SYN_0107,kurir,18,2,938000,0,0,0,0,0,0,normal,synthetic
SYN_0107,kurir,19,3,1049000,0,0,0,0,0,0,normal,synthetic
SYN_0107,kurir,20,4,1044000,0,0,0,0,0,1,normal,synthetic
SYN_0107,kurir,21,1,875000,0,0,0,0,0,0,normal,synthetic
SYN_0107,kurir,22,2,1105000,0,0,0,0,0,0,normal,synthetic
SYN_0107,kurir,23,3,958000,0,0,0,0,0,0,normal,synthetic
SYN_0107,kurir,24,4,1017000,0,0,0,0,0,1,normal,synthetic
SYN_0107,kurir,25,1,938000,0,0,0,0,0,0,normal,synthetic
SYN_0107,kurir,26,2,966000,0,0,0,0,0,0,normal,synthetic
SYN_0107,kurir,27,3,1002000,0,0,0,0,0,0,normal,synthetic
SYN_0107,kurir,28,4,1144000,0,0,0,0,0,1,normal,synthetic
SYN_0107,kurir,29,1,1076000,0,0,0,0,0,0,normal,synthetic
SYN_0107,kurir,30,2,879000,0,0,0,0,0,0,normal,synthetic
SYN_0107,kurir,31,3,1273000,0,0,0,0,0,0,normal,synthetic
SYN_0107,kurir,32,4,1180000,0,0,0,0,0,1,normal,synthetic
SYN_0107,kurir,33,1,932000,0,0,0,0,0,0,normal,synthetic
SYN_0107,kurir,34,2,967000,0,0,0,0,0,0,normal,synthetic
SYN_0107,kurir,35,3,963000,0,0,0,0,0,0,normal,synthetic
SYN_0107,kurir,36,4,1138000,0,0,0,0,0,1,normal,synthetic
SYN_0107,kurir,37,1,965000,0,0,0,0,0,0,normal,synthetic
SYN_0107,kurir,38,2,892000,0,0,0,0,0,0,normal,synthetic
SYN_0107,kurir,39,3,1051000,0,0,0,0,0,0,normal,synthetic
SYN_0107,kurir,40,4,987000,0,0,0,0,0,1,normal,synthetic
SYN_0107,kurir,41,1,939000,0,0,0,0,0,0,normal,synthetic
SYN_0107,kurir,42,2,1095000,0,0,0,0,0,0,normal,synthetic
SYN_0107,kurir,43,3,904000,0,0,0,0,0,0,normal,synthetic
SYN_0107,kurir,44,4,1295000,0,0,0,0,0,1,normal,synthetic
SYN_0107,kurir,45,1,921000,0,0,0,0,0,0,normal,synthetic
SYN_0107,kurir,46,2,1162000,0,0,0,0,0,0,normal,synthetic
SYN_0107,kurir,47,3,942000,0,0,0,0,0,0,normal,synthetic
SYN_0107,kurir,48,4,1525000,0,0,0,0,0,1,normal,synthetic
SYN_0107,kurir,49,1,941000,0,0,0,1,0,0,high_season,synthetic
SYN_0107,kurir,50,2,1286000,0,0,0,1,0,0,high_season,synthetic
SYN_0107,kurir,51,3,1126000,0,0,0,1,0,0,high_season,synthetic
SYN_0107,kurir,52,4,1848000,0,0,0,1,0,1,high_season,synthetic
SYN_0108,jualan_online,1,1,20241000,0,0,0,0,1,0,low_season,synthetic
SYN_0108,jualan_online,2,2,22989000,0,0,0,0,1,0,low_season,synthetic
SYN_0108,jualan_online,3,3,31943000,0,0,0,0,1,0,low_season,synthetic
SYN_0108,jualan_online,4,4,27077000,0,0,0,0,1,1,low_season,synthetic
SYN_0108,jualan_online,5,1,22240000,0,0,0,0,1,0,low_season,synthetic
SYN_0108,jualan_online,6,2,21471000,0,0,0,0,1,0,low_season,synthetic
SYN_0108,jualan_online,7,3,28365000,0,0,0,0,0,0,normal,synthetic
SYN_0108,jualan_online,8,4,31934000,0,0,0,0,0,1,normal,synthetic
SYN_0108,jualan_online,9,1,23441000,0,0,0,0,0,0,normal,synthetic
SYN_0108,jualan_online,10,2,48392000,1,0,0,0,0,0,high_season,synthetic
SYN_0108,jualan_online,11,3,45334000,1,0,0,0,0,0,high_season,synthetic
SYN_0108,jualan_online,12,4,48449000,1,0,0,0,0,1,high_season,synthetic
SYN_0108,jualan_online,13,1,25865000,1,0,0,0,0,0,high_season,synthetic
SYN_0108,jualan_online,14,2,45864000,0,1,0,0,0,0,high_season,synthetic
SYN_0108,jualan_online,15,3,25396000,0,0,1,0,0,0,low_season,synthetic
SYN_0108,jualan_online,16,4,22375000,0,0,1,0,0,1,low_season,synthetic
SYN_0108,jualan_online,17,1,27919000,0,0,0,0,0,0,normal,synthetic
SYN_0108,jualan_online,18,2,32135000,0,0,0,0,0,0,normal,synthetic
SYN_0108,jualan_online,19,3,28114000,0,0,0,0,0,0,normal,synthetic
SYN_0108,jualan_online,20,4,29553000,0,0,0,0,0,1,normal,synthetic
SYN_0108,jualan_online,21,1,17450000,0,0,0,0,0,0,normal,synthetic
SYN_0108,jualan_online,22,2,29644000,0,0,0,0,0,0,normal,synthetic
SYN_0108,jualan_online,23,3,24716000,0,0,0,0,0,0,normal,synthetic
SYN_0108,jualan_online,24,4,33568000,0,0,0,0,0,1,normal,synthetic
SYN_0108,jualan_online,25,1,20957000,0,0,0,0,0,0,normal,synthetic
SYN_0108,jualan_online,26,2,26523000,0,0,0,0,0,0,normal,synthetic
SYN_0108,jualan_online,27,3,27506000,0,0,0,0,0,0,normal,synthetic
SYN_0108,jualan_online,28,4,33933000,0,0,0,0,0,1,normal,synthetic
SYN_0108,jualan_online,29,1,21357000,0,0,0,0,0,0,normal,synthetic
SYN_0108,jualan_online,30,2,31329000,0,0,0,0,0,0,normal,synthetic
SYN_0108,jualan_online,31,3,25432000,0,0,0,0,0,0,normal,synthetic
SYN_0108,jualan_online,32,4,26268000,0,0,0,0,0,1,normal,synthetic
SYN_0108,jualan_online,33,1,24333000,0,0,0,0,0,0,normal,synthetic
SYN_0108,jualan_online,34,2,27508000,0,0,0,0,0,0,normal,synthetic
SYN_0108,jualan_online,35,3,27923000,0,0,0,0,0,0,normal,synthetic
SYN_0108,jualan_online,36,4,38247000,0,0,0,0,0,1,normal,synthetic
SYN_0108,jualan_online,37,1,23956000,0,0,0,0,0,0,normal,synthetic
SYN_0108,jualan_online,38,2,27001000,0,0,0,0,0,0,normal,synthetic
SYN_0108,jualan_online,39,3,23768000,0,0,0,0,0,0,normal,synthetic
SYN_0108,jualan_online,40,4,36111000,0,0,0,0,0,1,normal,synthetic
SYN_0108,jualan_online,41,1,25201000,0,0,0,0,0,0,normal,synthetic
SYN_0108,jualan_online,42,2,26014000,0,0,0,0,0,0,normal,synthetic
SYN_0108,jualan_online,43,3,21133000,0,0,0,0,0,0,normal,synthetic
SYN_0108,jualan_online,44,4,38572000,0,0,0,0,0,1,normal,synthetic
SYN_0108,jualan_online,45,1,21023000,0,0,0,0,0,0,normal,synthetic
SYN_0108,jualan_online,46,2,25451000,0,0,0,0,0,0,normal,synthetic
SYN_0108,jualan_online,47,3,28573000,0,0,0,0,0,0,normal,synthetic
SYN_0108,jualan_online,48,4,28153000,0,0,0,0,0,1,normal,synthetic
SYN_0108,jualan_online,49,1,26307000,0,0,0,1,0,0,high_season,synthetic
SYN_0108,jualan_online,50,2,26536000,0,0,0,1,0,0,high_season,synthetic
SYN_0108,jualan_online,51,3,38694000,0,0,0,1,0,0,high_season,synthetic
SYN_0108,jualan_online,52,4,39940000,0,0,0,1,0,1,high_season,synthetic
SYN_0109,kurir,1,1,572000,0,0,0,0,1,0,low_season,synthetic
SYN_0109,kurir,2,2,565000,0,0,0,0,1,0,low_season,synthetic
SYN_0109,kurir,3,3,646000,0,0,0,0,1,0,low_season,synthetic
SYN_0109,kurir,4,4,677000,0,0,0,0,1,1,low_season,synthetic
SYN_0109,kurir,5,1,628000,0,0,0,0,1,0,low_season,synthetic
SYN_0109,kurir,6,2,564000,0,0,0,0,1,0,low_season,synthetic
SYN_0109,kurir,7,3,565000,0,0,0,0,0,0,normal,synthetic
SYN_0109,kurir,8,4,805000,0,0,0,0,0,1,normal,synthetic
SYN_0109,kurir,9,1,634000,0,0,0,0,0,0,normal,synthetic
SYN_0109,kurir,10,2,1145000,1,0,0,0,0,0,high_season,synthetic
SYN_0109,kurir,11,3,929000,1,0,0,0,0,0,high_season,synthetic
SYN_0109,kurir,12,4,1117000,1,0,0,0,0,1,high_season,synthetic
SYN_0109,kurir,13,1,1020000,1,0,0,0,0,0,high_season,synthetic
SYN_0109,kurir,14,2,1109000,0,1,0,0,0,0,high_season,synthetic
SYN_0109,kurir,15,3,497000,0,0,1,0,0,0,low_season,synthetic
SYN_0109,kurir,16,4,597000,0,0,1,0,0,1,low_season,synthetic
SYN_0109,kurir,17,1,661000,0,0,0,0,0,0,normal,synthetic
SYN_0109,kurir,18,2,673000,0,0,0,0,0,0,normal,synthetic
SYN_0109,kurir,19,3,662000,0,0,0,0,0,0,normal,synthetic
SYN_0109,kurir,20,4,890000,0,0,0,0,0,1,normal,synthetic
SYN_0109,kurir,21,1,598000,0,0,0,0,0,0,normal,synthetic
SYN_0109,kurir,22,2,635000,0,0,0,0,0,0,normal,synthetic
SYN_0109,kurir,23,3,799000,0,0,0,0,0,0,normal,synthetic
SYN_0109,kurir,24,4,902000,0,0,0,0,0,1,normal,synthetic
SYN_0109,kurir,25,1,750000,0,0,0,0,0,0,normal,synthetic
SYN_0109,kurir,26,2,770000,0,0,0,0,0,0,normal,synthetic
SYN_0109,kurir,27,3,640000,0,0,0,0,0,0,normal,synthetic
SYN_0109,kurir,28,4,872000,0,0,0,0,0,1,normal,synthetic
SYN_0109,kurir,29,1,591000,0,0,0,0,0,0,normal,synthetic
SYN_0109,kurir,30,2,616000,0,0,0,0,0,0,normal,synthetic
SYN_0109,kurir,31,3,692000,0,0,0,0,0,0,normal,synthetic
SYN_0109,kurir,32,4,940000,0,0,0,0,0,1,normal,synthetic
SYN_0109,kurir,33,1,664000,0,0,0,0,0,0,normal,synthetic
SYN_0109,kurir,34,2,633000,0,0,0,0,0,0,normal,synthetic
SYN_0109,kurir,35,3,690000,0,0,0,0,0,0,normal,synthetic
SYN_0109,kurir,36,4,854000,0,0,0,0,0,1,normal,synthetic
SYN_0109,kurir,37,1,552000,0,0,0,0,0,0,normal,synthetic
SYN_0109,kurir,38,2,766000,0,0,0,0,0,0,normal,synthetic
SYN_0109,kurir,39,3,706000,0,0,0,0,0,0,normal,synthetic
SYN_0109,kurir,40,4,759000,0,0,0,0,0,1,normal,synthetic
SYN_0109,kurir,41,1,566000,0,0,0,0,0,0,normal,synthetic
SYN_0109,kurir,42,2,791000,0,0,0,0,0,0,normal,synthetic
SYN_0109,kurir,43,3,697000,0,0,0,0,0,0,normal,synthetic
SYN_0109,kurir,44,4,956000,0,0,0,0,0,1,normal,synthetic
SYN_0109,kurir,45,1,738000,0,0,0,0,0,0,normal,synthetic
SYN_0109,kurir,46,2,786000,0,0,0,0,0,0,normal,synthetic
SYN_0109,kurir,47,3,687000,0,0,0,0,0,0,normal,synthetic
SYN_0109,kurir,48,4,675000,0,0,0,0,0,1,normal,synthetic
SYN_0109,kurir,49,1,867000,0,0,0,1,0,0,high_season,synthetic
SYN_0109,kurir,50,2,1109000,0,0,0,1,0,0,high_season,synthetic
SYN_0109,kurir,51,3,934000,0,0,0,1,0,0,high_season,synthetic
SYN_0109,kurir,52,4,928000,0,0,0,1,0,1,high_season,synthetic
SYN_0110,ojek_online,1,1,735000,0,0,0,0,1,0,low_season,synthetic
SYN_0110,ojek_online,2,2,563000,0,0,0,0,1,0,low_season,synthetic
SYN_0110,ojek_online,3,3,989000,0,0,0,0,1,0,low_season,synthetic
SYN_0110,ojek_online,4,4,899000,0,0,0,0,1,1,low_season,synthetic
SYN_0110,ojek_online,5,1,792000,0,0,0,0,1,0,low_season,synthetic
SYN_0110,ojek_online,6,2,825000,0,0,0,0,1,0,low_season,synthetic
SYN_0110,ojek_online,7,3,1118000,0,0,0,0,0,0,normal,synthetic
SYN_0110,ojek_online,8,4,1230000,0,0,0,0,0,1,normal,synthetic
SYN_0110,ojek_online,9,1,859000,0,0,0,0,0,0,normal,synthetic
SYN_0110,ojek_online,10,2,1279000,1,0,0,0,0,0,high_season,synthetic
SYN_0110,ojek_online,11,3,1548000,1,0,0,0,0,0,high_season,synthetic
SYN_0110,ojek_online,12,4,1348000,1,0,0,0,0,1,high_season,synthetic
SYN_0110,ojek_online,13,1,1372000,1,0,0,0,0,0,high_season,synthetic
SYN_0110,ojek_online,14,2,1504000,0,1,0,0,0,0,high_season,synthetic
SYN_0110,ojek_online,15,3,782000,0,0,1,0,0,0,low_season,synthetic
SYN_0110,ojek_online,16,4,838000,0,0,1,0,0,1,low_season,synthetic
SYN_0110,ojek_online,17,1,946000,0,0,0,0,0,0,normal,synthetic
SYN_0110,ojek_online,18,2,989000,0,0,0,0,0,0,normal,synthetic
SYN_0110,ojek_online,19,3,788000,0,0,0,0,0,0,normal,synthetic
SYN_0110,ojek_online,20,4,1063000,0,0,0,0,0,1,normal,synthetic
SYN_0110,ojek_online,21,1,949000,0,0,0,0,0,0,normal,synthetic
SYN_0110,ojek_online,22,2,998000,0,0,0,0,0,0,normal,synthetic
SYN_0110,ojek_online,23,3,1110000,0,0,0,0,0,0,normal,synthetic
SYN_0110,ojek_online,24,4,1229000,0,0,0,0,0,1,normal,synthetic
SYN_0110,ojek_online,25,1,787000,0,0,0,0,0,0,normal,synthetic
SYN_0110,ojek_online,26,2,893000,0,0,0,0,0,0,normal,synthetic
SYN_0110,ojek_online,27,3,991000,0,0,0,0,0,0,normal,synthetic
SYN_0110,ojek_online,28,4,871000,0,0,0,0,0,1,normal,synthetic
SYN_0110,ojek_online,29,1,1047000,0,0,0,0,0,0,normal,synthetic
SYN_0110,ojek_online,30,2,1029000,0,0,0,0,0,0,normal,synthetic
SYN_0110,ojek_online,31,3,1115000,0,0,0,0,0,0,normal,synthetic
SYN_0110,ojek_online,32,4,968000,0,0,0,0,0,1,normal,synthetic
SYN_0110,ojek_online,33,1,1005000,0,0,0,0,0,0,normal,synthetic
SYN_0110,ojek_online,34,2,1225000,0,0,0,0,0,0,normal,synthetic
SYN_0110,ojek_online,35,3,835000,0,0,0,0,0,0,normal,synthetic
SYN_0110,ojek_online,36,4,1278000,0,0,0,0,0,1,normal,synthetic
SYN_0110,ojek_online,37,1,882000,0,0,0,0,0,0,normal,synthetic
SYN_0110,ojek_online,38,2,811000,0,0,0,0,0,0,normal,synthetic
SYN_0110,ojek_online,39,3,1034000,0,0,0,0,0,0,normal,synthetic
SYN_0110,ojek_online,40,4,1286000,0,0,0,0,0,1,normal,synthetic
SYN_0110,ojek_online,41,1,823000,0,0,0,0,0,0,normal,synthetic
SYN_0110,ojek_online,42,2,1108000,0,0,0,0,0,0,normal,synthetic
SYN_0110,ojek_online,43,3,797000,0,0,0,0,0,0,normal,synthetic
SYN_0110,ojek_online,44,4,979000,0,0,0,0,0,1,normal,synthetic
SYN_0110,ojek_online,45,1,896000,0,0,0,0,0,0,normal,synthetic
SYN_0110,ojek_online,46,2,983000,0,0,0,0,0,0,normal,synthetic
SYN_0110,ojek_online,47,3,901000,0,0,0,0,0,0,normal,synthetic
SYN_0110,ojek_online,48,4,1283000,0,0,0,0,0,1,normal,synthetic
SYN_0110,ojek_online,49,1,1215000,0,0,0,1,0,0,high_season,synthetic
SYN_0110,ojek_online,50,2,1397000,0,0,0,1,0,0,high_season,synthetic
SYN_0110,ojek_online,51,3,1257000,0,0,0,1,0,0,high_season,synthetic
SYN_0110,ojek_online,52,4,1632000,0,0,0,1,0,1,high_season,synthetic
SYN_0111,freelancer_it,1,1,55705000,0,0,0,0,1,0,low_season,synthetic
SYN_0111,freelancer_it,2,2,54846000,0,0,0,0,1,0,low_season,synthetic
SYN_0111,freelancer_it,3,3,65461000,0,0,0,0,1,0,low_season,synthetic
SYN_0111,freelancer_it,4,4,117763000,0,0,0,0,1,1,low_season,synthetic
SYN_0111,freelancer_it,5,1,68375000,0,0,0,0,1,0,low_season,synthetic
SYN_0111,freelancer_it,6,2,73210000,0,0,0,0,1,0,low_season,synthetic
SYN_0111,freelancer_it,7,3,88267000,0,0,0,0,0,0,normal,synthetic
SYN_0111,freelancer_it,8,4,85041000,0,0,0,0,0,1,normal,synthetic
SYN_0111,freelancer_it,9,1,74746000,0,0,0,0,0,0,normal,synthetic
SYN_0111,freelancer_it,10,2,115207000,1,0,0,0,0,0,high_season,synthetic
SYN_0111,freelancer_it,11,3,144335000,1,0,0,0,0,0,high_season,synthetic
SYN_0111,freelancer_it,12,4,136097000,1,0,0,0,0,1,high_season,synthetic
SYN_0111,freelancer_it,13,1,98161000,1,0,0,0,0,0,high_season,synthetic
SYN_0111,freelancer_it,14,2,116328000,0,1,0,0,0,0,high_season,synthetic
SYN_0111,freelancer_it,15,3,56688000,0,0,1,0,0,0,low_season,synthetic
SYN_0111,freelancer_it,16,4,69454000,0,0,1,0,0,1,low_season,synthetic
SYN_0111,freelancer_it,17,1,59458000,0,0,0,0,0,0,normal,synthetic
SYN_0111,freelancer_it,18,2,84464000,0,0,0,0,0,0,normal,synthetic
SYN_0111,freelancer_it,19,3,82018000,0,0,0,0,0,0,normal,synthetic
SYN_0111,freelancer_it,20,4,108833000,0,0,0,0,0,1,normal,synthetic
SYN_0111,freelancer_it,21,1,83616000,0,0,0,0,0,0,normal,synthetic
SYN_0111,freelancer_it,22,2,80474000,0,0,0,0,0,0,normal,synthetic
SYN_0111,freelancer_it,23,3,67901000,0,0,0,0,0,0,normal,synthetic
SYN_0111,freelancer_it,24,4,84227000,0,0,0,0,0,1,normal,synthetic
SYN_0111,freelancer_it,25,1,89117000,0,0,0,0,0,0,normal,synthetic
SYN_0111,freelancer_it,26,2,81265000,0,0,0,0,0,0,normal,synthetic
SYN_0111,freelancer_it,27,3,98842000,0,0,0,0,0,0,normal,synthetic
SYN_0111,freelancer_it,28,4,101963000,0,0,0,0,0,1,normal,synthetic
SYN_0111,freelancer_it,29,1,79026000,0,0,0,0,0,0,normal,synthetic
SYN_0111,freelancer_it,30,2,89863000,0,0,0,0,0,0,normal,synthetic
SYN_0111,freelancer_it,31,3,65825000,0,0,0,0,0,0,normal,synthetic
SYN_0111,freelancer_it,32,4,99406000,0,0,0,0,0,1,normal,synthetic
SYN_0111,freelancer_it,33,1,59103000,0,0,0,0,0,0,normal,synthetic
SYN_0111,freelancer_it,34,2,76257000,0,0,0,0,0,0,normal,synthetic
SYN_0111,freelancer_it,35,3,86544000,0,0,0,0,0,0,normal,synthetic
SYN_0111,freelancer_it,36,4,81629000,0,0,0,0,0,1,normal,synthetic
SYN_0111,freelancer_it,37,1,77080000,0,0,0,0,0,0,normal,synthetic
SYN_0111,freelancer_it,38,2,62764000,0,0,0,0,0,0,normal,synthetic
SYN_0111,freelancer_it,39,3,92138000,0,0,0,0,0,0,normal,synthetic
SYN_0111,freelancer_it,40,4,86444000,0,0,0,0,0,1,normal,synthetic
SYN_0111,freelancer_it,41,1,61204000,0,0,0,0,0,0,normal,synthetic
SYN_0111,freelancer_it,42,2,63465000,0,0,0,0,0,0,normal,synthetic
SYN_0111,freelancer_it,43,3,72983000,0,0,0,0,0,0,normal,synthetic
SYN_0111,freelancer_it,44,4,69856000,0,0,0,0,0,1,normal,synthetic
SYN_0111,freelancer_it,45,1,65995000,0,0,0,0,0,0,normal,synthetic
SYN_0111,freelancer_it,46,2,91651000,0,0,0,0,0,0,normal,synthetic
SYN_0111,freelancer_it,47,3,77327000,0,0,0,0,0,0,normal,synthetic
SYN_0111,freelancer_it,48,4,79598000,0,0,0,0,0,1,normal,synthetic
SYN_0111,freelancer_it,49,1,95871000,0,0,0,1,0,0,high_season,synthetic
SYN_0111,freelancer_it,50,2,105246000,0,0,0,1,0,0,high_season,synthetic
SYN_0111,freelancer_it,51,3,131536000,0,0,0,1,0,0,high_season,synthetic
SYN_0111,freelancer_it,52,4,137620000,0,0,0,1,0,1,high_season,synthetic
SYN_0112,kurir,1,1,903000,0,0,0,0,1,0,low_season,synthetic
SYN_0112,kurir,2,2,1017000,0,0,0,0,1,0,low_season,synthetic
SYN_0112,kurir,3,3,1198000,0,0,0,0,1,0,low_season,synthetic
SYN_0112,kurir,4,4,1150000,0,0,0,0,1,1,low_season,synthetic
SYN_0112,kurir,5,1,859000,0,0,0,0,1,0,low_season,synthetic
SYN_0112,kurir,6,2,992000,0,0,0,0,1,0,low_season,synthetic
SYN_0112,kurir,7,3,1265000,0,0,0,0,0,0,normal,synthetic
SYN_0112,kurir,8,4,1203000,0,0,0,0,0,1,normal,synthetic
SYN_0112,kurir,9,1,860000,0,0,0,0,0,0,normal,synthetic
SYN_0112,kurir,10,2,1589000,1,0,0,0,0,0,high_season,synthetic
SYN_0112,kurir,11,3,1435000,1,0,0,0,0,0,high_season,synthetic
SYN_0112,kurir,12,4,1936000,1,0,0,0,0,1,high_season,synthetic
SYN_0112,kurir,13,1,1575000,1,0,0,0,0,0,high_season,synthetic
SYN_0112,kurir,14,2,1864000,0,1,0,0,0,0,high_season,synthetic
SYN_0112,kurir,15,3,707000,0,0,1,0,0,0,low_season,synthetic
SYN_0112,kurir,16,4,977000,0,0,1,0,0,1,low_season,synthetic
SYN_0112,kurir,17,1,1119000,0,0,0,0,0,0,normal,synthetic
SYN_0112,kurir,18,2,983000,0,0,0,0,0,0,normal,synthetic
SYN_0112,kurir,19,3,1239000,0,0,0,0,0,0,normal,synthetic
SYN_0112,kurir,20,4,1486000,0,0,0,0,0,1,normal,synthetic
SYN_0112,kurir,21,1,1127000,0,0,0,0,0,0,normal,synthetic
SYN_0112,kurir,22,2,1279000,0,0,0,0,0,0,normal,synthetic
SYN_0112,kurir,23,3,1380000,0,0,0,0,0,0,normal,synthetic
SYN_0112,kurir,24,4,1343000,0,0,0,0,0,1,normal,synthetic
SYN_0112,kurir,25,1,1050000,0,0,0,0,0,0,normal,synthetic
SYN_0112,kurir,26,2,1113000,0,0,0,0,0,0,normal,synthetic
SYN_0112,kurir,27,3,1156000,0,0,0,0,0,0,normal,synthetic
SYN_0112,kurir,28,4,1574000,0,0,0,0,0,1,normal,synthetic
SYN_0112,kurir,29,1,917000,0,0,0,0,0,0,normal,synthetic
SYN_0112,kurir,30,2,1068000,0,0,0,0,0,0,normal,synthetic
SYN_0112,kurir,31,3,1296000,0,0,0,0,0,0,normal,synthetic
SYN_0112,kurir,32,4,1511000,0,0,0,0,0,1,normal,synthetic
SYN_0112,kurir,33,1,1007000,0,0,0,0,0,0,normal,synthetic
SYN_0112,kurir,34,2,1242000,0,0,0,0,0,0,normal,synthetic
SYN_0112,kurir,35,3,1190000,0,0,0,0,0,0,normal,synthetic
SYN_0112,kurir,36,4,1570000,0,0,0,0,0,1,normal,synthetic
SYN_0112,kurir,37,1,1047000,0,0,0,0,0,0,normal,synthetic
SYN_0112,kurir,38,2,1260000,0,0,0,0,0,0,normal,synthetic
SYN_0112,kurir,39,3,1424000,0,0,0,0,0,0,normal,synthetic
SYN_0112,kurir,40,4,1460000,0,0,0,0,0,1,normal,synthetic
SYN_0112,kurir,41,1,1045000,0,0,0,0,0,0,normal,synthetic
SYN_0112,kurir,42,2,1229000,0,0,0,0,0,0,normal,synthetic
SYN_0112,kurir,43,3,1118000,0,0,0,0,0,0,normal,synthetic
SYN_0112,kurir,44,4,1678000,0,0,0,0,0,1,normal,synthetic
SYN_0112,kurir,45,1,1056000,0,0,0,0,0,0,normal,synthetic
SYN_0112,kurir,46,2,1128000,0,0,0,0,0,0,normal,synthetic
SYN_0112,kurir,47,3,1071000,0,0,0,0,0,0,normal,synthetic
SYN_0112,kurir,48,4,1521000,0,0,0,0,0,1,normal,synthetic
SYN_0112,kurir,49,1,1455000,0,0,0,1,0,0,high_season,synthetic
SYN_0112,kurir,50,2,1436000,0,0,0,1,0,0,high_season,synthetic
SYN_0112,kurir,51,3,1578000,0,0,0,1,0,0,high_season,synthetic
SYN_0112,kurir,52,4,1563000,0,0,0,1,0,1,high_season,synthetic
SYN_0113,jualan_online,1,1,13692000,0,0,0,0,1,0,low_season,synthetic
SYN_0113,jualan_online,2,2,10970000,0,0,0,0,1,0,low_season,synthetic
SYN_0113,jualan_online,3,3,14557000,0,0,0,0,1,0,low_season,synthetic
SYN_0113,jualan_online,4,4,16447000,0,0,0,0,1,1,low_season,synthetic
SYN_0113,jualan_online,5,1,13071000,0,0,0,0,1,0,low_season,synthetic
SYN_0113,jualan_online,6,2,11918000,0,0,0,0,1,0,low_season,synthetic
SYN_0113,jualan_online,7,3,14557000,0,0,0,0,0,0,normal,synthetic
SYN_0113,jualan_online,8,4,17891000,0,0,0,0,0,1,normal,synthetic
SYN_0113,jualan_online,9,1,12568000,0,0,0,0,0,0,normal,synthetic
SYN_0113,jualan_online,10,2,22056000,1,0,0,0,0,0,high_season,synthetic
SYN_0113,jualan_online,11,3,25545000,1,0,0,0,0,0,high_season,synthetic
SYN_0113,jualan_online,12,4,21761000,1,0,0,0,0,1,high_season,synthetic
SYN_0113,jualan_online,13,1,17804000,1,0,0,0,0,0,high_season,synthetic
SYN_0113,jualan_online,14,2,23537000,0,1,0,0,0,0,high_season,synthetic
SYN_0113,jualan_online,15,3,10250000,0,0,1,0,0,0,low_season,synthetic
SYN_0113,jualan_online,16,4,12239000,0,0,1,0,0,1,low_season,synthetic
SYN_0113,jualan_online,17,1,14565000,0,0,0,0,0,0,normal,synthetic
SYN_0113,jualan_online,18,2,14871000,0,0,0,0,0,0,normal,synthetic
SYN_0113,jualan_online,19,3,15349000,0,0,0,0,0,0,normal,synthetic
SYN_0113,jualan_online,20,4,18623000,0,0,0,0,0,1,normal,synthetic
SYN_0113,jualan_online,21,1,13722000,0,0,0,0,0,0,normal,synthetic
SYN_0113,jualan_online,22,2,16061000,0,0,0,0,0,0,normal,synthetic
SYN_0113,jualan_online,23,3,14594000,0,0,0,0,0,0,normal,synthetic
SYN_0113,jualan_online,24,4,21284000,0,0,0,0,0,1,normal,synthetic
SYN_0113,jualan_online,25,1,17395000,0,0,0,0,0,0,normal,synthetic
SYN_0113,jualan_online,26,2,16066000,0,0,0,0,0,0,normal,synthetic
SYN_0113,jualan_online,27,3,15216000,0,0,0,0,0,0,normal,synthetic
SYN_0113,jualan_online,28,4,19105000,0,0,0,0,0,1,normal,synthetic
SYN_0113,jualan_online,29,1,11569000,0,0,0,0,0,0,normal,synthetic
SYN_0113,jualan_online,30,2,15131000,0,0,0,0,0,0,normal,synthetic
SYN_0113,jualan_online,31,3,13511000,0,0,0,0,0,0,normal,synthetic
SYN_0113,jualan_online,32,4,18861000,0,0,0,0,0,1,normal,synthetic
SYN_0113,jualan_online,33,1,12168000,0,0,0,0,0,0,normal,synthetic
SYN_0113,jualan_online,34,2,14198000,0,0,0,0,0,0,normal,synthetic
SYN_0113,jualan_online,35,3,11484000,0,0,0,0,0,0,normal,synthetic
SYN_0113,jualan_online,36,4,15271000,0,0,0,0,0,1,normal,synthetic
SYN_0113,jualan_online,37,1,13897000,0,0,0,0,0,0,normal,synthetic
SYN_0113,jualan_online,38,2,13267000,0,0,0,0,0,0,normal,synthetic
SYN_0113,jualan_online,39,3,16702000,0,0,0,0,0,0,normal,synthetic
SYN_0113,jualan_online,40,4,15739000,0,0,0,0,0,1,normal,synthetic
SYN_0113,jualan_online,41,1,14055000,0,0,0,0,0,0,normal,synthetic
SYN_0113,jualan_online,42,2,13457000,0,0,0,0,0,0,normal,synthetic
SYN_0113,jualan_online,43,3,15496000,0,0,0,0,0,0,normal,synthetic
SYN_0113,jualan_online,44,4,14500000,0,0,0,0,0,1,normal,synthetic
SYN_0113,jualan_online,45,1,12605000,0,0,0,0,0,0,normal,synthetic
SYN_0113,jualan_online,46,2,13307000,0,0,0,0,0,0,normal,synthetic
SYN_0113,jualan_online,47,3,16381000,0,0,0,0,0,0,normal,synthetic
SYN_0113,jualan_online,48,4,18759000,0,0,0,0,0,1,normal,synthetic
SYN_0113,jualan_online,49,1,14766000,0,0,0,1,0,0,high_season,synthetic
SYN_0113,jualan_online,50,2,18785000,0,0,0,1,0,0,high_season,synthetic
SYN_0113,jualan_online,51,3,17470000,0,0,0,1,0,0,high_season,synthetic
SYN_0113,jualan_online,52,4,25740000,0,0,0,1,0,1,high_season,synthetic
SYN_0114,freelancer_it,1,1,40459000,0,0,0,0,1,0,low_season,synthetic
SYN_0114,freelancer_it,2,2,40414000,0,0,0,0,1,0,low_season,synthetic
SYN_0114,freelancer_it,3,3,52899000,0,0,0,0,1,0,low_season,synthetic
SYN_0114,freelancer_it,4,4,56236000,0,0,0,0,1,1,low_season,synthetic
SYN_0114,freelancer_it,5,1,57627000,0,0,0,0,1,0,low_season,synthetic
SYN_0114,freelancer_it,6,2,51000000,0,0,0,0,1,0,low_season,synthetic
SYN_0114,freelancer_it,7,3,53004000,0,0,0,0,0,0,normal,synthetic
SYN_0114,freelancer_it,8,4,60144000,0,0,0,0,0,1,normal,synthetic
SYN_0114,freelancer_it,9,1,61938000,0,0,0,0,0,0,normal,synthetic
SYN_0114,freelancer_it,10,2,79655000,1,0,0,0,0,0,high_season,synthetic
SYN_0114,freelancer_it,11,3,87110000,1,0,0,0,0,0,high_season,synthetic
SYN_0114,freelancer_it,12,4,117797000,1,0,0,0,0,1,high_season,synthetic
SYN_0114,freelancer_it,13,1,72638000,1,0,0,0,0,0,high_season,synthetic
SYN_0114,freelancer_it,14,2,103820000,0,1,0,0,0,0,high_season,synthetic
SYN_0114,freelancer_it,15,3,41700000,0,0,1,0,0,0,low_season,synthetic
SYN_0114,freelancer_it,16,4,54954000,0,0,1,0,0,1,low_season,synthetic
SYN_0114,freelancer_it,17,1,58183000,0,0,0,0,0,0,normal,synthetic
SYN_0114,freelancer_it,18,2,57870000,0,0,0,0,0,0,normal,synthetic
SYN_0114,freelancer_it,19,3,60242000,0,0,0,0,0,0,normal,synthetic
SYN_0114,freelancer_it,20,4,67922000,0,0,0,0,0,1,normal,synthetic
SYN_0114,freelancer_it,21,1,42622000,0,0,0,0,0,0,normal,synthetic
SYN_0114,freelancer_it,22,2,61863000,0,0,0,0,0,0,normal,synthetic
SYN_0114,freelancer_it,23,3,75527000,0,0,0,0,0,0,normal,synthetic
SYN_0114,freelancer_it,24,4,62787000,0,0,0,0,0,1,normal,synthetic
SYN_0114,freelancer_it,25,1,47923000,0,0,0,0,0,0,normal,synthetic
SYN_0114,freelancer_it,26,2,52431000,0,0,0,0,0,0,normal,synthetic
SYN_0114,freelancer_it,27,3,65767000,0,0,0,0,0,0,normal,synthetic
SYN_0114,freelancer_it,28,4,76150000,0,0,0,0,0,1,normal,synthetic
SYN_0114,freelancer_it,29,1,52546000,0,0,0,0,0,0,normal,synthetic
SYN_0114,freelancer_it,30,2,52035000,0,0,0,0,0,0,normal,synthetic
SYN_0114,freelancer_it,31,3,60482000,0,0,0,0,0,0,normal,synthetic
SYN_0114,freelancer_it,32,4,55956000,0,0,0,0,0,1,normal,synthetic
SYN_0114,freelancer_it,33,1,54818000,0,0,0,0,0,0,normal,synthetic
SYN_0114,freelancer_it,34,2,66995000,0,0,0,0,0,0,normal,synthetic
SYN_0114,freelancer_it,35,3,49250000,0,0,0,0,0,0,normal,synthetic
SYN_0114,freelancer_it,36,4,56278000,0,0,0,0,0,1,normal,synthetic
SYN_0114,freelancer_it,37,1,65621000,0,0,0,0,0,0,normal,synthetic
SYN_0114,freelancer_it,38,2,54596000,0,0,0,0,0,0,normal,synthetic
SYN_0114,freelancer_it,39,3,69205000,0,0,0,0,0,0,normal,synthetic
SYN_0114,freelancer_it,40,4,70107000,0,0,0,0,0,1,normal,synthetic
SYN_0114,freelancer_it,41,1,52520000,0,0,0,0,0,0,normal,synthetic
SYN_0114,freelancer_it,42,2,63374000,0,0,0,0,0,0,normal,synthetic
SYN_0114,freelancer_it,43,3,52320000,0,0,0,0,0,0,normal,synthetic
SYN_0114,freelancer_it,44,4,72981000,0,0,0,0,0,1,normal,synthetic
SYN_0114,freelancer_it,45,1,50868000,0,0,0,0,0,0,normal,synthetic
SYN_0114,freelancer_it,46,2,48671000,0,0,0,0,0,0,normal,synthetic
SYN_0114,freelancer_it,47,3,62531000,0,0,0,0,0,0,normal,synthetic
SYN_0114,freelancer_it,48,4,69010000,0,0,0,0,0,1,normal,synthetic
SYN_0114,freelancer_it,49,1,68324000,0,0,0,1,0,0,high_season,synthetic
SYN_0114,freelancer_it,50,2,64471000,0,0,0,1,0,0,high_season,synthetic
SYN_0114,freelancer_it,51,3,94916000,0,0,0,1,0,0,high_season,synthetic
SYN_0114,freelancer_it,52,4,104580000,0,0,0,1,0,1,high_season,synthetic
SYN_0115,kurir,1,1,947000,0,0,0,0,1,0,low_season,synthetic
SYN_0115,kurir,2,2,902000,0,0,0,0,1,0,low_season,synthetic
SYN_0115,kurir,3,3,955000,0,0,0,0,1,0,low_season,synthetic
SYN_0115,kurir,4,4,1290000,0,0,0,0,1,1,low_season,synthetic
SYN_0115,kurir,5,1,856000,0,0,0,0,1,0,low_season,synthetic
SYN_0115,kurir,6,2,1059000,0,0,0,0,1,0,low_season,synthetic
SYN_0115,kurir,7,3,1172000,0,0,0,0,0,0,normal,synthetic
SYN_0115,kurir,8,4,1236000,0,0,0,0,0,1,normal,synthetic
SYN_0115,kurir,9,1,1019000,0,0,0,0,0,0,normal,synthetic
SYN_0115,kurir,10,2,1785000,1,0,0,0,0,0,high_season,synthetic
SYN_0115,kurir,11,3,1740000,1,0,0,0,0,0,high_season,synthetic
SYN_0115,kurir,12,4,1965000,1,0,0,0,0,1,high_season,synthetic
SYN_0115,kurir,13,1,1233000,1,0,0,0,0,0,high_season,synthetic
SYN_0115,kurir,14,2,1670000,0,1,0,0,0,0,high_season,synthetic
SYN_0115,kurir,15,3,683000,0,0,1,0,0,0,low_season,synthetic
SYN_0115,kurir,16,4,909000,0,0,1,0,0,1,low_season,synthetic
SYN_0115,kurir,17,1,986000,0,0,0,0,0,0,normal,synthetic
SYN_0115,kurir,18,2,986000,0,0,0,0,0,0,normal,synthetic
SYN_0115,kurir,19,3,1235000,0,0,0,0,0,0,normal,synthetic
SYN_0115,kurir,20,4,1209000,0,0,0,0,0,1,normal,synthetic
SYN_0115,kurir,21,1,897000,0,0,0,0,0,0,normal,synthetic
SYN_0115,kurir,22,2,1142000,0,0,0,0,0,0,normal,synthetic
SYN_0115,kurir,23,3,1231000,0,0,0,0,0,0,normal,synthetic
SYN_0115,kurir,24,4,1606000,0,0,0,0,0,1,normal,synthetic
SYN_0115,kurir,25,1,1072000,0,0,0,0,0,0,normal,synthetic
SYN_0115,kurir,26,2,1291000,0,0,0,0,0,0,normal,synthetic
SYN_0115,kurir,27,3,1013000,0,0,0,0,0,0,normal,synthetic
SYN_0115,kurir,28,4,1619000,0,0,0,0,0,1,normal,synthetic
SYN_0115,kurir,29,1,853000,0,0,0,0,0,0,normal,synthetic
SYN_0115,kurir,30,2,1083000,0,0,0,0,0,0,normal,synthetic
SYN_0115,kurir,31,3,1189000,0,0,0,0,0,0,normal,synthetic
SYN_0115,kurir,32,4,1168000,0,0,0,0,0,1,normal,synthetic
SYN_0115,kurir,33,1,937000,0,0,0,0,0,0,normal,synthetic
SYN_0115,kurir,34,2,1025000,0,0,0,0,0,0,normal,synthetic
SYN_0115,kurir,35,3,1102000,0,0,0,0,0,0,normal,synthetic
SYN_0115,kurir,36,4,1530000,0,0,0,0,0,1,normal,synthetic
SYN_0115,kurir,37,1,1022000,0,0,0,0,0,0,normal,synthetic
SYN_0115,kurir,38,2,1087000,0,0,0,0,0,0,normal,synthetic
SYN_0115,kurir,39,3,846000,0,0,0,0,0,0,normal,synthetic
SYN_0115,kurir,40,4,1416000,0,0,0,0,0,1,normal,synthetic
SYN_0115,kurir,41,1,1091000,0,0,0,0,0,0,normal,synthetic
SYN_0115,kurir,42,2,964000,0,0,0,0,0,0,normal,synthetic
SYN_0115,kurir,43,3,1127000,0,0,0,0,0,0,normal,synthetic
SYN_0115,kurir,44,4,1383000,0,0,0,0,0,1,normal,synthetic
SYN_0115,kurir,45,1,1107000,0,0,0,0,0,0,normal,synthetic
SYN_0115,kurir,46,2,1061000,0,0,0,0,0,0,normal,synthetic
SYN_0115,kurir,47,3,1046000,0,0,0,0,0,0,normal,synthetic
SYN_0115,kurir,48,4,1305000,0,0,0,0,0,1,normal,synthetic
SYN_0115,kurir,49,1,1476000,0,0,0,1,0,0,high_season,synthetic
SYN_0115,kurir,50,2,1609000,0,0,0,1,0,0,high_season,synthetic
SYN_0115,kurir,51,3,1471000,0,0,0,1,0,0,high_season,synthetic
SYN_0115,kurir,52,4,1927000,0,0,0,1,0,1,high_season,synthetic
SYN_0116,ojek_online,1,1,463000,0,0,0,0,1,0,low_season,synthetic
SYN_0116,ojek_online,2,2,585000,0,0,0,0,1,0,low_season,synthetic
SYN_0116,ojek_online,3,3,548000,0,0,0,0,1,0,low_season,synthetic
SYN_0116,ojek_online,4,4,603000,0,0,0,0,1,1,low_season,synthetic
SYN_0116,ojek_online,5,1,581000,0,0,0,0,1,0,low_season,synthetic
SYN_0116,ojek_online,6,2,620000,0,0,0,0,1,0,low_season,synthetic
SYN_0116,ojek_online,7,3,616000,0,0,0,0,0,0,normal,synthetic
SYN_0116,ojek_online,8,4,838000,0,0,0,0,0,1,normal,synthetic
SYN_0116,ojek_online,9,1,631000,0,0,0,0,0,0,normal,synthetic
SYN_0116,ojek_online,10,2,1028000,1,0,0,0,0,0,high_season,synthetic
SYN_0116,ojek_online,11,3,777000,1,0,0,0,0,0,high_season,synthetic
SYN_0116,ojek_online,12,4,1280000,1,0,0,0,0,1,high_season,synthetic
SYN_0116,ojek_online,13,1,808000,1,0,0,0,0,0,high_season,synthetic
SYN_0116,ojek_online,14,2,1111000,0,1,0,0,0,0,high_season,synthetic
SYN_0116,ojek_online,15,3,599000,0,0,1,0,0,0,low_season,synthetic
SYN_0116,ojek_online,16,4,574000,0,0,1,0,0,1,low_season,synthetic
SYN_0116,ojek_online,17,1,569000,0,0,0,0,0,0,normal,synthetic
SYN_0116,ojek_online,18,2,498000,0,0,0,0,0,0,normal,synthetic
SYN_0116,ojek_online,19,3,764000,0,0,0,0,0,0,normal,synthetic
SYN_0116,ojek_online,20,4,674000,0,0,0,0,0,1,normal,synthetic
SYN_0116,ojek_online,21,1,528000,0,0,0,0,0,0,normal,synthetic
SYN_0116,ojek_online,22,2,637000,0,0,0,0,0,0,normal,synthetic
SYN_0116,ojek_online,23,3,766000,0,0,0,0,0,0,normal,synthetic
SYN_0116,ojek_online,24,4,862000,0,0,0,0,0,1,normal,synthetic
SYN_0116,ojek_online,25,1,584000,0,0,0,0,0,0,normal,synthetic
SYN_0116,ojek_online,26,2,684000,0,0,0,0,0,0,normal,synthetic
SYN_0116,ojek_online,27,3,617000,0,0,0,0,0,0,normal,synthetic
SYN_0116,ojek_online,28,4,806000,0,0,0,0,0,1,normal,synthetic
SYN_0116,ojek_online,29,1,600000,0,0,0,0,0,0,normal,synthetic
SYN_0116,ojek_online,30,2,733000,0,0,0,0,0,0,normal,synthetic
SYN_0116,ojek_online,31,3,733000,0,0,0,0,0,0,normal,synthetic
SYN_0116,ojek_online,32,4,837000,0,0,0,0,0,1,normal,synthetic
SYN_0116,ojek_online,33,1,571000,0,0,0,0,0,0,normal,synthetic
SYN_0116,ojek_online,34,2,716000,0,0,0,0,0,0,normal,synthetic
SYN_0116,ojek_online,35,3,654000,0,0,0,0,0,0,normal,synthetic
SYN_0116,ojek_online,36,4,697000,0,0,0,0,0,1,normal,synthetic
SYN_0116,ojek_online,37,1,568000,0,0,0,0,0,0,normal,synthetic
SYN_0116,ojek_online,38,2,667000,0,0,0,0,0,0,normal,synthetic
SYN_0116,ojek_online,39,3,729000,0,0,0,0,0,0,normal,synthetic
SYN_0116,ojek_online,40,4,777000,0,0,0,0,0,1,normal,synthetic
SYN_0116,ojek_online,41,1,514000,0,0,0,0,0,0,normal,synthetic
SYN_0116,ojek_online,42,2,665000,0,0,0,0,0,0,normal,synthetic
SYN_0116,ojek_online,43,3,670000,0,0,0,0,0,0,normal,synthetic
SYN_0116,ojek_online,44,4,810000,0,0,0,0,0,1,normal,synthetic
SYN_0116,ojek_online,45,1,656000,0,0,0,0,0,0,normal,synthetic
SYN_0116,ojek_online,46,2,737000,0,0,0,0,0,0,normal,synthetic
SYN_0116,ojek_online,47,3,617000,0,0,0,0,0,0,normal,synthetic
SYN_0116,ojek_online,48,4,739000,0,0,0,0,0,1,normal,synthetic
SYN_0116,ojek_online,49,1,683000,0,0,0,1,0,0,high_season,synthetic
SYN_0116,ojek_online,50,2,927000,0,0,0,1,0,0,high_season,synthetic
SYN_0116,ojek_online,51,3,999000,0,0,0,1,0,0,high_season,synthetic
SYN_0116,ojek_online,52,4,995000,0,0,0,1,0,1,high_season,synthetic
SYN_0117,freelancer_desain,1,1,49803000,0,0,0,0,1,0,low_season,synthetic
SYN_0117,freelancer_desain,2,2,61588000,0,0,0,0,1,0,low_season,synthetic
SYN_0117,freelancer_desain,3,3,66516000,0,0,0,0,1,0,low_season,synthetic
SYN_0117,freelancer_desain,4,4,60613000,0,0,0,0,1,1,low_season,synthetic
SYN_0117,freelancer_desain,5,1,44202000,0,0,0,0,1,0,low_season,synthetic
SYN_0117,freelancer_desain,6,2,50795000,0,0,0,0,1,0,low_season,synthetic
SYN_0117,freelancer_desain,7,3,63799000,0,0,0,0,0,0,normal,synthetic
SYN_0117,freelancer_desain,8,4,69795000,0,0,0,0,0,1,normal,synthetic
SYN_0117,freelancer_desain,9,1,54202000,0,0,0,0,0,0,normal,synthetic
SYN_0117,freelancer_desain,10,2,111795000,1,0,0,0,0,0,high_season,synthetic
SYN_0117,freelancer_desain,11,3,96474000,1,0,0,0,0,0,high_season,synthetic
SYN_0117,freelancer_desain,12,4,123351000,1,0,0,0,0,1,high_season,synthetic
SYN_0117,freelancer_desain,13,1,80415000,1,0,0,0,0,0,high_season,synthetic
SYN_0117,freelancer_desain,14,2,106594000,0,1,0,0,0,0,high_season,synthetic
SYN_0117,freelancer_desain,15,3,49464000,0,0,1,0,0,0,low_season,synthetic
SYN_0117,freelancer_desain,16,4,57908000,0,0,1,0,0,1,low_season,synthetic
SYN_0117,freelancer_desain,17,1,68388000,0,0,0,0,0,0,normal,synthetic
SYN_0117,freelancer_desain,18,2,81648000,0,0,0,0,0,0,normal,synthetic
SYN_0117,freelancer_desain,19,3,60100000,0,0,0,0,0,0,normal,synthetic
SYN_0117,freelancer_desain,20,4,92264000,0,0,0,0,0,1,normal,synthetic
SYN_0117,freelancer_desain,21,1,50310000,0,0,0,0,0,0,normal,synthetic
SYN_0117,freelancer_desain,22,2,89997000,0,0,0,0,0,0,normal,synthetic
SYN_0117,freelancer_desain,23,3,59074000,0,0,0,0,0,0,normal,synthetic
SYN_0117,freelancer_desain,24,4,90051000,0,0,0,0,0,1,normal,synthetic
SYN_0117,freelancer_desain,25,1,50238000,0,0,0,0,0,0,normal,synthetic
SYN_0117,freelancer_desain,26,2,65931000,0,0,0,0,0,0,normal,synthetic
SYN_0117,freelancer_desain,27,3,84288000,0,0,0,0,0,0,normal,synthetic
SYN_0117,freelancer_desain,28,4,70481000,0,0,0,0,0,1,normal,synthetic
SYN_0117,freelancer_desain,29,1,82266000,0,0,0,0,0,0,normal,synthetic
SYN_0117,freelancer_desain,30,2,67518000,0,0,0,0,0,0,normal,synthetic
SYN_0117,freelancer_desain,31,3,78125000,0,0,0,0,0,0,normal,synthetic
SYN_0117,freelancer_desain,32,4,86318000,0,0,0,0,0,1,normal,synthetic
SYN_0117,freelancer_desain,33,1,65265000,0,0,0,0,0,0,normal,synthetic
SYN_0117,freelancer_desain,34,2,52156000,0,0,0,0,0,0,normal,synthetic
SYN_0117,freelancer_desain,35,3,62463000,0,0,0,0,0,0,normal,synthetic
SYN_0117,freelancer_desain,36,4,96607000,0,0,0,0,0,1,normal,synthetic
SYN_0117,freelancer_desain,37,1,57467000,0,0,0,0,0,0,normal,synthetic
SYN_0117,freelancer_desain,38,2,69076000,0,0,0,0,0,0,normal,synthetic
SYN_0117,freelancer_desain,39,3,50844000,0,0,0,0,0,0,normal,synthetic
SYN_0117,freelancer_desain,40,4,74116000,0,0,0,0,0,1,normal,synthetic
SYN_0117,freelancer_desain,41,1,71746000,0,0,0,0,0,0,normal,synthetic
SYN_0117,freelancer_desain,42,2,53707000,0,0,0,0,0,0,normal,synthetic
SYN_0117,freelancer_desain,43,3,75328000,0,0,0,0,0,0,normal,synthetic
SYN_0117,freelancer_desain,44,4,83397000,0,0,0,0,0,1,normal,synthetic
SYN_0117,freelancer_desain,45,1,58522000,0,0,0,0,0,0,normal,synthetic
SYN_0117,freelancer_desain,46,2,64549000,0,0,0,0,0,0,normal,synthetic
SYN_0117,freelancer_desain,47,3,62266000,0,0,0,0,0,0,normal,synthetic
SYN_0117,freelancer_desain,48,4,75875000,0,0,0,0,0,1,normal,synthetic
SYN_0117,freelancer_desain,49,1,90824000,0,0,0,1,0,0,high_season,synthetic
SYN_0117,freelancer_desain,50,2,81775000,0,0,0,1,0,0,high_season,synthetic
SYN_0117,freelancer_desain,51,3,113255000,0,0,0,1,0,0,high_season,synthetic
SYN_0117,freelancer_desain,52,4,110470000,0,0,0,1,0,1,high_season,synthetic
SYN_0118,ojek_online,1,1,752000,0,0,0,0,1,0,low_season,synthetic
SYN_0118,ojek_online,2,2,833000,0,0,0,0,1,0,low_season,synthetic
SYN_0118,ojek_online,3,3,852000,0,0,0,0,1,0,low_season,synthetic
SYN_0118,ojek_online,4,4,1027000,0,0,0,0,1,1,low_season,synthetic
SYN_0118,ojek_online,5,1,727000,0,0,0,0,1,0,low_season,synthetic
SYN_0118,ojek_online,6,2,970000,0,0,0,0,1,0,low_season,synthetic
SYN_0118,ojek_online,7,3,868000,0,0,0,0,0,0,normal,synthetic
SYN_0118,ojek_online,8,4,1102000,0,0,0,0,0,1,normal,synthetic
SYN_0118,ojek_online,9,1,1179000,0,0,0,0,0,0,normal,synthetic
SYN_0118,ojek_online,10,2,1280000,1,0,0,0,0,0,high_season,synthetic
SYN_0118,ojek_online,11,3,1229000,1,0,0,0,0,0,high_season,synthetic
SYN_0118,ojek_online,12,4,1881000,1,0,0,0,0,1,high_season,synthetic
SYN_0118,ojek_online,13,1,1000000,1,0,0,0,0,0,high_season,synthetic
SYN_0118,ojek_online,14,2,1702000,0,1,0,0,0,0,high_season,synthetic
SYN_0118,ojek_online,15,3,867000,0,0,1,0,0,0,low_season,synthetic
SYN_0118,ojek_online,16,4,694000,0,0,1,0,0,1,low_season,synthetic
SYN_0118,ojek_online,17,1,699000,0,0,0,0,0,0,normal,synthetic
SYN_0118,ojek_online,18,2,831000,0,0,0,0,0,0,normal,synthetic
SYN_0118,ojek_online,19,3,1099000,0,0,0,0,0,0,normal,synthetic
SYN_0118,ojek_online,20,4,1349000,0,0,0,0,0,1,normal,synthetic
SYN_0118,ojek_online,21,1,847000,0,0,0,0,0,0,normal,synthetic
SYN_0118,ojek_online,22,2,1075000,0,0,0,0,0,0,normal,synthetic
SYN_0118,ojek_online,23,3,1154000,0,0,0,0,0,0,normal,synthetic
SYN_0118,ojek_online,24,4,1438000,0,0,0,0,0,1,normal,synthetic
SYN_0118,ojek_online,25,1,874000,0,0,0,0,0,0,normal,synthetic
SYN_0118,ojek_online,26,2,741000,0,0,0,0,0,0,normal,synthetic
SYN_0118,ojek_online,27,3,907000,0,0,0,0,0,0,normal,synthetic
SYN_0118,ojek_online,28,4,1141000,0,0,0,0,0,1,normal,synthetic
SYN_0118,ojek_online,29,1,873000,0,0,0,0,0,0,normal,synthetic
SYN_0118,ojek_online,30,2,978000,0,0,0,0,0,0,normal,synthetic
SYN_0118,ojek_online,31,3,1124000,0,0,0,0,0,0,normal,synthetic
SYN_0118,ojek_online,32,4,1370000,0,0,0,0,0,1,normal,synthetic
SYN_0118,ojek_online,33,1,882000,0,0,0,0,0,0,normal,synthetic
SYN_0118,ojek_online,34,2,1122000,0,0,0,0,0,0,normal,synthetic
SYN_0118,ojek_online,35,3,1039000,0,0,0,0,0,0,normal,synthetic
SYN_0118,ojek_online,36,4,1207000,0,0,0,0,0,1,normal,synthetic
SYN_0118,ojek_online,37,1,990000,0,0,0,0,0,0,normal,synthetic
SYN_0118,ojek_online,38,2,1007000,0,0,0,0,0,0,normal,synthetic
SYN_0118,ojek_online,39,3,1229000,0,0,0,0,0,0,normal,synthetic
SYN_0118,ojek_online,40,4,1005000,0,0,0,0,0,1,normal,synthetic
SYN_0118,ojek_online,41,1,847000,0,0,0,0,0,0,normal,synthetic
SYN_0118,ojek_online,42,2,985000,0,0,0,0,0,0,normal,synthetic
SYN_0118,ojek_online,43,3,1048000,0,0,0,0,0,0,normal,synthetic
SYN_0118,ojek_online,44,4,1369000,0,0,0,0,0,1,normal,synthetic
SYN_0118,ojek_online,45,1,896000,0,0,0,0,0,0,normal,synthetic
SYN_0118,ojek_online,46,2,840000,0,0,0,0,0,0,normal,synthetic
SYN_0118,ojek_online,47,3,1093000,0,0,0,0,0,0,normal,synthetic
SYN_0118,ojek_online,48,4,1300000,0,0,0,0,0,1,normal,synthetic
SYN_0118,ojek_online,49,1,914000,0,0,0,1,0,0,high_season,synthetic
SYN_0118,ojek_online,50,2,1298000,0,0,0,1,0,0,high_season,synthetic
SYN_0118,ojek_online,51,3,1067000,0,0,0,1,0,0,high_season,synthetic
SYN_0118,ojek_online,52,4,1442000,0,0,0,1,0,1,high_season,synthetic
SYN_0119,freelancer_desain,1,1,15056000,0,0,0,0,1,0,low_season,synthetic
SYN_0119,freelancer_desain,2,2,12905000,0,0,0,0,1,0,low_season,synthetic
SYN_0119,freelancer_desain,3,3,19024000,0,0,0,0,1,0,low_season,synthetic
SYN_0119,freelancer_desain,4,4,18834000,0,0,0,0,1,1,low_season,synthetic
SYN_0119,freelancer_desain,5,1,17217000,0,0,0,0,1,0,low_season,synthetic
SYN_0119,freelancer_desain,6,2,14491000,0,0,0,0,1,0,low_season,synthetic
SYN_0119,freelancer_desain,7,3,24659000,0,0,0,0,0,0,normal,synthetic
SYN_0119,freelancer_desain,8,4,28826000,0,0,0,0,0,1,normal,synthetic
SYN_0119,freelancer_desain,9,1,17153000,0,0,0,0,0,0,normal,synthetic
SYN_0119,freelancer_desain,10,2,32947000,1,0,0,0,0,0,high_season,synthetic
SYN_0119,freelancer_desain,11,3,31568000,1,0,0,0,0,0,high_season,synthetic
SYN_0119,freelancer_desain,12,4,46252000,1,0,0,0,0,1,high_season,synthetic
SYN_0119,freelancer_desain,13,1,23407000,1,0,0,0,0,0,high_season,synthetic
SYN_0119,freelancer_desain,14,2,36684000,0,1,0,0,0,0,high_season,synthetic
SYN_0119,freelancer_desain,15,3,13498000,0,0,1,0,0,0,low_season,synthetic
SYN_0119,freelancer_desain,16,4,18178000,0,0,1,0,0,1,low_season,synthetic
SYN_0119,freelancer_desain,17,1,20987000,0,0,0,0,0,0,normal,synthetic
SYN_0119,freelancer_desain,18,2,19245000,0,0,0,0,0,0,normal,synthetic
SYN_0119,freelancer_desain,19,3,20234000,0,0,0,0,0,0,normal,synthetic
SYN_0119,freelancer_desain,20,4,29768000,0,0,0,0,0,1,normal,synthetic
SYN_0119,freelancer_desain,21,1,23537000,0,0,0,0,0,0,normal,synthetic
SYN_0119,freelancer_desain,22,2,23182000,0,0,0,0,0,0,normal,synthetic
SYN_0119,freelancer_desain,23,3,21012000,0,0,0,0,0,0,normal,synthetic
SYN_0119,freelancer_desain,24,4,24821000,0,0,0,0,0,1,normal,synthetic
SYN_0119,freelancer_desain,25,1,21033000,0,0,0,0,0,0,normal,synthetic
SYN_0119,freelancer_desain,26,2,22269000,0,0,0,0,0,0,normal,synthetic
SYN_0119,freelancer_desain,27,3,15817000,0,0,0,0,0,0,normal,synthetic
SYN_0119,freelancer_desain,28,4,28144000,0,0,0,0,0,1,normal,synthetic
SYN_0119,freelancer_desain,29,1,16675000,0,0,0,0,0,0,normal,synthetic
SYN_0119,freelancer_desain,30,2,16615000,0,0,0,0,0,0,normal,synthetic
SYN_0119,freelancer_desain,31,3,15751000,0,0,0,0,0,0,normal,synthetic
SYN_0119,freelancer_desain,32,4,24892000,0,0,0,0,0,1,normal,synthetic
SYN_0119,freelancer_desain,33,1,16192000,0,0,0,0,0,0,normal,synthetic
SYN_0119,freelancer_desain,34,2,13488000,0,0,0,0,0,0,normal,synthetic
SYN_0119,freelancer_desain,35,3,20254000,0,0,0,0,0,0,normal,synthetic
SYN_0119,freelancer_desain,36,4,23759000,0,0,0,0,0,1,normal,synthetic
SYN_0119,freelancer_desain,37,1,18873000,0,0,0,0,0,0,normal,synthetic
SYN_0119,freelancer_desain,38,2,19324000,0,0,0,0,0,0,normal,synthetic
SYN_0119,freelancer_desain,39,3,27775000,0,0,0,0,0,0,normal,synthetic
SYN_0119,freelancer_desain,40,4,27917000,0,0,0,0,0,1,normal,synthetic
SYN_0119,freelancer_desain,41,1,17791000,0,0,0,0,0,0,normal,synthetic
SYN_0119,freelancer_desain,42,2,21267000,0,0,0,0,0,0,normal,synthetic
SYN_0119,freelancer_desain,43,3,26349000,0,0,0,0,0,0,normal,synthetic
SYN_0119,freelancer_desain,44,4,29729000,0,0,0,0,0,1,normal,synthetic
SYN_0119,freelancer_desain,45,1,15017000,0,0,0,0,0,0,normal,synthetic
SYN_0119,freelancer_desain,46,2,18137000,0,0,0,0,0,0,normal,synthetic
SYN_0119,freelancer_desain,47,3,18798000,0,0,0,0,0,0,normal,synthetic
SYN_0119,freelancer_desain,48,4,23969000,0,0,0,0,0,1,normal,synthetic
SYN_0119,freelancer_desain,49,1,22744000,0,0,0,1,0,0,high_season,synthetic
SYN_0119,freelancer_desain,50,2,28084000,0,0,0,1,0,0,high_season,synthetic
SYN_0119,freelancer_desain,51,3,31220000,0,0,0,1,0,0,high_season,synthetic
SYN_0119,freelancer_desain,52,4,38359000,0,0,0,1,0,1,high_season,synthetic
SYN_0120,kurir,1,1,711000,0,0,0,0,1,0,low_season,synthetic
SYN_0120,kurir,2,2,827000,0,0,0,0,1,0,low_season,synthetic
SYN_0120,kurir,3,3,759000,0,0,0,0,1,0,low_season,synthetic
SYN_0120,kurir,4,4,957000,0,0,0,0,1,1,low_season,synthetic
SYN_0120,kurir,5,1,705000,0,0,0,0,1,0,low_season,synthetic
SYN_0120,kurir,6,2,951000,0,0,0,0,1,0,low_season,synthetic
SYN_0120,kurir,7,3,966000,0,0,0,0,0,0,normal,synthetic
SYN_0120,kurir,8,4,1248000,0,0,0,0,0,1,normal,synthetic
SYN_0120,kurir,9,1,895000,0,0,0,0,0,0,normal,synthetic
SYN_0120,kurir,10,2,1326000,1,0,0,0,0,0,high_season,synthetic
SYN_0120,kurir,11,3,1470000,1,0,0,0,0,0,high_season,synthetic
SYN_0120,kurir,12,4,1885000,1,0,0,0,0,1,high_season,synthetic
SYN_0120,kurir,13,1,1200000,1,0,0,0,0,0,high_season,synthetic
SYN_0120,kurir,14,2,1929000,0,1,0,0,0,0,high_season,synthetic
SYN_0120,kurir,15,3,667000,0,0,1,0,0,0,low_season,synthetic
SYN_0120,kurir,16,4,828000,0,0,1,0,0,1,low_season,synthetic
SYN_0120,kurir,17,1,969000,0,0,0,0,0,0,normal,synthetic
SYN_0120,kurir,18,2,969000,0,0,0,0,0,0,normal,synthetic
SYN_0120,kurir,19,3,1033000,0,0,0,0,0,0,normal,synthetic
SYN_0120,kurir,20,4,1201000,0,0,0,0,0,1,normal,synthetic
SYN_0120,kurir,21,1,937000,0,0,0,0,0,0,normal,synthetic
SYN_0120,kurir,22,2,814000,0,0,0,0,0,0,normal,synthetic
SYN_0120,kurir,23,3,863000,0,0,0,0,0,0,normal,synthetic
SYN_0120,kurir,24,4,1302000,0,0,0,0,0,1,normal,synthetic
SYN_0120,kurir,25,1,1011000,0,0,0,0,0,0,normal,synthetic
SYN_0120,kurir,26,2,947000,0,0,0,0,0,0,normal,synthetic
SYN_0120,kurir,27,3,1007000,0,0,0,0,0,0,normal,synthetic
SYN_0120,kurir,28,4,1267000,0,0,0,0,0,1,normal,synthetic
SYN_0120,kurir,29,1,983000,0,0,0,0,0,0,normal,synthetic
SYN_0120,kurir,30,2,845000,0,0,0,0,0,0,normal,synthetic
SYN_0120,kurir,31,3,949000,0,0,0,0,0,0,normal,synthetic
SYN_0120,kurir,32,4,1199000,0,0,0,0,0,1,normal,synthetic
SYN_0120,kurir,33,1,984000,0,0,0,0,0,0,normal,synthetic
SYN_0120,kurir,34,2,1255000,0,0,0,0,0,0,normal,synthetic
SYN_0120,kurir,35,3,1008000,0,0,0,0,0,0,normal,synthetic
SYN_0120,kurir,36,4,1082000,0,0,0,0,0,1,normal,synthetic
SYN_0120,kurir,37,1,959000,0,0,0,0,0,0,normal,synthetic
SYN_0120,kurir,38,2,1149000,0,0,0,0,0,0,normal,synthetic
SYN_0120,kurir,39,3,1039000,0,0,0,0,0,0,normal,synthetic
SYN_0120,kurir,40,4,1136000,0,0,0,0,0,1,normal,synthetic
SYN_0120,kurir,41,1,1004000,0,0,0,0,0,0,normal,synthetic
SYN_0120,kurir,42,2,1089000,0,0,0,0,0,0,normal,synthetic
SYN_0120,kurir,43,3,936000,0,0,0,0,0,0,normal,synthetic
SYN_0120,kurir,44,4,1276000,0,0,0,0,0,1,normal,synthetic
SYN_0120,kurir,45,1,1007000,0,0,0,0,0,0,normal,synthetic
SYN_0120,kurir,46,2,1136000,0,0,0,0,0,0,normal,synthetic
SYN_0120,kurir,47,3,1023000,0,0,0,0,0,0,normal,synthetic
SYN_0120,kurir,48,4,1196000,0,0,0,0,0,1,normal,synthetic
SYN_0120,kurir,49,1,1334000,0,0,0,1,0,0,high_season,synthetic
SYN_0120,kurir,50,2,1195000,0,0,0,1,0,0,high_season,synthetic
SYN_0120,kurir,51,3,1389000,0,0,0,1,0,0,high_season,synthetic
SYN_0120,kurir,52,4,1412000,0,0,0,1,0,1,high_season,synthetic
SYN_0121,jualan_online,1,1,4895000,0,0,0,0,1,0,low_season,synthetic
SYN_0121,jualan_online,2,2,4255000,0,0,0,0,1,0,low_season,synthetic
SYN_0121,jualan_online,3,3,4803000,0,0,0,0,1,0,low_season,synthetic
SYN_0121,jualan_online,4,4,5407000,0,0,0,0,1,1,low_season,synthetic
SYN_0121,jualan_online,5,1,4132000,0,0,0,0,1,0,low_season,synthetic
SYN_0121,jualan_online,6,2,4784000,0,0,0,0,1,0,low_season,synthetic
SYN_0121,jualan_online,7,3,4829000,0,0,0,0,0,0,normal,synthetic
SYN_0121,jualan_online,8,4,7314000,0,0,0,0,0,1,normal,synthetic
SYN_0121,jualan_online,9,1,3844000,0,0,0,0,0,0,normal,synthetic
SYN_0121,jualan_online,10,2,6689000,1,0,0,0,0,0,high_season,synthetic
SYN_0121,jualan_online,11,3,8826000,1,0,0,0,0,0,high_season,synthetic
SYN_0121,jualan_online,12,4,9818000,1,0,0,0,0,1,high_season,synthetic
SYN_0121,jualan_online,13,1,8973000,1,0,0,0,0,0,high_season,synthetic
SYN_0121,jualan_online,14,2,9297000,0,1,0,0,0,0,high_season,synthetic
SYN_0121,jualan_online,15,3,4441000,0,0,1,0,0,0,low_season,synthetic
SYN_0121,jualan_online,16,4,3440000,0,0,1,0,0,1,low_season,synthetic
SYN_0121,jualan_online,17,1,3938000,0,0,0,0,0,0,normal,synthetic
SYN_0121,jualan_online,18,2,5836000,0,0,0,0,0,0,normal,synthetic
SYN_0121,jualan_online,19,3,4169000,0,0,0,0,0,0,normal,synthetic
SYN_0121,jualan_online,20,4,6174000,0,0,0,0,0,1,normal,synthetic
SYN_0121,jualan_online,21,1,5407000,0,0,0,0,0,0,normal,synthetic
SYN_0121,jualan_online,22,2,5586000,0,0,0,0,0,0,normal,synthetic
SYN_0121,jualan_online,23,3,5276000,0,0,0,0,0,0,normal,synthetic
SYN_0121,jualan_online,24,4,5983000,0,0,0,0,0,1,normal,synthetic
SYN_0121,jualan_online,25,1,4858000,0,0,0,0,0,0,normal,synthetic
SYN_0121,jualan_online,26,2,5634000,0,0,0,0,0,0,normal,synthetic
SYN_0121,jualan_online,27,3,4852000,0,0,0,0,0,0,normal,synthetic
SYN_0121,jualan_online,28,4,6605000,0,0,0,0,0,1,normal,synthetic
SYN_0121,jualan_online,29,1,5356000,0,0,0,0,0,0,normal,synthetic
SYN_0121,jualan_online,30,2,5129000,0,0,0,0,0,0,normal,synthetic
SYN_0121,jualan_online,31,3,5313000,0,0,0,0,0,0,normal,synthetic
SYN_0121,jualan_online,32,4,6690000,0,0,0,0,0,1,normal,synthetic
SYN_0121,jualan_online,33,1,5056000,0,0,0,0,0,0,normal,synthetic
SYN_0121,jualan_online,34,2,5825000,0,0,0,0,0,0,normal,synthetic
SYN_0121,jualan_online,35,3,4628000,0,0,0,0,0,0,normal,synthetic
SYN_0121,jualan_online,36,4,5922000,0,0,0,0,0,1,normal,synthetic
SYN_0121,jualan_online,37,1,4463000,0,0,0,0,0,0,normal,synthetic
SYN_0121,jualan_online,38,2,4698000,0,0,0,0,0,0,normal,synthetic
SYN_0121,jualan_online,39,3,4132000,0,0,0,0,0,0,normal,synthetic
SYN_0121,jualan_online,40,4,3854000,0,0,0,0,0,1,normal,synthetic
SYN_0121,jualan_online,41,1,5423000,0,0,0,0,0,0,normal,synthetic
SYN_0121,jualan_online,42,2,4287000,0,0,0,0,0,0,normal,synthetic
SYN_0121,jualan_online,43,3,6260000,0,0,0,0,0,0,normal,synthetic
SYN_0121,jualan_online,44,4,6884000,0,0,0,0,0,1,normal,synthetic
SYN_0121,jualan_online,45,1,4512000,0,0,0,0,0,0,normal,synthetic
SYN_0121,jualan_online,46,2,5659000,0,0,0,0,0,0,normal,synthetic
SYN_0121,jualan_online,47,3,5538000,0,0,0,0,0,0,normal,synthetic
SYN_0121,jualan_online,48,4,5487000,0,0,0,0,0,1,normal,synthetic
SYN_0121,jualan_online,49,1,6154000,0,0,0,1,0,0,high_season,synthetic
SYN_0121,jualan_online,50,2,6045000,0,0,0,1,0,0,high_season,synthetic
SYN_0121,jualan_online,51,3,7388000,0,0,0,1,0,0,high_season,synthetic
SYN_0121,jualan_online,52,4,7515000,0,0,0,1,0,1,high_season,synthetic
SYN_0122,content_creator,1,1,27480000,0,0,0,0,1,0,low_season,synthetic
SYN_0122,content_creator,2,2,37373000,0,0,0,0,1,0,low_season,synthetic
SYN_0122,content_creator,3,3,34981000,0,0,0,0,1,0,low_season,synthetic
SYN_0122,content_creator,4,4,46798000,0,0,0,0,1,1,low_season,synthetic
SYN_0122,content_creator,5,1,26498000,0,0,0,0,1,0,low_season,synthetic
SYN_0122,content_creator,6,2,38685000,0,0,0,0,1,0,low_season,synthetic
SYN_0122,content_creator,7,3,35360000,0,0,0,0,0,0,normal,synthetic
SYN_0122,content_creator,8,4,55606000,0,0,0,0,0,1,normal,synthetic
SYN_0122,content_creator,9,1,32842000,0,0,0,0,0,0,normal,synthetic
SYN_0122,content_creator,10,2,59883000,1,0,0,0,0,0,high_season,synthetic
SYN_0122,content_creator,11,3,67225000,1,0,0,0,0,0,high_season,synthetic
SYN_0122,content_creator,12,4,61525000,1,0,0,0,0,1,high_season,synthetic
SYN_0122,content_creator,13,1,49688000,1,0,0,0,0,0,high_season,synthetic
SYN_0122,content_creator,14,2,78984000,0,1,0,0,0,0,high_season,synthetic
SYN_0122,content_creator,15,3,25030000,0,0,1,0,0,0,low_season,synthetic
SYN_0122,content_creator,16,4,23457000,0,0,1,0,0,1,low_season,synthetic
SYN_0122,content_creator,17,1,45690000,0,0,0,0,0,0,normal,synthetic
SYN_0122,content_creator,18,2,33537000,0,0,0,0,0,0,normal,synthetic
SYN_0122,content_creator,19,3,37682000,0,0,0,0,0,0,normal,synthetic
SYN_0122,content_creator,20,4,53109000,0,0,0,0,0,1,normal,synthetic
SYN_0122,content_creator,21,1,29360000,0,0,0,0,0,0,normal,synthetic
SYN_0122,content_creator,22,2,29989000,0,0,0,0,0,0,normal,synthetic
SYN_0122,content_creator,23,3,38308000,0,0,0,0,0,0,normal,synthetic
SYN_0122,content_creator,24,4,29773000,0,0,0,0,0,1,normal,synthetic
SYN_0122,content_creator,25,1,31263000,0,0,0,0,0,0,normal,synthetic
SYN_0122,content_creator,26,2,38251000,0,0,0,0,0,0,normal,synthetic
SYN_0122,content_creator,27,3,34855000,0,0,0,0,0,0,normal,synthetic
SYN_0122,content_creator,28,4,31748000,0,0,0,0,0,1,normal,synthetic
SYN_0122,content_creator,29,1,42432000,0,0,0,0,0,0,normal,synthetic
SYN_0122,content_creator,30,2,37317000,0,0,0,0,0,0,normal,synthetic
SYN_0122,content_creator,31,3,46072000,0,0,0,0,0,0,normal,synthetic
SYN_0122,content_creator,32,4,41904000,0,0,0,0,0,1,normal,synthetic
SYN_0122,content_creator,33,1,27749000,0,0,0,0,0,0,normal,synthetic
SYN_0122,content_creator,34,2,38410000,0,0,0,0,0,0,normal,synthetic
SYN_0122,content_creator,35,3,35212000,0,0,0,0,0,0,normal,synthetic
SYN_0122,content_creator,36,4,34642000,0,0,0,0,0,1,normal,synthetic
SYN_0122,content_creator,37,1,41694000,0,0,0,0,0,0,normal,synthetic
SYN_0122,content_creator,38,2,32531000,0,0,0,0,0,0,normal,synthetic
SYN_0122,content_creator,39,3,24500000,0,0,0,0,0,0,normal,synthetic
SYN_0122,content_creator,40,4,54472000,0,0,0,0,0,1,normal,synthetic
SYN_0122,content_creator,41,1,29978000,0,0,0,0,0,0,normal,synthetic
SYN_0122,content_creator,42,2,32627000,0,0,0,0,0,0,normal,synthetic
SYN_0122,content_creator,43,3,24993000,0,0,0,0,0,0,normal,synthetic
SYN_0122,content_creator,44,4,57738000,0,0,0,0,0,1,normal,synthetic
SYN_0122,content_creator,45,1,25318000,0,0,0,0,0,0,normal,synthetic
SYN_0122,content_creator,46,2,37020000,0,0,0,0,0,0,normal,synthetic
SYN_0122,content_creator,47,3,42653000,0,0,0,0,0,0,normal,synthetic
SYN_0122,content_creator,48,4,47299000,0,0,0,0,0,1,normal,synthetic
SYN_0122,content_creator,49,1,42402000,0,0,0,1,0,0,high_season,synthetic
SYN_0122,content_creator,50,2,33038000,0,0,0,1,0,0,high_season,synthetic
SYN_0122,content_creator,51,3,40684000,0,0,0,1,0,0,high_season,synthetic
SYN_0122,content_creator,52,4,59082000,0,0,0,1,0,1,high_season,synthetic
SYN_0123,freelancer_it,1,1,43833000,0,0,0,0,1,0,low_season,synthetic
SYN_0123,freelancer_it,2,2,48929000,0,0,0,0,1,0,low_season,synthetic
SYN_0123,freelancer_it,3,3,54665000,0,0,0,0,1,0,low_season,synthetic
SYN_0123,freelancer_it,4,4,61723000,0,0,0,0,1,1,low_season,synthetic
SYN_0123,freelancer_it,5,1,39106000,0,0,0,0,1,0,low_season,synthetic
SYN_0123,freelancer_it,6,2,44422000,0,0,0,0,1,0,low_season,synthetic
SYN_0123,freelancer_it,7,3,56668000,0,0,0,0,0,0,normal,synthetic
SYN_0123,freelancer_it,8,4,63921000,0,0,0,0,0,1,normal,synthetic
SYN_0123,freelancer_it,9,1,51688000,0,0,0,0,0,0,normal,synthetic
SYN_0123,freelancer_it,10,2,52127000,1,0,0,0,0,0,high_season,synthetic
SYN_0123,freelancer_it,11,3,95750000,1,0,0,0,0,0,high_season,synthetic
SYN_0123,freelancer_it,12,4,91728000,1,0,0,0,0,1,high_season,synthetic
SYN_0123,freelancer_it,13,1,52719000,1,0,0,0,0,0,high_season,synthetic
SYN_0123,freelancer_it,14,2,79771000,0,1,0,0,0,0,high_season,synthetic
SYN_0123,freelancer_it,15,3,25682000,0,0,1,0,0,0,low_season,synthetic
SYN_0123,freelancer_it,16,4,37206000,0,0,1,0,0,1,low_season,synthetic
SYN_0123,freelancer_it,17,1,46107000,0,0,0,0,0,0,normal,synthetic
SYN_0123,freelancer_it,18,2,63355000,0,0,0,0,0,0,normal,synthetic
SYN_0123,freelancer_it,19,3,55276000,0,0,0,0,0,0,normal,synthetic
SYN_0123,freelancer_it,20,4,64770000,0,0,0,0,0,1,normal,synthetic
SYN_0123,freelancer_it,21,1,39568000,0,0,0,0,0,0,normal,synthetic
SYN_0123,freelancer_it,22,2,46237000,0,0,0,0,0,0,normal,synthetic
SYN_0123,freelancer_it,23,3,46805000,0,0,0,0,0,0,normal,synthetic
SYN_0123,freelancer_it,24,4,56524000,0,0,0,0,0,1,normal,synthetic
SYN_0123,freelancer_it,25,1,44728000,0,0,0,0,0,0,normal,synthetic
SYN_0123,freelancer_it,26,2,50251000,0,0,0,0,0,0,normal,synthetic
SYN_0123,freelancer_it,27,3,49789000,0,0,0,0,0,0,normal,synthetic
SYN_0123,freelancer_it,28,4,56830000,0,0,0,0,0,1,normal,synthetic
SYN_0123,freelancer_it,29,1,47933000,0,0,0,0,0,0,normal,synthetic
SYN_0123,freelancer_it,30,2,49970000,0,0,0,0,0,0,normal,synthetic
SYN_0123,freelancer_it,31,3,40595000,0,0,0,0,0,0,normal,synthetic
SYN_0123,freelancer_it,32,4,63027000,0,0,0,0,0,1,normal,synthetic
SYN_0123,freelancer_it,33,1,46275000,0,0,0,0,0,0,normal,synthetic
SYN_0123,freelancer_it,34,2,40711000,0,0,0,0,0,0,normal,synthetic
SYN_0123,freelancer_it,35,3,47944000,0,0,0,0,0,0,normal,synthetic
SYN_0123,freelancer_it,36,4,67968000,0,0,0,0,0,1,normal,synthetic
SYN_0123,freelancer_it,37,1,39559000,0,0,0,0,0,0,normal,synthetic
SYN_0123,freelancer_it,38,2,43181000,0,0,0,0,0,0,normal,synthetic
SYN_0123,freelancer_it,39,3,49893000,0,0,0,0,0,0,normal,synthetic
SYN_0123,freelancer_it,40,4,68195000,0,0,0,0,0,1,normal,synthetic
SYN_0123,freelancer_it,41,1,58967000,0,0,0,0,0,0,normal,synthetic
SYN_0123,freelancer_it,42,2,57093000,0,0,0,0,0,0,normal,synthetic
SYN_0123,freelancer_it,43,3,60209000,0,0,0,0,0,0,normal,synthetic
SYN_0123,freelancer_it,44,4,65769000,0,0,0,0,0,1,normal,synthetic
SYN_0123,freelancer_it,45,1,42531000,0,0,0,0,0,0,normal,synthetic
SYN_0123,freelancer_it,46,2,57040000,0,0,0,0,0,0,normal,synthetic
SYN_0123,freelancer_it,47,3,51644000,0,0,0,0,0,0,normal,synthetic
SYN_0123,freelancer_it,48,4,66036000,0,0,0,0,0,1,normal,synthetic
SYN_0123,freelancer_it,49,1,53057000,0,0,0,1,0,0,high_season,synthetic
SYN_0123,freelancer_it,50,2,72389000,0,0,0,1,0,0,high_season,synthetic
SYN_0123,freelancer_it,51,3,66805000,0,0,0,1,0,0,high_season,synthetic
SYN_0123,freelancer_it,52,4,84182000,0,0,0,1,0,1,high_season,synthetic
SYN_0124,jualan_online,1,1,26318000,0,0,0,0,1,0,low_season,synthetic
SYN_0124,jualan_online,2,2,24574000,0,0,0,0,1,0,low_season,synthetic
SYN_0124,jualan_online,3,3,29341000,0,0,0,0,1,0,low_season,synthetic
SYN_0124,jualan_online,4,4,21536000,0,0,0,0,1,1,low_season,synthetic
SYN_0124,jualan_online,5,1,21859000,0,0,0,0,1,0,low_season,synthetic
SYN_0124,jualan_online,6,2,23636000,0,0,0,0,1,0,low_season,synthetic
SYN_0124,jualan_online,7,3,26571000,0,0,0,0,0,0,normal,synthetic
SYN_0124,jualan_online,8,4,36562000,0,0,0,0,0,1,normal,synthetic
SYN_0124,jualan_online,9,1,29451000,0,0,0,0,0,0,normal,synthetic
SYN_0124,jualan_online,10,2,49173000,1,0,0,0,0,0,high_season,synthetic
SYN_0124,jualan_online,11,3,46660000,1,0,0,0,0,0,high_season,synthetic
SYN_0124,jualan_online,12,4,50072000,1,0,0,0,0,1,high_season,synthetic
SYN_0124,jualan_online,13,1,42622000,1,0,0,0,0,0,high_season,synthetic
SYN_0124,jualan_online,14,2,55548000,0,1,0,0,0,0,high_season,synthetic
SYN_0124,jualan_online,15,3,24352000,0,0,1,0,0,0,low_season,synthetic
SYN_0124,jualan_online,16,4,28721000,0,0,1,0,0,1,low_season,synthetic
SYN_0124,jualan_online,17,1,28251000,0,0,0,0,0,0,normal,synthetic
SYN_0124,jualan_online,18,2,27908000,0,0,0,0,0,0,normal,synthetic
SYN_0124,jualan_online,19,3,28825000,0,0,0,0,0,0,normal,synthetic
SYN_0124,jualan_online,20,4,35054000,0,0,0,0,0,1,normal,synthetic
SYN_0124,jualan_online,21,1,27083000,0,0,0,0,0,0,normal,synthetic
SYN_0124,jualan_online,22,2,32281000,0,0,0,0,0,0,normal,synthetic
SYN_0124,jualan_online,23,3,33960000,0,0,0,0,0,0,normal,synthetic
SYN_0124,jualan_online,24,4,37300000,0,0,0,0,0,1,normal,synthetic
SYN_0124,jualan_online,25,1,28202000,0,0,0,0,0,0,normal,synthetic
SYN_0124,jualan_online,26,2,31813000,0,0,0,0,0,0,normal,synthetic
SYN_0124,jualan_online,27,3,29339000,0,0,0,0,0,0,normal,synthetic
SYN_0124,jualan_online,28,4,33363000,0,0,0,0,0,1,normal,synthetic
SYN_0124,jualan_online,29,1,22218000,0,0,0,0,0,0,normal,synthetic
SYN_0124,jualan_online,30,2,28667000,0,0,0,0,0,0,normal,synthetic
SYN_0124,jualan_online,31,3,33051000,0,0,0,0,0,0,normal,synthetic
SYN_0124,jualan_online,32,4,34365000,0,0,0,0,0,1,normal,synthetic
SYN_0124,jualan_online,33,1,27345000,0,0,0,0,0,0,normal,synthetic
SYN_0124,jualan_online,34,2,33026000,0,0,0,0,0,0,normal,synthetic
SYN_0124,jualan_online,35,3,33230000,0,0,0,0,0,0,normal,synthetic
SYN_0124,jualan_online,36,4,32669000,0,0,0,0,0,1,normal,synthetic
SYN_0124,jualan_online,37,1,31516000,0,0,0,0,0,0,normal,synthetic
SYN_0124,jualan_online,38,2,35506000,0,0,0,0,0,0,normal,synthetic
SYN_0124,jualan_online,39,3,27035000,0,0,0,0,0,0,normal,synthetic
SYN_0124,jualan_online,40,4,33820000,0,0,0,0,0,1,normal,synthetic
SYN_0124,jualan_online,41,1,32171000,0,0,0,0,0,0,normal,synthetic
SYN_0124,jualan_online,42,2,30724000,0,0,0,0,0,0,normal,synthetic
SYN_0124,jualan_online,43,3,22945000,0,0,0,0,0,0,normal,synthetic
SYN_0124,jualan_online,44,4,31227000,0,0,0,0,0,1,normal,synthetic
SYN_0124,jualan_online,45,1,27306000,0,0,0,0,0,0,normal,synthetic
SYN_0124,jualan_online,46,2,26911000,0,0,0,0,0,0,normal,synthetic
SYN_0124,jualan_online,47,3,29724000,0,0,0,0,0,0,normal,synthetic
SYN_0124,jualan_online,48,4,37676000,0,0,0,0,0,1,normal,synthetic
SYN_0124,jualan_online,49,1,43013000,0,0,0,1,0,0,high_season,synthetic
SYN_0124,jualan_online,50,2,39241000,0,0,0,1,0,0,high_season,synthetic
SYN_0124,jualan_online,51,3,45891000,0,0,0,1,0,0,high_season,synthetic
SYN_0124,jualan_online,52,4,57155000,0,0,0,1,0,1,high_season,synthetic
SYN_0125,jualan_online,1,1,24967000,0,0,0,0,1,0,low_season,synthetic
SYN_0125,jualan_online,2,2,29659000,0,0,0,0,1,0,low_season,synthetic
SYN_0125,jualan_online,3,3,33998000,0,0,0,0,1,0,low_season,synthetic
SYN_0125,jualan_online,4,4,31257000,0,0,0,0,1,1,low_season,synthetic
SYN_0125,jualan_online,5,1,24781000,0,0,0,0,1,0,low_season,synthetic
SYN_0125,jualan_online,6,2,28668000,0,0,0,0,1,0,low_season,synthetic
SYN_0125,jualan_online,7,3,38124000,0,0,0,0,0,0,normal,synthetic
SYN_0125,jualan_online,8,4,41938000,0,0,0,0,0,1,normal,synthetic
SYN_0125,jualan_online,9,1,34248000,0,0,0,0,0,0,normal,synthetic
SYN_0125,jualan_online,10,2,55476000,1,0,0,0,0,0,high_season,synthetic
SYN_0125,jualan_online,11,3,52858000,1,0,0,0,0,0,high_season,synthetic
SYN_0125,jualan_online,12,4,51661000,1,0,0,0,0,1,high_season,synthetic
SYN_0125,jualan_online,13,1,53271000,1,0,0,0,0,0,high_season,synthetic
SYN_0125,jualan_online,14,2,69658000,0,1,0,0,0,0,high_season,synthetic
SYN_0125,jualan_online,15,3,24007000,0,0,1,0,0,0,low_season,synthetic
SYN_0125,jualan_online,16,4,23850000,0,0,1,0,0,1,low_season,synthetic
SYN_0125,jualan_online,17,1,24896000,0,0,0,0,0,0,normal,synthetic
SYN_0125,jualan_online,18,2,35075000,0,0,0,0,0,0,normal,synthetic
SYN_0125,jualan_online,19,3,31170000,0,0,0,0,0,0,normal,synthetic
SYN_0125,jualan_online,20,4,32427000,0,0,0,0,0,1,normal,synthetic
SYN_0125,jualan_online,21,1,24827000,0,0,0,0,0,0,normal,synthetic
SYN_0125,jualan_online,22,2,32116000,0,0,0,0,0,0,normal,synthetic
SYN_0125,jualan_online,23,3,34832000,0,0,0,0,0,0,normal,synthetic
SYN_0125,jualan_online,24,4,47733000,0,0,0,0,0,1,normal,synthetic
SYN_0125,jualan_online,25,1,32412000,0,0,0,0,0,0,normal,synthetic
SYN_0125,jualan_online,26,2,32478000,0,0,0,0,0,0,normal,synthetic
SYN_0125,jualan_online,27,3,35588000,0,0,0,0,0,0,normal,synthetic
SYN_0125,jualan_online,28,4,42267000,0,0,0,0,0,1,normal,synthetic
SYN_0125,jualan_online,29,1,33351000,0,0,0,0,0,0,normal,synthetic
SYN_0125,jualan_online,30,2,33873000,0,0,0,0,0,0,normal,synthetic
SYN_0125,jualan_online,31,3,38268000,0,0,0,0,0,0,normal,synthetic
SYN_0125,jualan_online,32,4,44884000,0,0,0,0,0,1,normal,synthetic
SYN_0125,jualan_online,33,1,30936000,0,0,0,0,0,0,normal,synthetic
SYN_0125,jualan_online,34,2,33549000,0,0,0,0,0,0,normal,synthetic
SYN_0125,jualan_online,35,3,37792000,0,0,0,0,0,0,normal,synthetic
SYN_0125,jualan_online,36,4,37346000,0,0,0,0,0,1,normal,synthetic
SYN_0125,jualan_online,37,1,25094000,0,0,0,0,0,0,normal,synthetic
SYN_0125,jualan_online,38,2,27859000,0,0,0,0,0,0,normal,synthetic
SYN_0125,jualan_online,39,3,30783000,0,0,0,0,0,0,normal,synthetic
SYN_0125,jualan_online,40,4,44076000,0,0,0,0,0,1,normal,synthetic
SYN_0125,jualan_online,41,1,29078000,0,0,0,0,0,0,normal,synthetic
SYN_0125,jualan_online,42,2,34871000,0,0,0,0,0,0,normal,synthetic
SYN_0125,jualan_online,43,3,32013000,0,0,0,0,0,0,normal,synthetic
SYN_0125,jualan_online,44,4,38454000,0,0,0,0,0,1,normal,synthetic
SYN_0125,jualan_online,45,1,26863000,0,0,0,0,0,0,normal,synthetic
SYN_0125,jualan_online,46,2,33661000,0,0,0,0,0,0,normal,synthetic
SYN_0125,jualan_online,47,3,33321000,0,0,0,0,0,0,normal,synthetic
SYN_0125,jualan_online,48,4,42866000,0,0,0,0,0,1,normal,synthetic
SYN_0125,jualan_online,49,1,41197000,0,0,0,1,0,0,high_season,synthetic
SYN_0125,jualan_online,50,2,43200000,0,0,0,1,0,0,high_season,synthetic
SYN_0125,jualan_online,51,3,36250000,0,0,0,1,0,0,high_season,synthetic
SYN_0125,jualan_online,52,4,59917000,0,0,0,1,0,1,high_season,synthetic
SYN_0126,freelancer_desain,1,1,34900000,0,0,0,0,1,0,low_season,synthetic
SYN_0126,freelancer_desain,2,2,29888000,0,0,0,0,1,0,low_season,synthetic
SYN_0126,freelancer_desain,3,3,32974000,0,0,0,0,1,0,low_season,synthetic
SYN_0126,freelancer_desain,4,4,33886000,0,0,0,0,1,1,low_season,synthetic
SYN_0126,freelancer_desain,5,1,27483000,0,0,0,0,1,0,low_season,synthetic
SYN_0126,freelancer_desain,6,2,36926000,0,0,0,0,1,0,low_season,synthetic
SYN_0126,freelancer_desain,7,3,22640000,0,0,0,0,0,0,normal,synthetic
SYN_0126,freelancer_desain,8,4,43877000,0,0,0,0,0,1,normal,synthetic
SYN_0126,freelancer_desain,9,1,41411000,0,0,0,0,0,0,normal,synthetic
SYN_0126,freelancer_desain,10,2,51971000,1,0,0,0,0,0,high_season,synthetic
SYN_0126,freelancer_desain,11,3,62859000,1,0,0,0,0,0,high_season,synthetic
SYN_0126,freelancer_desain,12,4,53665000,1,0,0,0,0,1,high_season,synthetic
SYN_0126,freelancer_desain,13,1,44525000,1,0,0,0,0,0,high_season,synthetic
SYN_0126,freelancer_desain,14,2,60337000,0,1,0,0,0,0,high_season,synthetic
SYN_0126,freelancer_desain,15,3,15488000,0,0,1,0,0,0,low_season,synthetic
SYN_0126,freelancer_desain,16,4,23423000,0,0,1,0,0,1,low_season,synthetic
SYN_0126,freelancer_desain,17,1,25448000,0,0,0,0,0,0,normal,synthetic
SYN_0126,freelancer_desain,18,2,38805000,0,0,0,0,0,0,normal,synthetic
SYN_0126,freelancer_desain,19,3,39080000,0,0,0,0,0,0,normal,synthetic
SYN_0126,freelancer_desain,20,4,43287000,0,0,0,0,0,1,normal,synthetic
SYN_0126,freelancer_desain,21,1,34935000,0,0,0,0,0,0,normal,synthetic
SYN_0126,freelancer_desain,22,2,33394000,0,0,0,0,0,0,normal,synthetic
SYN_0126,freelancer_desain,23,3,40890000,0,0,0,0,0,0,normal,synthetic
SYN_0126,freelancer_desain,24,4,41211000,0,0,0,0,0,1,normal,synthetic
SYN_0126,freelancer_desain,25,1,31151000,0,0,0,0,0,0,normal,synthetic
SYN_0126,freelancer_desain,26,2,32837000,0,0,0,0,0,0,normal,synthetic
SYN_0126,freelancer_desain,27,3,38050000,0,0,0,0,0,0,normal,synthetic
SYN_0126,freelancer_desain,28,4,38380000,0,0,0,0,0,1,normal,synthetic
SYN_0126,freelancer_desain,29,1,35687000,0,0,0,0,0,0,normal,synthetic
SYN_0126,freelancer_desain,30,2,28082000,0,0,0,0,0,0,normal,synthetic
SYN_0126,freelancer_desain,31,3,28265000,0,0,0,0,0,0,normal,synthetic
SYN_0126,freelancer_desain,32,4,45680000,0,0,0,0,0,1,normal,synthetic
SYN_0126,freelancer_desain,33,1,30428000,0,0,0,0,0,0,normal,synthetic
SYN_0126,freelancer_desain,34,2,31804000,0,0,0,0,0,0,normal,synthetic
SYN_0126,freelancer_desain,35,3,39178000,0,0,0,0,0,0,normal,synthetic
SYN_0126,freelancer_desain,36,4,37155000,0,0,0,0,0,1,normal,synthetic
SYN_0126,freelancer_desain,37,1,29876000,0,0,0,0,0,0,normal,synthetic
SYN_0126,freelancer_desain,38,2,41972000,0,0,0,0,0,0,normal,synthetic
SYN_0126,freelancer_desain,39,3,42740000,0,0,0,0,0,0,normal,synthetic
SYN_0126,freelancer_desain,40,4,51507000,0,0,0,0,0,1,normal,synthetic
SYN_0126,freelancer_desain,41,1,29472000,0,0,0,0,0,0,normal,synthetic
SYN_0126,freelancer_desain,42,2,41047000,0,0,0,0,0,0,normal,synthetic
SYN_0126,freelancer_desain,43,3,29087000,0,0,0,0,0,0,normal,synthetic
SYN_0126,freelancer_desain,44,4,35182000,0,0,0,0,0,1,normal,synthetic
SYN_0126,freelancer_desain,45,1,19258000,0,0,0,0,0,0,normal,synthetic
SYN_0126,freelancer_desain,46,2,43474000,0,0,0,0,0,0,normal,synthetic
SYN_0126,freelancer_desain,47,3,29554000,0,0,0,0,0,0,normal,synthetic
SYN_0126,freelancer_desain,48,4,40320000,0,0,0,0,0,1,normal,synthetic
SYN_0126,freelancer_desain,49,1,34280000,0,0,0,1,0,0,high_season,synthetic
SYN_0126,freelancer_desain,50,2,49542000,0,0,0,1,0,0,high_season,synthetic
SYN_0126,freelancer_desain,51,3,41903000,0,0,0,1,0,0,high_season,synthetic
SYN_0126,freelancer_desain,52,4,42330000,0,0,0,1,0,1,high_season,synthetic
SYN_0127,ojek_online,1,1,663000,0,0,0,0,1,0,low_season,synthetic
SYN_0127,ojek_online,2,2,773000,0,0,0,0,1,0,low_season,synthetic
SYN_0127,ojek_online,3,3,480000,0,0,0,0,1,0,low_season,synthetic
SYN_0127,ojek_online,4,4,739000,0,0,0,0,1,1,low_season,synthetic
SYN_0127,ojek_online,5,1,558000,0,0,0,0,1,0,low_season,synthetic
SYN_0127,ojek_online,6,2,637000,0,0,0,0,1,0,low_season,synthetic
SYN_0127,ojek_online,7,3,850000,0,0,0,0,0,0,normal,synthetic
SYN_0127,ojek_online,8,4,869000,0,0,0,0,0,1,normal,synthetic
SYN_0127,ojek_online,9,1,681000,0,0,0,0,0,0,normal,synthetic
SYN_0127,ojek_online,10,2,1478000,1,0,0,0,0,0,high_season,synthetic
SYN_0127,ojek_online,11,3,1095000,1,0,0,0,0,0,high_season,synthetic
SYN_0127,ojek_online,12,4,1593000,1,0,0,0,0,1,high_season,synthetic
SYN_0127,ojek_online,13,1,1054000,1,0,0,0,0,0,high_season,synthetic
SYN_0127,ojek_online,14,2,1255000,0,1,0,0,0,0,high_season,synthetic
SYN_0127,ojek_online,15,3,492000,0,0,1,0,0,0,low_season,synthetic
SYN_0127,ojek_online,16,4,642000,0,0,1,0,0,1,low_season,synthetic
SYN_0127,ojek_online,17,1,601000,0,0,0,0,0,0,normal,synthetic
SYN_0127,ojek_online,18,2,690000,0,0,0,0,0,0,normal,synthetic
SYN_0127,ojek_online,19,3,728000,0,0,0,0,0,0,normal,synthetic
SYN_0127,ojek_online,20,4,947000,0,0,0,0,0,1,normal,synthetic
SYN_0127,ojek_online,21,1,829000,0,0,0,0,0,0,normal,synthetic
SYN_0127,ojek_online,22,2,723000,0,0,0,0,0,0,normal,synthetic
SYN_0127,ojek_online,23,3,804000,0,0,0,0,0,0,normal,synthetic
SYN_0127,ojek_online,24,4,750000,0,0,0,0,0,1,normal,synthetic
SYN_0127,ojek_online,25,1,770000,0,0,0,0,0,0,normal,synthetic
SYN_0127,ojek_online,26,2,617000,0,0,0,0,0,0,normal,synthetic
SYN_0127,ojek_online,27,3,833000,0,0,0,0,0,0,normal,synthetic
SYN_0127,ojek_online,28,4,909000,0,0,0,0,0,1,normal,synthetic
SYN_0127,ojek_online,29,1,679000,0,0,0,0,0,0,normal,synthetic
SYN_0127,ojek_online,30,2,739000,0,0,0,0,0,0,normal,synthetic
SYN_0127,ojek_online,31,3,653000,0,0,0,0,0,0,normal,synthetic
SYN_0127,ojek_online,32,4,789000,0,0,0,0,0,1,normal,synthetic
SYN_0127,ojek_online,33,1,752000,0,0,0,0,0,0,normal,synthetic
SYN_0127,ojek_online,34,2,765000,0,0,0,0,0,0,normal,synthetic
SYN_0127,ojek_online,35,3,738000,0,0,0,0,0,0,normal,synthetic
SYN_0127,ojek_online,36,4,963000,0,0,0,0,0,1,normal,synthetic
SYN_0127,ojek_online,37,1,696000,0,0,0,0,0,0,normal,synthetic
SYN_0127,ojek_online,38,2,696000,0,0,0,0,0,0,normal,synthetic
SYN_0127,ojek_online,39,3,975000,0,0,0,0,0,0,normal,synthetic
SYN_0127,ojek_online,40,4,993000,0,0,0,0,0,1,normal,synthetic
SYN_0127,ojek_online,41,1,698000,0,0,0,0,0,0,normal,synthetic
SYN_0127,ojek_online,42,2,720000,0,0,0,0,0,0,normal,synthetic
SYN_0127,ojek_online,43,3,846000,0,0,0,0,0,0,normal,synthetic
SYN_0127,ojek_online,44,4,836000,0,0,0,0,0,1,normal,synthetic
SYN_0127,ojek_online,45,1,621000,0,0,0,0,0,0,normal,synthetic
SYN_0127,ojek_online,46,2,909000,0,0,0,0,0,0,normal,synthetic
SYN_0127,ojek_online,47,3,767000,0,0,0,0,0,0,normal,synthetic
SYN_0127,ojek_online,48,4,839000,0,0,0,0,0,1,normal,synthetic
SYN_0127,ojek_online,49,1,895000,0,0,0,1,0,0,high_season,synthetic
SYN_0127,ojek_online,50,2,1088000,0,0,0,1,0,0,high_season,synthetic
SYN_0127,ojek_online,51,3,1063000,0,0,0,1,0,0,high_season,synthetic
SYN_0127,ojek_online,52,4,1323000,0,0,0,1,0,1,high_season,synthetic
SYN_0128,kurir,1,1,756000,0,0,0,0,1,0,low_season,synthetic
SYN_0128,kurir,2,2,734000,0,0,0,0,1,0,low_season,synthetic
SYN_0128,kurir,3,3,717000,0,0,0,0,1,0,low_season,synthetic
SYN_0128,kurir,4,4,940000,0,0,0,0,1,1,low_season,synthetic
SYN_0128,kurir,5,1,708000,0,0,0,0,1,0,low_season,synthetic
SYN_0128,kurir,6,2,667000,0,0,0,0,1,0,low_season,synthetic
SYN_0128,kurir,7,3,805000,0,0,0,0,0,0,normal,synthetic
SYN_0128,kurir,8,4,896000,0,0,0,0,0,1,normal,synthetic
SYN_0128,kurir,9,1,787000,0,0,0,0,0,0,normal,synthetic
SYN_0128,kurir,10,2,1297000,1,0,0,0,0,0,high_season,synthetic
SYN_0128,kurir,11,3,1079000,1,0,0,0,0,0,high_season,synthetic
SYN_0128,kurir,12,4,1411000,1,0,0,0,0,1,high_season,synthetic
SYN_0128,kurir,13,1,972000,1,0,0,0,0,0,high_season,synthetic
SYN_0128,kurir,14,2,1361000,0,1,0,0,0,0,high_season,synthetic
SYN_0128,kurir,15,3,620000,0,0,1,0,0,0,low_season,synthetic
SYN_0128,kurir,16,4,664000,0,0,1,0,0,1,low_season,synthetic
SYN_0128,kurir,17,1,740000,0,0,0,0,0,0,normal,synthetic
SYN_0128,kurir,18,2,724000,0,0,0,0,0,0,normal,synthetic
SYN_0128,kurir,19,3,858000,0,0,0,0,0,0,normal,synthetic
SYN_0128,kurir,20,4,1010000,0,0,0,0,0,1,normal,synthetic
SYN_0128,kurir,21,1,711000,0,0,0,0,0,0,normal,synthetic
SYN_0128,kurir,22,2,831000,0,0,0,0,0,0,normal,synthetic
SYN_0128,kurir,23,3,858000,0,0,0,0,0,0,normal,synthetic
SYN_0128,kurir,24,4,941000,0,0,0,0,0,1,normal,synthetic
SYN_0128,kurir,25,1,661000,0,0,0,0,0,0,normal,synthetic
SYN_0128,kurir,26,2,979000,0,0,0,0,0,0,normal,synthetic
SYN_0128,kurir,27,3,798000,0,0,0,0,0,0,normal,synthetic
SYN_0128,kurir,28,4,1005000,0,0,0,0,0,1,normal,synthetic
SYN_0128,kurir,29,1,828000,0,0,0,0,0,0,normal,synthetic
SYN_0128,kurir,30,2,1107000,0,0,0,0,0,0,normal,synthetic
SYN_0128,kurir,31,3,752000,0,0,0,0,0,0,normal,synthetic
SYN_0128,kurir,32,4,1054000,0,0,0,0,0,1,normal,synthetic
SYN_0128,kurir,33,1,713000,0,0,0,0,0,0,normal,synthetic
SYN_0128,kurir,34,2,805000,0,0,0,0,0,0,normal,synthetic
SYN_0128,kurir,35,3,791000,0,0,0,0,0,0,normal,synthetic
SYN_0128,kurir,36,4,913000,0,0,0,0,0,1,normal,synthetic
SYN_0128,kurir,37,1,757000,0,0,0,0,0,0,normal,synthetic
SYN_0128,kurir,38,2,735000,0,0,0,0,0,0,normal,synthetic
SYN_0128,kurir,39,3,915000,0,0,0,0,0,0,normal,synthetic
SYN_0128,kurir,40,4,1018000,0,0,0,0,0,1,normal,synthetic
SYN_0128,kurir,41,1,788000,0,0,0,0,0,0,normal,synthetic
SYN_0128,kurir,42,2,810000,0,0,0,0,0,0,normal,synthetic
SYN_0128,kurir,43,3,817000,0,0,0,0,0,0,normal,synthetic
SYN_0128,kurir,44,4,1039000,0,0,0,0,0,1,normal,synthetic
SYN_0128,kurir,45,1,682000,0,0,0,0,0,0,normal,synthetic
SYN_0128,kurir,46,2,818000,0,0,0,0,0,0,normal,synthetic
SYN_0128,kurir,47,3,781000,0,0,0,0,0,0,normal,synthetic
SYN_0128,kurir,48,4,934000,0,0,0,0,0,1,normal,synthetic
SYN_0128,kurir,49,1,805000,0,0,0,1,0,0,high_season,synthetic
SYN_0128,kurir,50,2,1227000,0,0,0,1,0,0,high_season,synthetic
SYN_0128,kurir,51,3,1032000,0,0,0,1,0,0,high_season,synthetic
SYN_0128,kurir,52,4,1452000,0,0,0,1,0,1,high_season,synthetic
SYN_0129,ojek_online,1,1,856000,0,0,0,0,1,0,low_season,synthetic
SYN_0129,ojek_online,2,2,950000,0,0,0,0,1,0,low_season,synthetic
SYN_0129,ojek_online,3,3,1058000,0,0,0,0,1,0,low_season,synthetic
SYN_0129,ojek_online,4,4,989000,0,0,0,0,1,1,low_season,synthetic
SYN_0129,ojek_online,5,1,491000,0,0,0,0,1,0,low_season,synthetic
SYN_0129,ojek_online,6,2,832000,0,0,0,0,1,0,low_season,synthetic
SYN_0129,ojek_online,7,3,1053000,0,0,0,0,0,0,normal,synthetic
SYN_0129,ojek_online,8,4,1330000,0,0,0,0,0,1,normal,synthetic
SYN_0129,ojek_online,9,1,955000,0,0,0,0,0,0,normal,synthetic
SYN_0129,ojek_online,10,2,1405000,1,0,0,0,0,0,high_season,synthetic
SYN_0129,ojek_online,11,3,1774000,1,0,0,0,0,0,high_season,synthetic
SYN_0129,ojek_online,12,4,1579000,1,0,0,0,0,1,high_season,synthetic
SYN_0129,ojek_online,13,1,1298000,1,0,0,0,0,0,high_season,synthetic
SYN_0129,ojek_online,14,2,1579000,0,1,0,0,0,0,high_season,synthetic
SYN_0129,ojek_online,15,3,720000,0,0,1,0,0,0,low_season,synthetic
SYN_0129,ojek_online,16,4,1015000,0,0,1,0,0,1,low_season,synthetic
SYN_0129,ojek_online,17,1,909000,0,0,0,0,0,0,normal,synthetic
SYN_0129,ojek_online,18,2,1011000,0,0,0,0,0,0,normal,synthetic
SYN_0129,ojek_online,19,3,831000,0,0,0,0,0,0,normal,synthetic
SYN_0129,ojek_online,20,4,1192000,0,0,0,0,0,1,normal,synthetic
SYN_0129,ojek_online,21,1,1043000,0,0,0,0,0,0,normal,synthetic
SYN_0129,ojek_online,22,2,997000,0,0,0,0,0,0,normal,synthetic
SYN_0129,ojek_online,23,3,990000,0,0,0,0,0,0,normal,synthetic
SYN_0129,ojek_online,24,4,1384000,0,0,0,0,0,1,normal,synthetic
SYN_0129,ojek_online,25,1,891000,0,0,0,0,0,0,normal,synthetic
SYN_0129,ojek_online,26,2,1175000,0,0,0,0,0,0,normal,synthetic
SYN_0129,ojek_online,27,3,879000,0,0,0,0,0,0,normal,synthetic
SYN_0129,ojek_online,28,4,1325000,0,0,0,0,0,1,normal,synthetic
SYN_0129,ojek_online,29,1,1094000,0,0,0,0,0,0,normal,synthetic
SYN_0129,ojek_online,30,2,1142000,0,0,0,0,0,0,normal,synthetic
SYN_0129,ojek_online,31,3,812000,0,0,0,0,0,0,normal,synthetic
SYN_0129,ojek_online,32,4,1143000,0,0,0,0,0,1,normal,synthetic
SYN_0129,ojek_online,33,1,899000,0,0,0,0,0,0,normal,synthetic
SYN_0129,ojek_online,34,2,1142000,0,0,0,0,0,0,normal,synthetic
SYN_0129,ojek_online,35,3,873000,0,0,0,0,0,0,normal,synthetic
SYN_0129,ojek_online,36,4,1091000,0,0,0,0,0,1,normal,synthetic
SYN_0129,ojek_online,37,1,758000,0,0,0,0,0,0,normal,synthetic
SYN_0129,ojek_online,38,2,931000,0,0,0,0,0,0,normal,synthetic
SYN_0129,ojek_online,39,3,882000,0,0,0,0,0,0,normal,synthetic
SYN_0129,ojek_online,40,4,1452000,0,0,0,0,0,1,normal,synthetic
SYN_0129,ojek_online,41,1,857000,0,0,0,0,0,0,normal,synthetic
SYN_0129,ojek_online,42,2,1106000,0,0,0,0,0,0,normal,synthetic
SYN_0129,ojek_online,43,3,1028000,0,0,0,0,0,0,normal,synthetic
SYN_0129,ojek_online,44,4,1232000,0,0,0,0,0,1,normal,synthetic
SYN_0129,ojek_online,45,1,862000,0,0,0,0,0,0,normal,synthetic
SYN_0129,ojek_online,46,2,1115000,0,0,0,0,0,0,normal,synthetic
SYN_0129,ojek_online,47,3,1044000,0,0,0,0,0,0,normal,synthetic
SYN_0129,ojek_online,48,4,1245000,0,0,0,0,0,1,normal,synthetic
SYN_0129,ojek_online,49,1,1121000,0,0,0,1,0,0,high_season,synthetic
SYN_0129,ojek_online,50,2,1270000,0,0,0,1,0,0,high_season,synthetic
SYN_0129,ojek_online,51,3,1422000,0,0,0,1,0,0,high_season,synthetic
SYN_0129,ojek_online,52,4,1642000,0,0,0,1,0,1,high_season,synthetic
SYN_0130,freelancer_it,1,1,24993000,0,0,0,0,1,0,low_season,synthetic
SYN_0130,freelancer_it,2,2,29890000,0,0,0,0,1,0,low_season,synthetic
SYN_0130,freelancer_it,3,3,29970000,0,0,0,0,1,0,low_season,synthetic
SYN_0130,freelancer_it,4,4,40456000,0,0,0,0,1,1,low_season,synthetic
SYN_0130,freelancer_it,5,1,23137000,0,0,0,0,1,0,low_season,synthetic
SYN_0130,freelancer_it,6,2,30000000,0,0,0,0,1,0,low_season,synthetic
SYN_0130,freelancer_it,7,3,45066000,0,0,0,0,0,0,normal,synthetic
SYN_0130,freelancer_it,8,4,49613000,0,0,0,0,0,1,normal,synthetic
SYN_0130,freelancer_it,9,1,38039000,0,0,0,0,0,0,normal,synthetic
SYN_0130,freelancer_it,10,2,51724000,1,0,0,0,0,0,high_season,synthetic
SYN_0130,freelancer_it,11,3,53864000,1,0,0,0,0,0,high_season,synthetic
SYN_0130,freelancer_it,12,4,70537000,1,0,0,0,0,1,high_season,synthetic
SYN_0130,freelancer_it,13,1,56527000,1,0,0,0,0,0,high_season,synthetic
SYN_0130,freelancer_it,14,2,45215000,0,1,0,0,0,0,high_season,synthetic
SYN_0130,freelancer_it,15,3,20302000,0,0,1,0,0,0,low_season,synthetic
SYN_0130,freelancer_it,16,4,35337000,0,0,1,0,0,1,low_season,synthetic
SYN_0130,freelancer_it,17,1,30755000,0,0,0,0,0,0,normal,synthetic
SYN_0130,freelancer_it,18,2,32207000,0,0,0,0,0,0,normal,synthetic
SYN_0130,freelancer_it,19,3,29308000,0,0,0,0,0,0,normal,synthetic
SYN_0130,freelancer_it,20,4,39345000,0,0,0,0,0,1,normal,synthetic
SYN_0130,freelancer_it,21,1,25714000,0,0,0,0,0,0,normal,synthetic
SYN_0130,freelancer_it,22,2,45958000,0,0,0,0,0,0,normal,synthetic
SYN_0130,freelancer_it,23,3,35439000,0,0,0,0,0,0,normal,synthetic
SYN_0130,freelancer_it,24,4,42314000,0,0,0,0,0,1,normal,synthetic
SYN_0130,freelancer_it,25,1,34629000,0,0,0,0,0,0,normal,synthetic
SYN_0130,freelancer_it,26,2,40340000,0,0,0,0,0,0,normal,synthetic
SYN_0130,freelancer_it,27,3,40258000,0,0,0,0,0,0,normal,synthetic
SYN_0130,freelancer_it,28,4,49072000,0,0,0,0,0,1,normal,synthetic
SYN_0130,freelancer_it,29,1,29169000,0,0,0,0,0,0,normal,synthetic
SYN_0130,freelancer_it,30,2,34068000,0,0,0,0,0,0,normal,synthetic
SYN_0130,freelancer_it,31,3,39378000,0,0,0,0,0,0,normal,synthetic
SYN_0130,freelancer_it,32,4,39510000,0,0,0,0,0,1,normal,synthetic
SYN_0130,freelancer_it,33,1,31972000,0,0,0,0,0,0,normal,synthetic
SYN_0130,freelancer_it,34,2,37535000,0,0,0,0,0,0,normal,synthetic
SYN_0130,freelancer_it,35,3,39458000,0,0,0,0,0,0,normal,synthetic
SYN_0130,freelancer_it,36,4,32043000,0,0,0,0,0,1,normal,synthetic
SYN_0130,freelancer_it,37,1,35197000,0,0,0,0,0,0,normal,synthetic
SYN_0130,freelancer_it,38,2,34387000,0,0,0,0,0,0,normal,synthetic
SYN_0130,freelancer_it,39,3,39071000,0,0,0,0,0,0,normal,synthetic
SYN_0130,freelancer_it,40,4,47300000,0,0,0,0,0,1,normal,synthetic
SYN_0130,freelancer_it,41,1,39198000,0,0,0,0,0,0,normal,synthetic
SYN_0130,freelancer_it,42,2,42286000,0,0,0,0,0,0,normal,synthetic
SYN_0130,freelancer_it,43,3,42252000,0,0,0,0,0,0,normal,synthetic
SYN_0130,freelancer_it,44,4,51282000,0,0,0,0,0,1,normal,synthetic
SYN_0130,freelancer_it,45,1,33300000,0,0,0,0,0,0,normal,synthetic
SYN_0130,freelancer_it,46,2,35710000,0,0,0,0,0,0,normal,synthetic
SYN_0130,freelancer_it,47,3,39894000,0,0,0,0,0,0,normal,synthetic
SYN_0130,freelancer_it,48,4,47033000,0,0,0,0,0,1,normal,synthetic
SYN_0130,freelancer_it,49,1,39794000,0,0,0,1,0,0,high_season,synthetic
SYN_0130,freelancer_it,50,2,48835000,0,0,0,1,0,0,high_season,synthetic
SYN_0130,freelancer_it,51,3,45988000,0,0,0,1,0,0,high_season,synthetic
SYN_0130,freelancer_it,52,4,48828000,0,0,0,1,0,1,high_season,synthetic
SYN_0131,freelancer_it,1,1,25581000,0,0,0,0,1,0,low_season,synthetic
SYN_0131,freelancer_it,2,2,27502000,0,0,0,0,1,0,low_season,synthetic
SYN_0131,freelancer_it,3,3,32869000,0,0,0,0,1,0,low_season,synthetic
SYN_0131,freelancer_it,4,4,29456000,0,0,0,0,1,1,low_season,synthetic
SYN_0131,freelancer_it,5,1,20452000,0,0,0,0,1,0,low_season,synthetic
SYN_0131,freelancer_it,6,2,23059000,0,0,0,0,1,0,low_season,synthetic
SYN_0131,freelancer_it,7,3,29718000,0,0,0,0,0,0,normal,synthetic
SYN_0131,freelancer_it,8,4,41892000,0,0,0,0,0,1,normal,synthetic
SYN_0131,freelancer_it,9,1,31464000,0,0,0,0,0,0,normal,synthetic
SYN_0131,freelancer_it,10,2,40930000,1,0,0,0,0,0,high_season,synthetic
SYN_0131,freelancer_it,11,3,42715000,1,0,0,0,0,0,high_season,synthetic
SYN_0131,freelancer_it,12,4,45265000,1,0,0,0,0,1,high_season,synthetic
SYN_0131,freelancer_it,13,1,34492000,1,0,0,0,0,0,high_season,synthetic
SYN_0131,freelancer_it,14,2,57082000,0,1,0,0,0,0,high_season,synthetic
SYN_0131,freelancer_it,15,3,24383000,0,0,1,0,0,0,low_season,synthetic
SYN_0131,freelancer_it,16,4,21566000,0,0,1,0,0,1,low_season,synthetic
SYN_0131,freelancer_it,17,1,26477000,0,0,0,0,0,0,normal,synthetic
SYN_0131,freelancer_it,18,2,27482000,0,0,0,0,0,0,normal,synthetic
SYN_0131,freelancer_it,19,3,31892000,0,0,0,0,0,0,normal,synthetic
SYN_0131,freelancer_it,20,4,32284000,0,0,0,0,0,1,normal,synthetic
SYN_0131,freelancer_it,21,1,18700000,0,0,0,0,0,0,normal,synthetic
SYN_0131,freelancer_it,22,2,32448000,0,0,0,0,0,0,normal,synthetic
SYN_0131,freelancer_it,23,3,27242000,0,0,0,0,0,0,normal,synthetic
SYN_0131,freelancer_it,24,4,33188000,0,0,0,0,0,1,normal,synthetic
SYN_0131,freelancer_it,25,1,27167000,0,0,0,0,0,0,normal,synthetic
SYN_0131,freelancer_it,26,2,29856000,0,0,0,0,0,0,normal,synthetic
SYN_0131,freelancer_it,27,3,30267000,0,0,0,0,0,0,normal,synthetic
SYN_0131,freelancer_it,28,4,26351000,0,0,0,0,0,1,normal,synthetic
SYN_0131,freelancer_it,29,1,27600000,0,0,0,0,0,0,normal,synthetic
SYN_0131,freelancer_it,30,2,20847000,0,0,0,0,0,0,normal,synthetic
SYN_0131,freelancer_it,31,3,31516000,0,0,0,0,0,0,normal,synthetic
SYN_0131,freelancer_it,32,4,39486000,0,0,0,0,0,1,normal,synthetic
SYN_0131,freelancer_it,33,1,20700000,0,0,0,0,0,0,normal,synthetic
SYN_0131,freelancer_it,34,2,29759000,0,0,0,0,0,0,normal,synthetic
SYN_0131,freelancer_it,35,3,32662000,0,0,0,0,0,0,normal,synthetic
SYN_0131,freelancer_it,36,4,31995000,0,0,0,0,0,1,normal,synthetic
SYN_0131,freelancer_it,37,1,28020000,0,0,0,0,0,0,normal,synthetic
SYN_0131,freelancer_it,38,2,17356000,0,0,0,0,0,0,normal,synthetic
SYN_0131,freelancer_it,39,3,32825000,0,0,0,0,0,0,normal,synthetic
SYN_0131,freelancer_it,40,4,34284000,0,0,0,0,0,1,normal,synthetic
SYN_0131,freelancer_it,41,1,24681000,0,0,0,0,0,0,normal,synthetic
SYN_0131,freelancer_it,42,2,32370000,0,0,0,0,0,0,normal,synthetic
SYN_0131,freelancer_it,43,3,35339000,0,0,0,0,0,0,normal,synthetic
SYN_0131,freelancer_it,44,4,36462000,0,0,0,0,0,1,normal,synthetic
SYN_0131,freelancer_it,45,1,31373000,0,0,0,0,0,0,normal,synthetic
SYN_0131,freelancer_it,46,2,22264000,0,0,0,0,0,0,normal,synthetic
SYN_0131,freelancer_it,47,3,31103000,0,0,0,0,0,0,normal,synthetic
SYN_0131,freelancer_it,48,4,33510000,0,0,0,0,0,1,normal,synthetic
SYN_0131,freelancer_it,49,1,29614000,0,0,0,1,0,0,high_season,synthetic
SYN_0131,freelancer_it,50,2,26999000,0,0,0,1,0,0,high_season,synthetic
SYN_0131,freelancer_it,51,3,40154000,0,0,0,1,0,0,high_season,synthetic
SYN_0131,freelancer_it,52,4,49822000,0,0,0,1,0,1,high_season,synthetic
SYN_0132,kurir,1,1,1110000,0,0,0,0,1,0,low_season,synthetic
SYN_0132,kurir,2,2,1286000,0,0,0,0,1,0,low_season,synthetic
SYN_0132,kurir,3,3,1240000,0,0,0,0,1,0,low_season,synthetic
SYN_0132,kurir,4,4,1642000,0,0,0,0,1,1,low_season,synthetic
SYN_0132,kurir,5,1,1094000,0,0,0,0,1,0,low_season,synthetic
SYN_0132,kurir,6,2,1142000,0,0,0,0,1,0,low_season,synthetic
SYN_0132,kurir,7,3,1404000,0,0,0,0,0,0,normal,synthetic
SYN_0132,kurir,8,4,1814000,0,0,0,0,0,1,normal,synthetic
SYN_0132,kurir,9,1,1142000,0,0,0,0,0,0,normal,synthetic
SYN_0132,kurir,10,2,1863000,1,0,0,0,0,0,high_season,synthetic
SYN_0132,kurir,11,3,1922000,1,0,0,0,0,0,high_season,synthetic
SYN_0132,kurir,12,4,1932000,1,0,0,0,0,1,high_season,synthetic
SYN_0132,kurir,13,1,1800000,1,0,0,0,0,0,high_season,synthetic
SYN_0132,kurir,14,2,1989000,0,1,0,0,0,0,high_season,synthetic
SYN_0132,kurir,15,3,958000,0,0,1,0,0,0,low_season,synthetic
SYN_0132,kurir,16,4,1232000,0,0,1,0,0,1,low_season,synthetic
SYN_0132,kurir,17,1,1175000,0,0,0,0,0,0,normal,synthetic
SYN_0132,kurir,18,2,1564000,0,0,0,0,0,0,normal,synthetic
SYN_0132,kurir,19,3,1188000,0,0,0,0,0,0,normal,synthetic
SYN_0132,kurir,20,4,1807000,0,0,0,0,0,1,normal,synthetic
SYN_0132,kurir,21,1,1299000,0,0,0,0,0,0,normal,synthetic
SYN_0132,kurir,22,2,1157000,0,0,0,0,0,0,normal,synthetic
SYN_0132,kurir,23,3,1688000,0,0,0,0,0,0,normal,synthetic
SYN_0132,kurir,24,4,1626000,0,0,0,0,0,1,normal,synthetic
SYN_0132,kurir,25,1,1132000,0,0,0,0,0,0,normal,synthetic
SYN_0132,kurir,26,2,1194000,0,0,0,0,0,0,normal,synthetic
SYN_0132,kurir,27,3,1336000,0,0,0,0,0,0,normal,synthetic
SYN_0132,kurir,28,4,1617000,0,0,0,0,0,1,normal,synthetic
SYN_0132,kurir,29,1,1238000,0,0,0,0,0,0,normal,synthetic
SYN_0132,kurir,30,2,1327000,0,0,0,0,0,0,normal,synthetic
SYN_0132,kurir,31,3,1439000,0,0,0,0,0,0,normal,synthetic
SYN_0132,kurir,32,4,1580000,0,0,0,0,0,1,normal,synthetic
SYN_0132,kurir,33,1,1018000,0,0,0,0,0,0,normal,synthetic
SYN_0132,kurir,34,2,1345000,0,0,0,0,0,0,normal,synthetic
SYN_0132,kurir,35,3,1079000,0,0,0,0,0,0,normal,synthetic
SYN_0132,kurir,36,4,1686000,0,0,0,0,0,1,normal,synthetic
SYN_0132,kurir,37,1,1121000,0,0,0,0,0,0,normal,synthetic
SYN_0132,kurir,38,2,1382000,0,0,0,0,0,0,normal,synthetic
SYN_0132,kurir,39,3,1520000,0,0,0,0,0,0,normal,synthetic
SYN_0132,kurir,40,4,1499000,0,0,0,0,0,1,normal,synthetic
SYN_0132,kurir,41,1,1341000,0,0,0,0,0,0,normal,synthetic
SYN_0132,kurir,42,2,1311000,0,0,0,0,0,0,normal,synthetic
SYN_0132,kurir,43,3,1573000,0,0,0,0,0,0,normal,synthetic
SYN_0132,kurir,44,4,1583000,0,0,0,0,0,1,normal,synthetic
SYN_0132,kurir,45,1,1136000,0,0,0,0,0,0,normal,synthetic
SYN_0132,kurir,46,2,1445000,0,0,0,0,0,0,normal,synthetic
SYN_0132,kurir,47,3,1311000,0,0,0,0,0,0,normal,synthetic
SYN_0132,kurir,48,4,1514000,0,0,0,0,0,1,normal,synthetic
SYN_0132,kurir,49,1,1527000,0,0,0,1,0,0,high_season,synthetic
SYN_0132,kurir,50,2,1765000,0,0,0,1,0,0,high_season,synthetic
SYN_0132,kurir,51,3,1981000,0,0,0,1,0,0,high_season,synthetic
SYN_0132,kurir,52,4,1764000,0,0,0,1,0,1,high_season,synthetic
SYN_0133,jualan_online,1,1,48220000,0,0,0,0,1,0,low_season,synthetic
SYN_0133,jualan_online,2,2,49547000,0,0,0,0,1,0,low_season,synthetic
SYN_0133,jualan_online,3,3,53499000,0,0,0,0,1,0,low_season,synthetic
SYN_0133,jualan_online,4,4,69298000,0,0,0,0,1,1,low_season,synthetic
SYN_0133,jualan_online,5,1,37643000,0,0,0,0,1,0,low_season,synthetic
SYN_0133,jualan_online,6,2,48571000,0,0,0,0,1,0,low_season,synthetic
SYN_0133,jualan_online,7,3,57300000,0,0,0,0,0,0,normal,synthetic
SYN_0133,jualan_online,8,4,78708000,0,0,0,0,0,1,normal,synthetic
SYN_0133,jualan_online,9,1,59816000,0,0,0,0,0,0,normal,synthetic
SYN_0133,jualan_online,10,2,91736000,1,0,0,0,0,0,high_season,synthetic
SYN_0133,jualan_online,11,3,63677000,1,0,0,0,0,0,high_season,synthetic
SYN_0133,jualan_online,12,4,87202000,1,0,0,0,0,1,high_season,synthetic
SYN_0133,jualan_online,13,1,79233000,1,0,0,0,0,0,high_season,synthetic
SYN_0133,jualan_online,14,2,102805000,0,1,0,0,0,0,high_season,synthetic
SYN_0133,jualan_online,15,3,43783000,0,0,1,0,0,0,low_season,synthetic
SYN_0133,jualan_online,16,4,49548000,0,0,1,0,0,1,low_season,synthetic
SYN_0133,jualan_online,17,1,66596000,0,0,0,0,0,0,normal,synthetic
SYN_0133,jualan_online,18,2,45301000,0,0,0,0,0,0,normal,synthetic
SYN_0133,jualan_online,19,3,64777000,0,0,0,0,0,0,normal,synthetic
SYN_0133,jualan_online,20,4,82461000,0,0,0,0,0,1,normal,synthetic
SYN_0133,jualan_online,21,1,60992000,0,0,0,0,0,0,normal,synthetic
SYN_0133,jualan_online,22,2,68412000,0,0,0,0,0,0,normal,synthetic
SYN_0133,jualan_online,23,3,69491000,0,0,0,0,0,0,normal,synthetic
SYN_0133,jualan_online,24,4,69572000,0,0,0,0,0,1,normal,synthetic
SYN_0133,jualan_online,25,1,48821000,0,0,0,0,0,0,normal,synthetic
SYN_0133,jualan_online,26,2,47245000,0,0,0,0,0,0,normal,synthetic
SYN_0133,jualan_online,27,3,59787000,0,0,0,0,0,0,normal,synthetic
SYN_0133,jualan_online,28,4,68010000,0,0,0,0,0,1,normal,synthetic
SYN_0133,jualan_online,29,1,64098000,0,0,0,0,0,0,normal,synthetic
SYN_0133,jualan_online,30,2,60350000,0,0,0,0,0,0,normal,synthetic
SYN_0133,jualan_online,31,3,54778000,0,0,0,0,0,0,normal,synthetic
SYN_0133,jualan_online,32,4,64310000,0,0,0,0,0,1,normal,synthetic
SYN_0133,jualan_online,33,1,69682000,0,0,0,0,0,0,normal,synthetic
SYN_0133,jualan_online,34,2,62341000,0,0,0,0,0,0,normal,synthetic
SYN_0133,jualan_online,35,3,56645000,0,0,0,0,0,0,normal,synthetic
SYN_0133,jualan_online,36,4,76125000,0,0,0,0,0,1,normal,synthetic
SYN_0133,jualan_online,37,1,69062000,0,0,0,0,0,0,normal,synthetic
SYN_0133,jualan_online,38,2,59584000,0,0,0,0,0,0,normal,synthetic
SYN_0133,jualan_online,39,3,67660000,0,0,0,0,0,0,normal,synthetic
SYN_0133,jualan_online,40,4,85688000,0,0,0,0,0,1,normal,synthetic
SYN_0133,jualan_online,41,1,43488000,0,0,0,0,0,0,normal,synthetic
SYN_0133,jualan_online,42,2,57718000,0,0,0,0,0,0,normal,synthetic
SYN_0133,jualan_online,43,3,70466000,0,0,0,0,0,0,normal,synthetic
SYN_0133,jualan_online,44,4,68714000,0,0,0,0,0,1,normal,synthetic
SYN_0133,jualan_online,45,1,59055000,0,0,0,0,0,0,normal,synthetic
SYN_0133,jualan_online,46,2,56818000,0,0,0,0,0,0,normal,synthetic
SYN_0133,jualan_online,47,3,59165000,0,0,0,0,0,0,normal,synthetic
SYN_0133,jualan_online,48,4,69902000,0,0,0,0,0,1,normal,synthetic
SYN_0133,jualan_online,49,1,78721000,0,0,0,1,0,0,high_season,synthetic
SYN_0133,jualan_online,50,2,83225000,0,0,0,1,0,0,high_season,synthetic
SYN_0133,jualan_online,51,3,82223000,0,0,0,1,0,0,high_season,synthetic
SYN_0133,jualan_online,52,4,126852000,0,0,0,1,0,1,high_season,synthetic
SYN_0134,kurir,1,1,1076000,0,0,0,0,1,0,low_season,synthetic
SYN_0134,kurir,2,2,1008000,0,0,0,0,1,0,low_season,synthetic
SYN_0134,kurir,3,3,1243000,0,0,0,0,1,0,low_season,synthetic
SYN_0134,kurir,4,4,1476000,0,0,0,0,1,1,low_season,synthetic
SYN_0134,kurir,5,1,1095000,0,0,0,0,1,0,low_season,synthetic
SYN_0134,kurir,6,2,1333000,0,0,0,0,1,0,low_season,synthetic
SYN_0134,kurir,7,3,1537000,0,0,0,0,0,0,normal,synthetic
SYN_0134,kurir,8,4,1776000,0,0,0,0,0,1,normal,synthetic
SYN_0134,kurir,9,1,1350000,0,0,0,0,0,0,normal,synthetic
SYN_0134,kurir,10,2,2072000,1,0,0,0,0,0,high_season,synthetic
SYN_0134,kurir,11,3,2418000,1,0,0,0,0,0,high_season,synthetic
SYN_0134,kurir,12,4,2183000,1,0,0,0,0,1,high_season,synthetic
SYN_0134,kurir,13,1,1905000,1,0,0,0,0,0,high_season,synthetic
SYN_0134,kurir,14,2,2539000,0,1,0,0,0,0,high_season,synthetic
SYN_0134,kurir,15,3,1082000,0,0,1,0,0,0,low_season,synthetic
SYN_0134,kurir,16,4,1122000,0,0,1,0,0,1,low_season,synthetic
SYN_0134,kurir,17,1,1099000,0,0,0,0,0,0,normal,synthetic
SYN_0134,kurir,18,2,1462000,0,0,0,0,0,0,normal,synthetic
SYN_0134,kurir,19,3,1478000,0,0,0,0,0,0,normal,synthetic
SYN_0134,kurir,20,4,1958000,0,0,0,0,0,1,normal,synthetic
SYN_0134,kurir,21,1,1153000,0,0,0,0,0,0,normal,synthetic
SYN_0134,kurir,22,2,1589000,0,0,0,0,0,0,normal,synthetic
SYN_0134,kurir,23,3,1743000,0,0,0,0,0,0,normal,synthetic
SYN_0134,kurir,24,4,1673000,0,0,0,0,0,1,normal,synthetic
SYN_0134,kurir,25,1,1151000,0,0,0,0,0,0,normal,synthetic
SYN_0134,kurir,26,2,1391000,0,0,0,0,0,0,normal,synthetic
SYN_0134,kurir,27,3,1444000,0,0,0,0,0,0,normal,synthetic
SYN_0134,kurir,28,4,1817000,0,0,0,0,0,1,normal,synthetic
SYN_0134,kurir,29,1,1231000,0,0,0,0,0,0,normal,synthetic
SYN_0134,kurir,30,2,1640000,0,0,0,0,0,0,normal,synthetic
SYN_0134,kurir,31,3,1301000,0,0,0,0,0,0,normal,synthetic
SYN_0134,kurir,32,4,1466000,0,0,0,0,0,1,normal,synthetic
SYN_0134,kurir,33,1,1425000,0,0,0,0,0,0,normal,synthetic
SYN_0134,kurir,34,2,1154000,0,0,0,0,0,0,normal,synthetic
SYN_0134,kurir,35,3,1416000,0,0,0,0,0,0,normal,synthetic
SYN_0134,kurir,36,4,2206000,0,0,0,0,0,1,normal,synthetic
SYN_0134,kurir,37,1,1297000,0,0,0,0,0,0,normal,synthetic
SYN_0134,kurir,38,2,1300000,0,0,0,0,0,0,normal,synthetic
SYN_0134,kurir,39,3,1435000,0,0,0,0,0,0,normal,synthetic
SYN_0134,kurir,40,4,1723000,0,0,0,0,0,1,normal,synthetic
SYN_0134,kurir,41,1,1316000,0,0,0,0,0,0,normal,synthetic
SYN_0134,kurir,42,2,1526000,0,0,0,0,0,0,normal,synthetic
SYN_0134,kurir,43,3,1310000,0,0,0,0,0,0,normal,synthetic
SYN_0134,kurir,44,4,1988000,0,0,0,0,0,1,normal,synthetic
SYN_0134,kurir,45,1,1326000,0,0,0,0,0,0,normal,synthetic
SYN_0134,kurir,46,2,1535000,0,0,0,0,0,0,normal,synthetic
SYN_0134,kurir,47,3,1363000,0,0,0,0,0,0,normal,synthetic
SYN_0134,kurir,48,4,1927000,0,0,0,0,0,1,normal,synthetic
SYN_0134,kurir,49,1,1649000,0,0,0,1,0,0,high_season,synthetic
SYN_0134,kurir,50,2,1921000,0,0,0,1,0,0,high_season,synthetic
SYN_0134,kurir,51,3,1721000,0,0,0,1,0,0,high_season,synthetic
SYN_0134,kurir,52,4,2053000,0,0,0,1,0,1,high_season,synthetic
SYN_0135,ojek_online,1,1,788000,0,0,0,0,1,0,low_season,synthetic
SYN_0135,ojek_online,2,2,848000,0,0,0,0,1,0,low_season,synthetic
SYN_0135,ojek_online,3,3,840000,0,0,0,0,1,0,low_season,synthetic
SYN_0135,ojek_online,4,4,1129000,0,0,0,0,1,1,low_season,synthetic
SYN_0135,ojek_online,5,1,946000,0,0,0,0,1,0,low_season,synthetic
SYN_0135,ojek_online,6,2,910000,0,0,0,0,1,0,low_season,synthetic
SYN_0135,ojek_online,7,3,1063000,0,0,0,0,0,0,normal,synthetic
SYN_0135,ojek_online,8,4,1152000,0,0,0,0,0,1,normal,synthetic
SYN_0135,ojek_online,9,1,941000,0,0,0,0,0,0,normal,synthetic
SYN_0135,ojek_online,10,2,1761000,1,0,0,0,0,0,high_season,synthetic
SYN_0135,ojek_online,11,3,1735000,1,0,0,0,0,0,high_season,synthetic
SYN_0135,ojek_online,12,4,2067000,1,0,0,0,0,1,high_season,synthetic
SYN_0135,ojek_online,13,1,1545000,1,0,0,0,0,0,high_season,synthetic
SYN_0135,ojek_online,14,2,1967000,0,1,0,0,0,0,high_season,synthetic
SYN_0135,ojek_online,15,3,784000,0,0,1,0,0,0,low_season,synthetic
SYN_0135,ojek_online,16,4,925000,0,0,1,0,0,1,low_season,synthetic
SYN_0135,ojek_online,17,1,920000,0,0,0,0,0,0,normal,synthetic
SYN_0135,ojek_online,18,2,1082000,0,0,0,0,0,0,normal,synthetic
SYN_0135,ojek_online,19,3,1098000,0,0,0,0,0,0,normal,synthetic
SYN_0135,ojek_online,20,4,1377000,0,0,0,0,0,1,normal,synthetic
SYN_0135,ojek_online,21,1,975000,0,0,0,0,0,0,normal,synthetic
SYN_0135,ojek_online,22,2,1325000,0,0,0,0,0,0,normal,synthetic
SYN_0135,ojek_online,23,3,927000,0,0,0,0,0,0,normal,synthetic
SYN_0135,ojek_online,24,4,1395000,0,0,0,0,0,1,normal,synthetic
SYN_0135,ojek_online,25,1,960000,0,0,0,0,0,0,normal,synthetic
SYN_0135,ojek_online,26,2,1072000,0,0,0,0,0,0,normal,synthetic
SYN_0135,ojek_online,27,3,974000,0,0,0,0,0,0,normal,synthetic
SYN_0135,ojek_online,28,4,1433000,0,0,0,0,0,1,normal,synthetic
SYN_0135,ojek_online,29,1,1035000,0,0,0,0,0,0,normal,synthetic
SYN_0135,ojek_online,30,2,1172000,0,0,0,0,0,0,normal,synthetic
SYN_0135,ojek_online,31,3,1092000,0,0,0,0,0,0,normal,synthetic
SYN_0135,ojek_online,32,4,1239000,0,0,0,0,0,1,normal,synthetic
SYN_0135,ojek_online,33,1,957000,0,0,0,0,0,0,normal,synthetic
SYN_0135,ojek_online,34,2,1124000,0,0,0,0,0,0,normal,synthetic
SYN_0135,ojek_online,35,3,831000,0,0,0,0,0,0,normal,synthetic
SYN_0135,ojek_online,36,4,1412000,0,0,0,0,0,1,normal,synthetic
SYN_0135,ojek_online,37,1,1227000,0,0,0,0,0,0,normal,synthetic
SYN_0135,ojek_online,38,2,1129000,0,0,0,0,0,0,normal,synthetic
SYN_0135,ojek_online,39,3,1038000,0,0,0,0,0,0,normal,synthetic
SYN_0135,ojek_online,40,4,1263000,0,0,0,0,0,1,normal,synthetic
SYN_0135,ojek_online,41,1,1041000,0,0,0,0,0,0,normal,synthetic
SYN_0135,ojek_online,42,2,1041000,0,0,0,0,0,0,normal,synthetic
SYN_0135,ojek_online,43,3,1176000,0,0,0,0,0,0,normal,synthetic
SYN_0135,ojek_online,44,4,1261000,0,0,0,0,0,1,normal,synthetic
SYN_0135,ojek_online,45,1,1150000,0,0,0,0,0,0,normal,synthetic
SYN_0135,ojek_online,46,2,1274000,0,0,0,0,0,0,normal,synthetic
SYN_0135,ojek_online,47,3,1032000,0,0,0,0,0,0,normal,synthetic
SYN_0135,ojek_online,48,4,1275000,0,0,0,0,0,1,normal,synthetic
SYN_0135,ojek_online,49,1,1251000,0,0,0,1,0,0,high_season,synthetic
SYN_0135,ojek_online,50,2,1392000,0,0,0,1,0,0,high_season,synthetic
SYN_0135,ojek_online,51,3,1246000,0,0,0,1,0,0,high_season,synthetic
SYN_0135,ojek_online,52,4,1468000,0,0,0,1,0,1,high_season,synthetic
SYN_0136,freelancer_it,1,1,52151000,0,0,0,0,1,0,low_season,synthetic
SYN_0136,freelancer_it,2,2,57748000,0,0,0,0,1,0,low_season,synthetic
SYN_0136,freelancer_it,3,3,56452000,0,0,0,0,1,0,low_season,synthetic
SYN_0136,freelancer_it,4,4,60305000,0,0,0,0,1,1,low_season,synthetic
SYN_0136,freelancer_it,5,1,26580000,0,0,0,0,1,0,low_season,synthetic
SYN_0136,freelancer_it,6,2,45839000,0,0,0,0,1,0,low_season,synthetic
SYN_0136,freelancer_it,7,3,54059000,0,0,0,0,0,0,normal,synthetic
SYN_0136,freelancer_it,8,4,61364000,0,0,0,0,0,1,normal,synthetic
SYN_0136,freelancer_it,9,1,54239000,0,0,0,0,0,0,normal,synthetic
SYN_0136,freelancer_it,10,2,80875000,1,0,0,0,0,0,high_season,synthetic
SYN_0136,freelancer_it,11,3,75996000,1,0,0,0,0,0,high_season,synthetic
SYN_0136,freelancer_it,12,4,87815000,1,0,0,0,0,1,high_season,synthetic
SYN_0136,freelancer_it,13,1,69578000,1,0,0,0,0,0,high_season,synthetic
SYN_0136,freelancer_it,14,2,119970000,0,1,0,0,0,0,high_season,synthetic
SYN_0136,freelancer_it,15,3,37638000,0,0,1,0,0,0,low_season,synthetic
SYN_0136,freelancer_it,16,4,46183000,0,0,1,0,0,1,low_season,synthetic
SYN_0136,freelancer_it,17,1,49917000,0,0,0,0,0,0,normal,synthetic
SYN_0136,freelancer_it,18,2,62063000,0,0,0,0,0,0,normal,synthetic
SYN_0136,freelancer_it,19,3,63036000,0,0,0,0,0,0,normal,synthetic
SYN_0136,freelancer_it,20,4,40794000,0,0,0,0,0,1,normal,synthetic
SYN_0136,freelancer_it,21,1,60954000,0,0,0,0,0,0,normal,synthetic
SYN_0136,freelancer_it,22,2,71166000,0,0,0,0,0,0,normal,synthetic
SYN_0136,freelancer_it,23,3,50540000,0,0,0,0,0,0,normal,synthetic
SYN_0136,freelancer_it,24,4,61423000,0,0,0,0,0,1,normal,synthetic
SYN_0136,freelancer_it,25,1,49965000,0,0,0,0,0,0,normal,synthetic
SYN_0136,freelancer_it,26,2,52980000,0,0,0,0,0,0,normal,synthetic
SYN_0136,freelancer_it,27,3,61109000,0,0,0,0,0,0,normal,synthetic
SYN_0136,freelancer_it,28,4,51726000,0,0,0,0,0,1,normal,synthetic
SYN_0136,freelancer_it,29,1,44980000,0,0,0,0,0,0,normal,synthetic
SYN_0136,freelancer_it,30,2,72019000,0,0,0,0,0,0,normal,synthetic
SYN_0136,freelancer_it,31,3,51552000,0,0,0,0,0,0,normal,synthetic
SYN_0136,freelancer_it,32,4,83479000,0,0,0,0,0,1,normal,synthetic
SYN_0136,freelancer_it,33,1,55979000,0,0,0,0,0,0,normal,synthetic
SYN_0136,freelancer_it,34,2,44243000,0,0,0,0,0,0,normal,synthetic
SYN_0136,freelancer_it,35,3,64522000,0,0,0,0,0,0,normal,synthetic
SYN_0136,freelancer_it,36,4,69930000,0,0,0,0,0,1,normal,synthetic
SYN_0136,freelancer_it,37,1,49926000,0,0,0,0,0,0,normal,synthetic
SYN_0136,freelancer_it,38,2,61283000,0,0,0,0,0,0,normal,synthetic
SYN_0136,freelancer_it,39,3,63189000,0,0,0,0,0,0,normal,synthetic
SYN_0136,freelancer_it,40,4,78145000,0,0,0,0,0,1,normal,synthetic
SYN_0136,freelancer_it,41,1,62123000,0,0,0,0,0,0,normal,synthetic
SYN_0136,freelancer_it,42,2,62637000,0,0,0,0,0,0,normal,synthetic
SYN_0136,freelancer_it,43,3,47840000,0,0,0,0,0,0,normal,synthetic
SYN_0136,freelancer_it,44,4,66387000,0,0,0,0,0,1,normal,synthetic
SYN_0136,freelancer_it,45,1,75298000,0,0,0,0,0,0,normal,synthetic
SYN_0136,freelancer_it,46,2,65261000,0,0,0,0,0,0,normal,synthetic
SYN_0136,freelancer_it,47,3,78905000,0,0,0,0,0,0,normal,synthetic
SYN_0136,freelancer_it,48,4,84992000,0,0,0,0,0,1,normal,synthetic
SYN_0136,freelancer_it,49,1,71671000,0,0,0,1,0,0,high_season,synthetic
SYN_0136,freelancer_it,50,2,80277000,0,0,0,1,0,0,high_season,synthetic
SYN_0136,freelancer_it,51,3,76632000,0,0,0,1,0,0,high_season,synthetic
SYN_0136,freelancer_it,52,4,69944000,0,0,0,1,0,1,high_season,synthetic
SYN_0137,content_creator,1,1,61476000,0,0,0,0,1,0,low_season,synthetic
SYN_0137,content_creator,2,2,62842000,0,0,0,0,1,0,low_season,synthetic
SYN_0137,content_creator,3,3,60534000,0,0,0,0,1,0,low_season,synthetic
SYN_0137,content_creator,4,4,70552000,0,0,0,0,1,1,low_season,synthetic
SYN_0137,content_creator,5,1,66746000,0,0,0,0,1,0,low_season,synthetic
SYN_0137,content_creator,6,2,52064000,0,0,0,0,1,0,low_season,synthetic
SYN_0137,content_creator,7,3,68096000,0,0,0,0,0,0,normal,synthetic
SYN_0137,content_creator,8,4,118678000,0,0,0,0,0,1,normal,synthetic
SYN_0137,content_creator,9,1,59524000,0,0,0,0,0,0,normal,synthetic
SYN_0137,content_creator,10,2,133778000,1,0,0,0,0,0,high_season,synthetic
SYN_0137,content_creator,11,3,72796000,1,0,0,0,0,0,high_season,synthetic
SYN_0137,content_creator,12,4,175225000,1,0,0,0,0,1,high_season,synthetic
SYN_0137,content_creator,13,1,80388000,1,0,0,0,0,0,high_season,synthetic
SYN_0137,content_creator,14,2,117708000,0,1,0,0,0,0,high_season,synthetic
SYN_0137,content_creator,15,3,62747000,0,0,1,0,0,0,low_season,synthetic
SYN_0137,content_creator,16,4,70347000,0,0,1,0,0,1,low_season,synthetic
SYN_0137,content_creator,17,1,83452000,0,0,0,0,0,0,normal,synthetic
SYN_0137,content_creator,18,2,61485000,0,0,0,0,0,0,normal,synthetic
SYN_0137,content_creator,19,3,75737000,0,0,0,0,0,0,normal,synthetic
SYN_0137,content_creator,20,4,85187000,0,0,0,0,0,1,normal,synthetic
SYN_0137,content_creator,21,1,57511000,0,0,0,0,0,0,normal,synthetic
SYN_0137,content_creator,22,2,88425000,0,0,0,0,0,0,normal,synthetic
SYN_0137,content_creator,23,3,93416000,0,0,0,0,0,0,normal,synthetic
SYN_0137,content_creator,24,4,90020000,0,0,0,0,0,1,normal,synthetic
SYN_0137,content_creator,25,1,91573000,0,0,0,0,0,0,normal,synthetic
SYN_0137,content_creator,26,2,68565000,0,0,0,0,0,0,normal,synthetic
SYN_0137,content_creator,27,3,101399000,0,0,0,0,0,0,normal,synthetic
SYN_0137,content_creator,28,4,105530000,0,0,0,0,0,1,normal,synthetic
SYN_0137,content_creator,29,1,56044000,0,0,0,0,0,0,normal,synthetic
SYN_0137,content_creator,30,2,108343000,0,0,0,0,0,0,normal,synthetic
SYN_0137,content_creator,31,3,73470000,0,0,0,0,0,0,normal,synthetic
SYN_0137,content_creator,32,4,116619000,0,0,0,0,0,1,normal,synthetic
SYN_0137,content_creator,33,1,73758000,0,0,0,0,0,0,normal,synthetic
SYN_0137,content_creator,34,2,85242000,0,0,0,0,0,0,normal,synthetic
SYN_0137,content_creator,35,3,92814000,0,0,0,0,0,0,normal,synthetic
SYN_0137,content_creator,36,4,110422000,0,0,0,0,0,1,normal,synthetic
SYN_0137,content_creator,37,1,67447000,0,0,0,0,0,0,normal,synthetic
SYN_0137,content_creator,38,2,87502000,0,0,0,0,0,0,normal,synthetic
SYN_0137,content_creator,39,3,86423000,0,0,0,0,0,0,normal,synthetic
SYN_0137,content_creator,40,4,99515000,0,0,0,0,0,1,normal,synthetic
SYN_0137,content_creator,41,1,69243000,0,0,0,0,0,0,normal,synthetic
SYN_0137,content_creator,42,2,82901000,0,0,0,0,0,0,normal,synthetic
SYN_0137,content_creator,43,3,108142000,0,0,0,0,0,0,normal,synthetic
SYN_0137,content_creator,44,4,90742000,0,0,0,0,0,1,normal,synthetic
SYN_0137,content_creator,45,1,87483000,0,0,0,0,0,0,normal,synthetic
SYN_0137,content_creator,46,2,70952000,0,0,0,0,0,0,normal,synthetic
SYN_0137,content_creator,47,3,67191000,0,0,0,0,0,0,normal,synthetic
SYN_0137,content_creator,48,4,152348000,0,0,0,0,0,1,normal,synthetic
SYN_0137,content_creator,49,1,102518000,0,0,0,1,0,0,high_season,synthetic
SYN_0137,content_creator,50,2,114422000,0,0,0,1,0,0,high_season,synthetic
SYN_0137,content_creator,51,3,114940000,0,0,0,1,0,0,high_season,synthetic
SYN_0137,content_creator,52,4,156139000,0,0,0,1,0,1,high_season,synthetic
SYN_0138,ojek_online,1,1,895000,0,0,0,0,1,0,low_season,synthetic
SYN_0138,ojek_online,2,2,986000,0,0,0,0,1,0,low_season,synthetic
SYN_0138,ojek_online,3,3,919000,0,0,0,0,1,0,low_season,synthetic
SYN_0138,ojek_online,4,4,1433000,0,0,0,0,1,1,low_season,synthetic
SYN_0138,ojek_online,5,1,868000,0,0,0,0,1,0,low_season,synthetic
SYN_0138,ojek_online,6,2,1085000,0,0,0,0,1,0,low_season,synthetic
SYN_0138,ojek_online,7,3,935000,0,0,0,0,0,0,normal,synthetic
SYN_0138,ojek_online,8,4,1609000,0,0,0,0,0,1,normal,synthetic
SYN_0138,ojek_online,9,1,1191000,0,0,0,0,0,0,normal,synthetic
SYN_0138,ojek_online,10,2,1736000,1,0,0,0,0,0,high_season,synthetic
SYN_0138,ojek_online,11,3,1673000,1,0,0,0,0,0,high_season,synthetic
SYN_0138,ojek_online,12,4,2153000,1,0,0,0,0,1,high_season,synthetic
SYN_0138,ojek_online,13,1,1941000,1,0,0,0,0,0,high_season,synthetic
SYN_0138,ojek_online,14,2,1663000,0,1,0,0,0,0,high_season,synthetic
SYN_0138,ojek_online,15,3,901000,0,0,1,0,0,0,low_season,synthetic
SYN_0138,ojek_online,16,4,893000,0,0,1,0,0,1,low_season,synthetic
SYN_0138,ojek_online,17,1,1063000,0,0,0,0,0,0,normal,synthetic
SYN_0138,ojek_online,18,2,1151000,0,0,0,0,0,0,normal,synthetic
SYN_0138,ojek_online,19,3,1127000,0,0,0,0,0,0,normal,synthetic
SYN_0138,ojek_online,20,4,1419000,0,0,0,0,0,1,normal,synthetic
SYN_0138,ojek_online,21,1,930000,0,0,0,0,0,0,normal,synthetic
SYN_0138,ojek_online,22,2,1321000,0,0,0,0,0,0,normal,synthetic
SYN_0138,ojek_online,23,3,946000,0,0,0,0,0,0,normal,synthetic
SYN_0138,ojek_online,24,4,1507000,0,0,0,0,0,1,normal,synthetic
SYN_0138,ojek_online,25,1,1027000,0,0,0,0,0,0,normal,synthetic
SYN_0138,ojek_online,26,2,1029000,0,0,0,0,0,0,normal,synthetic
SYN_0138,ojek_online,27,3,1211000,0,0,0,0,0,0,normal,synthetic
SYN_0138,ojek_online,28,4,1173000,0,0,0,0,0,1,normal,synthetic
SYN_0138,ojek_online,29,1,1070000,0,0,0,0,0,0,normal,synthetic
SYN_0138,ojek_online,30,2,995000,0,0,0,0,0,0,normal,synthetic
SYN_0138,ojek_online,31,3,1245000,0,0,0,0,0,0,normal,synthetic
SYN_0138,ojek_online,32,4,1274000,0,0,0,0,0,1,normal,synthetic
SYN_0138,ojek_online,33,1,1012000,0,0,0,0,0,0,normal,synthetic
SYN_0138,ojek_online,34,2,1223000,0,0,0,0,0,0,normal,synthetic
SYN_0138,ojek_online,35,3,1082000,0,0,0,0,0,0,normal,synthetic
SYN_0138,ojek_online,36,4,1412000,0,0,0,0,0,1,normal,synthetic
SYN_0138,ojek_online,37,1,885000,0,0,0,0,0,0,normal,synthetic
SYN_0138,ojek_online,38,2,1268000,0,0,0,0,0,0,normal,synthetic
SYN_0138,ojek_online,39,3,1418000,0,0,0,0,0,0,normal,synthetic
SYN_0138,ojek_online,40,4,1865000,0,0,0,0,0,1,normal,synthetic
SYN_0138,ojek_online,41,1,1077000,0,0,0,0,0,0,normal,synthetic
SYN_0138,ojek_online,42,2,1289000,0,0,0,0,0,0,normal,synthetic
SYN_0138,ojek_online,43,3,948000,0,0,0,0,0,0,normal,synthetic
SYN_0138,ojek_online,44,4,1660000,0,0,0,0,0,1,normal,synthetic
SYN_0138,ojek_online,45,1,1158000,0,0,0,0,0,0,normal,synthetic
SYN_0138,ojek_online,46,2,1120000,0,0,0,0,0,0,normal,synthetic
SYN_0138,ojek_online,47,3,1348000,0,0,0,0,0,0,normal,synthetic
SYN_0138,ojek_online,48,4,1380000,0,0,0,0,0,1,normal,synthetic
SYN_0138,ojek_online,49,1,1314000,0,0,0,1,0,0,high_season,synthetic
SYN_0138,ojek_online,50,2,1621000,0,0,0,1,0,0,high_season,synthetic
SYN_0138,ojek_online,51,3,1356000,0,0,0,1,0,0,high_season,synthetic
SYN_0138,ojek_online,52,4,2059000,0,0,0,1,0,1,high_season,synthetic
SYN_0139,ojek_online,1,1,892000,0,0,0,0,1,0,low_season,synthetic
SYN_0139,ojek_online,2,2,1007000,0,0,0,0,1,0,low_season,synthetic
SYN_0139,ojek_online,3,3,1176000,0,0,0,0,1,0,low_season,synthetic
SYN_0139,ojek_online,4,4,1293000,0,0,0,0,1,1,low_season,synthetic
SYN_0139,ojek_online,5,1,956000,0,0,0,0,1,0,low_season,synthetic
SYN_0139,ojek_online,6,2,1051000,0,0,0,0,1,0,low_season,synthetic
SYN_0139,ojek_online,7,3,965000,0,0,0,0,0,0,normal,synthetic
SYN_0139,ojek_online,8,4,1396000,0,0,0,0,0,1,normal,synthetic
SYN_0139,ojek_online,9,1,1329000,0,0,0,0,0,0,normal,synthetic
SYN_0139,ojek_online,10,2,1777000,1,0,0,0,0,0,high_season,synthetic
SYN_0139,ojek_online,11,3,1489000,1,0,0,0,0,0,high_season,synthetic
SYN_0139,ojek_online,12,4,2014000,1,0,0,0,0,1,high_season,synthetic
SYN_0139,ojek_online,13,1,1771000,1,0,0,0,0,0,high_season,synthetic
SYN_0139,ojek_online,14,2,2370000,0,1,0,0,0,0,high_season,synthetic
SYN_0139,ojek_online,15,3,883000,0,0,1,0,0,0,low_season,synthetic
SYN_0139,ojek_online,16,4,1011000,0,0,1,0,0,1,low_season,synthetic
SYN_0139,ojek_online,17,1,990000,0,0,0,0,0,0,normal,synthetic
SYN_0139,ojek_online,18,2,1358000,0,0,0,0,0,0,normal,synthetic
SYN_0139,ojek_online,19,3,1427000,0,0,0,0,0,0,normal,synthetic
SYN_0139,ojek_online,20,4,1791000,0,0,0,0,0,1,normal,synthetic
SYN_0139,ojek_online,21,1,1028000,0,0,0,0,0,0,normal,synthetic
SYN_0139,ojek_online,22,2,1504000,0,0,0,0,0,0,normal,synthetic
SYN_0139,ojek_online,23,3,1296000,0,0,0,0,0,0,normal,synthetic
SYN_0139,ojek_online,24,4,1570000,0,0,0,0,0,1,normal,synthetic
SYN_0139,ojek_online,25,1,1292000,0,0,0,0,0,0,normal,synthetic
SYN_0139,ojek_online,26,2,1226000,0,0,0,0,0,0,normal,synthetic
SYN_0139,ojek_online,27,3,988000,0,0,0,0,0,0,normal,synthetic
SYN_0139,ojek_online,28,4,1689000,0,0,0,0,0,1,normal,synthetic
SYN_0139,ojek_online,29,1,1220000,0,0,0,0,0,0,normal,synthetic
SYN_0139,ojek_online,30,2,1252000,0,0,0,0,0,0,normal,synthetic
SYN_0139,ojek_online,31,3,1396000,0,0,0,0,0,0,normal,synthetic
SYN_0139,ojek_online,32,4,1710000,0,0,0,0,0,1,normal,synthetic
SYN_0139,ojek_online,33,1,975000,0,0,0,0,0,0,normal,synthetic
SYN_0139,ojek_online,34,2,1308000,0,0,0,0,0,0,normal,synthetic
SYN_0139,ojek_online,35,3,972000,0,0,0,0,0,0,normal,synthetic
SYN_0139,ojek_online,36,4,1544000,0,0,0,0,0,1,normal,synthetic
SYN_0139,ojek_online,37,1,1125000,0,0,0,0,0,0,normal,synthetic
SYN_0139,ojek_online,38,2,1376000,0,0,0,0,0,0,normal,synthetic
SYN_0139,ojek_online,39,3,1148000,0,0,0,0,0,0,normal,synthetic
SYN_0139,ojek_online,40,4,1492000,0,0,0,0,0,1,normal,synthetic
SYN_0139,ojek_online,41,1,751000,0,0,0,0,0,0,normal,synthetic
SYN_0139,ojek_online,42,2,1386000,0,0,0,0,0,0,normal,synthetic
SYN_0139,ojek_online,43,3,1292000,0,0,0,0,0,0,normal,synthetic
SYN_0139,ojek_online,44,4,1581000,0,0,0,0,0,1,normal,synthetic
SYN_0139,ojek_online,45,1,978000,0,0,0,0,0,0,normal,synthetic
SYN_0139,ojek_online,46,2,1363000,0,0,0,0,0,0,normal,synthetic
SYN_0139,ojek_online,47,3,1546000,0,0,0,0,0,0,normal,synthetic
SYN_0139,ojek_online,48,4,1533000,0,0,0,0,0,1,normal,synthetic
SYN_0139,ojek_online,49,1,1637000,0,0,0,1,0,0,high_season,synthetic
SYN_0139,ojek_online,50,2,1531000,0,0,0,1,0,0,high_season,synthetic
SYN_0139,ojek_online,51,3,1681000,0,0,0,1,0,0,high_season,synthetic
SYN_0139,ojek_online,52,4,1686000,0,0,0,1,0,1,high_season,synthetic
SYN_0140,ojek_online,1,1,1148000,0,0,0,0,1,0,low_season,synthetic
SYN_0140,ojek_online,2,2,1355000,0,0,0,0,1,0,low_season,synthetic
SYN_0140,ojek_online,3,3,1093000,0,0,0,0,1,0,low_season,synthetic
SYN_0140,ojek_online,4,4,1214000,0,0,0,0,1,1,low_season,synthetic
SYN_0140,ojek_online,5,1,834000,0,0,0,0,1,0,low_season,synthetic
SYN_0140,ojek_online,6,2,1123000,0,0,0,0,1,0,low_season,synthetic
SYN_0140,ojek_online,7,3,1506000,0,0,0,0,0,0,normal,synthetic
SYN_0140,ojek_online,8,4,1465000,0,0,0,0,0,1,normal,synthetic
SYN_0140,ojek_online,9,1,829000,0,0,0,0,0,0,normal,synthetic
SYN_0140,ojek_online,10,2,1957000,1,0,0,0,0,0,high_season,synthetic
SYN_0140,ojek_online,11,3,2022000,1,0,0,0,0,0,high_season,synthetic
SYN_0140,ojek_online,12,4,1797000,1,0,0,0,0,1,high_season,synthetic
SYN_0140,ojek_online,13,1,1671000,1,0,0,0,0,0,high_season,synthetic
SYN_0140,ojek_online,14,2,2309000,0,1,0,0,0,0,high_season,synthetic
SYN_0140,ojek_online,15,3,872000,0,0,1,0,0,0,low_season,synthetic
SYN_0140,ojek_online,16,4,961000,0,0,1,0,0,1,low_season,synthetic
SYN_0140,ojek_online,17,1,1259000,0,0,0,0,0,0,normal,synthetic
SYN_0140,ojek_online,18,2,1199000,0,0,0,0,0,0,normal,synthetic
SYN_0140,ojek_online,19,3,1047000,0,0,0,0,0,0,normal,synthetic
SYN_0140,ojek_online,20,4,1161000,0,0,0,0,0,1,normal,synthetic
SYN_0140,ojek_online,21,1,1290000,0,0,0,0,0,0,normal,synthetic
SYN_0140,ojek_online,22,2,1342000,0,0,0,0,0,0,normal,synthetic
SYN_0140,ojek_online,23,3,1268000,0,0,0,0,0,0,normal,synthetic
SYN_0140,ojek_online,24,4,1433000,0,0,0,0,0,1,normal,synthetic
SYN_0140,ojek_online,25,1,1063000,0,0,0,0,0,0,normal,synthetic
SYN_0140,ojek_online,26,2,1104000,0,0,0,0,0,0,normal,synthetic
SYN_0140,ojek_online,27,3,1195000,0,0,0,0,0,0,normal,synthetic
SYN_0140,ojek_online,28,4,1149000,0,0,0,0,0,1,normal,synthetic
SYN_0140,ojek_online,29,1,1037000,0,0,0,0,0,0,normal,synthetic
SYN_0140,ojek_online,30,2,1212000,0,0,0,0,0,0,normal,synthetic
SYN_0140,ojek_online,31,3,1341000,0,0,0,0,0,0,normal,synthetic
SYN_0140,ojek_online,32,4,1500000,0,0,0,0,0,1,normal,synthetic
SYN_0140,ojek_online,33,1,1231000,0,0,0,0,0,0,normal,synthetic
SYN_0140,ojek_online,34,2,1445000,0,0,0,0,0,0,normal,synthetic
SYN_0140,ojek_online,35,3,1405000,0,0,0,0,0,0,normal,synthetic
SYN_0140,ojek_online,36,4,1586000,0,0,0,0,0,1,normal,synthetic
SYN_0140,ojek_online,37,1,1132000,0,0,0,0,0,0,normal,synthetic
SYN_0140,ojek_online,38,2,1118000,0,0,0,0,0,0,normal,synthetic
SYN_0140,ojek_online,39,3,1360000,0,0,0,0,0,0,normal,synthetic
SYN_0140,ojek_online,40,4,1790000,0,0,0,0,0,1,normal,synthetic
SYN_0140,ojek_online,41,1,1173000,0,0,0,0,0,0,normal,synthetic
SYN_0140,ojek_online,42,2,1525000,0,0,0,0,0,0,normal,synthetic
SYN_0140,ojek_online,43,3,1041000,0,0,0,0,0,0,normal,synthetic
SYN_0140,ojek_online,44,4,1312000,0,0,0,0,0,1,normal,synthetic
SYN_0140,ojek_online,45,1,1238000,0,0,0,0,0,0,normal,synthetic
SYN_0140,ojek_online,46,2,1293000,0,0,0,0,0,0,normal,synthetic
SYN_0140,ojek_online,47,3,1440000,0,0,0,0,0,0,normal,synthetic
SYN_0140,ojek_online,48,4,1504000,0,0,0,0,0,1,normal,synthetic
SYN_0140,ojek_online,49,1,1326000,0,0,0,1,0,0,high_season,synthetic
SYN_0140,ojek_online,50,2,1593000,0,0,0,1,0,0,high_season,synthetic
SYN_0140,ojek_online,51,3,1352000,0,0,0,1,0,0,high_season,synthetic
SYN_0140,ojek_online,52,4,1711000,0,0,0,1,0,1,high_season,synthetic
SYN_0141,freelancer_desain,1,1,13266000,0,0,0,0,1,0,low_season,synthetic
SYN_0141,freelancer_desain,2,2,14060000,0,0,0,0,1,0,low_season,synthetic
SYN_0141,freelancer_desain,3,3,17627000,0,0,0,0,1,0,low_season,synthetic
SYN_0141,freelancer_desain,4,4,18952000,0,0,0,0,1,1,low_season,synthetic
SYN_0141,freelancer_desain,5,1,16696000,0,0,0,0,1,0,low_season,synthetic
SYN_0141,freelancer_desain,6,2,12430000,0,0,0,0,1,0,low_season,synthetic
SYN_0141,freelancer_desain,7,3,16606000,0,0,0,0,0,0,normal,synthetic
SYN_0141,freelancer_desain,8,4,24491000,0,0,0,0,0,1,normal,synthetic
SYN_0141,freelancer_desain,9,1,22502000,0,0,0,0,0,0,normal,synthetic
SYN_0141,freelancer_desain,10,2,31129000,1,0,0,0,0,0,high_season,synthetic
SYN_0141,freelancer_desain,11,3,26583000,1,0,0,0,0,0,high_season,synthetic
SYN_0141,freelancer_desain,12,4,26827000,1,0,0,0,0,1,high_season,synthetic
SYN_0141,freelancer_desain,13,1,23678000,1,0,0,0,0,0,high_season,synthetic
SYN_0141,freelancer_desain,14,2,35183000,0,1,0,0,0,0,high_season,synthetic
SYN_0141,freelancer_desain,15,3,8824000,0,0,1,0,0,0,low_season,synthetic
SYN_0141,freelancer_desain,16,4,13702000,0,0,1,0,0,1,low_season,synthetic
SYN_0141,freelancer_desain,17,1,16068000,0,0,0,0,0,0,normal,synthetic
SYN_0141,freelancer_desain,18,2,19408000,0,0,0,0,0,0,normal,synthetic
SYN_0141,freelancer_desain,19,3,20066000,0,0,0,0,0,0,normal,synthetic
SYN_0141,freelancer_desain,20,4,21916000,0,0,0,0,0,1,normal,synthetic
SYN_0141,freelancer_desain,21,1,19692000,0,0,0,0,0,0,normal,synthetic
SYN_0141,freelancer_desain,22,2,20646000,0,0,0,0,0,0,normal,synthetic
SYN_0141,freelancer_desain,23,3,19044000,0,0,0,0,0,0,normal,synthetic
SYN_0141,freelancer_desain,24,4,26792000,0,0,0,0,0,1,normal,synthetic
SYN_0141,freelancer_desain,25,1,19856000,0,0,0,0,0,0,normal,synthetic
SYN_0141,freelancer_desain,26,2,15534000,0,0,0,0,0,0,normal,synthetic
SYN_0141,freelancer_desain,27,3,20138000,0,0,0,0,0,0,normal,synthetic
SYN_0141,freelancer_desain,28,4,27750000,0,0,0,0,0,1,normal,synthetic
SYN_0141,freelancer_desain,29,1,21300000,0,0,0,0,0,0,normal,synthetic
SYN_0141,freelancer_desain,30,2,21443000,0,0,0,0,0,0,normal,synthetic
SYN_0141,freelancer_desain,31,3,19487000,0,0,0,0,0,0,normal,synthetic
SYN_0141,freelancer_desain,32,4,25928000,0,0,0,0,0,1,normal,synthetic
SYN_0141,freelancer_desain,33,1,20572000,0,0,0,0,0,0,normal,synthetic
SYN_0141,freelancer_desain,34,2,20617000,0,0,0,0,0,0,normal,synthetic
SYN_0141,freelancer_desain,35,3,20982000,0,0,0,0,0,0,normal,synthetic
SYN_0141,freelancer_desain,36,4,23320000,0,0,0,0,0,1,normal,synthetic
SYN_0141,freelancer_desain,37,1,14321000,0,0,0,0,0,0,normal,synthetic
SYN_0141,freelancer_desain,38,2,19677000,0,0,0,0,0,0,normal,synthetic
SYN_0141,freelancer_desain,39,3,18049000,0,0,0,0,0,0,normal,synthetic
SYN_0141,freelancer_desain,40,4,21671000,0,0,0,0,0,1,normal,synthetic
SYN_0141,freelancer_desain,41,1,22397000,0,0,0,0,0,0,normal,synthetic
SYN_0141,freelancer_desain,42,2,23324000,0,0,0,0,0,0,normal,synthetic
SYN_0141,freelancer_desain,43,3,14757000,0,0,0,0,0,0,normal,synthetic
SYN_0141,freelancer_desain,44,4,20074000,0,0,0,0,0,1,normal,synthetic
SYN_0141,freelancer_desain,45,1,17158000,0,0,0,0,0,0,normal,synthetic
SYN_0141,freelancer_desain,46,2,18167000,0,0,0,0,0,0,normal,synthetic
SYN_0141,freelancer_desain,47,3,21270000,0,0,0,0,0,0,normal,synthetic
SYN_0141,freelancer_desain,48,4,19457000,0,0,0,0,0,1,normal,synthetic
SYN_0141,freelancer_desain,49,1,27315000,0,0,0,1,0,0,high_season,synthetic
SYN_0141,freelancer_desain,50,2,26129000,0,0,0,1,0,0,high_season,synthetic
SYN_0141,freelancer_desain,51,3,24881000,0,0,0,1,0,0,high_season,synthetic
SYN_0141,freelancer_desain,52,4,31505000,0,0,0,1,0,1,high_season,synthetic
SYN_0142,freelancer_it,1,1,16397000,0,0,0,0,1,0,low_season,synthetic
SYN_0142,freelancer_it,2,2,19415000,0,0,0,0,1,0,low_season,synthetic
SYN_0142,freelancer_it,3,3,24869000,0,0,0,0,1,0,low_season,synthetic
SYN_0142,freelancer_it,4,4,20922000,0,0,0,0,1,1,low_season,synthetic
SYN_0142,freelancer_it,5,1,18908000,0,0,0,0,1,0,low_season,synthetic
SYN_0142,freelancer_it,6,2,24840000,0,0,0,0,1,0,low_season,synthetic
SYN_0142,freelancer_it,7,3,19724000,0,0,0,0,0,0,normal,synthetic
SYN_0142,freelancer_it,8,4,30599000,0,0,0,0,0,1,normal,synthetic
SYN_0142,freelancer_it,9,1,19306000,0,0,0,0,0,0,normal,synthetic
SYN_0142,freelancer_it,10,2,32565000,1,0,0,0,0,0,high_season,synthetic
SYN_0142,freelancer_it,11,3,31101000,1,0,0,0,0,0,high_season,synthetic
SYN_0142,freelancer_it,12,4,37740000,1,0,0,0,0,1,high_season,synthetic
SYN_0142,freelancer_it,13,1,43554000,1,0,0,0,0,0,high_season,synthetic
SYN_0142,freelancer_it,14,2,47290000,0,1,0,0,0,0,high_season,synthetic
SYN_0142,freelancer_it,15,3,19525000,0,0,1,0,0,0,low_season,synthetic
SYN_0142,freelancer_it,16,4,21698000,0,0,1,0,0,1,low_season,synthetic
SYN_0142,freelancer_it,17,1,16858000,0,0,0,0,0,0,normal,synthetic
SYN_0142,freelancer_it,18,2,25502000,0,0,0,0,0,0,normal,synthetic
SYN_0142,freelancer_it,19,3,27796000,0,0,0,0,0,0,normal,synthetic
SYN_0142,freelancer_it,20,4,25534000,0,0,0,0,0,1,normal,synthetic
SYN_0142,freelancer_it,21,1,24689000,0,0,0,0,0,0,normal,synthetic
SYN_0142,freelancer_it,22,2,26549000,0,0,0,0,0,0,normal,synthetic
SYN_0142,freelancer_it,23,3,30432000,0,0,0,0,0,0,normal,synthetic
SYN_0142,freelancer_it,24,4,27303000,0,0,0,0,0,1,normal,synthetic
SYN_0142,freelancer_it,25,1,18407000,0,0,0,0,0,0,normal,synthetic
SYN_0142,freelancer_it,26,2,22942000,0,0,0,0,0,0,normal,synthetic
SYN_0142,freelancer_it,27,3,29023000,0,0,0,0,0,0,normal,synthetic
SYN_0142,freelancer_it,28,4,21576000,0,0,0,0,0,1,normal,synthetic
SYN_0142,freelancer_it,29,1,15451000,0,0,0,0,0,0,normal,synthetic
SYN_0142,freelancer_it,30,2,24468000,0,0,0,0,0,0,normal,synthetic
SYN_0142,freelancer_it,31,3,22669000,0,0,0,0,0,0,normal,synthetic
SYN_0142,freelancer_it,32,4,29030000,0,0,0,0,0,1,normal,synthetic
SYN_0142,freelancer_it,33,1,24628000,0,0,0,0,0,0,normal,synthetic
SYN_0142,freelancer_it,34,2,22296000,0,0,0,0,0,0,normal,synthetic
SYN_0142,freelancer_it,35,3,17829000,0,0,0,0,0,0,normal,synthetic
SYN_0142,freelancer_it,36,4,37299000,0,0,0,0,0,1,normal,synthetic
SYN_0142,freelancer_it,37,1,18713000,0,0,0,0,0,0,normal,synthetic
SYN_0142,freelancer_it,38,2,20583000,0,0,0,0,0,0,normal,synthetic
SYN_0142,freelancer_it,39,3,27900000,0,0,0,0,0,0,normal,synthetic
SYN_0142,freelancer_it,40,4,27438000,0,0,0,0,0,1,normal,synthetic
SYN_0142,freelancer_it,41,1,21556000,0,0,0,0,0,0,normal,synthetic
SYN_0142,freelancer_it,42,2,25799000,0,0,0,0,0,0,normal,synthetic
SYN_0142,freelancer_it,43,3,27832000,0,0,0,0,0,0,normal,synthetic
SYN_0142,freelancer_it,44,4,27645000,0,0,0,0,0,1,normal,synthetic
SYN_0142,freelancer_it,45,1,26377000,0,0,0,0,0,0,normal,synthetic
SYN_0142,freelancer_it,46,2,16940000,0,0,0,0,0,0,normal,synthetic
SYN_0142,freelancer_it,47,3,26736000,0,0,0,0,0,0,normal,synthetic
SYN_0142,freelancer_it,48,4,25591000,0,0,0,0,0,1,normal,synthetic
SYN_0142,freelancer_it,49,1,33706000,0,0,0,1,0,0,high_season,synthetic
SYN_0142,freelancer_it,50,2,32040000,0,0,0,1,0,0,high_season,synthetic
SYN_0142,freelancer_it,51,3,28456000,0,0,0,1,0,0,high_season,synthetic
SYN_0142,freelancer_it,52,4,41197000,0,0,0,1,0,1,high_season,synthetic
SYN_0143,freelancer_desain,1,1,21264000,0,0,0,0,1,0,low_season,synthetic
SYN_0143,freelancer_desain,2,2,13467000,0,0,0,0,1,0,low_season,synthetic
SYN_0143,freelancer_desain,3,3,17856000,0,0,0,0,1,0,low_season,synthetic
SYN_0143,freelancer_desain,4,4,18932000,0,0,0,0,1,1,low_season,synthetic
SYN_0143,freelancer_desain,5,1,18716000,0,0,0,0,1,0,low_season,synthetic
SYN_0143,freelancer_desain,6,2,18693000,0,0,0,0,1,0,low_season,synthetic
SYN_0143,freelancer_desain,7,3,25944000,0,0,0,0,0,0,normal,synthetic
SYN_0143,freelancer_desain,8,4,27805000,0,0,0,0,0,1,normal,synthetic
SYN_0143,freelancer_desain,9,1,15974000,0,0,0,0,0,0,normal,synthetic
SYN_0143,freelancer_desain,10,2,25988000,1,0,0,0,0,0,high_season,synthetic
SYN_0143,freelancer_desain,11,3,34161000,1,0,0,0,0,0,high_season,synthetic
SYN_0143,freelancer_desain,12,4,35970000,1,0,0,0,0,1,high_season,synthetic
SYN_0143,freelancer_desain,13,1,28152000,1,0,0,0,0,0,high_season,synthetic
SYN_0143,freelancer_desain,14,2,47465000,0,1,0,0,0,0,high_season,synthetic
SYN_0143,freelancer_desain,15,3,18512000,0,0,1,0,0,0,low_season,synthetic
SYN_0143,freelancer_desain,16,4,25507000,0,0,1,0,0,1,low_season,synthetic
SYN_0143,freelancer_desain,17,1,20150000,0,0,0,0,0,0,normal,synthetic
SYN_0143,freelancer_desain,18,2,21163000,0,0,0,0,0,0,normal,synthetic
SYN_0143,freelancer_desain,19,3,25160000,0,0,0,0,0,0,normal,synthetic
SYN_0143,freelancer_desain,20,4,25759000,0,0,0,0,0,1,normal,synthetic
SYN_0143,freelancer_desain,21,1,19431000,0,0,0,0,0,0,normal,synthetic
SYN_0143,freelancer_desain,22,2,22819000,0,0,0,0,0,0,normal,synthetic
SYN_0143,freelancer_desain,23,3,29818000,0,0,0,0,0,0,normal,synthetic
SYN_0143,freelancer_desain,24,4,31486000,0,0,0,0,0,1,normal,synthetic
SYN_0143,freelancer_desain,25,1,23970000,0,0,0,0,0,0,normal,synthetic
SYN_0143,freelancer_desain,26,2,29649000,0,0,0,0,0,0,normal,synthetic
SYN_0143,freelancer_desain,27,3,26987000,0,0,0,0,0,0,normal,synthetic
SYN_0143,freelancer_desain,28,4,23176000,0,0,0,0,0,1,normal,synthetic
SYN_0143,freelancer_desain,29,1,24237000,0,0,0,0,0,0,normal,synthetic
SYN_0143,freelancer_desain,30,2,27409000,0,0,0,0,0,0,normal,synthetic
SYN_0143,freelancer_desain,31,3,26042000,0,0,0,0,0,0,normal,synthetic
SYN_0143,freelancer_desain,32,4,27414000,0,0,0,0,0,1,normal,synthetic
SYN_0143,freelancer_desain,33,1,23079000,0,0,0,0,0,0,normal,synthetic
SYN_0143,freelancer_desain,34,2,23506000,0,0,0,0,0,0,normal,synthetic
SYN_0143,freelancer_desain,35,3,19892000,0,0,0,0,0,0,normal,synthetic
SYN_0143,freelancer_desain,36,4,24995000,0,0,0,0,0,1,normal,synthetic
SYN_0143,freelancer_desain,37,1,23614000,0,0,0,0,0,0,normal,synthetic
SYN_0143,freelancer_desain,38,2,20164000,0,0,0,0,0,0,normal,synthetic
SYN_0143,freelancer_desain,39,3,20520000,0,0,0,0,0,0,normal,synthetic
SYN_0143,freelancer_desain,40,4,31710000,0,0,0,0,0,1,normal,synthetic
SYN_0143,freelancer_desain,41,1,21678000,0,0,0,0,0,0,normal,synthetic
SYN_0143,freelancer_desain,42,2,25760000,0,0,0,0,0,0,normal,synthetic
SYN_0143,freelancer_desain,43,3,18945000,0,0,0,0,0,0,normal,synthetic
SYN_0143,freelancer_desain,44,4,30786000,0,0,0,0,0,1,normal,synthetic
SYN_0143,freelancer_desain,45,1,18982000,0,0,0,0,0,0,normal,synthetic
SYN_0143,freelancer_desain,46,2,19745000,0,0,0,0,0,0,normal,synthetic
SYN_0143,freelancer_desain,47,3,21675000,0,0,0,0,0,0,normal,synthetic
SYN_0143,freelancer_desain,48,4,34466000,0,0,0,0,0,1,normal,synthetic
SYN_0143,freelancer_desain,49,1,25982000,0,0,0,1,0,0,high_season,synthetic
SYN_0143,freelancer_desain,50,2,41455000,0,0,0,1,0,0,high_season,synthetic
SYN_0143,freelancer_desain,51,3,20542000,0,0,0,1,0,0,high_season,synthetic
SYN_0143,freelancer_desain,52,4,27686000,0,0,0,1,0,1,high_season,synthetic
SYN_0144,kurir,1,1,1074000,0,0,0,0,1,0,low_season,synthetic
SYN_0144,kurir,2,2,1172000,0,0,0,0,1,0,low_season,synthetic
SYN_0144,kurir,3,3,1312000,0,0,0,0,1,0,low_season,synthetic
SYN_0144,kurir,4,4,1416000,0,0,0,0,1,1,low_season,synthetic
SYN_0144,kurir,5,1,1003000,0,0,0,0,1,0,low_season,synthetic
SYN_0144,kurir,6,2,1156000,0,0,0,0,1,0,low_season,synthetic
SYN_0144,kurir,7,3,1373000,0,0,0,0,0,0,normal,synthetic
SYN_0144,kurir,8,4,1391000,0,0,0,0,0,1,normal,synthetic
SYN_0144,kurir,9,1,1515000,0,0,0,0,0,0,normal,synthetic
SYN_0144,kurir,10,2,2061000,1,0,0,0,0,0,high_season,synthetic
SYN_0144,kurir,11,3,2007000,1,0,0,0,0,0,high_season,synthetic
SYN_0144,kurir,12,4,2493000,1,0,0,0,0,1,high_season,synthetic
SYN_0144,kurir,13,1,1885000,1,0,0,0,0,0,high_season,synthetic
SYN_0144,kurir,14,2,2349000,0,1,0,0,0,0,high_season,synthetic
SYN_0144,kurir,15,3,899000,0,0,1,0,0,0,low_season,synthetic
SYN_0144,kurir,16,4,1202000,0,0,1,0,0,1,low_season,synthetic
SYN_0144,kurir,17,1,1265000,0,0,0,0,0,0,normal,synthetic
SYN_0144,kurir,18,2,1262000,0,0,0,0,0,0,normal,synthetic
SYN_0144,kurir,19,3,1529000,0,0,0,0,0,0,normal,synthetic
SYN_0144,kurir,20,4,1673000,0,0,0,0,0,1,normal,synthetic
SYN_0144,kurir,21,1,1302000,0,0,0,0,0,0,normal,synthetic
SYN_0144,kurir,22,2,1526000,0,0,0,0,0,0,normal,synthetic
SYN_0144,kurir,23,3,1362000,0,0,0,0,0,0,normal,synthetic
SYN_0144,kurir,24,4,1677000,0,0,0,0,0,1,normal,synthetic
SYN_0144,kurir,25,1,1311000,0,0,0,0,0,0,normal,synthetic
SYN_0144,kurir,26,2,1273000,0,0,0,0,0,0,normal,synthetic
SYN_0144,kurir,27,3,1366000,0,0,0,0,0,0,normal,synthetic
SYN_0144,kurir,28,4,1649000,0,0,0,0,0,1,normal,synthetic
SYN_0144,kurir,29,1,1120000,0,0,0,0,0,0,normal,synthetic
SYN_0144,kurir,30,2,1636000,0,0,0,0,0,0,normal,synthetic
SYN_0144,kurir,31,3,1191000,0,0,0,0,0,0,normal,synthetic
SYN_0144,kurir,32,4,1445000,0,0,0,0,0,1,normal,synthetic
SYN_0144,kurir,33,1,1365000,0,0,0,0,0,0,normal,synthetic
SYN_0144,kurir,34,2,1445000,0,0,0,0,0,0,normal,synthetic
SYN_0144,kurir,35,3,1237000,0,0,0,0,0,0,normal,synthetic
SYN_0144,kurir,36,4,1718000,0,0,0,0,0,1,normal,synthetic
SYN_0144,kurir,37,1,1381000,0,0,0,0,0,0,normal,synthetic
SYN_0144,kurir,38,2,1356000,0,0,0,0,0,0,normal,synthetic
SYN_0144,kurir,39,3,1670000,0,0,0,0,0,0,normal,synthetic
SYN_0144,kurir,40,4,1384000,0,0,0,0,0,1,normal,synthetic
SYN_0144,kurir,41,1,1298000,0,0,0,0,0,0,normal,synthetic
SYN_0144,kurir,42,2,1499000,0,0,0,0,0,0,normal,synthetic
SYN_0144,kurir,43,3,1466000,0,0,0,0,0,0,normal,synthetic
SYN_0144,kurir,44,4,1602000,0,0,0,0,0,1,normal,synthetic
SYN_0144,kurir,45,1,1192000,0,0,0,0,0,0,normal,synthetic
SYN_0144,kurir,46,2,1412000,0,0,0,0,0,0,normal,synthetic
SYN_0144,kurir,47,3,1457000,0,0,0,0,0,0,normal,synthetic
SYN_0144,kurir,48,4,1718000,0,0,0,0,0,1,normal,synthetic
SYN_0144,kurir,49,1,1736000,0,0,0,1,0,0,high_season,synthetic
SYN_0144,kurir,50,2,1609000,0,0,0,1,0,0,high_season,synthetic
SYN_0144,kurir,51,3,1732000,0,0,0,1,0,0,high_season,synthetic
SYN_0144,kurir,52,4,1945000,0,0,0,1,0,1,high_season,synthetic
SYN_0145,content_creator,1,1,35841000,0,0,0,0,1,0,low_season,synthetic
SYN_0145,content_creator,2,2,81463000,0,0,0,0,1,0,low_season,synthetic
SYN_0145,content_creator,3,3,58818000,0,0,0,0,1,0,low_season,synthetic
SYN_0145,content_creator,4,4,83354000,0,0,0,0,1,1,low_season,synthetic
SYN_0145,content_creator,5,1,54457000,0,0,0,0,1,0,low_season,synthetic
SYN_0145,content_creator,6,2,49588000,0,0,0,0,1,0,low_season,synthetic
SYN_0145,content_creator,7,3,68043000,0,0,0,0,0,0,normal,synthetic
SYN_0145,content_creator,8,4,53940000,0,0,0,0,0,1,normal,synthetic
SYN_0145,content_creator,9,1,69280000,0,0,0,0,0,0,normal,synthetic
SYN_0145,content_creator,10,2,102776000,1,0,0,0,0,0,high_season,synthetic
SYN_0145,content_creator,11,3,95888000,1,0,0,0,0,0,high_season,synthetic
SYN_0145,content_creator,12,4,135321000,1,0,0,0,0,1,high_season,synthetic
SYN_0145,content_creator,13,1,89985000,1,0,0,0,0,0,high_season,synthetic
SYN_0145,content_creator,14,2,132952000,0,1,0,0,0,0,high_season,synthetic
SYN_0145,content_creator,15,3,56248000,0,0,1,0,0,0,low_season,synthetic
SYN_0145,content_creator,16,4,51845000,0,0,1,0,0,1,low_season,synthetic
SYN_0145,content_creator,17,1,52373000,0,0,0,0,0,0,normal,synthetic
SYN_0145,content_creator,18,2,47255000,0,0,0,0,0,0,normal,synthetic
SYN_0145,content_creator,19,3,70002000,0,0,0,0,0,0,normal,synthetic
SYN_0145,content_creator,20,4,88878000,0,0,0,0,0,1,normal,synthetic
SYN_0145,content_creator,21,1,46956000,0,0,0,0,0,0,normal,synthetic
SYN_0145,content_creator,22,2,86002000,0,0,0,0,0,0,normal,synthetic
SYN_0145,content_creator,23,3,58353000,0,0,0,0,0,0,normal,synthetic
SYN_0145,content_creator,24,4,51070000,0,0,0,0,0,1,normal,synthetic
SYN_0145,content_creator,25,1,78228000,0,0,0,0,0,0,normal,synthetic
SYN_0145,content_creator,26,2,44167000,0,0,0,0,0,0,normal,synthetic
SYN_0145,content_creator,27,3,80378000,0,0,0,0,0,0,normal,synthetic
SYN_0145,content_creator,28,4,92858000,0,0,0,0,0,1,normal,synthetic
SYN_0145,content_creator,29,1,65188000,0,0,0,0,0,0,normal,synthetic
SYN_0145,content_creator,30,2,62046000,0,0,0,0,0,0,normal,synthetic
SYN_0145,content_creator,31,3,74690000,0,0,0,0,0,0,normal,synthetic
SYN_0145,content_creator,32,4,97701000,0,0,0,0,0,1,normal,synthetic
SYN_0145,content_creator,33,1,50704000,0,0,0,0,0,0,normal,synthetic
SYN_0145,content_creator,34,2,80528000,0,0,0,0,0,0,normal,synthetic
SYN_0145,content_creator,35,3,79967000,0,0,0,0,0,0,normal,synthetic
SYN_0145,content_creator,36,4,86525000,0,0,0,0,0,1,normal,synthetic
SYN_0145,content_creator,37,1,55673000,0,0,0,0,0,0,normal,synthetic
SYN_0145,content_creator,38,2,80024000,0,0,0,0,0,0,normal,synthetic
SYN_0145,content_creator,39,3,74758000,0,0,0,0,0,0,normal,synthetic
SYN_0145,content_creator,40,4,67159000,0,0,0,0,0,1,normal,synthetic
SYN_0145,content_creator,41,1,57566000,0,0,0,0,0,0,normal,synthetic
SYN_0145,content_creator,42,2,78589000,0,0,0,0,0,0,normal,synthetic
SYN_0145,content_creator,43,3,69904000,0,0,0,0,0,0,normal,synthetic
SYN_0145,content_creator,44,4,98255000,0,0,0,0,0,1,normal,synthetic
SYN_0145,content_creator,45,1,57851000,0,0,0,0,0,0,normal,synthetic
SYN_0145,content_creator,46,2,56164000,0,0,0,0,0,0,normal,synthetic
SYN_0145,content_creator,47,3,95535000,0,0,0,0,0,0,normal,synthetic
SYN_0145,content_creator,48,4,57322000,0,0,0,0,0,1,normal,synthetic
SYN_0145,content_creator,49,1,72925000,0,0,0,1,0,0,high_season,synthetic
SYN_0145,content_creator,50,2,93522000,0,0,0,1,0,0,high_season,synthetic
SYN_0145,content_creator,51,3,104842000,0,0,0,1,0,0,high_season,synthetic
SYN_0145,content_creator,52,4,119279000,0,0,0,1,0,1,high_season,synthetic
SYN_0146,ojek_online,1,1,1094000,0,0,0,0,1,0,low_season,synthetic
SYN_0146,ojek_online,2,2,1263000,0,0,0,0,1,0,low_season,synthetic
SYN_0146,ojek_online,3,3,1605000,0,0,0,0,1,0,low_season,synthetic
SYN_0146,ojek_online,4,4,1519000,0,0,0,0,1,1,low_season,synthetic
SYN_0146,ojek_online,5,1,1228000,0,0,0,0,1,0,low_season,synthetic
SYN_0146,ojek_online,6,2,1391000,0,0,0,0,1,0,low_season,synthetic
SYN_0146,ojek_online,7,3,1370000,0,0,0,0,0,0,normal,synthetic
SYN_0146,ojek_online,8,4,1674000,0,0,0,0,0,1,normal,synthetic
SYN_0146,ojek_online,9,1,1201000,0,0,0,0,0,0,normal,synthetic
SYN_0146,ojek_online,10,2,2015000,1,0,0,0,0,0,high_season,synthetic
SYN_0146,ojek_online,11,3,1523000,1,0,0,0,0,0,high_season,synthetic
SYN_0146,ojek_online,12,4,2848000,1,0,0,0,0,1,high_season,synthetic
SYN_0146,ojek_online,13,1,2476000,1,0,0,0,0,0,high_season,synthetic
SYN_0146,ojek_online,14,2,2744000,0,1,0,0,0,0,high_season,synthetic
SYN_0146,ojek_online,15,3,909000,0,0,1,0,0,0,low_season,synthetic
SYN_0146,ojek_online,16,4,1202000,0,0,1,0,0,1,low_season,synthetic
SYN_0146,ojek_online,17,1,1317000,0,0,0,0,0,0,normal,synthetic
SYN_0146,ojek_online,18,2,1367000,0,0,0,0,0,0,normal,synthetic
SYN_0146,ojek_online,19,3,1691000,0,0,0,0,0,0,normal,synthetic
SYN_0146,ojek_online,20,4,2019000,0,0,0,0,0,1,normal,synthetic
SYN_0146,ojek_online,21,1,1209000,0,0,0,0,0,0,normal,synthetic
SYN_0146,ojek_online,22,2,1668000,0,0,0,0,0,0,normal,synthetic
SYN_0146,ojek_online,23,3,1806000,0,0,0,0,0,0,normal,synthetic
SYN_0146,ojek_online,24,4,2246000,0,0,0,0,0,1,normal,synthetic
SYN_0146,ojek_online,25,1,1834000,0,0,0,0,0,0,normal,synthetic
SYN_0146,ojek_online,26,2,1387000,0,0,0,0,0,0,normal,synthetic
SYN_0146,ojek_online,27,3,2031000,0,0,0,0,0,0,normal,synthetic
SYN_0146,ojek_online,28,4,1778000,0,0,0,0,0,1,normal,synthetic
SYN_0146,ojek_online,29,1,1296000,0,0,0,0,0,0,normal,synthetic
SYN_0146,ojek_online,30,2,1599000,0,0,0,0,0,0,normal,synthetic
SYN_0146,ojek_online,31,3,1442000,0,0,0,0,0,0,normal,synthetic
SYN_0146,ojek_online,32,4,1934000,0,0,0,0,0,1,normal,synthetic
SYN_0146,ojek_online,33,1,1183000,0,0,0,0,0,0,normal,synthetic
SYN_0146,ojek_online,34,2,1501000,0,0,0,0,0,0,normal,synthetic
SYN_0146,ojek_online,35,3,1765000,0,0,0,0,0,0,normal,synthetic
SYN_0146,ojek_online,36,4,1839000,0,0,0,0,0,1,normal,synthetic
SYN_0146,ojek_online,37,1,1410000,0,0,0,0,0,0,normal,synthetic
SYN_0146,ojek_online,38,2,1625000,0,0,0,0,0,0,normal,synthetic
SYN_0146,ojek_online,39,3,1745000,0,0,0,0,0,0,normal,synthetic
SYN_0146,ojek_online,40,4,1508000,0,0,0,0,0,1,normal,synthetic
SYN_0146,ojek_online,41,1,1479000,0,0,0,0,0,0,normal,synthetic
SYN_0146,ojek_online,42,2,1496000,0,0,0,0,0,0,normal,synthetic
SYN_0146,ojek_online,43,3,1571000,0,0,0,0,0,0,normal,synthetic
SYN_0146,ojek_online,44,4,2071000,0,0,0,0,0,1,normal,synthetic
SYN_0146,ojek_online,45,1,1203000,0,0,0,0,0,0,normal,synthetic
SYN_0146,ojek_online,46,2,1368000,0,0,0,0,0,0,normal,synthetic
SYN_0146,ojek_online,47,3,1208000,0,0,0,0,0,0,normal,synthetic
SYN_0146,ojek_online,48,4,1737000,0,0,0,0,0,1,normal,synthetic
SYN_0146,ojek_online,49,1,2074000,0,0,0,1,0,0,high_season,synthetic
SYN_0146,ojek_online,50,2,1978000,0,0,0,1,0,0,high_season,synthetic
SYN_0146,ojek_online,51,3,1704000,0,0,0,1,0,0,high_season,synthetic
SYN_0146,ojek_online,52,4,2276000,0,0,0,1,0,1,high_season,synthetic
SYN_0147,kurir,1,1,653000,0,0,0,0,1,0,low_season,synthetic
SYN_0147,kurir,2,2,725000,0,0,0,0,1,0,low_season,synthetic
SYN_0147,kurir,3,3,921000,0,0,0,0,1,0,low_season,synthetic
SYN_0147,kurir,4,4,1013000,0,0,0,0,1,1,low_season,synthetic
SYN_0147,kurir,5,1,726000,0,0,0,0,1,0,low_season,synthetic
SYN_0147,kurir,6,2,790000,0,0,0,0,1,0,low_season,synthetic
SYN_0147,kurir,7,3,918000,0,0,0,0,0,0,normal,synthetic
SYN_0147,kurir,8,4,1102000,0,0,0,0,0,1,normal,synthetic
SYN_0147,kurir,9,1,817000,0,0,0,0,0,0,normal,synthetic
SYN_0147,kurir,10,2,1302000,1,0,0,0,0,0,high_season,synthetic
SYN_0147,kurir,11,3,1058000,1,0,0,0,0,0,high_season,synthetic
SYN_0147,kurir,12,4,1506000,1,0,0,0,0,1,high_season,synthetic
SYN_0147,kurir,13,1,1143000,1,0,0,0,0,0,high_season,synthetic
SYN_0147,kurir,14,2,1462000,0,1,0,0,0,0,high_season,synthetic
SYN_0147,kurir,15,3,596000,0,0,1,0,0,0,low_season,synthetic
SYN_0147,kurir,16,4,771000,0,0,1,0,0,1,low_season,synthetic
SYN_0147,kurir,17,1,859000,0,0,0,0,0,0,normal,synthetic
SYN_0147,kurir,18,2,918000,0,0,0,0,0,0,normal,synthetic
SYN_0147,kurir,19,3,953000,0,0,0,0,0,0,normal,synthetic
SYN_0147,kurir,20,4,1145000,0,0,0,0,0,1,normal,synthetic
SYN_0147,kurir,21,1,784000,0,0,0,0,0,0,normal,synthetic
SYN_0147,kurir,22,2,936000,0,0,0,0,0,0,normal,synthetic
SYN_0147,kurir,23,3,757000,0,0,0,0,0,0,normal,synthetic
SYN_0147,kurir,24,4,1037000,0,0,0,0,0,1,normal,synthetic
SYN_0147,kurir,25,1,770000,0,0,0,0,0,0,normal,synthetic
SYN_0147,kurir,26,2,1015000,0,0,0,0,0,0,normal,synthetic
SYN_0147,kurir,27,3,921000,0,0,0,0,0,0,normal,synthetic
SYN_0147,kurir,28,4,947000,0,0,0,0,0,1,normal,synthetic
SYN_0147,kurir,29,1,847000,0,0,0,0,0,0,normal,synthetic
SYN_0147,kurir,30,2,966000,0,0,0,0,0,0,normal,synthetic
SYN_0147,kurir,31,3,888000,0,0,0,0,0,0,normal,synthetic
SYN_0147,kurir,32,4,1139000,0,0,0,0,0,1,normal,synthetic
SYN_0147,kurir,33,1,628000,0,0,0,0,0,0,normal,synthetic
SYN_0147,kurir,34,2,682000,0,0,0,0,0,0,normal,synthetic
SYN_0147,kurir,35,3,802000,0,0,0,0,0,0,normal,synthetic
SYN_0147,kurir,36,4,1088000,0,0,0,0,0,1,normal,synthetic
SYN_0147,kurir,37,1,914000,0,0,0,0,0,0,normal,synthetic
SYN_0147,kurir,38,2,806000,0,0,0,0,0,0,normal,synthetic
SYN_0147,kurir,39,3,827000,0,0,0,0,0,0,normal,synthetic
SYN_0147,kurir,40,4,1082000,0,0,0,0,0,1,normal,synthetic
SYN_0147,kurir,41,1,770000,0,0,0,0,0,0,normal,synthetic
SYN_0147,kurir,42,2,851000,0,0,0,0,0,0,normal,synthetic
SYN_0147,kurir,43,3,861000,0,0,0,0,0,0,normal,synthetic
SYN_0147,kurir,44,4,1198000,0,0,0,0,0,1,normal,synthetic
SYN_0147,kurir,45,1,884000,0,0,0,0,0,0,normal,synthetic
SYN_0147,kurir,46,2,896000,0,0,0,0,0,0,normal,synthetic
SYN_0147,kurir,47,3,1025000,0,0,0,0,0,0,normal,synthetic
SYN_0147,kurir,48,4,1122000,0,0,0,0,0,1,normal,synthetic
SYN_0147,kurir,49,1,1153000,0,0,0,1,0,0,high_season,synthetic
SYN_0147,kurir,50,2,1075000,0,0,0,1,0,0,high_season,synthetic
SYN_0147,kurir,51,3,1096000,0,0,0,1,0,0,high_season,synthetic
SYN_0147,kurir,52,4,1314000,0,0,0,1,0,1,high_season,synthetic
SYN_0148,jualan_online,1,1,27775000,0,0,0,0,1,0,low_season,synthetic
SYN_0148,jualan_online,2,2,33243000,0,0,0,0,1,0,low_season,synthetic
SYN_0148,jualan_online,3,3,26422000,0,0,0,0,1,0,low_season,synthetic
SYN_0148,jualan_online,4,4,40120000,0,0,0,0,1,1,low_season,synthetic
SYN_0148,jualan_online,5,1,24160000,0,0,0,0,1,0,low_season,synthetic
SYN_0148,jualan_online,6,2,25341000,0,0,0,0,1,0,low_season,synthetic
SYN_0148,jualan_online,7,3,28876000,0,0,0,0,0,0,normal,synthetic
SYN_0148,jualan_online,8,4,44851000,0,0,0,0,0,1,normal,synthetic
SYN_0148,jualan_online,9,1,25483000,0,0,0,0,0,0,normal,synthetic
SYN_0148,jualan_online,10,2,49294000,1,0,0,0,0,0,high_season,synthetic
SYN_0148,jualan_online,11,3,42257000,1,0,0,0,0,0,high_season,synthetic
SYN_0148,jualan_online,12,4,51354000,1,0,0,0,0,1,high_season,synthetic
SYN_0148,jualan_online,13,1,45807000,1,0,0,0,0,0,high_season,synthetic
SYN_0148,jualan_online,14,2,52176000,0,1,0,0,0,0,high_season,synthetic
SYN_0148,jualan_online,15,3,20805000,0,0,1,0,0,0,low_season,synthetic
SYN_0148,jualan_online,16,4,29808000,0,0,1,0,0,1,low_season,synthetic
SYN_0148,jualan_online,17,1,33505000,0,0,0,0,0,0,normal,synthetic
SYN_0148,jualan_online,18,2,33656000,0,0,0,0,0,0,normal,synthetic
SYN_0148,jualan_online,19,3,28785000,0,0,0,0,0,0,normal,synthetic
SYN_0148,jualan_online,20,4,35190000,0,0,0,0,0,1,normal,synthetic
SYN_0148,jualan_online,21,1,28385000,0,0,0,0,0,0,normal,synthetic
SYN_0148,jualan_online,22,2,32442000,0,0,0,0,0,0,normal,synthetic
SYN_0148,jualan_online,23,3,27536000,0,0,0,0,0,0,normal,synthetic
SYN_0148,jualan_online,24,4,40740000,0,0,0,0,0,1,normal,synthetic
SYN_0148,jualan_online,25,1,28404000,0,0,0,0,0,0,normal,synthetic
SYN_0148,jualan_online,26,2,24808000,0,0,0,0,0,0,normal,synthetic
SYN_0148,jualan_online,27,3,27757000,0,0,0,0,0,0,normal,synthetic
SYN_0148,jualan_online,28,4,35219000,0,0,0,0,0,1,normal,synthetic
SYN_0148,jualan_online,29,1,27870000,0,0,0,0,0,0,normal,synthetic
SYN_0148,jualan_online,30,2,38322000,0,0,0,0,0,0,normal,synthetic
SYN_0148,jualan_online,31,3,32132000,0,0,0,0,0,0,normal,synthetic
SYN_0148,jualan_online,32,4,33705000,0,0,0,0,0,1,normal,synthetic
SYN_0148,jualan_online,33,1,28860000,0,0,0,0,0,0,normal,synthetic
SYN_0148,jualan_online,34,2,29919000,0,0,0,0,0,0,normal,synthetic
SYN_0148,jualan_online,35,3,32457000,0,0,0,0,0,0,normal,synthetic
SYN_0148,jualan_online,36,4,40099000,0,0,0,0,0,1,normal,synthetic
SYN_0148,jualan_online,37,1,32195000,0,0,0,0,0,0,normal,synthetic
SYN_0148,jualan_online,38,2,31148000,0,0,0,0,0,0,normal,synthetic
SYN_0148,jualan_online,39,3,37383000,0,0,0,0,0,0,normal,synthetic
SYN_0148,jualan_online,40,4,41572000,0,0,0,0,0,1,normal,synthetic
SYN_0148,jualan_online,41,1,25729000,0,0,0,0,0,0,normal,synthetic
SYN_0148,jualan_online,42,2,39523000,0,0,0,0,0,0,normal,synthetic
SYN_0148,jualan_online,43,3,32465000,0,0,0,0,0,0,normal,synthetic
SYN_0148,jualan_online,44,4,33730000,0,0,0,0,0,1,normal,synthetic
SYN_0148,jualan_online,45,1,33692000,0,0,0,0,0,0,normal,synthetic
SYN_0148,jualan_online,46,2,39028000,0,0,0,0,0,0,normal,synthetic
SYN_0148,jualan_online,47,3,31115000,0,0,0,0,0,0,normal,synthetic
SYN_0148,jualan_online,48,4,35221000,0,0,0,0,0,1,normal,synthetic
SYN_0148,jualan_online,49,1,35794000,0,0,0,1,0,0,high_season,synthetic
SYN_0148,jualan_online,50,2,44094000,0,0,0,1,0,0,high_season,synthetic
SYN_0148,jualan_online,51,3,46838000,0,0,0,1,0,0,high_season,synthetic
SYN_0148,jualan_online,52,4,52069000,0,0,0,1,0,1,high_season,synthetic
SYN_0149,freelancer_desain,1,1,47486000,0,0,0,0,1,0,low_season,synthetic
SYN_0149,freelancer_desain,2,2,59696000,0,0,0,0,1,0,low_season,synthetic
SYN_0149,freelancer_desain,3,3,50161000,0,0,0,0,1,0,low_season,synthetic
SYN_0149,freelancer_desain,4,4,54654000,0,0,0,0,1,1,low_season,synthetic
SYN_0149,freelancer_desain,5,1,39893000,0,0,0,0,1,0,low_season,synthetic
SYN_0149,freelancer_desain,6,2,40195000,0,0,0,0,1,0,low_season,synthetic
SYN_0149,freelancer_desain,7,3,57122000,0,0,0,0,0,0,normal,synthetic
SYN_0149,freelancer_desain,8,4,77431000,0,0,0,0,0,1,normal,synthetic
SYN_0149,freelancer_desain,9,1,53474000,0,0,0,0,0,0,normal,synthetic
SYN_0149,freelancer_desain,10,2,91944000,1,0,0,0,0,0,high_season,synthetic
SYN_0149,freelancer_desain,11,3,106730000,1,0,0,0,0,0,high_season,synthetic
SYN_0149,freelancer_desain,12,4,98090000,1,0,0,0,0,1,high_season,synthetic
SYN_0149,freelancer_desain,13,1,110243000,1,0,0,0,0,0,high_season,synthetic
SYN_0149,freelancer_desain,14,2,120557000,0,1,0,0,0,0,high_season,synthetic
SYN_0149,freelancer_desain,15,3,41668000,0,0,1,0,0,0,low_season,synthetic
SYN_0149,freelancer_desain,16,4,49815000,0,0,1,0,0,1,low_season,synthetic
SYN_0149,freelancer_desain,17,1,46394000,0,0,0,0,0,0,normal,synthetic
SYN_0149,freelancer_desain,18,2,61210000,0,0,0,0,0,0,normal,synthetic
SYN_0149,freelancer_desain,19,3,40206000,0,0,0,0,0,0,normal,synthetic
SYN_0149,freelancer_desain,20,4,88575000,0,0,0,0,0,1,normal,synthetic
SYN_0149,freelancer_desain,21,1,30388000,0,0,0,0,0,0,normal,synthetic
SYN_0149,freelancer_desain,22,2,61873000,0,0,0,0,0,0,normal,synthetic
SYN_0149,freelancer_desain,23,3,50213000,0,0,0,0,0,0,normal,synthetic
SYN_0149,freelancer_desain,24,4,65481000,0,0,0,0,0,1,normal,synthetic
SYN_0149,freelancer_desain,25,1,50253000,0,0,0,0,0,0,normal,synthetic
SYN_0149,freelancer_desain,26,2,80400000,0,0,0,0,0,0,normal,synthetic
SYN_0149,freelancer_desain,27,3,50613000,0,0,0,0,0,0,normal,synthetic
SYN_0149,freelancer_desain,28,4,84544000,0,0,0,0,0,1,normal,synthetic
SYN_0149,freelancer_desain,29,1,65587000,0,0,0,0,0,0,normal,synthetic
SYN_0149,freelancer_desain,30,2,38467000,0,0,0,0,0,0,normal,synthetic
SYN_0149,freelancer_desain,31,3,55411000,0,0,0,0,0,0,normal,synthetic
SYN_0149,freelancer_desain,32,4,91273000,0,0,0,0,0,1,normal,synthetic
SYN_0149,freelancer_desain,33,1,43680000,0,0,0,0,0,0,normal,synthetic
SYN_0149,freelancer_desain,34,2,73247000,0,0,0,0,0,0,normal,synthetic
SYN_0149,freelancer_desain,35,3,61287000,0,0,0,0,0,0,normal,synthetic
SYN_0149,freelancer_desain,36,4,73034000,0,0,0,0,0,1,normal,synthetic
SYN_0149,freelancer_desain,37,1,55932000,0,0,0,0,0,0,normal,synthetic
SYN_0149,freelancer_desain,38,2,64832000,0,0,0,0,0,0,normal,synthetic
SYN_0149,freelancer_desain,39,3,52065000,0,0,0,0,0,0,normal,synthetic
SYN_0149,freelancer_desain,40,4,70682000,0,0,0,0,0,1,normal,synthetic
SYN_0149,freelancer_desain,41,1,58597000,0,0,0,0,0,0,normal,synthetic
SYN_0149,freelancer_desain,42,2,63202000,0,0,0,0,0,0,normal,synthetic
SYN_0149,freelancer_desain,43,3,64897000,0,0,0,0,0,0,normal,synthetic
SYN_0149,freelancer_desain,44,4,65274000,0,0,0,0,0,1,normal,synthetic
SYN_0149,freelancer_desain,45,1,60913000,0,0,0,0,0,0,normal,synthetic
SYN_0149,freelancer_desain,46,2,62707000,0,0,0,0,0,0,normal,synthetic
SYN_0149,freelancer_desain,47,3,45918000,0,0,0,0,0,0,normal,synthetic
SYN_0149,freelancer_desain,48,4,67485000,0,0,0,0,0,1,normal,synthetic
SYN_0149,freelancer_desain,49,1,61608000,0,0,0,1,0,0,high_season,synthetic
SYN_0149,freelancer_desain,50,2,68289000,0,0,0,1,0,0,high_season,synthetic
SYN_0149,freelancer_desain,51,3,73810000,0,0,0,1,0,0,high_season,synthetic
SYN_0149,freelancer_desain,52,4,105293000,0,0,0,1,0,1,high_season,synthetic
SYN_0150,ojek_online,1,1,763000,0,0,0,0,1,0,low_season,synthetic
SYN_0150,ojek_online,2,2,814000,0,0,0,0,1,0,low_season,synthetic
SYN_0150,ojek_online,3,3,858000,0,0,0,0,1,0,low_season,synthetic
SYN_0150,ojek_online,4,4,897000,0,0,0,0,1,1,low_season,synthetic
SYN_0150,ojek_online,5,1,766000,0,0,0,0,1,0,low_season,synthetic
SYN_0150,ojek_online,6,2,855000,0,0,0,0,1,0,low_season,synthetic
SYN_0150,ojek_online,7,3,823000,0,0,0,0,0,0,normal,synthetic
SYN_0150,ojek_online,8,4,1319000,0,0,0,0,0,1,normal,synthetic
SYN_0150,ojek_online,9,1,802000,0,0,0,0,0,0,normal,synthetic
SYN_0150,ojek_online,10,2,1449000,1,0,0,0,0,0,high_season,synthetic
SYN_0150,ojek_online,11,3,1621000,1,0,0,0,0,0,high_season,synthetic
SYN_0150,ojek_online,12,4,1900000,1,0,0,0,0,1,high_season,synthetic
SYN_0150,ojek_online,13,1,1296000,1,0,0,0,0,0,high_season,synthetic
SYN_0150,ojek_online,14,2,1661000,0,1,0,0,0,0,high_season,synthetic
SYN_0150,ojek_online,15,3,766000,0,0,1,0,0,0,low_season,synthetic
SYN_0150,ojek_online,16,4,894000,0,0,1,0,0,1,low_season,synthetic
SYN_0150,ojek_online,17,1,829000,0,0,0,0,0,0,normal,synthetic
SYN_0150,ojek_online,18,2,901000,0,0,0,0,0,0,normal,synthetic
SYN_0150,ojek_online,19,3,760000,0,0,0,0,0,0,normal,synthetic
SYN_0150,ojek_online,20,4,1208000,0,0,0,0,0,1,normal,synthetic
SYN_0150,ojek_online,21,1,882000,0,0,0,0,0,0,normal,synthetic
SYN_0150,ojek_online,22,2,1115000,0,0,0,0,0,0,normal,synthetic
SYN_0150,ojek_online,23,3,1029000,0,0,0,0,0,0,normal,synthetic
SYN_0150,ojek_online,24,4,1364000,0,0,0,0,0,1,normal,synthetic
SYN_0150,ojek_online,25,1,821000,0,0,0,0,0,0,normal,synthetic
SYN_0150,ojek_online,26,2,1115000,0,0,0,0,0,0,normal,synthetic
SYN_0150,ojek_online,27,3,931000,0,0,0,0,0,0,normal,synthetic
SYN_0150,ojek_online,28,4,1290000,0,0,0,0,0,1,normal,synthetic
SYN_0150,ojek_online,29,1,745000,0,0,0,0,0,0,normal,synthetic
SYN_0150,ojek_online,30,2,1015000,0,0,0,0,0,0,normal,synthetic
SYN_0150,ojek_online,31,3,769000,0,0,0,0,0,0,normal,synthetic
SYN_0150,ojek_online,32,4,1152000,0,0,0,0,0,1,normal,synthetic
SYN_0150,ojek_online,33,1,934000,0,0,0,0,0,0,normal,synthetic
SYN_0150,ojek_online,34,2,931000,0,0,0,0,0,0,normal,synthetic
SYN_0150,ojek_online,35,3,873000,0,0,0,0,0,0,normal,synthetic
SYN_0150,ojek_online,36,4,1300000,0,0,0,0,0,1,normal,synthetic
SYN_0150,ojek_online,37,1,880000,0,0,0,0,0,0,normal,synthetic
SYN_0150,ojek_online,38,2,935000,0,0,0,0,0,0,normal,synthetic
SYN_0150,ojek_online,39,3,994000,0,0,0,0,0,0,normal,synthetic
SYN_0150,ojek_online,40,4,1538000,0,0,0,0,0,1,normal,synthetic
SYN_0150,ojek_online,41,1,1005000,0,0,0,0,0,0,normal,synthetic
SYN_0150,ojek_online,42,2,1118000,0,0,0,0,0,0,normal,synthetic
SYN_0150,ojek_online,43,3,1037000,0,0,0,0,0,0,normal,synthetic
SYN_0150,ojek_online,44,4,1209000,0,0,0,0,0,1,normal,synthetic
SYN_0150,ojek_online,45,1,651000,0,0,0,0,0,0,normal,synthetic
SYN_0150,ojek_online,46,2,914000,0,0,0,0,0,0,normal,synthetic
SYN_0150,ojek_online,47,3,936000,0,0,0,0,0,0,normal,synthetic
SYN_0150,ojek_online,48,4,938000,0,0,0,0,0,1,normal,synthetic
SYN_0150,ojek_online,49,1,1007000,0,0,0,1,0,0,high_season,synthetic
SYN_0150,ojek_online,50,2,1001000,0,0,0,1,0,0,high_season,synthetic
SYN_0150,ojek_online,51,3,1280000,0,0,0,1,0,0,high_season,synthetic
SYN_0150,ojek_online,52,4,1685000,0,0,0,1,0,1,high_season,synthetic
SYN_0151,freelancer_it,1,1,20653000,0,0,0,0,1,0,low_season,synthetic
SYN_0151,freelancer_it,2,2,14587000,0,0,0,0,1,0,low_season,synthetic
SYN_0151,freelancer_it,3,3,15832000,0,0,0,0,1,0,low_season,synthetic
SYN_0151,freelancer_it,4,4,26198000,0,0,0,0,1,1,low_season,synthetic
SYN_0151,freelancer_it,5,1,17486000,0,0,0,0,1,0,low_season,synthetic
SYN_0151,freelancer_it,6,2,19493000,0,0,0,0,1,0,low_season,synthetic
SYN_0151,freelancer_it,7,3,20417000,0,0,0,0,0,0,normal,synthetic
SYN_0151,freelancer_it,8,4,29147000,0,0,0,0,0,1,normal,synthetic
SYN_0151,freelancer_it,9,1,18758000,0,0,0,0,0,0,normal,synthetic
SYN_0151,freelancer_it,10,2,34423000,1,0,0,0,0,0,high_season,synthetic
SYN_0151,freelancer_it,11,3,28549000,1,0,0,0,0,0,high_season,synthetic
SYN_0151,freelancer_it,12,4,39847000,1,0,0,0,0,1,high_season,synthetic
SYN_0151,freelancer_it,13,1,39362000,1,0,0,0,0,0,high_season,synthetic
SYN_0151,freelancer_it,14,2,38679000,0,1,0,0,0,0,high_season,synthetic
SYN_0151,freelancer_it,15,3,16147000,0,0,1,0,0,0,low_season,synthetic
SYN_0151,freelancer_it,16,4,19181000,0,0,1,0,0,1,low_season,synthetic
SYN_0151,freelancer_it,17,1,21667000,0,0,0,0,0,0,normal,synthetic
SYN_0151,freelancer_it,18,2,25041000,0,0,0,0,0,0,normal,synthetic
SYN_0151,freelancer_it,19,3,24347000,0,0,0,0,0,0,normal,synthetic
SYN_0151,freelancer_it,20,4,29303000,0,0,0,0,0,1,normal,synthetic
SYN_0151,freelancer_it,21,1,20615000,0,0,0,0,0,0,normal,synthetic
SYN_0151,freelancer_it,22,2,23830000,0,0,0,0,0,0,normal,synthetic
SYN_0151,freelancer_it,23,3,22797000,0,0,0,0,0,0,normal,synthetic
SYN_0151,freelancer_it,24,4,21045000,0,0,0,0,0,1,normal,synthetic
SYN_0151,freelancer_it,25,1,28940000,0,0,0,0,0,0,normal,synthetic
SYN_0151,freelancer_it,26,2,25896000,0,0,0,0,0,0,normal,synthetic
SYN_0151,freelancer_it,27,3,20278000,0,0,0,0,0,0,normal,synthetic
SYN_0151,freelancer_it,28,4,29109000,0,0,0,0,0,1,normal,synthetic
SYN_0151,freelancer_it,29,1,17164000,0,0,0,0,0,0,normal,synthetic
SYN_0151,freelancer_it,30,2,21874000,0,0,0,0,0,0,normal,synthetic
SYN_0151,freelancer_it,31,3,18625000,0,0,0,0,0,0,normal,synthetic
SYN_0151,freelancer_it,32,4,27998000,0,0,0,0,0,1,normal,synthetic
SYN_0151,freelancer_it,33,1,16468000,0,0,0,0,0,0,normal,synthetic
SYN_0151,freelancer_it,34,2,24778000,0,0,0,0,0,0,normal,synthetic
SYN_0151,freelancer_it,35,3,25745000,0,0,0,0,0,0,normal,synthetic
SYN_0151,freelancer_it,36,4,24936000,0,0,0,0,0,1,normal,synthetic
SYN_0151,freelancer_it,37,1,21627000,0,0,0,0,0,0,normal,synthetic
SYN_0151,freelancer_it,38,2,20605000,0,0,0,0,0,0,normal,synthetic
SYN_0151,freelancer_it,39,3,25184000,0,0,0,0,0,0,normal,synthetic
SYN_0151,freelancer_it,40,4,25482000,0,0,0,0,0,1,normal,synthetic
SYN_0151,freelancer_it,41,1,23487000,0,0,0,0,0,0,normal,synthetic
SYN_0151,freelancer_it,42,2,17540000,0,0,0,0,0,0,normal,synthetic
SYN_0151,freelancer_it,43,3,20194000,0,0,0,0,0,0,normal,synthetic
SYN_0151,freelancer_it,44,4,23823000,0,0,0,0,0,1,normal,synthetic
SYN_0151,freelancer_it,45,1,21753000,0,0,0,0,0,0,normal,synthetic
SYN_0151,freelancer_it,46,2,25327000,0,0,0,0,0,0,normal,synthetic
SYN_0151,freelancer_it,47,3,24424000,0,0,0,0,0,0,normal,synthetic
SYN_0151,freelancer_it,48,4,26191000,0,0,0,0,0,1,normal,synthetic
SYN_0151,freelancer_it,49,1,16736000,0,0,0,1,0,0,high_season,synthetic
SYN_0151,freelancer_it,50,2,30716000,0,0,0,1,0,0,high_season,synthetic
SYN_0151,freelancer_it,51,3,33921000,0,0,0,1,0,0,high_season,synthetic
SYN_0151,freelancer_it,52,4,50418000,0,0,0,1,0,1,high_season,synthetic
SYN_0152,freelancer_it,1,1,16438000,0,0,0,0,1,0,low_season,synthetic
SYN_0152,freelancer_it,2,2,20093000,0,0,0,0,1,0,low_season,synthetic
SYN_0152,freelancer_it,3,3,18864000,0,0,0,0,1,0,low_season,synthetic
SYN_0152,freelancer_it,4,4,28837000,0,0,0,0,1,1,low_season,synthetic
SYN_0152,freelancer_it,5,1,19051000,0,0,0,0,1,0,low_season,synthetic
SYN_0152,freelancer_it,6,2,18176000,0,0,0,0,1,0,low_season,synthetic
SYN_0152,freelancer_it,7,3,22438000,0,0,0,0,0,0,normal,synthetic
SYN_0152,freelancer_it,8,4,33350000,0,0,0,0,0,1,normal,synthetic
SYN_0152,freelancer_it,9,1,26462000,0,0,0,0,0,0,normal,synthetic
SYN_0152,freelancer_it,10,2,42283000,1,0,0,0,0,0,high_season,synthetic
SYN_0152,freelancer_it,11,3,38522000,1,0,0,0,0,0,high_season,synthetic
SYN_0152,freelancer_it,12,4,40318000,1,0,0,0,0,1,high_season,synthetic
SYN_0152,freelancer_it,13,1,17122000,1,0,0,0,0,0,high_season,synthetic
SYN_0152,freelancer_it,14,2,43786000,0,1,0,0,0,0,high_season,synthetic
SYN_0152,freelancer_it,15,3,16810000,0,0,1,0,0,0,low_season,synthetic
SYN_0152,freelancer_it,16,4,20573000,0,0,1,0,0,1,low_season,synthetic
SYN_0152,freelancer_it,17,1,21782000,0,0,0,0,0,0,normal,synthetic
SYN_0152,freelancer_it,18,2,19561000,0,0,0,0,0,0,normal,synthetic
SYN_0152,freelancer_it,19,3,25896000,0,0,0,0,0,0,normal,synthetic
SYN_0152,freelancer_it,20,4,31377000,0,0,0,0,0,1,normal,synthetic
SYN_0152,freelancer_it,21,1,23684000,0,0,0,0,0,0,normal,synthetic
SYN_0152,freelancer_it,22,2,27204000,0,0,0,0,0,0,normal,synthetic
SYN_0152,freelancer_it,23,3,26052000,0,0,0,0,0,0,normal,synthetic
SYN_0152,freelancer_it,24,4,27171000,0,0,0,0,0,1,normal,synthetic
SYN_0152,freelancer_it,25,1,21405000,0,0,0,0,0,0,normal,synthetic
SYN_0152,freelancer_it,26,2,24327000,0,0,0,0,0,0,normal,synthetic
SYN_0152,freelancer_it,27,3,24383000,0,0,0,0,0,0,normal,synthetic
SYN_0152,freelancer_it,28,4,32854000,0,0,0,0,0,1,normal,synthetic
SYN_0152,freelancer_it,29,1,23567000,0,0,0,0,0,0,normal,synthetic
SYN_0152,freelancer_it,30,2,31007000,0,0,0,0,0,0,normal,synthetic
SYN_0152,freelancer_it,31,3,31441000,0,0,0,0,0,0,normal,synthetic
SYN_0152,freelancer_it,32,4,29147000,0,0,0,0,0,1,normal,synthetic
SYN_0152,freelancer_it,33,1,10007000,0,0,0,0,0,0,normal,synthetic
SYN_0152,freelancer_it,34,2,28180000,0,0,0,0,0,0,normal,synthetic
SYN_0152,freelancer_it,35,3,22204000,0,0,0,0,0,0,normal,synthetic
SYN_0152,freelancer_it,36,4,25591000,0,0,0,0,0,1,normal,synthetic
SYN_0152,freelancer_it,37,1,20413000,0,0,0,0,0,0,normal,synthetic
SYN_0152,freelancer_it,38,2,22519000,0,0,0,0,0,0,normal,synthetic
SYN_0152,freelancer_it,39,3,26080000,0,0,0,0,0,0,normal,synthetic
SYN_0152,freelancer_it,40,4,22532000,0,0,0,0,0,1,normal,synthetic
SYN_0152,freelancer_it,41,1,18357000,0,0,0,0,0,0,normal,synthetic
SYN_0152,freelancer_it,42,2,25175000,0,0,0,0,0,0,normal,synthetic
SYN_0152,freelancer_it,43,3,26116000,0,0,0,0,0,0,normal,synthetic
SYN_0152,freelancer_it,44,4,31414000,0,0,0,0,0,1,normal,synthetic
SYN_0152,freelancer_it,45,1,19237000,0,0,0,0,0,0,normal,synthetic
SYN_0152,freelancer_it,46,2,20731000,0,0,0,0,0,0,normal,synthetic
SYN_0152,freelancer_it,47,3,22317000,0,0,0,0,0,0,normal,synthetic
SYN_0152,freelancer_it,48,4,29793000,0,0,0,0,0,1,normal,synthetic
SYN_0152,freelancer_it,49,1,33949000,0,0,0,1,0,0,high_season,synthetic
SYN_0152,freelancer_it,50,2,22276000,0,0,0,1,0,0,high_season,synthetic
SYN_0152,freelancer_it,51,3,30262000,0,0,0,1,0,0,high_season,synthetic
SYN_0152,freelancer_it,52,4,30481000,0,0,0,1,0,1,high_season,synthetic
SYN_0153,freelancer_it,1,1,38850000,0,0,0,0,1,0,low_season,synthetic
SYN_0153,freelancer_it,2,2,44512000,0,0,0,0,1,0,low_season,synthetic
SYN_0153,freelancer_it,3,3,53782000,0,0,0,0,1,0,low_season,synthetic
SYN_0153,freelancer_it,4,4,55166000,0,0,0,0,1,1,low_season,synthetic
SYN_0153,freelancer_it,5,1,44399000,0,0,0,0,1,0,low_season,synthetic
SYN_0153,freelancer_it,6,2,49205000,0,0,0,0,1,0,low_season,synthetic
SYN_0153,freelancer_it,7,3,50797000,0,0,0,0,0,0,normal,synthetic
SYN_0153,freelancer_it,8,4,75741000,0,0,0,0,0,1,normal,synthetic
SYN_0153,freelancer_it,9,1,50045000,0,0,0,0,0,0,normal,synthetic
SYN_0153,freelancer_it,10,2,65519000,1,0,0,0,0,0,high_season,synthetic
SYN_0153,freelancer_it,11,3,71167000,1,0,0,0,0,0,high_season,synthetic
SYN_0153,freelancer_it,12,4,55011000,1,0,0,0,0,1,high_season,synthetic
SYN_0153,freelancer_it,13,1,73729000,1,0,0,0,0,0,high_season,synthetic
SYN_0153,freelancer_it,14,2,116076000,0,1,0,0,0,0,high_season,synthetic
SYN_0153,freelancer_it,15,3,33506000,0,0,1,0,0,0,low_season,synthetic
SYN_0153,freelancer_it,16,4,50977000,0,0,1,0,0,1,low_season,synthetic
SYN_0153,freelancer_it,17,1,53523000,0,0,0,0,0,0,normal,synthetic
SYN_0153,freelancer_it,18,2,50185000,0,0,0,0,0,0,normal,synthetic
SYN_0153,freelancer_it,19,3,68154000,0,0,0,0,0,0,normal,synthetic
SYN_0153,freelancer_it,20,4,64737000,0,0,0,0,0,1,normal,synthetic
SYN_0153,freelancer_it,21,1,64687000,0,0,0,0,0,0,normal,synthetic
SYN_0153,freelancer_it,22,2,43245000,0,0,0,0,0,0,normal,synthetic
SYN_0153,freelancer_it,23,3,53975000,0,0,0,0,0,0,normal,synthetic
SYN_0153,freelancer_it,24,4,65891000,0,0,0,0,0,1,normal,synthetic
SYN_0153,freelancer_it,25,1,50193000,0,0,0,0,0,0,normal,synthetic
SYN_0153,freelancer_it,26,2,61714000,0,0,0,0,0,0,normal,synthetic
SYN_0153,freelancer_it,27,3,82772000,0,0,0,0,0,0,normal,synthetic
SYN_0153,freelancer_it,28,4,71595000,0,0,0,0,0,1,normal,synthetic
SYN_0153,freelancer_it,29,1,50651000,0,0,0,0,0,0,normal,synthetic
SYN_0153,freelancer_it,30,2,47481000,0,0,0,0,0,0,normal,synthetic
SYN_0153,freelancer_it,31,3,41247000,0,0,0,0,0,0,normal,synthetic
SYN_0153,freelancer_it,32,4,78334000,0,0,0,0,0,1,normal,synthetic
SYN_0153,freelancer_it,33,1,46616000,0,0,0,0,0,0,normal,synthetic
SYN_0153,freelancer_it,34,2,76538000,0,0,0,0,0,0,normal,synthetic
SYN_0153,freelancer_it,35,3,62906000,0,0,0,0,0,0,normal,synthetic
SYN_0153,freelancer_it,36,4,70525000,0,0,0,0,0,1,normal,synthetic
SYN_0153,freelancer_it,37,1,53265000,0,0,0,0,0,0,normal,synthetic
SYN_0153,freelancer_it,38,2,59261000,0,0,0,0,0,0,normal,synthetic
SYN_0153,freelancer_it,39,3,50635000,0,0,0,0,0,0,normal,synthetic
SYN_0153,freelancer_it,40,4,50802000,0,0,0,0,0,1,normal,synthetic
SYN_0153,freelancer_it,41,1,46588000,0,0,0,0,0,0,normal,synthetic
SYN_0153,freelancer_it,42,2,55945000,0,0,0,0,0,0,normal,synthetic
SYN_0153,freelancer_it,43,3,51002000,0,0,0,0,0,0,normal,synthetic
SYN_0153,freelancer_it,44,4,55188000,0,0,0,0,0,1,normal,synthetic
SYN_0153,freelancer_it,45,1,45192000,0,0,0,0,0,0,normal,synthetic
SYN_0153,freelancer_it,46,2,64222000,0,0,0,0,0,0,normal,synthetic
SYN_0153,freelancer_it,47,3,61964000,0,0,0,0,0,0,normal,synthetic
SYN_0153,freelancer_it,48,4,68922000,0,0,0,0,0,1,normal,synthetic
SYN_0153,freelancer_it,49,1,71018000,0,0,0,1,0,0,high_season,synthetic
SYN_0153,freelancer_it,50,2,61361000,0,0,0,1,0,0,high_season,synthetic
SYN_0153,freelancer_it,51,3,64796000,0,0,0,1,0,0,high_season,synthetic
SYN_0153,freelancer_it,52,4,91308000,0,0,0,1,0,1,high_season,synthetic
SYN_0154,ojek_online,1,1,896000,0,0,0,0,1,0,low_season,synthetic
SYN_0154,ojek_online,2,2,849000,0,0,0,0,1,0,low_season,synthetic
SYN_0154,ojek_online,3,3,705000,0,0,0,0,1,0,low_season,synthetic
SYN_0154,ojek_online,4,4,1056000,0,0,0,0,1,1,low_season,synthetic
SYN_0154,ojek_online,5,1,677000,0,0,0,0,1,0,low_season,synthetic
SYN_0154,ojek_online,6,2,900000,0,0,0,0,1,0,low_season,synthetic
SYN_0154,ojek_online,7,3,1001000,0,0,0,0,0,0,normal,synthetic
SYN_0154,ojek_online,8,4,739000,0,0,0,0,0,1,normal,synthetic
SYN_0154,ojek_online,9,1,733000,0,0,0,0,0,0,normal,synthetic
SYN_0154,ojek_online,10,2,1472000,1,0,0,0,0,0,high_season,synthetic
SYN_0154,ojek_online,11,3,1354000,1,0,0,0,0,0,high_season,synthetic
SYN_0154,ojek_online,12,4,1414000,1,0,0,0,0,1,high_season,synthetic
SYN_0154,ojek_online,13,1,1113000,1,0,0,0,0,0,high_season,synthetic
SYN_0154,ojek_online,14,2,1264000,0,1,0,0,0,0,high_season,synthetic
SYN_0154,ojek_online,15,3,636000,0,0,1,0,0,0,low_season,synthetic
SYN_0154,ojek_online,16,4,962000,0,0,1,0,0,1,low_season,synthetic
SYN_0154,ojek_online,17,1,901000,0,0,0,0,0,0,normal,synthetic
SYN_0154,ojek_online,18,2,1143000,0,0,0,0,0,0,normal,synthetic
SYN_0154,ojek_online,19,3,1009000,0,0,0,0,0,0,normal,synthetic
SYN_0154,ojek_online,20,4,1228000,0,0,0,0,0,1,normal,synthetic
SYN_0154,ojek_online,21,1,1009000,0,0,0,0,0,0,normal,synthetic
SYN_0154,ojek_online,22,2,957000,0,0,0,0,0,0,normal,synthetic
SYN_0154,ojek_online,23,3,899000,0,0,0,0,0,0,normal,synthetic
SYN_0154,ojek_online,24,4,1229000,0,0,0,0,0,1,normal,synthetic
SYN_0154,ojek_online,25,1,961000,0,0,0,0,0,0,normal,synthetic
SYN_0154,ojek_online,26,2,869000,0,0,0,0,0,0,normal,synthetic
SYN_0154,ojek_online,27,3,844000,0,0,0,0,0,0,normal,synthetic
SYN_0154,ojek_online,28,4,1119000,0,0,0,0,0,1,normal,synthetic
SYN_0154,ojek_online,29,1,903000,0,0,0,0,0,0,normal,synthetic
SYN_0154,ojek_online,30,2,1000000,0,0,0,0,0,0,normal,synthetic
SYN_0154,ojek_online,31,3,772000,0,0,0,0,0,0,normal,synthetic
SYN_0154,ojek_online,32,4,1338000,0,0,0,0,0,1,normal,synthetic
SYN_0154,ojek_online,33,1,767000,0,0,0,0,0,0,normal,synthetic
SYN_0154,ojek_online,34,2,891000,0,0,0,0,0,0,normal,synthetic
SYN_0154,ojek_online,35,3,825000,0,0,0,0,0,0,normal,synthetic
SYN_0154,ojek_online,36,4,1435000,0,0,0,0,0,1,normal,synthetic
SYN_0154,ojek_online,37,1,849000,0,0,0,0,0,0,normal,synthetic
SYN_0154,ojek_online,38,2,831000,0,0,0,0,0,0,normal,synthetic
SYN_0154,ojek_online,39,3,1007000,0,0,0,0,0,0,normal,synthetic
SYN_0154,ojek_online,40,4,1197000,0,0,0,0,0,1,normal,synthetic
SYN_0154,ojek_online,41,1,809000,0,0,0,0,0,0,normal,synthetic
SYN_0154,ojek_online,42,2,1004000,0,0,0,0,0,0,normal,synthetic
SYN_0154,ojek_online,43,3,833000,0,0,0,0,0,0,normal,synthetic
SYN_0154,ojek_online,44,4,1041000,0,0,0,0,0,1,normal,synthetic
SYN_0154,ojek_online,45,1,640000,0,0,0,0,0,0,normal,synthetic
SYN_0154,ojek_online,46,2,782000,0,0,0,0,0,0,normal,synthetic
SYN_0154,ojek_online,47,3,1104000,0,0,0,0,0,0,normal,synthetic
SYN_0154,ojek_online,48,4,1304000,0,0,0,0,0,1,normal,synthetic
SYN_0154,ojek_online,49,1,1082000,0,0,0,1,0,0,high_season,synthetic
SYN_0154,ojek_online,50,2,1416000,0,0,0,1,0,0,high_season,synthetic
SYN_0154,ojek_online,51,3,1172000,0,0,0,1,0,0,high_season,synthetic
SYN_0154,ojek_online,52,4,1393000,0,0,0,1,0,1,high_season,synthetic
SYN_0155,ojek_online,1,1,1010000,0,0,0,0,1,0,low_season,synthetic
SYN_0155,ojek_online,2,2,1157000,0,0,0,0,1,0,low_season,synthetic
SYN_0155,ojek_online,3,3,1054000,0,0,0,0,1,0,low_season,synthetic
SYN_0155,ojek_online,4,4,1533000,0,0,0,0,1,1,low_season,synthetic
SYN_0155,ojek_online,5,1,1092000,0,0,0,0,1,0,low_season,synthetic
SYN_0155,ojek_online,6,2,1010000,0,0,0,0,1,0,low_season,synthetic
SYN_0155,ojek_online,7,3,1370000,0,0,0,0,0,0,normal,synthetic
SYN_0155,ojek_online,8,4,1629000,0,0,0,0,0,1,normal,synthetic
SYN_0155,ojek_online,9,1,1097000,0,0,0,0,0,0,normal,synthetic
SYN_0155,ojek_online,10,2,1752000,1,0,0,0,0,0,high_season,synthetic
SYN_0155,ojek_online,11,3,2068000,1,0,0,0,0,0,high_season,synthetic
SYN_0155,ojek_online,12,4,2181000,1,0,0,0,0,1,high_season,synthetic
SYN_0155,ojek_online,13,1,1686000,1,0,0,0,0,0,high_season,synthetic
SYN_0155,ojek_online,14,2,2542000,0,1,0,0,0,0,high_season,synthetic
SYN_0155,ojek_online,15,3,1128000,0,0,1,0,0,0,low_season,synthetic
SYN_0155,ojek_online,16,4,993000,0,0,1,0,0,1,low_season,synthetic
SYN_0155,ojek_online,17,1,1102000,0,0,0,0,0,0,normal,synthetic
SYN_0155,ojek_online,18,2,1266000,0,0,0,0,0,0,normal,synthetic
SYN_0155,ojek_online,19,3,1269000,0,0,0,0,0,0,normal,synthetic
SYN_0155,ojek_online,20,4,1570000,0,0,0,0,0,1,normal,synthetic
SYN_0155,ojek_online,21,1,1068000,0,0,0,0,0,0,normal,synthetic
SYN_0155,ojek_online,22,2,1078000,0,0,0,0,0,0,normal,synthetic
SYN_0155,ojek_online,23,3,1502000,0,0,0,0,0,0,normal,synthetic
SYN_0155,ojek_online,24,4,1610000,0,0,0,0,0,1,normal,synthetic
SYN_0155,ojek_online,25,1,1077000,0,0,0,0,0,0,normal,synthetic
SYN_0155,ojek_online,26,2,1317000,0,0,0,0,0,0,normal,synthetic
SYN_0155,ojek_online,27,3,1513000,0,0,0,0,0,0,normal,synthetic
SYN_0155,ojek_online,28,4,1374000,0,0,0,0,0,1,normal,synthetic
SYN_0155,ojek_online,29,1,1157000,0,0,0,0,0,0,normal,synthetic
SYN_0155,ojek_online,30,2,1060000,0,0,0,0,0,0,normal,synthetic
SYN_0155,ojek_online,31,3,1239000,0,0,0,0,0,0,normal,synthetic
SYN_0155,ojek_online,32,4,1611000,0,0,0,0,0,1,normal,synthetic
SYN_0155,ojek_online,33,1,989000,0,0,0,0,0,0,normal,synthetic
SYN_0155,ojek_online,34,2,1229000,0,0,0,0,0,0,normal,synthetic
SYN_0155,ojek_online,35,3,1368000,0,0,0,0,0,0,normal,synthetic
SYN_0155,ojek_online,36,4,1606000,0,0,0,0,0,1,normal,synthetic
SYN_0155,ojek_online,37,1,984000,0,0,0,0,0,0,normal,synthetic
SYN_0155,ojek_online,38,2,1308000,0,0,0,0,0,0,normal,synthetic
SYN_0155,ojek_online,39,3,1334000,0,0,0,0,0,0,normal,synthetic
SYN_0155,ojek_online,40,4,1525000,0,0,0,0,0,1,normal,synthetic
SYN_0155,ojek_online,41,1,1268000,0,0,0,0,0,0,normal,synthetic
SYN_0155,ojek_online,42,2,1173000,0,0,0,0,0,0,normal,synthetic
SYN_0155,ojek_online,43,3,1314000,0,0,0,0,0,0,normal,synthetic
SYN_0155,ojek_online,44,4,1310000,0,0,0,0,0,1,normal,synthetic
SYN_0155,ojek_online,45,1,928000,0,0,0,0,0,0,normal,synthetic
SYN_0155,ojek_online,46,2,1366000,0,0,0,0,0,0,normal,synthetic
SYN_0155,ojek_online,47,3,1259000,0,0,0,0,0,0,normal,synthetic
SYN_0155,ojek_online,48,4,1429000,0,0,0,0,0,1,normal,synthetic
SYN_0155,ojek_online,49,1,1294000,0,0,0,1,0,0,high_season,synthetic
SYN_0155,ojek_online,50,2,1784000,0,0,0,1,0,0,high_season,synthetic
SYN_0155,ojek_online,51,3,1357000,0,0,0,1,0,0,high_season,synthetic
SYN_0155,ojek_online,52,4,2177000,0,0,0,1,0,1,high_season,synthetic
SYN_0156,freelancer_it,1,1,33030000,0,0,0,0,1,0,low_season,synthetic
SYN_0156,freelancer_it,2,2,28711000,0,0,0,0,1,0,low_season,synthetic
SYN_0156,freelancer_it,3,3,44309000,0,0,0,0,1,0,low_season,synthetic
SYN_0156,freelancer_it,4,4,45536000,0,0,0,0,1,1,low_season,synthetic
SYN_0156,freelancer_it,5,1,29790000,0,0,0,0,1,0,low_season,synthetic
SYN_0156,freelancer_it,6,2,29746000,0,0,0,0,1,0,low_season,synthetic
SYN_0156,freelancer_it,7,3,44795000,0,0,0,0,0,0,normal,synthetic
SYN_0156,freelancer_it,8,4,50096000,0,0,0,0,0,1,normal,synthetic
SYN_0156,freelancer_it,9,1,46616000,0,0,0,0,0,0,normal,synthetic
SYN_0156,freelancer_it,10,2,58561000,1,0,0,0,0,0,high_season,synthetic
SYN_0156,freelancer_it,11,3,54327000,1,0,0,0,0,0,high_season,synthetic
SYN_0156,freelancer_it,12,4,83112000,1,0,0,0,0,1,high_season,synthetic
SYN_0156,freelancer_it,13,1,62562000,1,0,0,0,0,0,high_season,synthetic
SYN_0156,freelancer_it,14,2,76028000,0,1,0,0,0,0,high_season,synthetic
SYN_0156,freelancer_it,15,3,32523000,0,0,1,0,0,0,low_season,synthetic
SYN_0156,freelancer_it,16,4,35464000,0,0,1,0,0,1,low_season,synthetic
SYN_0156,freelancer_it,17,1,39449000,0,0,0,0,0,0,normal,synthetic
SYN_0156,freelancer_it,18,2,49365000,0,0,0,0,0,0,normal,synthetic
SYN_0156,freelancer_it,19,3,46158000,0,0,0,0,0,0,normal,synthetic
SYN_0156,freelancer_it,20,4,49724000,0,0,0,0,0,1,normal,synthetic
SYN_0156,freelancer_it,21,1,45430000,0,0,0,0,0,0,normal,synthetic
SYN_0156,freelancer_it,22,2,28391000,0,0,0,0,0,0,normal,synthetic
SYN_0156,freelancer_it,23,3,54636000,0,0,0,0,0,0,normal,synthetic
SYN_0156,freelancer_it,24,4,38767000,0,0,0,0,0,1,normal,synthetic
SYN_0156,freelancer_it,25,1,34845000,0,0,0,0,0,0,normal,synthetic
SYN_0156,freelancer_it,26,2,42199000,0,0,0,0,0,0,normal,synthetic
SYN_0156,freelancer_it,27,3,41572000,0,0,0,0,0,0,normal,synthetic
SYN_0156,freelancer_it,28,4,58107000,0,0,0,0,0,1,normal,synthetic
SYN_0156,freelancer_it,29,1,32541000,0,0,0,0,0,0,normal,synthetic
SYN_0156,freelancer_it,30,2,43992000,0,0,0,0,0,0,normal,synthetic
SYN_0156,freelancer_it,31,3,39007000,0,0,0,0,0,0,normal,synthetic
SYN_0156,freelancer_it,32,4,53036000,0,0,0,0,0,1,normal,synthetic
SYN_0156,freelancer_it,33,1,37852000,0,0,0,0,0,0,normal,synthetic
SYN_0156,freelancer_it,34,2,42995000,0,0,0,0,0,0,normal,synthetic
SYN_0156,freelancer_it,35,3,39175000,0,0,0,0,0,0,normal,synthetic
SYN_0156,freelancer_it,36,4,47294000,0,0,0,0,0,1,normal,synthetic
SYN_0156,freelancer_it,37,1,39735000,0,0,0,0,0,0,normal,synthetic
SYN_0156,freelancer_it,38,2,48050000,0,0,0,0,0,0,normal,synthetic
SYN_0156,freelancer_it,39,3,38888000,0,0,0,0,0,0,normal,synthetic
SYN_0156,freelancer_it,40,4,44736000,0,0,0,0,0,1,normal,synthetic
SYN_0156,freelancer_it,41,1,41479000,0,0,0,0,0,0,normal,synthetic
SYN_0156,freelancer_it,42,2,42249000,0,0,0,0,0,0,normal,synthetic
SYN_0156,freelancer_it,43,3,47377000,0,0,0,0,0,0,normal,synthetic
SYN_0156,freelancer_it,44,4,44472000,0,0,0,0,0,1,normal,synthetic
SYN_0156,freelancer_it,45,1,28682000,0,0,0,0,0,0,normal,synthetic
SYN_0156,freelancer_it,46,2,39275000,0,0,0,0,0,0,normal,synthetic
SYN_0156,freelancer_it,47,3,37889000,0,0,0,0,0,0,normal,synthetic
SYN_0156,freelancer_it,48,4,50369000,0,0,0,0,0,1,normal,synthetic
SYN_0156,freelancer_it,49,1,45230000,0,0,0,1,0,0,high_season,synthetic
SYN_0156,freelancer_it,50,2,60899000,0,0,0,1,0,0,high_season,synthetic
SYN_0156,freelancer_it,51,3,52949000,0,0,0,1,0,0,high_season,synthetic
SYN_0156,freelancer_it,52,4,67605000,0,0,0,1,0,1,high_season,synthetic
SYN_0157,jualan_online,1,1,28362000,0,0,0,0,1,0,low_season,synthetic
SYN_0157,jualan_online,2,2,38980000,0,0,0,0,1,0,low_season,synthetic
SYN_0157,jualan_online,3,3,31516000,0,0,0,0,1,0,low_season,synthetic
SYN_0157,jualan_online,4,4,33310000,0,0,0,0,1,1,low_season,synthetic
SYN_0157,jualan_online,5,1,27331000,0,0,0,0,1,0,low_season,synthetic
SYN_0157,jualan_online,6,2,27433000,0,0,0,0,1,0,low_season,synthetic
SYN_0157,jualan_online,7,3,36905000,0,0,0,0,0,0,normal,synthetic
SYN_0157,jualan_online,8,4,55075000,0,0,0,0,0,1,normal,synthetic
SYN_0157,jualan_online,9,1,39175000,0,0,0,0,0,0,normal,synthetic
SYN_0157,jualan_online,10,2,68336000,1,0,0,0,0,0,high_season,synthetic
SYN_0157,jualan_online,11,3,58048000,1,0,0,0,0,0,high_season,synthetic
SYN_0157,jualan_online,12,4,67001000,1,0,0,0,0,1,high_season,synthetic
SYN_0157,jualan_online,13,1,43484000,1,0,0,0,0,0,high_season,synthetic
SYN_0157,jualan_online,14,2,68392000,0,1,0,0,0,0,high_season,synthetic
SYN_0157,jualan_online,15,3,26085000,0,0,1,0,0,0,low_season,synthetic
SYN_0157,jualan_online,16,4,34770000,0,0,1,0,0,1,low_season,synthetic
SYN_0157,jualan_online,17,1,29482000,0,0,0,0,0,0,normal,synthetic
SYN_0157,jualan_online,18,2,38095000,0,0,0,0,0,0,normal,synthetic
SYN_0157,jualan_online,19,3,30708000,0,0,0,0,0,0,normal,synthetic
SYN_0157,jualan_online,20,4,47268000,0,0,0,0,0,1,normal,synthetic
SYN_0157,jualan_online,21,1,36833000,0,0,0,0,0,0,normal,synthetic
SYN_0157,jualan_online,22,2,30490000,0,0,0,0,0,0,normal,synthetic
SYN_0157,jualan_online,23,3,31770000,0,0,0,0,0,0,normal,synthetic
SYN_0157,jualan_online,24,4,38362000,0,0,0,0,0,1,normal,synthetic
SYN_0157,jualan_online,25,1,33344000,0,0,0,0,0,0,normal,synthetic
SYN_0157,jualan_online,26,2,31508000,0,0,0,0,0,0,normal,synthetic
SYN_0157,jualan_online,27,3,44118000,0,0,0,0,0,0,normal,synthetic
SYN_0157,jualan_online,28,4,47805000,0,0,0,0,0,1,normal,synthetic
SYN_0157,jualan_online,29,1,36520000,0,0,0,0,0,0,normal,synthetic
SYN_0157,jualan_online,30,2,30637000,0,0,0,0,0,0,normal,synthetic
SYN_0157,jualan_online,31,3,43731000,0,0,0,0,0,0,normal,synthetic
SYN_0157,jualan_online,32,4,48968000,0,0,0,0,0,1,normal,synthetic
SYN_0157,jualan_online,33,1,31281000,0,0,0,0,0,0,normal,synthetic
SYN_0157,jualan_online,34,2,30852000,0,0,0,0,0,0,normal,synthetic
SYN_0157,jualan_online,35,3,37510000,0,0,0,0,0,0,normal,synthetic
SYN_0157,jualan_online,36,4,42885000,0,0,0,0,0,1,normal,synthetic
SYN_0157,jualan_online,37,1,32333000,0,0,0,0,0,0,normal,synthetic
SYN_0157,jualan_online,38,2,34651000,0,0,0,0,0,0,normal,synthetic
SYN_0157,jualan_online,39,3,41133000,0,0,0,0,0,0,normal,synthetic
SYN_0157,jualan_online,40,4,31251000,0,0,0,0,0,1,normal,synthetic
SYN_0157,jualan_online,41,1,39917000,0,0,0,0,0,0,normal,synthetic
SYN_0157,jualan_online,42,2,42390000,0,0,0,0,0,0,normal,synthetic
SYN_0157,jualan_online,43,3,38813000,0,0,0,0,0,0,normal,synthetic
SYN_0157,jualan_online,44,4,44642000,0,0,0,0,0,1,normal,synthetic
SYN_0157,jualan_online,45,1,38498000,0,0,0,0,0,0,normal,synthetic
SYN_0157,jualan_online,46,2,37664000,0,0,0,0,0,0,normal,synthetic
SYN_0157,jualan_online,47,3,36591000,0,0,0,0,0,0,normal,synthetic
SYN_0157,jualan_online,48,4,51635000,0,0,0,0,0,1,normal,synthetic
SYN_0157,jualan_online,49,1,55418000,0,0,0,1,0,0,high_season,synthetic
SYN_0157,jualan_online,50,2,43478000,0,0,0,1,0,0,high_season,synthetic
SYN_0157,jualan_online,51,3,51721000,0,0,0,1,0,0,high_season,synthetic
SYN_0157,jualan_online,52,4,51357000,0,0,0,1,0,1,high_season,synthetic
SYN_0158,freelancer_desain,1,1,43407000,0,0,0,0,1,0,low_season,synthetic
SYN_0158,freelancer_desain,2,2,33871000,0,0,0,0,1,0,low_season,synthetic
SYN_0158,freelancer_desain,3,3,39376000,0,0,0,0,1,0,low_season,synthetic
SYN_0158,freelancer_desain,4,4,43847000,0,0,0,0,1,1,low_season,synthetic
SYN_0158,freelancer_desain,5,1,30389000,0,0,0,0,1,0,low_season,synthetic
SYN_0158,freelancer_desain,6,2,44859000,0,0,0,0,1,0,low_season,synthetic
SYN_0158,freelancer_desain,7,3,51221000,0,0,0,0,0,0,normal,synthetic
SYN_0158,freelancer_desain,8,4,67566000,0,0,0,0,0,1,normal,synthetic
SYN_0158,freelancer_desain,9,1,30369000,0,0,0,0,0,0,normal,synthetic
SYN_0158,freelancer_desain,10,2,80057000,1,0,0,0,0,0,high_season,synthetic
SYN_0158,freelancer_desain,11,3,95833000,1,0,0,0,0,0,high_season,synthetic
SYN_0158,freelancer_desain,12,4,76159000,1,0,0,0,0,1,high_season,synthetic
SYN_0158,freelancer_desain,13,1,80238000,1,0,0,0,0,0,high_season,synthetic
SYN_0158,freelancer_desain,14,2,79087000,0,1,0,0,0,0,high_season,synthetic
SYN_0158,freelancer_desain,15,3,25773000,0,0,1,0,0,0,low_season,synthetic
SYN_0158,freelancer_desain,16,4,37692000,0,0,1,0,0,1,low_season,synthetic
SYN_0158,freelancer_desain,17,1,49582000,0,0,0,0,0,0,normal,synthetic
SYN_0158,freelancer_desain,18,2,40852000,0,0,0,0,0,0,normal,synthetic
SYN_0158,freelancer_desain,19,3,42647000,0,0,0,0,0,0,normal,synthetic
SYN_0158,freelancer_desain,20,4,61991000,0,0,0,0,0,1,normal,synthetic
SYN_0158,freelancer_desain,21,1,42482000,0,0,0,0,0,0,normal,synthetic
SYN_0158,freelancer_desain,22,2,51592000,0,0,0,0,0,0,normal,synthetic
SYN_0158,freelancer_desain,23,3,48974000,0,0,0,0,0,0,normal,synthetic
SYN_0158,freelancer_desain,24,4,60959000,0,0,0,0,0,1,normal,synthetic
SYN_0158,freelancer_desain,25,1,39524000,0,0,0,0,0,0,normal,synthetic
SYN_0158,freelancer_desain,26,2,48928000,0,0,0,0,0,0,normal,synthetic
SYN_0158,freelancer_desain,27,3,40179000,0,0,0,0,0,0,normal,synthetic
SYN_0158,freelancer_desain,28,4,68286000,0,0,0,0,0,1,normal,synthetic
SYN_0158,freelancer_desain,29,1,38152000,0,0,0,0,0,0,normal,synthetic
SYN_0158,freelancer_desain,30,2,55700000,0,0,0,0,0,0,normal,synthetic
SYN_0158,freelancer_desain,31,3,45416000,0,0,0,0,0,0,normal,synthetic
SYN_0158,freelancer_desain,32,4,58445000,0,0,0,0,0,1,normal,synthetic
SYN_0158,freelancer_desain,33,1,39098000,0,0,0,0,0,0,normal,synthetic
SYN_0158,freelancer_desain,34,2,39510000,0,0,0,0,0,0,normal,synthetic
SYN_0158,freelancer_desain,35,3,34008000,0,0,0,0,0,0,normal,synthetic
SYN_0158,freelancer_desain,36,4,47055000,0,0,0,0,0,1,normal,synthetic
SYN_0158,freelancer_desain,37,1,40261000,0,0,0,0,0,0,normal,synthetic
SYN_0158,freelancer_desain,38,2,48778000,0,0,0,0,0,0,normal,synthetic
SYN_0158,freelancer_desain,39,3,54806000,0,0,0,0,0,0,normal,synthetic
SYN_0158,freelancer_desain,40,4,52577000,0,0,0,0,0,1,normal,synthetic
SYN_0158,freelancer_desain,41,1,36469000,0,0,0,0,0,0,normal,synthetic
SYN_0158,freelancer_desain,42,2,36288000,0,0,0,0,0,0,normal,synthetic
SYN_0158,freelancer_desain,43,3,50803000,0,0,0,0,0,0,normal,synthetic
SYN_0158,freelancer_desain,44,4,69144000,0,0,0,0,0,1,normal,synthetic
SYN_0158,freelancer_desain,45,1,51064000,0,0,0,0,0,0,normal,synthetic
SYN_0158,freelancer_desain,46,2,52538000,0,0,0,0,0,0,normal,synthetic
SYN_0158,freelancer_desain,47,3,51999000,0,0,0,0,0,0,normal,synthetic
SYN_0158,freelancer_desain,48,4,71992000,0,0,0,0,0,1,normal,synthetic
SYN_0158,freelancer_desain,49,1,58132000,0,0,0,1,0,0,high_season,synthetic
SYN_0158,freelancer_desain,50,2,67673000,0,0,0,1,0,0,high_season,synthetic
SYN_0158,freelancer_desain,51,3,58185000,0,0,0,1,0,0,high_season,synthetic
SYN_0158,freelancer_desain,52,4,57560000,0,0,0,1,0,1,high_season,synthetic
SYN_0159,kurir,1,1,839000,0,0,0,0,1,0,low_season,synthetic
SYN_0159,kurir,2,2,956000,0,0,0,0,1,0,low_season,synthetic
SYN_0159,kurir,3,3,997000,0,0,0,0,1,0,low_season,synthetic
SYN_0159,kurir,4,4,1032000,0,0,0,0,1,1,low_season,synthetic
SYN_0159,kurir,5,1,908000,0,0,0,0,1,0,low_season,synthetic
SYN_0159,kurir,6,2,969000,0,0,0,0,1,0,low_season,synthetic
SYN_0159,kurir,7,3,1082000,0,0,0,0,0,0,normal,synthetic
SYN_0159,kurir,8,4,1413000,0,0,0,0,0,1,normal,synthetic
SYN_0159,kurir,9,1,898000,0,0,0,0,0,0,normal,synthetic
SYN_0159,kurir,10,2,1711000,1,0,0,0,0,0,high_season,synthetic
SYN_0159,kurir,11,3,1771000,1,0,0,0,0,0,high_season,synthetic
SYN_0159,kurir,12,4,2095000,1,0,0,0,0,1,high_season,synthetic
SYN_0159,kurir,13,1,1636000,1,0,0,0,0,0,high_season,synthetic
SYN_0159,kurir,14,2,2262000,0,1,0,0,0,0,high_season,synthetic
SYN_0159,kurir,15,3,815000,0,0,1,0,0,0,low_season,synthetic
SYN_0159,kurir,16,4,1080000,0,0,1,0,0,1,low_season,synthetic
SYN_0159,kurir,17,1,1047000,0,0,0,0,0,0,normal,synthetic
SYN_0159,kurir,18,2,1100000,0,0,0,0,0,0,normal,synthetic
SYN_0159,kurir,19,3,1132000,0,0,0,0,0,0,normal,synthetic
SYN_0159,kurir,20,4,1440000,0,0,0,0,0,1,normal,synthetic
SYN_0159,kurir,21,1,1156000,0,0,0,0,0,0,normal,synthetic
SYN_0159,kurir,22,2,1173000,0,0,0,0,0,0,normal,synthetic
SYN_0159,kurir,23,3,1103000,0,0,0,0,0,0,normal,synthetic
SYN_0159,kurir,24,4,1586000,0,0,0,0,0,1,normal,synthetic
SYN_0159,kurir,25,1,922000,0,0,0,0,0,0,normal,synthetic
SYN_0159,kurir,26,2,1104000,0,0,0,0,0,0,normal,synthetic
SYN_0159,kurir,27,3,1265000,0,0,0,0,0,0,normal,synthetic
SYN_0159,kurir,28,4,1626000,0,0,0,0,0,1,normal,synthetic
SYN_0159,kurir,29,1,1100000,0,0,0,0,0,0,normal,synthetic
SYN_0159,kurir,30,2,1198000,0,0,0,0,0,0,normal,synthetic
SYN_0159,kurir,31,3,1142000,0,0,0,0,0,0,normal,synthetic
SYN_0159,kurir,32,4,1475000,0,0,0,0,0,1,normal,synthetic
SYN_0159,kurir,33,1,1067000,0,0,0,0,0,0,normal,synthetic
SYN_0159,kurir,34,2,1095000,0,0,0,0,0,0,normal,synthetic
SYN_0159,kurir,35,3,1141000,0,0,0,0,0,0,normal,synthetic
SYN_0159,kurir,36,4,1300000,0,0,0,0,0,1,normal,synthetic
SYN_0159,kurir,37,1,1057000,0,0,0,0,0,0,normal,synthetic
SYN_0159,kurir,38,2,1189000,0,0,0,0,0,0,normal,synthetic
SYN_0159,kurir,39,3,1341000,0,0,0,0,0,0,normal,synthetic
SYN_0159,kurir,40,4,1333000,0,0,0,0,0,1,normal,synthetic
SYN_0159,kurir,41,1,1038000,0,0,0,0,0,0,normal,synthetic
SYN_0159,kurir,42,2,1302000,0,0,0,0,0,0,normal,synthetic
SYN_0159,kurir,43,3,1359000,0,0,0,0,0,0,normal,synthetic
SYN_0159,kurir,44,4,1466000,0,0,0,0,0,1,normal,synthetic
SYN_0159,kurir,45,1,1032000,0,0,0,0,0,0,normal,synthetic
SYN_0159,kurir,46,2,1124000,0,0,0,0,0,0,normal,synthetic
SYN_0159,kurir,47,3,982000,0,0,0,0,0,0,normal,synthetic
SYN_0159,kurir,48,4,1292000,0,0,0,0,0,1,normal,synthetic
SYN_0159,kurir,49,1,1384000,0,0,0,1,0,0,high_season,synthetic
SYN_0159,kurir,50,2,1500000,0,0,0,1,0,0,high_season,synthetic
SYN_0159,kurir,51,3,1608000,0,0,0,1,0,0,high_season,synthetic
SYN_0159,kurir,52,4,1798000,0,0,0,1,0,1,high_season,synthetic
SYN_0160,freelancer_it,1,1,17184000,0,0,0,0,1,0,low_season,synthetic
SYN_0160,freelancer_it,2,2,15308000,0,0,0,0,1,0,low_season,synthetic
SYN_0160,freelancer_it,3,3,14820000,0,0,0,0,1,0,low_season,synthetic
SYN_0160,freelancer_it,4,4,17527000,0,0,0,0,1,1,low_season,synthetic
SYN_0160,freelancer_it,5,1,12694000,0,0,0,0,1,0,low_season,synthetic
SYN_0160,freelancer_it,6,2,17226000,0,0,0,0,1,0,low_season,synthetic
SYN_0160,freelancer_it,7,3,15029000,0,0,0,0,0,0,normal,synthetic
SYN_0160,freelancer_it,8,4,22233000,0,0,0,0,0,1,normal,synthetic
SYN_0160,freelancer_it,9,1,15050000,0,0,0,0,0,0,normal,synthetic
SYN_0160,freelancer_it,10,2,22891000,1,0,0,0,0,0,high_season,synthetic
SYN_0160,freelancer_it,11,3,34903000,1,0,0,0,0,0,high_season,synthetic
SYN_0160,freelancer_it,12,4,32555000,1,0,0,0,0,1,high_season,synthetic
SYN_0160,freelancer_it,13,1,25043000,1,0,0,0,0,0,high_season,synthetic
SYN_0160,freelancer_it,14,2,35854000,0,1,0,0,0,0,high_season,synthetic
SYN_0160,freelancer_it,15,3,9909000,0,0,1,0,0,0,low_season,synthetic
SYN_0160,freelancer_it,16,4,18487000,0,0,1,0,0,1,low_season,synthetic
SYN_0160,freelancer_it,17,1,10319000,0,0,0,0,0,0,normal,synthetic
SYN_0160,freelancer_it,18,2,15771000,0,0,0,0,0,0,normal,synthetic
SYN_0160,freelancer_it,19,3,16537000,0,0,0,0,0,0,normal,synthetic
SYN_0160,freelancer_it,20,4,22935000,0,0,0,0,0,1,normal,synthetic
SYN_0160,freelancer_it,21,1,16393000,0,0,0,0,0,0,normal,synthetic
SYN_0160,freelancer_it,22,2,17260000,0,0,0,0,0,0,normal,synthetic
SYN_0160,freelancer_it,23,3,17643000,0,0,0,0,0,0,normal,synthetic
SYN_0160,freelancer_it,24,4,18304000,0,0,0,0,0,1,normal,synthetic
SYN_0160,freelancer_it,25,1,12572000,0,0,0,0,0,0,normal,synthetic
SYN_0160,freelancer_it,26,2,19470000,0,0,0,0,0,0,normal,synthetic
SYN_0160,freelancer_it,27,3,19389000,0,0,0,0,0,0,normal,synthetic
SYN_0160,freelancer_it,28,4,25912000,0,0,0,0,0,1,normal,synthetic
SYN_0160,freelancer_it,29,1,14146000,0,0,0,0,0,0,normal,synthetic
SYN_0160,freelancer_it,30,2,19387000,0,0,0,0,0,0,normal,synthetic
SYN_0160,freelancer_it,31,3,16971000,0,0,0,0,0,0,normal,synthetic
SYN_0160,freelancer_it,32,4,24742000,0,0,0,0,0,1,normal,synthetic
SYN_0160,freelancer_it,33,1,18181000,0,0,0,0,0,0,normal,synthetic
SYN_0160,freelancer_it,34,2,18195000,0,0,0,0,0,0,normal,synthetic
SYN_0160,freelancer_it,35,3,16833000,0,0,0,0,0,0,normal,synthetic
SYN_0160,freelancer_it,36,4,24061000,0,0,0,0,0,1,normal,synthetic
SYN_0160,freelancer_it,37,1,17346000,0,0,0,0,0,0,normal,synthetic
SYN_0160,freelancer_it,38,2,15979000,0,0,0,0,0,0,normal,synthetic
SYN_0160,freelancer_it,39,3,14388000,0,0,0,0,0,0,normal,synthetic
SYN_0160,freelancer_it,40,4,20351000,0,0,0,0,0,1,normal,synthetic
SYN_0160,freelancer_it,41,1,19280000,0,0,0,0,0,0,normal,synthetic
SYN_0160,freelancer_it,42,2,20510000,0,0,0,0,0,0,normal,synthetic
SYN_0160,freelancer_it,43,3,14921000,0,0,0,0,0,0,normal,synthetic
SYN_0160,freelancer_it,44,4,17740000,0,0,0,0,0,1,normal,synthetic
SYN_0160,freelancer_it,45,1,18744000,0,0,0,0,0,0,normal,synthetic
SYN_0160,freelancer_it,46,2,14863000,0,0,0,0,0,0,normal,synthetic
SYN_0160,freelancer_it,47,3,18933000,0,0,0,0,0,0,normal,synthetic
SYN_0160,freelancer_it,48,4,19378000,0,0,0,0,0,1,normal,synthetic
SYN_0160,freelancer_it,49,1,25358000,0,0,0,1,0,0,high_season,synthetic
SYN_0160,freelancer_it,50,2,20497000,0,0,0,1,0,0,high_season,synthetic
SYN_0160,freelancer_it,51,3,26652000,0,0,0,1,0,0,high_season,synthetic
SYN_0160,freelancer_it,52,4,28283000,0,0,0,1,0,1,high_season,synthetic
SYN_0161,kurir,1,1,707000,0,0,0,0,1,0,low_season,synthetic
SYN_0161,kurir,2,2,670000,0,0,0,0,1,0,low_season,synthetic
SYN_0161,kurir,3,3,610000,0,0,0,0,1,0,low_season,synthetic
SYN_0161,kurir,4,4,735000,0,0,0,0,1,1,low_season,synthetic
SYN_0161,kurir,5,1,552000,0,0,0,0,1,0,low_season,synthetic
SYN_0161,kurir,6,2,728000,0,0,0,0,1,0,low_season,synthetic
SYN_0161,kurir,7,3,795000,0,0,0,0,0,0,normal,synthetic
SYN_0161,kurir,8,4,850000,0,0,0,0,0,1,normal,synthetic
SYN_0161,kurir,9,1,591000,0,0,0,0,0,0,normal,synthetic
SYN_0161,kurir,10,2,1181000,1,0,0,0,0,0,high_season,synthetic
SYN_0161,kurir,11,3,1148000,1,0,0,0,0,0,high_season,synthetic
SYN_0161,kurir,12,4,1362000,1,0,0,0,0,1,high_season,synthetic
SYN_0161,kurir,13,1,955000,1,0,0,0,0,0,high_season,synthetic
SYN_0161,kurir,14,2,1256000,0,1,0,0,0,0,high_season,synthetic
SYN_0161,kurir,15,3,593000,0,0,1,0,0,0,low_season,synthetic
SYN_0161,kurir,16,4,716000,0,0,1,0,0,1,low_season,synthetic
SYN_0161,kurir,17,1,701000,0,0,0,0,0,0,normal,synthetic
SYN_0161,kurir,18,2,800000,0,0,0,0,0,0,normal,synthetic
SYN_0161,kurir,19,3,752000,0,0,0,0,0,0,normal,synthetic
SYN_0161,kurir,20,4,778000,0,0,0,0,0,1,normal,synthetic
SYN_0161,kurir,21,1,606000,0,0,0,0,0,0,normal,synthetic
SYN_0161,kurir,22,2,812000,0,0,0,0,0,0,normal,synthetic
SYN_0161,kurir,23,3,820000,0,0,0,0,0,0,normal,synthetic
SYN_0161,kurir,24,4,967000,0,0,0,0,0,1,normal,synthetic
SYN_0161,kurir,25,1,684000,0,0,0,0,0,0,normal,synthetic
SYN_0161,kurir,26,2,808000,0,0,0,0,0,0,normal,synthetic
SYN_0161,kurir,27,3,733000,0,0,0,0,0,0,normal,synthetic
SYN_0161,kurir,28,4,933000,0,0,0,0,0,1,normal,synthetic
SYN_0161,kurir,29,1,651000,0,0,0,0,0,0,normal,synthetic
SYN_0161,kurir,30,2,669000,0,0,0,0,0,0,normal,synthetic
SYN_0161,kurir,31,3,793000,0,0,0,0,0,0,normal,synthetic
SYN_0161,kurir,32,4,984000,0,0,0,0,0,1,normal,synthetic
SYN_0161,kurir,33,1,808000,0,0,0,0,0,0,normal,synthetic
SYN_0161,kurir,34,2,754000,0,0,0,0,0,0,normal,synthetic
SYN_0161,kurir,35,3,669000,0,0,0,0,0,0,normal,synthetic
SYN_0161,kurir,36,4,859000,0,0,0,0,0,1,normal,synthetic
SYN_0161,kurir,37,1,656000,0,0,0,0,0,0,normal,synthetic
SYN_0161,kurir,38,2,747000,0,0,0,0,0,0,normal,synthetic
SYN_0161,kurir,39,3,768000,0,0,0,0,0,0,normal,synthetic
SYN_0161,kurir,40,4,913000,0,0,0,0,0,1,normal,synthetic
SYN_0161,kurir,41,1,709000,0,0,0,0,0,0,normal,synthetic
SYN_0161,kurir,42,2,750000,0,0,0,0,0,0,normal,synthetic
SYN_0161,kurir,43,3,593000,0,0,0,0,0,0,normal,synthetic
SYN_0161,kurir,44,4,902000,0,0,0,0,0,1,normal,synthetic
SYN_0161,kurir,45,1,669000,0,0,0,0,0,0,normal,synthetic
SYN_0161,kurir,46,2,773000,0,0,0,0,0,0,normal,synthetic
SYN_0161,kurir,47,3,714000,0,0,0,0,0,0,normal,synthetic
SYN_0161,kurir,48,4,902000,0,0,0,0,0,1,normal,synthetic
SYN_0161,kurir,49,1,905000,0,0,0,1,0,0,high_season,synthetic
SYN_0161,kurir,50,2,945000,0,0,0,1,0,0,high_season,synthetic
SYN_0161,kurir,51,3,1015000,0,0,0,1,0,0,high_season,synthetic
SYN_0161,kurir,52,4,1157000,0,0,0,1,0,1,high_season,synthetic
SYN_0162,ojek_online,1,1,866000,0,0,0,0,1,0,low_season,synthetic
SYN_0162,ojek_online,2,2,1064000,0,0,0,0,1,0,low_season,synthetic
SYN_0162,ojek_online,3,3,1220000,0,0,0,0,1,0,low_season,synthetic
SYN_0162,ojek_online,4,4,978000,0,0,0,0,1,1,low_season,synthetic
SYN_0162,ojek_online,5,1,860000,0,0,0,0,1,0,low_season,synthetic
SYN_0162,ojek_online,6,2,839000,0,0,0,0,1,0,low_season,synthetic
SYN_0162,ojek_online,7,3,1339000,0,0,0,0,0,0,normal,synthetic
SYN_0162,ojek_online,8,4,1274000,0,0,0,0,0,1,normal,synthetic
SYN_0162,ojek_online,9,1,858000,0,0,0,0,0,0,normal,synthetic
SYN_0162,ojek_online,10,2,1766000,1,0,0,0,0,0,high_season,synthetic
SYN_0162,ojek_online,11,3,1970000,1,0,0,0,0,0,high_season,synthetic
SYN_0162,ojek_online,12,4,2125000,1,0,0,0,0,1,high_season,synthetic
SYN_0162,ojek_online,13,1,1518000,1,0,0,0,0,0,high_season,synthetic
SYN_0162,ojek_online,14,2,2080000,0,1,0,0,0,0,high_season,synthetic
SYN_0162,ojek_online,15,3,922000,0,0,1,0,0,0,low_season,synthetic
SYN_0162,ojek_online,16,4,861000,0,0,1,0,0,1,low_season,synthetic
SYN_0162,ojek_online,17,1,1010000,0,0,0,0,0,0,normal,synthetic
SYN_0162,ojek_online,18,2,1079000,0,0,0,0,0,0,normal,synthetic
SYN_0162,ojek_online,19,3,988000,0,0,0,0,0,0,normal,synthetic
SYN_0162,ojek_online,20,4,1314000,0,0,0,0,0,1,normal,synthetic
SYN_0162,ojek_online,21,1,1150000,0,0,0,0,0,0,normal,synthetic
SYN_0162,ojek_online,22,2,1209000,0,0,0,0,0,0,normal,synthetic
SYN_0162,ojek_online,23,3,1219000,0,0,0,0,0,0,normal,synthetic
SYN_0162,ojek_online,24,4,1386000,0,0,0,0,0,1,normal,synthetic
SYN_0162,ojek_online,25,1,1083000,0,0,0,0,0,0,normal,synthetic
SYN_0162,ojek_online,26,2,1035000,0,0,0,0,0,0,normal,synthetic
SYN_0162,ojek_online,27,3,1097000,0,0,0,0,0,0,normal,synthetic
SYN_0162,ojek_online,28,4,1393000,0,0,0,0,0,1,normal,synthetic
SYN_0162,ojek_online,29,1,1055000,0,0,0,0,0,0,normal,synthetic
SYN_0162,ojek_online,30,2,1178000,0,0,0,0,0,0,normal,synthetic
SYN_0162,ojek_online,31,3,1119000,0,0,0,0,0,0,normal,synthetic
SYN_0162,ojek_online,32,4,1306000,0,0,0,0,0,1,normal,synthetic
SYN_0162,ojek_online,33,1,1385000,0,0,0,0,0,0,normal,synthetic
SYN_0162,ojek_online,34,2,1252000,0,0,0,0,0,0,normal,synthetic
SYN_0162,ojek_online,35,3,1189000,0,0,0,0,0,0,normal,synthetic
SYN_0162,ojek_online,36,4,1328000,0,0,0,0,0,1,normal,synthetic
SYN_0162,ojek_online,37,1,971000,0,0,0,0,0,0,normal,synthetic
SYN_0162,ojek_online,38,2,1120000,0,0,0,0,0,0,normal,synthetic
SYN_0162,ojek_online,39,3,1174000,0,0,0,0,0,0,normal,synthetic
SYN_0162,ojek_online,40,4,1077000,0,0,0,0,0,1,normal,synthetic
SYN_0162,ojek_online,41,1,843000,0,0,0,0,0,0,normal,synthetic
SYN_0162,ojek_online,42,2,1056000,0,0,0,0,0,0,normal,synthetic
SYN_0162,ojek_online,43,3,1163000,0,0,0,0,0,0,normal,synthetic
SYN_0162,ojek_online,44,4,1328000,0,0,0,0,0,1,normal,synthetic
SYN_0162,ojek_online,45,1,1192000,0,0,0,0,0,0,normal,synthetic
SYN_0162,ojek_online,46,2,948000,0,0,0,0,0,0,normal,synthetic
SYN_0162,ojek_online,47,3,1041000,0,0,0,0,0,0,normal,synthetic
SYN_0162,ojek_online,48,4,1596000,0,0,0,0,0,1,normal,synthetic
SYN_0162,ojek_online,49,1,1350000,0,0,0,1,0,0,high_season,synthetic
SYN_0162,ojek_online,50,2,1624000,0,0,0,1,0,0,high_season,synthetic
SYN_0162,ojek_online,51,3,1817000,0,0,0,1,0,0,high_season,synthetic
SYN_0162,ojek_online,52,4,1636000,0,0,0,1,0,1,high_season,synthetic
SYN_0163,jualan_online,1,1,14579000,0,0,0,0,1,0,low_season,synthetic
SYN_0163,jualan_online,2,2,24406000,0,0,0,0,1,0,low_season,synthetic
SYN_0163,jualan_online,3,3,18741000,0,0,0,0,1,0,low_season,synthetic
SYN_0163,jualan_online,4,4,27449000,0,0,0,0,1,1,low_season,synthetic
SYN_0163,jualan_online,5,1,21106000,0,0,0,0,1,0,low_season,synthetic
SYN_0163,jualan_online,6,2,22327000,0,0,0,0,1,0,low_season,synthetic
SYN_0163,jualan_online,7,3,26678000,0,0,0,0,0,0,normal,synthetic
SYN_0163,jualan_online,8,4,35200000,0,0,0,0,0,1,normal,synthetic
SYN_0163,jualan_online,9,1,20567000,0,0,0,0,0,0,normal,synthetic
SYN_0163,jualan_online,10,2,37341000,1,0,0,0,0,0,high_season,synthetic
SYN_0163,jualan_online,11,3,35629000,1,0,0,0,0,0,high_season,synthetic
SYN_0163,jualan_online,12,4,34242000,1,0,0,0,0,1,high_season,synthetic
SYN_0163,jualan_online,13,1,34089000,1,0,0,0,0,0,high_season,synthetic
SYN_0163,jualan_online,14,2,50830000,0,1,0,0,0,0,high_season,synthetic
SYN_0163,jualan_online,15,3,20597000,0,0,1,0,0,0,low_season,synthetic
SYN_0163,jualan_online,16,4,25942000,0,0,1,0,0,1,low_season,synthetic
SYN_0163,jualan_online,17,1,17891000,0,0,0,0,0,0,normal,synthetic
SYN_0163,jualan_online,18,2,30189000,0,0,0,0,0,0,normal,synthetic
SYN_0163,jualan_online,19,3,25814000,0,0,0,0,0,0,normal,synthetic
SYN_0163,jualan_online,20,4,36125000,0,0,0,0,0,1,normal,synthetic
SYN_0163,jualan_online,21,1,21652000,0,0,0,0,0,0,normal,synthetic
SYN_0163,jualan_online,22,2,23645000,0,0,0,0,0,0,normal,synthetic
SYN_0163,jualan_online,23,3,21571000,0,0,0,0,0,0,normal,synthetic
SYN_0163,jualan_online,24,4,33127000,0,0,0,0,0,1,normal,synthetic
SYN_0163,jualan_online,25,1,24132000,0,0,0,0,0,0,normal,synthetic
SYN_0163,jualan_online,26,2,21869000,0,0,0,0,0,0,normal,synthetic
SYN_0163,jualan_online,27,3,18696000,0,0,0,0,0,0,normal,synthetic
SYN_0163,jualan_online,28,4,31815000,0,0,0,0,0,1,normal,synthetic
SYN_0163,jualan_online,29,1,24172000,0,0,0,0,0,0,normal,synthetic
SYN_0163,jualan_online,30,2,22263000,0,0,0,0,0,0,normal,synthetic
SYN_0163,jualan_online,31,3,21654000,0,0,0,0,0,0,normal,synthetic
SYN_0163,jualan_online,32,4,32690000,0,0,0,0,0,1,normal,synthetic
SYN_0163,jualan_online,33,1,27792000,0,0,0,0,0,0,normal,synthetic
SYN_0163,jualan_online,34,2,23754000,0,0,0,0,0,0,normal,synthetic
SYN_0163,jualan_online,35,3,22588000,0,0,0,0,0,0,normal,synthetic
SYN_0163,jualan_online,36,4,31392000,0,0,0,0,0,1,normal,synthetic
SYN_0163,jualan_online,37,1,24461000,0,0,0,0,0,0,normal,synthetic
SYN_0163,jualan_online,38,2,24150000,0,0,0,0,0,0,normal,synthetic
SYN_0163,jualan_online,39,3,31391000,0,0,0,0,0,0,normal,synthetic
SYN_0163,jualan_online,40,4,33584000,0,0,0,0,0,1,normal,synthetic
SYN_0163,jualan_online,41,1,21689000,0,0,0,0,0,0,normal,synthetic
SYN_0163,jualan_online,42,2,20428000,0,0,0,0,0,0,normal,synthetic
SYN_0163,jualan_online,43,3,29252000,0,0,0,0,0,0,normal,synthetic
SYN_0163,jualan_online,44,4,34639000,0,0,0,0,0,1,normal,synthetic
SYN_0163,jualan_online,45,1,21903000,0,0,0,0,0,0,normal,synthetic
SYN_0163,jualan_online,46,2,26316000,0,0,0,0,0,0,normal,synthetic
SYN_0163,jualan_online,47,3,24798000,0,0,0,0,0,0,normal,synthetic
SYN_0163,jualan_online,48,4,32198000,0,0,0,0,0,1,normal,synthetic
SYN_0163,jualan_online,49,1,25913000,0,0,0,1,0,0,high_season,synthetic
SYN_0163,jualan_online,50,2,28231000,0,0,0,1,0,0,high_season,synthetic
SYN_0163,jualan_online,51,3,36025000,0,0,0,1,0,0,high_season,synthetic
SYN_0163,jualan_online,52,4,43829000,0,0,0,1,0,1,high_season,synthetic
SYN_0164,freelancer_desain,1,1,20662000,0,0,0,0,1,0,low_season,synthetic
SYN_0164,freelancer_desain,2,2,14623000,0,0,0,0,1,0,low_season,synthetic
SYN_0164,freelancer_desain,3,3,18583000,0,0,0,0,1,0,low_season,synthetic
SYN_0164,freelancer_desain,4,4,25768000,0,0,0,0,1,1,low_season,synthetic
SYN_0164,freelancer_desain,5,1,20932000,0,0,0,0,1,0,low_season,synthetic
SYN_0164,freelancer_desain,6,2,24225000,0,0,0,0,1,0,low_season,synthetic
SYN_0164,freelancer_desain,7,3,25969000,0,0,0,0,0,0,normal,synthetic
SYN_0164,freelancer_desain,8,4,32072000,0,0,0,0,0,1,normal,synthetic
SYN_0164,freelancer_desain,9,1,23155000,0,0,0,0,0,0,normal,synthetic
SYN_0164,freelancer_desain,10,2,40844000,1,0,0,0,0,0,high_season,synthetic
SYN_0164,freelancer_desain,11,3,38649000,1,0,0,0,0,0,high_season,synthetic
SYN_0164,freelancer_desain,12,4,44632000,1,0,0,0,0,1,high_season,synthetic
SYN_0164,freelancer_desain,13,1,31703000,1,0,0,0,0,0,high_season,synthetic
SYN_0164,freelancer_desain,14,2,44999000,0,1,0,0,0,0,high_season,synthetic
SYN_0164,freelancer_desain,15,3,19146000,0,0,1,0,0,0,low_season,synthetic
SYN_0164,freelancer_desain,16,4,22235000,0,0,1,0,0,1,low_season,synthetic
SYN_0164,freelancer_desain,17,1,24237000,0,0,0,0,0,0,normal,synthetic
SYN_0164,freelancer_desain,18,2,30837000,0,0,0,0,0,0,normal,synthetic
SYN_0164,freelancer_desain,19,3,26460000,0,0,0,0,0,0,normal,synthetic
SYN_0164,freelancer_desain,20,4,27297000,0,0,0,0,0,1,normal,synthetic
SYN_0164,freelancer_desain,21,1,26075000,0,0,0,0,0,0,normal,synthetic
SYN_0164,freelancer_desain,22,2,19835000,0,0,0,0,0,0,normal,synthetic
SYN_0164,freelancer_desain,23,3,20992000,0,0,0,0,0,0,normal,synthetic
SYN_0164,freelancer_desain,24,4,32097000,0,0,0,0,0,1,normal,synthetic
SYN_0164,freelancer_desain,25,1,24733000,0,0,0,0,0,0,normal,synthetic
SYN_0164,freelancer_desain,26,2,20327000,0,0,0,0,0,0,normal,synthetic
SYN_0164,freelancer_desain,27,3,23829000,0,0,0,0,0,0,normal,synthetic
SYN_0164,freelancer_desain,28,4,27506000,0,0,0,0,0,1,normal,synthetic
SYN_0164,freelancer_desain,29,1,21066000,0,0,0,0,0,0,normal,synthetic
SYN_0164,freelancer_desain,30,2,29216000,0,0,0,0,0,0,normal,synthetic
SYN_0164,freelancer_desain,31,3,28253000,0,0,0,0,0,0,normal,synthetic
SYN_0164,freelancer_desain,32,4,30367000,0,0,0,0,0,1,normal,synthetic
SYN_0164,freelancer_desain,33,1,20850000,0,0,0,0,0,0,normal,synthetic
SYN_0164,freelancer_desain,34,2,19902000,0,0,0,0,0,0,normal,synthetic
SYN_0164,freelancer_desain,35,3,31151000,0,0,0,0,0,0,normal,synthetic
SYN_0164,freelancer_desain,36,4,33346000,0,0,0,0,0,1,normal,synthetic
SYN_0164,freelancer_desain,37,1,20262000,0,0,0,0,0,0,normal,synthetic
SYN_0164,freelancer_desain,38,2,28306000,0,0,0,0,0,0,normal,synthetic
SYN_0164,freelancer_desain,39,3,25098000,0,0,0,0,0,0,normal,synthetic
SYN_0164,freelancer_desain,40,4,29061000,0,0,0,0,0,1,normal,synthetic
SYN_0164,freelancer_desain,41,1,24436000,0,0,0,0,0,0,normal,synthetic
SYN_0164,freelancer_desain,42,2,22372000,0,0,0,0,0,0,normal,synthetic
SYN_0164,freelancer_desain,43,3,23987000,0,0,0,0,0,0,normal,synthetic
SYN_0164,freelancer_desain,44,4,31052000,0,0,0,0,0,1,normal,synthetic
SYN_0164,freelancer_desain,45,1,21020000,0,0,0,0,0,0,normal,synthetic
SYN_0164,freelancer_desain,46,2,28101000,0,0,0,0,0,0,normal,synthetic
SYN_0164,freelancer_desain,47,3,32975000,0,0,0,0,0,0,normal,synthetic
SYN_0164,freelancer_desain,48,4,26784000,0,0,0,0,0,1,normal,synthetic
SYN_0164,freelancer_desain,49,1,21786000,0,0,0,1,0,0,high_season,synthetic
SYN_0164,freelancer_desain,50,2,22430000,0,0,0,1,0,0,high_season,synthetic
SYN_0164,freelancer_desain,51,3,32204000,0,0,0,1,0,0,high_season,synthetic
SYN_0164,freelancer_desain,52,4,35397000,0,0,0,1,0,1,high_season,synthetic
SYN_0165,freelancer_desain,1,1,28046000,0,0,0,0,1,0,low_season,synthetic
SYN_0165,freelancer_desain,2,2,35220000,0,0,0,0,1,0,low_season,synthetic
SYN_0165,freelancer_desain,3,3,24792000,0,0,0,0,1,0,low_season,synthetic
SYN_0165,freelancer_desain,4,4,40567000,0,0,0,0,1,1,low_season,synthetic
SYN_0165,freelancer_desain,5,1,23762000,0,0,0,0,1,0,low_season,synthetic
SYN_0165,freelancer_desain,6,2,23729000,0,0,0,0,1,0,low_season,synthetic
SYN_0165,freelancer_desain,7,3,33825000,0,0,0,0,0,0,normal,synthetic
SYN_0165,freelancer_desain,8,4,31803000,0,0,0,0,0,1,normal,synthetic
SYN_0165,freelancer_desain,9,1,31485000,0,0,0,0,0,0,normal,synthetic
SYN_0165,freelancer_desain,10,2,70932000,1,0,0,0,0,0,high_season,synthetic
SYN_0165,freelancer_desain,11,3,55507000,1,0,0,0,0,0,high_season,synthetic
SYN_0165,freelancer_desain,12,4,55647000,1,0,0,0,0,1,high_season,synthetic
SYN_0165,freelancer_desain,13,1,49593000,1,0,0,0,0,0,high_season,synthetic
SYN_0165,freelancer_desain,14,2,48438000,0,1,0,0,0,0,high_season,synthetic
SYN_0165,freelancer_desain,15,3,19987000,0,0,1,0,0,0,low_season,synthetic
SYN_0165,freelancer_desain,16,4,26985000,0,0,1,0,0,1,low_season,synthetic
SYN_0165,freelancer_desain,17,1,29685000,0,0,0,0,0,0,normal,synthetic
SYN_0165,freelancer_desain,18,2,25796000,0,0,0,0,0,0,normal,synthetic
SYN_0165,freelancer_desain,19,3,30932000,0,0,0,0,0,0,normal,synthetic
SYN_0165,freelancer_desain,20,4,38129000,0,0,0,0,0,1,normal,synthetic
SYN_0165,freelancer_desain,21,1,36496000,0,0,0,0,0,0,normal,synthetic
SYN_0165,freelancer_desain,22,2,25796000,0,0,0,0,0,0,normal,synthetic
SYN_0165,freelancer_desain,23,3,25313000,0,0,0,0,0,0,normal,synthetic
SYN_0165,freelancer_desain,24,4,40129000,0,0,0,0,0,1,normal,synthetic
SYN_0165,freelancer_desain,25,1,34665000,0,0,0,0,0,0,normal,synthetic
SYN_0165,freelancer_desain,26,2,35397000,0,0,0,0,0,0,normal,synthetic
SYN_0165,freelancer_desain,27,3,34102000,0,0,0,0,0,0,normal,synthetic
SYN_0165,freelancer_desain,28,4,37230000,0,0,0,0,0,1,normal,synthetic
SYN_0165,freelancer_desain,29,1,32441000,0,0,0,0,0,0,normal,synthetic
SYN_0165,freelancer_desain,30,2,36830000,0,0,0,0,0,0,normal,synthetic
SYN_0165,freelancer_desain,31,3,31188000,0,0,0,0,0,0,normal,synthetic
SYN_0165,freelancer_desain,32,4,33108000,0,0,0,0,0,1,normal,synthetic
SYN_0165,freelancer_desain,33,1,24861000,0,0,0,0,0,0,normal,synthetic
SYN_0165,freelancer_desain,34,2,37100000,0,0,0,0,0,0,normal,synthetic
SYN_0165,freelancer_desain,35,3,24490000,0,0,0,0,0,0,normal,synthetic
SYN_0165,freelancer_desain,36,4,49506000,0,0,0,0,0,1,normal,synthetic
SYN_0165,freelancer_desain,37,1,27138000,0,0,0,0,0,0,normal,synthetic
SYN_0165,freelancer_desain,38,2,34138000,0,0,0,0,0,0,normal,synthetic
SYN_0165,freelancer_desain,39,3,36179000,0,0,0,0,0,0,normal,synthetic
SYN_0165,freelancer_desain,40,4,34762000,0,0,0,0,0,1,normal,synthetic
SYN_0165,freelancer_desain,41,1,27120000,0,0,0,0,0,0,normal,synthetic
SYN_0165,freelancer_desain,42,2,33214000,0,0,0,0,0,0,normal,synthetic
SYN_0165,freelancer_desain,43,3,28084000,0,0,0,0,0,0,normal,synthetic
SYN_0165,freelancer_desain,44,4,32365000,0,0,0,0,0,1,normal,synthetic
SYN_0165,freelancer_desain,45,1,24694000,0,0,0,0,0,0,normal,synthetic
SYN_0165,freelancer_desain,46,2,38819000,0,0,0,0,0,0,normal,synthetic
SYN_0165,freelancer_desain,47,3,34598000,0,0,0,0,0,0,normal,synthetic
SYN_0165,freelancer_desain,48,4,34079000,0,0,0,0,0,1,normal,synthetic
SYN_0165,freelancer_desain,49,1,43371000,0,0,0,1,0,0,high_season,synthetic
SYN_0165,freelancer_desain,50,2,37293000,0,0,0,1,0,0,high_season,synthetic
SYN_0165,freelancer_desain,51,3,29089000,0,0,0,1,0,0,high_season,synthetic
SYN_0165,freelancer_desain,52,4,56399000,0,0,0,1,0,1,high_season,synthetic
SYN_0166,kurir,1,1,1250000,0,0,0,0,1,0,low_season,synthetic
SYN_0166,kurir,2,2,1252000,0,0,0,0,1,0,low_season,synthetic
SYN_0166,kurir,3,3,1094000,0,0,0,0,1,0,low_season,synthetic
SYN_0166,kurir,4,4,1436000,0,0,0,0,1,1,low_season,synthetic
SYN_0166,kurir,5,1,982000,0,0,0,0,1,0,low_season,synthetic
SYN_0166,kurir,6,2,1279000,0,0,0,0,1,0,low_season,synthetic
SYN_0166,kurir,7,3,1254000,0,0,0,0,0,0,normal,synthetic
SYN_0166,kurir,8,4,1663000,0,0,0,0,0,1,normal,synthetic
SYN_0166,kurir,9,1,1168000,0,0,0,0,0,0,normal,synthetic
SYN_0166,kurir,10,2,2087000,1,0,0,0,0,0,high_season,synthetic
SYN_0166,kurir,11,3,1998000,1,0,0,0,0,0,high_season,synthetic
SYN_0166,kurir,12,4,2516000,1,0,0,0,0,1,high_season,synthetic
SYN_0166,kurir,13,1,1862000,1,0,0,0,0,0,high_season,synthetic
SYN_0166,kurir,14,2,2275000,0,1,0,0,0,0,high_season,synthetic
SYN_0166,kurir,15,3,1052000,0,0,1,0,0,0,low_season,synthetic
SYN_0166,kurir,16,4,1191000,0,0,1,0,0,1,low_season,synthetic
SYN_0166,kurir,17,1,1170000,0,0,0,0,0,0,normal,synthetic
SYN_0166,kurir,18,2,1704000,0,0,0,0,0,0,normal,synthetic
SYN_0166,kurir,19,3,1483000,0,0,0,0,0,0,normal,synthetic
SYN_0166,kurir,20,4,1685000,0,0,0,0,0,1,normal,synthetic
SYN_0166,kurir,21,1,1441000,0,0,0,0,0,0,normal,synthetic
SYN_0166,kurir,22,2,1654000,0,0,0,0,0,0,normal,synthetic
SYN_0166,kurir,23,3,1405000,0,0,0,0,0,0,normal,synthetic
SYN_0166,kurir,24,4,1761000,0,0,0,0,0,1,normal,synthetic
SYN_0166,kurir,25,1,1170000,0,0,0,0,0,0,normal,synthetic
SYN_0166,kurir,26,2,1405000,0,0,0,0,0,0,normal,synthetic
SYN_0166,kurir,27,3,1399000,0,0,0,0,0,0,normal,synthetic
SYN_0166,kurir,28,4,1736000,0,0,0,0,0,1,normal,synthetic
SYN_0166,kurir,29,1,1319000,0,0,0,0,0,0,normal,synthetic
SYN_0166,kurir,30,2,1494000,0,0,0,0,0,0,normal,synthetic
SYN_0166,kurir,31,3,1453000,0,0,0,0,0,0,normal,synthetic
SYN_0166,kurir,32,4,1526000,0,0,0,0,0,1,normal,synthetic
SYN_0166,kurir,33,1,1175000,0,0,0,0,0,0,normal,synthetic
SYN_0166,kurir,34,2,1355000,0,0,0,0,0,0,normal,synthetic
SYN_0166,kurir,35,3,1388000,0,0,0,0,0,0,normal,synthetic
SYN_0166,kurir,36,4,1866000,0,0,0,0,0,1,normal,synthetic
SYN_0166,kurir,37,1,1150000,0,0,0,0,0,0,normal,synthetic
SYN_0166,kurir,38,2,1379000,0,0,0,0,0,0,normal,synthetic
SYN_0166,kurir,39,3,1543000,0,0,0,0,0,0,normal,synthetic
SYN_0166,kurir,40,4,1663000,0,0,0,0,0,1,normal,synthetic
SYN_0166,kurir,41,1,1333000,0,0,0,0,0,0,normal,synthetic
SYN_0166,kurir,42,2,1406000,0,0,0,0,0,0,normal,synthetic
SYN_0166,kurir,43,3,1456000,0,0,0,0,0,0,normal,synthetic
SYN_0166,kurir,44,4,1674000,0,0,0,0,0,1,normal,synthetic
SYN_0166,kurir,45,1,1357000,0,0,0,0,0,0,normal,synthetic
SYN_0166,kurir,46,2,1230000,0,0,0,0,0,0,normal,synthetic
SYN_0166,kurir,47,3,1378000,0,0,0,0,0,0,normal,synthetic
SYN_0166,kurir,48,4,1753000,0,0,0,0,0,1,normal,synthetic
SYN_0166,kurir,49,1,1744000,0,0,0,1,0,0,high_season,synthetic
SYN_0166,kurir,50,2,2094000,0,0,0,1,0,0,high_season,synthetic
SYN_0166,kurir,51,3,1787000,0,0,0,1,0,0,high_season,synthetic
SYN_0166,kurir,52,4,2510000,0,0,0,1,0,1,high_season,synthetic
SYN_0167,freelancer_desain,1,1,4666000,0,0,0,0,1,0,low_season,synthetic
SYN_0167,freelancer_desain,2,2,5283000,0,0,0,0,1,0,low_season,synthetic
SYN_0167,freelancer_desain,3,3,7297000,0,0,0,0,1,0,low_season,synthetic
SYN_0167,freelancer_desain,4,4,7788000,0,0,0,0,1,1,low_season,synthetic
SYN_0167,freelancer_desain,5,1,4693000,0,0,0,0,1,0,low_season,synthetic
SYN_0167,freelancer_desain,6,2,6557000,0,0,0,0,1,0,low_season,synthetic
SYN_0167,freelancer_desain,7,3,6689000,0,0,0,0,0,0,normal,synthetic
SYN_0167,freelancer_desain,8,4,10341000,0,0,0,0,0,1,normal,synthetic
SYN_0167,freelancer_desain,9,1,5820000,0,0,0,0,0,0,normal,synthetic
SYN_0167,freelancer_desain,10,2,7466000,1,0,0,0,0,0,high_season,synthetic
SYN_0167,freelancer_desain,11,3,9609000,1,0,0,0,0,0,high_season,synthetic
SYN_0167,freelancer_desain,12,4,11252000,1,0,0,0,0,1,high_season,synthetic
SYN_0167,freelancer_desain,13,1,6998000,1,0,0,0,0,0,high_season,synthetic
SYN_0167,freelancer_desain,14,2,13075000,0,1,0,0,0,0,high_season,synthetic
SYN_0167,freelancer_desain,15,3,5872000,0,0,1,0,0,0,low_season,synthetic
SYN_0167,freelancer_desain,16,4,4707000,0,0,1,0,0,1,low_season,synthetic
SYN_0167,freelancer_desain,17,1,7105000,0,0,0,0,0,0,normal,synthetic
SYN_0167,freelancer_desain,18,2,6168000,0,0,0,0,0,0,normal,synthetic
SYN_0167,freelancer_desain,19,3,6804000,0,0,0,0,0,0,normal,synthetic
SYN_0167,freelancer_desain,20,4,8027000,0,0,0,0,0,1,normal,synthetic
SYN_0167,freelancer_desain,21,1,6123000,0,0,0,0,0,0,normal,synthetic
SYN_0167,freelancer_desain,22,2,7348000,0,0,0,0,0,0,normal,synthetic
SYN_0167,freelancer_desain,23,3,5711000,0,0,0,0,0,0,normal,synthetic
SYN_0167,freelancer_desain,24,4,9893000,0,0,0,0,0,1,normal,synthetic
SYN_0167,freelancer_desain,25,1,6643000,0,0,0,0,0,0,normal,synthetic
SYN_0167,freelancer_desain,26,2,7744000,0,0,0,0,0,0,normal,synthetic
SYN_0167,freelancer_desain,27,3,5978000,0,0,0,0,0,0,normal,synthetic
SYN_0167,freelancer_desain,28,4,6735000,0,0,0,0,0,1,normal,synthetic
SYN_0167,freelancer_desain,29,1,7311000,0,0,0,0,0,0,normal,synthetic
SYN_0167,freelancer_desain,30,2,5566000,0,0,0,0,0,0,normal,synthetic
SYN_0167,freelancer_desain,31,3,6994000,0,0,0,0,0,0,normal,synthetic
SYN_0167,freelancer_desain,32,4,9533000,0,0,0,0,0,1,normal,synthetic
SYN_0167,freelancer_desain,33,1,6023000,0,0,0,0,0,0,normal,synthetic
SYN_0167,freelancer_desain,34,2,8110000,0,0,0,0,0,0,normal,synthetic
SYN_0167,freelancer_desain,35,3,6534000,0,0,0,0,0,0,normal,synthetic
SYN_0167,freelancer_desain,36,4,6522000,0,0,0,0,0,1,normal,synthetic
SYN_0167,freelancer_desain,37,1,6516000,0,0,0,0,0,0,normal,synthetic
SYN_0167,freelancer_desain,38,2,7048000,0,0,0,0,0,0,normal,synthetic
SYN_0167,freelancer_desain,39,3,9769000,0,0,0,0,0,0,normal,synthetic
SYN_0167,freelancer_desain,40,4,6957000,0,0,0,0,0,1,normal,synthetic
SYN_0167,freelancer_desain,41,1,5900000,0,0,0,0,0,0,normal,synthetic
SYN_0167,freelancer_desain,42,2,6032000,0,0,0,0,0,0,normal,synthetic
SYN_0167,freelancer_desain,43,3,6675000,0,0,0,0,0,0,normal,synthetic
SYN_0167,freelancer_desain,44,4,7957000,0,0,0,0,0,1,normal,synthetic
SYN_0167,freelancer_desain,45,1,5290000,0,0,0,0,0,0,normal,synthetic
SYN_0167,freelancer_desain,46,2,7343000,0,0,0,0,0,0,normal,synthetic
SYN_0167,freelancer_desain,47,3,6597000,0,0,0,0,0,0,normal,synthetic
SYN_0167,freelancer_desain,48,4,9962000,0,0,0,0,0,1,normal,synthetic
SYN_0167,freelancer_desain,49,1,7163000,0,0,0,1,0,0,high_season,synthetic
SYN_0167,freelancer_desain,50,2,11525000,0,0,0,1,0,0,high_season,synthetic
SYN_0167,freelancer_desain,51,3,9272000,0,0,0,1,0,0,high_season,synthetic
SYN_0167,freelancer_desain,52,4,12824000,0,0,0,1,0,1,high_season,synthetic
SYN_0168,kurir,1,1,877000,0,0,0,0,1,0,low_season,synthetic
SYN_0168,kurir,2,2,893000,0,0,0,0,1,0,low_season,synthetic
SYN_0168,kurir,3,3,949000,0,0,0,0,1,0,low_season,synthetic
SYN_0168,kurir,4,4,1116000,0,0,0,0,1,1,low_season,synthetic
SYN_0168,kurir,5,1,892000,0,0,0,0,1,0,low_season,synthetic
SYN_0168,kurir,6,2,851000,0,0,0,0,1,0,low_season,synthetic
SYN_0168,kurir,7,3,1115000,0,0,0,0,0,0,normal,synthetic
SYN_0168,kurir,8,4,1388000,0,0,0,0,0,1,normal,synthetic
SYN_0168,kurir,9,1,1009000,0,0,0,0,0,0,normal,synthetic
SYN_0168,kurir,10,2,1813000,1,0,0,0,0,0,high_season,synthetic
SYN_0168,kurir,11,3,1731000,1,0,0,0,0,0,high_season,synthetic
SYN_0168,kurir,12,4,1943000,1,0,0,0,0,1,high_season,synthetic
SYN_0168,kurir,13,1,1486000,1,0,0,0,0,0,high_season,synthetic
SYN_0168,kurir,14,2,2007000,0,1,0,0,0,0,high_season,synthetic
SYN_0168,kurir,15,3,810000,0,0,1,0,0,0,low_season,synthetic
SYN_0168,kurir,16,4,788000,0,0,1,0,0,1,low_season,synthetic
SYN_0168,kurir,17,1,979000,0,0,0,0,0,0,normal,synthetic
SYN_0168,kurir,18,2,972000,0,0,0,0,0,0,normal,synthetic
SYN_0168,kurir,19,3,1243000,0,0,0,0,0,0,normal,synthetic
SYN_0168,kurir,20,4,1334000,0,0,0,0,0,1,normal,synthetic
SYN_0168,kurir,21,1,989000,0,0,0,0,0,0,normal,synthetic
SYN_0168,kurir,22,2,1206000,0,0,0,0,0,0,normal,synthetic
SYN_0168,kurir,23,3,1159000,0,0,0,0,0,0,normal,synthetic
SYN_0168,kurir,24,4,1208000,0,0,0,0,0,1,normal,synthetic
SYN_0168,kurir,25,1,1000000,0,0,0,0,0,0,normal,synthetic
SYN_0168,kurir,26,2,1085000,0,0,0,0,0,0,normal,synthetic
SYN_0168,kurir,27,3,946000,0,0,0,0,0,0,normal,synthetic
SYN_0168,kurir,28,4,1260000,0,0,0,0,0,1,normal,synthetic
SYN_0168,kurir,29,1,990000,0,0,0,0,0,0,normal,synthetic
SYN_0168,kurir,30,2,1106000,0,0,0,0,0,0,normal,synthetic
SYN_0168,kurir,31,3,972000,0,0,0,0,0,0,normal,synthetic
SYN_0168,kurir,32,4,1477000,0,0,0,0,0,1,normal,synthetic
SYN_0168,kurir,33,1,997000,0,0,0,0,0,0,normal,synthetic
SYN_0168,kurir,34,2,1121000,0,0,0,0,0,0,normal,synthetic
SYN_0168,kurir,35,3,1157000,0,0,0,0,0,0,normal,synthetic
SYN_0168,kurir,36,4,1248000,0,0,0,0,0,1,normal,synthetic
SYN_0168,kurir,37,1,1046000,0,0,0,0,0,0,normal,synthetic
SYN_0168,kurir,38,2,1081000,0,0,0,0,0,0,normal,synthetic
SYN_0168,kurir,39,3,1029000,0,0,0,0,0,0,normal,synthetic
SYN_0168,kurir,40,4,1409000,0,0,0,0,0,1,normal,synthetic
SYN_0168,kurir,41,1,1138000,0,0,0,0,0,0,normal,synthetic
SYN_0168,kurir,42,2,1189000,0,0,0,0,0,0,normal,synthetic
SYN_0168,kurir,43,3,1208000,0,0,0,0,0,0,normal,synthetic
SYN_0168,kurir,44,4,1280000,0,0,0,0,0,1,normal,synthetic
SYN_0168,kurir,45,1,864000,0,0,0,0,0,0,normal,synthetic
SYN_0168,kurir,46,2,1264000,0,0,0,0,0,0,normal,synthetic
SYN_0168,kurir,47,3,1320000,0,0,0,0,0,0,normal,synthetic
SYN_0168,kurir,48,4,1523000,0,0,0,0,0,1,normal,synthetic
SYN_0168,kurir,49,1,1269000,0,0,0,1,0,0,high_season,synthetic
SYN_0168,kurir,50,2,1305000,0,0,0,1,0,0,high_season,synthetic
SYN_0168,kurir,51,3,1317000,0,0,0,1,0,0,high_season,synthetic
SYN_0168,kurir,52,4,1485000,0,0,0,1,0,1,high_season,synthetic
SYN_0169,freelancer_desain,1,1,39419000,0,0,0,0,1,0,low_season,synthetic
SYN_0169,freelancer_desain,2,2,39211000,0,0,0,0,1,0,low_season,synthetic
SYN_0169,freelancer_desain,3,3,32282000,0,0,0,0,1,0,low_season,synthetic
SYN_0169,freelancer_desain,4,4,54768000,0,0,0,0,1,1,low_season,synthetic
SYN_0169,freelancer_desain,5,1,48813000,0,0,0,0,1,0,low_season,synthetic
SYN_0169,freelancer_desain,6,2,39411000,0,0,0,0,1,0,low_season,synthetic
SYN_0169,freelancer_desain,7,3,52330000,0,0,0,0,0,0,normal,synthetic
SYN_0169,freelancer_desain,8,4,47010000,0,0,0,0,0,1,normal,synthetic
SYN_0169,freelancer_desain,9,1,41575000,0,0,0,0,0,0,normal,synthetic
SYN_0169,freelancer_desain,10,2,79148000,1,0,0,0,0,0,high_season,synthetic
SYN_0169,freelancer_desain,11,3,83985000,1,0,0,0,0,0,high_season,synthetic
SYN_0169,freelancer_desain,12,4,98076000,1,0,0,0,0,1,high_season,synthetic
SYN_0169,freelancer_desain,13,1,45592000,1,0,0,0,0,0,high_season,synthetic
SYN_0169,freelancer_desain,14,2,83960000,0,1,0,0,0,0,high_season,synthetic
SYN_0169,freelancer_desain,15,3,30625000,0,0,1,0,0,0,low_season,synthetic
SYN_0169,freelancer_desain,16,4,41330000,0,0,1,0,0,1,low_season,synthetic
SYN_0169,freelancer_desain,17,1,45757000,0,0,0,0,0,0,normal,synthetic
SYN_0169,freelancer_desain,18,2,60593000,0,0,0,0,0,0,normal,synthetic
SYN_0169,freelancer_desain,19,3,54207000,0,0,0,0,0,0,normal,synthetic
SYN_0169,freelancer_desain,20,4,76204000,0,0,0,0,0,1,normal,synthetic
SYN_0169,freelancer_desain,21,1,41371000,0,0,0,0,0,0,normal,synthetic
SYN_0169,freelancer_desain,22,2,40025000,0,0,0,0,0,0,normal,synthetic
SYN_0169,freelancer_desain,23,3,63814000,0,0,0,0,0,0,normal,synthetic
SYN_0169,freelancer_desain,24,4,66422000,0,0,0,0,0,1,normal,synthetic
SYN_0169,freelancer_desain,25,1,41045000,0,0,0,0,0,0,normal,synthetic
SYN_0169,freelancer_desain,26,2,55387000,0,0,0,0,0,0,normal,synthetic
SYN_0169,freelancer_desain,27,3,58679000,0,0,0,0,0,0,normal,synthetic
SYN_0169,freelancer_desain,28,4,63298000,0,0,0,0,0,1,normal,synthetic
SYN_0169,freelancer_desain,29,1,41151000,0,0,0,0,0,0,normal,synthetic
SYN_0169,freelancer_desain,30,2,48107000,0,0,0,0,0,0,normal,synthetic
SYN_0169,freelancer_desain,31,3,54168000,0,0,0,0,0,0,normal,synthetic
SYN_0169,freelancer_desain,32,4,64090000,0,0,0,0,0,1,normal,synthetic
SYN_0169,freelancer_desain,33,1,55621000,0,0,0,0,0,0,normal,synthetic
SYN_0169,freelancer_desain,34,2,49476000,0,0,0,0,0,0,normal,synthetic
SYN_0169,freelancer_desain,35,3,43780000,0,0,0,0,0,0,normal,synthetic
SYN_0169,freelancer_desain,36,4,87725000,0,0,0,0,0,1,normal,synthetic
SYN_0169,freelancer_desain,37,1,47886000,0,0,0,0,0,0,normal,synthetic
SYN_0169,freelancer_desain,38,2,58671000,0,0,0,0,0,0,normal,synthetic
SYN_0169,freelancer_desain,39,3,56083000,0,0,0,0,0,0,normal,synthetic
SYN_0169,freelancer_desain,40,4,63968000,0,0,0,0,0,1,normal,synthetic
SYN_0169,freelancer_desain,41,1,44888000,0,0,0,0,0,0,normal,synthetic
SYN_0169,freelancer_desain,42,2,28541000,0,0,0,0,0,0,normal,synthetic
SYN_0169,freelancer_desain,43,3,42956000,0,0,0,0,0,0,normal,synthetic
SYN_0169,freelancer_desain,44,4,65385000,0,0,0,0,0,1,normal,synthetic
SYN_0169,freelancer_desain,45,1,26319000,0,0,0,0,0,0,normal,synthetic
SYN_0169,freelancer_desain,46,2,52355000,0,0,0,0,0,0,normal,synthetic
SYN_0169,freelancer_desain,47,3,57238000,0,0,0,0,0,0,normal,synthetic
SYN_0169,freelancer_desain,48,4,70395000,0,0,0,0,0,1,normal,synthetic
SYN_0169,freelancer_desain,49,1,66357000,0,0,0,1,0,0,high_season,synthetic
SYN_0169,freelancer_desain,50,2,77608000,0,0,0,1,0,0,high_season,synthetic
SYN_0169,freelancer_desain,51,3,84577000,0,0,0,1,0,0,high_season,synthetic
SYN_0169,freelancer_desain,52,4,94909000,0,0,0,1,0,1,high_season,synthetic
SYN_0170,content_creator,1,1,24320000,0,0,0,0,1,0,low_season,synthetic
SYN_0170,content_creator,2,2,33668000,0,0,0,0,1,0,low_season,synthetic
SYN_0170,content_creator,3,3,35935000,0,0,0,0,1,0,low_season,synthetic
SYN_0170,content_creator,4,4,53121000,0,0,0,0,1,1,low_season,synthetic
SYN_0170,content_creator,5,1,29821000,0,0,0,0,1,0,low_season,synthetic
SYN_0170,content_creator,6,2,42566000,0,0,0,0,1,0,low_season,synthetic
SYN_0170,content_creator,7,3,43786000,0,0,0,0,0,0,normal,synthetic
SYN_0170,content_creator,8,4,50883000,0,0,0,0,0,1,normal,synthetic
SYN_0170,content_creator,9,1,41185000,0,0,0,0,0,0,normal,synthetic
SYN_0170,content_creator,10,2,59037000,1,0,0,0,0,0,high_season,synthetic
SYN_0170,content_creator,11,3,58604000,1,0,0,0,0,0,high_season,synthetic
SYN_0170,content_creator,12,4,52824000,1,0,0,0,0,1,high_season,synthetic
SYN_0170,content_creator,13,1,54607000,1,0,0,0,0,0,high_season,synthetic
SYN_0170,content_creator,14,2,70026000,0,1,0,0,0,0,high_season,synthetic
SYN_0170,content_creator,15,3,27812000,0,0,1,0,0,0,low_season,synthetic
SYN_0170,content_creator,16,4,39552000,0,0,1,0,0,1,low_season,synthetic
SYN_0170,content_creator,17,1,44092000,0,0,0,0,0,0,normal,synthetic
SYN_0170,content_creator,18,2,45630000,0,0,0,0,0,0,normal,synthetic
SYN_0170,content_creator,19,3,51647000,0,0,0,0,0,0,normal,synthetic
SYN_0170,content_creator,20,4,58004000,0,0,0,0,0,1,normal,synthetic
SYN_0170,content_creator,21,1,37326000,0,0,0,0,0,0,normal,synthetic
SYN_0170,content_creator,22,2,40150000,0,0,0,0,0,0,normal,synthetic
SYN_0170,content_creator,23,3,46265000,0,0,0,0,0,0,normal,synthetic
SYN_0170,content_creator,24,4,57987000,0,0,0,0,0,1,normal,synthetic
SYN_0170,content_creator,25,1,49337000,0,0,0,0,0,0,normal,synthetic
SYN_0170,content_creator,26,2,53190000,0,0,0,0,0,0,normal,synthetic
SYN_0170,content_creator,27,3,39530000,0,0,0,0,0,0,normal,synthetic
SYN_0170,content_creator,28,4,51594000,0,0,0,0,0,1,normal,synthetic
SYN_0170,content_creator,29,1,44180000,0,0,0,0,0,0,normal,synthetic
SYN_0170,content_creator,30,2,52219000,0,0,0,0,0,0,normal,synthetic
SYN_0170,content_creator,31,3,51202000,0,0,0,0,0,0,normal,synthetic
SYN_0170,content_creator,32,4,51954000,0,0,0,0,0,1,normal,synthetic
SYN_0170,content_creator,33,1,30521000,0,0,0,0,0,0,normal,synthetic
SYN_0170,content_creator,34,2,35924000,0,0,0,0,0,0,normal,synthetic
SYN_0170,content_creator,35,3,45948000,0,0,0,0,0,0,normal,synthetic
SYN_0170,content_creator,36,4,55796000,0,0,0,0,0,1,normal,synthetic
SYN_0170,content_creator,37,1,31623000,0,0,0,0,0,0,normal,synthetic
SYN_0170,content_creator,38,2,44150000,0,0,0,0,0,0,normal,synthetic
SYN_0170,content_creator,39,3,48775000,0,0,0,0,0,0,normal,synthetic
SYN_0170,content_creator,40,4,41667000,0,0,0,0,0,1,normal,synthetic
SYN_0170,content_creator,41,1,47259000,0,0,0,0,0,0,normal,synthetic
SYN_0170,content_creator,42,2,40823000,0,0,0,0,0,0,normal,synthetic
SYN_0170,content_creator,43,3,53714000,0,0,0,0,0,0,normal,synthetic
SYN_0170,content_creator,44,4,47512000,0,0,0,0,0,1,normal,synthetic
SYN_0170,content_creator,45,1,32135000,0,0,0,0,0,0,normal,synthetic
SYN_0170,content_creator,46,2,40187000,0,0,0,0,0,0,normal,synthetic
SYN_0170,content_creator,47,3,43049000,0,0,0,0,0,0,normal,synthetic
SYN_0170,content_creator,48,4,48883000,0,0,0,0,0,1,normal,synthetic
SYN_0170,content_creator,49,1,49252000,0,0,0,1,0,0,high_season,synthetic
SYN_0170,content_creator,50,2,60361000,0,0,0,1,0,0,high_season,synthetic
SYN_0170,content_creator,51,3,55184000,0,0,0,1,0,0,high_season,synthetic
SYN_0170,content_creator,52,4,67513000,0,0,0,1,0,1,high_season,synthetic
SYN_0171,jualan_online,1,1,24296000,0,0,0,0,1,0,low_season,synthetic
SYN_0171,jualan_online,2,2,30222000,0,0,0,0,1,0,low_season,synthetic
SYN_0171,jualan_online,3,3,30675000,0,0,0,0,1,0,low_season,synthetic
SYN_0171,jualan_online,4,4,27799000,0,0,0,0,1,1,low_season,synthetic
SYN_0171,jualan_online,5,1,27387000,0,0,0,0,1,0,low_season,synthetic
SYN_0171,jualan_online,6,2,33870000,0,0,0,0,1,0,low_season,synthetic
SYN_0171,jualan_online,7,3,36060000,0,0,0,0,0,0,normal,synthetic
SYN_0171,jualan_online,8,4,45341000,0,0,0,0,0,1,normal,synthetic
SYN_0171,jualan_online,9,1,34917000,0,0,0,0,0,0,normal,synthetic
SYN_0171,jualan_online,10,2,50979000,1,0,0,0,0,0,high_season,synthetic
SYN_0171,jualan_online,11,3,57827000,1,0,0,0,0,0,high_season,synthetic
SYN_0171,jualan_online,12,4,74955000,1,0,0,0,0,1,high_season,synthetic
SYN_0171,jualan_online,13,1,39098000,1,0,0,0,0,0,high_season,synthetic
SYN_0171,jualan_online,14,2,61509000,0,1,0,0,0,0,high_season,synthetic
SYN_0171,jualan_online,15,3,32841000,0,0,1,0,0,0,low_season,synthetic
SYN_0171,jualan_online,16,4,31429000,0,0,1,0,0,1,low_season,synthetic
SYN_0171,jualan_online,17,1,32861000,0,0,0,0,0,0,normal,synthetic
SYN_0171,jualan_online,18,2,35530000,0,0,0,0,0,0,normal,synthetic
SYN_0171,jualan_online,19,3,42272000,0,0,0,0,0,0,normal,synthetic
SYN_0171,jualan_online,20,4,39041000,0,0,0,0,0,1,normal,synthetic
SYN_0171,jualan_online,21,1,36666000,0,0,0,0,0,0,normal,synthetic
SYN_0171,jualan_online,22,2,35448000,0,0,0,0,0,0,normal,synthetic
SYN_0171,jualan_online,23,3,33366000,0,0,0,0,0,0,normal,synthetic
SYN_0171,jualan_online,24,4,42778000,0,0,0,0,0,1,normal,synthetic
SYN_0171,jualan_online,25,1,32815000,0,0,0,0,0,0,normal,synthetic
SYN_0171,jualan_online,26,2,34475000,0,0,0,0,0,0,normal,synthetic
SYN_0171,jualan_online,27,3,41561000,0,0,0,0,0,0,normal,synthetic
SYN_0171,jualan_online,28,4,40080000,0,0,0,0,0,1,normal,synthetic
SYN_0171,jualan_online,29,1,33553000,0,0,0,0,0,0,normal,synthetic
SYN_0171,jualan_online,30,2,39030000,0,0,0,0,0,0,normal,synthetic
SYN_0171,jualan_online,31,3,37236000,0,0,0,0,0,0,normal,synthetic
SYN_0171,jualan_online,32,4,48075000,0,0,0,0,0,1,normal,synthetic
SYN_0171,jualan_online,33,1,31282000,0,0,0,0,0,0,normal,synthetic
SYN_0171,jualan_online,34,2,39405000,0,0,0,0,0,0,normal,synthetic
SYN_0171,jualan_online,35,3,39535000,0,0,0,0,0,0,normal,synthetic
SYN_0171,jualan_online,36,4,49110000,0,0,0,0,0,1,normal,synthetic
SYN_0171,jualan_online,37,1,25532000,0,0,0,0,0,0,normal,synthetic
SYN_0171,jualan_online,38,2,38905000,0,0,0,0,0,0,normal,synthetic
SYN_0171,jualan_online,39,3,40631000,0,0,0,0,0,0,normal,synthetic
SYN_0171,jualan_online,40,4,41826000,0,0,0,0,0,1,normal,synthetic
SYN_0171,jualan_online,41,1,30829000,0,0,0,0,0,0,normal,synthetic
SYN_0171,jualan_online,42,2,33579000,0,0,0,0,0,0,normal,synthetic
SYN_0171,jualan_online,43,3,32125000,0,0,0,0,0,0,normal,synthetic
SYN_0171,jualan_online,44,4,47513000,0,0,0,0,0,1,normal,synthetic
SYN_0171,jualan_online,45,1,42035000,0,0,0,0,0,0,normal,synthetic
SYN_0171,jualan_online,46,2,34219000,0,0,0,0,0,0,normal,synthetic
SYN_0171,jualan_online,47,3,34612000,0,0,0,0,0,0,normal,synthetic
SYN_0171,jualan_online,48,4,44080000,0,0,0,0,0,1,normal,synthetic
SYN_0171,jualan_online,49,1,34652000,0,0,0,1,0,0,high_season,synthetic
SYN_0171,jualan_online,50,2,43686000,0,0,0,1,0,0,high_season,synthetic
SYN_0171,jualan_online,51,3,47339000,0,0,0,1,0,0,high_season,synthetic
SYN_0171,jualan_online,52,4,51062000,0,0,0,1,0,1,high_season,synthetic
SYN_0172,freelancer_it,1,1,47826000,0,0,0,0,1,0,low_season,synthetic
SYN_0172,freelancer_it,2,2,37864000,0,0,0,0,1,0,low_season,synthetic
SYN_0172,freelancer_it,3,3,43627000,0,0,0,0,1,0,low_season,synthetic
SYN_0172,freelancer_it,4,4,49244000,0,0,0,0,1,1,low_season,synthetic
SYN_0172,freelancer_it,5,1,49355000,0,0,0,0,1,0,low_season,synthetic
SYN_0172,freelancer_it,6,2,48975000,0,0,0,0,1,0,low_season,synthetic
SYN_0172,freelancer_it,7,3,58041000,0,0,0,0,0,0,normal,synthetic
SYN_0172,freelancer_it,8,4,58969000,0,0,0,0,0,1,normal,synthetic
SYN_0172,freelancer_it,9,1,50140000,0,0,0,0,0,0,normal,synthetic
SYN_0172,freelancer_it,10,2,75306000,1,0,0,0,0,0,high_season,synthetic
SYN_0172,freelancer_it,11,3,88845000,1,0,0,0,0,0,high_season,synthetic
SYN_0172,freelancer_it,12,4,87143000,1,0,0,0,0,1,high_season,synthetic
SYN_0172,freelancer_it,13,1,90014000,1,0,0,0,0,0,high_season,synthetic
SYN_0172,freelancer_it,14,2,77892000,0,1,0,0,0,0,high_season,synthetic
SYN_0172,freelancer_it,15,3,36109000,0,0,1,0,0,0,low_season,synthetic
SYN_0172,freelancer_it,16,4,60316000,0,0,1,0,0,1,low_season,synthetic
SYN_0172,freelancer_it,17,1,49147000,0,0,0,0,0,0,normal,synthetic
SYN_0172,freelancer_it,18,2,47446000,0,0,0,0,0,0,normal,synthetic
SYN_0172,freelancer_it,19,3,59934000,0,0,0,0,0,0,normal,synthetic
SYN_0172,freelancer_it,20,4,65136000,0,0,0,0,0,1,normal,synthetic
SYN_0172,freelancer_it,21,1,46211000,0,0,0,0,0,0,normal,synthetic
SYN_0172,freelancer_it,22,2,49229000,0,0,0,0,0,0,normal,synthetic
SYN_0172,freelancer_it,23,3,80688000,0,0,0,0,0,0,normal,synthetic
SYN_0172,freelancer_it,24,4,67323000,0,0,0,0,0,1,normal,synthetic
SYN_0172,freelancer_it,25,1,38227000,0,0,0,0,0,0,normal,synthetic
SYN_0172,freelancer_it,26,2,70311000,0,0,0,0,0,0,normal,synthetic
SYN_0172,freelancer_it,27,3,63125000,0,0,0,0,0,0,normal,synthetic
SYN_0172,freelancer_it,28,4,62293000,0,0,0,0,0,1,normal,synthetic
SYN_0172,freelancer_it,29,1,45499000,0,0,0,0,0,0,normal,synthetic
SYN_0172,freelancer_it,30,2,63633000,0,0,0,0,0,0,normal,synthetic
SYN_0172,freelancer_it,31,3,56140000,0,0,0,0,0,0,normal,synthetic
SYN_0172,freelancer_it,32,4,50965000,0,0,0,0,0,1,normal,synthetic
SYN_0172,freelancer_it,33,1,65431000,0,0,0,0,0,0,normal,synthetic
SYN_0172,freelancer_it,34,2,54617000,0,0,0,0,0,0,normal,synthetic
SYN_0172,freelancer_it,35,3,70326000,0,0,0,0,0,0,normal,synthetic
SYN_0172,freelancer_it,36,4,82270000,0,0,0,0,0,1,normal,synthetic
SYN_0172,freelancer_it,37,1,45001000,0,0,0,0,0,0,normal,synthetic
SYN_0172,freelancer_it,38,2,66562000,0,0,0,0,0,0,normal,synthetic
SYN_0172,freelancer_it,39,3,52847000,0,0,0,0,0,0,normal,synthetic
SYN_0172,freelancer_it,40,4,51544000,0,0,0,0,0,1,normal,synthetic
SYN_0172,freelancer_it,41,1,49224000,0,0,0,0,0,0,normal,synthetic
SYN_0172,freelancer_it,42,2,61388000,0,0,0,0,0,0,normal,synthetic
SYN_0172,freelancer_it,43,3,54383000,0,0,0,0,0,0,normal,synthetic
SYN_0172,freelancer_it,44,4,66781000,0,0,0,0,0,1,normal,synthetic
SYN_0172,freelancer_it,45,1,60714000,0,0,0,0,0,0,normal,synthetic
SYN_0172,freelancer_it,46,2,59018000,0,0,0,0,0,0,normal,synthetic
SYN_0172,freelancer_it,47,3,51285000,0,0,0,0,0,0,normal,synthetic
SYN_0172,freelancer_it,48,4,76639000,0,0,0,0,0,1,normal,synthetic
SYN_0172,freelancer_it,49,1,69919000,0,0,0,1,0,0,high_season,synthetic
SYN_0172,freelancer_it,50,2,48909000,0,0,0,1,0,0,high_season,synthetic
SYN_0172,freelancer_it,51,3,80129000,0,0,0,1,0,0,high_season,synthetic
SYN_0172,freelancer_it,52,4,95691000,0,0,0,1,0,1,high_season,synthetic
SYN_0173,jualan_online,1,1,58627000,0,0,0,0,1,0,low_season,synthetic
SYN_0173,jualan_online,2,2,65681000,0,0,0,0,1,0,low_season,synthetic
SYN_0173,jualan_online,3,3,56970000,0,0,0,0,1,0,low_season,synthetic
SYN_0173,jualan_online,4,4,73383000,0,0,0,0,1,1,low_season,synthetic
SYN_0173,jualan_online,5,1,47138000,0,0,0,0,1,0,low_season,synthetic
SYN_0173,jualan_online,6,2,54039000,0,0,0,0,1,0,low_season,synthetic
SYN_0173,jualan_online,7,3,82537000,0,0,0,0,0,0,normal,synthetic
SYN_0173,jualan_online,8,4,87871000,0,0,0,0,0,1,normal,synthetic
SYN_0173,jualan_online,9,1,64757000,0,0,0,0,0,0,normal,synthetic
SYN_0173,jualan_online,10,2,100139000,1,0,0,0,0,0,high_season,synthetic
SYN_0173,jualan_online,11,3,104820000,1,0,0,0,0,0,high_season,synthetic
SYN_0173,jualan_online,12,4,149817000,1,0,0,0,0,1,high_season,synthetic
SYN_0173,jualan_online,13,1,100626000,1,0,0,0,0,0,high_season,synthetic
SYN_0173,jualan_online,14,2,113861000,0,1,0,0,0,0,high_season,synthetic
SYN_0173,jualan_online,15,3,59618000,0,0,1,0,0,0,low_season,synthetic
SYN_0173,jualan_online,16,4,76848000,0,0,1,0,0,1,low_season,synthetic
SYN_0173,jualan_online,17,1,72266000,0,0,0,0,0,0,normal,synthetic
SYN_0173,jualan_online,18,2,83903000,0,0,0,0,0,0,normal,synthetic
SYN_0173,jualan_online,19,3,86900000,0,0,0,0,0,0,normal,synthetic
SYN_0173,jualan_online,20,4,72874000,0,0,0,0,0,1,normal,synthetic
SYN_0173,jualan_online,21,1,83477000,0,0,0,0,0,0,normal,synthetic
SYN_0173,jualan_online,22,2,85790000,0,0,0,0,0,0,normal,synthetic
SYN_0173,jualan_online,23,3,80242000,0,0,0,0,0,0,normal,synthetic
SYN_0173,jualan_online,24,4,89586000,0,0,0,0,0,1,normal,synthetic
SYN_0173,jualan_online,25,1,57270000,0,0,0,0,0,0,normal,synthetic
SYN_0173,jualan_online,26,2,72782000,0,0,0,0,0,0,normal,synthetic
SYN_0173,jualan_online,27,3,79874000,0,0,0,0,0,0,normal,synthetic
SYN_0173,jualan_online,28,4,78902000,0,0,0,0,0,1,normal,synthetic
SYN_0173,jualan_online,29,1,67646000,0,0,0,0,0,0,normal,synthetic
SYN_0173,jualan_online,30,2,65031000,0,0,0,0,0,0,normal,synthetic
SYN_0173,jualan_online,31,3,72298000,0,0,0,0,0,0,normal,synthetic
SYN_0173,jualan_online,32,4,76192000,0,0,0,0,0,1,normal,synthetic
SYN_0173,jualan_online,33,1,56283000,0,0,0,0,0,0,normal,synthetic
SYN_0173,jualan_online,34,2,78889000,0,0,0,0,0,0,normal,synthetic
SYN_0173,jualan_online,35,3,70523000,0,0,0,0,0,0,normal,synthetic
SYN_0173,jualan_online,36,4,85653000,0,0,0,0,0,1,normal,synthetic
SYN_0173,jualan_online,37,1,63031000,0,0,0,0,0,0,normal,synthetic
SYN_0173,jualan_online,38,2,100564000,0,0,0,0,0,0,normal,synthetic
SYN_0173,jualan_online,39,3,81320000,0,0,0,0,0,0,normal,synthetic
SYN_0173,jualan_online,40,4,98756000,0,0,0,0,0,1,normal,synthetic
SYN_0173,jualan_online,41,1,61869000,0,0,0,0,0,0,normal,synthetic
SYN_0173,jualan_online,42,2,80387000,0,0,0,0,0,0,normal,synthetic
SYN_0173,jualan_online,43,3,73725000,0,0,0,0,0,0,normal,synthetic
SYN_0173,jualan_online,44,4,82404000,0,0,0,0,0,1,normal,synthetic
SYN_0173,jualan_online,45,1,84008000,0,0,0,0,0,0,normal,synthetic
SYN_0173,jualan_online,46,2,81006000,0,0,0,0,0,0,normal,synthetic
SYN_0173,jualan_online,47,3,80547000,0,0,0,0,0,0,normal,synthetic
SYN_0173,jualan_online,48,4,80349000,0,0,0,0,0,1,normal,synthetic
SYN_0173,jualan_online,49,1,75164000,0,0,0,1,0,0,high_season,synthetic
SYN_0173,jualan_online,50,2,97854000,0,0,0,1,0,0,high_season,synthetic
SYN_0173,jualan_online,51,3,91754000,0,0,0,1,0,0,high_season,synthetic
SYN_0173,jualan_online,52,4,126935000,0,0,0,1,0,1,high_season,synthetic
SYN_0174,jualan_online,1,1,32649000,0,0,0,0,1,0,low_season,synthetic
SYN_0174,jualan_online,2,2,41239000,0,0,0,0,1,0,low_season,synthetic
SYN_0174,jualan_online,3,3,47707000,0,0,0,0,1,0,low_season,synthetic
SYN_0174,jualan_online,4,4,51649000,0,0,0,0,1,1,low_season,synthetic
SYN_0174,jualan_online,5,1,36910000,0,0,0,0,1,0,low_season,synthetic
SYN_0174,jualan_online,6,2,40066000,0,0,0,0,1,0,low_season,synthetic
SYN_0174,jualan_online,7,3,49978000,0,0,0,0,0,0,normal,synthetic
SYN_0174,jualan_online,8,4,62873000,0,0,0,0,0,1,normal,synthetic
SYN_0174,jualan_online,9,1,46425000,0,0,0,0,0,0,normal,synthetic
SYN_0174,jualan_online,10,2,66924000,1,0,0,0,0,0,high_season,synthetic
SYN_0174,jualan_online,11,3,72417000,1,0,0,0,0,0,high_season,synthetic
SYN_0174,jualan_online,12,4,88457000,1,0,0,0,0,1,high_season,synthetic
SYN_0174,jualan_online,13,1,55148000,1,0,0,0,0,0,high_season,synthetic
SYN_0174,jualan_online,14,2,85819000,0,1,0,0,0,0,high_season,synthetic
SYN_0174,jualan_online,15,3,24921000,0,0,1,0,0,0,low_season,synthetic
SYN_0174,jualan_online,16,4,42716000,0,0,1,0,0,1,low_season,synthetic
SYN_0174,jualan_online,17,1,46690000,0,0,0,0,0,0,normal,synthetic
SYN_0174,jualan_online,18,2,52381000,0,0,0,0,0,0,normal,synthetic
SYN_0174,jualan_online,19,3,45790000,0,0,0,0,0,0,normal,synthetic
SYN_0174,jualan_online,20,4,59822000,0,0,0,0,0,1,normal,synthetic
SYN_0174,jualan_online,21,1,50655000,0,0,0,0,0,0,normal,synthetic
SYN_0174,jualan_online,22,2,56224000,0,0,0,0,0,0,normal,synthetic
SYN_0174,jualan_online,23,3,47901000,0,0,0,0,0,0,normal,synthetic
SYN_0174,jualan_online,24,4,58647000,0,0,0,0,0,1,normal,synthetic
SYN_0174,jualan_online,25,1,49029000,0,0,0,0,0,0,normal,synthetic
SYN_0174,jualan_online,26,2,39412000,0,0,0,0,0,0,normal,synthetic
SYN_0174,jualan_online,27,3,46206000,0,0,0,0,0,0,normal,synthetic
SYN_0174,jualan_online,28,4,66928000,0,0,0,0,0,1,normal,synthetic
SYN_0174,jualan_online,29,1,48325000,0,0,0,0,0,0,normal,synthetic
SYN_0174,jualan_online,30,2,50199000,0,0,0,0,0,0,normal,synthetic
SYN_0174,jualan_online,31,3,39383000,0,0,0,0,0,0,normal,synthetic
SYN_0174,jualan_online,32,4,57337000,0,0,0,0,0,1,normal,synthetic
SYN_0174,jualan_online,33,1,40200000,0,0,0,0,0,0,normal,synthetic
SYN_0174,jualan_online,34,2,49979000,0,0,0,0,0,0,normal,synthetic
SYN_0174,jualan_online,35,3,43401000,0,0,0,0,0,0,normal,synthetic
SYN_0174,jualan_online,36,4,50583000,0,0,0,0,0,1,normal,synthetic
SYN_0174,jualan_online,37,1,32543000,0,0,0,0,0,0,normal,synthetic
SYN_0174,jualan_online,38,2,55117000,0,0,0,0,0,0,normal,synthetic
SYN_0174,jualan_online,39,3,45763000,0,0,0,0,0,0,normal,synthetic
SYN_0174,jualan_online,40,4,58771000,0,0,0,0,0,1,normal,synthetic
SYN_0174,jualan_online,41,1,43251000,0,0,0,0,0,0,normal,synthetic
SYN_0174,jualan_online,42,2,41912000,0,0,0,0,0,0,normal,synthetic
SYN_0174,jualan_online,43,3,40806000,0,0,0,0,0,0,normal,synthetic
SYN_0174,jualan_online,44,4,50724000,0,0,0,0,0,1,normal,synthetic
SYN_0174,jualan_online,45,1,39508000,0,0,0,0,0,0,normal,synthetic
SYN_0174,jualan_online,46,2,50184000,0,0,0,0,0,0,normal,synthetic
SYN_0174,jualan_online,47,3,43479000,0,0,0,0,0,0,normal,synthetic
SYN_0174,jualan_online,48,4,69772000,0,0,0,0,0,1,normal,synthetic
SYN_0174,jualan_online,49,1,63173000,0,0,0,1,0,0,high_season,synthetic
SYN_0174,jualan_online,50,2,68552000,0,0,0,1,0,0,high_season,synthetic
SYN_0174,jualan_online,51,3,61593000,0,0,0,1,0,0,high_season,synthetic
SYN_0174,jualan_online,52,4,88614000,0,0,0,1,0,1,high_season,synthetic
SYN_0175,kurir,1,1,666000,0,0,0,0,1,0,low_season,synthetic
SYN_0175,kurir,2,2,733000,0,0,0,0,1,0,low_season,synthetic
SYN_0175,kurir,3,3,734000,0,0,0,0,1,0,low_season,synthetic
SYN_0175,kurir,4,4,831000,0,0,0,0,1,1,low_season,synthetic
SYN_0175,kurir,5,1,629000,0,0,0,0,1,0,low_season,synthetic
SYN_0175,kurir,6,2,710000,0,0,0,0,1,0,low_season,synthetic
SYN_0175,kurir,7,3,808000,0,0,0,0,0,0,normal,synthetic
SYN_0175,kurir,8,4,1073000,0,0,0,0,0,1,normal,synthetic
SYN_0175,kurir,9,1,682000,0,0,0,0,0,0,normal,synthetic
SYN_0175,kurir,10,2,1130000,1,0,0,0,0,0,high_season,synthetic
SYN_0175,kurir,11,3,1227000,1,0,0,0,0,0,high_season,synthetic
SYN_0175,kurir,12,4,1409000,1,0,0,0,0,1,high_season,synthetic
SYN_0175,kurir,13,1,986000,1,0,0,0,0,0,high_season,synthetic
SYN_0175,kurir,14,2,1534000,0,1,0,0,0,0,high_season,synthetic
SYN_0175,kurir,15,3,556000,0,0,1,0,0,0,low_season,synthetic
SYN_0175,kurir,16,4,651000,0,0,1,0,0,1,low_season,synthetic
SYN_0175,kurir,17,1,742000,0,0,0,0,0,0,normal,synthetic
SYN_0175,kurir,18,2,771000,0,0,0,0,0,0,normal,synthetic
SYN_0175,kurir,19,3,835000,0,0,0,0,0,0,normal,synthetic
SYN_0175,kurir,20,4,973000,0,0,0,0,0,1,normal,synthetic
SYN_0175,kurir,21,1,719000,0,0,0,0,0,0,normal,synthetic
SYN_0175,kurir,22,2,800000,0,0,0,0,0,0,normal,synthetic
SYN_0175,kurir,23,3,910000,0,0,0,0,0,0,normal,synthetic
SYN_0175,kurir,24,4,1037000,0,0,0,0,0,1,normal,synthetic
SYN_0175,kurir,25,1,640000,0,0,0,0,0,0,normal,synthetic
SYN_0175,kurir,26,2,902000,0,0,0,0,0,0,normal,synthetic
SYN_0175,kurir,27,3,875000,0,0,0,0,0,0,normal,synthetic
SYN_0175,kurir,28,4,1045000,0,0,0,0,0,1,normal,synthetic
SYN_0175,kurir,29,1,812000,0,0,0,0,0,0,normal,synthetic
SYN_0175,kurir,30,2,838000,0,0,0,0,0,0,normal,synthetic
SYN_0175,kurir,31,3,883000,0,0,0,0,0,0,normal,synthetic
SYN_0175,kurir,32,4,963000,0,0,0,0,0,1,normal,synthetic
SYN_0175,kurir,33,1,810000,0,0,0,0,0,0,normal,synthetic
SYN_0175,kurir,34,2,853000,0,0,0,0,0,0,normal,synthetic
SYN_0175,kurir,35,3,736000,0,0,0,0,0,0,normal,synthetic
SYN_0175,kurir,36,4,1096000,0,0,0,0,0,1,normal,synthetic
SYN_0175,kurir,37,1,745000,0,0,0,0,0,0,normal,synthetic
SYN_0175,kurir,38,2,817000,0,0,0,0,0,0,normal,synthetic
SYN_0175,kurir,39,3,805000,0,0,0,0,0,0,normal,synthetic
SYN_0175,kurir,40,4,972000,0,0,0,0,0,1,normal,synthetic
SYN_0175,kurir,41,1,769000,0,0,0,0,0,0,normal,synthetic
SYN_0175,kurir,42,2,764000,0,0,0,0,0,0,normal,synthetic
SYN_0175,kurir,43,3,722000,0,0,0,0,0,0,normal,synthetic
SYN_0175,kurir,44,4,910000,0,0,0,0,0,1,normal,synthetic
SYN_0175,kurir,45,1,779000,0,0,0,0,0,0,normal,synthetic
SYN_0175,kurir,46,2,825000,0,0,0,0,0,0,normal,synthetic
SYN_0175,kurir,47,3,919000,0,0,0,0,0,0,normal,synthetic
SYN_0175,kurir,48,4,999000,0,0,0,0,0,1,normal,synthetic
SYN_0175,kurir,49,1,1052000,0,0,0,1,0,0,high_season,synthetic
SYN_0175,kurir,50,2,1022000,0,0,0,1,0,0,high_season,synthetic
SYN_0175,kurir,51,3,1047000,0,0,0,1,0,0,high_season,synthetic
SYN_0175,kurir,52,4,1307000,0,0,0,1,0,1,high_season,synthetic
SYN_0176,ojek_online,1,1,959000,0,0,0,0,1,0,low_season,synthetic
SYN_0176,ojek_online,2,2,739000,0,0,0,0,1,0,low_season,synthetic
SYN_0176,ojek_online,3,3,835000,0,0,0,0,1,0,low_season,synthetic
SYN_0176,ojek_online,4,4,1033000,0,0,0,0,1,1,low_season,synthetic
SYN_0176,ojek_online,5,1,791000,0,0,0,0,1,0,low_season,synthetic
SYN_0176,ojek_online,6,2,994000,0,0,0,0,1,0,low_season,synthetic
SYN_0176,ojek_online,7,3,1059000,0,0,0,0,0,0,normal,synthetic
SYN_0176,ojek_online,8,4,1356000,0,0,0,0,0,1,normal,synthetic
SYN_0176,ojek_online,9,1,904000,0,0,0,0,0,0,normal,synthetic
SYN_0176,ojek_online,10,2,1606000,1,0,0,0,0,0,high_season,synthetic
SYN_0176,ojek_online,11,3,1702000,1,0,0,0,0,0,high_season,synthetic
SYN_0176,ojek_online,12,4,1724000,1,0,0,0,0,1,high_season,synthetic
SYN_0176,ojek_online,13,1,1532000,1,0,0,0,0,0,high_season,synthetic
SYN_0176,ojek_online,14,2,1900000,0,1,0,0,0,0,high_season,synthetic
SYN_0176,ojek_online,15,3,844000,0,0,1,0,0,0,low_season,synthetic
SYN_0176,ojek_online,16,4,886000,0,0,1,0,0,1,low_season,synthetic
SYN_0176,ojek_online,17,1,1013000,0,0,0,0,0,0,normal,synthetic
SYN_0176,ojek_online,18,2,1075000,0,0,0,0,0,0,normal,synthetic
SYN_0176,ojek_online,19,3,1068000,0,0,0,0,0,0,normal,synthetic
SYN_0176,ojek_online,20,4,1333000,0,0,0,0,0,1,normal,synthetic
SYN_0176,ojek_online,21,1,1030000,0,0,0,0,0,0,normal,synthetic
SYN_0176,ojek_online,22,2,928000,0,0,0,0,0,0,normal,synthetic
SYN_0176,ojek_online,23,3,1253000,0,0,0,0,0,0,normal,synthetic
SYN_0176,ojek_online,24,4,1026000,0,0,0,0,0,1,normal,synthetic
SYN_0176,ojek_online,25,1,897000,0,0,0,0,0,0,normal,synthetic
SYN_0176,ojek_online,26,2,1068000,0,0,0,0,0,0,normal,synthetic
SYN_0176,ojek_online,27,3,1129000,0,0,0,0,0,0,normal,synthetic
SYN_0176,ojek_online,28,4,1524000,0,0,0,0,0,1,normal,synthetic
SYN_0176,ojek_online,29,1,769000,0,0,0,0,0,0,normal,synthetic
SYN_0176,ojek_online,30,2,1018000,0,0,0,0,0,0,normal,synthetic
SYN_0176,ojek_online,31,3,822000,0,0,0,0,0,0,normal,synthetic
SYN_0176,ojek_online,32,4,1300000,0,0,0,0,0,1,normal,synthetic
SYN_0176,ojek_online,33,1,1001000,0,0,0,0,0,0,normal,synthetic
SYN_0176,ojek_online,34,2,1272000,0,0,0,0,0,0,normal,synthetic
SYN_0176,ojek_online,35,3,1094000,0,0,0,0,0,0,normal,synthetic
SYN_0176,ojek_online,36,4,1447000,0,0,0,0,0,1,normal,synthetic
SYN_0176,ojek_online,37,1,1035000,0,0,0,0,0,0,normal,synthetic
SYN_0176,ojek_online,38,2,1027000,0,0,0,0,0,0,normal,synthetic
SYN_0176,ojek_online,39,3,909000,0,0,0,0,0,0,normal,synthetic
SYN_0176,ojek_online,40,4,1335000,0,0,0,0,0,1,normal,synthetic
SYN_0176,ojek_online,41,1,809000,0,0,0,0,0,0,normal,synthetic
SYN_0176,ojek_online,42,2,1236000,0,0,0,0,0,0,normal,synthetic
SYN_0176,ojek_online,43,3,1060000,0,0,0,0,0,0,normal,synthetic
SYN_0176,ojek_online,44,4,1469000,0,0,0,0,0,1,normal,synthetic
SYN_0176,ojek_online,45,1,919000,0,0,0,0,0,0,normal,synthetic
SYN_0176,ojek_online,46,2,1112000,0,0,0,0,0,0,normal,synthetic
SYN_0176,ojek_online,47,3,1105000,0,0,0,0,0,0,normal,synthetic
SYN_0176,ojek_online,48,4,1289000,0,0,0,0,0,1,normal,synthetic
SYN_0176,ojek_online,49,1,1202000,0,0,0,1,0,0,high_season,synthetic
SYN_0176,ojek_online,50,2,1465000,0,0,0,1,0,0,high_season,synthetic
SYN_0176,ojek_online,51,3,1258000,0,0,0,1,0,0,high_season,synthetic
SYN_0176,ojek_online,52,4,1456000,0,0,0,1,0,1,high_season,synthetic
SYN_0177,freelancer_it,1,1,42588000,0,0,0,0,1,0,low_season,synthetic
SYN_0177,freelancer_it,2,2,50578000,0,0,0,0,1,0,low_season,synthetic
SYN_0177,freelancer_it,3,3,42661000,0,0,0,0,1,0,low_season,synthetic
SYN_0177,freelancer_it,4,4,43567000,0,0,0,0,1,1,low_season,synthetic
SYN_0177,freelancer_it,5,1,37243000,0,0,0,0,1,0,low_season,synthetic
SYN_0177,freelancer_it,6,2,45931000,0,0,0,0,1,0,low_season,synthetic
SYN_0177,freelancer_it,7,3,50475000,0,0,0,0,0,0,normal,synthetic
SYN_0177,freelancer_it,8,4,62933000,0,0,0,0,0,1,normal,synthetic
SYN_0177,freelancer_it,9,1,53476000,0,0,0,0,0,0,normal,synthetic
SYN_0177,freelancer_it,10,2,78224000,1,0,0,0,0,0,high_season,synthetic
SYN_0177,freelancer_it,11,3,74340000,1,0,0,0,0,0,high_season,synthetic
SYN_0177,freelancer_it,12,4,64385000,1,0,0,0,0,1,high_season,synthetic
SYN_0177,freelancer_it,13,1,57954000,1,0,0,0,0,0,high_season,synthetic
SYN_0177,freelancer_it,14,2,82350000,0,1,0,0,0,0,high_season,synthetic
SYN_0177,freelancer_it,15,3,25253000,0,0,1,0,0,0,low_season,synthetic
SYN_0177,freelancer_it,16,4,35395000,0,0,1,0,0,1,low_season,synthetic
SYN_0177,freelancer_it,17,1,43208000,0,0,0,0,0,0,normal,synthetic
SYN_0177,freelancer_it,18,2,49145000,0,0,0,0,0,0,normal,synthetic
SYN_0177,freelancer_it,19,3,53416000,0,0,0,0,0,0,normal,synthetic
SYN_0177,freelancer_it,20,4,58139000,0,0,0,0,0,1,normal,synthetic
SYN_0177,freelancer_it,21,1,46454000,0,0,0,0,0,0,normal,synthetic
SYN_0177,freelancer_it,22,2,46966000,0,0,0,0,0,0,normal,synthetic
SYN_0177,freelancer_it,23,3,50177000,0,0,0,0,0,0,normal,synthetic
SYN_0177,freelancer_it,24,4,63639000,0,0,0,0,0,1,normal,synthetic
SYN_0177,freelancer_it,25,1,54151000,0,0,0,0,0,0,normal,synthetic
SYN_0177,freelancer_it,26,2,46289000,0,0,0,0,0,0,normal,synthetic
SYN_0177,freelancer_it,27,3,50890000,0,0,0,0,0,0,normal,synthetic
SYN_0177,freelancer_it,28,4,67144000,0,0,0,0,0,1,normal,synthetic
SYN_0177,freelancer_it,29,1,35847000,0,0,0,0,0,0,normal,synthetic
SYN_0177,freelancer_it,30,2,63835000,0,0,0,0,0,0,normal,synthetic
SYN_0177,freelancer_it,31,3,58117000,0,0,0,0,0,0,normal,synthetic
SYN_0177,freelancer_it,32,4,45517000,0,0,0,0,0,1,normal,synthetic
SYN_0177,freelancer_it,33,1,47229000,0,0,0,0,0,0,normal,synthetic
SYN_0177,freelancer_it,34,2,45941000,0,0,0,0,0,0,normal,synthetic
SYN_0177,freelancer_it,35,3,47108000,0,0,0,0,0,0,normal,synthetic
SYN_0177,freelancer_it,36,4,62797000,0,0,0,0,0,1,normal,synthetic
SYN_0177,freelancer_it,37,1,51497000,0,0,0,0,0,0,normal,synthetic
SYN_0177,freelancer_it,38,2,46630000,0,0,0,0,0,0,normal,synthetic
SYN_0177,freelancer_it,39,3,46724000,0,0,0,0,0,0,normal,synthetic
SYN_0177,freelancer_it,40,4,62979000,0,0,0,0,0,1,normal,synthetic
SYN_0177,freelancer_it,41,1,48490000,0,0,0,0,0,0,normal,synthetic
SYN_0177,freelancer_it,42,2,42850000,0,0,0,0,0,0,normal,synthetic
SYN_0177,freelancer_it,43,3,61921000,0,0,0,0,0,0,normal,synthetic
SYN_0177,freelancer_it,44,4,54469000,0,0,0,0,0,1,normal,synthetic
SYN_0177,freelancer_it,45,1,50958000,0,0,0,0,0,0,normal,synthetic
SYN_0177,freelancer_it,46,2,53038000,0,0,0,0,0,0,normal,synthetic
SYN_0177,freelancer_it,47,3,54118000,0,0,0,0,0,0,normal,synthetic
SYN_0177,freelancer_it,48,4,54631000,0,0,0,0,0,1,normal,synthetic
SYN_0177,freelancer_it,49,1,44278000,0,0,0,1,0,0,high_season,synthetic
SYN_0177,freelancer_it,50,2,64654000,0,0,0,1,0,0,high_season,synthetic
SYN_0177,freelancer_it,51,3,64691000,0,0,0,1,0,0,high_season,synthetic
SYN_0177,freelancer_it,52,4,67381000,0,0,0,1,0,1,high_season,synthetic
SYN_0178,content_creator,1,1,58884000,0,0,0,0,1,0,low_season,synthetic
SYN_0178,content_creator,2,2,51012000,0,0,0,0,1,0,low_season,synthetic
SYN_0178,content_creator,3,3,58499000,0,0,0,0,1,0,low_season,synthetic
SYN_0178,content_creator,4,4,71042000,0,0,0,0,1,1,low_season,synthetic
SYN_0178,content_creator,5,1,41668000,0,0,0,0,1,0,low_season,synthetic
SYN_0178,content_creator,6,2,32901000,0,0,0,0,1,0,low_season,synthetic
SYN_0178,content_creator,7,3,65391000,0,0,0,0,0,0,normal,synthetic
SYN_0178,content_creator,8,4,74643000,0,0,0,0,0,1,normal,synthetic
SYN_0178,content_creator,9,1,60792000,0,0,0,0,0,0,normal,synthetic
SYN_0178,content_creator,10,2,85404000,1,0,0,0,0,0,high_season,synthetic
SYN_0178,content_creator,11,3,82137000,1,0,0,0,0,0,high_season,synthetic
SYN_0178,content_creator,12,4,145468000,1,0,0,0,0,1,high_season,synthetic
SYN_0178,content_creator,13,1,58895000,1,0,0,0,0,0,high_season,synthetic
SYN_0178,content_creator,14,2,121652000,0,1,0,0,0,0,high_season,synthetic
SYN_0178,content_creator,15,3,38537000,0,0,1,0,0,0,low_season,synthetic
SYN_0178,content_creator,16,4,48461000,0,0,1,0,0,1,low_season,synthetic
SYN_0178,content_creator,17,1,52109000,0,0,0,0,0,0,normal,synthetic
SYN_0178,content_creator,18,2,52523000,0,0,0,0,0,0,normal,synthetic
SYN_0178,content_creator,19,3,67717000,0,0,0,0,0,0,normal,synthetic
SYN_0178,content_creator,20,4,92128000,0,0,0,0,0,1,normal,synthetic
SYN_0178,content_creator,21,1,59938000,0,0,0,0,0,0,normal,synthetic
SYN_0178,content_creator,22,2,62546000,0,0,0,0,0,0,normal,synthetic
SYN_0178,content_creator,23,3,50501000,0,0,0,0,0,0,normal,synthetic
SYN_0178,content_creator,24,4,80539000,0,0,0,0,0,1,normal,synthetic
SYN_0178,content_creator,25,1,76713000,0,0,0,0,0,0,normal,synthetic
SYN_0178,content_creator,26,2,57196000,0,0,0,0,0,0,normal,synthetic
SYN_0178,content_creator,27,3,57248000,0,0,0,0,0,0,normal,synthetic
SYN_0178,content_creator,28,4,66242000,0,0,0,0,0,1,normal,synthetic
SYN_0178,content_creator,29,1,50395000,0,0,0,0,0,0,normal,synthetic
SYN_0178,content_creator,30,2,31061000,0,0,0,0,0,0,normal,synthetic
SYN_0178,content_creator,31,3,65880000,0,0,0,0,0,0,normal,synthetic
SYN_0178,content_creator,32,4,62469000,0,0,0,0,0,1,normal,synthetic
SYN_0178,content_creator,33,1,39245000,0,0,0,0,0,0,normal,synthetic
SYN_0178,content_creator,34,2,69728000,0,0,0,0,0,0,normal,synthetic
SYN_0178,content_creator,35,3,49444000,0,0,0,0,0,0,normal,synthetic
SYN_0178,content_creator,36,4,69192000,0,0,0,0,0,1,normal,synthetic
SYN_0178,content_creator,37,1,69850000,0,0,0,0,0,0,normal,synthetic
SYN_0178,content_creator,38,2,45828000,0,0,0,0,0,0,normal,synthetic
SYN_0178,content_creator,39,3,44464000,0,0,0,0,0,0,normal,synthetic
SYN_0178,content_creator,40,4,77256000,0,0,0,0,0,1,normal,synthetic
SYN_0178,content_creator,41,1,66697000,0,0,0,0,0,0,normal,synthetic
SYN_0178,content_creator,42,2,44003000,0,0,0,0,0,0,normal,synthetic
SYN_0178,content_creator,43,3,65909000,0,0,0,0,0,0,normal,synthetic
SYN_0178,content_creator,44,4,81390000,0,0,0,0,0,1,normal,synthetic
SYN_0178,content_creator,45,1,34780000,0,0,0,0,0,0,normal,synthetic
SYN_0178,content_creator,46,2,70229000,0,0,0,0,0,0,normal,synthetic
SYN_0178,content_creator,47,3,71092000,0,0,0,0,0,0,normal,synthetic
SYN_0178,content_creator,48,4,69549000,0,0,0,0,0,1,normal,synthetic
SYN_0178,content_creator,49,1,88037000,0,0,0,1,0,0,high_season,synthetic
SYN_0178,content_creator,50,2,96153000,0,0,0,1,0,0,high_season,synthetic
SYN_0178,content_creator,51,3,81306000,0,0,0,1,0,0,high_season,synthetic
SYN_0178,content_creator,52,4,88005000,0,0,0,1,0,1,high_season,synthetic
SYN_0179,kurir,1,1,752000,0,0,0,0,1,0,low_season,synthetic
SYN_0179,kurir,2,2,887000,0,0,0,0,1,0,low_season,synthetic
SYN_0179,kurir,3,3,953000,0,0,0,0,1,0,low_season,synthetic
SYN_0179,kurir,4,4,986000,0,0,0,0,1,1,low_season,synthetic
SYN_0179,kurir,5,1,780000,0,0,0,0,1,0,low_season,synthetic
SYN_0179,kurir,6,2,955000,0,0,0,0,1,0,low_season,synthetic
SYN_0179,kurir,7,3,1128000,0,0,0,0,0,0,normal,synthetic
SYN_0179,kurir,8,4,1263000,0,0,0,0,0,1,normal,synthetic
SYN_0179,kurir,9,1,1127000,0,0,0,0,0,0,normal,synthetic
SYN_0179,kurir,10,2,1758000,1,0,0,0,0,0,high_season,synthetic
SYN_0179,kurir,11,3,1312000,1,0,0,0,0,0,high_season,synthetic
SYN_0179,kurir,12,4,1529000,1,0,0,0,0,1,high_season,synthetic
SYN_0179,kurir,13,1,1442000,1,0,0,0,0,0,high_season,synthetic
SYN_0179,kurir,14,2,2024000,0,1,0,0,0,0,high_season,synthetic
SYN_0179,kurir,15,3,708000,0,0,1,0,0,0,low_season,synthetic
SYN_0179,kurir,16,4,829000,0,0,1,0,0,1,low_season,synthetic
SYN_0179,kurir,17,1,862000,0,0,0,0,0,0,normal,synthetic
SYN_0179,kurir,18,2,926000,0,0,0,0,0,0,normal,synthetic
SYN_0179,kurir,19,3,1136000,0,0,0,0,0,0,normal,synthetic
SYN_0179,kurir,20,4,1197000,0,0,0,0,0,1,normal,synthetic
SYN_0179,kurir,21,1,954000,0,0,0,0,0,0,normal,synthetic
SYN_0179,kurir,22,2,867000,0,0,0,0,0,0,normal,synthetic
SYN_0179,kurir,23,3,1123000,0,0,0,0,0,0,normal,synthetic
SYN_0179,kurir,24,4,1303000,0,0,0,0,0,1,normal,synthetic
SYN_0179,kurir,25,1,819000,0,0,0,0,0,0,normal,synthetic
SYN_0179,kurir,26,2,1056000,0,0,0,0,0,0,normal,synthetic
SYN_0179,kurir,27,3,1033000,0,0,0,0,0,0,normal,synthetic
SYN_0179,kurir,28,4,1190000,0,0,0,0,0,1,normal,synthetic
SYN_0179,kurir,29,1,692000,0,0,0,0,0,0,normal,synthetic
SYN_0179,kurir,30,2,972000,0,0,0,0,0,0,normal,synthetic
SYN_0179,kurir,31,3,1060000,0,0,0,0,0,0,normal,synthetic
SYN_0179,kurir,32,4,1179000,0,0,0,0,0,1,normal,synthetic
SYN_0179,kurir,33,1,911000,0,0,0,0,0,0,normal,synthetic
SYN_0179,kurir,34,2,1168000,0,0,0,0,0,0,normal,synthetic
SYN_0179,kurir,35,3,1025000,0,0,0,0,0,0,normal,synthetic
SYN_0179,kurir,36,4,1010000,0,0,0,0,0,1,normal,synthetic
SYN_0179,kurir,37,1,914000,0,0,0,0,0,0,normal,synthetic
SYN_0179,kurir,38,2,1041000,0,0,0,0,0,0,normal,synthetic
SYN_0179,kurir,39,3,957000,0,0,0,0,0,0,normal,synthetic
SYN_0179,kurir,40,4,1319000,0,0,0,0,0,1,normal,synthetic
SYN_0179,kurir,41,1,810000,0,0,0,0,0,0,normal,synthetic
SYN_0179,kurir,42,2,1020000,0,0,0,0,0,0,normal,synthetic
SYN_0179,kurir,43,3,899000,0,0,0,0,0,0,normal,synthetic
SYN_0179,kurir,44,4,1207000,0,0,0,0,0,1,normal,synthetic
SYN_0179,kurir,45,1,987000,0,0,0,0,0,0,normal,synthetic
SYN_0179,kurir,46,2,1018000,0,0,0,0,0,0,normal,synthetic
SYN_0179,kurir,47,3,1012000,0,0,0,0,0,0,normal,synthetic
SYN_0179,kurir,48,4,1242000,0,0,0,0,0,1,normal,synthetic
SYN_0179,kurir,49,1,1216000,0,0,0,1,0,0,high_season,synthetic
SYN_0179,kurir,50,2,1424000,0,0,0,1,0,0,high_season,synthetic
SYN_0179,kurir,51,3,1425000,0,0,0,1,0,0,high_season,synthetic
SYN_0179,kurir,52,4,1812000,0,0,0,1,0,1,high_season,synthetic
SYN_0180,freelancer_it,1,1,30278000,0,0,0,0,1,0,low_season,synthetic
SYN_0180,freelancer_it,2,2,23011000,0,0,0,0,1,0,low_season,synthetic
SYN_0180,freelancer_it,3,3,36672000,0,0,0,0,1,0,low_season,synthetic
SYN_0180,freelancer_it,4,4,37913000,0,0,0,0,1,1,low_season,synthetic
SYN_0180,freelancer_it,5,1,27704000,0,0,0,0,1,0,low_season,synthetic
SYN_0180,freelancer_it,6,2,32229000,0,0,0,0,1,0,low_season,synthetic
SYN_0180,freelancer_it,7,3,34717000,0,0,0,0,0,0,normal,synthetic
SYN_0180,freelancer_it,8,4,45166000,0,0,0,0,0,1,normal,synthetic
SYN_0180,freelancer_it,9,1,30111000,0,0,0,0,0,0,normal,synthetic
SYN_0180,freelancer_it,10,2,62331000,1,0,0,0,0,0,high_season,synthetic
SYN_0180,freelancer_it,11,3,52054000,1,0,0,0,0,0,high_season,synthetic
SYN_0180,freelancer_it,12,4,60074000,1,0,0,0,0,1,high_season,synthetic
SYN_0180,freelancer_it,13,1,41441000,1,0,0,0,0,0,high_season,synthetic
SYN_0180,freelancer_it,14,2,66241000,0,1,0,0,0,0,high_season,synthetic
SYN_0180,freelancer_it,15,3,26204000,0,0,1,0,0,0,low_season,synthetic
SYN_0180,freelancer_it,16,4,32309000,0,0,1,0,0,1,low_season,synthetic
SYN_0180,freelancer_it,17,1,28110000,0,0,0,0,0,0,normal,synthetic
SYN_0180,freelancer_it,18,2,28302000,0,0,0,0,0,0,normal,synthetic
SYN_0180,freelancer_it,19,3,39674000,0,0,0,0,0,0,normal,synthetic
SYN_0180,freelancer_it,20,4,52874000,0,0,0,0,0,1,normal,synthetic
SYN_0180,freelancer_it,21,1,28114000,0,0,0,0,0,0,normal,synthetic
SYN_0180,freelancer_it,22,2,44597000,0,0,0,0,0,0,normal,synthetic
SYN_0180,freelancer_it,23,3,37929000,0,0,0,0,0,0,normal,synthetic
SYN_0180,freelancer_it,24,4,43732000,0,0,0,0,0,1,normal,synthetic
SYN_0180,freelancer_it,25,1,31004000,0,0,0,0,0,0,normal,synthetic
SYN_0180,freelancer_it,26,2,29408000,0,0,0,0,0,0,normal,synthetic
SYN_0180,freelancer_it,27,3,41524000,0,0,0,0,0,0,normal,synthetic
SYN_0180,freelancer_it,28,4,39022000,0,0,0,0,0,1,normal,synthetic
SYN_0180,freelancer_it,29,1,29247000,0,0,0,0,0,0,normal,synthetic
SYN_0180,freelancer_it,30,2,41545000,0,0,0,0,0,0,normal,synthetic
SYN_0180,freelancer_it,31,3,26863000,0,0,0,0,0,0,normal,synthetic
SYN_0180,freelancer_it,32,4,34438000,0,0,0,0,0,1,normal,synthetic
SYN_0180,freelancer_it,33,1,32748000,0,0,0,0,0,0,normal,synthetic
SYN_0180,freelancer_it,34,2,37977000,0,0,0,0,0,0,normal,synthetic
SYN_0180,freelancer_it,35,3,38955000,0,0,0,0,0,0,normal,synthetic
SYN_0180,freelancer_it,36,4,41925000,0,0,0,0,0,1,normal,synthetic
SYN_0180,freelancer_it,37,1,44462000,0,0,0,0,0,0,normal,synthetic
SYN_0180,freelancer_it,38,2,35315000,0,0,0,0,0,0,normal,synthetic
SYN_0180,freelancer_it,39,3,35301000,0,0,0,0,0,0,normal,synthetic
SYN_0180,freelancer_it,40,4,38891000,0,0,0,0,0,1,normal,synthetic
SYN_0180,freelancer_it,41,1,33401000,0,0,0,0,0,0,normal,synthetic
SYN_0180,freelancer_it,42,2,39620000,0,0,0,0,0,0,normal,synthetic
SYN_0180,freelancer_it,43,3,42626000,0,0,0,0,0,0,normal,synthetic
SYN_0180,freelancer_it,44,4,34648000,0,0,0,0,0,1,normal,synthetic
SYN_0180,freelancer_it,45,1,31701000,0,0,0,0,0,0,normal,synthetic
SYN_0180,freelancer_it,46,2,38761000,0,0,0,0,0,0,normal,synthetic
SYN_0180,freelancer_it,47,3,39477000,0,0,0,0,0,0,normal,synthetic
SYN_0180,freelancer_it,48,4,43815000,0,0,0,0,0,1,normal,synthetic
SYN_0180,freelancer_it,49,1,45922000,0,0,0,1,0,0,high_season,synthetic
SYN_0180,freelancer_it,50,2,42052000,0,0,0,1,0,0,high_season,synthetic
SYN_0180,freelancer_it,51,3,57766000,0,0,0,1,0,0,high_season,synthetic
SYN_0180,freelancer_it,52,4,64816000,0,0,0,1,0,1,high_season,synthetic
SYN_0181,kurir,1,1,909000,0,0,0,0,1,0,low_season,synthetic
SYN_0181,kurir,2,2,1084000,0,0,0,0,1,0,low_season,synthetic
SYN_0181,kurir,3,3,985000,0,0,0,0,1,0,low_season,synthetic
SYN_0181,kurir,4,4,1339000,0,0,0,0,1,1,low_season,synthetic
SYN_0181,kurir,5,1,1050000,0,0,0,0,1,0,low_season,synthetic
SYN_0181,kurir,6,2,992000,0,0,0,0,1,0,low_season,synthetic
SYN_0181,kurir,7,3,1366000,0,0,0,0,0,0,normal,synthetic
SYN_0181,kurir,8,4,1674000,0,0,0,0,0,1,normal,synthetic
SYN_0181,kurir,9,1,1257000,0,0,0,0,0,0,normal,synthetic
SYN_0181,kurir,10,2,1992000,1,0,0,0,0,0,high_season,synthetic
SYN_0181,kurir,11,3,1708000,1,0,0,0,0,0,high_season,synthetic
SYN_0181,kurir,12,4,2273000,1,0,0,0,0,1,high_season,synthetic
SYN_0181,kurir,13,1,1777000,1,0,0,0,0,0,high_season,synthetic
SYN_0181,kurir,14,2,2608000,0,1,0,0,0,0,high_season,synthetic
SYN_0181,kurir,15,3,925000,0,0,1,0,0,0,low_season,synthetic
SYN_0181,kurir,16,4,1151000,0,0,1,0,0,1,low_season,synthetic
SYN_0181,kurir,17,1,1091000,0,0,0,0,0,0,normal,synthetic
SYN_0181,kurir,18,2,1186000,0,0,0,0,0,0,normal,synthetic
SYN_0181,kurir,19,3,1172000,0,0,0,0,0,0,normal,synthetic
SYN_0181,kurir,20,4,1526000,0,0,0,0,0,1,normal,synthetic
SYN_0181,kurir,21,1,1404000,0,0,0,0,0,0,normal,synthetic
SYN_0181,kurir,22,2,1274000,0,0,0,0,0,0,normal,synthetic
SYN_0181,kurir,23,3,1363000,0,0,0,0,0,0,normal,synthetic
SYN_0181,kurir,24,4,1663000,0,0,0,0,0,1,normal,synthetic
SYN_0181,kurir,25,1,1074000,0,0,0,0,0,0,normal,synthetic
SYN_0181,kurir,26,2,1270000,0,0,0,0,0,0,normal,synthetic
SYN_0181,kurir,27,3,1393000,0,0,0,0,0,0,normal,synthetic
SYN_0181,kurir,28,4,1645000,0,0,0,0,0,1,normal,synthetic
SYN_0181,kurir,29,1,980000,0,0,0,0,0,0,normal,synthetic
SYN_0181,kurir,30,2,1390000,0,0,0,0,0,0,normal,synthetic
SYN_0181,kurir,31,3,1257000,0,0,0,0,0,0,normal,synthetic
SYN_0181,kurir,32,4,1512000,0,0,0,0,0,1,normal,synthetic
SYN_0181,kurir,33,1,1231000,0,0,0,0,0,0,normal,synthetic
SYN_0181,kurir,34,2,1498000,0,0,0,0,0,0,normal,synthetic
SYN_0181,kurir,35,3,1297000,0,0,0,0,0,0,normal,synthetic
SYN_0181,kurir,36,4,1749000,0,0,0,0,0,1,normal,synthetic
SYN_0181,kurir,37,1,1038000,0,0,0,0,0,0,normal,synthetic
SYN_0181,kurir,38,2,1336000,0,0,0,0,0,0,normal,synthetic
SYN_0181,kurir,39,3,1258000,0,0,0,0,0,0,normal,synthetic
SYN_0181,kurir,40,4,1624000,0,0,0,0,0,1,normal,synthetic
SYN_0181,kurir,41,1,1158000,0,0,0,0,0,0,normal,synthetic
SYN_0181,kurir,42,2,1165000,0,0,0,0,0,0,normal,synthetic
SYN_0181,kurir,43,3,1218000,0,0,0,0,0,0,normal,synthetic
SYN_0181,kurir,44,4,1356000,0,0,0,0,0,1,normal,synthetic
SYN_0181,kurir,45,1,1052000,0,0,0,0,0,0,normal,synthetic
SYN_0181,kurir,46,2,1377000,0,0,0,0,0,0,normal,synthetic
SYN_0181,kurir,47,3,1292000,0,0,0,0,0,0,normal,synthetic
SYN_0181,kurir,48,4,1617000,0,0,0,0,0,1,normal,synthetic
SYN_0181,kurir,49,1,1792000,0,0,0,1,0,0,high_season,synthetic
SYN_0181,kurir,50,2,1672000,0,0,0,1,0,0,high_season,synthetic
SYN_0181,kurir,51,3,1813000,0,0,0,1,0,0,high_season,synthetic
SYN_0181,kurir,52,4,2065000,0,0,0,1,0,1,high_season,synthetic
SYN_0182,kurir,1,1,1102000,0,0,0,0,1,0,low_season,synthetic
SYN_0182,kurir,2,2,1374000,0,0,0,0,1,0,low_season,synthetic
SYN_0182,kurir,3,3,1363000,0,0,0,0,1,0,low_season,synthetic
SYN_0182,kurir,4,4,1915000,0,0,0,0,1,1,low_season,synthetic
SYN_0182,kurir,5,1,1304000,0,0,0,0,1,0,low_season,synthetic
SYN_0182,kurir,6,2,1420000,0,0,0,0,1,0,low_season,synthetic
SYN_0182,kurir,7,3,1768000,0,0,0,0,0,0,normal,synthetic
SYN_0182,kurir,8,4,2040000,0,0,0,0,0,1,normal,synthetic
SYN_0182,kurir,9,1,1423000,0,0,0,0,0,0,normal,synthetic
SYN_0182,kurir,10,2,2613000,1,0,0,0,0,0,high_season,synthetic
SYN_0182,kurir,11,3,2155000,1,0,0,0,0,0,high_season,synthetic
SYN_0182,kurir,12,4,2947000,1,0,0,0,0,1,high_season,synthetic
SYN_0182,kurir,13,1,1857000,1,0,0,0,0,0,high_season,synthetic
SYN_0182,kurir,14,2,2934000,0,1,0,0,0,0,high_season,synthetic
SYN_0182,kurir,15,3,1172000,0,0,1,0,0,0,low_season,synthetic
SYN_0182,kurir,16,4,1588000,0,0,1,0,0,1,low_season,synthetic
SYN_0182,kurir,17,1,1278000,0,0,0,0,0,0,normal,synthetic
SYN_0182,kurir,18,2,1560000,0,0,0,0,0,0,normal,synthetic
SYN_0182,kurir,19,3,1766000,0,0,0,0,0,0,normal,synthetic
SYN_0182,kurir,20,4,2035000,0,0,0,0,0,1,normal,synthetic
SYN_0182,kurir,21,1,1506000,0,0,0,0,0,0,normal,synthetic
SYN_0182,kurir,22,2,1508000,0,0,0,0,0,0,normal,synthetic
SYN_0182,kurir,23,3,1561000,0,0,0,0,0,0,normal,synthetic
SYN_0182,kurir,24,4,2193000,0,0,0,0,0,1,normal,synthetic
SYN_0182,kurir,25,1,1476000,0,0,0,0,0,0,normal,synthetic
SYN_0182,kurir,26,2,1701000,0,0,0,0,0,0,normal,synthetic
SYN_0182,kurir,27,3,1630000,0,0,0,0,0,0,normal,synthetic
SYN_0182,kurir,28,4,1771000,0,0,0,0,0,1,normal,synthetic
SYN_0182,kurir,29,1,1604000,0,0,0,0,0,0,normal,synthetic
SYN_0182,kurir,30,2,1720000,0,0,0,0,0,0,normal,synthetic
SYN_0182,kurir,31,3,1981000,0,0,0,0,0,0,normal,synthetic
SYN_0182,kurir,32,4,1800000,0,0,0,0,0,1,normal,synthetic
SYN_0182,kurir,33,1,1590000,0,0,0,0,0,0,normal,synthetic
SYN_0182,kurir,34,2,1457000,0,0,0,0,0,0,normal,synthetic
SYN_0182,kurir,35,3,1670000,0,0,0,0,0,0,normal,synthetic
SYN_0182,kurir,36,4,2146000,0,0,0,0,0,1,normal,synthetic
SYN_0182,kurir,37,1,1212000,0,0,0,0,0,0,normal,synthetic
SYN_0182,kurir,38,2,1617000,0,0,0,0,0,0,normal,synthetic
SYN_0182,kurir,39,3,1565000,0,0,0,0,0,0,normal,synthetic
SYN_0182,kurir,40,4,1854000,0,0,0,0,0,1,normal,synthetic
SYN_0182,kurir,41,1,1532000,0,0,0,0,0,0,normal,synthetic
SYN_0182,kurir,42,2,1809000,0,0,0,0,0,0,normal,synthetic
SYN_0182,kurir,43,3,1628000,0,0,0,0,0,0,normal,synthetic
SYN_0182,kurir,44,4,2012000,0,0,0,0,0,1,normal,synthetic
SYN_0182,kurir,45,1,1497000,0,0,0,0,0,0,normal,synthetic
SYN_0182,kurir,46,2,1647000,0,0,0,0,0,0,normal,synthetic
SYN_0182,kurir,47,3,1489000,0,0,0,0,0,0,normal,synthetic
SYN_0182,kurir,48,4,2169000,0,0,0,0,0,1,normal,synthetic
SYN_0182,kurir,49,1,1977000,0,0,0,1,0,0,high_season,synthetic
SYN_0182,kurir,50,2,2215000,0,0,0,1,0,0,high_season,synthetic
SYN_0182,kurir,51,3,1989000,0,0,0,1,0,0,high_season,synthetic
SYN_0182,kurir,52,4,2465000,0,0,0,1,0,1,high_season,synthetic
SYN_0183,ojek_online,1,1,432000,0,0,0,0,1,0,low_season,synthetic
SYN_0183,ojek_online,2,2,492000,0,0,0,0,1,0,low_season,synthetic
SYN_0183,ojek_online,3,3,510000,0,0,0,0,1,0,low_season,synthetic
SYN_0183,ojek_online,4,4,599000,0,0,0,0,1,1,low_season,synthetic
SYN_0183,ojek_online,5,1,543000,0,0,0,0,1,0,low_season,synthetic
SYN_0183,ojek_online,6,2,496000,0,0,0,0,1,0,low_season,synthetic
SYN_0183,ojek_online,7,3,589000,0,0,0,0,0,0,normal,synthetic
SYN_0183,ojek_online,8,4,780000,0,0,0,0,0,1,normal,synthetic
SYN_0183,ojek_online,9,1,504000,0,0,0,0,0,0,normal,synthetic
SYN_0183,ojek_online,10,2,1089000,1,0,0,0,0,0,high_season,synthetic
SYN_0183,ojek_online,11,3,1010000,1,0,0,0,0,0,high_season,synthetic
SYN_0183,ojek_online,12,4,967000,1,0,0,0,0,1,high_season,synthetic
SYN_0183,ojek_online,13,1,929000,1,0,0,0,0,0,high_season,synthetic
SYN_0183,ojek_online,14,2,1271000,0,1,0,0,0,0,high_season,synthetic
SYN_0183,ojek_online,15,3,390000,0,0,1,0,0,0,low_season,synthetic
SYN_0183,ojek_online,16,4,467000,0,0,1,0,0,1,low_season,synthetic
SYN_0183,ojek_online,17,1,536000,0,0,0,0,0,0,normal,synthetic
SYN_0183,ojek_online,18,2,538000,0,0,0,0,0,0,normal,synthetic
SYN_0183,ojek_online,19,3,583000,0,0,0,0,0,0,normal,synthetic
SYN_0183,ojek_online,20,4,733000,0,0,0,0,0,1,normal,synthetic
SYN_0183,ojek_online,21,1,608000,0,0,0,0,0,0,normal,synthetic
SYN_0183,ojek_online,22,2,645000,0,0,0,0,0,0,normal,synthetic
SYN_0183,ojek_online,23,3,628000,0,0,0,0,0,0,normal,synthetic
SYN_0183,ojek_online,24,4,725000,0,0,0,0,0,1,normal,synthetic
SYN_0183,ojek_online,25,1,491000,0,0,0,0,0,0,normal,synthetic
SYN_0183,ojek_online,26,2,681000,0,0,0,0,0,0,normal,synthetic
SYN_0183,ojek_online,27,3,680000,0,0,0,0,0,0,normal,synthetic
SYN_0183,ojek_online,28,4,714000,0,0,0,0,0,1,normal,synthetic
SYN_0183,ojek_online,29,1,504000,0,0,0,0,0,0,normal,synthetic
SYN_0183,ojek_online,30,2,750000,0,0,0,0,0,0,normal,synthetic
SYN_0183,ojek_online,31,3,657000,0,0,0,0,0,0,normal,synthetic
SYN_0183,ojek_online,32,4,801000,0,0,0,0,0,1,normal,synthetic
SYN_0183,ojek_online,33,1,604000,0,0,0,0,0,0,normal,synthetic
SYN_0183,ojek_online,34,2,553000,0,0,0,0,0,0,normal,synthetic
SYN_0183,ojek_online,35,3,746000,0,0,0,0,0,0,normal,synthetic
SYN_0183,ojek_online,36,4,732000,0,0,0,0,0,1,normal,synthetic
SYN_0183,ojek_online,37,1,628000,0,0,0,0,0,0,normal,synthetic
SYN_0183,ojek_online,38,2,743000,0,0,0,0,0,0,normal,synthetic
SYN_0183,ojek_online,39,3,645000,0,0,0,0,0,0,normal,synthetic
SYN_0183,ojek_online,40,4,665000,0,0,0,0,0,1,normal,synthetic
SYN_0183,ojek_online,41,1,415000,0,0,0,0,0,0,normal,synthetic
SYN_0183,ojek_online,42,2,636000,0,0,0,0,0,0,normal,synthetic
SYN_0183,ojek_online,43,3,657000,0,0,0,0,0,0,normal,synthetic
SYN_0183,ojek_online,44,4,717000,0,0,0,0,0,1,normal,synthetic
SYN_0183,ojek_online,45,1,584000,0,0,0,0,0,0,normal,synthetic
SYN_0183,ojek_online,46,2,670000,0,0,0,0,0,0,normal,synthetic
SYN_0183,ojek_online,47,3,710000,0,0,0,0,0,0,normal,synthetic
SYN_0183,ojek_online,48,4,747000,0,0,0,0,0,1,normal,synthetic
SYN_0183,ojek_online,49,1,744000,0,0,0,1,0,0,high_season,synthetic
SYN_0183,ojek_online,50,2,814000,0,0,0,1,0,0,high_season,synthetic
SYN_0183,ojek_online,51,3,834000,0,0,0,1,0,0,high_season,synthetic
SYN_0183,ojek_online,52,4,940000,0,0,0,1,0,1,high_season,synthetic
SYN_0184,freelancer_it,1,1,16538000,0,0,0,0,1,0,low_season,synthetic
SYN_0184,freelancer_it,2,2,17864000,0,0,0,0,1,0,low_season,synthetic
SYN_0184,freelancer_it,3,3,19416000,0,0,0,0,1,0,low_season,synthetic
SYN_0184,freelancer_it,4,4,18968000,0,0,0,0,1,1,low_season,synthetic
SYN_0184,freelancer_it,5,1,19827000,0,0,0,0,1,0,low_season,synthetic
SYN_0184,freelancer_it,6,2,21147000,0,0,0,0,1,0,low_season,synthetic
SYN_0184,freelancer_it,7,3,20931000,0,0,0,0,0,0,normal,synthetic
SYN_0184,freelancer_it,8,4,25661000,0,0,0,0,0,1,normal,synthetic
SYN_0184,freelancer_it,9,1,19468000,0,0,0,0,0,0,normal,synthetic
SYN_0184,freelancer_it,10,2,28491000,1,0,0,0,0,0,high_season,synthetic
SYN_0184,freelancer_it,11,3,29990000,1,0,0,0,0,0,high_season,synthetic
SYN_0184,freelancer_it,12,4,36919000,1,0,0,0,0,1,high_season,synthetic
SYN_0184,freelancer_it,13,1,35276000,1,0,0,0,0,0,high_season,synthetic
SYN_0184,freelancer_it,14,2,43705000,0,1,0,0,0,0,high_season,synthetic
SYN_0184,freelancer_it,15,3,17456000,0,0,1,0,0,0,low_season,synthetic
SYN_0184,freelancer_it,16,4,19483000,0,0,1,0,0,1,low_season,synthetic
SYN_0184,freelancer_it,17,1,16742000,0,0,0,0,0,0,normal,synthetic
SYN_0184,freelancer_it,18,2,21924000,0,0,0,0,0,0,normal,synthetic
SYN_0184,freelancer_it,19,3,25048000,0,0,0,0,0,0,normal,synthetic
SYN_0184,freelancer_it,20,4,21801000,0,0,0,0,0,1,normal,synthetic
SYN_0184,freelancer_it,21,1,21615000,0,0,0,0,0,0,normal,synthetic
SYN_0184,freelancer_it,22,2,29222000,0,0,0,0,0,0,normal,synthetic
SYN_0184,freelancer_it,23,3,25330000,0,0,0,0,0,0,normal,synthetic
SYN_0184,freelancer_it,24,4,31701000,0,0,0,0,0,1,normal,synthetic
SYN_0184,freelancer_it,25,1,20453000,0,0,0,0,0,0,normal,synthetic
SYN_0184,freelancer_it,26,2,25040000,0,0,0,0,0,0,normal,synthetic
SYN_0184,freelancer_it,27,3,19836000,0,0,0,0,0,0,normal,synthetic
SYN_0184,freelancer_it,28,4,29411000,0,0,0,0,0,1,normal,synthetic
SYN_0184,freelancer_it,29,1,21665000,0,0,0,0,0,0,normal,synthetic
SYN_0184,freelancer_it,30,2,22947000,0,0,0,0,0,0,normal,synthetic
SYN_0184,freelancer_it,31,3,26115000,0,0,0,0,0,0,normal,synthetic
SYN_0184,freelancer_it,32,4,24466000,0,0,0,0,0,1,normal,synthetic
SYN_0184,freelancer_it,33,1,19327000,0,0,0,0,0,0,normal,synthetic
SYN_0184,freelancer_it,34,2,22347000,0,0,0,0,0,0,normal,synthetic
SYN_0184,freelancer_it,35,3,18873000,0,0,0,0,0,0,normal,synthetic
SYN_0184,freelancer_it,36,4,27303000,0,0,0,0,0,1,normal,synthetic
SYN_0184,freelancer_it,37,1,15071000,0,0,0,0,0,0,normal,synthetic
SYN_0184,freelancer_it,38,2,25284000,0,0,0,0,0,0,normal,synthetic
SYN_0184,freelancer_it,39,3,22196000,0,0,0,0,0,0,normal,synthetic
SYN_0184,freelancer_it,40,4,24533000,0,0,0,0,0,1,normal,synthetic
SYN_0184,freelancer_it,41,1,17528000,0,0,0,0,0,0,normal,synthetic
SYN_0184,freelancer_it,42,2,21328000,0,0,0,0,0,0,normal,synthetic
SYN_0184,freelancer_it,43,3,24177000,0,0,0,0,0,0,normal,synthetic
SYN_0184,freelancer_it,44,4,28492000,0,0,0,0,0,1,normal,synthetic
SYN_0184,freelancer_it,45,1,17886000,0,0,0,0,0,0,normal,synthetic
SYN_0184,freelancer_it,46,2,19440000,0,0,0,0,0,0,normal,synthetic
SYN_0184,freelancer_it,47,3,24080000,0,0,0,0,0,0,normal,synthetic
SYN_0184,freelancer_it,48,4,23786000,0,0,0,0,0,1,normal,synthetic
SYN_0184,freelancer_it,49,1,26017000,0,0,0,1,0,0,high_season,synthetic
SYN_0184,freelancer_it,50,2,29164000,0,0,0,1,0,0,high_season,synthetic
SYN_0184,freelancer_it,51,3,29920000,0,0,0,1,0,0,high_season,synthetic
SYN_0184,freelancer_it,52,4,38535000,0,0,0,1,0,1,high_season,synthetic
SYN_0185,kurir,1,1,713000,0,0,0,0,1,0,low_season,synthetic
SYN_0185,kurir,2,2,925000,0,0,0,0,1,0,low_season,synthetic
SYN_0185,kurir,3,3,656000,0,0,0,0,1,0,low_season,synthetic
SYN_0185,kurir,4,4,817000,0,0,0,0,1,1,low_season,synthetic
SYN_0185,kurir,5,1,749000,0,0,0,0,1,0,low_season,synthetic
SYN_0185,kurir,6,2,627000,0,0,0,0,1,0,low_season,synthetic
SYN_0185,kurir,7,3,773000,0,0,0,0,0,0,normal,synthetic
SYN_0185,kurir,8,4,1248000,0,0,0,0,0,1,normal,synthetic
SYN_0185,kurir,9,1,818000,0,0,0,0,0,0,normal,synthetic
SYN_0185,kurir,10,2,1631000,1,0,0,0,0,0,high_season,synthetic
SYN_0185,kurir,11,3,1243000,1,0,0,0,0,0,high_season,synthetic
SYN_0185,kurir,12,4,1594000,1,0,0,0,0,1,high_season,synthetic
SYN_0185,kurir,13,1,1289000,1,0,0,0,0,0,high_season,synthetic
SYN_0185,kurir,14,2,1718000,0,1,0,0,0,0,high_season,synthetic
SYN_0185,kurir,15,3,645000,0,0,1,0,0,0,low_season,synthetic
SYN_0185,kurir,16,4,747000,0,0,1,0,0,1,low_season,synthetic
SYN_0185,kurir,17,1,866000,0,0,0,0,0,0,normal,synthetic
SYN_0185,kurir,18,2,1057000,0,0,0,0,0,0,normal,synthetic
SYN_0185,kurir,19,3,1006000,0,0,0,0,0,0,normal,synthetic
SYN_0185,kurir,20,4,1068000,0,0,0,0,0,1,normal,synthetic
SYN_0185,kurir,21,1,774000,0,0,0,0,0,0,normal,synthetic
SYN_0185,kurir,22,2,885000,0,0,0,0,0,0,normal,synthetic
SYN_0185,kurir,23,3,837000,0,0,0,0,0,0,normal,synthetic
SYN_0185,kurir,24,4,1146000,0,0,0,0,0,1,normal,synthetic
SYN_0185,kurir,25,1,909000,0,0,0,0,0,0,normal,synthetic
SYN_0185,kurir,26,2,937000,0,0,0,0,0,0,normal,synthetic
SYN_0185,kurir,27,3,1085000,0,0,0,0,0,0,normal,synthetic
SYN_0185,kurir,28,4,1308000,0,0,0,0,0,1,normal,synthetic
SYN_0185,kurir,29,1,871000,0,0,0,0,0,0,normal,synthetic
SYN_0185,kurir,30,2,1001000,0,0,0,0,0,0,normal,synthetic
SYN_0185,kurir,31,3,868000,0,0,0,0,0,0,normal,synthetic
SYN_0185,kurir,32,4,1095000,0,0,0,0,0,1,normal,synthetic
SYN_0185,kurir,33,1,944000,0,0,0,0,0,0,normal,synthetic
SYN_0185,kurir,34,2,895000,0,0,0,0,0,0,normal,synthetic
SYN_0185,kurir,35,3,1066000,0,0,0,0,0,0,normal,synthetic
SYN_0185,kurir,36,4,1242000,0,0,0,0,0,1,normal,synthetic
SYN_0185,kurir,37,1,905000,0,0,0,0,0,0,normal,synthetic
SYN_0185,kurir,38,2,845000,0,0,0,0,0,0,normal,synthetic
SYN_0185,kurir,39,3,917000,0,0,0,0,0,0,normal,synthetic
SYN_0185,kurir,40,4,1195000,0,0,0,0,0,1,normal,synthetic
SYN_0185,kurir,41,1,775000,0,0,0,0,0,0,normal,synthetic
SYN_0185,kurir,42,2,927000,0,0,0,0,0,0,normal,synthetic
SYN_0185,kurir,43,3,1005000,0,0,0,0,0,0,normal,synthetic
SYN_0185,kurir,44,4,1075000,0,0,0,0,0,1,normal,synthetic
SYN_0185,kurir,45,1,785000,0,0,0,0,0,0,normal,synthetic
SYN_0185,kurir,46,2,793000,0,0,0,0,0,0,normal,synthetic
SYN_0185,kurir,47,3,911000,0,0,0,0,0,0,normal,synthetic
SYN_0185,kurir,48,4,1208000,0,0,0,0,0,1,normal,synthetic
SYN_0185,kurir,49,1,1018000,0,0,0,1,0,0,high_season,synthetic
SYN_0185,kurir,50,2,1228000,0,0,0,1,0,0,high_season,synthetic
SYN_0185,kurir,51,3,1201000,0,0,0,1,0,0,high_season,synthetic
SYN_0185,kurir,52,4,1384000,0,0,0,1,0,1,high_season,synthetic
SYN_0186,freelancer_it,1,1,45163000,0,0,0,0,1,0,low_season,synthetic
SYN_0186,freelancer_it,2,2,50825000,0,0,0,0,1,0,low_season,synthetic
SYN_0186,freelancer_it,3,3,30965000,0,0,0,0,1,0,low_season,synthetic
SYN_0186,freelancer_it,4,4,46498000,0,0,0,0,1,1,low_season,synthetic
SYN_0186,freelancer_it,5,1,41380000,0,0,0,0,1,0,low_season,synthetic
SYN_0186,freelancer_it,6,2,46872000,0,0,0,0,1,0,low_season,synthetic
SYN_0186,freelancer_it,7,3,45776000,0,0,0,0,0,0,normal,synthetic
SYN_0186,freelancer_it,8,4,58100000,0,0,0,0,0,1,normal,synthetic
SYN_0186,freelancer_it,9,1,41715000,0,0,0,0,0,0,normal,synthetic
SYN_0186,freelancer_it,10,2,74475000,1,0,0,0,0,0,high_season,synthetic
SYN_0186,freelancer_it,11,3,85634000,1,0,0,0,0,0,high_season,synthetic
SYN_0186,freelancer_it,12,4,78509000,1,0,0,0,0,1,high_season,synthetic
SYN_0186,freelancer_it,13,1,75256000,1,0,0,0,0,0,high_season,synthetic
SYN_0186,freelancer_it,14,2,78829000,0,1,0,0,0,0,high_season,synthetic
SYN_0186,freelancer_it,15,3,31205000,0,0,1,0,0,0,low_season,synthetic
SYN_0186,freelancer_it,16,4,47357000,0,0,1,0,0,1,low_season,synthetic
SYN_0186,freelancer_it,17,1,51398000,0,0,0,0,0,0,normal,synthetic
SYN_0186,freelancer_it,18,2,56609000,0,0,0,0,0,0,normal,synthetic
SYN_0186,freelancer_it,19,3,41263000,0,0,0,0,0,0,normal,synthetic
SYN_0186,freelancer_it,20,4,56737000,0,0,0,0,0,1,normal,synthetic
SYN_0186,freelancer_it,21,1,50767000,0,0,0,0,0,0,normal,synthetic
SYN_0186,freelancer_it,22,2,50875000,0,0,0,0,0,0,normal,synthetic
SYN_0186,freelancer_it,23,3,42977000,0,0,0,0,0,0,normal,synthetic
SYN_0186,freelancer_it,24,4,64591000,0,0,0,0,0,1,normal,synthetic
SYN_0186,freelancer_it,25,1,40967000,0,0,0,0,0,0,normal,synthetic
SYN_0186,freelancer_it,26,2,63288000,0,0,0,0,0,0,normal,synthetic
SYN_0186,freelancer_it,27,3,61520000,0,0,0,0,0,0,normal,synthetic
SYN_0186,freelancer_it,28,4,65830000,0,0,0,0,0,1,normal,synthetic
SYN_0186,freelancer_it,29,1,54196000,0,0,0,0,0,0,normal,synthetic
SYN_0186,freelancer_it,30,2,51039000,0,0,0,0,0,0,normal,synthetic
SYN_0186,freelancer_it,31,3,56001000,0,0,0,0,0,0,normal,synthetic
SYN_0186,freelancer_it,32,4,73253000,0,0,0,0,0,1,normal,synthetic
SYN_0186,freelancer_it,33,1,47087000,0,0,0,0,0,0,normal,synthetic
SYN_0186,freelancer_it,34,2,48773000,0,0,0,0,0,0,normal,synthetic
SYN_0186,freelancer_it,35,3,38509000,0,0,0,0,0,0,normal,synthetic
SYN_0186,freelancer_it,36,4,59990000,0,0,0,0,0,1,normal,synthetic
SYN_0186,freelancer_it,37,1,50770000,0,0,0,0,0,0,normal,synthetic
SYN_0186,freelancer_it,38,2,57277000,0,0,0,0,0,0,normal,synthetic
SYN_0186,freelancer_it,39,3,54152000,0,0,0,0,0,0,normal,synthetic
SYN_0186,freelancer_it,40,4,56097000,0,0,0,0,0,1,normal,synthetic
SYN_0186,freelancer_it,41,1,32924000,0,0,0,0,0,0,normal,synthetic
SYN_0186,freelancer_it,42,2,47074000,0,0,0,0,0,0,normal,synthetic
SYN_0186,freelancer_it,43,3,48425000,0,0,0,0,0,0,normal,synthetic
SYN_0186,freelancer_it,44,4,58037000,0,0,0,0,0,1,normal,synthetic
SYN_0186,freelancer_it,45,1,49464000,0,0,0,0,0,0,normal,synthetic
SYN_0186,freelancer_it,46,2,64641000,0,0,0,0,0,0,normal,synthetic
SYN_0186,freelancer_it,47,3,51455000,0,0,0,0,0,0,normal,synthetic
SYN_0186,freelancer_it,48,4,58855000,0,0,0,0,0,1,normal,synthetic
SYN_0186,freelancer_it,49,1,57031000,0,0,0,1,0,0,high_season,synthetic
SYN_0186,freelancer_it,50,2,66899000,0,0,0,1,0,0,high_season,synthetic
SYN_0186,freelancer_it,51,3,58129000,0,0,0,1,0,0,high_season,synthetic
SYN_0186,freelancer_it,52,4,80233000,0,0,0,1,0,1,high_season,synthetic
SYN_0187,jualan_online,1,1,32026000,0,0,0,0,1,0,low_season,synthetic
SYN_0187,jualan_online,2,2,34368000,0,0,0,0,1,0,low_season,synthetic
SYN_0187,jualan_online,3,3,38256000,0,0,0,0,1,0,low_season,synthetic
SYN_0187,jualan_online,4,4,35119000,0,0,0,0,1,1,low_season,synthetic
SYN_0187,jualan_online,5,1,27481000,0,0,0,0,1,0,low_season,synthetic
SYN_0187,jualan_online,6,2,37701000,0,0,0,0,1,0,low_season,synthetic
SYN_0187,jualan_online,7,3,32272000,0,0,0,0,0,0,normal,synthetic
SYN_0187,jualan_online,8,4,43997000,0,0,0,0,0,1,normal,synthetic
SYN_0187,jualan_online,9,1,32184000,0,0,0,0,0,0,normal,synthetic
SYN_0187,jualan_online,10,2,46173000,1,0,0,0,0,0,high_season,synthetic
SYN_0187,jualan_online,11,3,55566000,1,0,0,0,0,0,high_season,synthetic
SYN_0187,jualan_online,12,4,74319000,1,0,0,0,0,1,high_season,synthetic
SYN_0187,jualan_online,13,1,52118000,1,0,0,0,0,0,high_season,synthetic
SYN_0187,jualan_online,14,2,75185000,0,1,0,0,0,0,high_season,synthetic
SYN_0187,jualan_online,15,3,31366000,0,0,1,0,0,0,low_season,synthetic
SYN_0187,jualan_online,16,4,31405000,0,0,1,0,0,1,low_season,synthetic
SYN_0187,jualan_online,17,1,46487000,0,0,0,0,0,0,normal,synthetic
SYN_0187,jualan_online,18,2,37577000,0,0,0,0,0,0,normal,synthetic
SYN_0187,jualan_online,19,3,38202000,0,0,0,0,0,0,normal,synthetic
SYN_0187,jualan_online,20,4,43047000,0,0,0,0,0,1,normal,synthetic
SYN_0187,jualan_online,21,1,37590000,0,0,0,0,0,0,normal,synthetic
SYN_0187,jualan_online,22,2,37835000,0,0,0,0,0,0,normal,synthetic
SYN_0187,jualan_online,23,3,38830000,0,0,0,0,0,0,normal,synthetic
SYN_0187,jualan_online,24,4,45883000,0,0,0,0,0,1,normal,synthetic
SYN_0187,jualan_online,25,1,34316000,0,0,0,0,0,0,normal,synthetic
SYN_0187,jualan_online,26,2,39946000,0,0,0,0,0,0,normal,synthetic
SYN_0187,jualan_online,27,3,37083000,0,0,0,0,0,0,normal,synthetic
SYN_0187,jualan_online,28,4,44765000,0,0,0,0,0,1,normal,synthetic
SYN_0187,jualan_online,29,1,39823000,0,0,0,0,0,0,normal,synthetic
SYN_0187,jualan_online,30,2,37821000,0,0,0,0,0,0,normal,synthetic
SYN_0187,jualan_online,31,3,41006000,0,0,0,0,0,0,normal,synthetic
SYN_0187,jualan_online,32,4,42021000,0,0,0,0,0,1,normal,synthetic
SYN_0187,jualan_online,33,1,33399000,0,0,0,0,0,0,normal,synthetic
SYN_0187,jualan_online,34,2,33403000,0,0,0,0,0,0,normal,synthetic
SYN_0187,jualan_online,35,3,47925000,0,0,0,0,0,0,normal,synthetic
SYN_0187,jualan_online,36,4,54806000,0,0,0,0,0,1,normal,synthetic
SYN_0187,jualan_online,37,1,37802000,0,0,0,0,0,0,normal,synthetic
SYN_0187,jualan_online,38,2,49321000,0,0,0,0,0,0,normal,synthetic
SYN_0187,jualan_online,39,3,42825000,0,0,0,0,0,0,normal,synthetic
SYN_0187,jualan_online,40,4,46071000,0,0,0,0,0,1,normal,synthetic
SYN_0187,jualan_online,41,1,36858000,0,0,0,0,0,0,normal,synthetic
SYN_0187,jualan_online,42,2,45603000,0,0,0,0,0,0,normal,synthetic
SYN_0187,jualan_online,43,3,35060000,0,0,0,0,0,0,normal,synthetic
SYN_0187,jualan_online,44,4,40421000,0,0,0,0,0,1,normal,synthetic
SYN_0187,jualan_online,45,1,37001000,0,0,0,0,0,0,normal,synthetic
SYN_0187,jualan_online,46,2,36441000,0,0,0,0,0,0,normal,synthetic
SYN_0187,jualan_online,47,3,28570000,0,0,0,0,0,0,normal,synthetic
SYN_0187,jualan_online,48,4,40025000,0,0,0,0,0,1,normal,synthetic
SYN_0187,jualan_online,49,1,44152000,0,0,0,1,0,0,high_season,synthetic
SYN_0187,jualan_online,50,2,51257000,0,0,0,1,0,0,high_season,synthetic
SYN_0187,jualan_online,51,3,51439000,0,0,0,1,0,0,high_season,synthetic
SYN_0187,jualan_online,52,4,75869000,0,0,0,1,0,1,high_season,synthetic
SYN_0188,content_creator,1,1,24083000,0,0,0,0,1,0,low_season,synthetic
SYN_0188,content_creator,2,2,25809000,0,0,0,0,1,0,low_season,synthetic
SYN_0188,content_creator,3,3,36132000,0,0,0,0,1,0,low_season,synthetic
SYN_0188,content_creator,4,4,35854000,0,0,0,0,1,1,low_season,synthetic
SYN_0188,content_creator,5,1,16130000,0,0,0,0,1,0,low_season,synthetic
SYN_0188,content_creator,6,2,25340000,0,0,0,0,1,0,low_season,synthetic
SYN_0188,content_creator,7,3,28684000,0,0,0,0,0,0,normal,synthetic
SYN_0188,content_creator,8,4,36707000,0,0,0,0,0,1,normal,synthetic
SYN_0188,content_creator,9,1,33626000,0,0,0,0,0,0,normal,synthetic
SYN_0188,content_creator,10,2,48240000,1,0,0,0,0,0,high_season,synthetic
SYN_0188,content_creator,11,3,48511000,1,0,0,0,0,0,high_season,synthetic
SYN_0188,content_creator,12,4,72986000,1,0,0,0,0,1,high_season,synthetic
SYN_0188,content_creator,13,1,38722000,1,0,0,0,0,0,high_season,synthetic
SYN_0188,content_creator,14,2,79290000,0,1,0,0,0,0,high_season,synthetic
SYN_0188,content_creator,15,3,20878000,0,0,1,0,0,0,low_season,synthetic
SYN_0188,content_creator,16,4,28955000,0,0,1,0,0,1,low_season,synthetic
SYN_0188,content_creator,17,1,28987000,0,0,0,0,0,0,normal,synthetic
SYN_0188,content_creator,18,2,34679000,0,0,0,0,0,0,normal,synthetic
SYN_0188,content_creator,19,3,36640000,0,0,0,0,0,0,normal,synthetic
SYN_0188,content_creator,20,4,43889000,0,0,0,0,0,1,normal,synthetic
SYN_0188,content_creator,21,1,26393000,0,0,0,0,0,0,normal,synthetic
SYN_0188,content_creator,22,2,27068000,0,0,0,0,0,0,normal,synthetic
SYN_0188,content_creator,23,3,49211000,0,0,0,0,0,0,normal,synthetic
SYN_0188,content_creator,24,4,37163000,0,0,0,0,0,1,normal,synthetic
SYN_0188,content_creator,25,1,34375000,0,0,0,0,0,0,normal,synthetic
SYN_0188,content_creator,26,2,24108000,0,0,0,0,0,0,normal,synthetic
SYN_0188,content_creator,27,3,32218000,0,0,0,0,0,0,normal,synthetic
SYN_0188,content_creator,28,4,39778000,0,0,0,0,0,1,normal,synthetic
SYN_0188,content_creator,29,1,33131000,0,0,0,0,0,0,normal,synthetic
SYN_0188,content_creator,30,2,17300000,0,0,0,0,0,0,normal,synthetic
SYN_0188,content_creator,31,3,34940000,0,0,0,0,0,0,normal,synthetic
SYN_0188,content_creator,32,4,32285000,0,0,0,0,0,1,normal,synthetic
SYN_0188,content_creator,33,1,32315000,0,0,0,0,0,0,normal,synthetic
SYN_0188,content_creator,34,2,27597000,0,0,0,0,0,0,normal,synthetic
SYN_0188,content_creator,35,3,28701000,0,0,0,0,0,0,normal,synthetic
SYN_0188,content_creator,36,4,38705000,0,0,0,0,0,1,normal,synthetic
SYN_0188,content_creator,37,1,24749000,0,0,0,0,0,0,normal,synthetic
SYN_0188,content_creator,38,2,31021000,0,0,0,0,0,0,normal,synthetic
SYN_0188,content_creator,39,3,26638000,0,0,0,0,0,0,normal,synthetic
SYN_0188,content_creator,40,4,27277000,0,0,0,0,0,1,normal,synthetic
SYN_0188,content_creator,41,1,36127000,0,0,0,0,0,0,normal,synthetic
SYN_0188,content_creator,42,2,26011000,0,0,0,0,0,0,normal,synthetic
SYN_0188,content_creator,43,3,32834000,0,0,0,0,0,0,normal,synthetic
SYN_0188,content_creator,44,4,46227000,0,0,0,0,0,1,normal,synthetic
SYN_0188,content_creator,45,1,27153000,0,0,0,0,0,0,normal,synthetic
SYN_0188,content_creator,46,2,28886000,0,0,0,0,0,0,normal,synthetic
SYN_0188,content_creator,47,3,35307000,0,0,0,0,0,0,normal,synthetic
SYN_0188,content_creator,48,4,48902000,0,0,0,0,0,1,normal,synthetic
SYN_0188,content_creator,49,1,31338000,0,0,0,1,0,0,high_season,synthetic
SYN_0188,content_creator,50,2,42911000,0,0,0,1,0,0,high_season,synthetic
SYN_0188,content_creator,51,3,30349000,0,0,0,1,0,0,high_season,synthetic
SYN_0188,content_creator,52,4,49177000,0,0,0,1,0,1,high_season,synthetic
SYN_0189,jualan_online,1,1,77000,0,0,0,0,1,0,low_season,synthetic
SYN_0189,jualan_online,2,2,95000,0,0,0,0,1,0,low_season,synthetic
SYN_0189,jualan_online,3,3,83000,0,0,0,0,1,0,low_season,synthetic
SYN_0189,jualan_online,4,4,77000,0,0,0,0,1,1,low_season,synthetic
SYN_0189,jualan_online,5,1,80000,0,0,0,0,1,0,low_season,synthetic
SYN_0189,jualan_online,6,2,91000,0,0,0,0,1,0,low_season,synthetic
SYN_0189,jualan_online,7,3,93000,0,0,0,0,0,0,normal,synthetic
SYN_0189,jualan_online,8,4,112000,0,0,0,0,0,1,normal,synthetic
SYN_0189,jualan_online,9,1,114000,0,0,0,0,0,0,normal,synthetic
SYN_0189,jualan_online,10,2,134000,1,0,0,0,0,0,high_season,synthetic
SYN_0189,jualan_online,11,3,125000,1,0,0,0,0,0,high_season,synthetic
SYN_0189,jualan_online,12,4,175000,1,0,0,0,0,1,high_season,synthetic
SYN_0189,jualan_online,13,1,140000,1,0,0,0,0,0,high_season,synthetic
SYN_0189,jualan_online,14,2,186000,0,1,0,0,0,0,high_season,synthetic
SYN_0189,jualan_online,15,3,49000,0,0,1,0,0,0,low_season,synthetic
SYN_0189,jualan_online,16,4,77000,0,0,1,0,0,1,low_season,synthetic
SYN_0189,jualan_online,17,1,102000,0,0,0,0,0,0,normal,synthetic
SYN_0189,jualan_online,18,2,104000,0,0,0,0,0,0,normal,synthetic
SYN_0189,jualan_online,19,3,85000,0,0,0,0,0,0,normal,synthetic
SYN_0189,jualan_online,20,4,138000,0,0,0,0,0,1,normal,synthetic
SYN_0189,jualan_online,21,1,100000,0,0,0,0,0,0,normal,synthetic
SYN_0189,jualan_online,22,2,96000,0,0,0,0,0,0,normal,synthetic
SYN_0189,jualan_online,23,3,111000,0,0,0,0,0,0,normal,synthetic
SYN_0189,jualan_online,24,4,149000,0,0,0,0,0,1,normal,synthetic
SYN_0189,jualan_online,25,1,79000,0,0,0,0,0,0,normal,synthetic
SYN_0189,jualan_online,26,2,107000,0,0,0,0,0,0,normal,synthetic
SYN_0189,jualan_online,27,3,124000,0,0,0,0,0,0,normal,synthetic
SYN_0189,jualan_online,28,4,129000,0,0,0,0,0,1,normal,synthetic
SYN_0189,jualan_online,29,1,82000,0,0,0,0,0,0,normal,synthetic
SYN_0189,jualan_online,30,2,103000,0,0,0,0,0,0,normal,synthetic
SYN_0189,jualan_online,31,3,116000,0,0,0,0,0,0,normal,synthetic
SYN_0189,jualan_online,32,4,105000,0,0,0,0,0,1,normal,synthetic
SYN_0189,jualan_online,33,1,90000,0,0,0,0,0,0,normal,synthetic
SYN_0189,jualan_online,34,2,97000,0,0,0,0,0,0,normal,synthetic
SYN_0189,jualan_online,35,3,92000,0,0,0,0,0,0,normal,synthetic
SYN_0189,jualan_online,36,4,123000,0,0,0,0,0,1,normal,synthetic
SYN_0189,jualan_online,37,1,89000,0,0,0,0,0,0,normal,synthetic
SYN_0189,jualan_online,38,2,108000,0,0,0,0,0,0,normal,synthetic
SYN_0189,jualan_online,39,3,114000,0,0,0,0,0,0,normal,synthetic
SYN_0189,jualan_online,40,4,102000,0,0,0,0,0,1,normal,synthetic
SYN_0189,jualan_online,41,1,91000,0,0,0,0,0,0,normal,synthetic
SYN_0189,jualan_online,42,2,99000,0,0,0,0,0,0,normal,synthetic
SYN_0189,jualan_online,43,3,102000,0,0,0,0,0,0,normal,synthetic
SYN_0189,jualan_online,44,4,120000,0,0,0,0,0,1,normal,synthetic
SYN_0189,jualan_online,45,1,79000,0,0,0,0,0,0,normal,synthetic
SYN_0189,jualan_online,46,2,117000,0,0,0,0,0,0,normal,synthetic
SYN_0189,jualan_online,47,3,123000,0,0,0,0,0,0,normal,synthetic
SYN_0189,jualan_online,48,4,128000,0,0,0,0,0,1,normal,synthetic
SYN_0189,jualan_online,49,1,125000,0,0,0,1,0,0,high_season,synthetic
SYN_0189,jualan_online,50,2,132000,0,0,0,1,0,0,high_season,synthetic
SYN_0189,jualan_online,51,3,145000,0,0,0,1,0,0,high_season,synthetic
SYN_0189,jualan_online,52,4,110000,0,0,0,1,0,1,high_season,synthetic
SYN_0190,freelancer_it,1,1,25181000,0,0,0,0,1,0,low_season,synthetic
SYN_0190,freelancer_it,2,2,25246000,0,0,0,0,1,0,low_season,synthetic
SYN_0190,freelancer_it,3,3,26724000,0,0,0,0,1,0,low_season,synthetic
SYN_0190,freelancer_it,4,4,35417000,0,0,0,0,1,1,low_season,synthetic
SYN_0190,freelancer_it,5,1,27503000,0,0,0,0,1,0,low_season,synthetic
SYN_0190,freelancer_it,6,2,27501000,0,0,0,0,1,0,low_season,synthetic
SYN_0190,freelancer_it,7,3,24066000,0,0,0,0,0,0,normal,synthetic
SYN_0190,freelancer_it,8,4,34115000,0,0,0,0,0,1,normal,synthetic
SYN_0190,freelancer_it,9,1,33297000,0,0,0,0,0,0,normal,synthetic
SYN_0190,freelancer_it,10,2,29376000,1,0,0,0,0,0,high_season,synthetic
SYN_0190,freelancer_it,11,3,55586000,1,0,0,0,0,0,high_season,synthetic
SYN_0190,freelancer_it,12,4,61368000,1,0,0,0,0,1,high_season,synthetic
SYN_0190,freelancer_it,13,1,50800000,1,0,0,0,0,0,high_season,synthetic
SYN_0190,freelancer_it,14,2,55924000,0,1,0,0,0,0,high_season,synthetic
SYN_0190,freelancer_it,15,3,16369000,0,0,1,0,0,0,low_season,synthetic
SYN_0190,freelancer_it,16,4,29275000,0,0,1,0,0,1,low_season,synthetic
SYN_0190,freelancer_it,17,1,34863000,0,0,0,0,0,0,normal,synthetic
SYN_0190,freelancer_it,18,2,37126000,0,0,0,0,0,0,normal,synthetic
SYN_0190,freelancer_it,19,3,29821000,0,0,0,0,0,0,normal,synthetic
SYN_0190,freelancer_it,20,4,39924000,0,0,0,0,0,1,normal,synthetic
SYN_0190,freelancer_it,21,1,27377000,0,0,0,0,0,0,normal,synthetic
SYN_0190,freelancer_it,22,2,29100000,0,0,0,0,0,0,normal,synthetic
SYN_0190,freelancer_it,23,3,37267000,0,0,0,0,0,0,normal,synthetic
SYN_0190,freelancer_it,24,4,32832000,0,0,0,0,0,1,normal,synthetic
SYN_0190,freelancer_it,25,1,25882000,0,0,0,0,0,0,normal,synthetic
SYN_0190,freelancer_it,26,2,27790000,0,0,0,0,0,0,normal,synthetic
SYN_0190,freelancer_it,27,3,26013000,0,0,0,0,0,0,normal,synthetic
SYN_0190,freelancer_it,28,4,40253000,0,0,0,0,0,1,normal,synthetic
SYN_0190,freelancer_it,29,1,34394000,0,0,0,0,0,0,normal,synthetic
SYN_0190,freelancer_it,30,2,32020000,0,0,0,0,0,0,normal,synthetic
SYN_0190,freelancer_it,31,3,25941000,0,0,0,0,0,0,normal,synthetic
SYN_0190,freelancer_it,32,4,44083000,0,0,0,0,0,1,normal,synthetic
SYN_0190,freelancer_it,33,1,36565000,0,0,0,0,0,0,normal,synthetic
SYN_0190,freelancer_it,34,2,29897000,0,0,0,0,0,0,normal,synthetic
SYN_0190,freelancer_it,35,3,30668000,0,0,0,0,0,0,normal,synthetic
SYN_0190,freelancer_it,36,4,42292000,0,0,0,0,0,1,normal,synthetic
SYN_0190,freelancer_it,37,1,36301000,0,0,0,0,0,0,normal,synthetic
SYN_0190,freelancer_it,38,2,30478000,0,0,0,0,0,0,normal,synthetic
SYN_0190,freelancer_it,39,3,26739000,0,0,0,0,0,0,normal,synthetic
SYN_0190,freelancer_it,40,4,42932000,0,0,0,0,0,1,normal,synthetic
SYN_0190,freelancer_it,41,1,32893000,0,0,0,0,0,0,normal,synthetic
SYN_0190,freelancer_it,42,2,32899000,0,0,0,0,0,0,normal,synthetic
SYN_0190,freelancer_it,43,3,30302000,0,0,0,0,0,0,normal,synthetic
SYN_0190,freelancer_it,44,4,44936000,0,0,0,0,0,1,normal,synthetic
SYN_0190,freelancer_it,45,1,31770000,0,0,0,0,0,0,normal,synthetic
SYN_0190,freelancer_it,46,2,29334000,0,0,0,0,0,0,normal,synthetic
SYN_0190,freelancer_it,47,3,33097000,0,0,0,0,0,0,normal,synthetic
SYN_0190,freelancer_it,48,4,31980000,0,0,0,0,0,1,normal,synthetic
SYN_0190,freelancer_it,49,1,42152000,0,0,0,1,0,0,high_season,synthetic
SYN_0190,freelancer_it,50,2,41163000,0,0,0,1,0,0,high_season,synthetic
SYN_0190,freelancer_it,51,3,40125000,0,0,0,1,0,0,high_season,synthetic
SYN_0190,freelancer_it,52,4,51042000,0,0,0,1,0,1,high_season,synthetic
SYN_0191,jualan_online,1,1,11910000,0,0,0,0,1,0,low_season,synthetic
SYN_0191,jualan_online,2,2,12767000,0,0,0,0,1,0,low_season,synthetic
SYN_0191,jualan_online,3,3,11802000,0,0,0,0,1,0,low_season,synthetic
SYN_0191,jualan_online,4,4,16117000,0,0,0,0,1,1,low_season,synthetic
SYN_0191,jualan_online,5,1,12379000,0,0,0,0,1,0,low_season,synthetic
SYN_0191,jualan_online,6,2,12644000,0,0,0,0,1,0,low_season,synthetic
SYN_0191,jualan_online,7,3,17238000,0,0,0,0,0,0,normal,synthetic
SYN_0191,jualan_online,8,4,19195000,0,0,0,0,0,1,normal,synthetic
SYN_0191,jualan_online,9,1,11804000,0,0,0,0,0,0,normal,synthetic
SYN_0191,jualan_online,10,2,26089000,1,0,0,0,0,0,high_season,synthetic
SYN_0191,jualan_online,11,3,24551000,1,0,0,0,0,0,high_season,synthetic
SYN_0191,jualan_online,12,4,30221000,1,0,0,0,0,1,high_season,synthetic
SYN_0191,jualan_online,13,1,21206000,1,0,0,0,0,0,high_season,synthetic
SYN_0191,jualan_online,14,2,19521000,0,1,0,0,0,0,high_season,synthetic
SYN_0191,jualan_online,15,3,12276000,0,0,1,0,0,0,low_season,synthetic
SYN_0191,jualan_online,16,4,13119000,0,0,1,0,0,1,low_season,synthetic
SYN_0191,jualan_online,17,1,14545000,0,0,0,0,0,0,normal,synthetic
SYN_0191,jualan_online,18,2,16510000,0,0,0,0,0,0,normal,synthetic
SYN_0191,jualan_online,19,3,19107000,0,0,0,0,0,0,normal,synthetic
SYN_0191,jualan_online,20,4,17386000,0,0,0,0,0,1,normal,synthetic
SYN_0191,jualan_online,21,1,13083000,0,0,0,0,0,0,normal,synthetic
SYN_0191,jualan_online,22,2,13921000,0,0,0,0,0,0,normal,synthetic
SYN_0191,jualan_online,23,3,13514000,0,0,0,0,0,0,normal,synthetic
SYN_0191,jualan_online,24,4,16258000,0,0,0,0,0,1,normal,synthetic
SYN_0191,jualan_online,25,1,10853000,0,0,0,0,0,0,normal,synthetic
SYN_0191,jualan_online,26,2,16298000,0,0,0,0,0,0,normal,synthetic
SYN_0191,jualan_online,27,3,19203000,0,0,0,0,0,0,normal,synthetic
SYN_0191,jualan_online,28,4,23186000,0,0,0,0,0,1,normal,synthetic
SYN_0191,jualan_online,29,1,12527000,0,0,0,0,0,0,normal,synthetic
SYN_0191,jualan_online,30,2,14998000,0,0,0,0,0,0,normal,synthetic
SYN_0191,jualan_online,31,3,17799000,0,0,0,0,0,0,normal,synthetic
SYN_0191,jualan_online,32,4,19571000,0,0,0,0,0,1,normal,synthetic
SYN_0191,jualan_online,33,1,14179000,0,0,0,0,0,0,normal,synthetic
SYN_0191,jualan_online,34,2,15027000,0,0,0,0,0,0,normal,synthetic
SYN_0191,jualan_online,35,3,17697000,0,0,0,0,0,0,normal,synthetic
SYN_0191,jualan_online,36,4,16210000,0,0,0,0,0,1,normal,synthetic
SYN_0191,jualan_online,37,1,14759000,0,0,0,0,0,0,normal,synthetic
SYN_0191,jualan_online,38,2,16146000,0,0,0,0,0,0,normal,synthetic
SYN_0191,jualan_online,39,3,15585000,0,0,0,0,0,0,normal,synthetic
SYN_0191,jualan_online,40,4,20364000,0,0,0,0,0,1,normal,synthetic
SYN_0191,jualan_online,41,1,14010000,0,0,0,0,0,0,normal,synthetic
SYN_0191,jualan_online,42,2,14510000,0,0,0,0,0,0,normal,synthetic
SYN_0191,jualan_online,43,3,15677000,0,0,0,0,0,0,normal,synthetic
SYN_0191,jualan_online,44,4,15051000,0,0,0,0,0,1,normal,synthetic
SYN_0191,jualan_online,45,1,14980000,0,0,0,0,0,0,normal,synthetic
SYN_0191,jualan_online,46,2,17120000,0,0,0,0,0,0,normal,synthetic
SYN_0191,jualan_online,47,3,14283000,0,0,0,0,0,0,normal,synthetic
SYN_0191,jualan_online,48,4,16608000,0,0,0,0,0,1,normal,synthetic
SYN_0191,jualan_online,49,1,16791000,0,0,0,1,0,0,high_season,synthetic
SYN_0191,jualan_online,50,2,20003000,0,0,0,1,0,0,high_season,synthetic
SYN_0191,jualan_online,51,3,20678000,0,0,0,1,0,0,high_season,synthetic
SYN_0191,jualan_online,52,4,28876000,0,0,0,1,0,1,high_season,synthetic
SYN_0192,freelancer_it,1,1,50915000,0,0,0,0,1,0,low_season,synthetic
SYN_0192,freelancer_it,2,2,59228000,0,0,0,0,1,0,low_season,synthetic
SYN_0192,freelancer_it,3,3,62578000,0,0,0,0,1,0,low_season,synthetic
SYN_0192,freelancer_it,4,4,63045000,0,0,0,0,1,1,low_season,synthetic
SYN_0192,freelancer_it,5,1,50435000,0,0,0,0,1,0,low_season,synthetic
SYN_0192,freelancer_it,6,2,44591000,0,0,0,0,1,0,low_season,synthetic
SYN_0192,freelancer_it,7,3,65536000,0,0,0,0,0,0,normal,synthetic
SYN_0192,freelancer_it,8,4,82525000,0,0,0,0,0,1,normal,synthetic
SYN_0192,freelancer_it,9,1,62040000,0,0,0,0,0,0,normal,synthetic
SYN_0192,freelancer_it,10,2,107122000,1,0,0,0,0,0,high_season,synthetic
SYN_0192,freelancer_it,11,3,83106000,1,0,0,0,0,0,high_season,synthetic
SYN_0192,freelancer_it,12,4,103520000,1,0,0,0,0,1,high_season,synthetic
SYN_0192,freelancer_it,13,1,106159000,1,0,0,0,0,0,high_season,synthetic
SYN_0192,freelancer_it,14,2,110136000,0,1,0,0,0,0,high_season,synthetic
SYN_0192,freelancer_it,15,3,46262000,0,0,1,0,0,0,low_season,synthetic
SYN_0192,freelancer_it,16,4,53495000,0,0,1,0,0,1,low_season,synthetic
SYN_0192,freelancer_it,17,1,51203000,0,0,0,0,0,0,normal,synthetic
SYN_0192,freelancer_it,18,2,78900000,0,0,0,0,0,0,normal,synthetic
SYN_0192,freelancer_it,19,3,59538000,0,0,0,0,0,0,normal,synthetic
SYN_0192,freelancer_it,20,4,64970000,0,0,0,0,0,1,normal,synthetic
SYN_0192,freelancer_it,21,1,54208000,0,0,0,0,0,0,normal,synthetic
SYN_0192,freelancer_it,22,2,46272000,0,0,0,0,0,0,normal,synthetic
SYN_0192,freelancer_it,23,3,58426000,0,0,0,0,0,0,normal,synthetic
SYN_0192,freelancer_it,24,4,66689000,0,0,0,0,0,1,normal,synthetic
SYN_0192,freelancer_it,25,1,62860000,0,0,0,0,0,0,normal,synthetic
SYN_0192,freelancer_it,26,2,58227000,0,0,0,0,0,0,normal,synthetic
SYN_0192,freelancer_it,27,3,72278000,0,0,0,0,0,0,normal,synthetic
SYN_0192,freelancer_it,28,4,92250000,0,0,0,0,0,1,normal,synthetic
SYN_0192,freelancer_it,29,1,64187000,0,0,0,0,0,0,normal,synthetic
SYN_0192,freelancer_it,30,2,62349000,0,0,0,0,0,0,normal,synthetic
SYN_0192,freelancer_it,31,3,65558000,0,0,0,0,0,0,normal,synthetic
SYN_0192,freelancer_it,32,4,60675000,0,0,0,0,0,1,normal,synthetic
SYN_0192,freelancer_it,33,1,56775000,0,0,0,0,0,0,normal,synthetic
SYN_0192,freelancer_it,34,2,56544000,0,0,0,0,0,0,normal,synthetic
SYN_0192,freelancer_it,35,3,70537000,0,0,0,0,0,0,normal,synthetic
SYN_0192,freelancer_it,36,4,104932000,0,0,0,0,0,1,normal,synthetic
SYN_0192,freelancer_it,37,1,61908000,0,0,0,0,0,0,normal,synthetic
SYN_0192,freelancer_it,38,2,46367000,0,0,0,0,0,0,normal,synthetic
SYN_0192,freelancer_it,39,3,61037000,0,0,0,0,0,0,normal,synthetic
SYN_0192,freelancer_it,40,4,78468000,0,0,0,0,0,1,normal,synthetic
SYN_0192,freelancer_it,41,1,58567000,0,0,0,0,0,0,normal,synthetic
SYN_0192,freelancer_it,42,2,57710000,0,0,0,0,0,0,normal,synthetic
SYN_0192,freelancer_it,43,3,66496000,0,0,0,0,0,0,normal,synthetic
SYN_0192,freelancer_it,44,4,63726000,0,0,0,0,0,1,normal,synthetic
SYN_0192,freelancer_it,45,1,50205000,0,0,0,0,0,0,normal,synthetic
SYN_0192,freelancer_it,46,2,70100000,0,0,0,0,0,0,normal,synthetic
SYN_0192,freelancer_it,47,3,55147000,0,0,0,0,0,0,normal,synthetic
SYN_0192,freelancer_it,48,4,82958000,0,0,0,0,0,1,normal,synthetic
SYN_0192,freelancer_it,49,1,60796000,0,0,0,1,0,0,high_season,synthetic
SYN_0192,freelancer_it,50,2,104223000,0,0,0,1,0,0,high_season,synthetic
SYN_0192,freelancer_it,51,3,74515000,0,0,0,1,0,0,high_season,synthetic
SYN_0192,freelancer_it,52,4,97149000,0,0,0,1,0,1,high_season,synthetic
SYN_0193,ojek_online,1,1,864000,0,0,0,0,1,0,low_season,synthetic
SYN_0193,ojek_online,2,2,1117000,0,0,0,0,1,0,low_season,synthetic
SYN_0193,ojek_online,3,3,1038000,0,0,0,0,1,0,low_season,synthetic
SYN_0193,ojek_online,4,4,1044000,0,0,0,0,1,1,low_season,synthetic
SYN_0193,ojek_online,5,1,943000,0,0,0,0,1,0,low_season,synthetic
SYN_0193,ojek_online,6,2,822000,0,0,0,0,1,0,low_season,synthetic
SYN_0193,ojek_online,7,3,1033000,0,0,0,0,0,0,normal,synthetic
SYN_0193,ojek_online,8,4,1366000,0,0,0,0,0,1,normal,synthetic
SYN_0193,ojek_online,9,1,883000,0,0,0,0,0,0,normal,synthetic
SYN_0193,ojek_online,10,2,1823000,1,0,0,0,0,0,high_season,synthetic
SYN_0193,ojek_online,11,3,2045000,1,0,0,0,0,0,high_season,synthetic
SYN_0193,ojek_online,12,4,1890000,1,0,0,0,0,1,high_season,synthetic
SYN_0193,ojek_online,13,1,1359000,1,0,0,0,0,0,high_season,synthetic
SYN_0193,ojek_online,14,2,1937000,0,1,0,0,0,0,high_season,synthetic
SYN_0193,ojek_online,15,3,737000,0,0,1,0,0,0,low_season,synthetic
SYN_0193,ojek_online,16,4,971000,0,0,1,0,0,1,low_season,synthetic
SYN_0193,ojek_online,17,1,861000,0,0,0,0,0,0,normal,synthetic
SYN_0193,ojek_online,18,2,1163000,0,0,0,0,0,0,normal,synthetic
SYN_0193,ojek_online,19,3,1364000,0,0,0,0,0,0,normal,synthetic
SYN_0193,ojek_online,20,4,1046000,0,0,0,0,0,1,normal,synthetic
SYN_0193,ojek_online,21,1,879000,0,0,0,0,0,0,normal,synthetic
SYN_0193,ojek_online,22,2,1067000,0,0,0,0,0,0,normal,synthetic
SYN_0193,ojek_online,23,3,1192000,0,0,0,0,0,0,normal,synthetic
SYN_0193,ojek_online,24,4,1483000,0,0,0,0,0,1,normal,synthetic
SYN_0193,ojek_online,25,1,1103000,0,0,0,0,0,0,normal,synthetic
SYN_0193,ojek_online,26,2,911000,0,0,0,0,0,0,normal,synthetic
SYN_0193,ojek_online,27,3,1039000,0,0,0,0,0,0,normal,synthetic
SYN_0193,ojek_online,28,4,1212000,0,0,0,0,0,1,normal,synthetic
SYN_0193,ojek_online,29,1,1004000,0,0,0,0,0,0,normal,synthetic
SYN_0193,ojek_online,30,2,1126000,0,0,0,0,0,0,normal,synthetic
SYN_0193,ojek_online,31,3,951000,0,0,0,0,0,0,normal,synthetic
SYN_0193,ojek_online,32,4,1282000,0,0,0,0,0,1,normal,synthetic
SYN_0193,ojek_online,33,1,1077000,0,0,0,0,0,0,normal,synthetic
SYN_0193,ojek_online,34,2,1044000,0,0,0,0,0,0,normal,synthetic
SYN_0193,ojek_online,35,3,1098000,0,0,0,0,0,0,normal,synthetic
SYN_0193,ojek_online,36,4,1604000,0,0,0,0,0,1,normal,synthetic
SYN_0193,ojek_online,37,1,1236000,0,0,0,0,0,0,normal,synthetic
SYN_0193,ojek_online,38,2,851000,0,0,0,0,0,0,normal,synthetic
SYN_0193,ojek_online,39,3,1138000,0,0,0,0,0,0,normal,synthetic
SYN_0193,ojek_online,40,4,1789000,0,0,0,0,0,1,normal,synthetic
SYN_0193,ojek_online,41,1,1065000,0,0,0,0,0,0,normal,synthetic
SYN_0193,ojek_online,42,2,1126000,0,0,0,0,0,0,normal,synthetic
SYN_0193,ojek_online,43,3,1289000,0,0,0,0,0,0,normal,synthetic
SYN_0193,ojek_online,44,4,1381000,0,0,0,0,0,1,normal,synthetic
SYN_0193,ojek_online,45,1,1091000,0,0,0,0,0,0,normal,synthetic
SYN_0193,ojek_online,46,2,1097000,0,0,0,0,0,0,normal,synthetic
SYN_0193,ojek_online,47,3,1149000,0,0,0,0,0,0,normal,synthetic
SYN_0193,ojek_online,48,4,1413000,0,0,0,0,0,1,normal,synthetic
SYN_0193,ojek_online,49,1,1442000,0,0,0,1,0,0,high_season,synthetic
SYN_0193,ojek_online,50,2,1390000,0,0,0,1,0,0,high_season,synthetic
SYN_0193,ojek_online,51,3,1385000,0,0,0,1,0,0,high_season,synthetic
SYN_0193,ojek_online,52,4,1374000,0,0,0,1,0,1,high_season,synthetic
SYN_0194,freelancer_it,1,1,17853000,0,0,0,0,1,0,low_season,synthetic
SYN_0194,freelancer_it,2,2,24118000,0,0,0,0,1,0,low_season,synthetic
SYN_0194,freelancer_it,3,3,22015000,0,0,0,0,1,0,low_season,synthetic
SYN_0194,freelancer_it,4,4,25131000,0,0,0,0,1,1,low_season,synthetic
SYN_0194,freelancer_it,5,1,19642000,0,0,0,0,1,0,low_season,synthetic
SYN_0194,freelancer_it,6,2,21614000,0,0,0,0,1,0,low_season,synthetic
SYN_0194,freelancer_it,7,3,19538000,0,0,0,0,0,0,normal,synthetic
SYN_0194,freelancer_it,8,4,28310000,0,0,0,0,0,1,normal,synthetic
SYN_0194,freelancer_it,9,1,27377000,0,0,0,0,0,0,normal,synthetic
SYN_0194,freelancer_it,10,2,32647000,1,0,0,0,0,0,high_season,synthetic
SYN_0194,freelancer_it,11,3,34364000,1,0,0,0,0,0,high_season,synthetic
SYN_0194,freelancer_it,12,4,39888000,1,0,0,0,0,1,high_season,synthetic
SYN_0194,freelancer_it,13,1,31976000,1,0,0,0,0,0,high_season,synthetic
SYN_0194,freelancer_it,14,2,39865000,0,1,0,0,0,0,high_season,synthetic
SYN_0194,freelancer_it,15,3,18547000,0,0,1,0,0,0,low_season,synthetic
SYN_0194,freelancer_it,16,4,21412000,0,0,1,0,0,1,low_season,synthetic
SYN_0194,freelancer_it,17,1,24742000,0,0,0,0,0,0,normal,synthetic
SYN_0194,freelancer_it,18,2,21155000,0,0,0,0,0,0,normal,synthetic
SYN_0194,freelancer_it,19,3,23623000,0,0,0,0,0,0,normal,synthetic
SYN_0194,freelancer_it,20,4,28825000,0,0,0,0,0,1,normal,synthetic
SYN_0194,freelancer_it,21,1,23748000,0,0,0,0,0,0,normal,synthetic
SYN_0194,freelancer_it,22,2,22050000,0,0,0,0,0,0,normal,synthetic
SYN_0194,freelancer_it,23,3,27985000,0,0,0,0,0,0,normal,synthetic
SYN_0194,freelancer_it,24,4,34710000,0,0,0,0,0,1,normal,synthetic
SYN_0194,freelancer_it,25,1,19234000,0,0,0,0,0,0,normal,synthetic
SYN_0194,freelancer_it,26,2,23100000,0,0,0,0,0,0,normal,synthetic
SYN_0194,freelancer_it,27,3,22958000,0,0,0,0,0,0,normal,synthetic
SYN_0194,freelancer_it,28,4,40735000,0,0,0,0,0,1,normal,synthetic
SYN_0194,freelancer_it,29,1,20981000,0,0,0,0,0,0,normal,synthetic
SYN_0194,freelancer_it,30,2,30631000,0,0,0,0,0,0,normal,synthetic
SYN_0194,freelancer_it,31,3,20406000,0,0,0,0,0,0,normal,synthetic
SYN_0194,freelancer_it,32,4,25642000,0,0,0,0,0,1,normal,synthetic
SYN_0194,freelancer_it,33,1,20178000,0,0,0,0,0,0,normal,synthetic
SYN_0194,freelancer_it,34,2,21868000,0,0,0,0,0,0,normal,synthetic
SYN_0194,freelancer_it,35,3,23874000,0,0,0,0,0,0,normal,synthetic
SYN_0194,freelancer_it,36,4,26812000,0,0,0,0,0,1,normal,synthetic
SYN_0194,freelancer_it,37,1,19764000,0,0,0,0,0,0,normal,synthetic
SYN_0194,freelancer_it,38,2,28828000,0,0,0,0,0,0,normal,synthetic
SYN_0194,freelancer_it,39,3,29055000,0,0,0,0,0,0,normal,synthetic
SYN_0194,freelancer_it,40,4,33722000,0,0,0,0,0,1,normal,synthetic
SYN_0194,freelancer_it,41,1,23962000,0,0,0,0,0,0,normal,synthetic
SYN_0194,freelancer_it,42,2,25127000,0,0,0,0,0,0,normal,synthetic
SYN_0194,freelancer_it,43,3,23079000,0,0,0,0,0,0,normal,synthetic
SYN_0194,freelancer_it,44,4,25794000,0,0,0,0,0,1,normal,synthetic
SYN_0194,freelancer_it,45,1,23459000,0,0,0,0,0,0,normal,synthetic
SYN_0194,freelancer_it,46,2,20729000,0,0,0,0,0,0,normal,synthetic
SYN_0194,freelancer_it,47,3,21353000,0,0,0,0,0,0,normal,synthetic
SYN_0194,freelancer_it,48,4,34570000,0,0,0,0,0,1,normal,synthetic
SYN_0194,freelancer_it,49,1,36744000,0,0,0,1,0,0,high_season,synthetic
SYN_0194,freelancer_it,50,2,34022000,0,0,0,1,0,0,high_season,synthetic
SYN_0194,freelancer_it,51,3,37241000,0,0,0,1,0,0,high_season,synthetic
SYN_0194,freelancer_it,52,4,37364000,0,0,0,1,0,1,high_season,synthetic
SYN_0195,freelancer_desain,1,1,27535000,0,0,0,0,1,0,low_season,synthetic
SYN_0195,freelancer_desain,2,2,35727000,0,0,0,0,1,0,low_season,synthetic
SYN_0195,freelancer_desain,3,3,25616000,0,0,0,0,1,0,low_season,synthetic
SYN_0195,freelancer_desain,4,4,30250000,0,0,0,0,1,1,low_season,synthetic
SYN_0195,freelancer_desain,5,1,26938000,0,0,0,0,1,0,low_season,synthetic
SYN_0195,freelancer_desain,6,2,34965000,0,0,0,0,1,0,low_season,synthetic
SYN_0195,freelancer_desain,7,3,29885000,0,0,0,0,0,0,normal,synthetic
SYN_0195,freelancer_desain,8,4,48863000,0,0,0,0,0,1,normal,synthetic
SYN_0195,freelancer_desain,9,1,30202000,0,0,0,0,0,0,normal,synthetic
SYN_0195,freelancer_desain,10,2,49906000,1,0,0,0,0,0,high_season,synthetic
SYN_0195,freelancer_desain,11,3,69899000,1,0,0,0,0,0,high_season,synthetic
SYN_0195,freelancer_desain,12,4,69854000,1,0,0,0,0,1,high_season,synthetic
SYN_0195,freelancer_desain,13,1,44549000,1,0,0,0,0,0,high_season,synthetic
SYN_0195,freelancer_desain,14,2,71926000,0,1,0,0,0,0,high_season,synthetic
SYN_0195,freelancer_desain,15,3,21367000,0,0,1,0,0,0,low_season,synthetic
SYN_0195,freelancer_desain,16,4,35573000,0,0,1,0,0,1,low_season,synthetic
SYN_0195,freelancer_desain,17,1,42280000,0,0,0,0,0,0,normal,synthetic
SYN_0195,freelancer_desain,18,2,44133000,0,0,0,0,0,0,normal,synthetic
SYN_0195,freelancer_desain,19,3,53685000,0,0,0,0,0,0,normal,synthetic
SYN_0195,freelancer_desain,20,4,33037000,0,0,0,0,0,1,normal,synthetic
SYN_0195,freelancer_desain,21,1,36647000,0,0,0,0,0,0,normal,synthetic
SYN_0195,freelancer_desain,22,2,31329000,0,0,0,0,0,0,normal,synthetic
SYN_0195,freelancer_desain,23,3,38802000,0,0,0,0,0,0,normal,synthetic
SYN_0195,freelancer_desain,24,4,47901000,0,0,0,0,0,1,normal,synthetic
SYN_0195,freelancer_desain,25,1,49019000,0,0,0,0,0,0,normal,synthetic
SYN_0195,freelancer_desain,26,2,39526000,0,0,0,0,0,0,normal,synthetic
SYN_0195,freelancer_desain,27,3,39407000,0,0,0,0,0,0,normal,synthetic
SYN_0195,freelancer_desain,28,4,55591000,0,0,0,0,0,1,normal,synthetic
SYN_0195,freelancer_desain,29,1,35613000,0,0,0,0,0,0,normal,synthetic
SYN_0195,freelancer_desain,30,2,51600000,0,0,0,0,0,0,normal,synthetic
SYN_0195,freelancer_desain,31,3,44184000,0,0,0,0,0,0,normal,synthetic
SYN_0195,freelancer_desain,32,4,54238000,0,0,0,0,0,1,normal,synthetic
SYN_0195,freelancer_desain,33,1,25185000,0,0,0,0,0,0,normal,synthetic
SYN_0195,freelancer_desain,34,2,52584000,0,0,0,0,0,0,normal,synthetic
SYN_0195,freelancer_desain,35,3,35716000,0,0,0,0,0,0,normal,synthetic
SYN_0195,freelancer_desain,36,4,47815000,0,0,0,0,0,1,normal,synthetic
SYN_0195,freelancer_desain,37,1,32166000,0,0,0,0,0,0,normal,synthetic
SYN_0195,freelancer_desain,38,2,33368000,0,0,0,0,0,0,normal,synthetic
SYN_0195,freelancer_desain,39,3,32232000,0,0,0,0,0,0,normal,synthetic
SYN_0195,freelancer_desain,40,4,48680000,0,0,0,0,0,1,normal,synthetic
SYN_0195,freelancer_desain,41,1,24597000,0,0,0,0,0,0,normal,synthetic
SYN_0195,freelancer_desain,42,2,38357000,0,0,0,0,0,0,normal,synthetic
SYN_0195,freelancer_desain,43,3,46662000,0,0,0,0,0,0,normal,synthetic
SYN_0195,freelancer_desain,44,4,52732000,0,0,0,0,0,1,normal,synthetic
SYN_0195,freelancer_desain,45,1,38402000,0,0,0,0,0,0,normal,synthetic
SYN_0195,freelancer_desain,46,2,34191000,0,0,0,0,0,0,normal,synthetic
SYN_0195,freelancer_desain,47,3,29780000,0,0,0,0,0,0,normal,synthetic
SYN_0195,freelancer_desain,48,4,55872000,0,0,0,0,0,1,normal,synthetic
SYN_0195,freelancer_desain,49,1,43338000,0,0,0,1,0,0,high_season,synthetic
SYN_0195,freelancer_desain,50,2,51191000,0,0,0,1,0,0,high_season,synthetic
SYN_0195,freelancer_desain,51,3,50240000,0,0,0,1,0,0,high_season,synthetic
SYN_0195,freelancer_desain,52,4,68954000,0,0,0,1,0,1,high_season,synthetic
SYN_0196,kurir,1,1,982000,0,0,0,0,1,0,low_season,synthetic
SYN_0196,kurir,2,2,1264000,0,0,0,0,1,0,low_season,synthetic
SYN_0196,kurir,3,3,1251000,0,0,0,0,1,0,low_season,synthetic
SYN_0196,kurir,4,4,1123000,0,0,0,0,1,1,low_season,synthetic
SYN_0196,kurir,5,1,1093000,0,0,0,0,1,0,low_season,synthetic
SYN_0196,kurir,6,2,1293000,0,0,0,0,1,0,low_season,synthetic
SYN_0196,kurir,7,3,1509000,0,0,0,0,0,0,normal,synthetic
SYN_0196,kurir,8,4,1895000,0,0,0,0,0,1,normal,synthetic
SYN_0196,kurir,9,1,1272000,0,0,0,0,0,0,normal,synthetic
SYN_0196,kurir,10,2,2254000,1,0,0,0,0,0,high_season,synthetic
SYN_0196,kurir,11,3,1993000,1,0,0,0,0,0,high_season,synthetic
SYN_0196,kurir,12,4,2230000,1,0,0,0,0,1,high_season,synthetic
SYN_0196,kurir,13,1,1691000,1,0,0,0,0,0,high_season,synthetic
SYN_0196,kurir,14,2,2231000,0,1,0,0,0,0,high_season,synthetic
SYN_0196,kurir,15,3,1115000,0,0,1,0,0,0,low_season,synthetic
SYN_0196,kurir,16,4,1065000,0,0,1,0,0,1,low_season,synthetic
SYN_0196,kurir,17,1,1349000,0,0,0,0,0,0,normal,synthetic
SYN_0196,kurir,18,2,1429000,0,0,0,0,0,0,normal,synthetic
SYN_0196,kurir,19,3,1450000,0,0,0,0,0,0,normal,synthetic
SYN_0196,kurir,20,4,1966000,0,0,0,0,0,1,normal,synthetic
SYN_0196,kurir,21,1,1266000,0,0,0,0,0,0,normal,synthetic
SYN_0196,kurir,22,2,1542000,0,0,0,0,0,0,normal,synthetic
SYN_0196,kurir,23,3,1468000,0,0,0,0,0,0,normal,synthetic
SYN_0196,kurir,24,4,1732000,0,0,0,0,0,1,normal,synthetic
SYN_0196,kurir,25,1,1583000,0,0,0,0,0,0,normal,synthetic
SYN_0196,kurir,26,2,1277000,0,0,0,0,0,0,normal,synthetic
SYN_0196,kurir,27,3,1629000,0,0,0,0,0,0,normal,synthetic
SYN_0196,kurir,28,4,1857000,0,0,0,0,0,1,normal,synthetic
SYN_0196,kurir,29,1,1261000,0,0,0,0,0,0,normal,synthetic
SYN_0196,kurir,30,2,1673000,0,0,0,0,0,0,normal,synthetic
SYN_0196,kurir,31,3,1225000,0,0,0,0,0,0,normal,synthetic
SYN_0196,kurir,32,4,1675000,0,0,0,0,0,1,normal,synthetic
SYN_0196,kurir,33,1,1177000,0,0,0,0,0,0,normal,synthetic
SYN_0196,kurir,34,2,1516000,0,0,0,0,0,0,normal,synthetic
SYN_0196,kurir,35,3,1320000,0,0,0,0,0,0,normal,synthetic
SYN_0196,kurir,36,4,1823000,0,0,0,0,0,1,normal,synthetic
SYN_0196,kurir,37,1,1295000,0,0,0,0,0,0,normal,synthetic
SYN_0196,kurir,38,2,1401000,0,0,0,0,0,0,normal,synthetic
SYN_0196,kurir,39,3,1513000,0,0,0,0,0,0,normal,synthetic
SYN_0196,kurir,40,4,1714000,0,0,0,0,0,1,normal,synthetic
SYN_0196,kurir,41,1,1191000,0,0,0,0,0,0,normal,synthetic
SYN_0196,kurir,42,2,1824000,0,0,0,0,0,0,normal,synthetic
SYN_0196,kurir,43,3,1400000,0,0,0,0,0,0,normal,synthetic
SYN_0196,kurir,44,4,1413000,0,0,0,0,0,1,normal,synthetic
SYN_0196,kurir,45,1,1219000,0,0,0,0,0,0,normal,synthetic
SYN_0196,kurir,46,2,1300000,0,0,0,0,0,0,normal,synthetic
SYN_0196,kurir,47,3,1569000,0,0,0,0,0,0,normal,synthetic
SYN_0196,kurir,48,4,1805000,0,0,0,0,0,1,normal,synthetic
SYN_0196,kurir,49,1,1772000,0,0,0,1,0,0,high_season,synthetic
SYN_0196,kurir,50,2,1840000,0,0,0,1,0,0,high_season,synthetic
SYN_0196,kurir,51,3,1855000,0,0,0,1,0,0,high_season,synthetic
SYN_0196,kurir,52,4,2208000,0,0,0,1,0,1,high_season,synthetic
SYN_0197,ojek_online,1,1,724000,0,0,0,0,1,0,low_season,synthetic
SYN_0197,ojek_online,2,2,863000,0,0,0,0,1,0,low_season,synthetic
SYN_0197,ojek_online,3,3,770000,0,0,0,0,1,0,low_season,synthetic
SYN_0197,ojek_online,4,4,1058000,0,0,0,0,1,1,low_season,synthetic
SYN_0197,ojek_online,5,1,763000,0,0,0,0,1,0,low_season,synthetic
SYN_0197,ojek_online,6,2,759000,0,0,0,0,1,0,low_season,synthetic
SYN_0197,ojek_online,7,3,1076000,0,0,0,0,0,0,normal,synthetic
SYN_0197,ojek_online,8,4,1051000,0,0,0,0,0,1,normal,synthetic
SYN_0197,ojek_online,9,1,942000,0,0,0,0,0,0,normal,synthetic
SYN_0197,ojek_online,10,2,1273000,1,0,0,0,0,0,high_season,synthetic
SYN_0197,ojek_online,11,3,1336000,1,0,0,0,0,0,high_season,synthetic
SYN_0197,ojek_online,12,4,1632000,1,0,0,0,0,1,high_season,synthetic
SYN_0197,ojek_online,13,1,1294000,1,0,0,0,0,0,high_season,synthetic
SYN_0197,ojek_online,14,2,1220000,0,1,0,0,0,0,high_season,synthetic
SYN_0197,ojek_online,15,3,703000,0,0,1,0,0,0,low_season,synthetic
SYN_0197,ojek_online,16,4,793000,0,0,1,0,0,1,low_season,synthetic
SYN_0197,ojek_online,17,1,887000,0,0,0,0,0,0,normal,synthetic
SYN_0197,ojek_online,18,2,1009000,0,0,0,0,0,0,normal,synthetic
SYN_0197,ojek_online,19,3,997000,0,0,0,0,0,0,normal,synthetic
SYN_0197,ojek_online,20,4,889000,0,0,0,0,0,1,normal,synthetic
SYN_0197,ojek_online,21,1,758000,0,0,0,0,0,0,normal,synthetic
SYN_0197,ojek_online,22,2,991000,0,0,0,0,0,0,normal,synthetic
SYN_0197,ojek_online,23,3,977000,0,0,0,0,0,0,normal,synthetic
SYN_0197,ojek_online,24,4,1045000,0,0,0,0,0,1,normal,synthetic
SYN_0197,ojek_online,25,1,931000,0,0,0,0,0,0,normal,synthetic
SYN_0197,ojek_online,26,2,928000,0,0,0,0,0,0,normal,synthetic
SYN_0197,ojek_online,27,3,1050000,0,0,0,0,0,0,normal,synthetic
SYN_0197,ojek_online,28,4,1302000,0,0,0,0,0,1,normal,synthetic
SYN_0197,ojek_online,29,1,887000,0,0,0,0,0,0,normal,synthetic
SYN_0197,ojek_online,30,2,1015000,0,0,0,0,0,0,normal,synthetic
SYN_0197,ojek_online,31,3,890000,0,0,0,0,0,0,normal,synthetic
SYN_0197,ojek_online,32,4,1261000,0,0,0,0,0,1,normal,synthetic
SYN_0197,ojek_online,33,1,881000,0,0,0,0,0,0,normal,synthetic
SYN_0197,ojek_online,34,2,924000,0,0,0,0,0,0,normal,synthetic
SYN_0197,ojek_online,35,3,825000,0,0,0,0,0,0,normal,synthetic
SYN_0197,ojek_online,36,4,1084000,0,0,0,0,0,1,normal,synthetic
SYN_0197,ojek_online,37,1,753000,0,0,0,0,0,0,normal,synthetic
SYN_0197,ojek_online,38,2,1037000,0,0,0,0,0,0,normal,synthetic
SYN_0197,ojek_online,39,3,1086000,0,0,0,0,0,0,normal,synthetic
SYN_0197,ojek_online,40,4,1264000,0,0,0,0,0,1,normal,synthetic
SYN_0197,ojek_online,41,1,1099000,0,0,0,0,0,0,normal,synthetic
SYN_0197,ojek_online,42,2,906000,0,0,0,0,0,0,normal,synthetic
SYN_0197,ojek_online,43,3,1019000,0,0,0,0,0,0,normal,synthetic
SYN_0197,ojek_online,44,4,995000,0,0,0,0,0,1,normal,synthetic
SYN_0197,ojek_online,45,1,841000,0,0,0,0,0,0,normal,synthetic
SYN_0197,ojek_online,46,2,797000,0,0,0,0,0,0,normal,synthetic
SYN_0197,ojek_online,47,3,1016000,0,0,0,0,0,0,normal,synthetic
SYN_0197,ojek_online,48,4,1101000,0,0,0,0,0,1,normal,synthetic
SYN_0197,ojek_online,49,1,861000,0,0,0,1,0,0,high_season,synthetic
SYN_0197,ojek_online,50,2,1147000,0,0,0,1,0,0,high_season,synthetic
SYN_0197,ojek_online,51,3,1491000,0,0,0,1,0,0,high_season,synthetic
SYN_0197,ojek_online,52,4,1559000,0,0,0,1,0,1,high_season,synthetic
SYN_0198,ojek_online,1,1,873000,0,0,0,0,1,0,low_season,synthetic
SYN_0198,ojek_online,2,2,1091000,0,0,0,0,1,0,low_season,synthetic
SYN_0198,ojek_online,3,3,1298000,0,0,0,0,1,0,low_season,synthetic
SYN_0198,ojek_online,4,4,1325000,0,0,0,0,1,1,low_season,synthetic
SYN_0198,ojek_online,5,1,919000,0,0,0,0,1,0,low_season,synthetic
SYN_0198,ojek_online,6,2,882000,0,0,0,0,1,0,low_season,synthetic
SYN_0198,ojek_online,7,3,1221000,0,0,0,0,0,0,normal,synthetic
SYN_0198,ojek_online,8,4,1542000,0,0,0,0,0,1,normal,synthetic
SYN_0198,ojek_online,9,1,1078000,0,0,0,0,0,0,normal,synthetic
SYN_0198,ojek_online,10,2,1477000,1,0,0,0,0,0,high_season,synthetic
SYN_0198,ojek_online,11,3,1643000,1,0,0,0,0,0,high_season,synthetic
SYN_0198,ojek_online,12,4,2534000,1,0,0,0,0,1,high_season,synthetic
SYN_0198,ojek_online,13,1,1896000,1,0,0,0,0,0,high_season,synthetic
SYN_0198,ojek_online,14,2,1974000,0,1,0,0,0,0,high_season,synthetic
SYN_0198,ojek_online,15,3,943000,0,0,1,0,0,0,low_season,synthetic
SYN_0198,ojek_online,16,4,913000,0,0,1,0,0,1,low_season,synthetic
SYN_0198,ojek_online,17,1,1304000,0,0,0,0,0,0,normal,synthetic
SYN_0198,ojek_online,18,2,1287000,0,0,0,0,0,0,normal,synthetic
SYN_0198,ojek_online,19,3,1385000,0,0,0,0,0,0,normal,synthetic
SYN_0198,ojek_online,20,4,1214000,0,0,0,0,0,1,normal,synthetic
SYN_0198,ojek_online,21,1,1212000,0,0,0,0,0,0,normal,synthetic
SYN_0198,ojek_online,22,2,1251000,0,0,0,0,0,0,normal,synthetic
SYN_0198,ojek_online,23,3,1372000,0,0,0,0,0,0,normal,synthetic
SYN_0198,ojek_online,24,4,1657000,0,0,0,0,0,1,normal,synthetic
SYN_0198,ojek_online,25,1,1135000,0,0,0,0,0,0,normal,synthetic
SYN_0198,ojek_online,26,2,1168000,0,0,0,0,0,0,normal,synthetic
SYN_0198,ojek_online,27,3,1361000,0,0,0,0,0,0,normal,synthetic
SYN_0198,ojek_online,28,4,1492000,0,0,0,0,0,1,normal,synthetic
SYN_0198,ojek_online,29,1,1017000,0,0,0,0,0,0,normal,synthetic
SYN_0198,ojek_online,30,2,1123000,0,0,0,0,0,0,normal,synthetic
SYN_0198,ojek_online,31,3,1045000,0,0,0,0,0,0,normal,synthetic
SYN_0198,ojek_online,32,4,1417000,0,0,0,0,0,1,normal,synthetic
SYN_0198,ojek_online,33,1,1266000,0,0,0,0,0,0,normal,synthetic
SYN_0198,ojek_online,34,2,1277000,0,0,0,0,0,0,normal,synthetic
SYN_0198,ojek_online,35,3,1178000,0,0,0,0,0,0,normal,synthetic
SYN_0198,ojek_online,36,4,1638000,0,0,0,0,0,1,normal,synthetic
SYN_0198,ojek_online,37,1,1022000,0,0,0,0,0,0,normal,synthetic
SYN_0198,ojek_online,38,2,1265000,0,0,0,0,0,0,normal,synthetic
SYN_0198,ojek_online,39,3,1227000,0,0,0,0,0,0,normal,synthetic
SYN_0198,ojek_online,40,4,1634000,0,0,0,0,0,1,normal,synthetic
SYN_0198,ojek_online,41,1,928000,0,0,0,0,0,0,normal,synthetic
SYN_0198,ojek_online,42,2,1133000,0,0,0,0,0,0,normal,synthetic
SYN_0198,ojek_online,43,3,1022000,0,0,0,0,0,0,normal,synthetic
SYN_0198,ojek_online,44,4,1459000,0,0,0,0,0,1,normal,synthetic
SYN_0198,ojek_online,45,1,1280000,0,0,0,0,0,0,normal,synthetic
SYN_0198,ojek_online,46,2,1181000,0,0,0,0,0,0,normal,synthetic
SYN_0198,ojek_online,47,3,1181000,0,0,0,0,0,0,normal,synthetic
SYN_0198,ojek_online,48,4,1649000,0,0,0,0,0,1,normal,synthetic
SYN_0198,ojek_online,49,1,1640000,0,0,0,1,0,0,high_season,synthetic
SYN_0198,ojek_online,50,2,1612000,0,0,0,1,0,0,high_season,synthetic
SYN_0198,ojek_online,51,3,1753000,0,0,0,1,0,0,high_season,synthetic
SYN_0198,ojek_online,52,4,1718000,0,0,0,1,0,1,high_season,synthetic
SYN_0199,freelancer_it,1,1,44211000,0,0,0,0,1,0,low_season,synthetic
SYN_0199,freelancer_it,2,2,46098000,0,0,0,0,1,0,low_season,synthetic
SYN_0199,freelancer_it,3,3,43022000,0,0,0,0,1,0,low_season,synthetic
SYN_0199,freelancer_it,4,4,68555000,0,0,0,0,1,1,low_season,synthetic
SYN_0199,freelancer_it,5,1,44222000,0,0,0,0,1,0,low_season,synthetic
SYN_0199,freelancer_it,6,2,52255000,0,0,0,0,1,0,low_season,synthetic
SYN_0199,freelancer_it,7,3,51822000,0,0,0,0,0,0,normal,synthetic
SYN_0199,freelancer_it,8,4,56011000,0,0,0,0,0,1,normal,synthetic
SYN_0199,freelancer_it,9,1,47991000,0,0,0,0,0,0,normal,synthetic
SYN_0199,freelancer_it,10,2,78436000,1,0,0,0,0,0,high_season,synthetic
SYN_0199,freelancer_it,11,3,84109000,1,0,0,0,0,0,high_season,synthetic
SYN_0199,freelancer_it,12,4,88144000,1,0,0,0,0,1,high_season,synthetic
SYN_0199,freelancer_it,13,1,73976000,1,0,0,0,0,0,high_season,synthetic
SYN_0199,freelancer_it,14,2,115156000,0,1,0,0,0,0,high_season,synthetic
SYN_0199,freelancer_it,15,3,30281000,0,0,1,0,0,0,low_season,synthetic
SYN_0199,freelancer_it,16,4,33388000,0,0,1,0,0,1,low_season,synthetic
SYN_0199,freelancer_it,17,1,59708000,0,0,0,0,0,0,normal,synthetic
SYN_0199,freelancer_it,18,2,44914000,0,0,0,0,0,0,normal,synthetic
SYN_0199,freelancer_it,19,3,53483000,0,0,0,0,0,0,normal,synthetic
SYN_0199,freelancer_it,20,4,73562000,0,0,0,0,0,1,normal,synthetic
SYN_0199,freelancer_it,21,1,50419000,0,0,0,0,0,0,normal,synthetic
SYN_0199,freelancer_it,22,2,55910000,0,0,0,0,0,0,normal,synthetic
SYN_0199,freelancer_it,23,3,57062000,0,0,0,0,0,0,normal,synthetic
SYN_0199,freelancer_it,24,4,91690000,0,0,0,0,0,1,normal,synthetic
SYN_0199,freelancer_it,25,1,63514000,0,0,0,0,0,0,normal,synthetic
SYN_0199,freelancer_it,26,2,51003000,0,0,0,0,0,0,normal,synthetic
SYN_0199,freelancer_it,27,3,64800000,0,0,0,0,0,0,normal,synthetic
SYN_0199,freelancer_it,28,4,72584000,0,0,0,0,0,1,normal,synthetic
SYN_0199,freelancer_it,29,1,50701000,0,0,0,0,0,0,normal,synthetic
SYN_0199,freelancer_it,30,2,49309000,0,0,0,0,0,0,normal,synthetic
SYN_0199,freelancer_it,31,3,60059000,0,0,0,0,0,0,normal,synthetic
SYN_0199,freelancer_it,32,4,64883000,0,0,0,0,0,1,normal,synthetic
SYN_0199,freelancer_it,33,1,48139000,0,0,0,0,0,0,normal,synthetic
SYN_0199,freelancer_it,34,2,50423000,0,0,0,0,0,0,normal,synthetic
SYN_0199,freelancer_it,35,3,64396000,0,0,0,0,0,0,normal,synthetic
SYN_0199,freelancer_it,36,4,60501000,0,0,0,0,0,1,normal,synthetic
SYN_0199,freelancer_it,37,1,45419000,0,0,0,0,0,0,normal,synthetic
SYN_0199,freelancer_it,38,2,62642000,0,0,0,0,0,0,normal,synthetic
SYN_0199,freelancer_it,39,3,55348000,0,0,0,0,0,0,normal,synthetic
SYN_0199,freelancer_it,40,4,66673000,0,0,0,0,0,1,normal,synthetic
SYN_0199,freelancer_it,41,1,58192000,0,0,0,0,0,0,normal,synthetic
SYN_0199,freelancer_it,42,2,66879000,0,0,0,0,0,0,normal,synthetic
SYN_0199,freelancer_it,43,3,39661000,0,0,0,0,0,0,normal,synthetic
SYN_0199,freelancer_it,44,4,66565000,0,0,0,0,0,1,normal,synthetic
SYN_0199,freelancer_it,45,1,40803000,0,0,0,0,0,0,normal,synthetic
SYN_0199,freelancer_it,46,2,53430000,0,0,0,0,0,0,normal,synthetic
SYN_0199,freelancer_it,47,3,56436000,0,0,0,0,0,0,normal,synthetic
SYN_0199,freelancer_it,48,4,64419000,0,0,0,0,0,1,normal,synthetic
SYN_0199,freelancer_it,49,1,56606000,0,0,0,1,0,0,high_season,synthetic
SYN_0199,freelancer_it,50,2,62374000,0,0,0,1,0,0,high_season,synthetic
SYN_0199,freelancer_it,51,3,80920000,0,0,0,1,0,0,high_season,synthetic
SYN_0199,freelancer_it,52,4,107059000,0,0,0,1,0,1,high_season,synthetic
SYN_0200,content_creator,1,1,65000,0,0,0,0,1,0,low_season,synthetic
SYN_0200,content_creator,2,2,79000,0,0,0,0,1,0,low_season,synthetic
SYN_0200,content_creator,3,3,111000,0,0,0,0,1,0,low_season,synthetic
SYN_0200,content_creator,4,4,101000,0,0,0,0,1,1,low_season,synthetic
SYN_0200,content_creator,5,1,74000,0,0,0,0,1,0,low_season,synthetic
SYN_0200,content_creator,6,2,71000,0,0,0,0,1,0,low_season,synthetic
SYN_0200,content_creator,7,3,66000,0,0,0,0,0,0,normal,synthetic
SYN_0200,content_creator,8,4,117000,0,0,0,0,0,1,normal,synthetic
SYN_0200,content_creator,9,1,95000,0,0,0,0,0,0,normal,synthetic
SYN_0200,content_creator,10,2,174000,1,0,0,0,0,0,high_season,synthetic
SYN_0200,content_creator,11,3,86000,1,0,0,0,0,0,high_season,synthetic
SYN_0200,content_creator,12,4,139000,1,0,0,0,0,1,high_season,synthetic
SYN_0200,content_creator,13,1,117000,1,0,0,0,0,0,high_season,synthetic
SYN_0200,content_creator,14,2,175000,0,1,0,0,0,0,high_season,synthetic
SYN_0200,content_creator,15,3,68000,0,0,1,0,0,0,low_season,synthetic
SYN_0200,content_creator,16,4,82000,0,0,1,0,0,1,low_season,synthetic
SYN_0200,content_creator,17,1,97000,0,0,0,0,0,0,normal,synthetic
SYN_0200,content_creator,18,2,84000,0,0,0,0,0,0,normal,synthetic
SYN_0200,content_creator,19,3,117000,0,0,0,0,0,0,normal,synthetic
SYN_0200,content_creator,20,4,129000,0,0,0,0,0,1,normal,synthetic
SYN_0200,content_creator,21,1,85000,0,0,0,0,0,0,normal,synthetic
SYN_0200,content_creator,22,2,129000,0,0,0,0,0,0,normal,synthetic
SYN_0200,content_creator,23,3,128000,0,0,0,0,0,0,normal,synthetic
SYN_0200,content_creator,24,4,140000,0,0,0,0,0,1,normal,synthetic
SYN_0200,content_creator,25,1,41000,0,0,0,0,0,0,normal,synthetic
SYN_0200,content_creator,26,2,128000,0,0,0,0,0,0,normal,synthetic
SYN_0200,content_creator,27,3,114000,0,0,0,0,0,0,normal,synthetic
SYN_0200,content_creator,28,4,163000,0,0,0,0,0,1,normal,synthetic
SYN_0200,content_creator,29,1,110000,0,0,0,0,0,0,normal,synthetic
SYN_0200,content_creator,30,2,128000,0,0,0,0,0,0,normal,synthetic
SYN_0200,content_creator,31,3,116000,0,0,0,0,0,0,normal,synthetic
SYN_0200,content_creator,32,4,149000,0,0,0,0,0,1,normal,synthetic
SYN_0200,content_creator,33,1,122000,0,0,0,0,0,0,normal,synthetic
SYN_0200,content_creator,34,2,104000,0,0,0,0,0,0,normal,synthetic
SYN_0200,content_creator,35,3,72000,0,0,0,0,0,0,normal,synthetic
SYN_0200,content_creator,36,4,113000,0,0,0,0,0,1,normal,synthetic
SYN_0200,content_creator,37,1,96000,0,0,0,0,0,0,normal,synthetic
SYN_0200,content_creator,38,2,101000,0,0,0,0,0,0,normal,synthetic
SYN_0200,content_creator,39,3,78000,0,0,0,0,0,0,normal,synthetic
SYN_0200,content_creator,40,4,85000,0,0,0,0,0,1,normal,synthetic
SYN_0200,content_creator,41,1,78000,0,0,0,0,0,0,normal,synthetic
SYN_0200,content_creator,42,2,115000,0,0,0,0,0,0,normal,synthetic
SYN_0200,content_creator,43,3,128000,0,0,0,0,0,0,normal,synthetic
SYN_0200,content_creator,44,4,140000,0,0,0,0,0,1,normal,synthetic
SYN_0200,content_creator,45,1,107000,0,0,0,0,0,0,normal,synthetic
SYN_0200,content_creator,46,2,99000,0,0,0,0,0,0,normal,synthetic
SYN_0200,content_creator,47,3,69000,0,0,0,0,0,0,normal,synthetic
SYN_0200,content_creator,48,4,110000,0,0,0,0,0,1,normal,synthetic
SYN_0200,content_creator,49,1,112000,0,0,0,1,0,0,high_season,synthetic
SYN_0200,content_creator,50,2,118000,0,0,0,1,0,0,high_season,synthetic
SYN_0200,content_creator,51,3,131000,0,0,0,1,0,0,high_season,synthetic
SYN_0200,content_creator,52,4,168000,0,0,0,1,0,1,high_season,synthetic
